time_Gyr,Sigma_HI,Sigma_H2,Sigma_Phi,Sigma_SFR,recent_SFR_equivalent,tau_dep_Gyr,gamma_loss_HI,gamma_loss_H2,Gamma_SFR,exposure,Sigma_H2_pulse,Sigma_SFR_pulse,tau_dep_pulse_Gyr,Gamma_SFR_pulse,exposure_pulse,f_HII,f_leak,f_unabs,L_Ha_HII,L_Ha_non_HII,L_Ha_total,L_Hb_total,L_NII,L_SII,L_OIII,w_non_HII,NII_Ha,SII_Ha,OIII_Hb
0.0,10.0,163.8201166189988,49.14603498569964,0.0819100583094994,0.0819100583094994,2.0,7.9146034985699645,2.52,2.22,0.0,163.8201166189988,0.0819100583094994,2.0,2.22,0.0,0.8550000000000001,0.0949999999999999,0.05,1.4052763373044845e+40,1.5614181525605366e+39,1.5614181525605382e+40,5.459504029931952e+39,4.028458833606188e+39,3.5131908432612106e+39,3.2211073776598514e+39,0.0999999999999999,0.25799999999999995,0.22499999999999998,0.59
0.001,9.92116634509225,163.4567000023887,48.75859882948495,0.08172835000119434,0.0818828696196137,2.0,7.9146034985699645,2.52,2.2217032716996465,0.0022208524864771504,163.4567000023887,0.08172835000120847,1.999999999999654,2.2217032701685118,0.00222085248630434,0.8531032780734474,0.0957142171029363,0.05118250482361626,1.401693465368991e+40,1.5726348275096433e+39,1.5589569481199553e+40,5.450898419999843e+39,4.027306520317566e+39,3.511072603117321e+39,3.2169865628621236e+39,0.10087737377264863,0.25833340203360644,0.22521934344316213,0.5901754747545298
0.002,9.84295416469911,163.09381262218452,48.37421697409405,0.08154690631109225,0.08181191902079266,2.0,7.9146034985699645,2.52,2.223396369265366,0.004443403152026941,163.09381262218375,0.0815469063173094,1.9999999998475104,2.223396037622992,0.0044434030757868285,0.8512093183053917,0.09643499416509495,0.05235568752951335,1.3973697346119506e+40,1.5831046407252444e+39,1.555680198684475e+40,5.439441254141521e+39,4.024076200581438e+39,3.5071365575502614e+39,3.211188133093202e+39,0.1017628585916283,0.25866988626481874,0.2254407146479071,0.5903525717183257
0.003,9.765358559509842,162.7314561848004,47.992865341357216,0.0813657280924002,0.0817096867839899,2.0,7.9146034985699645,2.52,2.2250793591691593,0.006667641855792896,162.7314561847619,0.08136572829765279,1.9999999949543414,2.2250721698624227,0.006667639333200201,0.8493181296018458,0.0971622487908018,0.053519621607352366,1.3925228300185609e+40,1.593050294600008e+39,1.5518278594785617e+40,5.425971536638328e+39,4.019380402800839e+39,3.501918292607125e+39,3.204205894387344e+39,0.10265637937028001,0.25900942416070644,0.22566409484257,0.590531275874056
0.004,9.688374668836756,162.36963236840276,47.61452004292174,0.08118481618420138,0.08158511565250284,2.0,7.9146034985699645,2.52,2.2267523073841264,0.008893558523141032,162.36963236780701,0.08118481853173615,1.999999942160796,2.226691584894617,0.008893529607207868,0.847429720721394,0.09789589931115736,0.05467437996744865,1.3873083763858487e+40,1.6026320272621702e+39,1.5475715791120657e+40,5.4110894374547753e+39,4.013657644406169e+39,3.495801165039674e+39,3.1963931490878356e+39,0.10355786116088382,0.25935198724113584,0.22588946529022097,0.5907115722321769
0.005,9.61199767031075,162.0083428231703,47.23915737875556,0.08100417141158514,0.08144461361489483,2.0,7.9146034985699645,2.52,2.228415279388936,0.011121143145163269,162.00834281833653,0.0810041864317873,1.999999629090305,2.2281093345184595,0.011120957720134864,0.8455441002765485,0.09863586477811279,0.05582003494533875,1.3818376281138917e+40,1.6119649984828854e+39,1.5430341279621803e+40,5.395224223643987e+39,4.007221780940293e+39,3.4890595055450817e+39,3.188002632545806e+39,0.10446722916049428,0.2596975470809878,0.22611680729012354,0.5908934458320988
0.006,9.536222779579212,161.64758917155172,46.866753835662585,0.08082379458577586,0.08129277243510581,2.0,7.9146034985699645,2.52,2.230068340172248,0.013350385778183824,161.64758914547306,0.08082386114058926,1.999998352767319,2.228956705150935,0.013349562322834694,0.8436612767350952,0.099382064958593,0.05695665830631182,1.376190116858273e+40,1.6211318376288016e+39,1.5383033006211532e+40,5.378682869304732e+39,4.000297359665482e+39,3.481889560649507e+39,3.179215098274942e+39,0.10538440871668174,0.2600460753123391,0.22634610217917045,0.5910768817433363
0.007,9.461045250006336,161.2873730085215,46.49728608580988,0.08064368650426075,0.0811328824774681,2.0,7.9146034985699645,2.52,2.231711554237087,0.015581276543273603,161.2873729023483,0.08064391536531365,1.9999943228416313,2.228488590692773,0.015578438618346397,0.8417812584214278,0.10013442032866722,0.058084321249904966,1.3704226936367596e+40,1.630191699562249e+39,1.5334418635929845e+40,5.3616848377377085e+39,3.9930449457382206e+39,3.474431652076531e+39,3.170159777060301e+39,0.10630932533318033,0.26039754362660855,0.22657733133329508,0.591261865066636
0.008,9.386460372375774,160.92769590183337,46.13073098526631,0.08046384795091668,0.08096730161554301,2.0,7.9146034985699645,2.52,2.2333449856051737,0.017813805625764664,160.9276955500523,0.08046450163747049,1.99998374780354,2.2254244770537306,0.01780568168047493,0.8399040535178716,0.10089285206776505,0.05920309441436339,1.3645759938793086e+40,1.6391868012666886e+39,1.5284946740059775e+40,5.3443869720488723e+39,3.985579267294492e+39,3.466786048328627e+39,3.1609290217088844e+39,0.10724190467544137,0.2607519237766677,0.22681047616886035,0.5914483809350882
0.009000000000000001,9.31246347459566,160.56855939227174,45.76706557255283,0.08028427969613587,0.08079771956134955,2.0,7.9146034985699645,2.52,2.2349686978212024,0.020047963274771766,160.5685583963774,0.0802859000549587,1.9999596228785155,2.2178144761129954,0.02002778071253776,0.8380296700659947,0.10165728205294018,0.060313047881065104,1.358679059547029e+40,1.6481471397655758e+39,1.5234937735235866e+40,5.326901306026527e+39,3.977982214862809e+39,3.459024331988567e+39,3.1515887891739715e+39,0.10818207257609506,0.2611091875789161,0.22704551814402374,0.591636414515219
0.01,9.239049921405929,160.2099649939011,45.40626706720413,0.08010498249695056,0.08062534726139992,2.0,7.9146034985699645,2.52,2.2365827539570797,0.022283739802718548,160.20996250342242,0.08010857416629485,1.9999102988757185,2.2029582837178547,0.022238903779853696,0.8361581159679107,0.10242763285317824,0.061414251178911076,1.352752643659328e+40,1.6570938974324497e+39,1.518462033402573e+40,5.309307809099906e+39,3.970312154509992e+39,3.4511975411632584e+39,3.1421861433150897e+39,0.10912975504031734,0.2614693069153206,0.2272824387600793,0.5918259510080635
0.011,9.16621511408797,159.85191419431337,45.04831286834162,0.07992595709715668,0.08045105261211158,2.0,7.9146034985699645,2.52,2.2381872166161134,0.024521125584865498,159.8519085607264,0.07993322981971214,1.999817959580381,2.1773964659510687,0.024430136475002664,0.8342893989875687,0.10320382772375084,0.06250677328868046,1.3468115729925968e+40,1.6660419001386945e+39,1.5134157630064664e+40,5.291663507015617e+39,3.96261060066693e+39,3.443342001047606e+39,3.132754625582027e+39,0.11008487825110462,0.26183225373541974,0.22752121956277616,0.5920169756502209
0.012,9.093954490176548,159.49440845487314,44.6931805532577,0.07974720422743657,0.08027545769675924,2.0,7.9146034985699645,2.52,2.2397821479371607,0.02676011105884337,159.49439672405765,0.07976087079093895,1.9996571645024799,2.1369829122124346,0.0265887521663954,0.8324235267520343,0.10398579060061386,0.06359068264735179,1.340866437168971e+40,1.6750013914536806e+39,1.5083665763143391e+40,5.2740090080920944e+39,3.9549069966439445e+39,3.435483500492098e+39,3.123318099049814e+39,0.11104736857445556,0.2621980000582931,0.22776184214361386,0.5922094737148911
0.013000000000000001,9.022263523174011,159.137449210961,44.34084787601117,0.07956872460548049,0.08009900845681103,2.0,7.9146034985699645,2.52,2.2413676095987274,0.02900068672419188,159.13742642377122,0.07959284488079497,1.9993936221542148,2.0770368688559895,0.028697595022131175,0.8305605067527585,0.10477344609485166,0.06466604715238984,1.3349247962374735e+40,1.6839793132723892e+39,1.5033227275647125e+40,5.2563731733031905e+39,3.9472221396858754e+39,3.4276402834475224e+39,3.113893499920748e+39,0.11201715256446158,0.26256651797449543,0.2280042881411154,0.5924034305128923
0.014,8.951137722266743,158.78103787221468,43.991292766033716,0.07939051893610734,0.07992202463434155,2.0,7.9146034985699645,2.52,2.242943662823029,0.031242843141900303,158.78099615025582,0.07943087484086023,1.9989833483311568,1.9925641469373605,0.030734650830251183,0.828700346346837,0.10556671948716416,0.06573293416599886,1.328992044378464e+40,1.6929802306472708e+39,1.4982900674431911e+40,5.238776459591577e+39,3.9395706360209835e+39,3.4198251925482e+39,3.1044928078865883e+39,0.11299415696830423,0.2629377796479556,0.22824853924207608,0.5925988313936608
0.015,8.880572632043851,158.42517582276838,43.64449332674739,0.07921258791138419,0.07974473552560682,2.0,7.9146034985699645,2.52,2.244510368380005,0.033486570933953706,158.4251032269994,0.07927706975410903,1.9983723379078102,1.8785306195705354,0.032672866781487224,0.8268430527582589,0.10636553672239889,0.06679141051934225,1.3230720268785e+40,1.7020069986905765e+39,1.4932727267475578e+40,5.221233310306146e+39,3.9319626583470465e+39,3.41204720316776e+39,3.0951244553144036e+39,0.11397830873116227,0.2633117573178417,0.22849457718279056,0.5927956617462324
0.016,8.810563832218076,158.06986442148997,43.300427834192945,0.07903493221074498,0.07956730562351964,2.0,7.9146034985699645,2.52,2.246067786591293,0.03573186078288305,158.06974358392188,0.07913391414114285,1.9974968418975143,1.730167162783425,0.03448026230945283,0.8249886330791448,0.1071698244041263,0.06784154251672887,1.3171674816343959e+40,1.7110612444528224e+39,1.4882736060796782e+40,5.203753867411462e+39,3.9244052062673645e+39,3.404312523272562e+39,3.0857943369037515e+39,0.11496953500102701,0.2636884233003903,0.22874238375025674,0.5929939070002054
0.017,8.741106937348897,157.71510500221635,42.95907473566908,0.07885755250110818,0.07938985298510552,2.0,7.9146034985699645,2.52,2.24761597733416,0.03797870343131806,157.71491154469325,0.07900423385726085,1.996284298252182,1.5432835572626167,0.03612035123919192,0.8231370942709751,0.1079795097892583,0.06888339593976656,1.3112803547022752e+40,1.7201437146073362e+39,1.4832947261630087e+40,5.186345196374157e+39,3.916903009109407e+39,3.396625380977852e+39,3.0765065321855304e+39,0.11596776313342724,0.26406774999070237,0.22899194078335683,0.5931935526266854
0.018000000000000002,8.672197596567827,157.36089887398683,42.62041264838228,0.07868044943699341,0.07921246238905796,2.0,7.9146034985699645,2.52,2.2491550000453904,0.040227089681545834,157.36059964175664,0.07889113959550985,1.994654918772563,1.3145691808811548,0.03755287302394296,0.8212884431658085,0.10879452078270888,0.06991703605148261,1.30541202584434e+40,1.7292545263180774e+39,1.478337478476148e+40,5.1690121625040134e+39,3.909459172648395e+39,3.388988588531815e+39,3.0672638225796003e+39,0.1169729206960627,0.26444970986450383,0.22924323017401568,0.5933945841392124
0.019,8.603831493305861,157.00724732127455,42.284420358107425,0.07850362366063728,0.07903519476513012,2.0,7.9146034985699645,2.52,2.2506849137251397,0.04247701039507008,157.00679847177662,0.07879795036360827,1.992523888594544,1.0418601591262968,0.0387348094885939,0.8194426864674891,0.10961478593209883,0.07094252760041209,1.2995634698100937e+40,1.7383933483194334e+39,1.473402804642037e+40,5.151758058188941e+39,3.902075642573866e+39,3.381403946363933e+39,3.0580680615816425e+39,0.11798493547334979,0.26483427547987287,0.22949623386833745,0.5935969870946699
0.02,8.536004345023091,156.65415160421603,41.9510768178589,0.07832707580210801,0.07885809395144257,2.0,7.9146034985699645,2.52,2.252205776940738,0.04472845649217948,156.65349660239457,0.07872810055397075,1.9898040915518256,0.7243556129690913,0.03962164457153533,0.8175998307528447,0.11044023442250167,0.07195993482465363,1.2937353716588265e+40,1.7475595316001842e+39,1.4684913248188448e+40,5.1345850518141434e+39,3.894753536609529e+39,3.3738725325377357e+39,3.048920439785823e+39,0.11900373547087625,0.265221419478933,0.22975093386771905,0.5938007470941753
0.021,8.46871190294043,156.30161295883866,41.62036114657214,0.07815080647941933,0.07868119153620017,2.0,7.9146034985699645,2.52,2.253717647830463,0.0469814189515142,156.30068053869326,0.07868503511824906,1.9864092365695996,0.3627694296772248,0.04016880903290271,0.8157598824728745,0.11127079607123201,0.07296932145589353,1.2879282092083128e+40,1.7567522036850166e+39,1.4636034295768146e+40,5.117494509009841e+39,3.887493382469298e+39,3.3663949100748833e+39,3.0398216745891065e+39,0.12002924891976803,0.2656111145895118,0.230007312229942,0.5940058497839535
0.022,8.401949951773474,155.94963259728655,41.292252627795655,0.07797481629864328,0.07850451032738424,2.0,7.9146034985699645,2.52,2.2552205841072683,0.04923588880964076,155.94833475487707,0.07867209787384419,1.9822572293032066,-0.04059167688738352,0.0403332406565354,0.8139228479539273,0.11210640132267477,0.0739707507233979,1.2821423119897685e+40,1.7659703366484604e+39,1.4587393456546145e+40,5.1004872225685827e+39,3.880295288366567e+39,3.358971275471344e+39,3.030772146000348e+39,0.12106140428096665,0.2660033336267673,0.23026535107024165,0.5942122808561933
0.023,8.335714309468443,155.59821170804452,40.96673070839332,0.07779910585402226,0.07832806683644199,2.0,7.9146034985699645,2.52,2.2567146430624736,0.05149185716062625,155.59644179358494,0.07869241812540109,1.9772736116157046,-0.4818283754305286,0.04007498355783923,0.8120887333988708,0.11294698124315586,0.07496428535797336,1.2763779033587343e+40,1.7752127961000725e+39,1.4538991829687414e+40,5.083563576813782e+39,3.873159065049259e+39,3.351601564962501e+39,3.0217719937558884e+39,0.12210013024941904,0.26639804949477924,0.2305250325623548,0.5944200260498838
0.024,8.27000082694022,155.24735145615975,40.643774997256905,0.07762367572807988,0.07815187306180522,2.0,7.9146034985699645,2.52,2.2581998815694173,0.05374931515562077,155.24498243217639,0.07874880061892486,1.971394881090646,-0.9555269635106178,0.039358748046150874,0.8102575448882487,0.11379246751585455,0.0759499875958967,1.2706351306669412e+40,1.7844783765742443e+39,1.4490829683243657e+40,5.06672366546981e+39,3.8660843134118173e+39,3.344285530792293e+39,3.012821186980326e+39,0.12314535575818064,0.26679523518810866,0.23078633893954517,0.5946290711516361
0.025,8.204805387812439,154.89705298346234,40.3233652640287,0.07744852649173117,0.07797593776403675,2.0,7.9146034985699645,2.52,2.2596763560870725,0.05600825400243998,154.89393591244277,0.0788436234148549,1.9645715050084729,-1.4549107464706164,0.0381553550790767,0.8084292883814314,0.11464279243575522,0.07692791918281343,1.264914086789304e+40,1.7937658269554078e+39,1.4442906694848446e+40,5.0499673758211354e+39,3.859070487109713e+39,3.337022795708541e+39,3.003919573935208e+39,0.12419700998243072,0.2671948637933237,0.23104925249560768,0.5948394019964861
0.026000000000000002,8.140123908159634,154.54731740878344,40.00548143783435,0.07727365870439172,0.0778002673803389,2.0,7.9146034985699645,2.52,2.2611441226636217,0.05826866496515253,154.54328022763633,0.07897874763214502,1.9567704586484973,-1.972055354148857,0.03644299643928438,0.8066039697177539,0.11549788890464055,0.0778981413776055,1.2592148255296887e+40,1.803073868790844e+39,1.4395222124087732e+40,5.033294448981725e+39,3.8521169374398215e+39,3.329812892015257e+39,2.9950669176532085e+39,0.12525502234340202,0.2675969084904928,0.2313137555858505,0.5950510044686804
0.027,8.075952336251415,154.19814582817182,39.69010360602548,0.07709907291408591,0.0776248666798634,2.0,7.9146034985699645,2.52,2.2626032369399987,0.060530539363671663,154.19299245858102,0.0791554422428418,1.9479771458484276,-2.4981551690396775,0.03420825284117921,0.804781594617648,0.11635769042612325,0.07886071495622878,1.2535373726374326e+40,1.8124012094513643e+39,1.434777493582569e+40,5.0167045230159753e+39,3.84522294547317e+39,3.3226552895279794e+39,2.986262921437383e+39,0.12631932251222364,0.268001342554645,0.23157983062805593,0.5952638645024447
0.028,8.012286652298666,153.84953931510864,39.37721201293245,0.07692476965755432,0.07744973923330387,2.0,7.9146034985699645,2.52,2.26405375415339,0.06279386857334927,153.84304914899465,0.07937432624757255,1.938196598597264,-3.0238253298076736,0.031446826442765016,0.8029621686837608,0.11722213110071918,0.07981570021552002,1.247881733685919e+40,1.8217465515730206e+39,1.4300563888432211e+40,5.000197163787487e+39,3.8383877450528336e+39,3.3155494155796974e+39,2.977507247105232e+39,0.12738984041368043,0.2684081393571985,0.2318474601034201,0.595477968082736
0.029,7.949122868201738,153.50149892072045,39.06678705862677,0.07675074946036023,0.07727488774986033,2.0,7.9146034985699645,2.52,2.265495729140705,0.06505864402457391,153.49342670903644,0.07963532969214658,1.9274538989467327,-3.5394221959266217,0.028163960664094417,0.8011456974020683,0.11809114562095775,0.08076315697697393,1.2422478997148557e+40,1.8311085998247938e+39,1.425358759697335e+40,4.9837718870536193e+39,3.831610539267559e+39,3.308494669350869e+39,2.9687995280558633e+39,0.12846650622988537,0.2688172723673564,0.23211662655747137,0.5956933012459771
0.03,7.886457027300626,153.15402567399022,38.75880929769333,0.07657701283699511,0.07710031431850292,2.0,7.9146034985699645,2.52,2.2669292163420054,0.06732485720237312,153.1441018355007,0.07993767414109672,1.915793816632549,-4.035364832152154,0.024374537597713467,0.7993321861429763,0.1189646692665331,0.0817031445904906,1.236635851262896e+40,1.8404860657307932e+39,1.4206844578359755e+40,4.967428174251663e+39,3.824890512216847e+39,3.3014904321046495e+39,2.9601393786053214e+39,0.12954925040387016,0.26922871515347063,0.23238731260096757,0.595909850080774
0.031,7.824285204127124,152.8071205819671,38.45325943801237,0.07640356029098355,0.07692602058032644,2.0,7.9146034985699645,2.52,2.2683542698039014,0.06959249964601573,152.7950519369705,0.08027987244288622,1.9032797049556105,-4.502440997657767,0.020102860375924802,0.7975216401624139,0.11984263789949295,0.08263572193809315,1.2310455612441148e+40,1.8498776710800216e+39,1.4160333283521169e+40,4.951165483748661e+39,3.8182268373850654e+39,3.2945360744742393e+39,2.9515264006374375e+39,0.13063800364309103,0.2696424413843746,0.23265950091077278,0.5961276007286181
0.032,7.7626035041589265,152.46078462997366,38.15011833955092,0.07623039231498684,0.07675200785234751,2.0,7.9146034985699645,2.52,2.2697709431829156,0.07186156294862399,152.44625555258312,0.08065974693141914,1.8899917412609835,-4.932083180278513,0.015382143432844535,0.7957140646029173,0.12072498795946662,0.0835609474376161,1.225476997011073e+40,1.8592821503361762e+39,1.4114052120446905e+40,4.9349832588975196e+39,3.811618683626066e+39,3.2876309616734254e+39,2.9429601883643255e+39,0.13173269692285253,0.270058424830684,0.23293317423071316,0.5963465393845705
0.033,7.701408063575671,152.11501878181232,37.84936701316392,0.07605750939090616,0.07657827721625374,2.0,7.9146034985699645,2.52,2.271179289748808,0.07413203875678173,152.0976927537761,0.08107446462786923,1.8760246330568149,-5.316603164715689,0.010253746646660839,0.7939094644947055,0.1216116564589296,0.08447887904636495,1.2199301218322156e+40,1.8686982523200407e+39,1.4067999470642198e+40,4.918880933790978e+39,3.8050652194228987e+39,3.28077445720845e+39,2.934440331723797e+39,0.13283326148964772,0.27047663936606614,0.23320831537241196,0.5965666522979294
0.034,7.6406950490169026,151.76982397996937,37.550986619404675,0.07588491198998469,0.07640482958202464,2.0,7.9146034985699645,2.52,2.2725793623878707,0.07640391877015028,151.7493455194116,0.08152058754571584,1.8614849339047301,-5.649377146821751,0.0047661991303359335,0.7921078447567453,0.12250258097850819,0.08538957426474647,1.214404895950286e+40,1.8781247413669157e+39,1.4022173700869776e+40,4.9028579373670546e+39,3.7985656159107784e+39,3.2739659255156844e+39,2.925966418800404e+39,0.1339396288644191,0.27089705896847927,0.2334849072161048,0.5967879257728839
0.035,7.580460657341947,151.4252011458176,37.2549584673447,0.0757126005729088,0.07623166573354634,2.0,7.9146034985699645,2.52,2.273971213606186,0.07867719474108796,151.4011980759427,0.08199413586300867,1.8464881236006383,-5.924977149173964,-0.0010259354412295325,0.7903092101978098,0.12339769966231943,0.08629309013987081,1.208901277341163e+40,1.8875603981054628e+39,1.3976573171517093e+40,4.8869136963346476e+39,3.7921190490138364e+39,3.2672047338297846e+39,2.917538037547495e+39,0.1350517308457361,0.2713196577213797,0.23376293271143406,0.5970103461691473
0.036000000000000004,7.520701115391679,151.08115117981706,36.961264013402975,0.07554057558990852,0.07605878636132282,2.0,7.9146034985699645,2.52,2.275354895532854,0.08095185847426976,151.0532371957154,0.08249066150604292,1.8311556052275066,-6.139248111383189,-0.007063297667542502,0.7885135655175254,0.1242969512133498,0.08718948326912482,1.2034192222584787e+40,1.8970040199637492e+39,1.3931196242548537e+40,4.871047637254733e+39,3.785724700946903e+39,3.260490253500645e+39,2.909154777008886e+39,0.1361694995128944,0.2717444098148999,0.23404237487822363,0.5972338999025788
0.037,7.461412679752168,150.73767496171456,36.6698848601843,0.07536883748085728,0.075886192085941,2.0,7.9146034985699645,2.52,2.276730459923188,0.08322790182631272,150.70545244802543,0.08300532957990761,1.8156117590370413,-6.289333229448019,-0.013283022141186642,0.7867209153074134,0.12520027488886912,0.08807880980371749,1.1979586856250558e+40,1.9064544214787827e+39,1.3886041277729342e+40,4.855259188017253e+39,3.7793817612623926e+39,3.253821860915564e+39,2.900816228182336e+39,0.13729286722893336,0.27217128954699465,0.23432321680723334,0.5974585734457866
0.038,7.402591636520178,150.39477335074102,36.380802755326826,0.07519738667537051,0.07571388347504521,2.0,7.9146034985699645,2.52,2.2780979581618714,0.08550531670540291,150.35783639910417,0.08353300507245574,1.7999811723364338,-6.373652690879267,-0.01962002868684681,0.7849312640519193,0.1261076104958834,0.08896112545219734,1.192519621316935e+40,1.9159104344681464e+39,1.3841106647637494e+40,4.839547778894229e+39,3.7730894275781444e+39,3.2471989381445356e+39,2.8925219846318186e+39,0.1384217666435775,0.27260027132455944,0.2346054416608944,0.5976843533287155
0.039,7.344234301070535,150.0524471858073,36.093999590358784,0.07502622359290365,0.0755418610562817,2.0,7.9146034985699645,2.52,2.2794574412660915,0.08778409507092899,150.01038475874222,0.08406834233556168,1.7843861386010278,-6.391842780110737,-0.026008271883707097,0.7831446161294359,0.12701889838662214,0.08983648548394199,1.1871019823803142e+40,1.9253709081184773e+39,1.379639073192162e+40,4.823912843329238e+39,3.766846906107778e+39,3.2406208734139437e+39,2.884271642943713e+39,0.13955613069609718,0.27303132966451693,0.2348890326740243,0.5979112261392194
0.04,7.286337017825309,149.71069728569876,35.8094573995641,0.07485534864284937,0.07537012532546139,2.0,7.9146034985699645,2.52,2.2808089598886343,0.09006422893311196,149.66309647271513,0.08460587499627446,1.7689444909033254,-6.344663388504605,-0.032381913201396946,0.7813609758133178,0.12793407945406185,0.09070494473262039,1.1817057211706486e+40,1.934834708966642e+39,1.3751891920673128e+40,4.808353818417178e+39,3.7606534119554123e+39,3.2340870613762866e+39,2.876064802998955e+39,0.14069589261809262,0.27346443919487523,0.2351739731545232,0.5981391785236184
0.041,7.228896160024828,149.36952444926763,35.527158358857,0.07468476222463381,0.07519867675240248,2.0,7.9146034985699645,2.52,2.282152564320953,0.09234571035264652,149.31597376152888,0.08514010415547343,1.7537678071060916,-6.233882310010863,-0.03867638834281294,0.7795803472728863,0.12885309512748613,0.09156655759962759,1.1763307894536277e+40,1.9443007208313045e+39,1.3707608615367582e+40,4.7928701452334205e+39,3.7545081692967637e+39,3.2275969032813424e+39,2.8679010681558677e+39,0.14184098593620126,0.2738995746557565,0.2354602464840503,0.5983681971872401
0.042,7.171908129500492,149.02892945562428,35.24708478466549,0.07451446472781215,0.07502751578543064,2.0,7.9146034985699645,2.52,2.2834883044962027,0.09462853144033866,148.9690221072114,0.085665582978032,1.7389599992030973,-6.062144448533062,-0.044829350685176905,0.7778027345744267,0.12977588736808066,0.09242137805749262,1.170977138483879e+40,1.9537678447174452e+39,1.3663539229556237e+40,4.7774612690756075e+39,3.748410411495001e+39,3.2211498070906085e+39,2.859780045381309e+39,0.14299134447472872,0.2743367109003969,0.23574783611868216,0.5985982688949457
0.043000000000000003,7.11536935644938,148.68891306432667,34.96921913282363,0.07434445653216333,0.0748566428546282,2.0,7.9146034985699645,2.52,2.2848162299922454,0.09691268435674988,148.62225019092858,0.08617699605232003,1.7246162781155265,-5.832833349397635,-0.05078147951177874,0.7760281416821778,0.13070239866456285,0.09326945965325932,1.165644719063169e+40,1.9632349986945786e+39,1.3619682189326269e+40,4.76212663962457e+39,3.742359381155719e+39,3.2147451875388986e+39,2.851701345333877e+39,0.14414690235820363,0.27477582289611735,0.2360367255895509,0.5988293804716406
0.044,7.059276299210628,148.3494760155681,34.69354399747258,0.07417473800778404,0.07468605837418632,2.0,7.9146034985699645,2.52,2.286136390034625,0.09919816131184275,148.27566978508312,0.08666923218540425,1.710822468899798,-5.549931447234901,-0.05647714864852594,0.7742565724593115,0.13163257202884796,0.09411085551184059,1.1603334815839077e+40,1.9727011177564694e+39,1.3576035933595545e+40,4.7468657110473944e+39,3.7363543301384785e+39,3.2083824661582266e+39,2.8436645824128513e+39,0.14530759401385948,0.2752168857252666,0.2363268985034649,0.5990615188027718
0.045,7.0036254440435854,148.01061903036367,34.420042109970225,0.07400530951518183,0.07451576274411394,2.0,7.9146034985699645,2.52,2.2874488334995133,0.10148495456463041,147.92929560425847,0.08713744959234035,1.6976546398399743,-5.21788423923992,-0.061864956928196664,0.7724880306689061,0.13256635099174763,0.09494561833934623,1.1550433760621339e+40,1.9821651536679184e+39,1.3532598914289256e+40,4.7316779420591813e+39,3.7303945195374455e+39,3.2020610712748313e+39,2.8356693747826785e+39,0.14647335417403992,0.27565987458613517,0.23661833854351003,0.5992946708348079
0.046,6.948413304907698,147.67234281073502,34.148696337809454,0.07383617140536751,0.0743457563514857,2.0,7.9146034985699645,2.52,2.288753608916625,0.10377305642282932,147.58314511989744,0.0875771327239582,1.6851790019784876,-4.841472368103117,-0.06689812650097696,0.7707225199749103,0.1335036795987052,0.09577380042638453,1.1497743521629435e+40,1.9916260748027372e+39,1.3489369596432172e+40,4.716562795955305e+39,3.724479219640118e+39,3.195780437987119e+39,2.8277153443800296e+39,0.1476441178785335,0.2761047647938427,0.23691102946963338,0.5995288235757066
0.047,6.893636423244147,147.3346480398935,33.87948968354502,0.07366732401994674,0.07417603957165468,2.0,7.9146034985699645,2.52,2.2900507644721046,0.10606245924251356,147.2372383439659,0.08798414024971522,1.6734520326740645,-4.4256944271521945,-0.07153477840073989,0.768960043943099,0.13444450240556316,0.0965954536513378,1.1445263592250644e+40,2.0010828659837494e+39,1.3446346458234394e+40,4.701519740641397e+39,3.7186077098853914e+39,3.189540008142817e+39,2.819802116919704e+39,0.14881982047683356,0.27655153178119674,0.23720495511920844,0.5997639640953666
0.048,6.839291367759194,146.99753538242197,33.61240528372869,0.07349876769121098,0.07400661276985865,2.0,7.9146034985699645,2.52,2.2913403480113854,0.10835315542777191,146.89159758705284,0.08835474396440647,1.6625207769967374,-3.975662246638933,-0.07573809705041226,0.7672006060420231,0.1353887644743648,0.0974106294836121,1.139299346291178e+40,2.0105345283364542e+39,1.3403527991248233e+40,4.686548248688194e+39,3.712779278842464e+39,3.18333923033376e+39,2.811929321915659e+39,0.15000039763032708,0.2770001510995243,0.2375000994075818,0.6000000795260654
0.049,6.785374734209245,146.66100548445488,33.347426407853,0.07333050274222744,0.07383747630085194,2.0,7.9146034985699645,2.52,2.2926224070420163,0.11064513743037074,146.54624719641404,0.0886856586152702,1.6524232833647943,-3.4965095229901912,-0.0794763966861602,0.7654442096439479,0.13633641136919078,0.09821937898686134,1.1340932621075251e+40,2.019980079092124e+39,1.3360912700167375e+40,4.6716477972613205e+39,3.7069932240918295e+39,3.177177559806506e+39,2.8040965926272127e+39,0.1511857853144134,0.27745059841947706,0.23779644632860336,0.6002371570628826
0.05,6.731883145187604,146.3250589738571,33.08453645730317,0.07316252948692854,0.07366863050900059,2.0,7.9146034985699645,2.52,2.2938969887364666,0.11293839774941443,146.20121327939688,0.08897406284628054,1.643189134028723,-2.9933139280933654,-0.08272310316503158,0.7636908580257877,0.13728738915202632,0.09902175282218595,1.128908055130646e+40,2.029418551404798e+39,1.3318499102711258e+40,4.656817868080859e+39,3.7012488521303e+39,3.1710544583934514e+39,2.796303566023208e+39,0.15237591982055002,0.277902849531809,0.2380939799551375,0.6004751839641099
0.051000000000000004,6.678813249912902,145.9896964604009,32.82371896431738,0.07299484823020044,0.07350007572858212,2.0,7.9146034985699645,2.52,2.295164139934898,0.11523292893101522,145.85652341749957,0.08921761162746832,1.6348400361413988,-2.4710322820241646,-0.08545666446708443,0.761940554370029,0.13824164437866446,0.09981780125130649,1.1237436735371738e+40,2.038848994175688e+39,1.3276285729547426e+40,4.642057947394205e+39,3.6955454782871955e+39,3.164969394453407e+39,2.7885498827542554e+39,0.15357073775823218,0.2783568803481282,0.23839268443955805,0.6007141475516464
0.052000000000000005,6.626161724019207,145.65491853594182,32.56495759095518,0.0728274592679709,0.07333181228402229,2.0,7.9146034985699645,2.52,2.296423907147911,0.11752872356795943,145.51220637604214,0.08941444067839793,1.6273904446756455,-1.9344479769452927,-0.08766040257619276,0.7601933017656483,0.13919912409463986,0.1006075741397119,1.118600065232562e+40,2.0482704718777073e+39,1.323427112420333e+40,4.6273675259452197e+39,3.689882426638261e+39,3.158921842810093e+39,2.7808351871228803e+39,0.15477017605690077,0.27881266690162226,0.2386925440142252,0.6009540352113801
0.053,6.5739252693477805,145.32072577459292,32.30823612807409,0.07266036288729646,0.07316384049008642,2.0,7.9146034985699645,2.52,2.297676336559264,0.11982577429938039,145.16829181407684,0.08956316350686039,1.620848193944793,-1.3881295820197765,-0.08932231847198399,0.7584491032090214,0.14015977583119532,0.10139112095978331,1.1134771778590216e+40,2.0576820643805616e+39,1.3192453842970778e+40,4.612746098940832e+39,3.6842590299181847e+39,3.1529112846892956e+39,2.773159127052257e+39,0.15597417196778285,0.2792701853477575,0.2389935429919457,0.6011948343935565
0.054,6.522100613740469,144.98711873289733,32.05353849431422,0.07249355936644866,0.07299616065203819,2.0,7.9146034985699645,2.52,2.298921474028566,0.12212407381043412,144.82480999875432,0.08966286176761208,1.6152151196569078,-0.8363994156450287,-0.0904348608148996,0.7567079616048245,0.14112354760128257,0.10216849079389298,1.1083749588028755e+40,2.0670828667767245e+39,1.315083245480548e+40,4.5981931660159026e+39,3.678674629432361e+39,3.1469372076552776e+39,2.76552135405401e+39,0.15718266306566672,0.2797294119649534,0.2392956657664167,0.6014365326131332
0.055,6.4706845108347455,144.65409794999997,31.800848735090916,0.07232704897499999,0.07282877306586477,2.0,7.9146034985699645,2.52,2.3001593650939434,0.12442361483197323,144.4817915279144,0.08971306970340692,1.6104876581034835,-0.28331081825630244,-0.09099466765960049,0.75496987976693,0.1420903878955912,0.10293973233747883,1.1032933552028452e+40,2.076471989210972e+39,1.3109405541239424e+40,4.5837082312025956e+39,3.6731285749728425e+39,3.140999105550628e+39,2.757921523198834e+39,0.1583955872506064,0.2801903231552304,0.23959889681265162,0.6016791174501213
0.056,6.419673739860339,144.32166394781711,31.550151021595347,0.07216083197390856,0.07266167801946545,2.0,7.9146034985699645,2.52,2.3013900549746777,0.12672439014023057,144.13926706419105,0.08971375346388628,1.6066574131491824,0.26736712600587076,-0.09100228926786726,0.7532348604192916,0.14306024567861353,0.10370489390209493,1.0982323139727999e+40,2.085848556739436e+39,1.3068171696467435e+40,4.5692908029606414e+39,3.6676202247838215e+39,3.135096478478346e+39,2.7503592931238894e+39,0.15961288274956462,0.28065289544483457,0.23990322068739114,0.6019225765499129
0.057,6.369065105437488,143.989817231205,31.301429649802955,0.0719949086156025,0.07249487579241413,2.0,7.9146034985699645,2.52,2.3026135885738217,0.1290263925564991,143.79726708343506,0.08966528610968347,1.6037116851167394,0.8121586070776279,-0.09046189886888309,0.7515029061968242,0.14403307038473806,0.10446402341843769,1.0931917818027136e+40,2.0952117091503118e+39,1.302712952717745e+40,4.554940394117989e+39,3.6621489454561567e+39,3.129228832723068e+39,2.742834325986436e+39,0.16083448811798798,0.2811171054848354,0.240208622029497,0.6021668976235975
0.058,6.318855437376784,143.65855828812698,31.05466903948978,0.0718292791440635,0.07232836665529967,2.0,7.9146034985699645,2.52,2.303830010480786,0.1313296149468177,143.45582163976772,0.08956841910210009,1.6016339584629795,1.3478849393943713,-0.08938099707197925,0.7497740196462768,0.14500881191437498,0.10521716843934825,1.088171705153274e+40,2.1045606007735373e+39,1.2986277652306277e+40,4.540656521785412e+39,3.6567141118013256e+39,3.12339568065464e+39,2.735346287401848e+39,0.16206034224131818,0.28158293005170093,0.24051508556032958,0.6024120684482636
0.059000000000000004,6.269041590480571,143.3278875898191,30.809853733256425,0.07166394379490956,0.07216215086980196,2.0,7.9146034985699645,2.52,2.305039364973904,0.13363405022165906,143.11496014909991,0.08942425105573779,1.6004043473609515,1.8716642246769124,-0.08777011459940848,0.7480482032270956,0.1459874206301129,0.10596437614279144,1.0831720302616301e+40,2.1138944003127613e+39,1.2945614702929063e+40,4.5264387073178543e+39,3.651315106763243e+39,3.117596540664003e+39,2.727894846409831e+39,0.16329038433644047,0.28205034604784734,0.2408225960841101,0.602658076867288
0.06,6.219620444345944,142.99780559095433,30.56696839555985,0.07149890279547716,0.0719962286887761,2.0,7.9146034985699645,2.52,2.3062416960229672,0.13593969133562095,142.7747111924924,0.08923419449530774,1.6,2.380907685329871,-0.08564251708743566,0.7463254593122823,0.1469688473529068,0.10670569333481086,1.0781927031471989e+40,2.1232122906791317e+39,1.290513932215112e+40,4.512286476276616e+39,3.6459513213313165e+39,3.111830937100007e+39,2.7204796754412463e+39,0.16452455395306959,0.28251933050216643,0.2411311384882674,0.6029049107906138
0.061,6.170588903169268,142.66831272980565,30.325997811752682,0.07133415636490283,0.0718306003563329,2.0,7.9146034985699645,2.52,2.307437047291742,0.13824653128711512,142.43510234029839,0.08899994131117646,1.6003954636587119,2.873313404872162,-0.0830139149069015,0.7446057901892447,0.14795304335829434,0.107441166452461,1.073233669617362e+40,2.1325134688265346e+39,1.2864850165000153e+40,4.498199358391663e+39,3.640622154454117e+39,3.1060984002066644e+39,2.713100450285103e+39,0.16576279097507152,0.2829898605705272,0.2414406977437679,0.6031525581950142
0.062,6.121943895552263,142.33940942840738,30.08692688713019,0.07116970471420368,0.07166526610791642,2.0,7.9146034985699645,2.52,2.308625462140455,0.14055456311806766,142.0961599976276,0.08872342755357862,1.601563013464714,3.3468580950132396,-0.07990218027700825,0.7428891980606386,0.14893996037264534,0.10817084156671607,1.0682948752730528e+40,2.1417971455883388e+39,1.2824745898318868e+40,4.4841768875240793e+39,3.6353270129537194e+39,3.100398466060858e+39,2.705756850055742e+39,0.16700503562172692,0.2834619135362562,0.24175125890543173,0.6034010071243454
0.063,6.073682374309605,142.01109609271558,29.849740645984713,0.0710055480463578,0.07150022617048603,2.0,7.9146034985699645,2.52,2.3098069836282615,0.14286377991361246,141.75790927130402,0.08840679814516694,1.603472948296722,3.799787400747795,-0.07632707338139466,0.7411756850452049,0.14992955056943916,0.10889476438535592,1.0633762655158442e+40,2.1510625455188167e+39,1.278482520067726e+40,4.470218601635405e+39,3.630065311446147e+39,3.094730676515156e+39,2.6984485571642657e+39,0.16825122844893234,0.2839354668105943,0.2420628071122331,0.6036502456897864
0.064,6.025801316278045,141.68337311276676,29.614424230667574,0.07084168655638338,0.07133548076378626,2.0,7.9146034985699645,2.52,2.310981654515684,0.1451741748017941,141.4203738581604,0.08805237202778395,1.606093857568502,4.230605157268397,-0.07230997873393075,0.7394652531785991,0.15092176656557155,0.10961298025582933,1.058477785571096e+40,2.1603089067691614e+39,1.2745086762480122e+40,4.4563240428252173e+39,3.624836472317908e+39,3.089094579188315e+39,2.691175257331294e+39,0.16950131035034063,0.2844104979331294,0.24237532758758515,0.6039002620700681
0.065,5.9782977221270315,141.35624086283542,29.380962900658357,0.0706781204314177,0.07117103009999844,2.0,7.9146034985699645,2.52,2.31214951726703,0.1474857409532684,141.08357595422433,0.08766260819389586,1.60939286271485,4.638061926614094,-0.0678736526717935,0.7377579044142113,0.15191656141769416,0.11032553416809454,1.053599380486842e+40,2.1695354809171822e+39,1.2705529285785601e+40,4.442492757267693e+39,3.619639925621361e+39,3.083489727386416e+39,2.6839366395388913e+39,0.17075522255844666,0.2848869845722097,0.24268880563961168,0.6041510445116893
0.066,5.931168616170837,141.02969970159018,29.149342031641567,0.07051484985079509,0.07100687438298862,2.0,7.9146034985699645,2.52,2.313310614052787,0.1497984715810095,140.7475361841002,0.08724007298763599,1.613335837122093,5.0211430680193345,-0.06304198256343982,0.7360536406239834,0.15291388861857916,0.11103247075743747,1.0487409951267501e+40,2.178741532785571e+39,1.2666151484053071e+40,4.4287242951234523e+39,3.614475108950193e+39,3.077915680007007e+39,2.6767323959676102e+39,0.17201290664560964,0.2853649045253317,0.24300322666140242,0.6044025813291218
0.067,5.884411046182148,140.70374997224883,28.919547114590525,0.07035187498612441,0.07084301380836407,2.0,7.9146034985699645,2.52,2.314464986751992,0.15211235994001512,140.41227354964178,0.08678740899622654,1.6178876080486146,5.379056533593448,-0.05783975809722955,0.7343524635992166,0.15391370209351563,0.1117338343072678,1.0439025741751082e+40,2.1879263402856935e+39,1.2626952082036775e+40,4.4150182105023694e+39,3.609341467356654e+39,3.072372001478779e+39,2.669562221964371e+39,0.17327430452502143,0.2858442357195082,0.2433185761312554,0.6046548609050042
0.068,5.8380220832071394,140.37839200273174,28.691563754858517,0.07018919600136587,0.0706794485635417,2.0,7.9146034985699645,2.52,2.315612676954583,0.1544273993270177,140.07780539683984,0.08630730579080671,1.6230121437965297,5.711220529576039,-0.05229245485140272,0.7326543750513732,0.15491595619673387,0.11242966875189292,1.0390840621419349e+40,2.1970891942632178e+39,1.2587929815682566e+40,4.4013740614274713e+39,3.604238453270187e+39,3.066858261702318e+39,2.6624258160110864e+39,0.17453935845161708,0.28632495621161447,0.2436348396129043,0.6049078716903233
0.069,5.791998821382002,140.05362610581417,28.465377671277096,0.07002681305290709,0.07051617882781605,2.0,7.9146034985699645,2.52,2.316753725963719,0.1567435830801962,139.74414739971175,0.08580247271727981,1.62867272905025,6.017251142087992,-0.04642603022731992,0.7309593766128705,0.15592060570785954,0.11312001767926999,1.0342854033680269e+40,2.206229398345214e+39,1.2549083432025483e+40,4.38779140979912e+39,3.5991655264167874e+39,3.0613740359914e+39,2.6553228796935553e+39,0.17580801102293075,0.28680704418871367,0.2439520027557327,0.6051616022045861
0.07,5.746338377750909,139.7294525792774,28.24097469526147,0.06986472628963869,0.07035320477242622,2.0,7.9146034985699645,2.52,2.31788817479809,0.15906090457889008,139.41131355988136,0.08527561388338774,1.6348321309128637,6.296949994021013,-0.04026673174581102,0.7292674698378706,0.15692760582839302,0.11380492433373637,1.0295065420299437e+40,2.2153462687886548e+39,1.2510411689088093e+40,4.374269821359473e+39,3.594122153739069e+39,3.055918905014782e+39,2.6482531176706094e+39,0.17708020517989329,0.28729047796835944,0.2442700512949733,0.6054160410359786
0.07100000000000001,5.701037892085431,139.40587170605826,28.01834076992299,0.06970293585302913,0.07019052656099707,2.0,7.9146034985699645,2.52,2.319016064194193,0.16137935724331628,139.07931622046618,0.0847294054383107,1.641452757764555,6.550291975422713,-0.03384091765259478,0.7275786562030605,0.15793691217822095,0.11448443161871855,1.0247474221503973e+40,2.2244391343422812e+39,1.2471913355846255e+40,4.360808865680509e+39,3.589107809336243e+39,3.050492454754821e+39,2.6412162376576297e+39,0.1783558842075797,0.2877752359988803,0.24458897105189492,0.6056711768415158
0.07200000000000001,5.656094526705364,139.0828837543978,27.79746194918861,0.0695414418771989,0.07002814435089645,2.0,7.9146034985699645,2.52,2.3201374346085943,0.16369893453428783,138.74816609284915,0.08416647519599314,1.648496812653198,6.777413072380757,-0.027174889745588623,0.7258929371084273,0.15894848079215318,0.11515858209941955,1.0200079876218583e+40,2.2335073361395505e+39,1.2433587212358133e+40,4.3474081162091375e+39,3.584121974451818e+39,3.045094276506514e+39,2.6342119504447714e+39,0.17963499173590045,0.28826129685964214,0.2449087479339751,0.6059269983471801
0.073,5.611505466300974,138.7604889779885,27.578324396927243,0.06938024448899426,0.06986605829211805,2.0,7.9146034985699645,2.52,2.321252326220168,0.16601962995293518,138.41787229489594,0.08358938461327614,1.6559264425175781,6.978598307959118,-0.02029473831809654,0.7242103138780273,0.15996226811648734,0.11582741800548539,1.015288182193893e+40,2.242550227515174e+39,1.2395432049454105e+40,4.334067150158778e+39,3.579164137335669e+39,3.0397239667696147e+39,2.6272399698223338e+39,0.18091747174023967,0.288748639261291,0.24522936793505992,0.606183494348048
0.074,5.5672679177566415,138.43868761611995,27.36091438608311,0.06921934380805997,0.06970426852690517,2.0,7.9146034985699645,2.52,2.322360778932311,0.16834143704043136,138.08844239918744,0.08300061309881157,1.6637038841483525,7.1542698022134665,-0.013226199101948388,0.7225307877607464,0.1609782310056032,0.11649098123365038,1.0105879494714297e+40,2.251567173845611e+39,1.2357446668559908e+40,4.320785548447521e+39,3.574233793144512e+39,3.034381127173385e+39,2.62030001253436e+39,0.18220326854204424,0.28923724204597684,0.2455508171355111,0.6064406537084087
0.075,5.5233791099759,138.11747989382408,27.145218297815813,0.06905873994691204,0.0695427751898145,2.0,7.9146034985699645,2.52,2.3234628323751396,0.1706643493777135,137.7598824898627,0.08240254459857055,1.6717916074190313,7.304974955789388,-0.005994522089192424,0.7208543599310575,0.161996326718581,0.11714931335036151,1.0059072329194283e+40,2.2605575524046816e+39,1.2319629881598965e+40,4.307562895663974e+39,3.5693304438655514e+39,3.0290653644209634e+39,2.613391798249072e+39,0.18349232680935734,0.2897270841875558,0.24587308170233932,0.6066984653618714
0.076,5.479836293707848,137.7968660220184,26.931222620647254,0.0688984330110092,0.06938157840777902,2.0,7.9146034985699645,2.52,2.324558525907665,0.1729883605852145,137.43219722671117,0.08179745637837939,1.680152455975845,7.431374762232453,0.0013756478936486156,0.7191810314897685,0.16301651291584918,0.1178024555943823,1.0012459758674901e+40,2.2695207522206008e+39,1.22819805108955e+40,4.294398780033392e+39,3.5644535982408386e+39,3.0237762902342506e+39,2.606515049529565e+39,0.18478459155730464,0.29021814479177577,0.24619614788932617,0.6069569183114609
0.077,5.436636741374935,137.4768461976484,26.718913949615263,0.0687384230988242,0.0692206783001705,2.0,7.9146034985699645,2.52,2.3256478986199474,0.1753134643225913,137.10538991521167,0.08118750990309181,1.6887497852670363,7.534232257124213,0.008860378991190217,0.7175108034647653,0.16403874765585874,0.11845044887937599,9.96604121514406e+39,2.2784561739343695e+39,1.224449738907843e+40,4.2812927933840664e+39,3.559602771692315e+39,3.018513521299279e+39,2.5996694918047476e+39,0.18608000814853007,0.2907104030964414,0.24652000203713256,0.6072160016297059
0.078,5.393777746902101,137.15742060382857,26.508278985433883,0.06857871030191429,0.06906007497892602,2.0,7.9146034985699645,2.52,2.3267309893352284,0.1776396542884583,136.77946258128145,0.08057474369545,1.697547597523482,7.614401116785881,0.016436548647436135,0.7158436768117479,0.16506298939178363,0.1190933337964685,9.919816129335818e+39,2.287363229661667e+39,1.2207179358997486e+40,4.2682445311180017e+39,3.55477748625088e+39,3.013276679214914e+39,2.5928548533429716e+39,0.1873785222935822,0.2912038384715612,0.24684463057339553,0.6074757044587163
0.079,5.351256625547263,136.83858940998257,26.29930453366028,0.0684192947049913,0.06889976854987882,2.0,7.9146034985699645,2.52,2.3278078366120476,0.17996692422011873,136.45441604957733,0.07996106804508048,1.7065106730771409,7.6728144249138195,0.024081928614917994,0.714179652414962,0.16608919696824698,0.11973115061679107,9.873783930956554e+39,2.296241342896314e+39,1.2170025273852868e+40,4.255253592256248e+39,3.5499772705482304e+39,3.0080653904946524e+39,2.586070865271118e+39,0.1886800800512516,0.29169843041947563,0.2471700200128129,0.6077360160102503
0.08,5.309070713733142,136.5203527719818,26.091977503868236,0.0682601763859909,0.06873975911273948,2.0,7.9146034985699645,2.52,2.3288784787463346,0.18229526789330447,136.13025002427352,0.07934826142906565,1.7156046972241332,7.710473631552817,0.03177525882435279,0.712518731087922,0.16711732961807513,0.1203639392940029,9.827944048715193e+39,2.3050899483714325e+39,1.2133033997086625e+40,4.242319579400918e+39,3.545201659740202e+39,3.002879286510183e+39,2.579317261543239e+39,0.18998462782886202,0.29219415857496756,0.24749615695721552,0.6079969255657725
0.081,5.267217368880414,136.20271083228303,25.886284908828163,0.06810135541614151,0.06858004675998615,2.0,7.9146034985699645,2.52,2.329942953773483,0.18462467912191188,135.80696317132725,0.07873796849976533,1.7247963817066476,7.728437734773173,0.039496310321854716,0.71086091357413,0.16814734695907624,0.12099173946679381,9.782295910197485e+39,2.313908491885029e+39,1.2096204402082514e+40,4.22944209863025e+39,3.5404501953744644e+39,2.99771800338776e+39,2.572593778868545e+39,0.191292112382514,0.29269100270535536,0.2478230280956285,0.6082584224765027
0.082,5.225693969242171,135.8856637200648,25.682213863693534,0.0679428318600324,0.06842063157688046,2.0,7.9146034985699645,2.52,2.331001299470407,0.18695515175774427,135.48455320133445,0.07813169949267168,1.7340535798026786,7.7278127208695775,0.04722593751389596,0.7092062005477863,0.16917920899084626,0.12161459046136745,9.736838941902341e+39,2.3226964301637033e+39,1.2059535372066043e+40,4.216620759463652e+39,3.535722425316737e+39,2.992581181954135e+39,2.5659001566819532e+39,0.19260248081728362,0.2931889427105678,0.24815062020432097,0.6085204961634567
0.083,5.184497913739696,135.5692115513628,25.47975158519379,0.0677846057756814,0.06826151364152652,2.0,7.9146034985699645,2.52,2.3320535533575755,0.1892866796902522,135.16301695216652,0.07753083090670203,1.7433453939738774,7.709741303494841,0.05494611999840269,0.7075545926144976,0.17021287609159783,0.12223253129390457,9.69157256928395e+39,2.3314532307290643e+39,1.2023025800013013e+40,4.203855174829726e+39,3.5310179036799074e+39,2.987468467684869e+39,2.5592361371165145e+39,0.19391568058737266,0.29368795862320163,0.2484789201468432,0.6087831361174745
0.084,5.143626621799525,135.25335442920382,25.27888539083355,0.06762667721460192,0.06810269302492929,2.0,7.9146034985699645,2.52,2.3330997527010293,0.19161925684628073,134.84235047067085,0.07693660731111791,1.7526422750277046,7.675393005608097,0.06263999430262368,0.705906090311975,0.1712483090150178,0.12284560067300714,9.646496216793284e+39,2.340178371765484e+39,1.1986674588558767e+40,4.191144961034535e+39,3.5263361907538127e+39,2.982379510653125e+39,2.5526014649760822e+39,0.19523165949621882,0.29418803060856313,0.24880791487405476,0.6090463318992437
0.085,5.103077533191799,134.93809244373887,25.079602698098196,0.06746904622186943,0.06794416979106474,2.0,7.9146034985699645,2.52,2.3341399345143783,0.19395287718981385,134.52254909280404,0.07635014413686664,1.7619161117974644,7.625954630261319,0.07029187589347594,0.7042606941107293,0.17228546888714763,0.12345383700212303,9.601609307920867e+39,2.3488713419895314e+39,1.19504806499104e+40,4.1784897377309087e+39,3.521676852936309e+39,2.977313965479463e+39,2.545995887708683e+39,0.1965503656965582,0.29468913896469207,0.24913759142413958,0.6093100731393116
0.08600000000000001,5.062848107869885,134.62342567237505,24.88189102366566,0.06731171283618752,0.06778594399791979,2.0,7.9146034985699645,2.52,2.335174135560781,0.19628753472172336,134.20360752165308,0.07577243131525996,1.771140310428782,7.562621166952179,0.07788727187258403,0.7026184044147589,0.1733243172032894,0.12405727838195174,9.556911265375748e+39,2.3575316405544494e+39,1.1914442905930198e+40,4.165889127947622e+39,3.517039462715334e+39,2.9722714913246523e+39,2.5394191554164696e+39,0.19787174769044644,0.2951912641223696,0.24946793692261165,0.6095743495380893
0.08700000000000001,5.022935825811268,134.3093541799062,24.685737982624467,0.0671546770899531,0.06762801569825573,2.0,7.9146034985699645,2.52,2.336202392354905,0.1986232234795207,133.88551990288065,0.07520433763323979,1.7802898624786794,7.486587179489895,0.08541288481466262,0.7009792215622316,0.1743648158249374,0.124655962612831,9.512401511223217e+39,2.3661587769474884e+39,1.1878560288170707e+40,4.1533427581016454e+39,3.512423598637601e+39,2.9672517518710136e+39,2.532871020855524e+39,0.19919575432923747,0.2956943866451102,0.2497989385823094,0.6098391508658474
0.088,4.98333818685969,133.99587801864266,24.491131287697936,0.06699793900932133,0.0674703849381591,2.0,7.9146034985699645,2.52,2.33722474116487,0.20095993753710778,133.5682798972085,0.07464661568175887,1.7893414011781932,7.399038719076135,0.09285660825286676,0.6993431458261627,0.1754069269767326,0.12524992719710465,9.468079466710212e+39,2.3747522708115024e+39,1.1842831737521713e+40,4.1408502578747254e+39,3.507828845163148e+39,2.962254415207219e+39,2.5263512393530342e+39,0.20052233481351936,0.2961984872291374,0.25013058370337987,0.6101044669627039
0.089,4.944052710568539,133.6829972285397,24.298058748474457,0.06684149861426986,0.06731305175694033,2.0,7.9146034985699645,2.52,2.3382412180141703,0.20329767100453264,133.25188074962458,0.07409990728178699,1.7982732453752548,7.301145802679164,0.10020751435671414,0.6977101774150842,0.17645061324344385,0.1258392093414719,9.423944552281924e+39,2.383311651813676e+39,1.18072562040956e+40,4.1284112601732865e+39,3.5032547925902283e+39,2.957279153772539e+39,2.5198595687752543e+39,0.20185143869301095,0.29670354670334415,0.2504628596732527,0.6103702877386022
0.09,4.905076936045471,133.37071183732508,24.10650827064391,0.06668535591866254,0.06715601618718882,2.0,7.9146034985699645,2.52,2.3392518586835833,0.20563641802774552,132.93631535506805,0.07356474928091696,1.8070654308551062,7.194055491911845,0.10745583438592902,0.6960803164737109,0.17749583756697113,0.12642384595931794,9.379996187620146e+39,2.3918364595208507e+39,1.1771832647140998e+40,4.116025401098251e+39,3.4987010369889424e+39,2.952325644308412e+39,2.513395769501587e+39,0.20318301586641663,0.29720954602923827,0.25079575396660414,0.6106366031732833
0.091,4.866408421798253,133.05902186062542,23.916467855240032,0.06652951093031272,0.06699927825482804,2.0,7.9146034985699645,2.52,2.340256698713059,0.20797617278835598,132.62157632040714,0.07304157962229658,1.8156997289243078,7.0788856016922646,0.1145929325358908,0.6944535630836008,0.17854256324337292,0.12700387367302624,9.336233791681228e+39,2.400326243276099e+39,1.1736560034957327e+40,4.103692319915149e+39,3.49416718013553e+39,2.94739356781049e+39,2.5069596043989145e+39,0.20451701658124105,0.2977164663008716,0.2511292541453103,0.6109034033162483
0.092,4.828044745581832,132.7479273020914,23.727925597888802,0.0663739636510457,0.06684283797917726,2.0,7.9146034985699645,2.52,2.34125577340359,0.21031692950339467,132.30765602258265,0.07253074359648784,1.824159652335198,6.956719061181559,0.12161127381630461,0.6928299172638069,0.17959075391992052,0.12757932881627254,9.292656782734429e+39,2.408780562076805e+39,1.1701437344811234e+40,4.091411659024907e+39,3.489652829447657e+39,2.942482609481448e+39,2.5005508387964208e+39,0.20585339143356862,0.29822428874475604,0.25146334785839214,0.6111706782867136
0.093,4.789983504246595,132.4374281535221,23.54086968806273,0.06621871407676104,0.06668669537395566,2.0,7.9146034985699645,2.52,2.342249117819065,0.21265868242507427,131.99454666284,0.07203250019570163,1.8324304488144987,6.828598942089753,0.1285043866235589,0.6912093789715276,0.18064037359217133,0.1281502474363011,9.249264578530659e+39,2.4171989844880837e+39,1.1666463563018743e+40,4.079183063992567e+39,3.4851575979695954e+39,2.93759245872577e+39,2.494169240495909e+39,0.20719209136779954,0.29873299471976383,0.2517980228419499,0.6114384182735599
0.094,4.752222313587835,132.12752439498814,23.355288408341025,0.06606376219749407,0.066530850448237,2.0,7.9146034985699645,2.52,2.3432367667881095,0.2150014258405532,131.68224031701996,0.07154702849855932,1.840499082637255,6.695524161661233,0.1352668206784473,0.6895919481027487,0.18169138660106882,0.12871666529618248,9.206056596462025e+39,2.4255810885568466e+39,1.1631637685018873e+40,4.067006183573032e+39,3.4806811043557535e+39,2.9327228091429863e+39,2.4878145797804636e+39,0.20853306767635196,0.29924256571701374,0.252133266919088,0.6117066135352703
0.095,4.714758808196406,131.8182159949539,23.17117013367561,0.06590910799747696,0.06637530320488245,2.0,7.9146034985699645,2.52,2.344218754905903,0.2173451540717024,131.37072898191673,0.07107443402198398,1.8483542048506858,6.558445859740025,0.14189410100429645,0.6879776244928812,0.18274375763006484,0.12927861787705391,9.163032253371111e+39,2.4339264616357353e+39,1.1596958715006847e+40,4.054880669582813e+39,3.476222972723086e+39,2.927873358410303e+39,2.4814866293290382e+39,0.20987627199932637,0.29975298335974404,0.2524690679998316,0.6119752543998652
0.096,4.677590641310543,131.5095029103985,22.988503330662915,0.06575475145519925,0.06622005364038966,2.0,7.9146034985699645,2.52,2.345195116535984,0.21968986147487146,131.06000461775008,0.07061475498494676,1.855986112897916,6.418264441505316,0.14838267861601087,0.6863664079173936,0.18379745170226458,0.12983614038034186,9.120190965558077e+39,2.4422347002584293e+39,1.1562425665816506e+40,4.0428061768589183e+39,3.471782832577835e+39,2.923043808227909e+39,2.4751851641842986e+39,0.21122165632413306,0.3002642294031706,0.2528054140810333,0.6122443312648266
0.097,4.6407154846688625,131.2013850869359,22.8072765568214,0.06560069254346794,0.06606510174494479,2.0,7.9146034985699645,2.52,2.3461658858120362,0.22203554244065923,130.75005918682666,0.07016796843651757,1.8633867005159055,6.275827269974641,0.15472987857836426,0.684758298092437,0.1848524341775959,0.13038926772996706,9.077532148815603e+39,2.4505054100234202e+39,1.1528037558839022e+40,4.030782363230428e+39,3.467360318753485e+39,2.91823386427366e+39,2.468909961728296e+39,0.21256917298508596,0.3007762857343327,0.2531422932462715,0.612513834597017
0.098,4.6041310283645185,130.8938624589341,22.62747845987479,0.06544693122946706,0.06591044750247399,2.0,7.9146034985699645,2.52,2.3471310966396626,0.2243821913936822,130.44088468849299,0.06973399620794994,1.8705493988830406,6.131926985387098,0.16093384607241681,0.6831532946754694,0.1859086707499984,0.13093803457453224,9.035055218463395e+39,2.4587382054789063e+39,1.14937934239423e+40,4.0188088894903154e+39,3.462955071349291e+39,2.9134432361581865e+39,2.4626608016583544e+39,0.21391877466295842,0.3012891343719242,0.2534796936657396,0.6127837549325916
0.099,4.567834980700503,130.58693494963302,22.449097777040958,0.06529346747481651,0.06575609089071931,2.0,7.9146034985699645,2.52,2.348090782698135,0.22672980279235094,130.13247319050436,0.06931271065532928,1.8774691100686134,5.987300422260492,0.16699349108282696,0.6815513972658689,0.18696612744463864,0.13148247528949247,8.992759589385599e+39,2.4669327100098125e+39,1.145969229939541e+40,4.006885419369025e+39,3.4585667356707194e+39,2.9086716373815355e+39,2.4564374659641075e+39,0.2152704143845086,0.3018027574661133,0.25381760359612715,0.6130540828769017
0.1,4.531825068046094,130.2806024712615,22.2721233343264,0.06514030123563075,0.06560203188250675,2.0,7.9146034985699645,2.52,2.3490449774421376,0.22907837112864274,129.82481685695134,0.06890394016560934,1.8841421338884223,5.842628089392443,0.17290843228679517,0.6799526054055457,0.1880247706151457,0.1320226239793086,8.950644676230446e+39,2.4750885557709466e+39,1.1425733232001392e+40,3.9950116195809066e+39,3.4541949622332657e+39,2.9039187853430153e+39,2.4502397389492944e+39,0.2166240455219693,0.3023171372983483,0.2541560113804923,0.6133248091043938
0.101,4.4960990346944305,129.97486492515353,22.096544045826285,0.06498743246257677,0.0654482704463387,2.0,7.9146034985699645,2.52,2.349993714103487,0.23142789092787683,129.5179079729002,0.06850747440464393,1.8905660892984333,5.69853417343618,0.17867894068824774,0.6783569185795482,0.18908456694086828,0.13255851447958356,8.90870989351521e+39,2.4832053835972158e+39,1.1391915277112425e+40,3.983187159829519e+39,3.4498394067316756e+39,2.8991844013217893e+39,2.444067407228505e+39,0.21797962179250407,0.30283225628115157,0.25449490544812603,0.6135959243585007
0.10200000000000001,4.460654642721213,129.66972220186315,21.922348913030028,0.06483486110093158,0.06529480654482275,2.0,7.9146034985699645,2.52,2.3509370256928412,0.23377835674849495,129.21173896591398,0.0681230692910845,1.8967398314630013,5.555587022983648,0.18430588349956228,0.6767643362166627,0.19014548342415555,0.1330901803591818,8.866954655435936e+39,2.4912828428331434e+39,1.135823749826908e+40,3.9714117126814965e+39,3.445499729895792e+39,2.8944682103621016e+39,2.437920259643358e+39,0.21933709725763337,0.30334809695790066,0.2548342743144083,0.6138674194515267
0.10300000000000001,4.425489671844519,129.36517418127863,21.749527024132316,0.06468258709063932,0.0651416401345902,2.0,7.9146034985699645,2.52,2.351874945001389,0.23612976318183818,128.90630242462942,0.06775045168476561,1.902663365617315,5.414300067354003,0.1897906687286412,0.6751748576900092,0.19120748738765858,0.13361765492233224,8.825378375881712e+39,2.4993205912185842e+39,1.1324698967100295e+40,3.9596849535315724e+39,3.4411755974251276e+39,2.889769941224706e+39,2.4317980872345753e+39,0.22069642632262734,0.30386464200259844,0.2551741065806569,0.6141392852645253
0.10400000000000001,4.39060191928572,129.0612207327354,21.578067553349598,0.0645306103663677,0.06498877116634484,2.0,7.9146034985699645,2.52,2.352807504602531,0.2384821048519309,128.60159111456952,0.06738932378245191,1.9083377588076822,5.275133122505936,0.1951351908823454,0.6735884823176312,0.19227054647165454,0.13414097121071422,8.783980468466443e+39,2.507318294780433e+39,1.1291298763246875e+40,3.948006560575831e+39,3.436866679930877e+39,2.885089326344484e+39,2.425700683219163e+39,0.22205756373586913,0.30438187421963026,0.25551439093396733,0.6144115127471738
0.105,4.355989199631492,128.75786171512834,21.40795976024191,0.06437893085756417,0.06483619958491164,2.0,7.9146034985699645,2.52,2.3537347368535353,0.24083537641526226,128.29759799137446,0.06703936721758703,1.9137650505405874,5.138494035631785,0.20034177814923107,0.6720052093630816,0.19333462863139073,0.13466016200552766,8.742760346560232e+39,2.515275627725411e+39,1.1258035974285643e+40,3.93637621478519e+39,3.432572652878498e+39,2.880426101788482e+39,2.4196278429677965e+39,0.22342046458818612,0.30489977654351075,0.2558551161470466,0.6146840929176371
0.106,4.321649344696928,128.45509697702295,21.239192989040113,0.06422754848851148,0.06468392532941192,2.0,7.9146034985699645,2.52,2.354656673897189,0.2431895725605711,127.99431621163421,0.06670024686398962,1.9189481633048688,5.004740619991523,0.2054131413760187,0.6704250380360023,0.19439970213445162,0.1351752598295461,8.701717423337399e+39,2.5231922723389062e+39,1.1224909695676306e+40,3.92479359988682e+39,3.428293196537571e+39,2.875780007219988e+39,2.413579363987159e+39,0.22478508431215338,0.30541833203861823,0.2561962710780384,0.6149570168624306
0.107,4.287580203389714,128.15292635676542,21.071756667978406,0.06407646317838271,0.06453194833500078,2.0,7.9146034985699645,2.52,2.355573347663426,0.2455446880086331,127.69173914150495,0.06637161434630857,1.9238908138537218,4.874182832328399,0.2103523251041041,0.6688479674926999,0.19546573555814578,0.1356862969491543,8.660851112033591e+39,2.5310679189463303e+39,1.1191919030979922e+40,3.9132584024405323e+39,3.424027996015188e+39,2.871150785932567e+39,2.4075550459607767e+39,0.22615137868136628,0.30593752389891915,0.2565378446703416,0.6152302757362732
0.108,4.253779641575381,127.85134968259213,20.905640308632055,0.06392567484129606,0.06438026853245235,2.0,7.9146034985699645,2.52,2.3564847898709473,0.2479007175120475,127.38986036328828,0.06605311126250474,1.9285974260473866,4.747085146684642,0.21516266088545674,0.6672739968367161,0.19653269778691462,0.1361933053763693,8.62016082591113e+39,2.5389022657928545e+39,1.1159063091703984e+40,3.90177031178461e+39,3.4197767411761614e+39,2.866538184789011e+39,2.401554690709735e+39,0.22751930380968616,0.3064573354476808,0.2568798259524216,0.6155038607619372
0.109,4.2202455419436244,127.55036677273786,20.74083350526043,0.06377518338636894,0.06422888584691051,2.0,7.9146034985699645,2.52,2.35739103202882,0.2502576558550273,127.0886736801485,0.06574437212569752,1.9330730459660643,4.623669080506246,0.21984772305205394,0.6657031251193927,0.19760055800976167,0.13669631687084566,8.579645978113444e+39,2.5466950188905412e+39,1.1126340997003986e+40,3.890329019931464e+39,3.415539126519282e+39,2.8619419541234326e+39,2.3955781021225102e+39,0.2288888161504573,0.30697775013717377,0.2572222040376143,0.6157777632300914
0.11,4.186975803875669,127.24997743554326,20.577325934155148,0.06362498871777163,0.06407780019790632,2.0,7.9146034985699645,2.52,2.358292105438067,0.2526154978531913,126.78817311913753,0.06544502703443328,1.9373232599083372,4.5041158314865015,0.22441128707013427,0.664135351340433,0.198669285717702,0.137195362941865,8.539305981690401e+39,2.554445891915358e+39,1.1093751873605759e+40,3.878934221540475e+39,3.4113148511211025e+39,2.8573618476999916e+39,2.3896250861322913e+39,0.23025987249569668,0.3074987515483647,0.2575649681239242,0.6160519744991393
0.111,4.153968343312686,126.95018146956136,20.415107352993402,0.06347509073478068,0.06392701149940397,2.0,7.9146034985699645,2.52,2.359188041193243,0.25497423835335453,126.4883529326908,0.06515470408182489,1.9413541157955339,4.38856898654414,0.2288572905704476,0.6625706744484572,0.1997388507012331,0.13769047485030972,8.49914024962714e+39,2.5621546061063664e+39,1.1061294855733507e+40,3.8675856138928346e+39,3.407103618581791e+39,2.852797622673293e+39,2.3836954506955845e+39,0.2316324299752574,0.3080203233905978,0.2579081074938143,0.6163264859950515
0.112,4.121221092625243,126.65097866366315,20.254167600196347,0.06332548933183157,0.06377651965984668,2.0,7.9146034985699645,2.52,2.3600788701839903,0.25733387223332527,126.18920759875093,0.06487303151510988,1.9451720484090467,4.277137267562295,0.23318979710867166,0.6610090933415537,0.20080922304782495,0.1381816836106214,8.459148194872557e+39,2.569820890165935e+39,1.102896908503849e+40,3.856282896866606e+39,3.4029051369715237e+39,2.848249039549182e+39,2.3777890057710237e+39,0.23300644605596574,0.308542449501267,0.25825161151399145,0.6166012892111932
0.113,4.088732000483787,126.3523687971423,20.094496594292586,0.06317618439857116,0.06362632458275591,2.0,7.9146034985699645,2.52,2.360964623096587,0.2596943944016986,125.89073181966766,0.06459963965800564,1.948783808797398,4.1698972819329425,0.23741296267648687,0.6594506068678252,0.20188037313943158,0.13866901999274323,8.41932923044064e+39,2.5774444801834156e+39,1.0996773710624056e+40,3.845025772945474e+39,3.39871911880699e+39,2.843715862170665e+39,2.3719055633190192e+39,0.23438187854073322,0.3090651138454786,0.2585954696351833,0.6168763757081467
0.114,4.056499031730144,126.0543516398189,19.93608433328664,0.06302717581990945,0.06347642616852558,2.0,7.9146034985699645,2.52,2.3618453304154787,0.262055799797656,125.59292052001561,0.06433416260883285,1.9521963981042345,4.066896249469058,0.24153100495360194,0.657895213825931,0.20295227165002117,0.13915251452404787,8.379682769668223e+39,2.5850251196092146e+39,1.0964707889277438e+40,3.8338139472998036e+39,3.394545281092538e+39,2.8391978577577916e+39,2.3660449373461478e+39,0.23575868556764307,0.30958830051570435,0.2589396713919108,0.6171517371135286
0.115,4.02452016725004,125.75692695214248,19.778920894032424,0.06287846347607123,0.0633268243127708,2.0,7.9146034985699645,2.52,2.362721022424797,0.26441808339076195,125.29576884346223,0.06407623972775953,1.955417005988583,3.9681546807849175,0.2455481752643541,0.6563429129656234,0.2040248895431272,0.1396321974912494,8.340208226015329e+39,2.5925625590910917e+39,1.093277078510642e+40,3.8226471276595877e+39,3.3903833451780277e+39,2.834694796794057e+39,2.3602069438212857e+39,0.23713682560901286,0.3101119937314249,0.25928420640225325,0.6174273651218025
0.116,3.9927934038466137,125.46009448529384,19.622996431611643,0.06273004724264691,0.06317751890579121,2.0,7.9146034985699645,2.52,2.363591729209866,0.2667812401807665,124.99927214881056,0.06382551692671228,1.9584529537354336,3.8736689857338584,0.2494687331793607,0.6547937029882808,0.20509819806941842,0.1401080989423008,8.300905013014838e+39,2.6000565563551492e+39,1.0900961569369987e+40,3.8115250242552405e+39,3.386233036676354e+39,2.830206452962785e+39,2.354391400633539e+39,0.23851625747043317,0.3106361778387646,0.2596290643676083,0.6177032514940864
0.117,3.961316754114935,125.16385398128642,19.468301178717073,0.06258192699064322,0.06302850983261506,2.0,7.9146034985699645,2.52,2.3644574806586904,0.26914526519740506,124.70342600533296,0.06358164777553486,1.9613116420885954,3.78341399387424,0.25329692368298473,0.6532475825474352,0.20617216876428882,0.14058024868827598,8.261772544299021e+39,2.6075068761110923e+39,1.0869279420410113e+40,3.8004473497937455e+39,3.38209408541244e+39,2.8257326031097954e+39,2.348598127572022e+39,0.23989694028978303,0.31116083731011757,0.2599742350724457,0.6179793880579567
0.11800000000000001,3.930088246317516,124.86820517306644,19.31482544504076,0.06243410258653322,0.06287979697304268,2.0,7.9146034985699645,2.52,2.3653183064634384,0.27151015350020435,124.40822618750308,0.0633442944378661,1.964000503779138,3.6973453721602483,0.2570369568109878,0.6517045502492959,0.20724677344546688,0.14104867630523726,8.222810233625682e+39,2.6149132899584654e+39,1.0837723523584147e+40,3.7894138194350163e+39,3.3779662253727294e+39,2.821273027206446e+39,2.3428269463058237e+39,0.2412788335362228,0.3116859567437647,0.2603197083840557,0.6182557667072445
0.11900000000000001,3.8991059242607964,124.57314778461232,19.162559616666982,0.06228657389230616,0.06273138020175187,2.0,7.9146034985699645,2.52,2.366174236121904,0.27387590017828556,124.11366866922597,0.06311312844998453,1.9665269606716256,3.6154019280870315,0.2606929896494557,0.6501646046532674,0.20832198421064452,0.14151341113608806,8.184017494912037e+39,2.6222755762964555e+39,1.0806293071208493e+40,3.778424150772201e+39,3.3738491946585216e+39,2.8168275083158126e+39,2.33707768036648e+39,0.24266189700916563,0.3122115208634829,0.2606654742522914,0.6185323794018331
0.12,3.8683678471726024,124.27868153103334,19.011494155470032,0.06213934076551667,0.06258325938992881,2.0,7.9146034985699645,2.52,2.3670252989389597,0.27624250035017,123.81974961765735,0.06288783135554078,1.9688983854067676,3.5375077893312947,0.26426911057575747,0.648627744272466,0.20939777343512306,0.141974482292411,8.145393742466745e+39,2.6295935202988262e+39,1.0774987262765571e+40,3.7674780639040466e+39,3.3697427355219793e+39,2.8123958326278207e+39,2.331350155187462e+39,0.24404609083722476,0.3127375145181454,0.26101152270930617,0.6188092181674449
0.121,3.837872089580579,123.98480611866725,18.861619598516732,0.06199240305933362,0.0624354344054316,2.0,7.9146034985699645,2.52,2.367871524028,0.2786099491635895,123.5264653866955,0.06266809520869263,1.971122067382723,3.4635744535002475,0.26776932561462696,0.647093967574227,0.21047411376948166,0.14243191865629135,8.10693839102811e+39,2.6368669138299492e+39,1.074380530485806e+40,3.7565752814189024e+39,3.365646594324154e+39,2.8079777894290994e+39,2.32564419808919e+39,0.24543137547714391,0.3132639226813147,0.261357843869286,0.6190862750954287
0.122,3.8076167411915707,123.69152124517723,18.712926557473658,0.06184576062258861,0.06228790511116746,2.0,7.9146034985699645,2.52,2.368712940312364,0.2809782417952931,123.23381251022215,0.062453622957683,1.973205182887825,3.3935027039224783,0.271197546777267,0.6455632729806126,0.21155097813726098,0.14288574888212646,8.068650855570419e+39,2.6440955552860767e+39,1.0712746410856496e+40,3.745715528271502e+39,3.3615605213971384e+39,2.803573170992818e+39,2.3199596381976983e+39,0.2468177117127034,0.3137907304508273,0.26170442792817583,0.6193635423425407
0.123,3.7775999067719637,123.39882659964783,18.56540571801906,0.06169941329982392,0.06214067136505183,2.0,7.9146034985699645,2.52,2.369549576526751,0.2833473734508596,122.94178769516053,0.06224412872037819,1.975154769174405,3.3271843894798048,0.2745575822483471,0.644035658868912,0.21262833973266743,0.14333600139842056,8.030530551317446e+39,2.651279249502925e+39,1.0681809800820371e+40,3.7348985317553747e+39,3.357484270991593e+39,2.7991817725398054e+39,2.3142963064224462e+39,0.24820506065360803,0.31431792304837103,0.262051265163402,0.6196410121307215
0.124,3.7478197060289626,123.10672186268036,18.419047839259395,0.06155336093134018,0.06199373302004986,2.0,7.9146034985699645,2.52,2.370381461218625,0.28571733936450777,122.65038781441291,0.06203933796271782,1.9769777022462576,3.264504068291437,0.2778531282847126,0.6425111235721386,0.21370617201829584,0.1437827044095656,7.992576893766425e+39,2.6584178076676205e+39,1.0650994701434046e+40,3.724124021480436e+39,3.353417601229186e+39,2.794803392203714e+39,2.3086540354373882e+39,0.24959338373435602,0.3148454858190553,0.262398345933589,0.6199186767468711
0.125,3.718274273492807,122.8152067064871,18.27384375315044,0.06140760335324355,0.061847089924217606,2.0,7.9146034985699645,2.52,2.3712086227496028,0.2880881347989118,122.35960989973273,0.061838987590439286,1.9786806781204538,3.2053405166273916,0.2810877626902127,0.640989665379523,0.21478444872286914,0.1442258858976079,7.954789298711713e+39,2.6655110472315517e+39,1.0620300345943264e+40,3.713391729350792e+39,3.3493602740555077e+39,2.790437830996541e+39,2.303032659662228e+39,0.2509826427130869,0.31537340423097304,0.2627456606782717,0.6201965285426174
0.126,3.6889617583999175,122.52428079498502,18.12978436392304,0.06126214039749251,0.061700741921463555,2.0,7.9146034985699645,2.52,2.372031089296832,0.2904597550450145,122.06945113458053,0.061642825963829494,1.9802701973171688,3.1495681057578184,0.2842649397331397,0.6394712825370007,0.21586314383899807,0.14466557362400123,7.917167182360546e+39,2.6725587918553687e+39,1.0589725974215915e+40,3.702701389585984e+39,3.3453120552325413e+39,2.786084892807025e+39,2.29743201527068e+39,0.2523727996704136,0.31590166387475715,0.2630931999176034,0.6204745599340827
0.127,3.659880324576959,122.23394378388846,17.986860647513296,0.06111697189194423,0.06155468885330904,2.0,7.9146034985699645,2.52,2.3728488888543566,0.2928321954218443,121.77990884700706,0.06145061284464108,1.9817525523283226,3.097058050551946,0.28738798637603036,0.6379559732476972,0.21694223162095722,0.14510179513134563,7.879709961575083e+39,2.679560871399296e+39,1.0559270832974378e+40,3.69205273880223e+39,3.3412727143860955e+39,2.7817443844446996e+39,2.2918519402361028e+39,0.2537638170082343,0.316430250463129,0.26344095425205855,0.6207527634016469
0.128,3.6310281503258226,121.94419532080121,17.845063650997314,0.060972097660400605,0.061408930557010494,2.0,7.9146034985699645,2.52,2.373662049234472,0.29520545127633285,121.49098050260162,0.06126211928369176,1.9831338178165676,3.0476795345408787,0.29046009969187553,0.6364437356724074,0.2180216865824799,0.1455345777451127,7.842417053646394e+39,2.6865171217574408e+39,1.0528934175403836e+40,3.681445515875467e+39,3.3372420248566716e+39,2.777416115520127e+39,2.2862922742418443e+39,0.25515565744852803,0.31695914983044066,0.263788914362132,0.6210311314897056
0.129,3.6024034283095108,121.65503504530756,17.704384492030353,0.06082751752265378,0.06126346686509751,2.0,7.9146034985699645,2.52,2.374470598069067,0.29757951798313353,121.20266369753871,0.06107712745705368,1.9844198432999691,3.0013007168691255,0.2934843453458584,0.6349345679300716,0.219101483494571,0.14596394857535736,7.80528787625205e+39,2.6934273847527556e+39,1.0498715261004806e+40,3.670879461889792e+39,3.333219763627104e+39,2.77309989838915e+39,2.2807528586445073e+39,0.25654828403213353,0.3174883479322107,0.2641370710080334,0.6213096568064267
0.13,3.5740043654389257,121.36646258906283,17.56481435829047,0.06068323129453142,0.0611182976054123,2.0,7.9146034985699645,2.52,2.3752745628109513,0.29995439094444193,120.91495615175111,0.06089543045813785,1.9856162480840542,2.957789627098739,0.2964636570274561,0.6334284680982478,0.22018159738333604,0.14638993451841614,7.76832184747808e+39,2.7002915080543777e+39,1.0468613355532458e+40,3.660354320116244e+39,3.329205711277804e+39,2.768795548120086e+39,2.2752335364560756e+39,0.25794166011750985,0.31801783084465374,0.2644854150293775,0.6215883320235019
0.131,3.5458291827605453,121.0784775758829,17.42634450692645,0.06053923878794145,0.060973422601149026,2.0,7.9146034985699645,2.52,2.3760739707351792,0.30233006558981806,120.62785570225394,0.06071683205239303,1.9867284182113323,2.9170149542151083,0.2994008367239043,0.6319254342135784,0.22126200352782976,0.14681256225859185,7.731518385840613e+39,2.7071093450958747e+39,1.0438627730936487e+40,3.649869835991779e+39,3.3251996519424594e+39,2.7645028824612664e+39,2.2697341523262143e+39,0.25933574937948384,0.3185475847642038,0.264833937344871,0.6218671498758968
0.132,3.517876115344988,120.79107962183308,17.28896626401019,0.06039553981091654,0.06082884167113521,2.0,7.9146034985699645,2.52,2.376868848940355,0.3047065373760079,120.34136029663938,0.060541146400771254,1.9877615052084034,2.87884673643298,0.30229855573251146,0.630425464272255,0.2223426774579198,0.1472318582698252,7.694876910337874e+39,2.7138807550051325e+39,1.0408757665343007e+40,3.63942575711294e+39,3.3212013732774115e+39,2.760221721819885e+39,2.2642545525337553e+39,0.2607305158079785,0.3190775960070318,0.2651826289519946,0.6221461031615956
0.133,3.4901434121764554,120.50426833531616,17.15267102399332,0.06025213416765808,0.06068455463190477,2.0,7.9146034985699645,2.52,2.377659224349928,0.30708380178676886,120.0554679867592,0.060368197757567334,1.9887204264220375,2.843156958532303,0.30515935631597974,0.628928556230477,0.22342359495216976,0.14764784881735318,7.658396840727572e+39,2.7206056026157865e+39,1.0379002443343358e+40,3.629021833336839e+39,3.3172106665295374e+39,2.7559518893226185e+39,2.25879458504506e+39,0.2621259237067301,0.31960785100855743,0.26553148092668255,0.622425184741346
0.134,3.462629336043048,120.21804331715975,17.017450249168153,0.06010902165857988,0.06054056129670206,2.0,7.9146034985699645,2.52,2.378445123713479,0.30946185433269446,119.77017692260803,0.060197820147719155,1.9896098667477418,2.80982006348266,0.30798565391164406,0.6274347080049085,0.22450473203573718,0.1480605599593543,7.62207759741395e+39,2.727283758343868e+39,1.0349361355757818e+40,3.618657816698538e+39,3.3132273264373895e+39,2.7516932107375306e+39,2.253354099458297e+39,0.2635219376919868,0.32013833632295496,0.2658804844229967,0.6227043875383973
0.135,3.4353321634279403,119.93240416070282,16.88329546913288,0.05996620208035141,0.06039686147430643,2.0,7.9146034985699645,2.52,2.379226573607995,0.31184069055104147,119.48548534641827,0.06002985702816045,1.990434281567033,2.7787133850579564,0.3107797398122775,0.6259439174731287,0.22558606497829037,0.1484700175485809,7.585918601313926e+39,2.7339150980558715e+39,1.0319833699369797e+40,3.608333461318111e+39,3.3092511511225864e+39,2.7474455143879274e+39,2.2479329469412442e+39,0.2649185226911965,0.32066903862265467,0.26622963067279914,0.6229837045382393
0.136,3.408250184401423,119.64735045188152,16.750198280260957,0.05982367522594076,0.060253454969059136,2.0,7.9146034985699645,2.52,2.3800036004391307,0.3142203060055577,119.20139158697407,0.05986416093735049,1.991197900722632,2.7497175080139415,0.31354378424275087,0.6244561824740806,0.22666757029194068,0.1488762472339787,7.549919273875783e+39,2.7404995029907464e+39,1.029041877686653e+40,3.5980485233799056e+39,3.30528194204712e+39,2.7432086311209924e+39,2.2425309802140108e+39,0.26631564394167817,0.3211999446978377,0.2665789109854195,0.6232631287883356
0.137,3.3813817025137856,119.36288176931414,16.618150345174712,0.05968144088465707,0.06011034158090079,2.0,7.9146034985699645,2.52,2.3807762304424616,0.31660069628631216,118.91789405415022,0.05970059313666453,1.9919047333738795,2.722716562213341,0.3162798397633225,0.6229715008085147,0.22774922472919207,0.14927927446229322,7.514079037098944e+39,2.7470368596832104e+39,1.0261115896782154e+40,3.587802761112642e+39,3.3013195039716936e+39,2.7389823942772337e+39,2.237148053532332e+39,0.2677132669892824,0.3217310414559273,0.2669283167473206,0.6235426533978564
0.138,3.35472503468905,119.07899768438561,16.48714339222305,0.059539498842192805,0.05996752110547983,2.0,7.9146034985699645,2.52,2.381544489684725,0.31898185700952436,118.63499123367903,0.059539023246917594,1.9925585735876328,2.6975984568486866,0.31898984493659743,0.6214898702394289,0.22883100528090683,0.14967912447966425,7.478397313562344e+39,2.7535270598911454e+39,1.0231924373453489e+40,3.5775959347739475e+39,3.297363644918403e+39,2.734766639663484e+39,2.2317840226736778e+39,0.2691113576870362,0.32226231592107374,0.26727783942175903,0.6238222715374072
0.139,3.3282785111195428,118.79569776133094,16.357169214963335,0.059397848880665474,0.059824993335925676,2.0,7.9146034985699645,2.52,2.3823084040650526,0.3213637838173964,118.352681682147,0.05937932888290935,1.9931630065325887,2.674255060642078,0.3216756282012235,0.6200112884925054,0.2299128891742877,0.15007582233320688,7.442873526659508e+39,2.75997000060071e+39,1.0202843527260217e+40,3.567427806734342e+39,3.293414176225518e+39,2.730561205602221e+39,2.2264387449854776e+39,0.2705098821937778,0.3227937552336356,0.2676274705484445,0.6241019764387555
0.14,3.302040475161295,118.51298155731817,16.228219671647327,0.059256490778659084,0.059682758062969174,2.0,7.9146034985699645,2.52,2.3830679993161876,0.3237464723779465,118.07096402222092,0.05922139528852201,1.9937214151572826,2.652582333603404,0.32433891190111075,0.6185357532565423,0.2309948538708771,0.1504693928725806,7.407507100625166e+39,2.766365583957933e+39,1.0173872684583099e+40,3.5572981414626225e+39,3.289470912512296e+39,2.726365932906103e+39,2.2211120793720115e+39,0.2719088069727788,0.32332534664965595,0.26797720174319467,0.6243817613945557
0.14100000000000001,3.276009283230266,118.23084862253046,16.100286684711147,0.05911542431126523,0.05954081507318874,2.0,7.9146034985699645,2.52,2.3838233010056986,0.32612991838484306,117.78983693810213,0.05906511497457342,1.994236987243803,2.6324804156123407,0.3269813164243992,0.617063262183883,0.232076877064571,0.15085986075154603,7.372297460329419e+39,2.7727137171139265e+39,1.0145011177443345e+40,3.547206705399771e+39,3.285533671540828e+39,2.7221806647671506e+39,2.2158038862117106e+39,0.2733080987903535,0.3238570775403343,0.26832702469758835,0.6246616197580707
0.14200000000000002,3.25018330469939,117.94929850024747,15.97336224026931,0.05897464925012373,0.05939916414896099,2.0,7.9146034985699645,2.52,2.384574334537176,0.3285141175572406,117.50929917120597,0.05891038736132479,1.9947127227405042,2.613853676761736,0.32960436441148877,0.6155938128908403,0.2331589366796506,0.15124725042950915,7.337244031285362e+39,2.779014312148333e+39,1.0116258343433695e+40,3.537153266934859e+39,3.281602274171779e+39,2.7180052467238224e+39,2.2105140273380677e+39,0.27470772471445903,0.32438893539149444,0.26867693117861474,0.6249415449428918
0.14300000000000002,3.2245609217964293,117.66833072692631,15.84743838761272,0.058834165363463156,0.059257805068496594,2.0,7.9146034985699645,2.52,2.385321125151423,0.33089906563961363,117.22934951606292,0.05875711842726438,1.9951514412876032,2.596610734066903,0.33220948499622693,0.6141274029581194,0.234241010868827,0.15163158617305358,7.302346239667139e+39,2.785267285997425e+39,1.0087613525664564e+40,3.5271375963862114e+39,3.2776765443252255e+39,2.713839526632269e+39,2.2052423660238762e+39,0.2761076521132816,0.324920907803047,0.2690269130283204,0.6252215304226563
0.14400000000000002,3.1991405295026376,117.38794483228129,15.72250723871063,0.05869397241614065,0.05911673760589451,2.0,7.9146034985699645,2.52,2.3860636979276344,0.3332847584015989,116.94998681643648,0.058605220365535296,1.9955557898595109,2.580664438811997,0.33479801804878256,0.6126640299312338,0.23532307801130575,0.15201289205746044,7.267603512329983e+39,2.791472560383914e+39,1.0059076072713898e+40,3.5171594659838805e+39,3.273756308942945e+39,2.709683354638758e+39,2.19998876696633e+39,0.2775078486538164,0.3254529824884502,0.2693769621634541,0.6255015697307632
0.145,3.1739205354522184,117.10814033936336,15.598560967716526,0.05855407016968168,0.05897596153255287,2.0,7.9146034985699645,2.52,2.386802077784567,0.3356711916378308,116.67120996165248,0.05845461124914528,1.9959282504570321,2.565931838475272,0.3373712183928402,0.61120369132092,0.23640511671086326,0.15239119196821674,7.233015276996383e+39,2.797630061811867e+39,1.003064533880825e+40,3.5072186499329545e+39,3.2698413980263245e+39,2.7055365832146168e+39,2.194753096322754e+39,0.27890828230043435,0.32598514727416505,0.2697270705751086,0.6257816564600869
0.146,3.148899359832572,116.82891676463878,15.475591810477878,0.05841445838231939,0.058835476618117576,2.0,7.9146034985699645,2.52,2.3875362894816985,0.33805836116778326,116.39301788313394,0.05830521470588814,1.9962711477911703,2.5523341168530176,0.3399302599735293,0.6097463846035481,0.23748710579394045,0.15276650960251142,7.19858096238303e+39,2.8037397215421816e+39,1.0002320683925211e+40,3.497314924449375e+39,3.2659316446495755e+39,2.701399067170588e+39,2.1895352217293028e+39,0.2803089213134396,0.3265173900991071,0.27007723032835995,0.6260617842626879
0.147,3.1240754352853446,116.55027361806697,15.353592064049838,0.058275136809033484,0.05869528262843349,2.0,7.9146034985699645,2.52,2.3882663576203753,0.34044626283560986,116.11540955113466,0.05815695960371886,1.9965866569082065,2.5397965156902385,0.3424762399559703,0.608292107221528,0.23856902430775212,0.15313886847071984,7.164299997960072e+39,2.8098014754265336e+39,9.974101473386605e+39,3.487448067617694e+39,3.2620268848071355e+39,2.6972706635339546e+39,2.184335012208277e+39,0.2817097342476198,0.3270496990140955,0.27042743356190496,0.626341946849524
0.148,3.0994472068082377,116.27221040317788,15.232554086212668,0.05813610520158894,0.058555379325367925,2.0,7.9146034985699645,2.52,2.388992306644956,0.3428348925099877,115.83838397166514,0.05800977974715652,1.9968768107129937,2.528248240826657,0.34501018273746864,0.6068408565837136,0.23965085151840998,0.15350829189787646,7.130171813941798e+39,2.815815263829382e+39,9.94598707777118e+39,3.477617859360553e+39,3.258126957364825e+39,2.6931512315115817e+39,2.179152338145262e+39,0.28311068995078414,0.327582062181298,0.2707776724876961,0.6266221379901568
0.149,3.075013131657607,115.9947266171485,15.112470294993056,0.05799736330857425,0.05841576646684496,2.0,7.9146034985699645,2.52,2.389714160843939,0.3452242460839597,115.5619401836031,0.05786361358513949,1.9971435073540182,2.5176223555811195,0.34753304385925754,0.6053926300658012,0.24073256690906286,0.1538748030251359,7.096195841303039e+39,2.8217810315606593e+39,9.917976872863698e+39,3.467824081420874e+39,3.254231704023064e+39,2.6890406324629044e+39,2.1739870712742793e+39,0.2845117575622964,0.3281144678736726,0.2711279393905741,0.6269023515124591
0.15,3.0507716792518167,115.71782175087881,14.993333168189142,0.05785891087543941,0.05827644380688448,2.0,7.9146034985699645,2.52,2.3904319443510844,0.3476143194747799,115.28607725598165,0.057718403930623954,1.9973885174398198,2.5078556638270375,0.3500457138062807,0.6039474250107273,0.24181415017804994,0.15423842481122277,7.062371511795943e+39,2.827698727809415e+39,9.890070239605358e+39,3.4580665173445307e+39,3.2503409692807567e+39,2.6849387298734252e+39,2.1688390846632645e+39,0.28591290651159706,0.3286469044744069,0.2714782266278993,0.6271825813023194
0.151,3.026721331075369,115.44149528906706,14.875135242899347,0.057720747644533534,0.058137411096768,2.0,7.9146034985699645,2.52,2.3911456811465253,0.35000510862375944,115.01079428544746,0.057574097692100555,1.9976134910617538,2.4988885849568643,0.35254902168581886,0.60250523872906,0.2428955812370705,0.15459918003386947,7.028698258102715e+39,2.833568306133137e+39,9.862266564235852e+39,3.448344952530018e+39,3.2464546004624795e+39,2.6808453893804547e+39,2.1637082527416303e+39,0.2873141065167191,0.32917936047635327,0.2718285266291798,0.6274628213033439
0.152,3.002860580583777,115.16574671028431,14.757869115054865,0.05758287335514216,0.05799866808646166,2.0,7.9146034985699645,2.52,2.3918553950578696,0.3523966094961132,114.73609039388143,0.057430645617100554,1.997819964602968,2.490665022695217,0.3550437387778521,0.6010660684993893,0.24397684020936738,0.15495709129124335,6.995175514017203e+39,2.83938972446186e+39,9.834565238479063e+39,3.438659174293379e+39,3.2425724477609005e+39,2.676760478811278e+39,2.158594451337566e+39,0.28871532758279594,0.3297118244814624,0.272178831895699,0.6277430655165592
0.153,2.979187933109194,114.89057548704845,14.641527438955865,0.057445287743524226,0.05786021452246674,2.0,7.9146034985699645,2.52,2.392561109761293,0.3547888180808077,114.4619647261743,0.057288002047673994,1.998009367317806,2.483132229498173,0.3575305819518928,0.5996299115687125,0.2450579074279254,0.1553121810033621,6.961802714194016e+39,2.845162944929139e+39,9.806965659123155e+39,3.429008971721383e+39,3.238694364080167e+39,2.672683868056916e+39,2.1534975575825265e+39,0.29011654000056186,0.33024428520021354,0.2725291350001405,0.6280233080001123
0.154,2.9557019057667877,114.61598108589746,14.526102926811365,0.05730799054294873,0.057722050147519875,2.0,7.9146034985699645,2.52,2.3932628487826233,0.3571817303904102,114.18841644814974,0.05714612468774523,1.9981830276697137,2.476240668070448,0.36001021694665736,0.598196765152817,0.24613876343368485,0.1556644714134982,6.928579294123239e+39,2.850887933792258e+39,9.779467227915497e+39,3.419394135634789e+39,3.2348202049824675e+39,2.668615429031164e+39,2.148417449884715e+39,0.2915177143448466,0.3307767314510417,0.27287942858621167,0.6283035428689693
0.155,2.932401027361848,114.34196296746208,14.411588348282695,0.05717098148373104,0.05758417470062587,2.0,7.9146034985699645,2.52,2.393960635498415,0.35957534246093936,113.91544474462738,0.05700497438218527,1.998342179419123,2.4699438713422914,0.3624832615103806,0.5967666264366597,0.24721938897376805,0.15601398458957227,6.895504690145334e+39,2.856564661369208e+39,9.752069351514542e+39,3.4098144585715184e+39,3.230949828653498e+39,2.6645550356452108e+39,2.1433540079150805e+39,0.29291882147306203,0.3313091521597636,0.2732297053682656,0.6285837642946124
0.156,2.90928383829763,114.06852058653779,14.297976530030585,0.05703426029326889,0.05744658791709257,2.0,7.9146034985699645,2.52,2.3946544931370135,0.36196965035171647,113.64304881761882,0.056864514907384686,1.998487967455792,2.464198302073499,0.36495028840082966,0.595339492574742,0.24829976499972248,0.15636074242553558,6.862578339466059e+39,2.8621931019764865e+39,9.724771441442545e+39,3.400269734770121e+39,3.227083095868425e+39,2.6605025637826306e+39,2.138307112593548e+39,0.2943198325236852,0.3318415363590004,0.2735799581309213,0.628863966504737
0.157,2.886348890483925,113.79565339215634,14.185260355265832,0.05689782669607817,0.05730928952959685,2.0,7.9146034985699645,2.52,2.395344444779614,0.36436465014521624,113.37122788464919,0.056724712773064005,1.9986214533726832,2.4589632130925,0.3674118282451619,0.5939153606914841,0.24937987266577477,0.15670476664274113,6.829799680294084e+39,2.8677732339191704e+39,9.697572914213255e+39,3.3907597602144246e+39,3.2232198700162005e+39,2.6564578913224438e+39,2.1332766461137722e+39,0.2957207189147314,0.33237387318759787,0.27393017972868283,0.6291441437829463
0.158,2.8635947472463474,113.52336082765625,14.07343276330347,0.056761680413828126,0.057172279269805906,2.0,7.9146034985699645,2.52,2.3960305133613087,0.3667603379469235,113.09998117719744,0.056585537035020325,1.998743620780709,2.454200509033242,0.36986837226070607,0.5924942278815922,0.25045969332710294,0.1570460787913048,6.797168152042604e+39,2.8733050395109724e+39,9.670473191553577e+39,3.3812843327110406e+39,3.219360017155956e+39,2.6524208981884586e+39,2.1282624919887178e+39,0.29712145234222725,0.33290615189004635,0.2742803630855568,0.6294242904684455
0.159,2.841019983236341,113.25164233075327,13.962486749120503,0.056625821165376636,0.0570355568661942,2.0,7.9146034985699645,2.52,2.396712721672125,0.36915670988518356,112.82930793924886,0.05644695911847807,1.9988553803656337,2.4498746103009568,0.37232037483853553,0.5910760912104265,0.2515392085381186,0.1573847002514549,6.764683195076863e+39,2.8787885049049835e+39,9.643471699981847e+39,3.371843251741905e+39,3.2155034058599e+39,2.6483914662226153e+39,2.1232645349547723e+39,0.2985220047786735,0.333438361815896,0.27463050119466836,0.6297044009557345
0.16,2.818623184341893,112.9804973336096,13.85241536291708,0.056490248666804806,0.0568991220436737,2.0,7.9146034985699645,2.52,2.3973910923580593,0.37155376211106095,112.55920742595298,0.05630895265168699,1.9989575746900479,2.4459523198790363,0.374768255992386,0.5896609477143624,0.25261840005076597,0.15772065223487164,6.732344250679793e+39,2.8842236200141657e+39,9.616567870693959e+39,3.362436318424461e+39,3.2116499071580533e+39,2.6443694791423333e+39,2.118282660943493e+39,0.2999223484715064,0.33397049241917237,0.2749805871178766,0.6299844696943013
0.161,2.7964029475989536,112.70992526290306,13.743211709681177,0.056354962631451525,0.05676297452362538,2.0,7.9146034985699645,2.52,2.398065647922095,0.37395149079819423,112.28967890238074,0.05617149330939274,1.999050982744733,2.4424026934824,0.3772124036760114,0.5882487944011516,0.25369724981283265,0.15805395578601572,6.700150761065517e+39,2.889610378452399e+39,9.589761139517915e+39,3.3530633354957746e+39,3.207799394505853e+39,2.640354822516683e+39,2.1133167570684235e+39,0.30132245594155244,0.33450253325778995,0.2753306139853881,0.6302644911883104
0.162,2.7743578811035503,112.43992553989521,13.63486894875666,0.056219962769947604,0.05662711402393326,2.0,7.9146034985699645,2.52,2.3987364107252205,0.3763498921426532,112.02072164237515,0.056034558665791455,1.999136324254887,2.43919691346713,0.37965317597254344,0.5868396282502777,0.25477573996627556,0.15838463178344675,6.668102169392939e+39,2.8949487774763436e+39,9.563050946869282e+39,3.343724107296952e+39,3.2039517437522526e+39,2.6363473837429424e+39,2.1083667116121538e+39,0.3027222999814805,0.3350344739929626,0.27568057499537013,0.630544459996296
0.163,2.7524866039245985,112.17049758049919,13.52738029341479,0.05608524879024959,0.056491540260087285,2.0,7.9146034985699645,2.52,2.3994034029874314,0.3787489623627991,111.7523349274892,0.055898128056571676,1.9992142637476213,2.436308166820966,0.38209090315977534,0.58543344621331,0.255853852845559,0.15871270094113105,6.63619791990469e+39,2.900238817982821e+39,9.536436737887512e+39,3.334418439820808e+39,3.2001068331687244e+39,2.6323470520732076e+39,2.1034324140533025e+39,0.3041218536542481,0.3355663043886143,0.276030463413562,0.6308243707308495
0.164,2.7307877460173997,111.90164079534668,13.420739010429099,0.05595082039767334,0.05635625294678946,2.0,7.9146034985699645,2.52,2.400066646788729,0.3811486976991427,111.48451804600593,0.055762182449641616,1.9992854143879093,2.433711527483732,0.38452588965558576,0.5840302452142531,0.25693157097600794,0.159038183809739,6.604437458123044e+39,2.9054805045342103e+39,9.509917962657255e+39,3.32514614078925e+39,3.196264543507596e+39,2.6283537186650038e+39,2.0985137551124044e+39,0.30552109029154684,0.3360980143107878,0.2763802725728867,0.6311042180583093
0.165,2.709259948137815,111.63335458985459,13.314938419653584,0.05581667729492729,0.056221251795734825,2.0,7.9146034985699645,2.52,2.4007261640701096,0.38354909441420476,111.21727029203517,0.05562670432413938,1.99935034159074,2.431383843180153,0.38695841584792395,0.5826300221498951,0.25800887707217207,0.1593611007779328,6.572820230595793e+39,2.910673845188465e+39,9.483494075784258e+39,3.315907019504986e+39,3.1924247578441536e+39,2.624367276453968e+39,2.0936106266554968e+39,0.3069199834922405,0.33662959372705137,0.27672999587306013,0.6313839966984481
0.166,2.687901861757126,111.36563836429083,13.209971893604292,0.05568281918214542,0.056086536515248024,2.0,7.9146034985699645,2.52,2.4013819766345446,0.3859501487923787,110.95059096468192,0.05549167755732464,1.9994095664177116,2.429303626889073,0.3893887398139404,0.5812327738901507,0.25908575403620615,0.15968147207364314,6.54134568486215e+39,2.915818851423361e+39,9.457164536285512e+39,3.306700886813116e+39,3.18858736152369e+39,2.620387620112943e+39,2.0887229216669278e+39,0.30831850712080416,0.33716103270590553,0.27707962678020104,0.6316637014241608
0.167,2.6667121489775605,111.09849151383978,13.105832857044145,0.055549245756919885,0.05595210681031358,2.0,7.9146034985699645,2.52,2.402034106147953,0.388351857139792,110.68447936728184,0.055357087318955424,1.9994635687665807,2.4274509530221215,0.3918170989329348,0.5798384972784031,0.2601621849562603,0.1599993177653366,6.510013269464948e+39,2.920915538081385e+39,9.430928807546332e+39,3.2975275550861303e+39,3.18475224213112e+39,2.6164146460296132e+39,2.0838505342369533e+39,0.309716635305757,0.3376923214161877,0.2774291588264393,0.6319433270611514
0.168,2.6456894824484802,110.83191342866698,13.002514786571059,0.05541595671433349,0.05581796238261341,2.0,7.9146034985699645,2.52,2.402682574140167,0.3907542157841691,110.41893480669906,0.055222919972759466,1.9995127903625316,2.4258073583407023,0.3942437113978529,0.5784471891318411,0.2612381531048861,0.1603146577632728,6.478822433963467e+39,2.925963923315662e+39,9.404786357279129e+39,3.288386838209486e+39,3.1809192894613596e+39,2.6124482522847414e+39,2.078993359549733e+39,0.3111143424380949,0.33822345012647603,0.27777858560952373,0.632222868487619
0.169,2.6248325452832386,110.56590349398337,12.900011210209309,0.05528295174699169,0.055684102931798526,2.0,7.9146034985699645,2.52,2.403327402005888,0.393157221074698,110.15395659268216,0.0550891629846184,1.9995576375600144,2.4243557476021893,0.3966687776300663,0.5770588462417952,0.26231364193745343,0.16062751182075144,6.447772629088985e+39,2.930964028601457e+39,9.378736657690442e+39,3.279278551640015e+39,3.177088395560451e+39,2.608488338688453e+39,2.0741512939174277e+39,0.31251160316971954,0.3387544092044934,0.27812790079242994,0.6325023206339438
0.17,2.60414003097669,110.30046109010885,12.798315707004134,0.05515023054505443,0.055550528156865536,2.0,7.9146034985699645,2.52,2.403968611005636,0.3955608693818938,109.88954403727438,0.05495580483709246,1.9995984839640517,2.423080303893833,0.39909248160214794,0.5756734653740684,0.26338863509058197,0.16093789953534968,6.416863306910184e+39,2.935915878755465e+39,9.352779185665649e+39,3.270202512470507e+39,3.173259454773519e+39,2.6045348068219963e+39,2.069324234818361e+39,0.31390839241186597,0.339285189116509,0.2784770981029665,0.6327816784823731
0.171,2.5836106433233423,110.03558559253553,12.697421906619494,0.05501779279626776,0.055417237753911885,2.0,7.9146034985699645,2.52,2.4046062222666915,0.39796515709746455,109.625696454274,0.054822834949924695,1.999635672879857,2.4219664035854636,0.40151499207329566,0.5742910432692674,0.26446311638058273,0.16124584035014988,6.386093920578828e+39,2.940819501765247e+39,9.326913422344075e+39,3.261158539281145e+39,3.16943236358649e+39,2.6005875599101268e+39,2.0645120808004098e+39,0.31530468533352685,0.33981578042674015,0.2788261713333817,0.6330609370667054
0.17200000000000001,2.563243096336168,109.77127637198991,12.597323488939038,0.054885638185994956,0.05528423141584723,2.0,7.9146034985699645,2.52,2.4052402567840283,0.40037008063418067,109.36241315874165,0.05469024360617522,1.9996695195995295,2.42100053580926,0.4039364637419835,0.572911576643126,0.2655370698019165,0.1615513535549575,6.355463924303934e+39,2.9456749287206157e+39,9.301138853024549e+39,3.2521464521064857e+39,3.1656070205792344e+39,2.596646502785064e+39,2.059714731457383e+39,0.31670045735987906,0.34034617379675397,0.2791751143399698,0.6333400914719758
0.17300000000000001,2.543036114166044,109.5075327944952,12.498014183670206,0.054753766397247605,0.055151508832422626,2.0,7.9146034985699645,2.52,2.4058707354212396,0.40277563642574055,109.09969346655075,0.05455802188364917,1.9997003135344154,2.4201702263559746,0.40635703832030695,0.571535062186831,0.26661047952565964,0.16185445828750936,6.324972773362765e+39,2.95048219376215e+39,9.275454967124915e+39,3.243166072421299e+39,3.161783326397098e+39,2.5927115418655204e+39,2.0549320874173538e+39,0.3180956841707035,0.3408763599848673,0.27952392104267587,0.6336191368341407
0.17400000000000002,2.5229884310218327,109.24435422143246,12.399487769951444,0.05462217711071623,0.055019069690284576,2.0,7.9146034985699645,2.52,2.406497678911458,0.40518182092664207,108.83753669397835,0.05442616159129459,1.9997283202015628,2.419463965861802,0.40877684553438504,0.5701614965673414,0.2676833298979861,0.16215517353467251,6.294619924114462e+39,2.955241334031678e+39,9.24986125814614e+39,3.234217223128021e+39,3.1579611837241884e+39,2.5887825851371473e+39,2.0501640503320402e+39,0.3194903416988082,0.34140632984554714,0.27987258542470206,0.6338980683397616
0.17500000000000002,2.503098791091091,108.98174000960154,12.301738075962524,0.05449087000480077,0.054886913674541404,2.0,7.9146034985699645,2.52,2.407121107858264,0.4075886306120507,108.57594215733312,0.054294655210260744,1.9997537830724479,2.4188711421479745,0.4111960040550342,0.5687908764277059,0.26875560543866045,0.16245351813363368,6.264404834186086e+39,2.9599523897049353e+39,9.22435722389102e+39,3.225299728633224e+39,3.1541404973439e+39,2.5848595422044383e+39,2.0454105229226814e+39,0.32088440612844865,0.3419360743288105,0.2802211015321122,0.6341768812256897
0.176,2.483365948461403,108.7196895112815,12.204758978537928,0.05435984475564075,0.05475504046965041,2.0,7.9146034985699645,2.52,2.407741042736592,0.4099960619776706,108.3149091726177,0.05416349583932036,1.9997769252919186,2.418381976565928,0.4136146223627996,0.5674231983873788,0.26982729083954227,0.16274951077307898,6.234326962578615e+39,2.9646154039900057e+39,9.198942366568621e+39,3.2164134148841334e+39,3.150321174161299e+39,2.5809423243112255e+39,2.0406714090007395e+39,0.32227785389374747,0.34246558447962405,0.28056946347343686,0.6344555707787495
0.177,2.4637886670423366,108.45820207429016,12.108544402783295,0.05422910103714508,0.054623449757231116,2.0,7.9146034985699645,2.52,2.4083575038936256,0.412404111539618,108.05443705522305,0.05403267714437376,1.9997979512750164,2.4179874641940717,0.41603279955126743,0.5660584590425304,0.27089837096310465,0.16304316999436497,6.204385769422212e+39,2.9692304229603666e+39,9.173616192382578e+39,3.2075581092246775e+39,3.1465031230491065e+39,2.5770308442166076e+39,2.035946613374176e+39,0.32367066167711517,0.34299485143730374,0.2809176654192788,0.6347341323354231
0.178,2.4443657204880123,108.19727704204357,12.013088321694877,0.054098638521021786,0.0544921412158891,2.0,7.9146034985699645,2.52,2.408970511549687,0.41481277583429227,107.794525119652,0.05390219331176589,1.9998170481890643,2.417679317727548,0.418450626072438,0.5646966549663577,0.27196883084096246,0.16333451419267986,6.174580715962823e+39,2.9737974954953595e+39,9.148378211458182e+39,3.198733640369994e+39,3.142686254809036e+39,2.5731250161654764e+39,2.031236041828754e+39,0.32506280640766805,0.3435238664349138,0.281265701601917,0.6350125612815336
0.179,2.4250958921202836,107.93691375361459,11.918384755781995,0.0539684568768073,0.05436111452124398,2.0,7.9146034985699645,2.52,2.4095800857991194,0.41722205141824986,107.53517267927016,0.05377203900516188,1.999834387328092,2.417449914899572,0.4208681844277637,0.56333778270939,0.2730386556724143,0.16362356161819575,6.144911264571997e+39,2.9783166732321634e+39,9.123227937804159e+39,3.189939838393063e+39,3.1388704821451373e+39,2.5692247558688732e+39,2.0265396011170642e+39,0.32645426525964943,0.3440526207986668,0.2816135663149124,0.6352908530519298
0.18,2.4059779748525223,107.67711154379118,11.824427772692482,0.05383855577189559,0.05423036934603639,2.0,7.9146034985699645,2.52,2.4101862466111603,0.41963193486807937,107.27637904608169,0.05364220932573895,1.9998501253863838,2.4172922492717803,0.4232855498083097,0.5619818387997929,0.2741078308229949,0.1639103303772122,6.115376878765466e+39,2.9827880105226574e+39,9.098164889288124e+39,3.181176534716127e+39,3.135055719641997e+39,2.565329980488289e+39,2.0218571989506163e+39,0.3278450156508476,0.34458110594732205,0.2819612539127119,0.6355690031301696
0.181,2.3870107711140047,107.41786974313402,11.731211486841076,0.05370893487156701,0.05409990536207437,2.0,7.9146034985699645,2.52,2.410789013830812,0.42204242278027604,107.01814353052815,0.05351269977546688,1.9998644056376138,2.4171998842312123,0.4257027906873193,0.5606288197436694,0.2751763418230406,0.16419483843328997,6.085977023428349e+39,2.987211564492536e+39,9.073188587920885e+39,3.1724435622101e+39,3.1312418838497584e+39,2.5614406087073112e+39,2.0171887440606336e+39,0.3292350352410181,0.3451093133915869,0.2823087588102545,0.6358470070482036
0.182,2.3681930927748964,107.15918767803366,11.63873005904073,0.05357959383901683,0.053969722240341605,2.0,7.9146034985699645,2.52,2.4113884071797,0.42445351177111884,106.76046544130854,0.05338350622326102,1.9998773590257237,2.4171669100329116,0.42811996936831437,0.5592787220253581,0.2762441743662653,0.16447710360837658,6.056711164830789e+39,2.9915873950015234e+39,9.048298559832312e+39,3.1637407551861235e+39,3.1274288932636876e+39,2.5575565607168437e+39,2.0125341461904627e+39,0.3306243019303029,0.3456372347335151,0.28265607548257576,0.6361248603860606
0.183,2.349523761071824,106.90106467076725,11.546977696136846,0.053450532335383626,0.05383981964904081,2.0,7.9146034985699645,2.52,2.411984446256928,0.42686519847654625,106.50334408521896,0.05325462487380497,1.9998891051734007,2.4171879037295163,0.43053714249169295,0.5579315421077289,0.27731131430834843,0.16475714358392268,6.027578770412159e+39,2.995915564489358e+39,9.023494334901517e+39,3.155067949266265e+39,3.12361666818429e+39,2.5536777581026428e+39,2.0078933160110968e+39,0.33201279385765314,0.3461648616659082,0.28300319846441324,0.6364025587715306
0.184,2.3310016065340338,106.64350003955457,11.45594865064437,0.053321750019777285,0.053710197253526125,2.0,7.9146034985699645,2.52,2.412577150539927,0.42927747955203593,106.24677876701006,0.05312605223885163,1.9998997533136988,2.4172578918323686,0.43295436150263755,0.5565872764324761,0.2783777476655344,0.1650349759019895,5.998579308779299e+39,3.0001961379252703e+39,8.99877544670457e+39,3.146424981365234e+39,3.119805130686608e+39,2.5498041238222315e+39,2.0032661651072234e+39,0.3334004893992514,0.3466921859717155,0.2833501223498128,0.6366800978798504
0.185,2.3126254689101424,106.38649309861383,11.36563722038779,0.05319324654930691,0.05358085471633009,2.0,7.9146034985699645,2.52,2.413166539385291,0.4316903516724816,105.990768789261,0.05299778511082313,1.999909403150052,2.4173723155525098,0.43537167308298474,0.5552459214204089,0.27944346061324327,0.16531061796634788,5.969712249715298e+39,3.0044291827631884e+39,8.974141432478487e+39,3.137811689677792e+39,3.115994204595278e+39,2.5459355821864943e+39,1.9986526059669143e+39,0.334787367166936,0.34721919952343566,0.283696841791734,0.6369574734333873
0.186,2.294394197095449,106.13004315821661,11.276037748143917,0.05306502157910831,0.053451791697407915,2.0,7.9146034985699645,2.52,2.4137526320296145,0.4341038115320741,105.73531345226854,0.05286982053854121,1.999918145649639,2.4175269984743526,0.43778911954956456,0.5539074734717385,0.2805084394846932,0.1655840870435683,5.940977064212262e+39,3.008614768909709e+39,8.949591833121971e+39,3.129227913679011e+39,3.112183815472523e+39,2.5420720588518216e+39,1.9940525519795334e+39,0.3361734060066274,0.3477458942825184,0.2840433515016569,0.6372346812013255
0.187,2.276306649059832,105.87414952474273,11.187144621287523,0.05293707476237137,0.05332300785642684,2.0,7.9146034985699645,2.52,2.4143354475903194,0.43651785584418096,105.48041205394992,0.05274215580493011,1.9999260637747778,2.4177181165195973,0.4402067392213723,0.552571928966365,0.28157267076953246,0.16585540026410256,5.912373224730355e+39,3.0127529688083976e+39,8.925126193538753e+39,3.1206734942443195e+39,3.1083738907257164e+39,2.5382134809098502e+39,1.9894659175100592e+39,0.337558584996753,0.34827226229876607,0.2843896462491883,0.6375117169993506
0.188,2.2583616917762117,105.61881150073427,11.098952271439753,0.05280940575036713,0.053194502851872355,2.0,7.9146034985699645,2.52,2.4149150050664736,0.4389324813412279,105.22606388975845,0.052614788406544516,1.9999332331567423,2.4179421700641206,0.4426245667577882,0.5512392842641579,0.28263614111248525,0.16612457462335684,5.883900205100946e+39,3.016843857347019e+39,8.900744062447965e+39,3.112148273583205e+39,3.1045643595304196e+39,2.534359776826348e+39,1.984892617854806e+39,0.3389428834466788,0.3487982957097379,0.2847357208616697,0.6377885766893358
0.189,2.240558201149575,105.36402838494925,11.011455174119325,0.052682014192474626,0.05306627633953583,2.0,7.9146034985699645,2.52,2.415491323339605,0.441347684774581,104.97226825261058,0.05248771603478431,1.9999397227161504,2.4181959580759287,0.44504263346994044,0.5499095357052382,0.28369883731200546,0.1663916269827564,5.855557480362866e+39,3.020887511728845e+39,8.87644499209171e+39,3.103652095136962e+39,3.100755152717137e+39,2.5305108763505535e+39,1.9803325691741413e+39,0.34032628089513806,0.34932398674015247,0.28508157022378455,0.6380652561790275
0.19,2.2228950619465593,105.1097994724149,10.924647848396457,0.05255489973620745,0.05293832797251755,2.0,7.9146034985699645,2.52,2.4160644211745117,0.4437634629144292,104.71902443282377,0.052360936558667776,1.9999455952337943,2.4184765541478033,0.44746096760715776,0.5485826796102544,0.28476074631894394,0.16665657407080164,5.827344526767778e+39,3.0248840114291266e+39,8.852228538196904e+39,3.0951848035653514e+39,3.096946202746387e+39,2.5266667104966628e+39,1.9757856884818395e+39,0.3417087571086659,0.34984932770129307,0.28542718927716654,0.6383417514217331
0.191,2.2053711677255956,104.85612405448033,10.838524856549538,0.052428062027240166,0.05281065740125272,2.0,7.9146034985699645,2.52,2.4166343172200593,0.44617981254966815,104.46633171806393,0.05223444800904269,1.9999509078755648,2.4187812843038903,0.44987959462035626,0.547258712280659,0.2858218552352249,0.16691943248411606,5.799260821787989e+39,3.02883343815334e+39,8.828094259941329e+39,3.08674624473473e+39,3.0931374436853615e+39,2.522827211526601e+39,1.9712518936353934e+39,0.3430902920800337,0.35037431099041283,0.28577257302000847,0.6386180584160067
0.192,2.187985420767597,104.60300141886871,10.753080803724508,0.05230150070943436,0.05268326427406183,2.0,7.9146034985699645,2.52,2.417201030009978,0.44859673048778514,104.21418939330164,0.05210824856412397,1.9999557126748662,2.4191077064651423,0.4522985374040701,0.5459376299989801,0.28688215131253386,0.16718021868848604,5.771305844181533e+39,3.032735875826128e+39,8.80404172000766e+39,3.0783362657369445e+39,3.089328811215614e+39,2.5189923129580642e+39,1.9667311033460112e+39,0.3444708660266877,0.35089892909014136,0.28611771650667195,0.6388941732053375
0.193,2.170736732007199,104.35043084972918,10.66831033759691,0.05217521542486459,0.05255614823949049,2.0,7.9146034985699645,2.52,2.417764577963651,0.45101421355474386,103.96259674077648,0.05198233653625357,1.9999600569757148,2.419453591464177,0.4547178165187303,0.5446194290290922,0.28794162195101575,0.16743894901989204,5.743479074251859e+39,3.0365914106847954e+39,8.780070484936654e+39,3.0699547150128164e+39,3.085520242746286e+39,2.5151619496585298e+39,1.9622232372555424e+39,0.34585045938918835,0.35142317456789157,0.2864626148472971,0.6391700918778376
0.194,2.1536240209645356,104.09841162768802,10.58420814803662,0.052049205813844014,0.052429308944437696,2.0,7.9146034985699645,2.52,2.4183249793868953,0.45343225859487013,103.71155303996878,0.05185671035978626,1.9999639838394918,2.4198169055056935,0.45713745039469017,0.543304105616484,0.289000254697984,0.16769563968553197,5.715779993644561e+39,3.040400131132014e+39,8.756180124776575e+39,3.0616014422295716e+39,3.081711677281012e+39,2.5113360577383185e+39,1.9577282158563112e+39,0.3472290528296542,0.35194704007526867,0.28680726320741357,0.6394458105659309
0.195,2.1366462156775596,103.84694302989953,10.500768966775208,0.05192347151494977,0.05230274603323638,2.0,7.9146034985699645,2.52,2.418882252472739,0.45585086247073986,103.46105756757787,0.0517313685800112,1.9999675324181316,2.420195793974107,0.4595574555193942,0.5419916559885228,0.29005803724664053,0.16795030676483663,5.688208085250561e+39,3.04416212764203e+39,8.732370212892591e+39,3.053276298214193e+39,3.0779030553403414e+39,2.507514574489026e+39,1.9532459604465674e+39,0.34860662723020924,0.3524705183474795,0.28715165680755234,0.6397213254460418
0.196,2.119802252634892,103.59602433009651,10.417987567075931,0.05179801216504826,0.052176459147678406,2.0,7.9146034985699645,2.52,2.419436415302191,0.458270022063065,103.21110959750659,0.051606309843026665,1.999970738296318,2.420588566495442,0.46197784660898555,0.5406820763547191,0.29111495743480426,0.16820296621047665,5.66076283321313e+39,3.0478774927212896e+39,8.70864032593442e+39,3.044979134942105e+39,3.074094318939662e+39,2.5036974383672063e+39,1.9487763931212857e+39,0.34998316369142946,0.3529936022027431,0.2874957909228574,0.6399966327382859
0.197,2.103091076709203,103.34565479864006,10.335858763406321,0.051672827399320026,0.05205044792704234,2.0,7.9146034985699645,2.52,2.419987485845004,0.46068973427058335,102.9617084008511,0.05148153288649009,1.9999736338051144,2.42099368316577,0.46439863676557164,0.539375362906986,0.2921710032436521,0.16845363384936196,5.633443722935057e+39,3.051546320869733e+39,8.684990043804789e+39,3.03670980552615e+39,3.070285411567552e+39,2.4998845889783913e+39,1.9443194367631734e+39,0.35135864353079754,0.3535162845417031,0.2878396608826994,0.6402717287061594
0.198,2.086511641091117,103.09583370256905,10.25437741111336,0.05154791685128453,0.05192471200923686,2.0,7.9146034985699645,2.52,2.420535481960433,0.4631099960099469,102.71285324589584,0.051357036531172885,1.9999762483092423,2.421409741863569,0.4668198376212596,0.5380715118198971,0.2932261627964696,0.16870232538363328,5.606250241206141e+39,3.0551687086082044e+39,8.661418949814346e+39,3.0284681642707503e+39,3.066476278230274e+39,2.4960759671149203e+39,1.9398750150754608e+39,0.3527330482811585,0.3540385583468402,0.2881832620702896,0.6405466096562317
0.199,2.0700629072236385,102.84656030564928,10.173538406101205,0.05142328015282464,0.05179925103248892,2.0,7.9146034985699645,2.52,2.4210804213979884,0.4655308042156127,102.46454339811304,0.05123281967325319,1.999978608470111,2.421835466568297,0.46924145947002055,0.5367705192509435,0.29428042435741103,0.16894905639164542,5.57918187638747e+39,3.058744754539899e+39,8.637926630927369e+39,3.020254066757821e+39,3.0626668655291826e+39,2.4922715148204488e+39,1.935443052635168e+39,0.3541063596891783,0.3545604166818877,0.2885265899222946,0.6408212719378357
0.2,2.0537438447370984,102.59783386842192,10.093336684511472,0.05129891693421096,0.05167406463299851,2.0,7.9146034985699645,2.52,2.4216223217981794,0.4679521558397317,102.21677812016615,0.05110888127728628,1.9999807384865058,2.4222696966122013,0.47166351138833856,0.535472381340787,0.29533377633026947,0.16919384232894355,5.552238118159609e+39,3.062274559175374e+39,8.614512677334983e+39,3.0120673696975466e+39,3.0588571215003385e+39,2.48847117526084e+39,1.9310234747958096e+39,0.35547855971380726,0.35508185269124676,0.28886963992845177,0.6410957119427615
0.201,2.037553431384606,102.34965364825175,10.01376722240602,0.05117482682412587,0.05154915244454323,2.0,7.9146034985699645,2.52,2.4221612006932562,0.47037404785204195,101.96955667191713,0.050985220369795616,1.9999826603147406,2.4227113767969355,0.4740860013455552,0.5341770942135107,0.2963862072572584,0.16943669852923093,5.525418457483352e+39,3.065758224870963e+39,8.591176682354315e+39,3.003907930893117e+39,3.055046995568915e+39,2.4846748926886037e+39,1.9266162076629903e+39,0.3568496305247475,0.355602859599404,0.2892124076311869,0.6413699261049495
0.202,2.021490652978019,102.10201889937484,9.934825035452254,0.05105100944968742,0.05142451409850261,2.0,7.9146034985699645,2.52,2.422697075507945,0.4727964772397593,101.72287831043703,0.05086183603343313,1.99998439386992,2.423159548310889,0.47650893630473157,0.5328846539768689,0.2974377058178014,0.16967764020532972,5.498722386605916e+39,3.0691958557921674e+39,8.567918242398084e+39,2.995775609230099e+39,3.051236438528602e+39,2.4808826124276584e+39,1.9222211780857836e+39,0.35821955450092235,0.3561234307103505,0.2895548886252306,0.6416439109001845
0.203,2.0055545033244075,101.85492887294582,9.85650517861088,0.05092746443647291,0.051300149223949175,2.0,7.9146034985699645,2.52,2.423229963560174,0.4752194410074713,101.47674229001944,0.05073872740166036,1.999985957209852,2.423613340387289,0.47893232231480565,0.5315950567225332,0.29848826082733293,0.16991668245013392,5.472149399074089e+39,3.072587557881489e+39,8.544736956955577e+39,2.9876702646697825e+39,3.047425402525193e+39,2.477094280861488e+39,1.9178383136506914e+39,0.35958831422895293,0.3566435594070021,0.2898970785572383,0.6419176628457905
0.20400000000000001,1.9897439841630316,101.60838281708465,9.778802745826175,0.050804191408542324,0.05117605744956532,2.0,7.9146034985699645,2.52,2.4237598820617983,0.4776429361770306,101.23114786219702,0.05061589365390656,1.9999873667030266,2.4240719626470737,0.481356164594753,0.5303082985263371,0.29953786123610837,0.17015384023755453,5.445698989941477e+39,3.0759334389365483e+39,8.521632428878025e+39,2.97959175834896e+39,3.043613841149054e+39,2.473309845509742e+39,1.9134675427439806e+39,0.3609558925016356,0.35716323915062154,0.2902389731254089,0.6421911785003271
0.20500000000000002,1.9740581051028037,101.36237997692321,9.701712869718632,0.050681189988461606,0.051052238403908205,2.0,7.9146034985699645,2.52,2.4242868481193183,0.4800669597874481,100.98609427575994,0.05049333401116292,1.999988637181974,2.4245346980742997,0.4837804676104127,0.5290243754485187,0.30058649612802335,0.17038912842345796,5.4193706557973043e+39,3.079233608591373e+39,8.498604264388678e+39,2.9715399525834536e+39,3.039801709430231e+39,2.469529255025579e+39,1.909108794552385e+39,0.36232227231642594,0.35768246348024185,0.2905805680791065,0.6424644544632852
0.20600000000000002,1.9584958835602515,101.11691959465115,9.625230721280085,0.050558459797325574,0.050928691713341266,2.0,7.9146034985699645,2.52,2.424810878734589,0.48249150889478964,100.74158077677689,0.05037104773197565,1.9999897820832087,2.4250008965753755,0.4862052351445823,0.5277432835339603,0.3016341547194435,0.17062256174659624,5.393163894547659e+39,3.0824881781572175e+39,8.475652072704876e+39,2.963514710735971e+39,3.035988963694815e+39,2.4657524590802796e+39,1.9047619989766514e+39,0.36368743687392635,0.358201226012092,0.29092185921848157,0.6427374873747852
0.20700000000000002,1.9430563446979674,100.87200090956152,9.549351509571197,0.05043600045478076,0.05080541700194273,2.0,7.9146034985699645,2.52,2.4253319908055277,0.48491658057207027,100.49760660861786,0.050249034108803436,1.9999908135748836,2.4254699690767936,0.48863047036094615,0.5264650188124264,0.30268082635804316,0.1708541548295305,5.3670782054086946e+39,3.085697260581225e+39,8.45277546598992e+39,2.9555158971992726e+39,3.032175561538648e+39,2.4619794083432903e+39,1.9004270866190557e+39,0.36505136957637774,0.35871952043902355,0.29126284239409445,0.6430102739152755
0.20800000000000002,1.927738521363544,100.62762315809589,9.474070481421363,0.05031381157904794,0.050682413891529166,2.0,7.9146034985699645,2.52,2.4258502011268153,0.487342171909152,100.2541710119787,0.050127292464707686,1.9999917426731764,2.4259413821191966,0.4910561758623534,0.5251895772987992,0.30372650052165395,0.17108392217954685,5.341113088912023e+39,3.088860970412406e+39,8.429974059324428e+39,2.947543377386164e+39,3.0283614618080885e+39,2.4582100544679873e+39,1.8961039887753166e+39,0.36641405402615734,0.3592373405299398,0.29160351350653935,0.6432828108052314
0.209,1.9125414540289891,100.38378557388917,9.399382921130956,0.05019189278694459,0.05055968200201537,2.0,7.9146034985699645,2.52,2.4263655263905903,0.48976828001263933,100.01127322490716,0.050005822150346525,1.999992579348365,2.426414652908598,0.4934823537439214,0.5239169549933127,0.30477116681712213,0.17131187818956517,5.3152680469453365e+39,3.0919794237885907e+39,8.407247470733927e+39,2.9395970177391355e+39,3.024546624601128e+39,2.454444350093933e+39,1.8917926374391807e+39,0.367775474024279,0.359754680129226,0.2919438685060698,0.6435550948048557
0.21,1.8974641907306204,100.14048738781393,9.325284150175932,0.05007024369390697,0.05043722095381532,2.0,7.9146034985699645,2.52,2.4268779831871408,0.49219490200577853,99.76891248283039,0.0498846225412461,1.99999333262146,2.4268893447883966,0.49590900564140133,0.5226471478817836,0.30581481497917573,0.1715380371390407,5.289542583006466e+39,3.095052738549488e+39,8.384595321555954e+39,2.9316766858587253e+39,3.020731011391115e+39,2.4506822489485632e+39,1.8874929653834937e+39,0.36913561356890034,0.3602715331561821,0.29228390339222515,0.6438271227137801
0.211,1.8825057870094333,99.89772782802429,9.251769526914764,0.04994886391401215,0.050315030366443504,2.0,7.9146034985699645,2.52,2.4273875880055864,0.49462203502835517,99.52708801858357,0.04976369303532438,1.9999940106522043,2.427365063098468,0.49833613277521743,0.5213801519358409,0.3068574348693006,0.17176241319485852,5.263936202056169e+39,3.098081034119179e+39,8.362017236175348e+39,2.923782250410961e+39,3.0169145849238645e+39,2.4469237057648644e+39,1.8832049060992254e+39,0.3704944568538334,0.3607878936044567,0.29262361421345834,0.6440988913707667
0.212,1.8676653058519388,99.65550611999946,9.17883444629768,0.04982775305999973,0.05019310985724445,2.0,7.9146034985699645,2.52,2.4278943572345613,0.49704967623659413,99.2857990624396,0.04964303305064558,1.9999946208191732,2.427841451390081,0.5007637359905399,0.5201159631131526,0.3078990164746265,0.17198502041222094,5.2384484103863813e+39,3.1010644313951655e+39,8.339512841781546e+39,2.915913581042499e+39,3.0130973091221036e+39,2.4431686762051008e+39,1.878928393739341e+39,0.3718519882670621,0.3613037555414837,0.29296299706676554,0.6443703976534124
0.213,1.8529418176314678,99.41382148658691,9.1064743395782,0.049706910743293455,0.050071459041408334,2.0,7.9146034985699645,2.52,2.428398307162884,0.49947782280305864,99.04504484213976,0.0495226420233843,1.999995169792663,2.4283181879677205,0.5031918157937425,0.5188545773576515,0.3089395499068205,0.172205872735528,5.2130787156242254e+39,3.104003052715911e+39,8.317081768340136e+39,2.9080705483706774e+39,3.009279149066876e+39,2.439417116847005e+39,1.8746633631108602e+39,0.3732081923892622,0.3618191131079197,0.2933020480973156,0.6446416384778524
0.214,1.838334400049938,99.1726731480451,9.034684674026941,0.04958633657402255,0.0499500775319948,2.0,7.9146034985699645,2.52,2.4288994539802315,0.5019064719165508,98.80482458292511,0.04940251940598087,1.999995663600982,2.428794982731063,0.5056203723855521,0.5175959905997579,0.30997902540099115,0.17242498399925094,5.187826626736767e+39,3.1068970218293e+39,8.294723648566067e+39,2.900253023974149e+39,3.005460070979669e+39,2.4356689851705387e+39,1.870409749667314e+39,0.37456305399232903,0.36233396051708505,0.29364076349808227,0.6449126107984658
0.215,1.8238421380800796,98.93206032208583,8.963460952647683,0.049466030161042916,0.04982896494097661,2.0,7.9146034985699645,2.52,2.4293978137777987,0.5043356207820137,98.56513750756869,0.04928266466547064,1.9999961076907289,2.4292715742923825,0.5080494056911808,0.5163401987566009,0.3110174333146003,0.17264236792879883,5.162691654141331e+39,3.109746463925143e+39,8.272438118066475e+39,2.892460880442823e+39,3.0016400422661786e+39,2.4319242395945806e+39,1.8661674895394822e+39,0.3759165580379086,0.3628482920544052,0.2939791395094771,0.6451833116075818
0.216,1.8094641239081177,98.69198222391616,8.89279871389567,0.04934599111195808,0.04970812088109142,2.0,7.9146034985699645,2.52,2.4298934025489594,0.5067652666204321,98.32598283640822,0.04916307728197144,1.9999965069815773,2.429747727346543,0.5104789153877051,0.5150871977322367,0.3120547641263851,0.17285803814137826,5.1376733098976817e+39,3.112551505719955e+39,8.250224815617636e+39,2.884693991474698e+39,2.997819031609463e+39,2.428182839553516e+39,1.861936519596519e+39,0.37726868967593585,0.36336210207685565,0.294317172418984,0.6454537379351872
0.217,1.795199456876905,98.45243806628001,8.822693531398137,0.049226219033140006,0.04958754496349139,2.0,7.9146034985699645,2.52,2.43038623618992,0.5091954066687358,98.08735978737936,0.04904375674731526,1.999996865916044,2.4302232302725244,0.512908900928926,0.5138369834178663,0.31309100843528725,0.17307200814684645,5.112771107464094e+39,3.1153122752804065e+39,8.2280833827445e+39,2.876952231728846e+39,2.9939970088103447e+39,2.424444745369002e+39,1.8577167773498065e+39,0.37861943424317673,0.3638753850124072,0.2946548585607942,0.6457238868486354
0.218,1.7810472434295035,98.21342705949932,8.753141013677029,0.049106713529749664,0.04946723679727715,2.0,7.9146034985699645,2.52,2.430876330500368,0.5116260381797028,97.84926757604937,0.04892470256381033,1.9999971885047005,2.43069789294704,0.5153393615679494,0.5125895516920498,0.3141261569593927,0.17328429134855747,5.087984561650707e+39,3.1180289019629775e+39,8.206013463613685e+39,2.8692354767880015e+39,2.990173944740942e+39,2.4207099182134813e+39,1.8535082009274108e+39,0.37996877726177775,0.3643881353594755,0.29499219431544443,0.6459937554523555
0.219,1.7670065970532112,97.97494841151496,8.684136803873919,0.04898747420575748,0.04934719598951985,2.0,7.9146034985699645,2.52,2.4313637011841154,0.5140571584218621,97.61170541565116,0.04880591424312248,1.999997478367208,2.431171544752345,0.5177702963776674,0.5113448984209205,0.3151602005348777,0.17349490104420184,5.063313188623614e+39,3.120701516384235e+39,8.18401470500785e+39,2.861543603149598e+39,2.986349811327736e+39,2.4169783200976286e+39,1.8493107290668957e+39,0.3813167044378181,0.36490034768637086,0.2953291761094545,0.6462633408875635
0.22,1.7530766382240301,97.73700132792698,8.615676579477089,0.04886850066396349,0.04922742214536951,2.0,7.9146034985699645,2.52,2.431848363849738,0.5164887646793993,97.37467251711762,0.04868739130526424,1.9999977387695682,2.4316440327617594,0.5202017042693442,0.5101030194583942,0.31619313011496625,0.17370385042663955,5.0387565059176474e+39,3.1233302503969985e+39,8.162086756314646e+39,2.853876488221904e+39,2.9825245815400813e+39,2.413249913862179e+39,1.8451243011114502e+39,0.38266320165987155,0.3654120166307511,0.2956658004149679,0.6465326403319743
0.221,1.739256494351571,97.49958501203486,8.547756052050762,0.04874979250601743,0.04910791487006917,2.0,7.9146034985699645,2.52,2.4323303340112097,0.5189208542520611,97.13816808911614,0.04856913327768203,1.999997972657915,2.432115220087729,0.5226335840094686,0.5088639106463803,0.3172249367688933,0.17391115258472645,5.0143140326435644e+39,3.1259152371882676e+39,8.140229269831832e+39,2.846234010430711e+39,2.978698229494545e+39,2.4095246632634333e+39,1.8409488570775518e+39,0.3840082549975703,0.3659231368990767,0.2960020637493926,0.646801650999514
0.222,1.7255452997243936,97.26269866487704,8.480370966966463,0.04863134933243852,0.04898867376900256,2.0,7.9146034985699645,2.52,2.432809627088531,0.5213534244550613,96.90219133808338,0.04845113969443228,1.9999981826891642,2.432584984378479,0.5250659342350286,0.5076275678149869,0.318255611680879,0.17411682050413413,4.9899852894918275e+39,3.128456611254445e+39,8.118441900746273e+39,2.8386160492119837e+39,2.974870730440869e+39,2.405802532962866e+39,1.8367843376490435e+39,0.38535185070017774,0.36643370326606756,0.2963379626750445,0.6470703701400355
0.223,1.7119421954557774,97.02634148527038,8.41351710313651,0.04851317074263519,0.04886969844569258,2.0,7.9146034985699645,2.52,2.433286258408354,0.5237864726189867,96.66674146826007,0.0483334100954382,1.9999983712588008,2.4330532164504457,0.5274987534673538,0.5063939867827275,0.31928514614910913,0.17432086706816335,4.965769798528072e+39,3.130954508245648e+39,8.09672430677372e+39,2.8310224848859166e+39,2.971042060623564e+39,2.402083488416156e+39,1.832630684094458e+39,0.3866939751951652,0.36694371057416275,0.2966734937987913,0.6473387950390329
0.224,1.6984463294299195,96.79051266984902,8.347190272749597,0.04839525633492451,0.04875098850173049,2.0,7.9146034985699645,2.52,2.4337602432046026,0.5262199960897046,96.43181768172597,0.04821594402581984,1.9999985405260619,2.4335198190447045,0.5299320401246503,0.5051631633567243,0.3203135315847245,0.17452330505855124,4.941667083187177e+39,3.133409064931969e+39,8.075076148119145e+39,2.823453198643058e+39,2.96721219726036e+39,2.3983674958568216e+39,1.8284878382567508e+39,0.3880346150867947,0.367453153732982,0.2970086537716987,0.647606923017359
0.225,1.6850568562485582,96.555211413103,8.281386321008469,0.0482776057065515,0.04863254353679734,2.0,7.9146034985699645,2.52,2.4342315966190857,0.5286539922282698,96.19741917843483,0.048098741035290264,1.9999986924367592,2.433984705696603,0.5323657925333537,0.5039350933329081,0.32134075951082025,0.17472414715627166,4.9176766682766994e+39,3.135820419175956e+39,8.053497087452656e+39,2.8159080725358937e+39,2.9633811185264473e+39,2.3946545222845202e+39,1.8243557425465752e+39,0.3893737571547102,0.36796202771878983,0.29734343928867757,0.6478747514309421
0.226,1.6717729371780143,96.32043690741655,8.216101125869654,0.04816021845370828,0.048514363149192094,2.0,7.9146034985699645,2.52,2.4347003337021094,0.5310884584108332,95.9635451562493,0.047981800677611965,1.9999988287439436,2.434447799708675,0.5348000089383987,0.5027097724962202,0.32236682156145,0.1749234059423298,4.893798080031349e+39,3.138188709938187e+39,8.031986789969536e+39,2.8083869894998376e+39,2.9595488035698087e+39,2.390944535478454e+39,1.8202343399546407e+39,0.39071138835253105,0.3684703275739618,0.2976778470881328,0.6481422776705063
0.227,1.6585937400966535,96.08618834310589,8.151330597785256,0.04804309417155295,0.04839644693820963,2.0,7.9146034985699645,2.52,2.435166469413082,0.5335233920285508,95.73019481097604,0.04786512251010763,1.9999989510266225,2.4349090332177585,0.5372346875125146,0.5014871966208079,0.3233917094806419,0.17512109389855024,4.870030846352736e+39,3.140514077403908e+39,8.010544923756644e+39,2.800889833481344e+39,2.9557152326399463e+39,2.3872375041023058e+39,1.8161235741335904e+39,0.3920474958064557,0.36897804840645315,0.29801187395161394,0.6484094991612911
0.228,1.6455184394427602,95.85246490845677,8.087070679446777,0.04792623245422838,0.04827879450228271,2.0,7.9146034985699645,2.52,2.4356300186211146,0.535958790487493,95.49736733640044,0.04774870609322015,1.999999060706697,2.435368346347985,0.5396698263646279,0.5002673614702215,0.32441541512141986,0.1753172234083586,4.8463744966203666e+39,3.14279666283715e+39,7.989171159457517e+39,2.7934164893208104e+39,2.951880386958771e+39,2.383533397600791e+39,1.812023389321054e+39,0.3933820668138687,0.36948518538927017,0.2983455167034672,0.6486764133627736
0.229,1.6325462161628232,95.6192657897618,8.023317345530968,0.047809632894880896,0.048161405438006614,2.0,7.9146034985699645,2.52,2.436090996105619,0.5383946512085532,95.26506192432154,0.047632550990117234,1.9999991590642936,2.435825686442027,0.5421054235474592,0.49905026279760917,0.3254379304448331,0.17551180675755768,4.8228285615937113e+39,3.145036608490506e+39,7.967865170084217e+39,2.7859668426867895e+39,2.94804424864492e+39,2.37983218613947e+39,1.807933730295841e+39,0.3947150888419544,0.36999173375994265,0.2986787722104886,0.6489430177683908
0.23,1.6196762576602297,95.38659017135707,7.960066602447672,0.04769329508567854,0.04804427934015952,2.0,7.9146034985699645,2.52,2.4365494165568995,0.5408309716273606,95.03327776458667,0.04751665676633628,1.999999247251631,2.4362810073636108,0.5445414770643888,0.4978358963459071,0.32645924751899635,0.17570485613509657,4.7993925734150876e+39,3.147234057579284e+39,7.946626630994372e+39,2.778540780067962e+39,2.94420680069889e+39,2.3761338405936958e+39,1.8038545423715553e+39,0.3960465495263198,0.3704976888200015,0.29901163738158,0.6492093099052639
0.231,1.6069077577443633,95.15443723565875,7.897314488089664,0.047577218617829375,0.04792741580174238,2.0,7.9146034985699645,2.52,2.437005294576739,0.543267749194191,94.80201404512607,0.047401022989465844,1.9999993263055607,2.436734268864926,0.5469779848756542,0.4966242578480313,0.3274793585181341,0.17589638363383459,4.7760660656144335e+39,3.149389154257245e+39,7.925455219871679e+39,2.771138188766321e+39,2.9403680269895223e+39,2.372438332538647e+39,1.799785771391016e+39,0.39737643666961964,0.3710030459344555,0.2993441091674049,0.649475287333924
0.232,1.5942399165801027,94.9228061631993,7.83505707158446,0.04746140308159965,0.04781081441550573,2.0,7.9146034985699645,2.52,2.437458644678985,0.5457049813738759,94.5712699519873,0.04728564922885996,1.9999993971589038,2.4371854360130922,0.549414944903948,0.4954153430270669,0.3284982557216346,0.17608640125129849,4.752848573261757e+39,3.151502043690733e+39,7.90435061695249e+39,2.763758956976395e+39,2.936527912332026e+39,2.3687456343131814e+39,1.7957273637765966e+39,0.39870473824019076,0.37150780053127247,0.2996761845600477,0.6497409476480381
0.233,1.581671940637719,94.69169613266314,7.773290453048078,0.04734584806633157,0.04769447477501352,2.0,7.9146034985699645,2.52,2.4379094812901263,0.5481426656457191,94.34104466936951,0.04717053505538224,1.999999460650702,2.437634478670346,0.5518523550394687,0.49420914759645335,0.32951593151311237,0.17627492089043423,4.729739633071394e+39,3.153572872104384e+39,7.883312505175778e+39,2.7564029738376845e+39,2.932686442538337e+39,2.3650557190612517e+39,1.7916792665633114e+39,0.4000314423706925,0.37201194810086313,0.30000786059267315,0.6500062884741385
0.234,1.5692030426431685,94.46110632092221,7.712010763340748,0.047230553160461104,0.0475783964723264,2.0,7.9146034985699645,2.52,2.438357818749868,0.5505807995034067,94.11133737965757,0.04705568004117693,1.9999995175354757,2.4380813710230798,0.5542902131444771,0.4930056672601707,0.3305323783794768,0.1764619543603525,4.7067387831702645e+39,3.1556017866042034e+39,7.862340569774468e+39,2.749070129291772e+39,2.9288436042599804e+39,2.3613685606059446e+39,1.7876414273049957e+39,0.4013565373567533,0.3725154841955663,0.30033913433918835,0.6502713074713506
0.23500000000000001,1.5568324415287762,94.23103590307117,7.651214163824543,0.04711551795153559,0.04746257909777708,2.0,7.9146034985699645,2.52,2.4388036713117023,0.5530193804549206,93.8821472634559,0.046941083759464236,1.9999995684915868,2.438526091155291,0.5567285170574024,0.49180489771292313,0.3315475889100085,0.17664751337706835,4.683845563075901e+39,3.157588935137297e+39,7.841434498213198e+39,2.741760314060559e+39,2.9249993849590764e+39,2.357684133426964e+39,1.7836137940590848e+39,0.4026800116556233,0.37301840442913686,0.30067000291390583,0.6505360023311246
0.23600000000000002,1.544559362384309,94.00148405246212,7.590896846122918,0.04700074202623106,0.04734702223999055,2.0,7.9146034985699645,2.52,2.4392470531434753,0.5554584060224544,93.65347349962228,0.04682674578435756,1.9999996141287946,2.438968620662376,0.5591672645965442,0.4906068346403201,0.33256155579544455,0.17683160956423538,4.661059513698839e+39,3.1595344664679713e+39,7.82059398016681e+39,2.734473419638745e+39,2.9211537728945273e+39,2.3540024126503548e+39,1.779596315380656e+39,0.40400185388483495,0.37352070447623725,0.30100046347120873,0.650800370776967
0.23700000000000002,1.5323830364084352,93.77244994073912,7.53105503188216,0.04688622497036956,0.047231725486190604,2.0,7.9146034985699645,2.52,2.439687978327947,0.5578978737423261,93.42531526530125,0.0467126656907005,1.9999996549950745,2.4394089443015745,0.5616064535634064,0.48941147371905674,0.33357427182706983,0.17701425445387348,4.638380177373051e+39,3.161438530173315e+39,7.799818707546366e+39,2.727209338302925e+39,2.91730675712606e+39,2.350323374052602e+39,1.7755889403273045e+39,0.4053220528208695,0.3740223800719304,0.30133051320521737,0.6510644105641737
0.23800000000000002,1.5203027008605638,93.54393273787237,7.4716849725346925,0.046771966368936185,0.04711668842457512,2.0,7.9146034985699645,2.52,2.440126460863349,0.5603377811648949,93.19767173595746,0.04659884305392174,1.9999996915827714,2.439847049675688,0.5640460817456976,0.48821881061709177,0.33458572989581675,0.17719545948709153,4.6158070980885435e+39,3.1633012767783366e+39,7.779108374866881e+39,2.719967963240168e+39,2.913458327646481e+39,2.3466469941679602e+39,1.7715916185418842e+39,0.40664059739783076,0.37452342701117564,0.3016601493494577,0.651328119479566
0.23900000000000002,1.5083175990130675,93.31593161219206,7.41278294906427,0.04665796580609603,0.04700191064309735,2.0,7.9146034985699645,2.52,2.4405625146639403,0.5627781258544755,92.97054208540868,0.046485277449905986,1.999999724334155,2.440282926947,0.5664861469200315,0.4870288409938248,0.33559592299137114,0.17737523601480404,4.593339821369279e+39,3.16512285765226e+39,7.758462679021539e+39,2.71274918846907e+39,2.909608475292597e+39,2.342973250217373e+39,1.7676043002002553e+39,0.40795747670612376,0.375023841148327,0.30198936917653096,0.6515914953412247
0.24,1.4964269801038796,93.08844573042185,7.354345271773013,0.04654422286521093,0.046887391728080444,2.0,7.9146034985699645,2.52,2.4409961535605533,0.5652189053892558,92.74392548585864,0.04637196845487932,1.9999997536464293,2.4407165685785914,0.5689266468543555,0.48584156050027055,0.33660484420128756,0.17755359529844184,4.5709778941365416e+39,3.1669034248923695e+39,7.73788131902891e+39,2.7055529087513675e+39,2.9057571916454606e+39,2.339302120028875e+39,1.7636269359527808e+39,0.40927267999114386,0.3755236183966347,0.302318169997786,0.6518545359982287
0.241,1.4846300992894643,92.86147425771217,7.296368280050275,0.046430737128856085,0.04677313126422483,2.0,7.9146034985699645,2.52,2.441427391301142,0.567660117361212,92.51782110792956,0.04625891564530778,1.9999997798762499,2.4411479691005162,0.5713675793101314,0.4846569647792327,0.33761248671010924,0.17773054851065806,4.5487208647097014e+39,3.168643131300782e+39,7.717363996010483e+39,2.698379019584085e+39,2.9019044690166034e+39,2.3356335820272922e+39,1.759659476918228e+39,0.41058619665196855,0.37602275472774804,0.30264654916299216,0.6521172393303937
0.242,1.4729262175981597,92.63501635767298,7.238848342143339,0.04631750817883649,0.04665912883463189,2.0,7.9146034985699645,2.52,2.441856241551322,0.5701017593760285,92.29222812069455,0.04614611859780747,1.9999998033437987,2.441577124898499,0.5738089420442967,0.48347504946547537,0.338618843798497,0.17790610673602764,4.526568282808493e+39,3.170342130362644e+39,7.696910413171136e+39,2.6912274171927053e+39,2.898050300435455e+39,2.3319676152248886e+39,1.7557018746783487e+39,0.411898016240059,0.37652124617122246,0.3029745040600148,0.6523796032480118
0.243,1.4613146018838885,92.40907119240646,7.181781854929933,0.04620453559620323,0.04654538402200624,2.0,7.9146034985699645,2.52,2.4422827178949063,0.5725438290530133,92.06714569170961,0.046033576889065494,1.9999998243364534,2.442004034023057,0.576250732811021,0.48229581018589307,0.33962390884236526,0.17808028097174167,4.5045196996692736e+39,3.172000576304951e+39,7.676520275974224e+39,2.684097998592386e+39,2.894194679710211e+39,2.3283041992710826e+39,1.7517540813168875e+39,0.41320812845796767,0.37701908881402774,0.3033020321144919,0.6526416256915936
0.244,1.4497945247802315,92.18363792253928,7.125165243692504,0.04609181896126964,0.0464318964102485,2.0,7.9146034985699645,2.52,2.4427068338344418,0.5749863240250179,91.84257298704556,0.0459212900957702,1.9999998431120984,2.442428696017127,0.5786929493632843,0.4811192425596795,0.3406276753120239,0.17825308212829655,4.482574668197225e+39,3.17361862418377e+39,7.656193292380996e+39,2.6769906616716768e+39,2.8903376015136514e+39,2.324643314522142e+39,1.747816049473399e+39,0.4145165231580521,0.3775162788000597,0.30362913078951304,0.6529033046316103
0.245,1.4383652646548644,91.95871570725453,7.068994961894309,0.045979357853627265,0.04631866558208776,2.0,7.9146034985699645,2.52,2.4431286027917345,0.5774292419383557,91.61850917131949,0.04580925779455002,1.9999998599021058,2.4428511117604406,0.5811355894542916,0.4799453421984943,0.34163013677132864,0.17842452103017709,4.4607327427348694e+39,3.175196429702195e+39,7.635929172437064e+39,2.6699053050479246e+39,2.886479061222988e+39,2.3209849419129617e+39,1.7438877322480998e+39,0.41582319034119686,0.3780128123296548,0.3039557975852992,0.6531646380682393
0.246,1.427026105564355,91.7343037043234,7.01326749095725,0.0458671518521617,0.04620569111871175,2.0,7.9146034985699645,2.52,2.44354803810838,0.579872580452722,91.3949534077262,0.04569747956192016,1.9999998749140178,2.4432712833290817,0.5835786508387352,0.47877410470662773,0.3426312868768376,0.17859460841653468,4.4389934790258077e+39,3.176734149163035e+39,7.615727628188843e+39,2.662841828038057e+39,2.8826190548834985e+39,2.3173290629285275e+39,1.7399690831819048e+39,0.4171281201555418,0.37850868565910584,0.30428203003888543,0.6534256240311084
0.247,1.4157763372093135,91.51040107013658,6.957979340041462,0.04575520053506829,0.04609297259978595,2.0,7.9146034985699645,2.52,2.443965153046279,0.5823163372411136,91.17190485806917,0.04558595497423597,1.9999998883339667,2.4436892138687663,0.5860221312739294,0.4776055256811656,0.34363111937697416,0.1787633549418603,4.4173564342162273e+39,3.178231939448144e+39,7.595588373664371e+39,2.6558001306518782e+39,2.8787575791964565e+39,2.3136756595949106e+39,1.736060056251161e+39,0.41843130289521685,0.3790038951001824,0.30460782572380424,0.6536862605790433
0.248,1.4046152548899018,91.28700695973524,6.903127045826653,0.04564350347986762,0.045980509603670366,2.0,7.9146034985699645,2.52,2.4443799607881602,0.5847605099897502,90.94936268279133,0.045474683607652666,1.9999999003288504,2.4441049074805594,0.5884660285208207,0.4764396007121499,0.3446296281111986,0.17893077117665152,4.3958211668752026e+39,3.1796899580117195e+39,7.575511124886922e+39,2.648780113596826e+39,2.8748946315195764e+39,2.3100247144803143e+39,1.7321606058698916e+39,0.4197327289990855,0.37949843701965247,0.30493318224977134,0.6539465457998171
0.249,1.3935421594616866,91.06412052684192,6.848707172295148,0.04553206026342096,0.045868301709695795,2.0,7.9146034985699645,2.52,2.444792474438092,0.5872050963979939,90.72732604100574,0.04536366503809062,1.9999999110482918,2.4445183691178207,0.5909103403448909,0.4752763253827409,0.3456268070091844,0.1790968676080747,4.3743872372110945e+39,3.181108363016942e+39,7.555495600228036e+39,2.6417816784014113e+39,2.871030209996606e+39,2.306376210799843e+39,1.7282706869697092e+39,0.42103238904949286,0.3799923078388073,0.30525809726237324,0.6542064778098985
0.25,1.3825563572918462,90.84174092389097,6.794716310516653,0.045420870461945484,0.04575634849736371,2.0,7.9146034985699645,2.52,2.4452027070219913,0.589650094178272,90.50579409052564,0.045252898841205556,1.9999999206264003,2.4449296044933195,0.5933550645169618,0.47411569526937536,0.3466226500900023,0.17926165464062233,4.3530542069920155e+39,3.182487313261634e+39,7.535541520253649e+39,2.634804727361416e+39,2.8671643134952234e+39,2.3027301323661386e+39,1.7243902549639536e+39,0.4223302737710229,0.3804855040329887,0.3055825684427558,0.6544660547542046
0.251,1.37165716021572,90.61986730205867,6.741151078434719,0.04530993365102933,0.04564464954474152,2.0,7.9146034985699645,2.52,2.445610671488132,0.5920955010559992,90.2847659878946,0.04514238459236332,1.9999999291833592,2.4453386199955385,0.5958001988139132,0.4729577059419241,0.34761715146131167,0.17942514259676423,4.331821639391047e+39,3.183826968047093e+39,7.51564860743814e+39,2.6278491634399093e+39,2.8632969414942864e+39,2.2990864634994015e+39,1.720519265681524e+39,0.42362637402926223,0.3809780221311197,0.3059065935073156,0.6547252748058525
0.252,1.3608438854937008,90.39849881129314,6.688008120654886,0.04519924940564657,0.04553320442845195,2.0,7.9146034985699645,2.52,2.4460163807076474,0.5945413147695002,90.06424088841624,0.04503212186661859,1.9999999368268508,2.4457454226132755,0.5982457410193188,0.4718023529638481,0.3486103053185574,0.1795873417175945,4.310689098984561e+39,3.185127487156753e+39,7.495816586141313e+39,2.6209148902592008e+39,2.859428094070655e+39,2.295445189017451e+39,1.716657675360804e+39,0.4249206808295704,0.3814698587152368,0.3062301702073926,0.6549841361659141
0.253,1.3501158557684676,90.17763460034412,6.635284108234492,0.04508881730017206,0.04542201272369293,2.0,7.9146034985699645,2.52,2.446419847475028,0.5969875330699315,89.84421794618359,0.04492211023869723,1.99999994365334,2.446150019867753,0.6006916889240136,0.4706496318923536,0.34960210594417335,0.179748262163473,4.2896561517534105e+39,3.1863890308372196e+39,7.47604518259063e+39,2.614001812094626e+39,2.855557771888082e+39,2.291806294227431e+39,1.7128054406447914e+39,0.42621318531585695,0.3819610104200256,0.3065532963289642,0.6552426370631714
0.254,1.3394723990225545,89.95727381679211,6.58297573847415,0.044978636908396055,0.04531107400528858,2.0,7.9146034985699645,2.52,2.446821084508618,0.5994341537212062,89.62469631410849,0.04481234928298189,1.999999949749225,2.4465524197514945,0.6031380403265928,0.46949953827854446,0.35059254770679377,0.17990791401466172,4.268722365181169e+39,3.187611759852137e+39,7.456334125033306e+39,2.6071098339277295e+39,2.851685976251139e+39,2.2881697649696954e+39,1.7089625186151793e+39,0.4275038787693675,0.3824514739323596,0.3068759696923419,0.6555007757538737
0.255,1.3289128485362542,89.73741560707742,6.531079734710852,0.04486870780353871,0.045200387849479634,2.0,7.9146034985699645,2.52,2.4472201044511053,0.6018811744999193,89.40567514395028,0.04470283857350032,1.9999999551918755,2.4469526306733265,0.6055847930338586,0.468352067667574,0.3515816250604698,0.18006630727195622,4.24788730842038e+39,3.1887958355896936e+39,7.436683144010073e+39,2.6002388615419838e+39,2.8478127092062994e+39,2.2845355876994384e+39,1.7051288668544338e+39,0.4287927526074754,0.3829412459908406,0.3071981881518689,0.655758550521495
0.256,1.318436542845856,89.51805911652916,6.479592846112732,0.04475902955826458,0.04508995383158694,2.0,7.9146034985699645,2.52,2.447616919870012,0.6043285931952683,89.1871535863447,0.0445935776839165,1.9999999600505634,2.4473506614088936,0.6080319448612074,0.4672072155987957,0.35256933254389217,0.1802234518573122,4.227150552069412e+39,3.1899414198805443e+39,7.417091971949957e+39,2.5933888013811036e+39,2.843937973383597e+39,2.2809037493601272e+39,1.701304443352302e+39,0.43007979838247945,0.38343032338534216,0.30751994959561985,0.6560159596764958
0.257,1.308042825702208,89.29920348939343,6.428511847475414,0.04464960174469672,0.04497977152556099,2.0,7.9146034985699645,2.52,2.4480115432581773,0.606776407608983,88.9691307908322,0.044484566187523875,1.999999964387299,2.447746521056165,0.6104794936329768,0.4660649776059108,0.3535556647796223,0.18037935761446688,4.206511668128874e+39,3.191048674946994e+39,7.397560343075868e+39,2.5865595605160382e+39,2.840061771956549e+39,2.2772742373519223e+39,1.697489206483442e+39,0.4313650077804127,0.3839187029565569,0.3078412519451032,0.6562730015560826
0.258,1.2977310460296119,89.08084786886177,6.377833539019989,0.04454042393443088,0.04486984050400009,2.0,7.9146034985699645,2.52,2.448403987034239,0.6092246155552481,88.75160590588605,0.04437580365724065,1.9999999682575833,2.448140218995426,0.6129274371827473,0.46492534921711676,0.35454061647332735,0.18053403430955584,4.185970230002349e+39,3.192117763385206e+39,7.378087993387554e+39,2.579751046639005e+39,2.83618410863164e+39,2.2736470395238126e+39,1.6936831150027787e+39,0.43264837261985356,0.38440638159554436,0.3081620931549634,0.6565296745239707
0.259,1.2875005578850343,88.862991397099,6.32755474619257,0.0444314956985495,0.04476016033834112,2.0,7.9146034985699645,2.52,2.4487942635431117,0.6116732148606301,88.53457807894033,0.04426728966560703,1.9999999717110821,2.4485317648533322,0.6153757733536049,0.46378832595525216,0.3555241824130233,0.18068749163172448,4.165525812513115e+39,3.193148848160004e+39,7.35867466067312e+39,2.5729631680675244e+39,2.832304987648888e+39,2.2700221441746252e+39,1.68988612804744e+39,0.43392988485074807,0.38489335624328425,0.30848247121268707,0.6567859769701495
0.26,1.2773507204176502,88.64563321527096,6.277672319465448,0.04432281660763548,0.044650730601078305,2.0,7.9146034985699645,2.52,2.4491823850564587,0.6141222033640034,88.3180464564175,0.04415902378478401,1.9999999747922301,2.448921168470615,0.6178244999983716,0.4626539033379421,0.35650635746832265,0.18083973919373525,4.1451779921088496e+39,3.1941420927451815e+39,7.33932008485403e+39,2.5661958338650458e+39,2.828424413911055e+39,2.2663995401571015e+39,1.6860982052153267e+39,0.4352095365532363,0.38537962389022973,0.30880238413830907,0.6570419073106473
0.261,1.2672808978286927,88.42877246357182,6.228183134139778,0.04421438623178591,0.04454155086510532,2.0,7.9146034985699645,2.52,2.449568363773166,0.6165715789164783,88.10201018375577,0.04405100558655352,1.999999977540779,2.4493084398730764,0.6202736149798062,0.46152207687774,0.35748713658969045,0.18099078653256961,4.1249263467968445e+39,3.1950976610603375e+39,7.320024007857181e+39,2.5594489537962178e+39,2.824542392931508e+39,2.2627792168365208e+39,1.6823193065351964e+39,0.4364873199364889,0.3858651815758658,0.30912182998412224,0.6572974639872978
0.262,1.2572904593316316,88.21240828125136,6.179084090149874,0.04410620414062568,0.044432620702053276,2.0,7.9146034985699645,2.52,2.4499522118198063,0.6190213393813272,87.88646840543623,0.04394323464232005,1.9999999799922816,2.4496935892455634,0.6227231161707734,0.4603928420822708,0.35846651480770364,0.18114064311002553,4.104770455987373e+39,3.1960157173349e+39,7.300786173322272e+39,2.552722438224571e+39,2.8206589307181616e+39,2.2591611639981796e+39,1.6785493923988377e+39,0.4377632273375473,0.38635002638826793,0.30944080683438685,0.6575526454675095
0.263,1.2473787791126558,87.99653980664175,6.130372111868989,0.043998269903320876,0.044323939682271905,2.0,7.9146034985699645,2.52,2.450333941251105,0.6214714826339134,87.67142026500971,0.04383571052311324,1.9999999821785306,2.4500766269086083,0.6251730014543929,0.4592661944543701,0.3594444872323197,0.1812893183133102,4.08470990049068e+39,3.196896426088958e+39,7.281606326579637e+39,2.5460161981047684e+39,2.8167740337613244e+39,2.255545371838167e+39,1.6747884235553095e+39,0.43903725122017473,0.38683415546366645,0.3097593128050437,0.657807450244035
0.264,1.2375452362914743,87.78116617718419,6.0820441479166725,0.043890583088592096,0.0442155073748484,2.0,7.9146034985699645,2.52,2.4507135640504,0.6239220065616194,87.45686490512335,0.04372843279959155,1.999999984127953,2.45045756329748,0.6276232687241645,0.45814212949222327,0.3604210490521489,0.1814368214556279,4.064744262517443e+39,3.1977399521169946e+39,7.262484214634437e+39,2.5393301449770762e+39,2.812887709024034e+39,2.2519318309561363e+39,1.6710363611066535e+39,0.4403093841737121,0.3873175659860106,0.31007734604342807,0.6580618768347425
0.265,1.2277892148824208,87.5662865294553,6.034097170967614,0.043783143264727646,0.044107323348641675,2.0,7.9146034985699645,2.52,2.4510910921300986,0.6263729090637753,87.24280146754698,0.04362140104204679,1.9999999858659607,2.450836408943407,0.6300739158840725,0.45702064268950365,0.3613961955337327,0.1815831617767637,4.0448731257722905e+39,3.198546460545504e+39,7.243419586317795e+39,2.532664191020208e+39,2.808999963997206e+39,2.248320532399935e+39,1.6672931665420432e+39,0.44157961891194136,0.38780025518653766,0.31039490472798537,0.6583159237823882
0.266,1.218110103755871,87.35189999919322,5.986528177562025,0.04367594999959661,0.043999387174062106,2.0,7.9146034985699645,2.52,2.4514665373321325,0.6288241880515879,87.02922909319918,0.04351461482040948,1.9999999874152676,2.4512131744567474,0.6325249408486734,0.45590172953550817,0.3623699220208299,0.18172834844366198,4.025096075614087e+39,3.1993161169462585e+39,7.224412192560345e+39,2.526018249146974e+39,2.805110806802854e+39,2.2447114677486338e+39,1.663558801800227e+39,0.4428479482719569,0.3882822203433436,0.31071198706798925,0.6585695896543914
0.267,1.2085072965999575,87.13800572132345,5.93933418791748,0.043569002860661725,0.0438916984207573,2.0,7.9146034985699645,2.52,2.4518399114284057,0.6312758414480717,86.81614692217322,0.04340807370425491,1.999999988796172,2.451587870511922,0.6349763415431661,0.45478538551529246,0.36334222393370685,0.18187239055100068,4.0054126988401886e+39,3.20004908715337e+39,7.205461785993558e+39,2.5193922328648805e+39,2.8012202460368633e+39,2.2411046289870544e+39,1.6598332291772734e+39,0.44411436521304326,0.3887634587809564,0.3110285913032609,0.6588228730426087
0.268,1.1989801918825918,86.92460282998445,5.892512245742272,0.04346230141499222,0.0437842566571614,2.0,7.9146034985699645,2.52,2.4522112261212463,0.6337278671879777,86.60355409376251,0.04330177726280967,1.9999999900268106,2.451960507833923,0.6374281159034523,0.45367160610980467,0.3643130967684341,0.18201529712176118,3.9858225836434484e+39,3.20074553721409e+39,7.186568120857539e+39,2.5127860562438944e+39,2.7973282907300123e+39,2.23750000847503e+39,1.6561164113047602e+39,0.44537886281556044,0.38924396786991294,0.3113447157038901,0.659075772563112
0.269,1.1895281928137813,86.71169045855297,5.846059418050216,0.043355845229276484,0.04367706145051234,2.0,7.9146034985699645,2.52,2.452580493043847,0.636180263217725,86.39144974648615,0.043195725064958924,1.9999999911233877,2.4523310971862458,0.6398802618761772,0.4525603867960174,0.36528253609618927,0.18215707710779333,3.966325319612273e+39,3.2014056333735873e+39,7.167730952985861e+39,2.5061996339111403e+39,2.7934349503388526e+39,2.2338975989405692e+39,1.6524083111456848e+39,0.44664143427983694,0.38972374502633805,0.3116603585699593,0.6593282868559674
0.27,1.1801507073082493,86.49926773966924,5.79997279497694,0.04324963386983462,0.043570112367056574,2.0,7.9146034985699645,2.52,2.452947723760706,0.6386330274953308,86.17983301811378,0.04308991667925397,1.9999999921003755,2.4526996493601034,0.6423327774187652,0.4514517230470592,0.36625053756256454,0.1822977393903763,3.946920497747625e+39,3.202029542073733e+39,7.148950039821357e+39,2.499632881056419e+39,2.789540234748717e+39,2.230297393482705e+39,1.6487088919975247e+39,0.4479020729250679,0.39020278771152583,0.311975518231267,0.6595804145850136
0.271,1.170847147948342,86.28733380526167,5.754249489597586,0.043143666902630835,0.04346340897427031,2.0,7.9146034985699645,2.52,2.4533129297680687,0.6410861579903437,85.9687030456907,0.042984351673920285,1.999999992970701,2.4530661751647833,0.644785660499441,0.4503456103323436,0.36721709688688153,0.18243729278077492,3.9276077106619216e+39,3.2026174301009227e+39,7.130225140762845e+39,2.4930857135534423e+39,2.7856441544061766e+39,2.2266993856777994e+39,1.6450181175716803e+39,0.4491607721882233,0.3906810934315249,0.3122901930470558,0.6598321544376445
0.272,1.1616169319472334,86.07588778657161,5.708886637745981,0.04303794389328581,0.04335695084010672,2.0,7.9146034985699645,2.52,2.453676122494358,0.643539652683774,85.75805896556236,0.042879029616865905,1.9999999937459068,2.45343068541904,0.6472389090972446,0.4492420441176982,0.3681822098615103,0.18257574602079152,3.908386552506877e+39,3.203169464516959e+39,7.111556017023836e+39,2.486558047910432e+39,2.781746720261688e+39,2.2231035695340073e+39,1.6413359519604822e+39,0.45041752562296145,0.39115865973672537,0.31260438140574043,0.6600835051245925
0.273,1.152459481112421,85.86492881417767,5.66388139783523,0.04293246440708884,0.04325073753140126,2.0,7.9146034985699645,2.52,2.4540373133006077,0.6459935095680264,85.54789991339872,0.042773950075690126,1.9999999944362976,2.4537931909434247,0.6496925212020356,0.44814101986549165,0.36914587235119467,0.18271310778331373,3.889256618826623e+39,3.203685812526901e+39,7.092942431353525e+39,2.480049801172561e+39,2.777847943657997e+39,2.21950993940243e+39,1.637662359572339e+39,0.45167232689854936,0.39163548422144867,0.31291808172463736,0.66033446537971
0.274,1.1433742218095024,85.65445601801977,5.6192309506796905,0.042827228009009885,0.0431447686138579,2.0,7.9146034985699645,2.52,2.454396513480892,0.648447726646834,85.33822502421846,0.042669112617692365,1.9999999950510743,2.4541537025534272,0.6521464948144934,0.4470425330347593,0.3701080802923831,0.1828493866728575,3.870217506554718e+39,3.20416664146265e+39,7.074384148017368e+39,2.4735608909151637e+39,2.773947836319628e+39,2.215918489969136e+39,1.6339973051267237e+39,0.45292516979879216,0.392111564523541,0.31323129244969805,0.6605850339597584
0.275,1.134360584926248,85.4444685274232,5.574932499318409,0.0427222342637116,0.04303904365206878,2.0,7.9146034985699645,2.52,2.4547537342627495,0.6509023019351896,85.1290334324129,0.04256451680988144,1.9999999955984467,2.4545122310533927,0.6546008279461059,0.4459465790813287,0.3710688296925651,0.18298459122610627,3.851268814014157e+39,3.20461211876923e+39,7.055880932783387e+39,2.4670912352389465e+39,2.7700464103446524e+39,2.212329216248985e+39,1.6303407536504814e+39,0.45417604822096713,0.3925868983239675,0.3135440120552418,0.6608352096441934
0.276,1.1254180058369447,85.23496547112211,5.530983268839881,0.042617482735561055,0.04293356221063565,2.0,7.9146034985699645,2.52,2.4551089868076055,0.6533572334592811,84.9203242717696,0.042460162218984784,1.9999999960857435,2.454868787231091,0.6570555186191592,0.44485315345794185,0.37202811662961227,0.18311872991244588,3.832410141015656e+39,3.2050224120735127e+39,7.037432553089169e+39,2.4606407528283806e+39,2.7661436782675517e+39,2.208742113636212e+39,1.6266926705159192e+39,0.4554249561747669,0.3930614833464114,0.31385623904369175,0.6610849912349535
0.277,1.116545924367033,85.02594597728297,5.487380506208255,0.042512972988641484,0.042828323855780066,2.0,7.9146034985699645,2.52,2.455462282211193,0.6558125192564253,84.71209667549586,0.042356048411457986,1.9999999965195028,2.4552233818528957,0.6595105648667163,0.44376225161437827,0.3729859372511273,0.1832518111344945,3.813641088997965e+39,3.2053976892910364e+39,7.019038778289001e+39,2.4542093630381125e+39,2.7622396531541736e+39,2.2051571779805594e+39,1.623053021497531e+39,0.45667188778124995,0.3935353173568749,0.3141679719453125,0.66133437755625
0.278,1.1077437847580123,84.8174091735279,5.44412148009086,0.042408704586763955,0.0427233281530403,2.0,7.9146034985699645,2.52,2.4558136315039674,0.6582681573750008,84.50434977624195,0.042252174953494426,1.999999996905558,2.4555760256595116,0.6619659647325937,0.4426738689975764,0.37394228777379374,0.18338384322862983,3.7949612608184534e+39,3.205738118441192e+39,7.000699379259645e+39,2.4477969857551207e+39,2.758334348444775e+39,2.201574405462227e+39,1.6194217726805022e+39,0.4579168372717945,0.3940083981632819,0.31447920931794865,0.661583367454359
0.279,1.0990110356326306,84.60935418695748,5.401203480687125,0.04230467709347874,0.04261857466688523,2.0,7.9146034985699645,2.52,2.4561630456515204,0.6607241458743853,84.297082706124,0.04214854141103495,1.9999999972491125,2.4559267293621754,0.6644217162713345,0.4415880010517524,0.37489716448273713,0.18351483446551053,3.776370260716546e+39,3.2060438676042005e+39,6.982414128320747e+39,2.4414035413708905e+39,2.75442777792016e+39,2.1979937925651993e+39,1.615798890441841e+39,0.45915979898706555,0.39448072361508485,0.3147899497467664,0.661831959797413
0.28,1.090347129960343,84.40178014417343,5.358623819558821,0.042200890072086716,0.042514062960730646,2.0,7.9146034985699645,2.52,2.4565105355549925,0.6631804828248896,84.09029459674686,0.04204514734977768,1.999999997554807,2.4562755036393,0.6668778175481768,0.44050464321851923,0.3758505637308859,0.1836447930505949,3.757867694313217e+39,3.2063151049081346e+39,6.964182799221351e+39,2.4350289507766964e+39,2.7505199556937885e+39,2.1944153360713042e+39,1.6121843414467824e+39,0.46040076737598346,0.39495229160287376,0.3151001918439959,0.6620801534751968
0.281,1.0817515250230485,84.19468617130131,5.316379829461668,0.042097343085650656,0.0424097925971941,2.0,7.9146034985699645,2.52,2.4568561120514776,0.6656371663076939,83.8839845792266,0.04194199233518788,1.9999999978267806,2.456622359133509,0.6693342666390192,0.43942379093700445,0.37680248193834126,0.18377372712465428,3.7394531686314656e+39,3.2065519985342107e+39,6.946005167165677e+39,2.4286731353726144e+39,2.746610896219449e+39,2.190839033066688e+39,1.608578092654293e+39,0.46163973699470295,0.3954231000579871,0.3154099342486757,0.6623279473989405
0.28200000000000003,1.0732236823810883,83.98807139401272,5.274468864178236,0.04199403569700636,0.04230576314034932,2.0,7.9146034985699645,2.52,2.457199785914429,0.6680941944147822,83.67815178421277,0.0418390759325078,1.9999999980687235,2.4569673064490183,0.6717910616303849,0.4383454396439664,0.37775291559174995,0.18390164476428372,3.721126292292319e+39,3.206754716874103e+39,6.927881009166421e+39,2.4223360171910568e+39,2.742700614428772e+39,2.18726488105181e+39,1.60498011139849e+39,0.46287670250559737,0.395893146952127,0.31571917562639934,0.6625753405011194
0.28300000000000003,1.0647630678395228,83.78193493754728,5.232888298352207,0.04189096746877364,0.042201974154706445,2.0,7.9146034985699645,2.52,2.457541567854062,0.6705515652488822,83.47279534191055,0.04173639770676667,1.9999999982839252,2.4573103561493346,0.6742482006193796,0.4372695847739088,0.37870186124368405,0.1840285539824072,3.702886675420596e+39,3.2069234284412315e+39,6.909810103861827e+39,2.4160175188328072e+39,2.73878912565727e+39,2.1836928778826732e+39,1.6013903653459748e+39,0.4641116586762511,0.3963624302969754,0.31602791466906277,0.6628223317352502
0.28400000000000003,1.0563691514146647,83.57627592673454,5.191635527323895,0.04178813796336727,0.042098425203783464,2.0,7.9146034985699645,2.52,2.457881468517752,0.6730092769233991,83.26791438210257,0.041633957222790556,1.9999999984753183,2.4576515187552315,0.6767056817136524,0.43619622175919526,0.3796493155120247,0.18415446272878006,3.68473392951621e+39,3.207058301749888e+39,6.891792231266098e+39,2.409717563379755e+39,2.734876445543499e+39,2.1801230216906917e+39,1.5978088224376413e+39,0.46534460037845865,0.3968309481438143,0.3163361500946147,0.6630689200756917
0.28500000000000003,1.0480414073008832,83.37109348601562,5.15070796696711,0.04168554674300781,0.04199511585010448,2.0,7.9146034985699645,2.52,2.458219498490432,0.6754673275623547,83.06350803417057,0.041531754045212324,1.9999999986455164,2.4579908047429804,0.6791635030313512,0.435125346030162,0.38059527507935115,0.1842793788904868,3.666667667451876e+39,3.2071595053018935e+39,6.87382717275377e+39,2.40343607438943e+39,2.730962590020549e+39,2.1765553108762276e+39,1.594235450884625e+39,0.46657552258723023,0.3972986985831474,0.3166438806468076,0.6633151045174459
0.28600000000000003,1.039779313837664,83.16638673946458,5.1101030535272605,0.04158319336973229,0.04189204565522452,2.0,7.9146034985699645,2.52,2.4585556682949847,0.6779257153003246,82.85957542711685,0.04142978773848157,1.999999998796849,2.458328224542805,0.6816216627010763,0.43405695301522973,0.3815397366923352,0.18440331029243506,3.648687503473107e+39,3.207227207575449e+39,6.855914711048556e+39,2.3971729758911038e+39,2.727047575309353e+39,2.1729897441035738e+39,1.5906702191653032e+39,0.4678044203798052,0.397765679744326,0.31695110509495134,0.663560884075961
0.28700000000000003,1.0315823534769346,82.96215481080964,5.06981824346078,0.04148107740540482,0.04178921418101938,2.0,7.9146034985699645,2.52,2.4588899883926327,0.6803844382823764,82.65611568958548,0.0413280578668745,1.9999999989313912,2.4586637885375384,0.6840801588618356,0.43299103814101375,0.3824826971611402,0.184526264697846,3.6307930533080633e+39,3.2072615771112834e+39,6.838054630419346e+39,2.390928192454317e+39,2.7231314179945437e+39,2.1694263203616905e+39,1.5871130960703792e+39,0.46903128893467133,0.3982318897951751,0.3172578222336679,0.6638062577869343
0.28800000000000003,1.0234500127506418,82.75839682345408,5.0298510132757785,0.04137919841172704,0.04168662099097629,2.0,7.9146034985699645,2.52,2.459222469183329,0.6828434946640081,82.45312794988325,0.04122656399450379,1.999999999050992,2.458997507061459,0.6865389896629951,0.431927596832434,0.3834241533588256,0.1846482498087404,3.6129839342758047e+39,3.2072627826005005e+39,6.820246716876305e+39,2.3847016492574496e+39,2.7192141351009773e+39,2.165865039025386e+39,1.5835640507481098e+39,0.4702561235305923,0.3986973269416251,0.31756403088264806,0.6640512247061184
0.289,1.0153817822385909,82.5551119004971,4.990198859373984,0.04127755595024855,0.04158426564793256,2.0,7.9146034985699645,2.52,2.4595531210061394,0.6853028826110876,82.2506113360006,0.04112530568532849,1.999999999157298,2.459329390399291,0.6889981532642301,0.4308666245128229,0.38436410222075584,0.18476927326642117,3.595259765085771e+39,3.20723099270009e+39,6.802490757785861e+39,2.3784932719530984e+39,2.7152957439389235e+39,2.1623058997321948e+39,1.5800230526146707e+39,0.47147891954564153,0.39916198942734377,0.3178697298864104,0.6642957839091281
0.29,1.0073771565365297,82.35229916475431,4.950859297893891,0.041176149582377156,0.04148214771378838,2.0,7.9146034985699645,2.52,2.4598819541396266,0.6877626002997913,82.04856497563203,0.04102428250316368,1.9999999992517767,2.4596594487853434,0.6914576478354765,0.42980811660403306,0.3853025407440149,0.18488934265195206,3.577620165810412e+39,3.207166375998682e+39,6.784786541809093e+39,2.3723029866465364e+39,2.7113762620774995e+39,2.1587489023614892e+39,1.5764900713394826e+39,0.47269967245624267,0.3996258755333722,0.3181749181140607,0.6645399344912486
0.291,0.9994356342244942,82.14995773877813,4.91182986455519,0.041074978869389066,0.04138026674952239,2.0,7.9146034985699645,2.52,2.46020897880223,0.690222645916544,81.8469879961966,0.040923494011690334,1.9999999993357345,2.459987692402785,0.6939174715568786,0.42875206852654335,0.38623946598682407,0.18500846548663258,3.5600647578842076e+39,3.20706910100559e+39,6.767133858889797e+39,2.3661307198915377e+39,2.7074557073378795e+39,2.155194047029357e+39,1.5729650768420637e+39,0.4739183778362167,0.40008898357776235,0.3184795944590542,0.6647836755672433
0.292,0.9915567178353983,81.94808674487791,4.873108114504399,0.040974043372438956,0.04127862231553786,2.0,7.9146034985699645,2.52,2.460534205152642,0.692683017657959,81.64587952485803,0.040822939774464974,1.9999999994103335,2.46031413138303,0.696377622618737,0.4276984756995641,0.38717487506796683,0.18512664923246908,3.5425931641310217e+39,3.206939336165746e+39,6.749532500296767e+39,2.3599763987051636e+39,2.703534097808272e+39,2.1516413341007898e+39,1.569448039301506e+39,0.47513503135583707,0.4005513119152181,0.3187837578389593,0.6650270062711674
0.293,0.9837399138238683,81.7466853051398,4.834691622161698,0.0408733426525699,0.04117721397393006,2.0,7.9146034985699645,2.52,2.4608576432901836,0.6951437137307792,81.44523868854476,0.04072261935492928,1.9999999994766102,2.460638775805226,0.6988380992214592,0.4266473335411406,0.3881087651662174,0.185243901292642,3.5252050089554566e+39,3.206777250024786e+39,6.731982258980243e+39,2.3538399506923926e+39,2.699611451985072e+39,2.148090764302245e+39,1.5659389292390544e+39,0.4763496287808915,0.40101285893673877,0.3190874071952229,0.6652699257561783
0.294,0.9759847325353315,81.54575254144665,4.796577981069011,0.040772876270723325,0.04107604128710637,2.0,7.9146034985699645,2.52,2.4611793032551748,0.697604732351816,81.24506461396962,0.04062253231641967,1.9999999995354862,2.460961635695836,0.7012988995755041,0.42559863746825716,0.3890411335197727,0.18536022901197008,3.5078999182198776e+39,3.206583011112119e+39,6.714482929331996e+39,2.3477213039622366e+39,2.6956877886756445e+39,2.1445423386444292e+39,1.5624377174621196e+39,0.47756216597174855,0.4014736230692645,0.31939054149293716,0.6655124331943497
0.295,0.9682906881753388,81.34528757549734,4.758764803739238,0.040672643787748666,0.04097510381659759,2.0,7.9146034985699645,2.52,2.4614991950293055,0.7000660717478929,81.04535642764938,0.04052267822217676,1.9999999995877826,2.4612827210283035,0.7037600219013322,0.42455238289693803,0.38997197742569206,0.18547563967736996,3.490677519139434e+39,3.2063567878375744e+39,6.697034306977008e+39,2.3416203870548983e+39,2.69176312691322e+39,2.1409960583547955e+39,1.558944375015528e+39,0.47877263888243393,0.40193360277532486,0.3196931597206085,0.6657545277764867
0.296,0.9606572987791386,81.14528952882627,4.721249721506726,0.040572644764413135,0.04087440112306705,2.0,7.9146034985699645,2.52,2.4618173285360014,0.7025277301557857,80.84611325592425,0.04042305663535492,1.999999999634229,2.4616020417227853,0.7062214644293489,0.42350856524234887,0.3909012942393381,0.18559014051831296,3.473537440280369e+39,3.2060987484808e+39,6.679636188761169e+39,2.3355371289374718e+39,2.687837485950161e+39,2.137451924872434e+39,1.555458873178331e+39,0.4799810435597115,0.40239279655269033,0.3199952608899279,0.6659962087119423
0.297,0.953084086181482,80.94575752282239,4.684030384378868,0.040472878761411195,0.040773932766350496,2.0,7.9146034985699645,2.52,2.4621337136407893,0.704989705822165,80.64733422497689,0.04032366711903146,1.9999999996754751,2.4619196076459526,0.7086832253998544,0.4224671799188963,0.3918290813738258,0.1857037387072778,3.456479311560904e+39,3.2058090611832756e+39,6.662288372744179e+39,2.3294714590014615e+39,2.683910885253364e+39,2.1339099398446548e+39,1.5519811834618314e+39,0.4811873761421725,0.40285120293402554,0.32029684403554315,0.6662374752284345
0.298,0.9455705759866722,80.7466906787483,4.647104460888915,0.040373345339374145,0.040673698306966835,2.0,7.9146034985699645,2.52,2.4624483601516567,0.707451997003537,80.44901846085146,0.04022450923621606,1.9999999997120996,2.4622354286108545,0.7111453030629884,0.42142822234032734,0.3927553362994727,0.18581644136019992,3.439502764376435e+39,3.205487894056411e+39,6.644990658432846e+39,2.3234233071443515e+39,2.6799833445966617e+39,2.1303701052006722e+39,1.548511277663638e+39,0.4823916328593294,0.4033088204865451,0.3205979082148324,0.6664783265718659
0.299,0.9381162975388463,80.54808811775881,4.610469637949915,0.0402740440588794,0.040573697306950665,2.0,7.9146034985699645,2.52,2.462761277819412,0.7099146019661879,80.25116508947241,0.04012558254985991,1.9999999997446167,2.4625495143768212,0.713607695678677,0.4203916879198268,0.39368005654325583,0.18592825553691733,3.422607431665609e+39,3.2051354152379214e+39,6.627742846903531e+39,2.3173926038124235e+39,2.6760548841091867e+39,2.1268324231901866e+39,1.5450491278960127e+39,0.4835938100307188,0.4037656478116731,0.32089845250767973,0.6667187620061437
0.3,0.9307207838924951,80.34994896091956,4.574123620709836,0.04017497448045978,0.04047392932770517,2.0,7.9146034985699645,2.52,2.4630724763380423,0.7123775189861268,80.05377323666302,0.04002688662286487,1.9999999997734843,2.462861874649429,0.7160704015165784,0.41935757207011365,0.3946032396882737,0.18603918824161259,3.405792947724633e+39,3.2047517927133525e+39,6.610544740437985e+39,2.3113792798734215e+39,2.672125524127431e+39,2.1232968962659352e+39,1.541594706500812e+39,0.4847939040650105,0.40422168354470406,0.3211984760162526,0.6669587808130021
0.301,0.9233835717832097,80.15227232922551,4.538064132407792,0.04007613616461275,0.040374393929817946,2.0,7.9146034985699645,2.52,2.463381965345066,0.7148407463490274,79.85684202816381,0.03992842101809255,1.9999999997991083,2.463172519080488,0.7185334188560294,0.4183258702035383,0.39552488337320985,0.18614924642325187,3.389058948189019e+39,3.204337194291115e+39,6.593396142480134e+39,2.3053832666014454e+39,2.6681952851762532e+39,2.1197635270688055e+39,1.5381479860391256e+39,0.48599191145912096,0.40467692635446595,0.32149797786478024,0.6671983822918242
0.302,0.9161042015986656,79.95505734361888,4.502288914231445,0.03997752867180944,0.040275090673075865,2.0,7.9146034985699645,2.52,2.463689754421885,0.7173042823501742,79.66037058965078,0.039830185298373226,1.9999999998218518,2.463481457268081,0.7209967459859922,0.41729657773217577,0.39644498529180416,0.18625843697602007,3.372405070032199e+39,3.203891787593333e+39,6.576296857625531e+39,2.2994044956732632e+39,2.6642641879630835e+39,2.11623231842344e+39,1.5347089392885383e+39,0.4871878287973371,0.40513137494298807,0.3217969571993343,0.6674375657594673
0.303,0.9088822173498284,79.75830312500736,4.466795725175493,0.03987915156250368,0.04017601911695245,2.0,7.9146034985699645,2.52,2.463995853094134,0.7197681252944038,79.46435804675338,0.03973217902651482,1.9999999998420357,2.4637886987566286,0.7234603812049997,0.4162696900679209,0.3973635431923265,0.1863667667397526,3.355830951603583e+39,3.203415740084505e+39,6.559246691688088e+39,2.2934428991916394e+39,2.660332253403491e+39,2.112703273358744e+39,1.5312775392584306e+39,0.4883816527504432,0.4055850280451684,0.3220954131876108,0.6676763305500886
0.304,0.9017171666423939,79.56200879428178,4.431582341901304,0.03978100439714089,0.040077178822807556,2.0,7.9146034985699645,2.52,2.464300270832028,0.7222322734960513,79.26880352507231,0.03963440176531162,1.9999999998599467,2.464094253036981,0.7259243228211031,0.41524520262258047,0.39828055487705544,0.1864742425003641,3.3393362328086664e+39,3.2029092192377045e+39,6.54224545204637e+39,2.2874984098064234e+39,2.656399502760529e+39,2.1091763952187002e+39,1.5278537592706197e+39,0.48957338007485734,0.40603788442844574,0.32239334501871436,0.6679146760149715
0.305,0.8946086006484456,79.36617347233374,4.396646558597631,0.03968308673616687,0.03997856935214582,2.0,7.9146034985699645,2.52,2.4646030170507056,0.7246967252788954,79.0737061501973,0.039536853077553114,1.9999999998758389,2.464398129546535,0.7283885691518172,0.4142231108079653,0.3991960182017614,0.18658087099027332,3.322920554958832e+39,3.202372392387637e+39,6.52529294734647e+39,2.281570960610654e+39,2.6524659575235256e+39,2.1056516875662033e+39,1.5244375728898655e+39,0.49076300761177194,0.40648994289247337,0.322690751902943,0.6681526015223543
0.306,0.8875560740783432,79.17079628007312,4.361986186842448,0.03958539814003656,0.0398801902657066,2.0,7.9146034985699645,2.52,2.4649041011105717,0.7271614789761007,78.87906504772441,0.03943953252603259,1.9999999998899387,2.4647003376693797,0.7308531185240676,0.4132034100359817,0.4001099310751934,0.1866866588888249,3.306583560692243e+39,3.2018054266486676e+39,6.508388987340911e+39,2.2756604850842346e+39,2.648531639341494e+39,2.1021291541303493e+39,1.5210289538860322e+39,0.4919505322863021,0.40694120226879477,0.3229876330715756,0.6683901064572603
0.307,0.8805591451528261,78.97587633844527,4.327599055465856,0.039487938169222636,0.03978204112347797,2.0,7.9146034985699645,2.52,2.465203532317638,0.7296265329301659,78.68487934327344,0.03934243967355572,1.9999999999024465,2.465000886736453,0.733317969274138,0.41218609571872117,0.40102229145857127,0.18679161282270762,3.2903248939722535e+39,3.201208488906345e+39,6.491533382878598e+39,2.269766917090419e+39,2.6445965700177027e+39,2.0986087988023062e+39,1.5176278762314932e+39,0.4931359511066405,0.40739166142052335,0.3232839877766602,0.6686271902213281
0.308,0.873617375575342,78.78141276844806,4.293483010414086,0.03939070638422403,0.03968412148476931,2.0,7.9146034985699645,2.52,2.4655013199238587,0.7320918854928693,78.49114816250496,0.03924557408294904,1.9999999999135412,2.4652997860257204,0.7357831197476155,0.41117116326854897,0.40193309736508115,0.18689573936636988,3.2741442000906317e+39,3.2005817458138e+39,6.474725945904432e+39,2.2638901908756755e+39,2.640660771508219e+39,2.0950906256343366e+39,1.5142343141007994e+39,0.4943192611632185,0.407841319242023,0.32357981529080465,0.6688638522326438
0.309,0.8667303305045903,78.58740469114882,4.25963591461456,0.03929370234557441,0.039586430909955186,2.0,7.9146034985699645,2.52,2.4657974731274677,0.7345575350252134,78.29787063113726,0.03914893531706841,1.9999999999233808,2.4655970447623674,0.7382485682993392,0.41015860809819316,0.4028423468593757,0.18699904504243114,3.25804112580823e+39,3.1999253639234586e+39,6.457966489731688e+39,2.2580302411649262e+39,2.6367242660318857e+39,2.0915746389272024e+39,1.5108482419341797e+39,0.4955004596278738,0.408290174658592,0.32387511490696846,0.6691000919255747
0.31,0.8598975785272821,78.39385122770108,4.226055647842021,0.03919692561385054,0.03948896896074816,2.0,7.9146034985699645,2.52,2.4660920010733096,0.7370234798973724,78.1050458749631,0.03905252293880723,1.9999999999321076,2.4658926721190073,0.7407143132933475,0.4091484256208317,0.40375003805707743,0.1871015363220908,3.2420153193727464e+39,3.1992395097016074e+39,6.441254829074354e+39,2.252187003172851e+39,2.6327870760829684e+39,2.0880608432402724e+39,1.507469634445001e+39,0.49667954375302314,0.4087382266261487,0.32416988593825574,0.6693359087506047
0.311,0.8531186916311193,78.20075149936106,4.192740106585729,0.03910037574968053,0.039391735198255236,2.0,7.9146034985699645,2.52,2.4663849128531714,0.7394897184886386,77.91267301986628,0.03895633651110483,1.999999999939846,2.4661866772158976,0.7431803531028247,0.40814061125017853,0.40465616912428826,0.1872032196255332,3.226066430354631e+39,3.198524349363436e+39,6.424590779718067e+39,2.2463604124888348e+39,2.6288492242960805e+39,2.0845492432844728e+39,1.5040984665426523e+39,0.4978565108708447,0.409185474130921,0.3244641277177112,0.6695713021741689
0.312,0.8463932451779792,78.00810462750404,4.159687203917682,0.03900405231375202,0.039294729182879566,2.0,7.9146034985699645,2.52,2.4666762175061097,0.7419562491873704,77.72075119183802,0.0388603755969545,1.999999999946707,2.4664790691211675,0.7456466861100491,0.4071351604005687,0.40556073827710104,0.18730410132233033,3.210194109636103e+39,3.1977800488562287e+39,6.407974158492332e+39,2.240550405067249e+39,2.62491073343368e+39,2.0810398439125238e+39,1.5007347133258304e+39,0.49903135839246304,0.40963191618913597,0.3247578395981158,0.6698062716784926
0.313,0.8397208178773181,77.81590973364062,4.126894869361899,0.03890795486682031,0.03919795047433457,2.0,7.9146034985699645,2.52,2.4669659240187767,0.744423070390938,77.5292795169932,0.038764639759411634,1.9999999999527902,2.4667698568510557,0.7481133107063423,0.4061320684870438,0.406463743781116,0.18740418773184025,3.194398009409437e+39,3.197006773851756e+39,6.391404783261193e+39,2.2347569172241933e+39,2.62097162638113e+39,2.0775326501151776e+39,1.4973783500801507e+39,0.500204083807143,0.41007755184671435,0.32505102095178573,0.6700408167614286
0.314,0.8331009917597786,77.62416593943264,4.094361048764715,0.03881208296971632,0.03910139863232871,2.0,7.9146034985699645,2.52,2.4672540413257464,0.7468901805056735,77.33825712158641,0.03866912856160172,1.9999999999581828,2.4670590493701554,0.7505802252920152,0.4051313309254347,0.40736518395096194,0.18750348512360332,3.1786777832297316e+39,3.196204689793645e+39,6.374882473023376e+39,2.2289798856725095e+39,2.617031926186728e+39,2.0740276670530868e+39,1.4940293523014172e+39,0.5013746846814888,0.4105223801789658,0.3253436711703723,0.6702749369362977
0.315,0.8265333521510092,77.43287236670916,4.06208370416611,0.03871643618335458,0.03900507321856099,2.0,7.9146034985699645,2.52,2.4675405783098325,0.7493575779468161,77.14768313202786,0.03857384156672827,1.9999999999629625,2.4673466555916646,0.7530474282763174,0.4041329431324448,0.40826505714982037,0.1876019997177349,3.16303308617313e+39,3.195373962052965e+39,6.358407048226095e+39,2.2232192476315018e+39,2.6130916561898673e+39,2.07052490015846e+39,1.4906876957690444e+39,0.50254315865865,0.41096640029028697,0.32563578966466245,0.6705086317317299
0.316,0.8200174876456872,77.2420281374821,4.030060813672047,0.03862101406874105,0.03890897379471091,2.0,7.9146034985699645,2.52,2.4678255438024106,0.7518252611384629,76.95755667489908,0.03847877833808061,1.9999999999671991,2.46763268437764,0.7555149180773871,0.40313690052573237,0.4091633617889529,0.18769973768531473,3.1474635746686396e+39,3.194514755757252e+39,6.341978330425892e+39,2.217474940708354e+39,2.6091508398814522e+39,2.0670243550244914e+39,1.4873533564665067e+39,0.5037095034575317,0.4114096113138621,0.3259273758643829,0.6707419006915063
0.317,0.8135529900817493,77.05163237396164,3.9982903713278204,0.03852581618698082,0.038813099921799585,2.0,7.9146034985699645,2.52,2.4681089465837327,0.7542932285135175,76.76787687696844,0.03838393843904167,1.999999999970954,2.467917144539266,0.7579826931221987,0.40214319852398983,0.4100600963272364,0.18779670514877378,3.1319689064429716e+39,3.193627235730308e+39,6.32559614217328e+39,2.21174690285779e+39,2.6052095008556385e+39,2.0635260373672328e+39,1.4840263105541367e+39,0.5048737168720158,0.41185201241136604,0.3262184292180039,0.6709747433744032
0.318,0.8071394545148218,76.8616841985718,3.966770386992396,0.0384308420992859,0.03871745116020357,2.0,7.9146034985699645,2.52,2.4683907953832462,0.7567614785136371,76.57864286520659,0.03828932143309567,1.999999999974281,2.4682000448371118,0.7604507518465119,0.401151832547026,0.41095525927069626,0.18789290818227772,3.1165487405187125e+39,3.192711566485213e+39,6.309260307003925e+39,2.2060350723789952e+39,2.6012676628052448e+39,2.0600299530220885e+39,1.4807065343668812e+39,0.5060357967701818,0.41229360277266913,0.3265089491925455,0.6712071593540363
0.319,0.8007764791928568,76.67218273396544,3.935498886213752,0.038336091366982725,0.03862202706978583,2.0,7.9146034985699645,2.52,2.4686710988799025,0.7592300095891835,76.38985376680165,0.038194926883835696,1.9999999999772289,2.4684813939814068,0.7629190926948224,0.4001627980158441,0.4118488491720487,0.18798835281210718,3.101202737221846e+39,3.191767912227198e+39,6.292970649449043e+39,2.200339387919246e+39,2.597325349525125e+39,2.0565361079466084e+39,1.4773940044165714e+39,0.5071957410935392,0.4127343816155449,0.3267989352733848,0.6714391482187078
0.32,0.7944636655309633,76.48312710303946,3.9044739101051897,0.03824156355151973,0.03852682721183635,2.0,7.9146034985699645,2.52,2.4689498657024704,0.7616988201991728,76.20150870917429,0.03810075435497119,1.9999999999798406,2.4687612006323083,0.7653877141203106,0.3991760903527209,0.41274086463024356,0.1880830450170356,3.085930558334078e+39,3.190796437006628e+39,6.276726995340706e+39,2.1946597885806666e+39,2.5933825850374738e+39,2.0530445083197983e+39,1.4740886974634714e+39,0.5083535478562627,0.41317434818537985,0.3270883869640657,0.6716707095712525
0.321,0.788200618086442,76.2945164289495,3.873693515222636,0.038147258214474754,0.03843185114874855,2.0,7.9146034985699645,2.52,2.4692271044298435,0.7641679088112241,76.01360681999259,0.03800680341033542,1.9999999999821547,2.4690394734001777,0.767856614584793,0.3981917049812835,0.41363130429001305,0.18817699072870342,3.0707318670619184e+39,3.1897973046862694e+39,6.260529171748188e+39,2.188996213897968e+39,2.5894393935653836e+39,2.049555160521205e+39,1.470790590501301e+39,0.5095092151444367,0.4136135017548859,0.3273773037861092,0.6719018430288873
0.322,0.7819869445340116,76.10634983512477,3.84315577344289,0.03805317491756239,0.03833709844235384,2.0,7.9146034985699645,2.52,2.469502823591348,0.7666372739015112,75.82614722718681,0.03791307361389284,1.9999999999842042,2.4693162208458586,0.7703257925586708,0.3972096373265869,0.4145201668414233,0.18827019583198984,3.055606327899218e+39,3.188770678796703e+39,6.24437700669592e+39,2.1833486037398324e+39,2.5854957994158497e+39,2.04606807103836e+39,1.4674996606909143e+39,0.510662741115302,0.41405184162381475,0.3276656852788255,0.6721325482230603
0.323,0.7758222556412357,75.9186264452826,3.8128587718428584,0.037959313222641296,0.03824256865388243,2.0,7.9146034985699645,2.52,2.469777031667045,0.769106913954712,75.639129058964,0.037819564529746365,1.9999999999860196,2.469591451480948,0.7727952465208818,0.3962298828151897,0.4154074510194287,0.1883626661653815,3.040553606620961e+39,3.1877167225256126e+39,6.228270329146574e+39,2.177716898302998e+39,2.581551826971979e+39,2.042583246460718e+39,1.4642158853561782e+39,0.5118141239965106,0.41448936711867407,0.32795353099912766,0.6723628247993021
0.324,0.7697061652441383,75.73134538344269,3.7828006125797127,0.03786567269172134,0.03814826134397779,2.0,7.9146034985699645,2.52,2.470049737088036,0.7715768274639607,75.45255144382236,0.03772627572214456,1.9999999999876277,2.469865173768082,0.7752649749588506,0.3952524368752291,0.416293155603433,0.18845440752133796,3.025573370281347e+39,3.186635598711654e+39,6.212208968993001e+39,2.1721010381094407e+39,2.5776075006888888e+39,2.0391006934765135e+39,1.4609392419819375e+39,0.5129633620853884,0.4149260775924476,0.32824084052134705,0.6725926724170778
0.325,0.763638290223016,75.54450577394157,3.75297941277202,0.03777225288697078,0.03805417607362972,2.0,7.9146034985699645,2.52,2.4703209482367603,0.7740470129307979,75.26641351056554,0.037633206755488785,1.9999999999890514,2.470137396121211,0.7777349763684407,0.3942772949364952,0.41717727941685,0.18854542564665477,3.0106652872845293e+39,3.185527469915318e+39,6.196192757199847e+39,2.1665009640558905e+39,2.5736628451517868e+39,2.0356204189187987e+39,1.4576697082471945e+39,0.514110453748199,0.41536197242431555,0.3285276134370497,0.6728220907496398
0.326,0.7576182504784372,75.35810674144653,3.723393304381783,0.03767905337072327,0.037960312405802776,2.0,7.9146034985699645,2.52,2.4705906734472944,0.7765174688651219,75.08071438831679,0.037540357194340235,1.9999999999903122,2.47040812690588,0.7802052492539044,0.3933044524305049,0.4180598213266716,0.1886357262428235,2.9958290275091223e+39,3.1843924985492495e+39,6.180221526058372e+39,2.1609166175029273e+39,2.5697178851815568e+39,2.0321424298489868e+39,1.4544072620850077e+39,0.5152553974194182,0.4157970510193789,0.3288138493548545,0.6730510794838837
0.327,0.7516456689074342,75.17214741096961,3.6940404340974373,0.03758607370548481,0.03786666990332087,2.0,7.9146034985699645,2.52,2.4708589210056493,0.7789881937851424,74.89545320653286,0.03744772660342692,1.9999999999914286,2.470677374439508,0.7826757921278361,0.3923339047905741,0.41894078024303744,0.1887253149663885,2.9810642621360714e+39,3.1832308466956776e+39,6.164295108831748e+39,2.1553479401509612e+39,2.565772645687342e+39,2.028666733440269e+39,1.4511518815990323e+39,0.5163981916010119,0.4162313128083845,0.329099547900253,0.6732796383202023
0.328,0.745720171379879,74.98662690788142,3.6649189632177466,0.037493313453940705,0.03777324812844832,2.0,7.9146034985699645,2.52,2.4711256991500634,0.7814591862173293,74.71062909501784,0.03735531454765055,1.9999999999924172,2.470945146991671,0.7851466035111233,0.3913656474518901,0.4198201551188081,0.18881419742930183,2.966370663612225e+39,3.1820426760645967e+39,6.148413339676822e+39,2.1497948740128748e+39,2.5618271516334472e+39,2.0251933369515134e+39,1.4479035450450028e+39,0.5175388348617196,0.4166647572474534,0.3293847087154299,0.6735077669723439
0.329,0.7398413867150478,74.80154435792463,3.6360270675366277,0.037400772178962316,0.037680046642903,2.0,7.9146034985699645,2.52,2.4713910160712955,0.7839304446963684,74.5262411839368,0.037263120592093385,1.999999999993292,2.471211452784375,0.7876176819328998,0.3903996758515823,0.42069794494914337,0.18890237919927433,2.951747905648227e+39,3.1808281479881095e+39,6.132576053636337e+39,2.1442573614113067e+39,2.5578814280354757e+39,2.021722247724295e+39,1.444662230828788e+39,0.5186773258363464,0.41709738381781164,0.32966933145908667,0.6737354651672691
0.33,0.7340089466583715,74.6168988872276,3.6073629372288867,0.037308449443613806,0.03758706500807551,2.0,7.9146034985699645,2.52,2.471654879912915,0.7864019677651124,74.34228860382936,0.03717114430202496,1.9999999999940665,2.4714762999923443,0.7900890259304976,0.3894359854287931,0.42157414877108246,0.18898986580012445,2.937195663232499e+39,3.179587423432302e+39,6.116783086664802e+39,2.138735344987693e+39,2.5539354999705312e+39,2.0182534731910357e+39,1.4414279175123766e+39,0.5198136632250571,0.4175291920255217,0.32995341580626425,0.6739627326450114
0.331,0.7282224858583646,74.43268962231771,3.5789247767368346,0.037216344811158854,0.037494302787086174,2.0,7.9146034985699645,2.52,2.4719172987715905,0.7888737539745341,74.15877048562295,0.03707938524290877,1.9999999999947522,2.471739696743292,0.7925606340493996,0.3884745716247469,0.42244876566312856,0.1890766627121246,2.922713612788213e+39,3.178320663165254e+39,6.101034275953466e+39,2.1332287678158978e+39,2.5499893927125592e+39,2.014787020982007e+39,1.438200583890394e+39,0.5209478457926788,0.41796018140121793,0.3302369614481697,0.6741895691585357
0.332,0.7224816418437425,74.24891569013444,3.550710804657829,0.03712445784506722,0.03740175954390521,2.0,7.9146034985699645,2.52,2.4721782806973756,0.7913458018836786,73.97568596064619,0.03698784298040893,1.9999999999953588,2.4720016511182017,0.7950325048431927,0.3875154298828195,0.4233217947448366,0.18916277537234388,2.908301432099516e+39,3.1770280276778436e+39,6.08532945977736e+39,2.1277375733487274e+39,2.5460431316685995e+39,2.011322898874933e+39,1.434980208954078e+39,0.522079872368008,0.418390351499843,0.330519968092002,0.6744159744736015
0.333,0.7167860550007128,74.06557621804248,3.522719253632666,0.03703278810902124,0.03730943484200191,2.0,7.9146034985699645,2.52,2.4724378336939945,0.7938181100596194,73.79303416064175,0.036896517080396596,1.9999999999958957,2.4722621711516046,0.7975046368735224,0.38655855564860564,0.42419323517640506,0.1892482091749893,2.8939588002022504e+39,3.1757096770636395e+39,6.06966847726589e+39,2.1222617053377238e+39,2.5420967422826786e+39,2.0078611147190878e+39,1.4317667718371627e+39,0.5232097418431249,0.4188197019003874,0.3308024354607812,0.674641948368625
0.334,0.7111353685504517,73.88267033384467,3.4949483702348907,0.036941335166922336,0.03721732824433875,2.0,7.9146034985699645,2.52,2.4726959657191236,0.7962906770774099,73.61081421777946,0.036805407108956516,1.999999999996371,2.4725212648318546,0.7999770287100454,0.38560394436998696,0.4250630861582697,0.18933296947174327,2.879685397380292e+39,3.174365771012177e+39,6.05405116839247e+39,2.1168011078295346e+39,2.5381502500309702e+39,2.004401676431538e+39,1.4285602518133366e+39,0.52433745317271,0.41924823220562973,0.3310843632931775,0.674867490634542
0.335,0.7055292285267513,73.70019716579468,3.4673964148609393,0.03685009858289734,0.03712543931339291,2.0,7.9146034985699645,2.52,2.4729526846846728,0.7987635015200384,73.42902526466901,0.03671451263239341,1.999999999996791,2.472778940101404,0.8024496789303831,0.38465159149719785,0.4259313469307034,0.18941706157209875,2.865480905163994e+39,3.172996468804686e+39,6.03847737396868e+39,2.1113557251638743e+39,2.5342036804188902e+39,2.0009445919949077e+39,1.4253606282947848e+39,0.5254630053733713,0.4196759420418811,0.33136575134334284,0.6750926010746742
0.336,0.6999672837538505,73.51815584260967,3.4400616616211885,0.03675907792130484,0.037033767612348834,2.0,7.9146034985699645,2.52,2.473207998457064,0.8012365819783821,73.24766643437259,0.03662383321723826,1.9999999999971627,2.473035204857077,0.804922586120077,0.38370149248289204,0.42679801677341567,0.18950049074369224,2.851345006418778e+39,3.1716019294102076e+39,6.022946935828986e+39,2.1059255020381068e+39,2.5302570590582557e+39,1.997489869518349e+39,1.4221678808757214e+39,0.5265863975229719,0.42010283105872925,0.3316465993807429,0.6753172795045944
0.337,0.6944491858244337,73.33654549348277,3.412942398231825,0.036668272746741386,0.03694231270625273,2.0,7.9146034985699645,2.52,2.4734619148575097,0.8037099170511623,73.06673686041742,0.03653336843025452,1.9999999999974918,2.473290066950342,0.807395748872544,0.3827536427822071,0.42766309500515937,0.1895832622126335,2.837277385429417e+39,3.170182311579812e+39,6.007459697009229e+39,2.1005103835696606e+39,2.526310411742359e+39,1.9940375172967987e+39,1.4189819893745535e+39,0.5277076287599674,0.4205288989287876,0.33192690718999185,0.6755415257519934
0.338,0.6889745890778086,73.1553652480954,3.3860369259076015,0.0365776826240477,0.036851074159940586,2.0,7.9146034985699645,2.52,2.4737144416622847,0.8061835053448988,72.88623567680816,0.03644311783844447,1.999999999997783,2.4735435341875855,0.8098691657890267,0.3818080378528291,0.42852658098333807,0.1896653811638329,2.8232777277358264e+39,3.168737773664648e+39,5.992015501400475e+39,2.095110315174991e+39,2.5223637643006704e+39,1.990587543696257e+39,1.4158029337521677e+39,0.5288266982827463,0.4209541453474436,0.3322066745706866,0.6757653396565492
0.339,0.6835431505782517,72.97461423662945,3.3593435592554113,0.03648730711831472,0.03676005153777953,2.0,7.9146034985699645,2.52,2.473965586603003,0.8086573454738661,72.706162018039,0.03635308100905512,1.9999999999980402,2.4737956143303794,0.8123428354785542,0.38086467315505623,0.4293884741036175,0.18974685274132624,2.8093457201097976e+39,3.167268473588176e+39,5.976614193697974e+39,2.0897252425517392e+39,2.518417142577061e+39,1.9871399571366388e+39,1.4126306940998182e+39,0.5299436053489774,0.42137857003261137,0.3324859013372443,0.6759887210697954
0.34,0.6781545300935276,72.7942915897794,3.3328606261687206,0.0363971457948897,0.036669244403680336,2.0,7.9146034985699645,2.52,2.4742153573668864,0.8111314360600467,72.52651501910586,0.03626325750958433,1.999999999998268,2.474046315095752,0.814816756557895,0.3799235441518621,0.43024877379954085,0.18982768204859712,2.795481050552691e+39,3.1657745688416365e+39,5.961255619394327e+39,2.0843551116763384e+39,2.5144705724265742e+39,1.9836947660892748e+39,1.4094652506374457e+39,0.531058349274961,0.4218021727244852,0.33276458731874026,0.6762116698549923
0.341,0.6728083900735753,72.61439643876422,3.306586467722818,0.03630719821938211,0.03657865232143238,2.0,7.9146034985699645,2.52,2.474463761597037,0.813605775733089,72.34729381551833,0.03617364690778685,1.9999999999984692,2.474295644156454,0.8172909276515115,0.3789846463089573,0.43110747954214634,0.18990787414889643,2.78168340831763e+39,3.164256216507517e+39,5.945939624825146e+39,2.0789998688199815e+39,2.5105240797343884e+39,1.9802519790919085e+39,1.4063065837244186e+39,0.5321709294349871,0.42222495318529507,0.3330427323587468,0.6764341858869974
0.342,0.6675043956293656,72.43492791533912,3.2805194380709097,0.03621746395766956,0.036488274856770635,2.0,7.9146034985699645,2.52,2.4747108068927033,0.8160803631302628,72.16849754331149,0.03608424877168015,1.9999999999986473,2.474543609141225,0.8197653473915165,0.3780479750948516,0.43196459083958894,0.1899874340655595,2.767952484062705e+39,3.162713573433588e+39,5.930666057496294e+39,2.0736594606630395e+39,2.5065776905539478e+39,1.976811604857656e+39,1.4031546739369248e+39,0.5332813452606987,0.42264691119906544,0.3333203363151747,0.6766562690521398
0.343,0.6622422145119201,72.25588515180725,3.2546579043410033,0.03612794257590363,0.036398111576046485,2.0,7.9146034985699645,2.52,2.4749565008095455,0.8185551968964152,71.99012533905757,0.03599506266955029,1.999999999998805,2.4747902176350602,0.8222400144176308,0.37711352598091413,0.43282010723676456,0.19006636678232125,2.754287969744847e+39,3.1611467961141984e+39,5.915434765859045e+39,2.0683338342164494e+39,2.5026314310123852e+39,1.9733736522003586e+39,1.4000095020148586e+39,0.5343895962404606,0.423068046571375,0.3335973990601151,0.6768779192480922
0.34400000000000003,0.6570215170915026,72.07726728103128,3.2290002465336443,0.03603863364051564,0.03630816204518306,2.0,7.9146034985699645,2.52,2.4752008508599017,0.8210302756839271,71.81217633987754,0.03590608816995773,1.999999999998944,2.4750354771794685,0.8247149273771374,0.3761812944414346,0.43367402831493784,0.1901446772436275,2.7406895585366994e+39,3.159556040595048e+39,5.900245599131747e+39,2.0630229367593522e+39,2.4986853272351025e+39,1.9699381299751114e+39,1.3968710488196173e+39,0.5354956819187313,0.4234883591291179,0.33387392047968284,0.6770991363837462
0.34500000000000003,0.6518419763369666,71.8990734364447,3.203544857420416,0.03594953671822235,0.03621842582968326,2.0,7.9146034985699645,2.52,2.47544386451305,0.8235055981526699,71.6346496834525,0.03581732484174296,1.999999999999067,2.47527939527274,0.8271900849248398,0.3752512759536815,0.434526353691373,0.19022237035494555,2.7271569448239053e+39,3.1579414624687576e+39,5.885098407292662e+39,2.0577267158365955e+39,2.4947394053425137e+39,1.966505047075722e+39,1.393739295332367e+39,0.5365996018954446,0.423907848720269,0.33414990047386117,0.677319920379089
0.34600000000000003,0.6467032677952733,71.72130275206312,3.1782901424432786,0.03586065137603156,0.03612890249466929,2.0,7.9146034985699645,2.52,2.4756855491954677,0.8259811629699634,71.45754450803497,0.03572877225403221,1.9999999999991758,2.475521979370203,0.8296654857230181,0.37432346599796196,0.4353770830189671,0.19029945098307094,2.7136898242047632e+39,3.1563032168732806e+39,5.869993041078044e+39,2.0524451192580576e+39,2.4907936914490162e+39,1.963074412433929e+39,1.390614222653546e+39,0.5377013558253921,0.424326515213649,0.334425338956348,0.6775402711650783
0.34700000000000003,0.6416050695711648,71.54395436249547,3.1532345196146716,0.035771977181247736,0.03603959160630264,2.0,7.9146034985699645,2.52,2.475925912291093,0.8284569688105322,71.28085995246012,0.03564042997624304,1.9999999999992717,2.4757632368844815,0.8321411284413862,0.37339786005767933,0.4362262159858882,0.19037592395643255,2.7002878935932592e+39,3.1546414586112905e+39,5.85492935220455e+39,2.047178095176416e+39,2.486848211757291e+39,1.9596462350937326e+39,1.3874958120555426e+39,0.5388009434176139,0.42474435849869324,0.3347002358544035,0.6777601886835228
0.34800000000000003,0.6365470623070009,71.36702740295492,3.1283764194184194,0.03568351370147746,0.03595049273243952,2.0,7.9146034985699645,2.52,2.4761649611415804,0.8309330143564642,71.10459515615676,0.03555229757808981,1.999999999999357,2.4760031751857565,0.8346170117570499,0.37247445361939074,0.4370737523152143,0.19045179406539503,2.6869508512633733e+39,3.152956342204038e+39,5.839907193467411e+39,2.0419255921214724e+39,2.4829029926003647e+39,1.9562205242444916e+39,1.384384045006025e+39,0.539898364434793,0.42516137848522134,0.33497459110869826,0.6779796728869586
0.34900000000000003,0.6315289291627558,71.1905210092698,3.103714284711423,0.0355952605046349,0.035861605440702,2.0,7.9146034985699645,2.52,2.4764027030465576,0.8334092982971675,70.92874925915822,0.035464374629589186,1.999999999999432,2.4762418016020153,0.8370931343544631,0.37155324217286395,0.4379196917645773,0.1905270660625587,2.6736783966999962e+39,3.151248021718875e+39,5.824926418418871e+39,2.0366875588877172e+39,2.478958060305324e+39,1.952797289113493e+39,1.3812789030917942e+39,0.5409936186926556,0.42557757510320915,0.3352484046731639,0.6781987237385311
0.35000000000000003,0.626550355796168,71.01443431789444,3.079246570626103,0.03550721715894722,0.03577292929832663,2.0,7.9146034985699645,2.52,2.476639145263878,0.8358858193293286,70.75332140211322,0.03537666070106548,1.9999999999994982,2.476479123419313,0.8395694949253879,0.3706342212111338,0.4387640341258087,0.19060174466305752,2.6604702305841815e+39,3.149516650751379e+39,5.809986881335561e+39,2.0314639445229233e+39,2.4750134411793474e+39,1.9493765389549572e+39,1.37818036801103e+39,0.5420867060593757,0.4259929483025628,0.335521676514844,0.6784173412118752
0.35100000000000003,0.6216110303430518,70.83876646591963,3.0549717444736424,0.03541938323295982,0.03568446387217636,2.0,7.9146034985699645,2.52,2.4768742950098748,0.8383625761568719,70.57831072629645,0.03528915536315604,1.9999999999995568,2.4767151478820173,0.8420460921688506,0.36971738623055705,0.4396067792245887,0.19067583454485426,2.647326054790673e+39,3.1477623824218154e+39,5.795088437212488e+39,2.0262546983260448e+39,2.4710691615070372e+39,1.9459582830479515e+39,1.3750884215718466e+39,0.5431776264549864,0.4264074980528948,0.33579440661374654,0.6786355252909972
0.352,0.6167106433977603,70.66351659108335,3.030888285647966,0.03533175829554167,0.035596208729207615,2.0,7.9146034985699645,2.52,2.47710815945961,0.8408395674909168,70.40371637361919,0.03520185818681648,1.9999999999996088,2.476949882193066,0.8445229247911016,0.3688027327308681,0.4404479269200983,0.19074934034903362,2.6342455724191077e+39,3.1459853694119145e+39,5.780230941831022e+39,2.0210597698709868e+39,2.4671252475793524e+39,1.9425425307191832e+39,1.3720030457084146e+39,0.5442663798507937,0.4268212243433016,0.3360665949626985,0.6788532759701588
0.353,0.6118488879938049,70.48868383178096,3.0069946855304956,0.03524434191589048,0.03550816343844317,2.0,7.9146034985699645,2.52,2.4773407457471244,0.8433167920497372,70.22953748663964,0.03511476874332589,1.9999999999996545,2.47718333351421,0.8469999915055737,0.3678902562152324,0.44128747710467464,0.19082226668009294,2.6212284879358516e+39,3.144185764135548e+39,5.765414252071399e+39,2.0158791091158742e+39,2.463181725827216e+39,1.9391292914481672e+39,1.3689242225551773e+39,0.5453529662687993,0.4272341271821437,0.3363382415671999,0.6790705932537597
0.354,0.6070254595846253,70.31426732707558,2.9832894473956397,0.035157133663537794,0.03542032756933892,2.0,7.9146034985699645,2.52,2.4775720609656857,0.8457942485587217,70.0557732085733,0.03502788660429199,1.999999999999695,2.477415508966268,0.8494772910328409,0.3669799521903004,0.442125429703469,0.19089461810623065,2.6082745070481337e+39,3.1423637185915455e+39,5.750638225639679e+39,2.0107126663075802e+39,2.4592386227055168e+39,1.935718574775822e+39,1.365851934382142e+39,0.5464373857811236,0.427646206596827,0.3366093464452809,0.6792874771562247
0.355,0.6022400560245141,70.14026621670828,2.9597710863170485,0.03507013310835414,0.03533270069099855,2.0,7.9146034985699645,2.52,2.477802112168032,0.8482719357503303,69.8824226833031,0.03494121134165626,1.9999999999997309,2.4776464156293656,0.851954822100577,0.3660718161662611,0.44296178467410663,0.19096639915963232,2.5953833366422703e+39,3.1405193842902986e+39,5.735902720932568e+39,2.0055603919344647e+39,2.4552959646354784e+39,1.9323103902590885e+39,1.3627861635628055e+39,0.5475196385094375,0.42805746263358624,0.3368799096273594,0.6795039277018874
0.356,0.5974923775496879,69.96667964110799,2.936438129074582,0.034983339820553995,0.03524528237218513,2.0,7.9146034985699645,2.52,2.478030906366617,0.8507498523640568,69.70948505538946,0.03485474252769887,1.9999999999997624,2.4778760605431867,0.8544325834435172,0.3651658436568932,0.4437965420063521,0.1910376143367547,2.5825546847811186e+39,3.138652912250627e+39,5.721207597031746e+39,2.0004222367243868e+39,2.4513537780022225e+39,1.9289047474690063e+39,1.3597268925728045e+39,0.5485997246243975,0.4284678953572711,0.3371499311560994,0.6797199449248795
0.357,0.5927821267595117,69.79350674140146,2.91328911406204,0.03489675337070073,0.035158072181388084,2.0,7.9146034985699645,2.52,2.4782584505338536,0.8532279971463872,69.53695947008025,0.03476847973504377,1.9999999999997904,2.4781044507072085,0.8569105738034144,0.3642620301796178,0.44462970172177485,0.19110826809860737,2.5697882607055876e+39,3.1367644530016625e+39,5.706552713707251e+39,1.9952981516458916e+39,2.4474120891562267e+39,1.9255016559918658e+39,1.3566741039907221e+39,0.5496776443450865,0.42887750485113285,0.33741941108627166,0.6799355288690174
0.358,0.5881090085978674,69.62074665942316,2.8903225911955923,0.03481037332971158,0.03507106968840931,2.0,7.9146034985699645,2.52,2.478484751602353,0.8557063688507588,69.36484507332061,0.03468242253666352,1.9999999999998148,2.4783315930809535,0.8593887919290017,0.3633603712555494,0.44546126387341867,0.191178364871032,2.5570837749468304e+39,3.1348541567206775e+39,5.691937931667507e+39,1.9901880879956322e+39,2.443470924520709e+39,1.922101125513671e+39,1.3536277805575578e+39,0.5507533979384579,0.429286291216614,0.3376883494846145,0.6801506795876916
0.359,0.5834727303346732,69.44839853772478,2.867537121822954,0.034724199268862395,0.03498427446456907,2.0,7.9146034985699645,2.52,2.478709816465166,0.8581849662375235,69.19314101176259,0.034596570505884126,1.9999999999998366,2.4785574945842197,0.861867236575953,0.3624608624095459,0.4462912285454742,0.1912479090449799,2.5444409393363202e+39,3.13292217324896e+39,5.67736311258528e+39,1.9850919974074407e+39,2.4395303106033664e+39,1.9187031658292963e+39,1.3505879051830077e+39,0.5518269857187861,0.4296942545731387,0.33795674642969653,0.6803653971437572
0.36,0.5788730015475443,69.27646151958497,2.8449312786332572,0.034638230759792485,0.03489768608096414,2.0,7.9146034985699645,2.52,2.478933651976018,0.8606637880739056,69.02184643277488,0.03451092321638993,1.9999999999998557,2.478782162097324,0.8643459065068407,0.36156349917025926,0.4471195958529539,0.19131690497678688,2.5318594668744214e+39,3.130968651933226e+39,5.662828118807647e+39,1.9800098317509257e+39,2.435590273872308e+39,1.915307786744836e+39,1.347554460876575e+39,0.5528984080471219,0.4301013950579063,0.3382246020117805,0.6805796816094244
0.361,0.5743095341036032,69.10493474901865,2.822503645567654,0.03455246737450933,0.03481130410838225,2.0,7.9146034985699645,2.52,2.4791562649495487,0.8631428331339637,68.85096048445217,0.03442548024222828,1.9999999999998725,2.4790056024613385,0.8668248004910986,0.3606682770701842,0.4479463659413699,0.191385356988446,2.519339071720701e+39,3.1289937416142266e+39,5.648332813334928e+39,1.9749415431241006e+39,2.43165084074709e+39,1.9119149980705424e+39,1.3445274307425713e+39,0.5539676653307517,0.4305077128256856,0.33849191633268794,0.6807935330661503
0.362,0.5697820421414277,68.93381737078646,2.800252817730599,0.034466908685393226,0.03472512811731346,2.0,7.9146034985699645,2.52,2.479377662161543,0.8656221001985515,68.68048231562457,0.034340241157814214,1.9999999999998876,2.479227822478327,0.8693039173049817,0.3597751916457073,0.44877153898641414,0.1914532693678786,2.5068794691913406e+39,3.1269975906240786e+39,5.633877059815419e+39,1.969887083851545e+39,2.4277120375965422e+39,1.9085248096191037e+39,1.3415067979788828e+39,0.5550347580226622,0.43091320804861166,0.33875868950566557,0.6810069516045325
0.363,0.5652902420531467,68.76310853040391,2.7781774013018565,0.03438155426520196,0.034639157678546355,2.0,7.9146034985699645,2.52,2.479597850349167,0.868101588055279,68.51041107586684,0.03425520553793512,1.999999999999901,2.479448828911575,0.8717832557315278,0.3588842384371552,0.449595115193642,0.1915206463692028,2.4944803757986413e+39,3.12498034683643e+39,5.619460722635072e+39,1.9648464065157593e+39,2.423773890777559e+39,1.905137231236122e+39,1.3384925458983484e+39,0.5560996866210086,0.4313178809159833,0.33902492165525216,0.6812199373242017
0.364,0.5608338524666729,68.5928073741506,2.756276013449182,0.034296403687075296,0.03455339236497524,2.0,7.9146034985699645,2.52,2.479816836211199,0.8705812954984748,68.34074591550754,0.03417037295775527,1.9999999999999125,2.479668628485828,0.8742628145605187,0.35799541298884213,0.450417094798158,0.19158749221299992,2.482141509376887e+39,3.1229421578267475e+39,5.605083667203634e+39,1.959819464057215e+39,2.4198364267589634e+39,1.901752272897414e+39,1.3354846579970004e+39,0.5571624516685899,0.43172173163406413,0.3392906129171475,0.681432490333718
0.365,0.5564125942280789,68.42291304907904,2.734547282241706,0.034211456524539524,0.034467831749808685,2.0,7.9146034985699645,2.52,2.4800346264082584,0.8730612213291465,68.17148598563809,0.03408574299282036,1.9999999999999227,2.4798872278875157,0.8767425925884422,0.35710871084911644,0.4512374780643047,0.19165381108657886,2.469862588948411e+39,3.120883170708612e+39,5.590745759657023e+39,1.954806209670288e+39,2.4158996719938177e+39,1.8983699446085577e+39,1.3324831178832957e+39,0.5582230537523263,0.432124760425884,0.3395557634380816,0.6816446107504652
0.366,0.5520261903841087,68.25342470302375,2.71298984656399,0.03412671235151188,0.03438247540597642,2.0,7.9146034985699645,2.52,2.4802512275630355,0.8755413643549445,68.00263043812164,0.034001315219061974,1.999999999999932,2.4801046337649866,0.8792225886184529,0.3562241275704078,0.4520562652853538,0.1917196071442384,2.4576433346772442e+39,3.1188035320770065e+39,5.576446866754251e+39,1.9498065967672206e+39,2.4119636528751977e+39,1.8949902563701018e+39,1.3294879092536099e+39,0.5592814935027426,0.4325269675310422,0.33982037337568566,0.6818562987005485
0.367,0.5476743661648306,68.08434148460998,2.691602356030764,0.03404217074230499,0.0342973229061405,2.0,7.9146034985699645,2.52,2.4804666462605183,0.878021723390121,67.83417842560198,0.03391708921280201,1.99999999999994,2.480320852728736,0.8817028014603346,0.3553416587092727,0.45287345678319973,0.19178488450752756,2.4454834678664824e+39,3.1167033880059967e+39,5.562186855872479e+39,1.9448205789763916e+39,2.408028395734224e+39,1.891613218175995e+39,1.3264990158910882e+39,0.5603377715934561,0.4329283532055133,0.34008444289836404,0.6820675543186911
0.368,0.5433568489664247,67.91566254326234,2.670383470902342,0.03395783127163117,0.03421237382279301,2.0,7.9146034985699645,2.52,2.4806808890482177,0.8805022972554962,67.6661291015121,0.03383306455075694,1.9999999999999472,2.480535891351627,0.8841832299304638,0.35446129982644,0.4536890529080563,0.1918496472655037,2.4333827109617963e+39,3.1145828840543744e+39,5.547965595016171e+39,1.9398481101455142e+39,2.40409392684422e+39,1.888238840016828e+39,1.3235164216678646e+39,0.5613918887406684,0.433328917721454,0.34034797218516716,0.6822783777481338
0.369,0.5390733683341064,67.74738702921346,2.649331862000694,0.03387369351460673,0.03412762772993633,2.0,7.9146034985699645,2.52,2.4808939624363924,0.882983084778418,67.49848162008297,0.03374924081004227,1.9999999999999534,2.4807497561691227,0.88666387285177,0.35358304648685523,0.45450305403815633,0.19191389947498844,2.4213407876671193e+39,3.112442165415793e+39,5.533782953082913e+39,1.9348891444345848e+39,2.400160272536242e+39,1.884867131970531e+39,1.320540110608538e+39,0.562443845702663,0.43372866136701194,0.3406109614256658,0.6824887691405326
0.37,0.5348236559451855,67.57951409351239,2.628446210626188,0.03378975704675619,0.03404308420294281,2.0,7.9146034985699645,2.52,2.4811058728982704,0.885464084792727,67.3312351363519,0.03366561756817665,1.9999999999999587,2.480962453679504,0.8891447290536997,0.35270689425972535,0.45531546057945244,0.19197764516082222,2.409357422929717e+39,3.1102813769042683e+39,5.519638799833985e+39,1.9299436363055893e+39,2.3962274591870988e+39,1.8814981041928643e+39,1.3175700668832956e+39,0.5634936432793061,0.4341275844461363,0.34087341081982653,0.6826987286558612
0.371,0.530607445592257,67.41204288803301,2.6077252084749785,0.03370602144401651,0.033958742816994535,2.0,7.9146034985699645,2.52,2.4813166268702727,0.8879452961387182,67.16438880617102,0.03358219440308612,1.9999999999999636,2.481173990344097,0.8916257973721804,0.35183283871856197,0.4561262729653219,0.19204088831611615,2.3974323428251662e+39,3.108100662809649e+39,5.505533005634815e+39,1.9250115404317538e+39,2.3922955131073262e+39,1.8781317668293755e+39,1.3146062747460752e+39,0.5645412823115515,0.43452568727838964,0.3411353205778879,0.6829082564623103
0.372,0.5264244731665269,67.24497256548231,2.587167557557063,0.03362248628274116,0.03387460314703471,2.0,7.9146034985699645,2.52,2.481526230752229,0.8904267176631045,66.99794178621549,0.033498970893108285,1.999999999999968,2.4813843725874865,0.8941070766495812,0.3509608754412249,0.456935491656273,0.1921036329025021,2.385565274550446e+39,3.1059001668902254e+39,5.491465441440671e+39,1.9200928116925425e+39,2.3883644605352333e+39,1.874768130010691e+39,1.3116487185311986e+39,0.5655867636809531,0.43492297019876214,0.34139669092023833,0.6831173527361907
0.373,0.5222744766412664,67.07830227940852,2.5667719701149645,0.03353915113970426,0.03379066476777852,2.0,7.9146034985699645,2.52,2.481734690907601,0.8929083482189809,66.83189323399179,0.03341594661699637,1.9999999999999716,2.4815936067977438,0.8965885657346779,0.3500910000099644,0.4577431171396546,0.192165882850381,2.3737559464212476e+39,3.103680032370802e+39,5.477435978792049e+39,1.9151874051720453e+39,2.3844343276351557e+39,1.8714072038511107e+39,1.3086973826523177e+39,0.566630088309177,0.43531943355748726,0.34165752207729433,0.6833260176618354
0.374,0.5181571960554,66.9120311842092,2.5465371685430718,0.0334560155921046,0.03370692725441048,2.0,7.9146034985699645,2.52,2.4819420136636947,0.895390186665787,66.66624230784569,0.033333121153923256,1.9999999999999751,2.481801699326638,0.899070263482617,0.3492232080114637,0.4585491499293673,0.19222764205916903,2.3620040879173884e+39,3.101440402004024e+39,5.463444489921413e+39,1.910295276196298e+39,2.3805051405442398e+39,1.8680489984852887e+39,1.3057522516279756e+39,0.5676712571575219,0.4357150777198583,0.3419178142893805,0.6835342514315045
0.375,0.51407237349722,66.74615843513914,2.5264618853076026,0.033373079217569566,0.03362339018420994,2.0,7.9146034985699645,2.52,2.4821482053118804,0.8978722318692729,66.50098816697039,0.03325049408348556,1.9999999999999782,2.482008656489856,0.9015521687548766,0.34835749503687985,0.4593535905655784,0.19228891439754175,2.35030942979237e+39,3.099181418217986e+39,5.449490848010355e+39,1.9054163804232013e+39,2.376576925485113e+39,1.8646935241565676e+39,1.3028133101431818e+39,0.5687102712264426,0.43610990306604824,0.3421775678066107,0.6837420542452886
0.376,0.5100197530882313,66.58068318831833,2.506544862867211,0.03329034159415917,0.033540053134715114,2.0,7.9146034985699645,2.52,2.4823532721078028,0.9003544827014605,66.33612997141422,0.033168064985707436,1.9999999999999805,2.482214484567215,0.9040342804192348,0.34749385668188565,0.46015643961443775,0.19234970370367654,2.3386717039399046e+39,3.0969032229458556e+39,5.4355749268857605e+39,1.90055067373628e+39,2.3726497086342923e+39,1.861340791113616e+39,1.2998805429769422e+39,0.5697471315550763,0.436503909990929,0.34243678288876905,0.6839494263110153
0.377,0.5059990809671219,66.41560460073963,2.486784853594204,0.033207802300369814,0.033456915683252875,2.0,7.9146034985699645,2.52,2.482557220271597,0.9028369380406114,66.1716668820886,0.03308583344104458,1.9999999999999831,2.48241918980288,0.906516597349731,0.3466322885467094,0.4609576976677973,0.19241001378549322,2.3270906433573403e+39,3.094605957580105e+39,5.421696600937445e+39,1.89569811221589e+39,2.368723516086678e+39,1.8579908095825152e+39,1.2969539349826451e+39,0.5707818392207761,0.43689709890389494,0.342695459805194,0.6841563678441552
0.378,0.5020101052738619,66.25092183027645,2.4671806196963977,0.033125460915138225,0.03337397740694936,2.0,7.9146034985699645,2.52,2.482760055988098,0.9053195967711885,66.0075980607756,0.033003799030388054,1.999999999999985,2.482622778405571,0.90899911842663,0.3457727862361752,0.46175736534293266,0.1924698484208921,2.3155659821429497e+39,3.0922897629708966e+39,5.407855745113846e+39,1.8908586521377085e+39,2.3647983738539867e+39,1.8546435897654937e+39,1.294033471087088e+39,0.571814395338646,0.4372894702286855,0.34295359883466153,0.6843628790677292
0.379,0.49805257613392545,66.08663403569038,2.4477309331395736,0.03304331701784519,0.033291237882851384,2.0,7.9146034985699645,2.52,2.4829617854070514,0.9078024577838221,65.84392267013563,0.032921961335068035,1.9999999999999867,2.4828252565487787,0.911481842536389,0.34491534535974255,0.4625554432822663,0.19252921135799117,2.304097455500871e+39,3.0899547794348177e+39,5.394052234935689e+39,1.8860322499775136e+39,2.3608743078710822e+39,1.8512991418458425e+39,1.2911191362938133e+39,0.5728448010610817,0.43768102440321105,0.34321120026527047,0.6845689602122162
0.38,0.4941262456426398,65.92274037663857,2.428434575570559,0.03296137018831929,0.03320869668963462,2.0,7.9146034985699645,2.52,2.483162414643322,0.9102855199752754,65.68063987371485,0.03284031993685762,1.9999999999999885,2.483026630370971,0.9139647685716207,0.3440599615315452,0.4633519321530944,0.19258810631536044,2.2926847998554823e+39,3.0876011469113333e+39,5.3802859467668156e+39,1.8812188625058797e+39,2.3569513441150062e+39,1.8479574760811967e+39,1.288210915748025e+39,0.5738730575773153,0.43807176187937985,0.34346826439432887,0.684774611515463
0.381,0.49023086784965425,65.75924001368121,2.4092903382409006,0.0328796200068406,0.03312635340725007,2.0,7.9146034985699645,2.52,2.4833619497771013,0.9127687822484084,65.51774883595266,0.032758874417976494,1.9999999999999898,2.483226905975804,0.9164478954310588,0.3432066303704298,0.46414683264731504,0.1926465369822552,2.2813277528220256e+39,3.0852290049288945e+39,5.36655675775092e+39,1.876418446766056e+39,2.3530295085781823e+39,1.8446186027824077e+39,1.2853087947216096e+39,0.5748991661129638,0.43846168312292627,0.343724791528241,0.6849798332225927
0.382,0.4863661987435357,65.59613210828869,2.390297021931155,0.03279806605414434,0.033044207615504494,2.0,7.9146034985699645,2.52,2.483560396854114,0.9152522435121443,65.35524872218892,0.0326776243610946,1.9999999999999911,2.483426089432324,0.9189312220195232,0.3423553474999937,0.46494014548115936,0.192704507018847,2.2700260531043863e+39,3.0828384924713195e+39,5.352864545575706e+39,1.8716309599915058e+39,2.3491088271657566e+39,1.841282532232971e+39,1.2824127585567889e+39,0.5759231279295817,0.43885078861324106,0.34398078198239546,0.6851846255859162
0.383,0.48253199623648135,65.43341582284889,2.37145343687576,0.03271670791142444,0.032962258894030066,2.0,7.9146034985699645,2.52,2.4837577618858213,0.9177359026814351,65.19313869867123,0.03259656934933575,1.999999999999992,2.483624186775179,0.9214147472478855,0.34150610854862246,0.4657318713949248,0.19276202005645282,2.2587794404895257e+39,3.080429747972692e+39,5.3392091884622177e+39,1.866856359602174e+39,2.345189325691311e+39,1.8379492746856166e+39,1.2795227926636371e+39,0.5769449443242188,0.4392390788432032,0.34423623608105475,0.6853889888648438
0.384,0.47872802014915594,65.2710903206742,2.352758402688514,0.0326355451603371,0.032880506822295014,2.0,7.9146034985699645,2.52,2.4839540508496256,0.9202197586772273,65.03141793256202,0.03251570896628113,1.999999999999993,2.4838212040048204,0.9238984700330359,0.34065890914952707,0.4665220111527102,0.19281907969776269,2.247587655844751e+39,3.078002909316116e+39,5.325590565160867e+39,1.8620946032031003e+39,2.3412710298755144e+39,1.8346188403612025e+39,1.276638882519202e+39,0.5779646166289805,0.4396265543190125,0.3444911541572451,0.6855929233257961
0.385,0.4749540321956452,65.10915476600866,2.3342107482886294,0.03255457738300433,0.03279895098034846,2.0,7.9146034985699645,2.52,2.4841492696890723,0.9227038104264267,64.8700855919456,0.032435042795972896,1.9999999999999938,2.484017147087704,0.9263823892978469,0.33981374494078065,0.467310565542154,0.19287568951706535,2.2364504411650406e+39,3.0755581139013885e+39,5.312008555066429e+39,1.8573456486246255e+39,2.337353965397142e+39,1.831291239488633e+39,1.2737610136951547e+39,0.5789821462105924,0.4400132155600251,0.3447455365526481,0.6857964292421185
0.386,0.4712097959685294,64.94760832403468,2.3158093118273735,0.03247380416201734,0.03271759095031129,2.0,7.9146034985699645,2.52,2.48434342431405,0.9251880568618676,64.70914084583505,0.03235457042291761,1.9999999999999947,2.484212021956494,0.9288665039711406,0.3389706115653541,0.46809753537417376,0.1929318530604721,2.225367539670355e+39,3.0730954987835065e+39,5.298463038453861e+39,1.8526094540048467e+39,2.333438157997582e+39,1.8279664823866492e+39,1.2708891719144763e+39,0.5799975344699703,0.44039906309858873,0.3449993836174926,0.685999506893994
0.387,0.4674950769240761,64.78645016088,2.297552940615299,0.03239322508044,0.03263642631456037,2.0,7.9146034985699645,2.52,2.484536520600991,0.9276724969222756,64.54858286417911,0.03227429143208963,1.9999999999999951,2.484405834510264,0.9313508129876552,0.3381295046711518,0.4688829214827092,0.1929875738461389,2.2143386956770962e+39,3.0706152005015204e+39,5.284953896178616e+39,1.847885977684831e+39,2.3295236333498735e+39,1.8246445793611034e+39,1.2680233429797609e+39,0.5810107828417928,0.4407840974798813,0.3452526957104482,0.6862021565683586
0.388,0.4638096423675455,64.62567944362432,2.279440491050023,0.03231283972181216,0.032555456655322994,2.0,7.9146034985699645,2.52,2.484728564393068,0.9301571295522383,64.38841081786893,0.032194205408934536,1.9999999999999956,2.484598590614694,0.9338353152880116,0.33729041991104697,0.46966672472446624,0.19304285536448684,2.2033636545668622e+39,3.0681173550386245e+39,5.2714810096054864e+39,1.8431751781837367e+39,2.3256104170278843e+39,1.8213255406807535e+39,1.2651635127562422e+39,0.5820218927940783,0.44116831926174976,0.3455054731985196,0.6864043785588156
0.389,0.4601532614386166,64.46529534030613,2.2614708285446046,0.03223264767015306,0.032474681554687,2.0,7.9146034985699645,2.52,2.484919561500393,0.9326419537021675,64.22862387874473,0.03211431193937242,1.9999999999999964,2.484790296102269,0.9363200098186795,0.33645335294291645,0.47044894597866277,0.19309770107842078,2.1924421627836806e+39,3.0656020978211433e+39,5.258044260604824e+39,1.838477014197491e+39,2.3216985345050957e+39,1.8180093765762507e+39,1.2623096671709713e+39,0.5830308658277654,0.44155172901455086,0.34575771645694137,0.686606173165553
0.39,0.4565257050969237,64.30529701992901,2.243642827456461,0.03215264850996451,0.032394100594729296,2.0,7.9146034985699645,2.52,2.4851095177002116,0.9351269683282701,64.06922121960237,0.032034610609801235,1.999999999999997,2.4849809567724765,0.9388048955319439,0.3356182994296743,0.47122958614677946,0.19315211442354618,2.1815739678391996e+39,3.063069563728798e+39,5.244643531567998e+39,1.8337914446041953e+39,2.3177880111619028e+39,1.8146960972457994e+39,1.2594617922166148e+39,0.5840377034762987,0.44193432732099347,0.3460094258690747,0.6868075406952596
0.391,0.452926746107711,64.14568365246829,2.2259553710168665,0.03207284182623415,0.032313713359197395,2.0,7.9146034985699645,2.52,2.485298438737098,0.9376121723925138,63.910202014199854,0.03195510100709998,1.999999999999997,2.4851705783919993,0.9412899713858741,0.3347852550393061,0.47200864615230953,0.19320609880838435,2.170758818422095e+39,3.0605198872522115e+39,5.2312787056743064e+39,1.8291184285574498e+39,2.3138788724041878e+39,1.8113857129479143e+39,1.2566198740156632e+39,0.5850424073052162,0.44231611477598215,0.3462606018263041,0.6870084814610432
0.392,0.4493561590275963,63.98645440887737,2.208407351260986,0.03199322720443869,0.03223351943308837,2.0,7.9146034985699645,2.52,2.4854863303231474,0.9400975648625944,63.75156543726375,0.031875782718631916,1.9999999999999973,2.4853591666949124,0.9437752363442893,0.33395421544490234,0.4727861269405116,0.19325965761458608,2.159996464364893e+39,3.0579532024525754e+39,5.217949666817468e+39,1.8244579254606535e+39,2.3099711436318215e+39,1.8080782339766375e+39,1.2537838988029622e+39,0.5860449789117422,0.442697091986462,0.34651124472793554,0.6872089957823483
0.393,0.44581372019045107,63.827608461094016,2.190997668958482,0.03191380423054701,0.032153518401307986,2.0,7.9146034985699645,2.52,2.4856731981381692,0.9425831447119034,63.59331066449548,0.03179665533224778,1.9999999999999978,2.4855467273828755,0.9462606893767261,0.33312517632469074,0.473562029478166,0.19331279419714326,2.1492866565497424e+39,3.055369642833563e+39,5.2046562993833057e+39,1.819809894889268e+39,2.3060648501410812e+39,1.804773670585052e+39,1.2509538528724464e+39,0.587045419924384,0.4430772595712659,0.346761354981096,0.6874090839848767
0.394,0.4422992076933875,63.66914498204653,2.173725233544645,0.03183457249102327,0.032073709848646235,2.0,7.9146034985699645,2.52,2.4858590478298774,0.9450689109194966,63.43543687257759,0.03171771843628882,1.9999999999999982,2.485733266125321,0.948746329458407,0.33229813336206915,0.47433635475333163,0.19336551188459922,2.1386291469033173e+39,3.0527693413373264e+39,5.191398488240644e+39,1.8151742965876377e+39,2.3021600171211258e+39,1.8014720329824605e+39,1.2481297225750462e+39,0.5880437320025311,0.4434566181609619,0.3470109330006328,0.6876087464005063
0.395,0.4388124013828604,63.511063145659996,2.156588963052093,0.031755531572829995,0.03199409335978755,2.0,7.9146034985699645,2.52,2.4860438850140794,0.947554862470061,63.27794323917987,0.031638971619589965,1.9999999999999982,2.4859187885596485,0.9512321555702076,0.3314730822456374,0.47510910377510557,0.1934178139792571,2.128023688394045e+39,3.050152430343825e+39,5.17817611873787e+39,1.8105510904677867e+39,2.2982566696529847e+39,1.7981733313335303e+39,1.2453114943179548e+39,0.5890399168360596,0.44383516839770265,0.3472599792090149,0.6878079833672119
0.396,0.4353530828408745,63.353362126862166,2.1395877840429813,0.031676681063431085,0.03191466852003432,2.0,7.9146034985699645,2.52,2.486227715274865,0.9500409983538841,63.12082894296543,0.03156041447148274,1.9999999999999987,2.486103300291413,0.9537181666986256,0.3306500186692285,0.4758802775733846,0.19346970375738692,2.1174700350766583e+39,3.0475190417383195e+39,5.1649890768149775e+39,1.8059402366485937e+39,2.2943548327598562e+39,1.7948775757975754e+39,1.2424991545916788e+39,0.5900339761449391,0.4442129109350768,0.3475084940362348,0.6880067952289878
0.397,0.43192103537130433,63.19604110158957,2.1227206315417733,0.03159802055079479,0.03183543491674951,2.0,7.9146034985699645,2.52,2.486410544164793,0.9525273175668209,62.964093163596694,0.031482046581798366,1.9999999999999987,2.4862868068945114,0.9562043618357481,0.32982893833194066,0.47664987719862895,0.19352118446943045,2.1069679421836318e+39,3.044869307048371e+39,5.1518372492320026e+39,1.8013416955356655e+39,2.2904545315094217e+39,1.7915847766084933e+39,1.2396926900251455e+39,0.5910259116788438,0.4445898464379607,0.3477564779197109,0.6882051823357688
0.398,0.4285160439863183,63.03909924679328,2.1059864489685207,0.03151954962339664,0.031756392137595214,2.0,7.9146034985699645,2.52,2.486592377205078,0.9550138191102643,62.80773508174131,0.03140386754087068,1.9999999999999987,2.48646931391137,0.9586907399792196,0.3290098369381667,0.47741790372162807,0.19357225934020528,2.0965171660036647e+39,3.0422033572752644e+39,5.138720523278929e+39,1.7967554277199053e+39,2.2865557908859648e+39,1.788294943974602e+39,1.2368920873160987e+39,0.5920157252167679,0.4449659755823718,0.348003931304192,0.6884031450433535
0.399,0.42513789539291313,62.8825357404448,2.0893841880726822,0.0314412678702224,0.0316775397701404,2.0,7.9146034985699645,2.52,2.4867732198857744,0.9575005019911116,62.651753879077965,0.031325876939539,1.9999999999999991,2.4866508268531295,0.9611773001322128,0.32819271019762564,0.47818435823326805,0.19362293156910632,2.0861174638520965e+39,3.039521322855222e+39,5.125638786707318e+39,1.792181393953608e+39,2.282658635760594e+39,1.7850080880552694e+39,1.2340973332147608e+39,0.5930034185666434,0.44534129905532444,0.3482508546416609,0.6886006837133286
0.4,0.4217863779795519,62.726349761541705,2.072912808867459,0.03136317488077085,0.03159887740187066,2.0,7.9146034985699645,2.52,2.4869530776659605,0.9599873652217358,62.4961487383021,0.03124807436915106,1.9999999999999991,2.486831351199833,0.9636640413033944,0.3273775538253913,0.4789492418443019,0.19367320433030677,2.0757685940681075e+39,3.036823333658936e+39,5.112591927727043e+39,1.787619555149316e+39,2.278763090890345e+39,1.7817242189601425e+39,1.2313084145231475e+39,0.5939889935649622,0.4457158175546856,0.3484972483912405,0.6887977987129924
0.401,0.418461281802909,62.57054049011333,2.0565712795646482,0.031285270245056666,0.031520404620302075,2.0,7.9146034985699645,2.52,2.4871319559739202,0.962474407819953,62.34091884313159,0.031170459421565808,1.9999999999999991,2.4870108924006025,0.9661509625068974,0.3265643635419227,0.47971255568512094,0.1937230807729564,2.0654703160187463e+39,3.0341095190011725e+39,5.0995798350199185e+39,1.783069872384587e+39,2.274869180924828e+39,1.778443346754277e+39,1.2285253180984573e+39,0.5949724520764016,0.44608953178903266,0.34874311301910044,0.6889944904152803
0.402,0.4151623985747183,62.4151071072263,2.0403585765100085,0.031207553553613147,0.031442121014586585,2.0,7.9146034985699645,2.52,2.487309860207325,0.9649616288089928,62.18606337831236,0.031093031689156194,1.9999999999999991,2.4871894558738266,0.9686380627622869,0.3257531350730925,0.4804743009055283,0.19377256402137927,2.0552223902003374e+39,3.031380007794322e+39,5.0866023979946596e+39,1.7785323069911398e+39,2.270976930520667e+39,1.7751654815475122e+39,1.2257480309146226e+39,0.5959537959934538,0.4464624424775124,0.3489884489983634,0.6891907591986908
0.403,0.41188952164872705,62.26004879499008,2.024273684119143,0.03113002439749504,0.03136402617517698,2.0,7.9146034985699645,2.52,2.487486795733414,0.9674490272174655,62.03158152962386,0.031015790764811934,1.9999999999999996,2.487367047007339,0.9711253410945322,0.32494386415021614,0.48123447867451474,0.1938216571752691,2.045024578211817e+39,3.0286349285160936e+39,5.07365950672791e+39,1.7740068205342343e+39,2.267086364316256e+39,1.7718906334746056e+39,1.2229765400482965e+39,0.5969330272360575,0.4468345503497019,0.3492332568090144,0.6893866054472115
0.404,0.4086424460077498,62.10536473656222,2.0083155948138747,0.031052682368281112,0.03128611969249283,2.0,7.9146034985699645,2.52,2.4876627678891716,0.9699366020793364,61.87747248388445,0.030938736241942235,1.9999999999999996,2.4875436711586,0.9736127965339745,0.32413654651007917,0.48199309018003705,0.19387036330988378,2.034876642663419e+39,3.025874409080316e+39,5.060751051743735e+39,1.769493374735572e+39,2.2631975068341416e+39,1.768618812618826e+39,1.2202108326258714e+39,0.5979101477512353,0.4472058561454693,0.3494775369378088,0.689582029550247
0.405,0.4054209682508263,61.95105411615391,1.9924833089591332,0.030975527058076956,0.031208401156891753,2.0,7.9146034985699645,2.52,2.4878377819815083,0.97242435243389,61.72373542895685,0.030861867714478432,1.9999999999999996,2.4877193336548706,0.9761004281162979,0.32333117789496607,0.48275013662879623,0.19391868547623764,2.0247783471713715e+39,3.023098576832995e+39,5.0478769240043665e+39,1.7649919314700583e+39,2.2593103824774986e+39,1.765350029009122e+39,1.2174508958213594e+39,0.5988851595127322,0.4475763606148382,0.3497212898781831,0.6897770319025465
0.406,0.40222488658048117,61.79711611903502,1.9767758348003397,0.03089855805951751,0.031130870158678856,2.0,7.9146034985699645,2.52,2.488011843287434,0.9749122773257042,61.57036955375331,0.03078518477687666,1.9999999999999996,2.4878940397933973,0.9785882348824987,0.3225277540526869,0.4835056192460202,0.19396662670129283,2.0147294563550818e+39,3.0203075585520957e+39,5.0350370149071775e+39,1.7605024527647475e+39,2.2554250155293755e+39,1.7620842926194595e+39,1.214696716855773e+39,0.5998580645206589,0.4479460645178504,0.34996451613016477,0.6899716129041318
0.40700000000000003,0.39905400079008163,61.643549931539354,1.9611921884012764,0.030821774965769676,0.031053526288736182,2.0,7.9146034985699645,2.52,2.488184957054236,0.9774003758046188,61.41737404824086,0.030708687024120437,1.9999999999999996,2.488067794841581,0.981076215878855,0.3217262707366046,0.48425953927524656,0.1940141899881488,2.0047297358743506e+39,3.01750148050762e+39,5.022231216381971e+39,1.756024900832857e+39,2.251541430196929e+39,1.7588216134032992e+39,1.211948283020716e+39,0.6008288648011384,0.44831496862443254,0.3502072162002846,0.6901657729602277
0.40800000000000003,0.39590811225129746,61.490354741069815,1.9457313935824565,0.030745177370534907,0.030976369140008835,2.0,7.9146034985699645,2.52,2.4883571284996524,0.9798886469257059,61.26474810344644,0.03063237405172323,1.9999999999999996,2.4882406040371583,0.9835643701568978,0.32092672370566155,0.4850118979781079,0.19406137831623055,1.9947789525211533e+39,3.014680468605671e+39,5.0094594211268244e+39,1.7515592381562326e+39,2.2476596507180563e+39,1.7555620013767826e+39,1.209205581735463e+39,0.6017975624059554,0.448683073714263,0.35044939060148883,0.690359512481191
0.40900000000000003,0.3927870239016576,61.33752973610335,1.9303924818599705,0.030668764868051673,0.030899398305833596,2.0,7.9146034985699645,2.52,2.4885283628120463,0.9823770897492408,61.11249091146194,0.030556245455730977,1.9999999999999996,2.48841247258837,0.9860526967733814,0.3201291087244061,0.4857626966341188,0.19410819464147516,1.9848768741071713e+39,3.0118446482261187e+39,4.99672152233329e+39,1.7471054273892624e+39,2.2437797012392488e+39,1.752305466523188e+39,1.2064686004808388e+39,0.602764159412209,0.4490503805766394,0.3506910398530523,0.6905528318824418
0.41000000000000003,0.3896905402322071,61.1850741061959,1.9151744923848244,0.03059253705309795,0.030822613379505804,2.0,7.9146034985699645,2.52,2.4886986651505767,0.9848657033406722,60.96060166544915,0.030480300832724582,1.9999999999999996,2.4885834056741394,0.9885411947902528,0.31933342156301786,0.48651193654046515,0.19415464189651693,1.975023269432285e+39,3.00899414417968e+39,4.984017413611965e+39,1.742663431332855e+39,2.2399016057829105e+39,1.7490520187673132e+39,1.2037373267813834e+39,0.6037286579219701,0.44941689001034857,0.3509321644804925,0.6907457315843941
0.41100000000000003,0.386618467275259,61.032987041987305,1.900076471882745,0.030516493520993653,0.03074601395428854,2.0,7.9146034985699645,2.52,2.488868040645371,0.9873544867705945,60.80907955964468,0.030404539779822347,1.9999999999999996,2.4887534084442415,0.9910298632746246,0.31853965799733336,0.48725961901179543,0.19420072299087116,1.9652179082817636e+39,3.006129080707891e+39,4.9713469889896543e+39,1.7382332129334457e+39,2.2360253882467223e+39,1.7458016679749037e+39,1.2010117482047836e+39,0.6046910600619406,0.4497826028235374,0.35117276501548517,0.690938212012388
0.41200000000000003,0.38357061259224495,60.881267735206166,1.8850974745944713,0.03044063386760308,0.030669599623493672,2.0,7.9146034985699645,2.52,2.4890364943976953,0.9898434391147158,60.657923789364816,0.030328961894682406,2.0,2.4889224860194736,0.9935187012987438,0.3177478138088716,0.488005745380012,0.19424644081111636,1.955460561428032e+39,3.003249581490149e+39,4.958710142918181e+39,1.7338147352860774e+39,2.2321510724082565e+39,1.7425544239561736e+39,1.1982918523641233e+39,0.605651367983116,0.4501475198335841,0.35141284199577905,0.6911302735966232
0.41300000000000003,0.38054678526165975,60.72991537867444,1.8702365622165058,0.03036495768933722,0.03059336998194948,2.0,7.9146034985699645,2.52,2.489204031480122,0.9923325594538334,60.50713355101024,0.03025356677550512,2.0,2.4890906434918265,0.9960077079399631,0.31695788478485815,0.4887503169940667,0.19429179822107512,1.9457510007205504e+39,3.000355769786871e+39,4.9461067705074216e+39,1.7294079617158816e+39,2.2282786820306437e+39,1.739310296548202e+39,1.1955776269743372e+39,0.606609583860452,0.45051164186697173,0.351652395965113,0.6913219167720904
0.41400000000000003,0.3775467958671026,60.578929166312264,1.8554928038423426,0.030289464583156133,0.03051732462591554,2.0,7.9146034985699645,2.52,2.4893706569367,0.9948218468738009,60.35670804207073,0.030178354021035365,2.0,2.489257885924653,0.9984968822807145,0.31616986671824976,0.48949333521975674,0.1943367980619935,1.9360889990757997e+39,2.997447768431472e+39,4.9335367675072716e+39,1.7250128557717736e+39,2.224408240855559e+39,1.7360692956093226e+39,1.1928690598480558e+39,0.6075657098925339,0.4508749697591628,0.3518914274731335,0.6915131419785067
0.41500000000000004,0.3745704564854112,60.42830829314242,1.8408652759041504,0.03021415414657121,0.0304414631516858,2.0,7.9146034985699645,2.52,2.4895363757831186,0.9973113004655035,60.20664646112979,0.030103323230564895,2.0,2.489424218352834,1.000986223408478,0.31538375540775837,0.4902348014395228,0.19438144315271888,1.9264743303843446e+39,2.994525699693264e+39,4.921000030077609e+39,1.7206293811460173e+39,2.220539772500514e+39,1.7328314309388377e+39,1.1901661388401714e+39,0.6085197483012488,0.4512375043544745,0.3521299370753122,0.6917039496602497
0.41600000000000004,0.3716175806748903,60.27805195529495,1.8263530621149218,0.030139025977647473,0.03036578515554135,2.0,7.9146034985699645,2.52,2.489701193006877,0.999800919324827,60.05694800786919,0.030028474003934595,2.0,2.4895896457829463,1.0034757304157544,0.31459954665787465,0.4909747170522487,0.1944257362898767,1.9169067695044317e+39,2.991589685272106e+39,4.9084964547765375e+39,1.7162575016701182e+39,2.2166733004542387e+39,1.729596712273334e+39,1.1874688518451217e+39,0.609471701331462,0.4515992465059556,0.35236792533286554,0.6918943402662925
0.417,0.36868798346363263,60.12815935001159,1.8119552534110739,0.0300640796750058,0.030290290233759357,2.0,7.9146034985699645,2.52,2.4898651135674466,1.0022907025526298,59.907611883073436,0.029953805941536717,2.0,2.48975417319343,1.0059654024000375,0.3138172362788915,0.49171308347306286,0.19446968024804556,1.907386092259175e+39,2.988639846298591e+39,4.896025938557766e+39,1.7118971813139042e+39,2.2128088480761732e+39,1.726365149286201e+39,1.1847771867963794e+39,0.6104215712506952,0.4519601970752642,0.3526053928126738,0.692084314250139
0.418,0.3657814813379321,59.9786296756501,1.797670947895505,0.02998931483782505,0.030214977983087487,2.0,7.9146034985699645,2.52,2.4900281423964357,1.004780649254718,59.758637288634176,0.029879318644317088,2.0,2.489917805534748,1.0084552384637853,0.3130368200869264,0.4924499021331425,0.19451327777993105,1.897912075462975e+39,2.985676303380277e+39,4.8835883788432525e+39,1.7075483842109273e+39,2.2089464386300207e+39,1.7231367516137197e+39,1.1820911316841642e+39,0.6113693603488092,0.45232035693254746,0.3528423400872023,0.6922738720697619
0.419,0.36289789223078794,59.82946213168866,1.7834992507810963,0.02991473106584433,0.03013984800232248,2.0,7.9146034985699645,2.52,2.490190284397752,1.0072707585418137,59.61002342755457,0.029805011713777287,2.0,2.490080547729556,1.0109452377143917,0.31225829390394455,0.49318517447951726,0.1945565316165382,1.8884844970166867e+39,2.9826991767576315e+39,4.871183673774318e+39,1.7032110747462652e+39,2.2050860953982498e+39,1.7199115289442716e+39,1.1794106746163943e+39,0.6123150709376884,0.4526797269563216,0.35307876773442215,0.6924630141875376
0.42,0.36003703551050087,59.68065591873008,1.7694392743346659,0.029840327959365042,0.03006489989081341,2.0,7.9146034985699645,2.52,2.4903515444477655,1.00976102952953,59.461769503953555,0.02973088475197678,2.0,2.4902424046728586,1.0134353992641607,0.3114816535577807,0.4939189019748768,0.1945994444673425,1.8791031358091042e+39,2.9797085861566194e+39,4.8588117219657237e+39,1.698885217470533e+39,2.2012278415719744e+39,1.7166894909322998e+39,1.176735803759366e+39,0.6132587053509294,0.4530383080333531,0.3533146763377324,0.6926517410701859
0.421,0.35719873196935636,59.53221023850604,1.7554901378213537,0.029766105119253018,0.02999013324791486,2.0,7.9146034985699645,2.52,2.4905119273954677,1.012251461338342,59.31387472307003,0.029656937361535015,2.0,2.490403381232177,1.0159257222302764,0.31070689488216124,0.4946510860973791,0.1946420190204597,1.8697677716790855e+39,2.976704650734279e+39,4.846472422413364e+39,1.69457077706761e+39,2.1973717002099662e+39,1.7134706471662425e+39,1.1740665073155501e+39,0.6142002659435313,0.45339610105854194,0.35355006648588283,0.6928400531887062
0.422,0.35438280381240056,59.3841242938811,1.741650967449457,0.02969206214694055,0.02991554767299579,2.0,7.9146034985699645,2.52,2.490671438062632,1.014742053093561,59.16633829126703,0.029583169145633515,2.0,2.490563482247704,1.0184162057347774,0.30993401371672546,0.4953817283404605,0.19468425794281402,1.8604781854127504e+39,2.9736874890790846e+39,4.8341656744918347e+39,1.6902677183537885e+39,2.193517694238256e+39,1.710255007168138e+39,1.171402773523134e+39,0.6151397550915914,0.45375310693480475,0.35378493877289785,0.6930279510183183
0.423,0.35158907464630174,59.23639728885687,1.7279208963156907,0.029618198644428436,0.02984114276548189,2.0,7.9146034985699645,2.52,2.490830081243973,1.0172328039253058,59.01915941603579,0.029509579708017895,2.0,2.490722712532466,1.0209068489045285,0.3091630059070468,0.4961108302126477,0.1947261638803055,1.851234158742756e+39,2.9706572192146857e+39,4.8218913779574413e+39,1.685976006278826e+39,2.1896658464522177e+39,1.7070425803951598e+39,1.1687445906568808e+39,0.616077175192001,0.4541093265729604,0.3540192937980003,0.6932154350384001
0.424,0.3488173694683016,59.08902842857598,1.7142990643508869,0.02954451421428799,0.02976691812609671,2.0,7.9146034985699645,2.52,2.4909878617073042,1.0197237129684766,58.87233730599976,0.02943616865299988,2.0,2.4908810768724816,1.0233976508711944,0.308393867304654,0.4968383932373705,0.1947677394579755,1.8420354744217248e+39,2.967613958723218e+39,4.8096494331449427e+39,1.6816956059947353e+39,2.1858161796067104e+39,1.703833376309793e+39,1.1660919470759655e+39,0.617012528662146,0.4544647608916155,0.3542531321655365,0.6934025057324292
0.425,0.3460675146552523,58.94201691932594,1.7007846182661153,0.029471008459662967,0.029692873357194335,2.0,7.9146034985699645,2.52,2.491144784193694,1.0222147793627285,58.72587117091854,0.029362935585459268,2.0,2.4910385800269195,1.0258886107712122,0.30762659376705104,0.49756441895277775,0.1948089872801712,1.8328819162384476e+39,2.964557824779049e+39,4.797439741017496e+39,1.6774264828732506e+39,2.181968716439888e+39,1.7006274043982616e+39,1.1634448312362876e+39,0.6179458179396103,0.45481941081705196,0.35448645448490257,0.6935891635879219
0.426,0.3433393379527408,58.795361968543055,1.687376711499235,0.029397680984271528,0.02961900806125402,2.0,7.9146034985699645,2.52,2.4913008534176213,1.0247060022524437,58.57976022169181,0.029289880110845903,2.0,2.4911952267282533,1.0283797277457642,0.3068611811577377,0.4982889089115533,0.19484990993070894,1.8237732689206247e+39,2.96148893399904e+39,4.785262202919665e+39,1.6731686024194635e+39,2.1781234795619614e+39,1.697424674083693e+39,1.1608032316307753e+39,0.6188770454818812,0.4551732772831148,0.3547192613704703,0.6937754090963761
0.427,0.3406326684642986,58.64906278481626,1.6740745041618648,0.029324531392408128,0.029545321840786867,2.0,7.9146034985699645,2.52,2.4914560740671328,1.0271973807867059,58.434003670363076,0.029217001835181538,2.0,2.4913510216824175,1.0308710009407531,0.30609762534622936,0.49901186468073516,0.19489050997303553,1.8147093181257303e+39,2.958407402432928e+39,4.773116720558659e+39,1.6689219302652653e+39,2.1742804914474174e+39,1.6942251947199638e+39,1.1581671367849724e+39,0.6198062137660585,0.4555263612311022,0.35495155344151463,0.6939612427532117
0.428,0.33794733664069654,58.50311857789074,1.6608771629867687,0.02925155928894537,0.029471814298344345,2.0,7.9146034985699645,2.52,2.4916104508039947,1.0296889141192738,58.288600730123534,0.029144300365061767,2.0,2.491505969568964,1.0333624295067736,0.30533592220807615,0.49973328784153426,0.1949307899503896,1.805689850438212e+39,2.95531334556386e+39,4.761003196002073e+39,1.6646864321685568e+39,2.1704397744347225e+39,1.6910289755913796e+39,1.155536535256627e+39,0.6207333252885667,0.4558786636096553,0.3551833313221417,0.6941466650577133
0.429,0.335283174269324,58.35752855867176,1.6477838612756628,0.02917876427933588,0.029398485036811275,2.0,7.9146034985699645,2.52,2.4917639882638447,1.032180601408555,58.14355061531565,0.029071775307657824,2.0,2.491660075041211,1.0358540125990867,0.3045760676248827,0.5004531799891571,0.19497075238596018,1.7967146533840744e+39,2.952206878337533e+39,4.748921531721607e+39,1.660462074028534e+39,2.1666013507470162e+39,1.6878360259287046e+39,1.1529114156464415e+39,0.6216583825648686,0.4562301853746501,0.35541459564121713,0.6943316765129737
0.43,0.3326400144636516,58.21229193922818,1.6347937788474256,0.02910614596961409,0.02932533366102351,2.0,7.9146034985699645,2.52,2.4919166910563475,1.0346724418175792,57.998852541436904,0.028999426270718453,2.0,2.4918133427264033,1.0383457493775938,0.3038180574843267,0.501171542732628,0.19501039978304524,1.787783515525958e+39,2.949088115324835e+39,4.736871630850793e+39,1.6562488219758018e+39,2.1627652426106116e+39,1.6846463550013675e+39,1.150291766660811e+39,0.6225813881291833,0.4565809274890896,0.3556453470322959,0.6945162776258367
0.431,0.330017691652778,58.06740793279597,1.6219061019867265,0.029033703966397987,0.02925235977663029,2.0,7.9146034985699645,2.52,2.4920685637653426,1.0371644345139734,57.854505725143284,0.028927252862571643,2.0,2.491965777225856,1.040837639006811,0.3030618876801773,0.5018883776946144,0.19504973462520836,1.7788962263891966e+39,2.9459571706084313e+39,4.724853396997628e+39,1.652046642306863e+39,2.158931472170682e+39,1.6814599720516335e+39,1.1476775770665504e+39,0.6235023445342066,0.4569308909229985,0.3558755861335517,0.6947004689068412
0.432,0.3274160415710572,57.92287575378187,1.6091200233930465,0.028961437876890934,0.029179562989331102,2.0,7.9146034985699645,2.52,2.492219610948996,1.0396565786699352,57.710509384252866,0.028855254692126433,2.0,2.4921173831151098,1.0433296806558423,0.3023075541123135,0.5026036865112524,0.19508875937643416,1.7700525764116455e+39,2.942814157706147e+39,4.712866734117793e+39,1.6478555014397875e+39,2.1551000614342503e+39,1.6782768862500953e+39,1.1450688356602698e+39,0.6244212543508333,0.4572800766533166,0.3561053135877083,0.6948842508701668
0.433,0.3248349012478098,57.77869461776665,1.5964347421301148,0.028889347308883324,0.02910694290488224,2.0,7.9146034985699645,2.52,2.4923698371399476,1.0421488734622077,57.566862737749226,0.028783431368874613,2.0,2.49226816494408,1.0458218734983549,0.3015550526867425,0.5033174708319745,0.19512747648128287,1.7612523569407862e+39,2.939659189571467e+39,4.700911546512253e+39,1.643675365913375e+39,2.151271032269853e+39,1.6750971066953174e+39,1.1424655312679292e+39,0.6253381201678828,0.4576284856637955,0.35633453004197074,0.6950676240335766
0.434,0.32227410899711345,57.634863741508596,1.5838494635757316,0.0288174318707543,0.029034499129111706,2.0,7.9146034985699645,2.52,2.4925192468454638,1.0446413180720533,57.42356500578486,0.02871178250289243,2.0,2.4924181272372046,1.048314216712552,0.3008043793156165,0.5040297323193401,0.19516588836504334,1.7524953602313298e+39,2.936492378594918e+39,4.688987738826248e+39,1.6395062023868e+39,2.147444406407843e+39,1.671920642413979e+39,1.139867652744736e+39,0.6262529445918286,0.45797611894489476,0.35656323614795715,0.6952505889183657
0.435,0.3197335044076754,57.49138234294675,1.5713633993719964,0.028745691171473374,0.02896223126882462,2.0,7.9146034985699645,2.52,2.492667844547579,1.047133911685231,57.28061540968451,0.028640307704842254,2.0,2.4925672744935925,1.0508067094811504,0.30005552991725054,0.5047404726488647,0.1952039974338849,1.7437813794964362e+39,2.933313836695663e+39,4.677095216192099e+39,1.6353479776895452e+39,2.143620205506614e+39,1.668747502412336e+39,1.1372751890100104e+39,0.6271657302465286,0.4583229774936809,0.3567914325616322,0.6954331460493058
0.436,0.31721292833278325,57.348249641204255,1.55897576737592,0.028674124820602127,0.028890138932679856,2.0,7.9146034985699645,2.52,2.492815634703246,1.049626653491967,57.138013171948465,0.028569006585974232,2.0,2.4927156111871724,1.053299350991352,0.29930850041613954,0.5054496935088522,0.1952418060750083,1.735110208956396e+39,2.9301236754109906e+39,4.6652338843673866e+39,1.6312006588697157e+39,2.1397984512170016e+39,1.6655776957262248e+39,1.1346881290809821e+39,0.6280764797729579,0.458669062313724,0.3570191199432394,0.6956152959545916
0.437,0.314712222880337,57.205464856591476,1.5466857916104346,0.028602732428295738,0.028818221729607615,2.0,7.9146034985699645,2.52,2.4929626217444816,1.052119542686933,56.995757516255765,0.02849787875812788,2.0,2.4928631417668363,1.0557921404348205,0.2985632867429748,0.5061573966002302,0.195279316656795,1.7264816437392157e+39,2.926922005736828e+39,4.653403649476044e+39,1.627064213103512e+39,2.1359791650647243e+39,1.662411231329416e+39,1.1321064620100387e+39,0.6289851958289474,0.459014374415,0.35724629895723686,0.6957970391657894
0.438,0.31223123140295694,57.06302721060922,1.5344927022157802,0.02853151360530461,0.028746479268610587,2.0,7.9146034985699645,2.52,2.4931088100785077,1.0546125784692204,56.85384766746738,0.02842692383373369,2.0,2.493009870656585,1.058285077007656,0.29781988483466054,0.5068635836363838,0.19531653152895567,1.7178954798653208e+39,2.9237089381076294e+39,4.64160441797295e+39,1.6229386076828497e+39,2.1321623684349482e+39,1.6592481181214975e+39,1.1295301768762613e+39,0.6298918810889214,0.4593589148137901,0.35747297027223035,0.6959783762177842
0.439,0.30976979848817277,56.92093592595176,1.5223957354012867,0.02846046796297588,0.02867491115877203,2.0,7.9146034985699645,2.52,2.493254204087899,1.0571057600423155,56.712282851629304,0.028356141425814652,2.0,2.4931558022556746,1.0607781599103705,0.29707829063432994,0.5075682563429926,0.19535345302267743,1.709351514244777e+39,2.9204845823972017e+39,4.6298360966419786e+39,1.618823810014678e+39,2.1283480825721718e+39,1.6560883649276962e+39,1.1269592627850938e+39,0.6307965382436389,0.45970268453258273,0.35769913456090974,0.6961593076487277
0.44,0.3073277699486867,56.77919022650989,1.5103941333975208,0.028389595113254944,0.028603517009387274,2.0,7.9146034985699645,2.52,2.4933988081307237,1.0595990866140743,56.57106229597564,0.028285531147987823,2.0,2.493300940938757,1.0632713883478624,0.29633850009136103,0.5082714164578692,0.19539008345076975,1.7008495446818516e+39,2.9172490479321583e+39,4.61809859261401e+39,1.6147197876272764e+39,2.1245363285893022e+39,1.6529319805058416e+39,1.1243937088728733e+39,0.6316991699999394,0.4600456845999769,0.3579247924999848,0.6963398339999879
0.441,0.30490499281271644,56.63778933737392,1.498487144408826,0.028318894668686957,0.02853229643144412,2.0,7.9146034985699645,2.52,2.4935426265406866,1.0620925573966997,56.43018522893159,0.028215092614465795,2.0,2.4934452910560263,1.065764761529393,0.2956005091613922,0.5089730657307985,0.19542642510780928,1.6923893699594782e+39,2.914002443643265e+39,4.606391813602743e+39,1.6106265082527073e+39,2.120727127577044e+39,1.649778973631365e+39,1.1218335043644114e+39,0.6325997790804883,0.46038791605058554,0.3581499447701221,0.6965199558160977
0.442,0.3025013153144116,56.49673248483661,1.4866740225662232,0.028248366242418308,0.02846124903712088,2.0,7.9146034985699645,2.52,2.4936856636272684,1.0645861716067149,56.28965088011635,0.028144825440058172,2.0,2.493588856933356,1.0682582786685615,0.2948643138063377,0.5096732059233784,0.19546248027028384,1.6839707898051206e+39,2.91074487801532e+39,4.5947156678204404e+39,1.6065439397973568e+39,2.1169205005663184e+39,1.646629353067918e+39,1.1192786385526976e+39,0.6334983682235265,0.46072937992494006,0.35837459205588157,0.6966996736447053
0.443,0.30011658688434795,56.356018896396,1.474954027880693,0.028178009448198,0.02839037443870449,2.0,7.9146034985699645,2.52,2.4938279236758683,1.0670799284649415,56.14945848034609,0.028074729240173044,2.0,2.4937316428724428,1.0707519389832807,0.29412990999440214,0.510371838808863,0.1954982511967348,1.6755936048228698e+39,2.907476458977243e+39,4.583070063800113e+39,1.6024720502797596e+39,2.1131164684473768e+39,1.6434831275043332e+39,1.1167291007557738e+39,0.634394940182623,0.4610700772693967,0.3585987350456557,0.6968789880365247
0.444,0.29775065814009477,56.21564780075821,1.463326426196819,0.028107823900379105,0.028319672248577173,2.0,7.9146034985699645,2.52,2.493969410947941,1.0695738271964748,56.00960726163671,0.028004803630818354,2.0,2.493873653150946,1.0732457416957533,0.2933972937000954,0.511068966172006,0.1955337401278986,1.6672576164894217e+39,2.904197293900856e+39,4.5714549103902775e+39,1.5984108078287685e+39,2.1093150519681863e+39,1.6403403055532697e+39,1.1141848803156047e+39,0.6352894977264288,0.46141000913604296,0.35882237443160725,0.6970578995452857
0.445,0.2954033808768575,56.075618427840325,1.4517904891467996,0.028037809213920163,0.02824914207922438,2.0,7.9146034985699645,2.52,2.4941101296811374,1.072067867030658,55.87009645720668,0.027935048228603338,2.0,2.4940148920226264,1.0757396860324473,0.29266646090424747,0.5117645898089054,0.19556894928684715,1.6589626271513213e+39,2.900907489601855e+39,4.559870116753176e+39,1.594360180682929e+39,2.1055162717344036e+39,1.6372008957510988e+39,1.1116459665977906e+39,0.6361820436384328,0.46174917658260445,0.3590455109096082,0.6972364087276864
0.446,0.2930746080581947,55.93593000877293,1.4403454941048246,0.027967965004386464,0.028178783543734823,2.0,7.9146034985699645,2.52,2.494250084089441,1.0745620472010624,55.73092530147974,0.027865462650739872,2.0,2.494155363717484,1.078233771224073,0.29193740759402187,0.5124587115268511,0.1956038808791271,1.65070844005103e+39,2.897607152391427e+39,4.5483155924424575e+39,1.5903201372176424e+39,2.101720148246083e+39,1.6340649065863483e+39,1.1091123490106595e+39,0.637072580716723,0.4620875806723547,0.3592681451791807,0.6974145161433446
0.447,0.29076419380680624,55.796581775902915,1.428990724141805,0.027898290887951458,0.028108596257174455,2.0,7.9146034985699645,2.52,2.494389278363304,1.0770563669454591,55.59209303008758,0.02779604651504379,2.0,2.4942950724418957,1.0807279965055592,0.29121012976293015,0.5131513331441719,0.1956385370928979,1.6424948594036364e+39,2.89429638821828e+39,4.5367912476219164e+39,1.5862906460216492e+39,2.097926701999768e+39,1.6309323465789534e+39,1.1065840170587932e+39,0.6379611117737465,0.4624252224740236,0.35949027794343663,0.6975922223547494
0.448,0.2884719933953967,55.657572962795975,1.4177254679804683,0.02782878648139799,0.028038579835148746,2.0,7.9146034985699645,2.52,2.4945277166697846,1.0795508255058,55.453598879872494,0.027726799439936247,2.0,2.4944340223787522,1.0832223611160283,0.29048462341084486,0.5138424564900861,0.19567292009906906,1.6343216903084823e+39,2.890975302521944e+39,4.525296992830426e+39,1.5822716758148343e+39,2.0941359533810324e+39,1.6278032241965713e+39,1.1040609602859203e+39,0.6388476396360745,0.46276210306170834,0.35971190990901863,0.697769527927215
0.449,0.28619786323760826,55.51890280423925,1.4065490199507977,0.027759451402119623,0.027968733893372483,2.0,7.9146034985699645,2.52,2.4946654031526827,1.0820454221281912,55.31544208888992,0.027657721044444958,2.0,2.494572217687594,1.0857168642987742,0.2897608845440136,0.5145320834045505,0.19570703205143591,1.6261887387206434e+39,2.887644000188905e+39,4.5138327389095485e+39,1.578263195422919e+39,2.0903479226318844e+39,1.6246775478291358e+39,1.1015431682574207e+39,0.6397321671441689,0.46309822351478414,0.3599330417860422,0.6979464334288337
0.45,0.28394166087902745,55.380570536243745,1.3954606799458347,0.027690285268121874,0.02789905804767747,2.0,7.9146034985699645,2.52,2.4948023419326715,1.0845401560628714,55.17762189641097,0.027588810948205485,2.0,2.4947096625047447,1.0882115053012396,0.28903890917507136,0.515220215738114,0.1957408750868146,1.6180958114481892e+39,2.884302585553684e+39,4.5023983970018734e+39,1.574265173776879e+39,2.086562629850812e+39,1.6215553257887958e+39,1.0990306305600716e+39,0.6406146971521508,0.4634335849178173,0.36015367428803774,0.6981229394304301
0.451,0.28170324498826027,55.2425753960469,1.3844597533778156,0.027621287698023453,0.02782955191404515,2.0,7.9146034985699645,2.52,2.494938537107434,1.0870350265641884,55.04013754292493,0.027520068771462465,2.0,2.494846360943446,1.0907062833749912,0.28831869332305426,0.5159068553517696,0.19577445132517612,1.6100427161508874e+39,2.88095116240251e+39,4.4909938785533976e+39,1.5702775799137753e+39,2.0827800949947014e+39,1.618436566311307e+39,1.0965233368027757e+39,0.6414952325275711,0.463768188360477,0.3603738081318928,0.6982990465055142
0.452,0.2794824753480806,55.10491662211485,1.3735455511346706,0.027552458311057425,0.027760215109694838,2.0,7.9146034985699645,2.52,2.4950739927517933,1.0895300328905764,54.90298827014167,0.027451494135070836,2.0,2.494982317093992,1.0932011977756972,0.28760023301341087,0.5165920041168104,0.1958077628697788,1.6020292613997996e+39,2.8775898340864875e+39,4.4796190954862874e+39,1.5663003830371635e+39,2.0790003379598485e+39,1.6153212776188795e+39,1.0940212766589097e+39,0.6423737761511862,0.4641020349374507,0.3605934440377966,0.6984747552302373
0.453,0.27727921284664503,54.96759345414489,1.3627173895368474,0.027483796727072445,0.027691047253475334,2.0,7.9146034985699645,2.52,2.495208712917846,1.0920251743045328,54.766173320994014,0.027383086660497005,2.0,2.49511753502386,1.095696247763106,0.2868835242780155,0.5172756639146843,0.19584081180730034,1.594055256695856e+39,2.874218703563346e+39,4.468273960259202e+39,1.5623335525381823e+39,2.075223378611096e+39,1.6122094679426768e+39,1.0915244398812637e+39,0.6432503309167314,0.464435125748358,0.3608125827291829,0.6986500661833464
0.454,0.2750933194687806,54.83060513306774,1.3519745902944937,0.02741530256653387,0.027622047964464186,2.0,7.9146034985699645,2.52,2.495342701635092,1.094520450072596,54.629691939640075,0.027314845969820038,2.0,2.4952520187778418,1.09819143260102,0.28616856315518,0.5179578366368517,0.1958736002079683,1.5861205123851757e+39,2.870837873253267e+39,4.456958385638442e+39,1.5583770579155394e+39,2.0714492366766987e+39,1.6091011454410053e+39,1.0890328162463517e+39,0.6441248997307006,0.4647674618976662,0.3610312249326752,0.6988249799461401
0.455,0.2729246582873376,54.69395090104979,1.3413164804649613,0.027346975450524894,0.027553216861869092,2.0,7.9146034985699645,2.52,2.495475962910567,1.0970158594653225,54.49354337146552,0.02724677168573276,2.0,2.4953857723781767,1.1006867515572774,0.2854553456896652,0.518638524184645,0.19590613012568997,1.5782248396501927e+39,2.867447445029082e+39,4.445672284679274e+39,1.5544308687689772e+39,2.0676779317404914e+39,1.6059963181931253e+39,1.086546395550001e+39,0.6449974855121263,0.46509904449460804,0.3612493713780316,0.6989994971024253
0.456,0.2707730934546137,54.55763000149534,1.3307423924106563,0.02727881500074767,0.027484553565035423,2.0,7.9146034985699645,2.52,2.495608500728969,1.0995114017572651,54.35772686308582,0.02717886343154291,2.0,2.4955187998246786,1.1031822039037256,0.2847438679326927,0.5193177284691265,0.19593840359818082,1.5703680505069427e+39,2.864047520217458e+39,4.434415570724401e+39,1.5504949547987416e+39,2.0639094832420023e+39,1.6028949941992447e+39,1.084065167607133e+39,0.6458680911923621,0.4654298746530976,0.3614670227980905,0.6991736182384725
0.457,0.2686384901938431,54.421641679048754,1.3202516637572144,0.027210820839524377,0.02741605769362581,2.0,7.9146034985699645,2.52,2.4957403190527883,1.1020070762269492,54.222241662348424,0.027111120831174212,2.0,2.4956511050948675,1.1056777889162013,0.2840341259419563,0.5199954514109513,0.19597042264709236,1.5625499578121533e+39,2.860638199618082e+39,4.4231881574302355e+39,1.5465692858147676e+39,2.060143910489523e+39,1.5997971813905678e+39,1.0815891222583396e+39,0.6467367197148681,0.4657599534916499,0.36168417992871704,0.6993473439429738
0.458,0.2665207147907551,54.28598517959653,1.3098436373520126,0.027142992589798264,0.027347728869075386,2.0,7.9146034985699645,2.52,2.4958714218224354,1.1045028821568528,54.08708701833485,0.027043543509167423,2.0,2.4957826921440973,1.1081735058745086,0.2833261157816327,0.5206716949402286,0.19600218927813867,1.5547703753427123e+39,2.857219583656272e+39,4.4119899589989846e+39,1.5426538318178267e+39,2.05638123276916e+39,1.596702887713865e+39,1.0791182494268097e+39,0.6476033740349975,0.46608928213329903,0.36190084350874935,0.6995206748069995
0.459,0.2644196345851969,54.15065975026944,1.2995176612230002,0.02707532987513472,0.027279566713843212,2.0,7.9146034985699645,2.52,2.4960018129563686,1.1069988188333826,53.95226218136287,0.026976131090681435,2.0,2.4959135649056825,1.110669354062394,0.2826198335223925,0.5213464609963854,0.19603370548122206,1.5470291177489298e+39,2.8537917723062465e+39,4.400820890055176e+39,1.5387485629563555e+39,2.0526214692885123e+39,1.593612121087597e+39,1.0766525390883567e+39,0.6484680571197858,0.4664178617055186,0.3621170142799465,0.6996936114239571
0.46,0.26233511796282466,54.01566463944453,1.2892730885378623,0.027007832319722265,0.027211570850539223,2.0,7.9146034985699645,2.52,2.49613149635122,1.109494885546853,53.81776640298847,0.026908883201494233,2.0,2.496043727291026,1.113165332767528,0.2819152752414108,0.5220197515280316,0.19606497323055766,1.5393260005014118e+39,2.850354865000767e+39,4.389680865502179e+39,1.5348534494762863e+39,2.048864639110771e+39,1.5905248893506274e+39,1.0741919812365018e+39,0.6493307719477431,0.46674569334014243,0.36233269298693577,0.6998661543895486
0.461,0.2602670343468581,53.88099909674705,1.2791092775634978,0.026940499548373523,0.027143740901923327,2.0,7.9146034985699645,2.52,2.4962604758819196,1.1119910815914638,53.68359893600787,0.026841799468003934,2.0,2.4961731831897445,1.1156614412814807,0.2812124370223774,0.5226915684928255,0.19609599448479714,1.531660839887893e+39,2.8469089606315483e+39,4.378569800519442e+39,1.5309684617200845e+39,2.0451107611542655e+39,1.5874412002617753e+39,1.0717365658819549e+39,0.6501915215086469,0.4670727781732858,0.3625478803771617,0.7000383043017293
0.462,0.25821525418990177,53.746662373052416,1.2690255916258237,0.026873331186526208,0.027076076490912666,2.0,7.9146034985699645,2.52,2.496388755401822,1.1144874062652799,53.549759034459484,0.026774879517229743,2.0,2.4963019364697945,1.1181576788997014,0.2805113149555067,0.5233619138573418,0.1961267711871515,1.5240334530105425e+39,2.843454157550562e+39,4.3674876105611044e+39,1.5270935701262604e+39,2.0413598541926567e+39,1.5843610614998614e+39,1.0692862830524274e+39,0.6510503088033385,0.4673991173452687,0.3627625772008346,0.7002100617606677
0.463,0.25617964896582945,53.61265372048814,1.2590213990698906,0.02680632686024407,0.027008577241104895,2.0,7.9146034985699645,2.52,2.49651633874283,1.1169838588702081,53.41624595362582,0.02670812297681291,2.0,2.4964299909775964,1.1206540449214963,0.27981190513754806,0.5240307895969394,0.19615730526551256,1.5164436578122438e+39,2.839990553625607e+39,4.3564342114378514e+39,1.52322874525799e+39,2.037611936894058e+39,1.581284480693972e+39,1.066841122812831e+39,0.65190713684352,0.46772471200053756,0.36297678421088,0.7003814273687039
0.464,0.2541600911617333,53.47897239243559,1.2490960732203156,0.026739486196217792,0.026941242778013134,2.0,7.9146034985699645,2.52,2.496643229715517,1.1194804387119763,53.28305895003535,0.026641529475017675,2.0,2.4965573505381586,1.1231505386500078,0.2791142036717949,0.5246981976956311,0.196187598632574,1.508891273142298e+39,2.8365182463712585e+39,4.345409519513556e+39,1.519373957871873e+39,2.0338670279140606e+39,1.5782114654955258e+39,1.064401075313629e+39,0.6527620086515553,0.468049563287591,0.3631905021628888,0.700552401730311
0.465,0.2521564542699367,53.34561764353185,1.2392489923420282,0.026672808821765925,0.02687407272767284,2.0,7.9146034985699645,2.52,2.4967694321092506,1.121977145100113,53.1501972814643,0.02657509864073215,2.0,2.4966840189551993,1.1256471593921917,0.27841820666809436,0.5253641401459547,0.19621765318595097,1.5013761186742832e+39,2.8330373328037655e+39,4.3344134514780484e+39,1.5155291788384786e+39,2.0301251457906017e+39,1.5751420234965512e+39,1.061966130735399e+39,0.6536149272602712,0.4683736723589031,0.36340373181506785,0.7007229854520542
0.466,0.25016861278006886,53.21258872967147,1.229479539601321,0.026606294364835734,0.026807066716281108,2.0,7.9146034985699645,2.52,2.496894949692313,1.1244739773479249,53.01766020693848,0.02650883010346924,2.0,2.4968100000112714,1.128143906458798,0.2777239102428564,0.5260286189488446,0.19624747080829902,1.49389801488263e+39,2.8295479094038264e+39,4.3234459242864565e+39,1.511694379121139e+39,2.0263863089164743e+39,1.572076162208248e+39,1.0595362792741419e+39,0.6544658957127621,0.4686970403708496,0.3636164739281906,0.7008931791425524
0.467,0.24819644217120346,53.07988490800811,1.2197871030272143,0.026539942454004057,0.026740224370203743,2.0,7.9146034985699645,2.52,2.4970197862120234,1.1269709347724766,52.88544698673494,0.02644272349336747,2.0,2.4969352974678807,1.130640779164348,0.27703131051906277,0.5266916361135053,0.19627705336743195,1.4864567830399478e+39,2.8260500721179513e+39,4.312506855157899e+39,1.5078695297754892e+39,2.0226505355395594e+39,1.5690138890610678e+39,1.0571115111411165e+39,0.6553149170621962,0.4690196684836346,0.3638287292655491,0.7010629834124393
0.468,0.24623981890405777,52.9475054369563,1.2101710754731168,0.026473752718478148,0.026673545316002703,2.0,7.9146034985699645,2.52,2.4971439453948583,1.1294680166945703,52.75355688238373,0.026376778441191864,2.0,2.4970599150656088,1.1331377768271143,0.2763404036262754,0.5273531936572855,0.19630640271643918,1.4790522452154883e+39,2.8225439163620116e+39,4.3015961615775e+39,1.504054601950175e+39,2.0189178437646143e+39,1.565955211406003e+39,1.0546918165634886e+39,0.6561619943716233,0.4693415578612168,0.3640404985929058,0.7012323988743245
0.46900000000000003,0.2442986204132549,52.81544957619302,1.2006308545787983,0.02640772478809651,0.026607029181434004,2.0,7.9146034985699645,2.52,2.4972674309465694,1.131965222438723,52.621989156669486,0.026310994578334742,2.0,2.4971838565242335,1.1356348987690998,0.27565118570064545,0.5280132936055534,0.19633552069380122,1.471684224327269e+39,2.819029537127639e+39,4.2907137614549077e+39,1.5002495669422756e+39,2.0151882516285825e+39,1.5629001365728915e+39,1.0522771858233657e+39,0.6570071307137846,0.46966270967123813,0.3642517826784462,0.701401426142757
0.47000000000000003,0.24237272509964503,52.68371658665928,1.1911658427326517,0.02634185829332964,0.026540675595870346,2.0,7.9146034985699645,2.52,2.497390246552304,1.134462551333148,52.49074307363309,0.026245371536816546,2.0,2.4973071255428465,1.1381321443160164,0.27496365288492114,0.5286719379915736,0.19636440912350533,1.4643525441616377e+39,2.815507029028414e+39,4.2798595731900516e+39,1.4964543962202977e+39,2.0114617771326085e+39,1.559848671895114e+39,1.0498676092741302e+39,0.6578503291709259,0.4699831250849518,0.3644625822927315,0.7015700658341852
0.47100000000000003,0.24046201232268943,52.55230573056168,1.1817754470342634,0.026276152865280837,0.026474484188965777,2.0,7.9146034985699645,2.52,2.4975123958767234,1.136960002709734,52.359817898573176,0.02617990894928659,2.0,2.4974297257999734,1.140629512797265,0.2742778013284559,0.5293291288563844,0.1963930698151597,1.4570570292957524e+39,2.811976486159671e+39,4.269033515455423e+39,1.4926690613480502e+39,2.0077384381408683e+39,1.5568008246310025e+39,1.0474630772872467e+39,0.6586915928346109,0.4703028052771522,0.36467289820865273,0.7017383185669221
0.47200000000000003,0.23856636239290238,52.421216271373865,1.172459079257268,0.026210608135686934,0.026408454590553937,2.0,7.9146034985699645,2.52,2.497633882564119,1.1394575759040229,52.2292128980477,0.026114606449023848,2.0,2.49755166095369,1.1431270035459156,0.27359362718721625,0.5299848682486772,0.1964215045641065,1.449797505088896e+39,2.8084380020884557e+39,4.2582355071773514e+39,1.488893533978095e+39,2.0040182523726305e+39,1.5537566019575844e+39,1.0450635802478258e+39,0.6595309248055375,0.47062175142610424,0.3648827312013844,0.7019061849611076
0.47300000000000003,0.23668565656435447,52.29044747383809,1.1632161558125054,0.026145223736919045,0.02634258643065499,2.0,7.9146034985699645,2.52,2.497754710238529,1.1419552702551916,52.09892733987539,0.026049463669937694,2.0,2.4976729346417423,1.145624615898684,0.27291112662378963,0.5306391582246757,0.1964497151515347,1.44257379767984e+39,2.804891669854976e+39,4.247465467534816e+39,1.4851277858513344e+39,2.0003012374025503e+39,1.550716010970707e+39,1.0426691085544896e+39,0.6603683281933556,0.4709399647134751,0.3650920820483389,0.702073665638671
0.47400000000000003,0.23481977702723356,52.15999860396655,1.1540460977114608,0.026079999301983275,0.026276879339599758,2.0,7.9146034985699645,2.52,2.497874882503856,1.1444530851060304,51.96896049313719,0.025984480246568596,2.0,2.49779355048166,1.1481223491959163,0.2722302958073914,0.5312920008480171,0.19647770334459153,1.4353857339906048e+39,2.801337581986576e+39,4.236723315977181e+39,1.4813717888032102e+39,1.9965874106698788e+39,1.5476790586920803e+39,1.0402796526238842e+39,0.6612038061164871,0.47125744632426514,0.3653009515291218,0.7022407612232975
0.47500000000000003,0.2329686069004656,52.02986892904274,1.144948330529999,0.02601493446452137,0.026211332949355064,2.0,7.9146034985699645,2.52,2.497994402943981,1.1469510198029242,51.83931162817767,0.025919655814088834,2.0,2.497913512070873,1.150620202781564,0.2715511309138721,0.5319433981896349,0.19650547089649306,1.4282331417955862e+39,2.797775830640047e+39,4.226008972435633e+39,1.477625514837634e+39,1.9928767895790572e+39,1.5446457521471386e+39,1.0378952029427694e+39,0.662037361701948,0.4715741974467403,0.36550934042548705,0.7024074723403897
0.47600000000000003,0.2311320302243925,51.90005771762288,1.135922284372378,0.02595002885881144,0.02614594689303242,2.0,7.9146034985699645,2.52,2.498113275122878,1.1494490736958316,51.70998001660638,0.02585499000830319,2.0,2.498032822986828,1.153118176003167,0.27087362812572485,0.5325933523276409,0.19653301954663416,1.4211158496908667e+39,2.794206507550825e+39,4.2153223572416916e+39,1.4738889360984937e+39,1.9891693914624857e+39,1.5416160983360447e+39,1.0355157500482271e+39,0.6628689980851719,0.47189021927236535,0.365717249521293,0.7025737996170344
0.47700000000000004,0.22930993195350882,51.77056423953719,1.1269673938355549,0.025885282119768593,0.026080720803949728,2.0,7.9146034985699645,2.52,2.4982315025847277,1.1519472461382647,51.58096493129918,0.02579048246564959,2.0,2.4981514867871013,1.1556162682118327,0.27019778363209185,0.5332418653472106,0.1965603510206974,1.414033687039708e+39,2.7906297039340013e+39,4.2046633909737095e+39,1.4701620248159826e+39,1.9854652335091363e+39,1.5385901041782424e+39,1.033141284490145e+39,0.6636987184098349,0.47220551299573715,0.3659246796024588,0.7027397436819669
0.47800000000000004,0.22750219794925447,51.641387765891096,1.1180830979737626,0.02582069388294555,0.026015654315621545,2.0,7.9146034985699645,2.52,2.4983490888540323,1.1544455364872703,51.4522656463995,0.02572613282319975,2.0,2.498269507009513,1.1581144787622155,0.2695235936287709,0.533888939340468,0.1965874670307612,1.406986483969035e+39,2.7870455104840836e+39,4.1940319944531186e+39,1.4664447533052863e+39,1.981764332763638e+39,1.5355677765116447e+39,1.0307717968304526e+39,0.664526525827684,0.47252007981452,0.36613163145692107,0.7029053051655368
0.47900000000000004,0.2257087149728659,51.51252756906654,1.1092688402633777,0.02575626378453327,0.02595074706176578,2.0,7.9146034985699645,2.52,2.4984660374357266,1.1569439441034106,51.32388143731962,0.02566194071865981,2.0,2.4983868871722397,1.1606128070124988,0.26885105431822187,0.5345345764063711,0.19661436927540704,1.3999740713668233e+39,2.78345401737652e+39,4.183428088743343e+39,1.462737093966204e+39,1.978066706126613e+39,1.5325491220927987e+39,1.0284072776430103e+39,0.6653524234983658,0.472833920929379,0.3663381058745915,0.703070484699673
0.48,0.22392937067828167,51.38398292272313,1.1005240685680535,0.025691991461361564,0.02588599867663424,2.0,7.9146034985699645,2.52,2.4985823518152896,1.1594424683507412,51.19581158074183,0.025597905790370915,2.0,2.4985036307739277,1.1631112523243734,0.2681801619095733,0.5351787786506009,0.1966410594398258,1.39299628089692e+39,2.779855314304032e+39,4.172851595200952e+39,1.4590390193010324e+39,1.9743723703797414e+39,1.5295341476161983e+39,1.026047717526346e+39,0.666176414589257,0.4731470375439177,0.36654410364731427,0.7032352829178514
0.481,0.2221640536051056,51.255753101799215,1.091848235104137,0.025627876550899608,0.025821408796329277,2.0,7.9146034985699645,2.52,2.4986980354588564,1.1619411085967957,51.06805535461964,0.02553402767730982,2.0,2.4986197412938034,1.1656098140630193,0.2675109126186273,0.5358215481854494,0.19666753919592345,1.3860529450665305e+39,2.776249490619233e+39,4.1623024356857636e+39,1.455350501988029e+39,1.9706813422861762e+39,1.5265228597919608e+39,1.0236931071555007e+39,0.6669985022752989,0.4734594308646135,0.3667496255688247,0.7033997004550598
0.482,0.22041265317162445,51.127837382513135,1.0832407964063535,0.025563918691256567,0.025756977057666948,2.0,7.9146034985699645,2.52,2.498813091813329,1.1644398642125628,50.94061203817887,0.025470306019089436,2.0,2.498735222191785,1.168108491597087,0.26684330266786677,0.5364628871297077,0.19669381020242566,1.3791438971612983e+39,2.7726366352141565e+39,4.151780532375455e+39,1.4516715148165927e+39,1.9669936385039793e+39,1.5235152652786302e+39,1.0213434372366576e+39,0.6678186897388295,0.4737711021007552,0.3669546724347074,0.7035637379477659
0.483,0.21867505966788106,51.000235042364196,1.074701213293764,0.025500117521182097,0.02569270309766945,2.0,7.9146034985699645,2.52,2.498927524306485,1.1669387345724689,50.813480911918795,0.025406740455959396,2.0,2.498850076908593,1.170607284298676,0.26617732828645985,0.5371027976085583,0.19671987410498182,1.3722689712149105e+39,2.769016836466757e+39,4.141285807681668e+39,1.4480020306579258e+39,1.9633092755473343e+39,1.520511370653023e+39,1.018998698486679e+39,0.6686369801694222,0.4740820524643804,0.3671592450423556,0.7037273960338845
0.484,0.21695116424880215,50.87294536013376,1.06622895083599,0.025436472680066883,0.02562858655357175,2.0,7.9146034985699645,2.52,2.4990413363470885,1.1694377190543583,50.68666125761315,0.025343330628806577,2.0,2.4989643088658586,1.1731061915433179,0.26551298571026616,0.5377412817534659,0.19674573253626798,1.3654280020065246e+39,2.7653901822424976e+39,4.1308181842490225e+39,1.4443420224646932e+39,1.959628269786934e+39,1.517511182410429e+39,1.0166588816330218e+39,0.6694533767637226,0.4743922831702146,0.3673633441909307,0.7038906753527445
0.485,0.21524085892737962,50.7459676158862,1.057823478319704,0.0253729838079431,0.02556462706282982,2.0,7.9146034985699645,2.52,2.4991545313249963,1.1719368170394757,50.56015235831119,0.025280076179155595,2.0,2.499077921466235,1.1756052127099559,0.2648502711818413,0.5383783417020694,0.19677138711608932,1.3586208250582772e+39,2.761756759896128e+39,4.120377584954405e+39,1.440691463270771e+39,1.9559506374504975e+39,1.514514706964913e+39,1.014323977413719e+39,0.6702678827252888,0.4747017954356097,0.3675669706813222,0.7040535765450576
0.486,0.21354403656790677,50.619301090969884,1.049484269215387,0.02530965054548494,0.025500824263765782,2.0,7.9146034985699645,2.52,2.4992671126112684,1.1744360279124448,50.43395349833866,0.02521697674916933,2.0,2.499190918093503,1.1781043471809263,0.2641891809504424,0.5390139795980762,0.1967968394514814,1.3518472766665624e+39,2.7581166563423765e+39,4.109963933008939e+39,1.437050326226902e+39,1.9522763946720697e+39,1.511521950687382e+39,1.0119939766026471e+39,0.6710805012644323,0.4750105904804843,0.3677701253161081,0.7042161002528864
0.487,0.2118605908792665,50.49294506801816,1.041210801144343,0.02524647253400908,0.02543717779647663,2.0,7.9146034985699645,2.52,2.4993790835582725,1.176935351061252,50.30806396329872,0.02515403198164936,2.0,2.4993033021126805,1.1806035943419404,0.26352971127203295,0.539648197591156,0.19682209113681104,1.3451071939467422e+39,2.754469958155687e+39,4.099577152102429e+39,1.433418584651199e+39,1.948605557561695e+39,1.5085329199594076e+39,1.0096688700452874e+39,0.6718912355980624,0.47531866952726365,0.3679728088995156,0.7043782471196125
0.488,0.21019041640827374,50.366898830950134,1.0330025558459797,0.025183449415475068,0.025373687301503012,2.0,7.9146034985699645,2.52,2.499490447499793,1.1794347858772265,50.18248304007292,0.02509124152003646,2.0,2.4994150768701284,1.1831029535820645,0.2628718584092872,0.5402809978368369,0.1968471437538759,1.3384004147589974e+39,2.7508167514278136e+39,4.0892171661868106e+39,1.4297962119534305e+39,1.9449381421036675e+39,1.5055476210943155e+39,1.0073486486056102e+39,0.6727000889495303,0.47562603380082147,0.3681750222373826,0.704540017789906
0.489,0.20853340853306906,50.24116166497166,1.0248590191453408,0.02512058083248583,0.025310352419607208,2.0,7.9146034985699645,2.52,2.499601207751136,1.181934331755022,50.057210016822,0.025028605008411,2.0,2.4995262456936587,1.1856024242937027,0.26221561863159476,0.5409123824964013,0.19687199887200396,1.3317267776936089e+39,2.747157121744805e+39,4.0788838994384135e+39,1.426183181621823e+39,1.9412741641394768e+39,1.5025660603238838e+39,1.0050333031569429e+39,0.6735070645484754,0.4759326845284207,0.36837676613711884,0.704701412909695
0.49,0.20688946345656584,50.11573285657609,1.016779680920901,0.025057866428288045,0.025247172791779477,2.0,7.9146034985699645,2.52,2.499711367609234,1.1844339880925976,49.9322441829868,0.0249661220914934,2.0,2.4996368118926378,1.188102005872577,0.26156098821506524,0.5415423537367832,0.19689665804815154,1.3250861220684074e+39,2.7434911541886447e+39,4.068577276257052e+39,1.4225794672227456e+39,1.9376136393682363e+39,1.4995882437985716e+39,1.0027228245819052e+39,0.6743121656306748,0.4762386229396564,0.3685780414076687,0.704862433126135
0.491,0.2052584781999473,49.99061169354504,1.0087640350726077,0.02499530584677252,0.025184148059268475,2.0,7.9146034985699645,2.52,2.4998209303527514,1.1869337542912022,49.80758482928905,0.024903792414644525,2.0,2.4997467787580936,1.1906016977177105,0.26090796344253164,0.5421709137304676,0.1969211228270008,1.3184782879274868e+39,2.7398189333415304e+39,4.0582972212690175e+39,1.4189850424017542e+39,1.9339565833489654e+39,1.4966141775891862e+39,1.0004172037733028e+39,0.6751153954378918,0.4765438502663989,0.368778848859473,0.7050230790875784
0.492,0.20364035059621688,49.865797464949246,1.0008115794901815,0.024932898732474625,0.025121277864541842,2.0,7.9146034985699645,2.52,2.499929899242188,1.189433629755352,49.68323124773214,0.024841615623866067,2.0,2.4998561495628193,1.1931014992314068,0.26025654060355513,0.5427980646553882,0.19694539474105677,1.3119031160884807e+39,2.7361405433914886e+39,4.0480436594799696e+39,1.4153998809370522e+39,1.930303011574359e+39,1.493643867743866e+39,9.98116431671986e+38,0.6759167572177287,0.47684836774273687,0.36897918930443213,0.7051833514435457
0.493,0.20203497928379732,49.74128946114922,0.9929218160216605,0.024870644730574612,0.025058561851581788,2.0,7.9146034985699645,2.52,2.500038277519983,1.191933613892816,49.559182731601865,0.02477959136580093,2.0,2.499964927561477,1.1956014098192342,0.2596067159944285,0.5434238086948284,0.19696947531074305,1.3053604481544527e+39,2.73245606816622e+39,4.037816516320673e+39,1.41182395675548e+39,1.9266529394937113e+39,1.4906773203056897e+39,9.958204992783314e+38,0.6767162542234784,0.47715217660492165,0.3691790635558696,0.7053432508446957
0.494,0.20044226370018203,49.61708697379591,0.9850942504421979,0.024808543486897955,0.02499599966468584,2.0,7.9146034985699645,2.52,2.500146068410617,1.1944337061145966,49.43543857546713,0.024717719287733565,2.0,2.5000731159907,1.198101428890007,0.2589584859181793,0.5440481480373234,0.1969933660444973,1.2988501264478896e+39,2.7287655910039845e+39,4.027615717451874e+39,1.4082572438642917e+39,1.9230063824209265e+39,1.487714541241371e+39,9.935293976043236e+38,0.6775138897139809,0.4774552780913127,0.3693784724284952,0.7055027779427963
0.495,0.19886210407563512,49.493189295831456,0.9773283924231007,0.024746594647915728,0.024933590948387693,2.0,7.9146034985699645,2.52,2.5002532751207163,1.1969339058349109,49.31199807518066,0.02465599903759033,2.0,2.5001807180691995,1.2006015558557657,0.25831184668457424,0.5446710848765604,0.19701706843886552,1.2923719940037115e+39,2.7250691947460004e+39,4.017441188749712e+39,1.4046997163460532e+39,1.919363355528417e+39,1.4847555364364426e+39,9.912431176701174e+38,0.6783096669534776,0.4777576734423215,0.3695774167383694,0.7056619333906955
0.496,0.19729440142694238,49.36959572148975,0.9696237555011179,0.024684797860744876,0.024871335347463393,2.0,7.9146034985699645,2.52,2.5003599008391504,1.1994342124711743,49.188860527879584,0.02459443026393979,2.0,2.5002877369978607,1.2031017901317622,0.25766679461012165,0.5452926214112825,0.19704058397859586,1.2859258945667525e+39,2.7213669617381434e+39,4.0072928563048957e+39,1.4011513483583553e+39,1.9157238738475714e+39,1.481800311695515e+39,9.889616505039928e+38,0.6791035892114713,0.4780593639003591,0.36977589730286786,0.7058207178422942
0.497,0.19573905755121007,49.24630554629702,0.9619798570479645,0.024623152773148513,0.024809232507019975,2.0,7.9146034985699645,2.52,2.5004659487371375,1.2019346254439824,49.06602523198611,0.024533012615993055,2.0,2.5003941759598485,1.2056021311364395,0.2570233260180747,0.5459127598451934,0.19706391413673185,1.2795116725935034e+39,2.7176589738416897e+39,3.997170646435193e+39,1.3976121141381794e+39,1.9120879522755844e+39,1.4788488727474613e+39,9.866849871455936e+38,0.6798956597625839,0.4783603507097819,0.3699739149406461,0.7059791319525167
0.498,0.19419597501971406,49.12331806707243,0.954396218240092,0.024561659033536215,0.024747282073667196,2.0,7.9146034985699645,2.52,2.5005714219683415,1.2044351441770933,48.94349148720808,0.02447174574360404,2.0,2.5005000381207063,1.208102578291415,0.2563814372384349,0.5465315023868609,0.1970870603747043,1.2731291733095158e+39,2.7139453125629084e+39,3.9870744858724245e+39,1.3940819880672812e+39,1.9084556056658385e+39,1.4759012253152118e+39,9.844131186922599e+38,0.6806858818864181,0.4786606351168389,0.3701714704716045,0.7061371763772836
0.499,0.19266505717179622,49.00063258192862,0.9468723640286918,0.02450031629096431,0.0246854836952197,2.0,7.9146034985699645,2.52,2.5006763236689746,1.2069357680974093,48.82125859453949,0.024410629297269747,2.0,2.500605326628458,1.210603131021463,0.2557411246079543,0.5471488512496226,0.19711002414242307,1.2667782426904938e+39,2.7102260590221924e+39,3.9770043017126864e+39,1.3905609446547855e+39,1.904826848805224e+39,1.4729573750980854e+39,9.821460362869473e+38,0.6814742588674195,0.4789602183696194,0.37036856471685486,0.7062948517734838
0.5,0.1911462081088099,48.87824839027214,0.9394078231099395,0.02443912419513607,0.02462383701975983,2.0,7.9146034985699645,2.52,2.500780656957893,1.2094364966349607,48.699325856261076,0.02434966292813054,2.0,2.5007100446137045,1.2131037887544975,0.255102384470138,0.5477648086514941,0.19713280687836787,1.260458727410904e+39,2.7065012938527087e+39,3.966960021263613e+39,1.3870489584837807e+39,1.901201696342024e+39,1.4700173277158997e+39,9.798837310806998e+38,0.6822607939947414,0.4792591017180017,0.37056519849868536,0.7064521587989484
0.501,0.18963933268811242,48.75616479280398,0.9320021278954707,0.02437808239640199,0.024562341695619834,2.0,7.9146034985699645,2.52,2.5008844249367,1.2119373292228885,48.57769257594071,0.024288846287970355,2.0,2.5008141951897267,1.2156045509215543,0.2544652131752473,0.5483793768150744,0.19715541000967834,1.2541704748402638e+39,2.7027710971995083e+39,3.956941572039772e+39,1.3835460042097106e+39,1.897580162784563e+39,1.4670810887078314e+39,9.776261942316685e+38,0.6830454905621088,0.47955728641360135,0.3707613726405272,0.7066090981124218
0.502,0.18814433651710535,48.63438109152,0.9246548144830906,0.02431719054576,0.02450099737138783,2.0,7.9146034985699645,2.52,2.500987630689839,1.214438265297426,48.456358058433956,0.02422817902921698,2.0,2.50091778145258,1.2181054169567729,0.2538296070803013,0.5489925579674553,0.19717783495224345,1.2479133330406592e+39,2.6990355487212666e+39,3.946948881761926e+39,1.380052056560114e+39,1.893962262501705e+39,1.4641486635327017e+39,9.753734169050878e+38,0.6838283518676866,0.4798547737097209,0.3709570879669216,0.7067656703735372
0.503,0.18666112594732165,48.5128965897113,0.9173654226277157,0.02425644829485565,0.024439803696091132,2.0,7.9146034985699645,2.52,2.501090277284695,1.2169393042978824,48.335321609884424,0.02416766080494221,2.0,2.5010208064811943,1.2206063862973817,0.2531955625490792,0.5496043543401307,0.19720008311079018,1.2416871507732782e+39,2.695294727611591e+39,3.936981878384869e+39,1.3765670903443598e+39,1.8903480097370757e+39,1.4612200575798715e+39,9.731253902803125e+38,0.6846093812139478,0.4801515648613001,0.37115234530348695,0.7069218762427896
0.504,0.18518960806855927,48.39171059196467,0.9101334957125419,0.024195855295982335,0.024378760320435473,2.0,7.9146034985699645,2.52,2.5011923677716887,1.2194404456666261,48.214582537724205,0.024107291268862102,2.0,2.5011232733374715,1.223107458383678,0.2525630759521227,0.5502147681689057,0.19722215587897163,1.2354917775583274e+39,2.6915487127370447e+39,3.927040490295372e+39,1.3730910805228576e+39,1.8867374187050587e+39,1.4582952762433355e+39,9.708821055999198e+38,0.6853885819075423,0.48044766112486603,0.3713471454768856,0.7070777163815083
0.505,0.1837296907030615,48.27082240416285,0.9029585807204434,0.024135411202081423,0.02431786689605141,2.0,7.9146034985699645,2.52,2.5012939051843754,1.2219416888490677,48.0941401506742,0.0240470700753371,2.0,2.501225185066381,1.225608632659014,0.2519321436667371,0.5508238016938087,0.1972440546394541,1.229327063633271e+39,2.6877975825558337e+39,3.917124646189105e+39,1.3696240021640226e+39,1.8831305035328197e+39,1.4553743248767794e+39,9.686435541394952e+38,0.6861659572591697,0.48074306375848447,0.3715414893147925,0.7072331914518339
0.506,0.18228128239974217,48.1502313334849,0.8958402282055925,0.02407511566674245,0.024257123074830043,2.0,7.9146034985699645,2.52,2.501394892539538,1.2244430332936425,47.9739937587445,0.02398699687937225,2.0,2.5013265446960564,1.228109908569778,0.25130276207699354,0.5514314571590025,0.19726578076400392,1.2231928599161617e+39,2.68404141504582e+39,3.907234274961982e+39,1.3661658304062874e+39,1.8795272782090472e+39,1.4524572087538513e+39,9.664097271809417e+38,0.6869415105834513,0.4810377740217114,0.37173537764586284,0.7073883021166902
0.507,0.18084429242845784,48.02993668840651,0.8887779922653086,0.024014968344203254,0.024196528508925258,2.0,7.9146034985699645,2.52,2.5014953328372833,1.2269444784517947,47.854142673234676,0.02392707133661734,2.0,2.5014273552378903,1.230611285565377,0.2506749275737302,0.5520377368126966,0.19728733561357314,1.2170890180030129e+39,2.6802802877058896e+39,3.8973693057089023e+39,1.3627165404576583e+39,1.8759277565841966e+39,1.449543933068253e+39,9.64180616012326e+38,0.6877152451988038,0.4813317931755455,0.371928811299701,0.7075430490397607
0.508,0.17941863077432374,47.90993777870022,0.881771430512124,0.023954968889350108,0.024136082850759546,2.0,7.9146034985699645,2.52,2.5015952290611376,1.2294460237779592,47.73458620673402,0.02386729310336701,2.0,2.5015276196866303,1.2331127630982228,0.250048636554554,0.5526426429070608,0.19730872053838516,1.2110153901653545e+39,2.6765142775577277e+39,3.887529667723082e+39,1.3592761075954834e+39,1.8723319523710145e+39,1.4466345029340486e+39,9.61956211927868e+38,0.6884871644273153,0.48162512248237976,0.37212179110682886,0.707697432885463
0.509,0.17800420813207524,47.790233915435635,0.874820104046073,0.02389511695771782,0.02407578575332838,2.0,7.9146034985699645,2.52,2.5016945841781384,1.231947668729548,47.615323673121885,0.023807661836560943,2.0,2.501627341020473,1.2356143406237123,0.24942388542384122,0.5532461776981399,0.19732993687801892,1.204971829362736e+39,2.6727434611807526e+39,3.8777152905434885e+39,1.355844507183038e+39,1.8687398791682534e+39,1.443728923403886e+39,9.597365062398388e+38,0.6892572715946222,0.4819177632059564,0.37231431789865554,0.7078514543189244
0.51,0.17660093590047413,47.67082441097972,0.8679235774272,0.023835412205489858,0.024015636871371066,2.0,7.9146034985699645,2.52,2.5017934011389302,1.2344494127669305,47.49635438756782,0.02374817719378391,2.0,2.501726522201157,1.238116017600213,0.2488006705927393,0.5538483434457678,0.19735098596149292,1.1989581892982691e+39,2.6689679148435634e+39,3.8679261041418326e+39,1.3524217147349065e+39,1.8651515505517573e+39,1.4408271995392576e+39,9.5752149032502e+38,0.6900255700297875,0.4822097166113193,0.37250639250744694,0.7080051140059574
0.511,0.17520872617675778,47.55170857899689,0.8610814186482807,0.023775854289498445,0.02395563586033828,2.0,7.9146034985699645,2.52,2.5018916828778552,1.2369512553534188,47.37767766653181,0.023688838833265904,2.0,2.5018251661740574,1.2406177934890457,0.24817898847916725,0.5544491424134841,0.19737186910734866,1.1929743243635798e+39,2.6651877143911222e+39,3.858162038754702e+39,1.3490077058582874e+39,1.8615669799946607e+39,1.437929336348721e+39,9.553111555833582e+38,0.6907920630651802,0.4825009839647684,0.372698015766295,0.708158412613036
0.512,0.17382749175113332,47.43288573444918,0.8542931991077614,0.023716442867224588,0.023895782375949907,2.0,7.9146034985699645,2.52,2.501989432313048,1.2394531959552517,47.259292827764426,0.023629646413882214,2.0,2.501923275868278,1.2431196677544685,0.24755883550781652,0.5550485768684504,0.19739258762373302,1.1870200896138675e+39,2.6614029351969335e+39,3.848423024810801e+39,1.3456024562275528e+39,1.8579861808332108e+39,1.4350353387613934e+39,9.5310549342012e+38,0.6915567540363563,0.4827915665338154,0.37288918850908903,0.7083113508072711
0.513,0.17245714610131435,47.314355193596384,0.8475584935829109,0.023657177596798192,0.02383607607420075,2.0,7.9146034985699645,2.52,2.5020866523465246,1.2419552340415776,47.141199190307,0.0235705995951535,2.0,2.502020854196743,1.2456216398636604,0.2469402081101518,0.5556466490813678,0.19741314280848032,1.1810953407654999e+39,2.6576136521648405e+39,3.8387089929303405e+39,1.3422059415840352e+39,1.854409166267314e+39,1.4321452116272783e+39,9.509044952458959e+38,0.6923196462819413,0.48308146558713766,0.37307991157048537,0.7084639292563882
0.514,0.17109760338710173,47.19611627399615,0.8408768802031863,0.023598058136998074,0.023776516611366212,2.0,7.9146034985699645,2.52,2.5021833458642764,1.2444573690844396,47.02339607449165,0.023511698037245825,2.0,2.502117904056289,1.248123709286706,0.24632310272441144,0.5562433613263951,0.1974335359491935,1.175199934193608e+39,2.6538199397308388e+39,3.829019873924447e+39,1.3388181377358208e+39,1.850835949361097e+39,1.429258959717599e+39,9.487081524766095e+38,0.6930807431435136,0.4833706823945352,0.3732701857858784,0.7086161486287028
0.515,0.16974877844500555,47.07816829450402,0.834247940423802,0.023539084147252008,0.023717103644437774,2.0,7.9146034985699645,2.52,2.502279515736359,1.2469596005587582,46.90588280194149,0.023452941400970744,2.0,2.5022144283277563,1.250625875496577,0.24570751579560762,0.5568387158810674,0.19745376832332495,1.1693337269508767e+39,2.6500218719129176e+39,3.819355598863794e+39,1.3354390205817463e+39,1.8472665430769435e+39,1.4263765877509884e+39,9.465164565506805e+38,0.69384004796549,0.48365921822688623,0.3734600119913725,0.7087680095930979
0.516,0.16841058678291104,46.96051057527351,0.8276712589995152,0.023480255287636757,0.023657836832127733,2.0,7.9146034985699645,2.52,2.502375164816983,1.2494619279423156,46.788658695570575,0.02339432934778529,2.0,2.5023104298760788,1.2531281379691204,0.24509344377552694,0.5574327150262166,0.19747384119825634,1.1634965768140195e+39,2.6462195224248956e+39,3.809716099238915e+39,1.332068566167453e+39,1.8437009603540216e+39,1.423498100454007e+39,9.443293989689373e+38,0.6945975640950105,0.48394707435610396,0.3736493910237526,0.708919512819002
0.517,0.16708294457478534,46.843142437756136,0.8211464239586115,0.023421571218878067,0.0235987158337203,2.0,7.9146034985699645,2.52,2.502470295944604,1.251964350715741,46.67172307958401,0.023335861539792006,2.0,2.5024059115503747,1.2556304961830382,0.2444808831227303,0.5580253610458914,0.19749375583137824,1.1576883422238692e+39,2.6424129645498292e+39,3.8001013067736987e+39,1.3287067506201743e+39,1.840139214019149e+39,1.4206235024921968e+39,9.421469712485922e+38,0.6953532948818274,0.4842342520550944,0.3738383237204568,0.7090706589763655
0.518,0.16576576865542744,46.72606320470128,0.8146730265771029,0.02336303160235064,0.02353974030878053,2.0,7.9146034985699645,2.52,2.5025649119420117,1.2544668683624949,46.55507527947794,0.02327753763973897,2.0,2.502500876184036,1.2581329496198743,0.2438698303025525,0.558616656227279,0.1975135134701686,1.1519088822683047e+39,2.6386022711087593e+39,3.790511153377064e+39,1.3253535501318406e+39,1.8365813167642824e+39,1.4177527984526026e+39,9.39969164911426e+38,0.6961072436781939,0.4845207525977136,0.3740268109195485,0.7092214487356387
0.519,0.16445897651525748,46.60927220015636,0.80825066135312,0.023304636100078182,0.023480909917159783,2.0,7.9146034985699645,2.52,2.502659015616416,1.256969480368851,46.438714622039484,0.02321935731101974,2.0,2.5025953265948164,1.2606354977639989,0.24326028178710277,0.559206602860626,0.1975331153522712,1.146158056679883e+39,2.6347875144625257e+39,3.7809455711424085e+39,1.3220089409588842e+39,1.8330272811470897e+39,1.4148859928441132e+39,9.377959714838035e+38,0.6968594138387524,0.48480657725872595,0.37421485345968813,0.7093718827677504
0.52,0.16316248629514893,46.492768749466585,0.8018789259815128,0.02324638437473329,0.023422224319002496,2.0,7.9146034985699645,2.52,2.50275260975954,1.259472186223884,46.322640435346756,0.02316132021767338,2.0,2.5026892655849204,1.2631381401025907,0.2426522340552639,0.5597952032391633,0.1975525627055728,1.1404357258335299e+39,2.630968766513751e+39,3.7714044923472807e+39,1.3186728994221263e+39,1.8294771195916274e+39,1.412023090097894e+39,9.356273824967484e+38,0.6976098087204284,0.4850917273137629,0.37440245218010715,0.7095219617440857
0.521,0.16187621678130076,46.376552179274974,0.7955574213286507,0.023188276089637486,0.023363683175298217,2.0,7.9146034985699645,2.52,2.502845697147703,1.2619749854194517,46.206852048768766,0.023103426024384383,2.0,2.5027826959410917,1.2656408761256244,0.24204568359269207,0.5603824596590274,0.19757185674828054,1.134741750770725e+39,2.6271460987701287e+39,3.761887849540854e+39,1.3153454019373616e+39,1.825930844431637e+39,1.4091640946007028e+39,9.334633895078015e+38,0.6983584316823207,0.4853762040392819,0.37458960792058016,0.709671686336464
0.522,0.1606000874001497,46.260621817522185,0.7892857514074176,0.023130310908761092,0.023305286148687602,2.0,7.9146034985699645,2.52,2.5029382805419087,1.2644778774501817,46.09134879296535,0.023045674396482675,2.0,2.502875620434699,1.2681437053258522,0.24144062689181597,0.5609683744191862,0.19759099868899777,1.1290759932355897e+39,2.623319582436713e+39,3.7523955756723024e+39,1.3120264250602457e+39,1.8223884679738574e+39,1.4063090107436388e+39,9.313039841330612e+38,0.6991052860855969,0.4856600087125268,0.3747763215213992,0.7098210572171193
0.523,0.15933401821332394,46.14497699344645,0.7830635233524121,0.023072488496723224,0.0232470329023021,2.0,7.9146034985699645,2.52,2.503030362687934,1.2669808618134533,45.97612999988697,0.022988064999943485,2.0,2.502968041821825,1.2706466271987917,0.24083706045183645,0.5615529498213634,0.19760998972680016,1.1234383156153837e+39,2.6194892882872005e+39,3.7429276039025845e+39,1.308715945420484e+39,1.8188500024077047e+39,1.403457842852317e+39,9.29149158000669e+38,0.6998503752933867,0.4859431426114869,0.3749625938233467,0.7099700750586774
0.524,0.15807792991263453,46.02961703758332,0.7768903473953312,0.02301480851879166,0.02318892309956481,2.0,7.9146034985699645,2.52,2.503121946316412,1.2694839380093852,45.8611950027747,0.02293059750138735,2.0,2.5030599628433507,1.2731496412427077,0.24023498077872543,0.562136188169964,0.19762883105131052,1.1178285809281843e+39,2.615655286642821e+39,3.733483867571005e+39,1.3054139397101417e+39,1.815315459789893e+39,1.4006105951749064e+39,9.269989027426702e+38,0.7005937026706799,0.48622560701485834,0.37514842566767,0.7101187405341359
0.525,0.15683174381510817,45.91454128176558,0.770765836840559,0.02295727064088279,0.023130956404195824,2.0,7.9146034985699645,2.52,2.5032130341429184,1.271987105540819,45.74654313615996,0.02287327156807998,2.0,2.5031513862250434,1.2756527469585988,0.23963438438522514,0.5627180917720015,0.1976475238427734,1.1122466528205554e+39,2.6118176473741805e+39,3.724064300194736e+39,1.3021203846834742e+39,1.8117848520450303e+39,1.3977672718824925e+39,9.248532099950476e+38,0.7013352715842219,0.48650740320200425,0.3753338178960555,0.7102670543168444
0.526,0.15559538185805796,45.799749059122966,0.7646896080409412,0.022899874529561482,0.023073132480221758,2.0,7.9146034985699645,2.52,2.503303628868058,1.2744903639133038,45.63217373586435,0.022816086867932173,2.0,2.503242314677639,1.2781559438501817,0.23903526779084683,0.563298662937024,0.19766606927212915,1.106692395565421e+39,2.607976439903589e+39,3.71466883546901e+39,1.2988352571569965e+39,1.808258190966546e+39,1.3949278770696992e+39,9.22712071397921e+38,0.7020750854024135,0.48678853245291714,0.37551877135060335,0.7104150170804828
0.527,0.1543687665941942,45.68523970408194,0.758661280373757,0.022842619852040967,0.02301545099260997,2.0,7.9146034985699645,2.52,2.5033937331775458,1.2769937126350837,45.51808613899945,0.022759043069499725,2.0,2.503332750896929,1.2806592314238765,0.23843762752186948,0.5638779039770434,0.19768446850108712,1.1011656740898264e+39,2.604131733278081e+39,3.7052974073679074e+39,1.295558534044723e+39,1.8047354882666104e+39,1.392092414793102e+39,9.205754786207426e+38,0.7028131474952102,0.4870689960481798,0.37570328687380256,0.7105626294990421
0.528,0.15315182118677206,45.571012552365524,0.7526804762168715,0.02278550627618276,0.022957911607902358,2.0,7.9146034985699645,2.52,2.5034833497422957,1.2794971512170776,45.40427968396658,0.02270213984198329,2.0,2.5034226975638454,1.2831626091887915,0.23784146011133908,0.5644558172064624,0.19770272268219846,1.095666354002238e+39,2.6002835962428305e+39,3.6959499502450686e+39,1.2922901923933805e+39,1.8012167556261906e+39,1.3892608891097212e+39,9.184434233875018e+38,0.7035494612340226,0.48734879526892855,0.3758873653085056,0.7107098922468046
0.529,0.15194446940477896,45.45706694099287,0.7467468209250835,0.022728533470496432,0.02290051399308788,2.0,7.9146034985699645,2.52,2.5035724812184994,1.2820006791728717,45.29075371045651,0.022645376855228255,2.0,2.5035121573445425,1.2856660766567087,0.23724676209906623,0.5650324049420055,0.19772083295892834,1.0901943015355454e+39,2.596432097115325e+39,3.6866263986508705e+39,1.2890302093184863e+39,1.797702004607015e+39,1.3864333040090052e+39,9.1631589743149e+38,0.7042840299916192,0.4876279313968153,0.3760710074979048,0.7108568059983238
0.53,0.1507466356181591,45.34340220827908,0.7408599428066562,0.02267170110413954,0.02284325781545726,2.0,7.9146034985699645,2.52,2.5036611302477128,1.2845042960186994,45.17750755944922,0.022588753779724607,2.0,2.503601132890482,1.2881696333420691,0.2366535300316254,0.565607669502647,0.19773880046572767,1.0847493835375318e+39,2.5925773037702206e+39,3.677326687307753e+39,1.2857785619957176e+39,1.7941912466403892e+39,1.3836096634041056e+39,9.141928924893227e+38,0.705016857142029,0.4879064057139709,0.3762542142855072,0.7110033714284059
0.531,0.1495582447930765,45.23001769383488,0.7350194731000369,0.02261500884691744,0.022786142742608168,2.0,7.9146034985699645,2.52,2.5037492994569353,1.2870080012734273,45.06454057321357,0.022532270286606784,2.0,2.503689626838514,1.2906732787619573,0.23606176046235297,0.5661816132095432,0.19775662632810387,1.0793314674685803e+39,2.588719283641206e+39,3.668050751109786e+39,1.2825352276607644e+39,1.790684493027811e+39,1.3807899711322588e+39,9.120744003009857e+38,0.7057479460604456,0.48818421950296925,0.3764369865151114,0.711149589212089
0.532,0.1483792224872139,45.11691273856617,0.7292250459507525,0.022558456369283084,0.0227291684424576,2.0,7.9146034985699645,2.52,2.5038369914586953,1.2895117944585441,44.951852095306954,0.02247592604765348,2.0,2.5037776418109616,1.2931770124360875,0.235471449951345,0.5667542383859632,0.19777431166269183,1.0739404213997233e+39,2.584858103723686e+39,3.6587985251234094e+39,1.2793001836095837e+39,1.7871817549421507e+39,1.3779742309556034e+39,9.09960412610168e+38,0.7064773001231327,0.4884613740467904,0.37661932503078316,0.7112954600246265
0.533,0.1472094948451102,45.00408668467378,0.7234762983884957,0.02250204334233689,0.022672334583918315,2.0,7.9146034985699645,2.52,2.5039242088511293,1.292015675098142,44.83944147057499,0.022419720735287495,2.0,2.5038651804157004,1.29568083388679,0.23488259506545603,0.5673255473572205,0.19779185757732337,1.0685761140419957e+39,2.5809938306530772e+39,3.649569944695073e+39,1.2760734072360396e+39,1.7836830434810852e+39,1.375162446602284e+39,9.078509211911912e+38,0.7072049227073309,0.48873787062878565,0.37680123067683274,0.7114409845414661
0.534,0.14604898859353374,44.891538875653005,0.7177728703043857,0.0224457694378265,0.02261564083741615,2.0,7.9146034985699645,2.52,2.5040109542180637,1.2945196427189045,44.72730804515111,0.022363654022575556,2.0,2.503952245246242,1.2981847426389945,0.23429519237829663,0.5678955424506062,0.19780926517109704,1.0632384147678312e+39,2.5771265307654366e+39,3.640364945533268e+39,1.2728548760605833e+39,1.7801883697081848e+39,1.3723546217980127e+39,9.057459178695979e+38,0.7079308171911648,0.4890137105326426,0.3769827042977912,0.7115861634382329
0.535,0.1448976310368929,44.77926865629319,0.7121144044284137,0.022389634328146595,0.022559086873804642,2.0,7.9146034985699645,2.52,2.504097230129096,1.297023696850093,44.61545116645619,0.022307725583228095,2.0,2.504038838881813,1.3006887382202177,0.2337092384702312,0.5684642259953222,0.19782653553444662,1.057927193556948e+39,2.5732562699756375e+39,3.631183463532586e+39,1.2696445676687363e+39,1.7766977445679112e+39,1.3695507602004265e+39,9.036453944785668e+38,0.7086549869535518,0.4892888950423497,0.37716374673838793,0.7117309973907103
0.536,0.14375535005268164,44.66727537267736,0.706500546307059,0.02233363768633868,0.022502672364248563,2.0,7.9146034985699645,2.52,2.5041830391396736,1.2995278370235297,44.503870183198124,0.022251935091599062,2.0,2.5041249638874374,1.3031928201605483,0.2331247299283759,0.5690316003224143,0.1978436697492098,1.052642320988337e+39,2.5693831137654234e+39,3.6220254347537605e+39,1.2664424597041121e+39,1.7732111788766882e+39,1.366750865392108e+39,9.015493428541006e+38,0.7093774353741114,0.4895634254421623,0.37734435884352785,0.7118754870748222
0.537,0.1426220740869621,44.55555837218173,0.7009309442810885,0.022277779186090866,0.022446396980228905,2.0,7.9146034985699645,2.52,2.5042683837911746,1.302032062773586,44.39256444537136,0.02219628222268568,2.0,2.5042106228140155,1.305696987992633,0.23254166334659637,0.569597667764708,0.19786066888869558,1.0473836682380053e+39,2.565507127185278e+39,3.6128907954232835e+39,1.2632485298682809e+39,1.7697286833235277e+39,1.363954940880976e+39,8.994577548350793e+38,0.7100981658330764,0.4898373030165689,0.3775245414582691,0.7120196331666152
0.538,0.14149773214988204,44.44411700347518,0.695405249463526,0.02222205850173759,0.02239026039355626,2.0,7.9146034985699645,2.52,2.504353266610986,1.304536373637168,44.281533304256506,0.022140766652128253,2.0,2.5042958181984027,1.3082012412516626,0.2319600353255048,0.5701624306567434,0.19787753401775177,1.0421511070771177e+39,2.5616283748572602e+39,3.603779481934378e+39,1.2600627559211112e+39,1.7662502684713217e+39,1.3611629901011905e+39,8.97370622263653e+38,0.7108171817112048,0.49011052905025776,0.37770429542780115,0.712163436342241
0.539,0.14038225381122876,44.332950616518836,0.6899231157178015,0.02216647530825942,0.022334262277050366,2.0,7.9146034985699645,2.52,2.5044376901125833,1.3070407691537018,44.1707761124198,0.022085388056209902,2.0,2.50438055256349,1.3107055794753568,0.23137984247245774,0.5707258913347106,0.19789426619283157,1.0369445099010645e+39,2.5577469210541357e+39,3.5946914309552e+39,1.2568851157186015e+39,1.7627759448107155e+39,1.358375016454574e+39,8.952879370123396e+38,0.7115344863896921,0.490383104828083,0.37788362159742306,0.7123068972779384
0.54,0.13927556919601614,44.222058562565536,0.684484199636064,0.02211102928128277,0.02227840230500787,2.0,7.9146034985699645,2.52,2.504521656795609,1.3095452488651202,44.06029222371261,0.022030146111856302,2.0,2.5044648284182807,1.313210002203953,0.23080108140155348,0.5712880521363867,0.1979108664620598,1.0317637497482582e+39,2.5538628297547023e+39,3.58562657950296e+39,1.2537155872387974e+39,1.7593057227974382e+39,1.3555910233392677e+39,8.932096910026671e+38,0.7122500832500853,0.49065503163503243,0.3780625208125214,0.7124500166500171
0.541,0.13817760898010825,44.11144019415924,0.6790881605176725,0.022055720097079623,0.02222268015215096,2.0,7.9146034985699645,2.52,2.504605169145949,1.312049812315849,43.950080993270944,0.021975040496635474,2.0,2.5045486482579715,1.3157145089801887,0.23022374873362883,0.5718489154010727,0.19792733586529843,1.0266087002484348e+39,2.549976164525114e+39,3.576584864773549e+39,1.2505541485222198e+39,1.755839612769724e+39,1.3528110140859885e+39,8.91135876162918e+38,0.7129639756741982,0.4909263107561953,0.3782409939185496,0.7125927951348396
0.542,0.13708830438587669,44.00109486513457,0.6737346603478537,0.022000547432567283,0.02216709549352187,2.0,7.9146034985699645,2.52,2.5046882296358106,1.3145544590527927,43.84014177751488,0.02192007088875744,2.0,2.504632014564027,1.3182190993492913,0.22964784109625655,0.5724084834695315,0.19794367543421187,1.0214792356152869e+39,2.5460869885081354e+39,3.5675662241234223e+39,1.2474007776655325e+39,1.7523776249402442e+39,1.3500349919517184e+39,8.890664844237686e+38,0.7136761670440268,0.49119694347673015,0.3784190417610067,0.7127352334088053
0.543,0.1360075871778921,43.89102193061615,0.6684233637765279,0.021945510965308074,0.022111648004487672,2.0,7.9146034985699645,2.52,2.5047708407238005,1.3170591886253202,43.73047393414803,0.021865236967074014,2.0,2.504714929804258,1.3207237728589616,0.22907335512374238,0.572966758683926,0.19795988619233162,1.0163752306442468e+39,2.542195364425009e+39,3.5585705950692555e+39,1.2442554528214182e+39,1.7489197693967396e+39,1.3472629601201035e+39,8.870015077183488e+38,0.714386660741666,0.4914669310818331,0.37859666518541657,0.7128773321483332
0.544,0.13493538965865037,43.78122074701801,0.6631539380973045,0.021890610373509006,0.022056337360752146,2.0,7.9146034985699645,2.52,2.504853004854999,1.319564000585255,43.62107682215694,0.021810538411078467,2.0,2.5047973964328993,1.3232285290593628,0.22850028745712153,0.5735237433877581,0.19797596915512028,1.011296560710598e+39,2.538301354578146e+39,3.549597915288744e+39,1.2411181521988617e+39,1.7454660561032192e+39,1.3444949217022853e+39,8.849409379825922e+38,0.7150954601492283,0.49173627485670673,0.3787738650373071,0.7130190920298457
0.545,0.1338716446643311,43.67169067204306,0.6579260532266367,0.021835845336021533,0.022001163239001028,2.0,7.9146034985699645,2.52,2.5049347244610383,1.3220688944868555,43.5119498018105,0.02175597490090525,2.0,2.5048794168906845,1.3257333675031042,0.227928634744156,0.5740794399258089,0.19799192533003507,1.0062431017965581e+39,2.5344050209267875e+39,3.5406481227233456e+39,1.2379888540990721e+39,1.742016494951315e+39,1.3417308797763661e+39,8.828847671810017e+38,0.7158025686487619,0.49200497608652943,0.3789506421621905,0.7131605137297524
0.546,0.13281628556059105,43.56243106468237,0.6527393816831482,0.021781215532341185,0.021946125317388546,2.0,7.9146034985699645,2.52,2.5050160019601764,1.3245738698868077,43.403092234659354,0.021701546117329676,2.0,2.5049609936049233,1.32823828774523,0.22735839363933089,0.574633850644078,0.19800775571659118,1.001214730510683e+39,2.530506425144796e+39,3.531721155655479e+39,1.2348675369424753e+39,1.7385710957992277e+39,1.3389708374172948e+39,8.808329873260777e+38,0.7165079896221705,0.49227303605642475,0.3791269974055426,0.713301597924434
0.547,0.13176924623838968,43.453441285214495,0.647593598567117,0.021726720642607247,0.021891223274506766,2.0,7.9146034985699645,2.52,2.5050968397573734,1.3270789263442087,43.2945034835352,0.0216472517417676,2.0,2.505042128989575,1.3307432893432045,0.226789560803851,0.5751869778897247,0.19802346130642418,9.962113240379059e+38,2.5266056285036664e+39,3.522816952541572e+39,1.2317541792103402e+39,1.735129868390539e+39,1.3362147976342312e+39,8.787855904368635e+38,0.7172117264511347,0.49254045605143115,0.3793029316127837,0.7134423452902269
0.548,0.13073046110984854,43.344720695204906,0.6424883815401262,0.021672360347602452,0.021836456789275933,2.0,7.9146034985699645,2.52,2.505177240244365,1.3295840634205527,43.186182912550194,0.021593091456275096,2.0,2.505122825445325,1.3332483718568997,0.22622213290563756,0.5757388240110102,0.1980390430833523,9.912327601321055e+38,2.5227026918612535e+39,3.513935451993359e+39,1.2286487594382374e+39,1.7316928223458152e+39,1.3334627633639852e+39,8.767425685344286e+38,0.7179137825170333,0.4928072373564726,0.3794784456292583,0.7135827565034069
0.549,0.12969986510414208,43.23626865750524,0.6374234108048691,0.02161813432875262,0.021781825540949155,2.0,7.9146034985699645,2.52,2.505257205799737,1.3320892806797202,43.07812988709622,0.021539064943548108,2.0,2.505203085359659,1.3357535348485816,0.2256561066193246,0.5762893913572376,0.19805450202343788,9.862789171139281e+38,2.5187976756636387e+39,3.505076592777567e+39,1.2255512562159325e+39,1.7282599671632474e+39,1.3307147374714232e+39,8.747039136419374e+38,0.7186141612008654,0.4930733812563289,0.3796535403002164,0.7137228322401731
0.55,0.12867739366342193,43.12808453625256,0.6323983690851179,0.02156404226812628,0.021727329209120985,2.0,7.9146034985699645,2.52,2.505336738789001,1.3345945776879635,42.97034377384426,0.02148517188692213,2.0,2.5052829111069377,1.338258777882897,0.22509147862625478,0.5768386822786965,0.19806983909504872,9.81349673868795e+38,2.5148906399474703e+39,3.496240313816265e+39,1.2224616481875054e+39,1.724831312219617e+39,1.3279707227501206e+39,8.72669617784883e+38,0.7193128658831754,0.49333888903560663,0.37982821647079384,0.713862573176635
0.551,0.12766298273877275,43.020167696868675,0.6274129416058495,0.02151008384843434,0.021672967474302314,2.0,7.9146034985699645,2.52,2.5054158415646643,1.337099954013894,42.86282394074364,0.02143141197037182,2.0,2.5053623050484677,1.3407641005268605,0.22452824561447632,0.5773866991266052,0.19808505525891845,9.764449098704263e+38,2.5109816444079103e+39,3.4874265542783365e+39,1.2193799140833346e+39,1.72140686681624e+39,1.325230721957645e+39,8.70639673014068e+38,0.7200098999439761,0.4936037619787109,0.38000247498599404,0.7140019799887953
0.552,0.12665656878620052,42.91251750605941,0.6224668160735284,0.021456258753029703,0.021618740018487775,2.0,7.9146034985699645,2.52,2.5054945164663054,1.3396054092284684,42.755569757021306,0.021377784878510653,2.0,2.5054412695325783,1.3432695023498415,0.2239664042787386,0.5779334442530544,0.19810015146820703,9.715645052036469e+38,2.5070707484660995e+39,3.478635253669746e+39,1.2163060327516596e+39,1.717986640224462e+39,1.3224947378504742e+39,8.686140714283131e+38,0.7207052667626749,0.49386800136981646,0.3801763166906687,0.714141053352535
0.553,0.12565808876265144,42.80513333181375,0.6175596826565418,0.021402566665906876,0.021564646524137778,2.0,7.9146034985699645,2.52,2.5055727658206464,1.3421109429049776,42.64858059318108,0.02132429029659054,2.0,2.5055198068946924,1.3457749829235517,0.22340595132048824,0.5784789200109515,0.19811512866856024,9.667083405157502e+38,2.5031580111529688e+39,3.469866351668719e+39,1.2132399831009507e+39,1.7145706416052462e+39,1.3197627731219862e+39,8.665928051334837e+38,0.7213989697179998,0.4941316084928399,0.3803497424295,0.7142797939436
0.554,0.12466748012206325,42.69801454340319,0.6126912339657935,0.021349007271701595,0.021510686674048478,2.0,7.9146034985699645,2.52,2.5056505919416234,1.344616554619032,42.541855821002905,0.021270927910501454,2.0,2.5055979194573994,1.3482805418220312,0.22284688344786527,0.5790231287539656,0.1981299877981691,9.61876297008267e+38,2.4992434910955477e+39,3.461119788103815e+39,1.2101817440922429e+39,1.7111588799991474e+39,1.3170348303946499e+39,8.645758662371622e+38,0.7220910121879272,0.4943945846314123,0.38052275304698174,0.7144182024375855
0.555,0.12368468081144701,42.591160511380835,0.6078611650354467,0.021295580255690418,0.021456860151356276,2.0,7.9146034985699645,2.52,2.5057279971304607,1.3471222439485502,42.43539481354206,0.02121769740677103,2.0,2.5056756095305266,1.3507861786216366,0.22228919737569874,0.5795660728364729,0.19814472978782832,9.570682564348285e+38,2.4953272465188337e+39,3.4523955029536624e+39,1.2071312947390429e+39,1.7077513643269624e+39,1.314310912220441e+39,8.625632468487253e+38,0.7227813975496091,0.49465693106885145,0.3806953493874023,0.7145562795099217
0.556,0.12270962926700055,42.48457060758061,0.6030691733038241,0.021242285303790305,0.021403166639543354,2.0,7.9146034985699645,2.52,2.505804983675739,1.3496280104737453,42.32919694512833,0.021164598472564165,2.0,2.5057528794112116,1.3532918929010285,0.22173288982550238,0.5801077546135025,0.198159355560995,9.522841010990811e+38,2.4914093352477865e+39,3.443693436346868e+39,1.2040886141072963e+39,1.7043481033904698e+39,1.3115910210813202e+39,8.605549390794657e+38,0.723470129179303,0.49491864908813515,0.3808675322948258,0.7146940258358607
0.557,0.1217422644102513,42.37824420511645,0.5983149585944506,0.021189122102558227,0.021349605822908475,2.0,7.9146034985699645,2.52,2.50588155385347,1.3521338537771128,42.22326159136526,0.02111163079568263,2.0,2.5058297313839724,1.3557976842411565,0.22117795752547065,0.5806481764406831,0.19817386603384624,9.475237138732584e+38,2.4874898147635402e+39,3.4350135286367984e+39,1.201053681341538e+39,1.7009491059102408e+39,1.3088751594182448e+39,8.585509350614278e+38,0.7241572104523013,0.4951797399718745,0.38103930261307534,0.7148314420904603
0.558,0.12078252564423074,42.27218067838148,0.5935982230972529,0.02113609033919074,0.02129617738726131,2.0,7.9146034985699645,2.52,2.505957709927162,1.3546397734434175,42.11758812912923,0.021058794064564616,2.0,2.505906167720779,1.3583035522252511,0.220624397210474,0.5811873406741894,0.19818826211533658,9.427869782263377e+38,2.4835687422859837e+39,3.4263557205123214e+39,1.1980264757036089e+39,1.6975543805813844e+39,1.3061633296739602e+39,8.565512269752517e+38,0.7248426447428614,0.4954402050022873,0.38121066118571534,0.7149685289485722
0.559,0.11983035284967838,42.16637940304703,0.5889186713499026,0.021083189701523515,0.021242881018926515,2.0,7.9146034985699645,2.52,2.5060334541478952,1.3571457690596826,42.01217593656871,0.021006087968284355,2.0,2.5059821906811237,1.3608094964388062,0.22007220562205423,0.581725249670691,0.19820254470725485,9.380737781771067e+38,2.4796461746595002e+39,3.417719952836607e+39,1.1950069765162963e+39,1.6941639359946633e+39,1.3034555342321965e+39,8.545558070100581e+38,0.7255264354241391,0.49570004546117274,0.3813816088560348,0.7151052870848278
0.56,0.11888568638127575,42.060839756061874,0.5842760102193093,0.021030419878030938,0.021189716404571464,2.0,7.9146034985699645,2.52,2.5061087887543874,1.3596518402151758,41.90702439310327,0.020953512196551637,2.0,2.50605780251209,1.3633155164695703,0.21952137950842024,0.5822619057872989,0.19821671470428087,9.333839982841866e+38,2.475722168334284e+39,3.4091061666184706e+39,1.1919951631533115e+39,1.6907777806230915e+39,1.3007517754072652e+39,8.525646673564284e+38,0.7262085858681191,0.49595926262988527,0.3815521464670298,0.7152417171736238
0.561,0.11794846706391053,41.955561115651335,0.5796699488832588,0.02097778055782567,0.021136683231210585,2.0,7.9146034985699645,2.52,2.5061837159730653,1.3621579865013957,41.80213287942283,0.020901066439711413,2.0,2.5061330054484228,1.3658216119075324,0.21897191562444343,0.5827973113815152,0.19823077299404135,9.28717523643937e+38,2.4717967793682037e+39,3.4005143030121407e+39,1.1889910150392102e+39,1.6873959228225883e+39,1.298052055444479e+39,8.505778002064899e+38,0.726889099445549,0.4962178577893086,0.3817222748613872,0.7153778198891098
0.562,0.11701863618896911,41.85054286131623,0.5751001988121934,0.020925271430658116,0.021083781186209717,2.0,7.9146034985699645,2.52,2.5062582380181313,1.3646642075120639,41.69750077748665,0.020848750388743325,2.0,2.506207801712598,1.36832778234491,0.21842381073165212,0.5833314688111824,0.1982447204571655,9.240742398883619e+38,2.467870063428674e+39,3.391944303317036e+39,1.1859945116493133e+39,1.6840183708326438e+39,1.2953563765205757e+39,8.485951977540018e+38,0.7275679795258739,0.49647583221983205,0.38189199488146847,0.7155135959051747
0.5630000000000001,0.11609613551065945,41.7457843738321,0.5705664737511396,0.02087289218691605,0.02103100995762781,2.0,7.9146034985699645,2.52,2.506332357091635,1.367170502843109,41.59312747052249,0.020796563735261245,2.0,2.50628219351489,1.370834027376137,0.2178770615982277,0.5838643804344321,0.19825855796734015,9.194540331977777e+38,2.4639420758340496e+39,3.3833961090318275e+39,1.183005632528611e+39,1.6806451328039407e+39,1.292664740764878e+39,8.46616852208025e+38,0.7282452294771706,0.4967331872013248,0.38206130736929267,0.7156490458954342
0.5640000000000001,0.1151809072423623,41.641285035248224,0.5660684897017763,0.02082064251762411,0.02097836923505049,2.0,7.9146034985699645,2.52,2.5064060753835378,1.3696768720926535,41.48901234302564,0.02074450617151282,2.0,2.5063561830534407,1.373340346597852,0.21733166499899917,0.5843960486096362,0.19827228639136457,9.14856790334709e+38,2.46001287165292e+39,3.374869661987629e+39,1.180024357338332e+39,1.677276216865388e+39,1.2899771503107558e+39,8.4464275582641e+38,0.7289208526660836,0.49698992401311176,0.3822302131665209,0.7157841705332167
0.5650000000000001,0.11427289405301172,41.537044228886565,0.5616059649046462,0.020768522114443282,0.020925858708660126,2.0,7.9146034985699645,2.52,2.506479395071783,1.3721833148610076,41.385154780758015,0.020692577390379007,2.0,2.506429772514328,1.3758467396088847,0.21678761771543814,0.5849264756953569,0.19828590658920486,9.10282398600536e+38,2.4560825055969526e+39,3.3663649041974887e+39,1.1770506658033177e+39,1.6739116310502893e+39,1.2872936072387358e+39,8.426729008783073e+38,0.7295948524577613,0.4972460439339493,0.3823987131144403,0.7159189704915523
0.5660000000000001,0.11337203906350324,41.433061339340895,0.5571786198215036,0.020716530669670448,0.02087347806898819,2.0,7.9146034985699645,2.52,2.506552318322362,1.3746898307506514,41.28155417074712,0.02064077708537356,2.0,2.5065029640716308,1.3783532060102461,0.21624491653565375,0.5854556640502988,0.1982994194140475,9.057307458223691e+38,2.4521510319932962e+39,3.357881777815665e+39,1.1740845376977852e+39,1.670551383276899e+39,1.2846141135614573e+39,8.407072796341218e+38,0.7302672322157941,0.4975015482420018,0.3825668080539486,0.7160534464431587
0.5670000000000001,0.11247828584313124,41.329335752475814,0.5527861771178053,0.020664667876237906,0.0208212270069195,2.0,7.9146034985699645,2.52,2.5066248472893813,1.3771964193662247,41.178209901285165,0.020589104950642582,2.0,2.5065757598874994,1.3808597454051146,0.21570355825438786,0.5859836160332592,0.19831282571235304,9.012017203509971e+38,2.4482185047864358e+39,3.349420225137433e+39,1.1711259528452562e+39,1.6671954813490808e+39,1.2819386712240956e+39,8.387458843656028e+38,0.7309379953021514,0.4977564382148175,0.3827344988255379,0.7161875990604303
0.5680000000000001,0.11159157840605391,41.225866855425636,0.548428361645337,0.020612933427712817,0.020769105213696383,2.0,7.9146034985699645,2.52,2.5066969841151283,1.3797030803145167,41.075121361928005,0.020537560680964004,2.0,2.5066481621122203,1.3833663573988244,0.21516353967300905,0.5865103340030817,0.19832612632390922,8.966952110588322e+38,2.4442849775400542e+39,3.3409801885988867e+39,1.1681748911184919e+39,1.6638439329569756e+39,1.2792672821047908e+39,8.367887073459358e+38,0.7316071450771214,0.4980107151293061,0.38290178626928034,0.7163214290154243
0.5690000000000001,0.1107118612077865,41.122654036593474,0.5441049004249798,0.020561327018296736,0.020717112381130238,2.0,7.9146034985699645,2.52,2.5067687309301387,1.3822098132044518,40.97228794349419,0.020486143971747094,2.0,2.506720172884283,1.385873041598855,0.21462485759950806,0.5870358203186088,0.1983393220818832,8.922111073468e+38,2.440350503463321e+39,3.332561610810121e+39,1.1652313324510912e+39,1.6604967456942884e+39,1.2765999480278544e+39,8.348357408581934e+38,0.7322746848992507,0.49826438026171527,0.3830686712248127,0.7164549369798502
0.5700000000000001,0.10983907914172161,41.01969668565018,0.5398155226296082,0.020509848342825092,0.020665248202522316,2.0,7.9146034985699645,2.52,2.5068400898532617,1.3847166176470795,40.86970903806388,0.02043485451903194,2.0,2.506791794330445,1.3883797976148178,0.21408750884849204,0.5875600773386338,0.19835241381287422,8.877492991815611e+38,2.4364151355209254e+39,3.324164434702487e+39,1.1622952568889813e+39,1.6571539271324988e+39,1.2739366708207287e+39,8.328869772323785e+38,0.7329406181252839,0.49851743488760786,0.38323515453132095,0.7165881236250569
0.5710000000000001,0.10897317753567727,40.91699419353324,0.5355599595671253,0.02045849709676662,0.02061351237190378,2.0,7.9146034985699645,2.52,2.506911062991725,1.3872234932555632,40.767384038977866,0.020383692019488933,2.0,2.5068630285657996,1.3908866250584457,0.21355149024117895,0.5880831074218562,0.19836540233696487,8.83309677060129e+38,2.4324789263453712e+39,3.3157886034055004e+39,1.1593666445473778e+39,1.653815484760451e+39,1.2712774522674428e+39,8.309424088147585e+38,0.7336049481101055,0.49876988028184005,0.3834012370275263,0.716720989622021
0.5720000000000001,0.10811410214847234,40.81454595244577,0.5313379446636326,0.020407272976222884,0.02056190458366084,2.0,7.9146034985699645,2.52,2.506981652441198,1.3897304396451668,40.66531234083651,0.020332656170418253,2.0,2.5069338776938386,1.3933935235435804,0.2130167986053922,0.5886049129268349,0.19837828846777295,8.788921319914498e+38,2.4285419281942607e+39,3.3074340601857106e+39,1.1564454755894093e+39,1.6504814259546754e+39,1.2686222940857072e+39,8.290020279526948e+38,0.7342676782066819,0.49902171771853915,0.38356691955167044,0.7168535356413364
0.5730000000000001,0.10726179916652896,40.71235135585544,0.527149213446732,0.020356175677927718,0.020510424532538752,2.0,7.9146034985699645,2.52,2.507051860285861,1.3922374564332443,40.56349333949864,0.020281746669749322,2.0,2.5070043438065177,1.3959004926861616,0.2124834307755551,0.5891254962119428,0.19839107301250208,8.744965554943854e+38,2.42460419295213e+39,3.299100748446516e+39,1.1535317302260545e+39,1.6471517579800426e+39,1.2659711979273357e+39,8.270658269947343e+38,0.7349288117660033,0.49927294847108117,0.38373220294150084,0.7169857623532007
0.5740000000000001,0.10641621520050112,40.610409798493315,0.522993503528957,0.020305204899246657,0.02045907191364587,2.0,7.9146034985699645,2.52,2.5071216885984646,1.394744543239228,40.461926432080546,0.020230963216040274,2.0,2.507074428984323,1.398407532104215,0.21195138359268484,0.5896448596353226,0.1984037567719925,8.701228395957028e+38,2.4206657721323038e+39,3.2907886117280065e+39,1.1506253887160863e+39,1.643826487990437e+39,1.2633241653786772e+39,8.25133798290708e+38,0.7355883521370284,0.4995235738120708,0.3838970880342571,0.7171176704274057
0.5750000000000001,0.10557729728193063,40.50872067635284,0.5188705545913375,0.02025436033817642,0.02040784642255845,2.0,7.9146034985699645,2.52,2.5071911394403963,1.3972516996846178,40.36061101695483,0.020180305508477412,2.0,2.507144135296332,1.400914641417842,0.21142065390438708,0.5901630055548419,0.19841634054077106,8.657708768323454e+38,2.4167267168906692e+39,3.2824975937230145e+39,1.1477264313716833e+39,1.6405056230375175e+39,1.2606811979672703e+39,8.232059341958923e+38,0.7362463026666269,0.49977359501331825,0.3840615756666568,0.7172492605333254
0.5760000000000001,0.10474499285992889,40.407283386688654,0.5147801083670924,0.020203641693344328,0.020356747756217708,2.0,7.9146034985699645,2.52,2.5072602148617427,1.3997589253929688,40.25954649374932,0.02012977324687466,2.0,2.5072134648002797,1.4034218202492053,0.21089123856484984,0.590679936328049,0.19842882510710108,8.614405602871689e+38,2.4127870781334282e+39,3.2742276384205974e+39,1.1448348386086005e+39,1.637189170143234e+39,1.2580422972174766e+39,8.21282227107142e+38,0.7369026666995255,0.5000230133458197,0.3842256666748814,0.717380533339905
0.577,0.10391924979788555,40.30609732801548,0.5107219086254544,0.02015304866400774,0.020305775612486872,2.0,7.9146034985699645,2.52,2.5073289169013524,1.4022662199898805,40.15873226334596,0.02007936613167298,2.0,2.5072824195426207,1.4059290682225216,0.2103631344348377,0.5911956543121306,0.1984412112530317,8.571317835675533e+38,2.4088469064664426e+39,3.265978690033996e+39,1.1419505909209777e+39,1.633877136264727e+39,1.2554074646234099e+39,8.193626694449882e+38,0.7375574475782537,0.5002718300797363,0.38438936189456346,0.7175114895156507
0.578,0.1031000163702017,40.20516190010698,0.5066957011556139,0.02010258095005349,0.0202549296895953,2.0,7.9146034985699645,2.52,2.507397247586901,1.4047735831029866,40.05816772787967,0.020029083863939836,2.0,2.507351001558592,1.4084363849640482,0.2098363383816858,0.5917101618638672,0.19845349975444698,8.528444407795526e+38,2.4049062521308856e+39,3.257750692910438e+39,1.1390736688498036e+39,1.630569528250033e+39,1.252776701614809e+39,8.174472536311632e+38,0.7382106486430885,0.5005200464843738,0.3845526621607721,0.7176421297286176
0.579,0.10228724125905053,40.10447650399458,0.5027012337507997,0.02005223825199729,0.020204209686136627,2.0,7.9146034985699645,2.52,2.5074652089349496,1.4072810143619419,39.95785229073721,0.019978926145368604,2.0,2.5074192128722763,1.4109437701020713,0.20931084727929386,0.5922234613395919,0.19846569138111425,8.485784265256747e+38,2.400965165004396e+39,3.249543591530071e+39,1.1362040529825422e+39,1.627266352838286e+39,1.2501500095571131e+39,8.155359720884685e+38,0.7388622732320032,0.5007676638281612,0.3847155683080008,0.7177724546464007
0.58,0.10148087355116239,40.00404054196634,0.4987382561924788,0.02000202027098317,0.02015361530107265,2.0,7.9146034985699645,2.52,2.50753280295101,1.409788513398413,39.85778535655599,0.019928892678277996,2.0,2.5074870554966635,1.4134512232668965,0.20878665800811988,0.5927355550951474,0.19847778689673262,8.443336359029107e+38,2.397023694602901e+39,3.241357330505812e+39,1.133341723953081e+39,1.6239676166603808e+39,1.2475273897518876e+39,8.136288172408717e+38,0.7395123246806137,0.5010146833786331,0.38487808117015343,0.7179024649361228
0.581,0.10068086273463536,39.903853417565735,0.49480652023468125,0.019951926708782868,0.020103146233768777,2.0,7.9146034985699645,2.52,2.507600031629605,1.4122960798460649,39.75796633122299,0.019878983165611493,2.0,2.507554531433714,1.415958744090836,0.2082637674551743,0.5932464454858453,0.19848978705898052,8.401099645020901e+38,2.3930818900862155e+39,3.2331918545883053e+39,1.1304866624434635e+39,1.620673326242189e+39,1.244908843439215e+39,8.117257815148872e+38,0.7401608063221277,0.5012611064024085,0.3850402015805319,0.7180321612644255
0.582,0.09988715869577171,39.80391453559043,0.49090577958845283,0.019901957267795214,0.020052802184733973,2.0,7.9146034985699645,2.52,2.5076668969543308,1.414803713340554,39.658394621873455,0.019829197310936728,2.0,2.507621642674419,1.4184663322081987,0.20774217251401322,0.5937561348664233,0.19850169261956346,8.359073084365854e+38,2.38913980034758e+39,3.2250471087841656e+39,1.1276388492252328e+39,1.617383488064597e+39,1.2422943718437281e+39,8.098268573694024e+38,0.7408077214872931,0.5015069341651713,0.38520193037182326,0.7181615442974587
0.583,0.09909971171593791,39.704223302091144,0.4870357899064233,0.01985211165104557,0.020002582855627695,2.0,7.9146034985699645,2.52,2.507733400897915,1.4173114135195133,39.559069636889795,0.019779534818444897,2.0,2.5076883911988603,1.4209739872552793,0.2072218700847327,0.5942646255910063,0.19851350432426096,8.317255643400865e+38,2.3851974740162597e+39,3.2169230383563463e+39,1.1247982651595616e+39,1.6140981085645747e+39,1.2396839761753343e+39,8.079320372959332e+38,0.7414530735043483,0.5017521679316523,0.38536326837608714,0.7182906147008696
0.584,0.09831847246845075,39.60477912437038,0.48319630876750275,0.01980238956218519,0.01995248794850889,2.0,7.9146034985699645,2.52,2.50779954542228,1.4198191800225435,39.45999078590032,0.01972999539295016,2.0,2.507754778976275,1.4234817088703475,0.20670285707396185,0.5947719200130649,0.19852522291297325,8.275646293329405e+38,2.3812549593696777e+39,3.208819588702618e+39,1.1219648911547616e+39,1.6108171940750535e+39,1.2370776575829431e+39,8.060413137882615e+38,0.742096865698972,0.5019968089656094,0.38552421642474305,0.7184193731397944
0.585,0.0975433920154872,39.50558141098117,0.4793870956616949,0.019752790705490585,0.01990251716580547,2.0,7.9146034985699645,2.52,2.507865332478604,1.4223270124912022,39.36115747977806,0.01968057873988903,2.0,2.507820807965112,1.425989496693636,0.2061851303948567,0.5952780204853756,0.1985368491197677,8.234244010187805e+38,2.3773123043311516e+39,3.200736705349932e+39,1.1191387081643121e+39,1.6075407508228227e+39,1.2344754171527743e+39,8.041546793411509e+38,0.7427391013942346,0.5022408585298092,0.38568477534855866,0.7185478202788468
0.586,0.09677442180501919,39.406629571725894,0.4756079119750327,0.019703314785862947,0.01985267021031808,2.0,7.9146034985699645,2.52,2.507930764007377,1.424834910568992,39.26256913063951,0.019631284565319755,2.0,2.507886480113094,1.428497350367331,0.20566868696709364,0.5957829293599817,0.1985483836729247,8.193047774825972e+38,2.3733695564717086e+39,3.1926743339543054e+39,1.1163196971868203e+39,1.6042687849291963e+39,1.2318772559087883e+39,8.022721264504533e+38,0.7433797839105494,0.5024843178860087,0.38584494597763735,0.7186759567821099
0.587,0.0960115136677718,39.30792301765498,0.4718585209746292,0.019653961508827488,0.019802946785226688,2.0,7.9146034985699645,2.52,2.5079958419384636,1.4273428739013512,39.16422515184341,0.019582112575921705,2.0,2.5079517973572774,1.431005269535561,0.20515352371686285,0.5962866489881536,0.19855982729498345,8.152056572889309e+38,2.369426763012243e+39,3.184632420301174e+39,1.1135078392661447e+39,1.6010013024109104e+39,1.2292831748132955e+39,8.003936476133279e+38,0.7440189165656249,0.5027271882949375,0.3860047291414062,0.718803783313125
0.588,0.09525461981420624,39.20946116106561,0.4681386877938498,0.019604730580532807,0.019753346594566,2.0,7.9146034985699645,2.52,2.508060568191161,1.4298509021356425,39.066124957989445,0.019533062478994723,2.0,2.508016761624111,1.4335132538443862,0.20463963757686146,0.5967891817203517,0.1985711807027869,8.111269394993165e+38,2.3654839708818177e+39,3.176610910381134e+39,1.1107031155178791e+39,1.59773830921894e+39,1.2266931747966813e+39,7.985192353474162e+38,0.7446565026744191,0.5029694710162791,0.38616412566860475,0.7189313005348839
0.589,0.09450369283152597,39.11124341550049,0.4644481794175988,0.019555621707750246,0.019703869343721182,2.0,7.9146034985699645,2.52,2.508124944674259,1.4323589949211435,38.968267964917025,0.01948413398245851,2.0,2.508081374829496,1.4360213029417888,0.20412702548628722,0.5972905299061856,0.19858244460752716,8.070685236902803e+38,2.3615412267786837e+39,3.168609750468964e+39,1.1079055071569804e+39,1.5944798112790717e+39,1.2241072567884637e+39,7.966488822108554e+38,0.7452925455490907,0.5032111673086545,0.38632313638727267,0.7190585091098182
0.59,0.09375868568070712,39.01326919574653,0.46078676466772484,0.019506634597873267,0.01965451473856524,2.0,7.9146034985699645,2.52,2.508188973286095,1.4348671519090341,38.87065358970399,0.019435326794851996,2.0,2.5081456388788435,1.4385294164776599,0.20361568439083158,0.597790695894379,0.1985936197147894,8.030303099155359e+38,2.3575985770686656e+39,3.1606288869842017e+39,1.1051149954490215e+39,1.591225814422617e+39,1.2215254216640067e+39,7.947825807673875e+38,0.7459270484989559,0.5034522784296032,0.38648176212473895,0.7191854096997913
0.591,0.09301955169355143,38.91553791783355,0.45715421418853747,0.019457768958916773,0.019605282485344374,2.0,7.9146034985699645,2.52,2.5082526559146174,1.4373753727523884,38.773281250665306,0.019386640625332654,2.0,2.5082095556671336,1.4410375941037927,0.2031056112426727,0.5982896820327306,0.19860470672459674,7.990121986992094e+38,2.3536560677728144e+39,3.152668266472024e+39,1.1023315617035048e+39,1.5879763243775147e+39,1.2189476702376084e+39,7.929203235816841e+38,0.7465600148304409,0.5036928056355675,0.3866400037076102,0.7193120029660882
0.592,0.09228624456976314,38.81804899903297,0.45355030043244127,0.019409024499516484,0.019556172290681583,2.0,7.9146034985699645,2.52,2.5083159944374396,1.4398836571061613,38.676150367351795,0.019338075183675897,2.0,2.5082731270789735,1.4435458354738688,0.20259680300046917,0.5987874906680772,0.1986157063314536,7.950140910339509e+38,2.349713744569204e+39,3.144727835603155e+39,1.0995551872738304e+39,1.5847313467689916e+39,1.2163740032629319e+39,7.910621032194543e+38,0.7471914478470382,0.5039327501818746,0.3867978619617595,0.7194382895694077
0.593,0.09155871837404858,38.72080185785642,0.4499747976456812,0.019360400928928212,0.0195071838615803,2.0,7.9146034985699645,2.52,2.5083789907218983,1.4423920046271834,38.57926036054878,0.01928963018027439,2.0,2.5083363549886553,1.4460541402434504,0.2020892566293521,0.5992841241462586,0.1986266192243893,7.910358883790458e+38,2.3457716527947325e+39,3.136807541173778e+39,1.0967858535572651e+39,1.5814908871202297e+39,1.2138044214334388e+39,7.892079122475525e+38,0.7478213508492638,0.5041721133227203,0.38695533771231594,0.7195642701698528
0.594,0.09083692753323905,38.62379591405454,0.44642748185420295,0.01931189795702727,0.0194583169056296,2.0,7.9146034985699645,2.52,2.508441646625112,1.4449004149741451,38.48261065227483,0.019241305326137416,2.0,2.508399241260213,1.4485625080699671,0.2015829691009193,0.5997795848120793,0.19863744608700146,7.870774926666954e+38,2.341829837471176e+39,3.1289073301378716e+39,1.0940235420062486e+39,1.5782549508693787e+39,1.2112389253953682e+39,7.873577432422454e+38,0.7484497271346116,0.5044108963111524,0.38711243178365284,0.7196899454269223
0.595,0.0901208268334355,38.52703058861549,0.44290813084962,0.019263515294307743,0.019409571131812575,2.0,7.9146034985699645,2.52,2.5085039639940354,1.4474088878075893,38.38620066578034,0.01919310033289017,2.0,2.5084617877474793,1.4510709386127092,0.2010779373932273,0.6002738750092742,0.19864818759749847,7.831388063325068e+38,2.3378883434040298e+39,3.121027149736537e+39,1.0912682341736141e+39,1.5750235434355694e+39,1.2086775157983149e+39,7.855115888218992e+38,0.7490765799975126,0.5046491003990549,0.3872691449993782,0.7198153159995025
0.596,0.0894103714171767,38.43050530376365,0.43941652417529653,0.019215252651881825,0.019360946249799036,2.0,7.9146034985699645,2.52,2.508565944665519,1.449917422789901,38.29002982554626,0.01914501491277313,2.0,2.5085239962941444,1.4535794315328154,0.20057415849078486,0.6007669970804728,0.19865884442874238,7.792197322845067e+38,2.333947215099101e+39,3.113166947383608e+39,1.0885199116725902e+39,1.5717966701620522e+39,1.2061201932514968e+39,7.836694416183486e+38,0.7497019127292918,0.5048867268371309,0.3874254781823229,0.7199403825458583
0.597,0.08870551678062916,38.33421948295828,0.4359524431125367,0.01916710974147914,0.019312441969635663,2.0,7.9146034985699645,2.52,2.5086275904663626,1.452426019585297,38.1940975572827,0.01909704877864135,2.0,2.508585868733809,1.456087986493262,0.20007162938454537,0.6012589533671641,0.19866941724829057,7.753201738885461e+38,2.3300064967266383e+39,3.105326670615184e+39,1.0857785561591554e+39,1.568574336291463e+39,1.2035669583046964e+39,7.818312942643296e+38,0.7503257286181263,0.505123776874888,0.3875814321545316,0.7200651457236252
0.598,0.08800621877079932,38.23817255089211,0.432515670666884,0.019119086275446055,0.019264058001749598,2.0,7.9146034985699645,2.52,2.5086889032133732,1.4549346778598158,38.09840328792759,0.019049201643963794,2.0,2.5086474068900433,1.4585966031588553,0.1995703470719002,0.6017497462096618,0.19867990671843805,7.71440034966456e+38,2.3260662321231167e+39,3.097506267089573e+39,1.0830441493320184e+39,1.56535654696649e+39,1.2010178114486938e+39,7.799971393935943e+38,0.7509480309490048,0.5053602517606217,0.3877370077372512,0.7201896061898009
0.599,0.08731243358276802,38.14236393348993,0.42910599155452933,0.019071181966744965,0.019215794056951892,2.0,7.9146034985699645,2.52,2.508749884713418,1.4574433972813081,38.002946445645264,0.019001473222822633,2.0,2.5087086125764415,1.4611052811962189,0.19907030855667085,0.6022393779470707,0.19869031349625849,7.675792197941996e+38,2.3221264647930146e+39,3.089705684587214e+39,1.0803166729325925e+39,1.5621433072305326e+39,1.1984727531156965e+39,7.781669696410194e+38,0.7515688230036873,0.5055961527414012,0.38789220575092187,0.7203137646007376
0.6,0.08662411775694606,38.04679305790723,0.42572319218882365,0.019023396528953615,0.019167649846488923,2.0,7.9146034985699645,2.52,2.508810536763483,1.4599521775194262,37.90772645982514,0.01895386322991257,2.0,2.5087694875966773,1.4636140202737864,0.19857151084910202,0.6027278509172522,0.1987006382336458,7.637376331019433e+38,2.3181872379163845e+39,3.0819248710183276e+39,1.0775961087476672e+39,1.5589346220322582e+39,1.1959317836827618e+39,7.763407776446587e+38,0.7521881080606649,0.5058314810630526,0.38804702701516625,0.7204376216121329
0.601,0.08594122817635214,37.951459352528786,0.4223670606668998,0.018975729676264392,0.01911962508277903,2.0,7.9146034985699645,2.52,2.5088708611507253,1.4624610182456141,37.81274276108028,0.01890637138054014,2.0,2.50883003374456,1.4661228200617884,0.19807395096585434,0.6032151674567909,0.19871088157735473,7.59915180101338e+38,2.3142485944393952e+39,3.0741637745407334e+39,1.074882438650606e+39,1.5557304962859314e+39,1.1933949035179955e+39,7.745185560755584e+38,0.7528058893951197,0.5060662379701455,0.38820147234877994,0.720561177879024
0.602,0.0852637220639118,37.856362246967194,0.419037386756398,0.018928181123483597,0.01907171947925241,2.0,7.9146034985699645,2.52,2.5089308596525286,1.4649699191330992,37.71799478124597,0.018858997390622984,2.0,2.5088902528040875,1.4686316802322459,0.19757762592999648,0.6037013299009621,0.19872104416904135,7.56111766476815e+38,2.3103105770566795e+39,3.0664223435334943e+39,1.072175644592131e+39,1.5525309348589068e+39,1.1908621129708688e+39,7.727002976312685e+38,0.7534221702788881,0.5063004247059775,0.38835554256972205,0.7206844340557776
0.603,0.08459155697977813,37.76150117206152,0.41573396188229805,0.01888075058603076,0.019023932749736752,2.0,7.9146034985699645,2.52,2.508990534036558,1.46747887985688,37.62348195337836,0.01881174097668918,2.0,2.508950146549502,1.4711406004589582,0.19708253277099835,0.6041863405836982,0.19873112664530335,7.523272983590253e+38,2.3063732281385024e+39,3.0587005264975274e+39,1.0694757085655691e+39,1.5493359425220868e+39,1.1883334123341312e+39,7.70885995010941e+38,0.7540369539804199,0.5065340425125595,0.38850923849510505,0.7208073907960839
0.604,0.08392469081867285,37.666875559875805,0.41245657911385214,0.018833437779937904,0.01897626460844341,2.0,7.9146034985699645,2.52,2.509049886060812,1.4699879000937188,37.529203711752984,0.018764601855876493,2.0,2.5090097167453442,1.4736495804174952,0.19658866852472293,0.6046702018375572,0.19874112963771995,7.485616823223412e+38,2.3024365897304422e+39,3.0509982720527836e+39,1.0667826126058683e+39,1.5461455239491804e+39,1.1858088018431674e+39,7.690756409147465e+38,0.7546502437647428,0.5067670926306023,0.38866256094118573,0.7209300487529486
0.605,0.08326308180724898,37.572484843697616,0.40920503315162293,0.018786242421848807,0.018928714769970725,2.0,7.9146034985699645,2.52,2.50910891747368,1.4724969795221312,37.43515949186338,0.01871757974593169,2.0,2.5090689651465072,1.4761586197851844,0.19609603023341926,0.6051529159936895,0.19875105377289132,7.448148253830506e+38,2.2985007035551375e+39,3.043315528938188e+39,1.0640963387895763e+39,1.5429596837173537e+39,1.1832882816764221e+39,7.672692280439842e+38,0.7552620428934241,0.5069995762995012,0.388815510723356,0.7210524085786848
0.606,0.08260668850147408,37.47832845803663,0.40597912031462374,0.018739164229018314,0.018881282949308822,2.0,7.9146034985699645,2.52,2.509167630013991,1.4750061178223757,37.3413487304196,0.018670674365209798,2.0,2.50912789349829,1.478667718241105,0.19560461494571454,0.6056344853818075,0.1987608996724779,7.410866349976122e+38,2.2945656110142176e+39,3.0356522460118296e+39,1.0614168692349056e+39,1.539778426308005e+39,1.1807718519559204e+39,7.654667491012541e+38,0.7558723546245343,0.5072314947573229,0.3889680886561336,0.7211744709249068
0.607,0.08195546978403438,37.384405838623124,0.40277863852756035,0.018692202919311562,0.0188339688622397,2.0,7.9146034985699645,2.52,2.5092260254110705,1.477515314676445,37.24777086534678,0.01862388543267339,2.0,2.5091865035364496,1.4811768754660763,0.19511441971660656,0.6061149123301539,0.1987706679532395,7.373770190763938e+38,2.2906313532383127e+39,3.028008372314706e+39,1.0587441861240233e+39,1.5366017561397945e+39,1.1782595127725195e+39,7.636681968066593e+38,0.756481182212611,0.5074628492407922,0.38912029555315275,0.7212962364425222
0.608,0.08130938486175868,37.29071642240654,0.39960338730817085,0.01864535821120327,0.01878677222584337,2.0,7.9146034985699645,2.52,2.5092841053847903,1.4800245697680567,37.154425335783685,0.01857721266789184,2.0,2.5092447969872564,1.483686091142649,0.19462544160745604,0.6065941991654704,0.19878035922707366,7.336858860013223e+38,2.2866979711501963e+39,3.0203838571515185e+39,1.0560782717313002e+39,1.5334296776104086e+39,1.1757512642178529e+39,7.618735639183234e+38,0.7570885289086232,0.5076936409852768,0.38927213222715584,0.7214177057817246
0.609,0.08066839326306335,37.19725964755397,0.3964531677546689,0.018598629823776986,0.018739692757707472,2.0,7.9146034985699645,2.52,2.509341871645624,1.4825338827826438,37.061311582081224,0.01853065579104061,2.0,2.5093027755675448,1.4861953649550943,0.19413767768597878,0.6070723482129672,0.1987899741010541,7.300131445927392e+38,2.2827655053702833e+39,3.012778649963023e+39,1.0534191083786792e+39,1.5302621950325725e+39,1.1732471063351753e+39,7.600828432003426e+38,0.7576943979599366,0.5079238712247759,0.3894235994899841,0.7215388795919874
0.61,0.080032454835417,37.104034953448675,0.39332778253328304,0.018552017476724338,0.01869273017580609,2.0,7.9146034985699645,2.52,2.509399325894697,1.4850432534073443,36.968429045800995,0.018484214522900496,2.0,2.509360440984766,1.4887046965893964,0.19365112502623794,0.6075493617962933,0.19879951317746875,7.263587041027332e+38,2.2788339962032563e+39,3.00519270030599e+39,1.0507666784286677e+39,1.527099312624555e+39,1.1707470391120121e+39,7.58296027417855e+38,0.7582987926102791,0.508153541191906,0.3895746981525698,0.7216597585220558
0.611,0.07940152974282548,37.01104178068859,0.3902270358658972,0.018505520890344296,0.018645884198502948,2.0,7.9146034985699645,2.52,2.5094564698238377,1.4875526813309934,36.87577716971376,0.018437888584856878,2.0,2.509417794937041,1.4912140857332423,0.19316578070863627,0.6080252422375061,0.19880897705385764,7.227224742133731e+38,2.274903483639788e+39,2.997625957853161e+39,1.0481209642843223e+39,1.5239410345108148e+39,1.1682510624805793e+39,7.565131093371537e+38,0.7589017160997058,0.5083826521178881,0.38972542902492646,0.721780343219941
0.612,0.07877557846333616,36.91827957108481,0.3871507335177846,0.018459139785542405,0.018599154544554616,2.0,7.9146034985699645,2.52,2.5095133051156315,1.490062166244113,36.78335539779798,0.018391677698898993,2.0,2.5094748391132105,1.4937235320760118,0.19268164181990816,0.6084999918570417,0.19881836632305,7.191043650349455e+38,2.2709740073582694e+39,2.990078372393215e+39,1.0454819483892359e+39,1.5207873647226496e+39,1.1657591763182104e+39,7.547340817257994e+38,0.7595031716645658,0.508611205232535,0.38987579291614144,0.7219006343329132
0.613,0.07815456178656247,36.82574776766007,0.3840986827854423,0.018412873883830033,0.0185525409332138,2.0,7.9146034985699645,2.52,2.5095698334434706,1.4925717078389031,36.691163175238316,0.018345581587619158,2.0,2.5095315751928884,1.4962330353087703,0.19219870545311168,0.6089736129736867,0.19882768157320158,7.155042871080572e+38,2.2670456067387696e+39,2.982549893846827e+39,1.0428496132331563e+39,1.517638307207034e+39,1.1632713804540578e+39,7.529589373567991e+38,0.7601031625374703,0.5088392017642387,0.3900257906343676,0.722020632507494
0.614,0.07753844081122759,36.73344581464719,0.3810706924845192,0.018366722907323597,0.01850604308498555,2.0,7.9146034985699645,2.52,2.5096260564716046,1.4950813058092334,36.59919994842408,0.01829959997421204,2.0,2.5095880048465125,1.4987425951242561,0.19171696870762056,0.6094461079045479,0.1988369233878316,7.119221514308041e+38,2.2631183209568948e+39,2.975040472387699e+39,1.0402239413943005e+39,1.514493865888914e+39,1.1607876747167636e+39,7.511876690392893e+38,0.7607016919472589,0.5090666429399584,0.39017542298681474,0.7221403383894517
0.615,0.07692717694272787,36.64137315748762,0.37806657293784107,0.01832068657874381,0.018459660721192105,2.0,7.9146034985699645,2.52,2.509681975855193,1.497590959850632,36.50746516494775,0.018253732582473876,2.0,2.5096441297353933,1.5012522112168751,0.1912364286891165,0.6099174789650244,0.1988460923458591,7.083578694397937e+38,2.2591921889322688e+39,2.967550058372062e+39,1.0376049155147072e+39,1.511354044636116e+39,1.1583080589074797e+39,7.494202696008845e+38,0.7612987631189668,0.5092935299852074,0.3903246907797417,0.7222597526237934
0.616,0.07632073189071484,36.54952924282984,0.37508613596352736,0.018274764621414922,0.01841339356354733,2.0,7.9146034985699645,2.52,2.509737593240353,1.5001006696602774,36.41595827360344,0.01820797913680172,2.0,2.5096999515117684,1.5037618832826893,0.19075708250958084,0.61038772846878,0.1988551890216393,7.048113529917935e+38,2.2552672492779446e+39,2.960078602269738e+39,1.0349925182761322e+39,1.5082188472249613e+39,1.1558325327734338e+39,7.476567318703985e+38,0.7618943792737949,0.509519864124042,0.39047359481844873,0.722378875854759
0.617,0.0757190676666969,36.45791351852777,0.3721291948632044,0.018228956759263885,0.018367241334156986,2.0,7.9146034985699645,2.52,2.509792910264212,1.502610434936992,36.324678724385315,0.018162339362192657,2.0,2.5097554718188495,1.5062716110194088,0.19027892728728632,0.6108568587277141,0.19886421398499954,7.012825143618943e+38,2.251343540301757e+39,2.9526260546636514e+39,1.0323867323998782e+39,1.5050882773406708e+39,1.1533610960081695e+39,7.458970486778437e+38,0.7624885436290777,0.5097456465790494,0.3906221359072694,0.7224977087258156
0.618,0.07512214658165961,36.3665254336393,0.36919556441031,0.01818326271681965,0.018321203755521816,2.0,7.9146034985699645,2.52,2.509847928554956,1.5051202553812288,36.233625968486116,0.018116812984243058,2.0,2.5098106922908734,1.508781394126382,0.1898019601467894,0.6113248720519355,0.19887316780127512,6.977712662417877e+38,2.2474211000080312e+39,2.9451923662498186e+39,1.02978754064679e+39,1.501962338578012e+39,1.1508937482519716e+39,7.441412128545465e+38,0.7630812593982526,0.509970878571336,0.39077031484956315,0.7226162518796504
0.619,0.07452993124370476,36.2753644384247,0.3662850608384903,0.018137682219212352,0.018275280550544986,2.0,7.9146034985699645,2.52,2.5099026497318797,1.5076301306950641,36.142799458295556,0.01807139972914778,2.0,2.5098656145531524,1.5112912323045873,0.18932617821892178,0.6117917707497338,0.1988820510313445,6.942775217382133e+38,2.2434999660998134e+39,2.937777487838027e+39,1.0271949258174919e+39,1.498841034442295e+39,1.1484304890925587e+39,7.423892172334398e+38,0.7636725297908293,0.5101955613205151,0.3909181324477073,0.7227345059581659
0.62,0.07394238455570831,36.18442998434498,0.36339750183008973,0.01809221499217249,0.018229471442977454,2.0,7.9146034985699645,2.52,2.5099570754054352,1.5101400605821913,36.05219864739878,0.01802609932369939,2.0,2.509920240222123,1.513801125256624,0.18885157864078214,0.6122575571275535,0.1988908642316644,6.908011943880035e+38,2.2395801760349192e+39,2.930381370422923e+39,1.0246088707772458e+39,1.4957243683863123e+39,1.1459713180933143e+39,7.406410546671503e+38,0.7642623580123618,0.5104196960446975,0.39106558950309045,0.7228524716024723
0.621,0.07335946971299626,36.093721524060385,0.36053270650472874,0.018046860762030194,0.018183776157774036,2.0,7.9146034985699645,2.52,2.5100112071772815,1.5126500447479079,35.96182299057482,0.017980911495287407,2.0,2.5099745709053956,1.516311072686703,0.18837815855572812,0.6127222334899667,0.1988996079543051,6.87342198169508e+38,2.2356617670712342e+39,2.923003965240742e+39,1.022029358475784e+39,1.4926123438400323e+39,1.143516234815957e+39,7.38896718042472e+38,0.7648507472644165,0.5106432839604782,0.3912126868161041,0.7229701494528833
0.622,0.07278115020103927,36.00323851142879,0.35769049540797365,0.018001619255714394,0.018138194420364063,2.0,7.9146034985699645,2.52,2.5100650466403343,1.5151600828991096,35.87167194379496,0.01793583597189748,2.0,2.510028608201803,1.518821074300639,0.18790591511336788,0.6131858021396477,0.19890828274698447,6.839004474728973e+38,2.231744776178676e+39,2.915645223651573e+39,1.0194563719061444e+39,1.4895049641512427e+39,1.1410652387749836e+39,7.371562002507455e+38,0.7654377007445454,0.5108663262829272,0.39135942518613637,0.7230875401489092
0.623,0.07220738979316543,35.91298040150407,0.35487069050009595,0.017956490200752035,0.01809272595657064,2.0,7.9146034985699645,2.52,2.510118595378811,1.5176701747442807,35.781744964221204,0.017890872482110604,2.0,2.510082353701449,1.521331129805841,0.1874348454695517,0.6136482653773457,0.19891688915310257,6.8047585709528365e+38,2.227829240030595e+39,2.908305097125879e+39,1.0168898940999576e+39,1.4864022325793193e+39,1.1386183294328246e+39,7.354194941845698e+38,0.7660232216462567,0.5110888242255774,0.3915058054115642,0.7232046443292512
0.624,0.07163815254829108,35.82294665053455,0.3520731151449201,0.017911473325267272,0.018047370492613603,2.0,7.9146034985699645,2.52,2.510171854968283,1.5201803199934847,35.69204151020468,0.017846020755102342,2.0,2.510135808985758,1.5238412389113036,0.18696494678636388,0.6141096255018604,0.19892542771177568,6.770683422390381e+38,2.223915195005456e+39,2.900983537244494e+39,1.0143299081274455e+39,1.483304152295862e+39,1.1361755062002629e+39,7.336865927379206e+38,0.7666073131589871,0.5113107790004151,0.3916518282897468,0.7233214626317974
0.625,0.07107340280866901,35.73313671596135,0.34929759409875705,0.017866568357980676,0.018002127755112448,2.0,7.9146034985699645,2.52,2.5102248269757204,1.5226905183583566,35.602561041284034,0.01780128052064202,2.0,2.5101889756275195,1.5263514013275985,0.18649621623211413,0.6145698848100158,0.19893389895787,6.736778185101072e+38,2.2200026771885033e+39,2.8936804956986106e+39,1.0117763970974164e+39,1.4802107263853257e+39,1.133736768436848e+39,7.319574888062618e+38,0.7671899784680741,0.5115321918178682,0.39179749461701857,0.7234379956936148
0.626,0.07051310519765522,35.643550056416785,0.34654395349942824,0.017821775028208392,0.017956997471178335,2.0,7.9146034985699645,2.52,2.510277512959542,1.5252007695520946,35.51330301818382,0.01775665150909191,2.0,2.510241855190941,1.528861616766866,0.18602865098132906,0.6150290455966357,0.19894230342203523,6.703042019196635e+38,2.2160917223844288e+39,2.886395924304092e+39,1.0092293441622701e+39,1.4771219578529833e+39,1.1313021154569257e+39,7.302321752902863e+38,0.7677712207547296,0.5117530638867972,0.3919428051886824,0.7235542441509459
0.627,0.06995722461749258,35.55418613172274,0.3438120208553739,0.01777709306586137,0.017911979369120062,2.0,7.9146034985699645,2.52,2.5103299144696605,1.527711073289451,35.424266902812896,0.01771213345140645,2.0,2.510294449231691,1.5313718849428062,0.18556224821474385,0.6154871101545185,0.1989506416307376,6.66947408908571e+38,2.2121823662059096e+39,2.879129775114481e+39,1.0066887325575107e+39,1.4740378496834314e+39,1.1288715465743735e+39,7.28510645124628e+38,0.7683510431960117,0.5119733964144844,0.39208776079900287,0.7236702086392024
0.628,0.06940572624711265,35.46504440288904,0.34110162503484903,0.01773252220144452,0.01786707317805373,2.0,7.9146034985699645,2.52,2.5103820330475304,1.5302214292867233,35.335452158262825,0.01766772607913141,2.0,2.510346759296949,1.533882205570671,0.1850970051192938,0.6159440807744128,0.19895891410629335,6.636073563307444e+38,2.2082746440270336e+39,2.8718820003577777e+39,1.0041545455796426e+39,1.470958404808984e+39,1.126445061078314e+39,7.26792891262007e+38,0.7689294489648,0.512193190606624,0.39223236224120006,0.72378588979296
0.629,0.068858575539954,35.37612433211184,0.3384125962552021,0.01768806216605592,0.017822278627493814,2.0,7.9146034985699645,2.52,2.5104338702261964,1.5327318372617467,35.24685824880621,0.017623429124403105,2.0,2.5103987869254514,1.5363925783672547,0.1846329188881057,0.6163999597449936,0.1989671213669007,6.602839614360471e+38,2.2043685909342126e+39,2.8646525523702596e+39,1.0016267665630279e+39,1.467883626076458e+39,1.1240226582076053e+39,7.25078906656605e+38,0.7695064412297689,0.5124124476673122,0.3923766103074423,0.7239012882459537
0.63,0.06831573822179843,35.28742538277192,0.33574476607224035,0.01764371269138596,0.01777759544735293,2.0,7.9146034985699645,2.52,2.510485427530336,1.5352422969338844,35.158484639895114,0.017579242319947556,2.0,2.510450533647538,1.5389030030508863,0.18416998672048915,0.6168547493528378,0.19897526392667303,6.569771418685281e+38,2.2004642417274444e+39,2.8574413835959726e+39,9.991053788797107e+38,1.4648135162475427e+39,1.1216043371510556e+39,7.233686842640536e+38,0.7700820231553623,0.5126311687990377,0.39252050578884057,0.7240164046310724
0.631,0.06777718028862383,35.198947019433085,0.33309796736967784,0.017599473509716544,0.01773302336794462,2.0,7.9146034985699645,2.52,2.510536706476311,1.5377528080240213,35.07033079815937,0.017535165399079684,2.0,2.5105020009851984,1.5414134793414216,0.18370820582192804,0.6173084518824012,0.19898334229567066,6.536868156647792e+38,2.1965616309219605e+39,2.85024844658674e+39,9.965903659394195e+38,1.4617480779994277e+39,1.119190097047838e+39,7.216622170415503e+38,0.7706561979017691,0.5128493552026723,0.39266404947544226,0.724131239580354
0.632,0.06724286800447446,35.110688707840495,0.33047203434866845,0.017555344353920248,0.017688562119986893,2.0,7.9146034985699645,2.52,2.510587708572208,1.5402633702545538,34.98239619140499,0.017491198095702494,2.0,2.5105531904521206,1.5439240069602334,0.18324757340407202,0.617761069615995,0.19899135697993292,6.50412901252323e+38,2.192660792749952e+39,2.843073694002275e+39,9.940817111896066e+38,1.4586873139254823e+39,1.1167799369879429e+39,7.199594979480025e+38,0.7712289686248974,0.5130670080774611,0.3928072421562243,0.7242457937249795
0.633,0.06671276789934727,35.02264991491899,0.32786680251741807,0.017511324957459495,0.017644211434930297,2.0,7.9146034985699645,2.52,2.51063843531789,1.5427739833493825,34.89468028861248,0.01744734014430624,2.0,2.5106041035537325,1.546434585630204,0.1827880866847276,0.6182126048337626,0.19899930848150982,6.471553174599101e+38,2.1887617612025654e+39,2.835917078662475e+39,9.915793981337327e+38,1.4556312265627194e+39,1.1143738560331364e+39,7.18260519957386e+38,0.7718003384763519,0.5132841286210137,0.392950084619088,0.7243600676952704
0.634,0.06618684676709548,34.93483010877147,0.32528210868088153,0.017467415054385736,0.017599971045435873,2.0,7.9146034985699645,2.52,2.510688888205035,1.5452846470339034,34.80718255993518,0.01740359127996759,2.0,2.5106547417872513,1.548945215075718,0.18232974288784973,0.6186630598136567,0.1990071972984936,6.439139835331261e+38,2.1848645700906708e+39,2.828778553623797e+39,9.890834103579709e+38,1.45257981843169e+39,1.1119718532474271e+39,7.165652760782162e+38,0.7723703106034078,0.5135007180292949,0.3930925776508519,0.7244740621206816
0.635,0.06566507166334856,34.84722875867711,0.32271779093054026,0.017423614379338558,0.017555840684682338,2.0,7.9146034985699645,2.52,2.510739068717188,1.5477953610350008,34.71990247669765,0.017359951238348825,2.0,2.510705106641727,1.551455895022652,0.18187253924353247,0.6191124368314177,0.19901502392504977,6.4068881910701464e+38,2.1809692529604504e+39,2.821658072067465e+39,9.865937314921206e+38,1.4495330919798134e+39,1.1095739276536055e+39,7.148737593253655e+38,0.7729388881489904,0.5137167774966163,0.3932347220372476,0.7245877776297982
0.636,0.0651474099034484,34.75984533508983,0.32017368863425905,0.017379922667544914,0.01751182008624759,2.0,7.9146034985699645,2.52,2.5107889783298014,1.5503061250810382,34.632839511393925,0.017316419755696963,2.0,2.510755199598089,1.5539666251983688,0.1814164729880012,0.6195607381605505,0.1990227888514483,6.3747974420000195e+38,2.1770758430799963e+39,2.814555587279998e+39,9.841103452027965e+38,1.446491049571998e+39,1.1071800782259988e+39,7.131859627152441e+38,0.7735060742516492,0.5139323082156266,0.3933765185629123,0.7247012148503298
0.637,0.0646338290604022,34.67267930963648,0.3176496424262257,0.01733633965481824,0.0174679089841114,2.0,7.9146034985699645,2.52,2.5108386185102822,1.5528169389018498,34.545993137685926,0.017272996568842965,2.0,2.5108050221291887,1.5564774053317068,0.18096154136360282,0.6200079660723032,0.199030492564094,6.34286679212288e+38,2.17318437344093e+39,2.8074710526532177e+39,9.816332351934328e+38,1.4434536934912613e+39,1.1047903038908761e+39,7.115018792659162e+38,0.7740718720455367,0.514147311377304,0.3935179680113842,0.7248143744091075
0.638,0.06412429696285078,34.58573015511521,0.3151454941969658,0.017292865077557604,0.017424107112658092,2.0,7.9146034985699645,2.52,2.5108879907180346,1.5553278022287347,34.459362830401716,0.017229681415200856,2.0,2.5108545756998466,1.5589882351529742,0.18050774161879743,0.6204541228356453,0.19903813554555727,6.311095449242462e+38,2.1692948767600076e+39,2.8004044216842535e+39,9.791623852042846e+38,1.4404210259393387e+39,1.1024046035268527e+39,7.09821501997212e+38,0.7746362846603863,0.5143617881709468,0.3936590711650966,0.7249272569320773
0.639,0.06361878169305364,34.49899734549377,0.3126610870834402,0.017249498672746885,0.017380414206708644,2.0,7.9146034985699645,2.52,2.510937096404505,1.5578387147944457,34.37294806553385,0.017186474032766925,2.0,2.510903861766895,1.561499114393939,0.18005507100814958,0.6208992107172462,0.1990457182746042,6.2794826249589225e+38,2.1654073854844026e+39,2.793355647980295e+39,9.766977790140891e+38,1.4373930490397378e+39,1.1000229759671596e+39,7.08144823932045e+38,0.7751993152214887,0.5145757397841657,0.3937998288053722,0.7250398630442978
0.64,0.06311725158488943,34.41248035590778,0.3101962654592182,0.017206240177953892,0.017336830002097035,2.0,7.9146034985699645,2.52,2.5109859370132277,1.560349676333184,34.28674832023766,0.01714337416011883,2.0,2.510952881779223,1.5640100427878232,0.17960352679231886,0.6213432319814545,0.1990532412262267,6.2480275348595185e+38,2.1615219318648495e+39,2.7863246853508014e+39,9.742394004723082e+38,1.4343697648858192e+39,1.0976454200363727e+39,7.064718381199045e+38,0.7757609668496733,0.514789167402876,0.39394024171241837,0.7251521933699346
0.641,0.06261967522187256,34.32617866265903,0.3077508749247298,0.017163089331329515,0.017293354235617713,2.0,7.9146034985699645,2.52,2.511034513979865,1.5628606865805916,34.20076307282959,0.017100381536414792,2.0,2.51100163717782,1.5665210200692932,0.17915310623805145,0.6217861888902766,0.19906070487167193,6.216729398480197e+38,2.1576385479506302e+39,2.77931148779865e+39,9.717872334960315e+38,1.4313511755369424e+39,1.0952719345473875e+39,7.0480253763474e+38,0.7763212426612841,0.5150020722112879,0.394080310665321,0.7252642485322568
0.642,0.062126021435184926,34.24009174321382,0.3053247622975924,0.01712004587160691,0.017249986644485307,2.0,7.9146034985699645,2.52,2.5110828287322535,1.5653717452737395,34.11499180278545,0.017057495901392723,2.0,2.51105012939582,1.5690320459744522,0.17870380661817117,0.6222280837033565,0.19906810967847227,6.185587439092639e+38,2.1537572655236335e+39,2.7723160094328976e+39,9.693412620394746e+38,1.4283372829742182e+39,1.0929025182674879e+39,7.031369155529644e+38,0.7768801457681601,0.5152144553919008,0.39422003644204,0.7253760291536321
0.643,0.06163625930172365,34.15421907620112,0.3029177756030165,0.01707710953810056,0.01720672696631692,2.0,7.9146034985699645,2.52,2.5111308826904466,1.5678828521511248,34.029433990738745,0.017014716995369373,2.0,2.511098359858543,1.5715431202408334,0.1782556252115701,0.6226689186779557,0.19907545611047417,6.1546008836812085e+38,2.1498781160974133e+39,2.765338204465534e+39,9.669014700928441e+38,1.4253280890994346e+39,1.0905371699174603e+39,7.014749649527402e+38,0.7774376792776156,0.515426318125494,0.394359419819404,0.7254875358555231
0.644,0.061150358142163935,34.06856014141097,0.30052976406428517,0.017034280070705485,0.017163574939134726,2.0,7.9146034985699645,2.52,2.511178677266757,1.5703940069526598,33.94408911847898,0.01697204455923949,2.0,2.511146329983541,1.57405424260739,0.17780855930319994,0.6231086960689325,0.19908274462786757,6.12376896292733e+38,2.146001130918773e+39,2.758378027211506e+39,9.644678416823448e+38,1.422323595735665e+39,1.0881758881719945e+39,6.998166789140955e+38,0.7779938462924185,0.515637661591119,0.39449846157310464,0.7255987692584837
0.645,0.06066828751903748,33.983114419792685,0.2981605780933101,0.01699155720989634,0.017120530301368467,2.0,7.9146034985699645,2.52,2.5112262138658,1.5729052094196658,33.85895666894986,0.016929478334474928,2.0,2.5111940411806386,1.5765654128144913,0.1773626061840629,0.6235474181287226,0.19908997568721448,6.093090911193872e+38,2.1421263409693385e+39,2.7514354320887257e+39,9.620403608701839e+38,1.419323804627868e+39,1.0858186716600798e+39,6.981620505190355e+38,0.7785486499107718,0.5158484869660932,0.394637162477693,0.7257097299821543
0.646,0.06019001723482549,33.89788139345311,0.2958100692812598,0.016948940696726558,0.017077592791972795,2.0,7.9146034985699645,2.52,2.5112734938845356,1.5754164592948645,33.774036126247665,0.016887018063123833,2.0,2.511241494851977,1.5790766306039095,0.17691776315120256,0.6239850871073198,0.19909714974147763,6.062565966550347e+38,2.13825377698151e+39,2.744510373636545e+39,9.596190117610297e+38,1.4163287174530135e+39,1.0834655189726865e+39,6.965110728563401e+38,0.7791020932262939,0.5160587954259916,0.3947755233065735,0.7258204186452588
0.647,0.05971551733006733,33.81286054565493,0.2934780903892642,0.016906430272827466,0.017034762151066512,2.0,7.9146034985699645,2.52,2.5113205187123104,1.5779277563223713,33.68932697561945,0.016844663487809726,2.0,2.5112886923920548,1.5815878957188179,0.17647402750769478,0.6244217052522563,0.19910426724004898,6.0321933709823726e+38,2.1343834695198606e+39,2.737602806618098e+39,9.572037785377965e+38,1.4133383358735284e+39,1.0811164287035847e+39,6.948637390476531e+38,0.7796541793279993,0.5162685881446397,0.3949135448319998,0.7259308358655998
0.648,0.05924475808148366,33.728051360814874,0.29116449533919075,0.016864025680407436,0.01699203811947089,2.0,7.9146034985699645,2.52,2.5113672897309014,1.5804391002476863,33.604828703461365,0.01680241435173068,2.0,2.511335635187773,1.5840992079037792,0.1760313965626388,0.6248572748085834,0.19911132862877778,6.0019723702089155e+38,2.1305154489248332e+39,2.7307126859457246e+39,9.547946454355681e+38,1.410352661499496e+39,1.0787713994203532e+39,6.932200422286818e+38,0.7802049113002799,0.5164778662941063,0.39505122782506996,0.7260409822600561
0.649,0.058777710000114794,33.64345332450199,0.2888691392044949,0.016821726662250996,0.016949420438410513,2.0,7.9146034985699645,2.52,2.511413808314555,1.5829504908176883,33.52054079731688,0.01676027039865844,2.0,2.5113823246184737,1.586610566904739,0.17558986763114784,0.6252917980188539,0.19911833434999832,5.971902213559348e+38,2.126649745276585e+39,2.7238399666325196e+39,9.523915967246571e+38,1.4073716958642564e+39,1.0764304296456503e+39,6.915799755370116e+38,0.780754292222887,0.516686631044697,0.3951885730557218,0.7261508584445774
0.65,0.058314343829473106,33.55906592343591,0.28659187820114035,0.016779532961717955,0.016906908849515206,2.0,7.9146034985699645,2.52,2.5114600758300307,1.5854619277806263,33.436462745875076,0.01671823137293754,2.0,2.5114287620559836,1.5891219724690184,0.1751494380343401,0.6257252771231019,0.19912528484255793,5.9419821539579754e+38,2.122786388396469e+39,2.7169846037922666e+39,9.499946167105827e+38,1.4043954404249567e+39,1.0740935178575706e+39,6.899435321121977e+38,0.7813023251709127,0.5168948835649467,0.3953255812927282,0.7262604650341825
0.651,0.05785463054371067,33.474888645485045,0.28433256967859316,0.01673744432274252,0.016864503094822497,2.0,7.9146034985699645,2.52,2.511506093636642,1.587973410886112,33.35259403896885,0.016676297019484428,2.0,2.5114749488646555,1.5916334243453076,0.17471010509932958,0.6261577143588261,0.19913218054184434,5.912211447908813e+38,2.1189254078485892e+39,2.7101465526394705e+39,9.476036897340806e+38,1.4014238965631475e+39,1.0717606624900415e+39,6.883107050958797e+38,0.7818490132147731,0.5171026250216139,0.3954622533036933,0.7263698026429545
0.652,0.057398541345800795,33.39092097966484,0.2820910721108853,0.01669546048983242,0.016822202916780042,2.0,7.9146034985699645,2.52,2.5115518630862956,1.5904849398851137,33.268934167573214,0.016634467083786606,2.0,2.5115208864014096,1.594144922283657,0.17427186615921675,0.6265891119609702,0.19913902187981303,5.8825893554804e+38,2.115066832941342e+39,2.703325768489382e+39,9.452188001711126e+38,1.398457065585374e+39,1.069431861933212e+39,6.866814876318937e+38,0.7823943594201896,0.5173098565796721,0.3955985898550475,0.7264788718840379
0.653,0.0569460476657345,33.30716241613602,0.27986724508775074,0.01665358120806801,0.01678000805849229,2.0,7.9146034985699645,2.52,2.5115973855235363,1.5929965145299476,33.1854826238035,0.016592741311901752,2.0,2.5115665760157726,1.5966564660354698,0.1738347185530794,0.6270194721619066,0.19914580928501402,5.853115140375848e+38,2.1112106927596918e+39,2.6965222067972766e+39,9.428399324466002e+38,1.3954949487440836e+39,1.0671071145493783e+39,6.850558728763588e+38,0.7829383668481732,0.5175165794023058,0.39573459171204334,0.7265876733696347
0.654,0.05649712115873043,33.223612446202836,0.2776609493058277,0.01661180622310142,0.01673791826421828,2.0,7.9146034985699645,2.52,2.511642662285583,1.5955081345742692,33.10223890091364,0.01655111945045682,2.0,2.511612019049921,1.5991680553534955,0.1733986596259635,0.6274487971914173,0.19915254318261905,5.8237880700890595e+38,2.1073570162291854e+39,2.6897358232380913e+39,9.404670710622696e+38,1.3925375472794703e+39,1.0647864187049146e+39,6.834338540180242e+38,0.7834810385550066,0.5177227946509024,0.39587025963875166,0.7266962077110014
0.655,0.056051733703459575,33.1402705623112,0.2754720465599344,0.016570135281155602,0.016695933278759297,2.0,7.9146034985699645,2.52,2.511687694702372,1.59801979977307,33.01920249329437,0.016509601246647188,2.0,2.5116572168387203,1.6016796899918213,0.17296368672887377,0.6278770892766781,0.19915922399444813,5.794607415673093e+38,2.1035058320403586e+39,2.6829665736076678e+39,9.381002005621218e+38,1.3895848623690232e+39,1.0624697727316233e+39,6.818154242533016e+38,0.7840223775922286,0.5179285034850468,0.39600559439805716,0.7268044755184457
0.656,0.05560985740028362,33.05713625804701,0.27330039973441067,0.016528568129023504,0.01665405284732176,2.0,7.9146034985699645,2.52,2.5117324840965956,1.6005315098826667,32.93637289647148,0.016468186448235743,2.0,2.511702170709766,1.604191369705867,0.17252979721876435,0.6283043506422399,0.1991658521389958,5.765572451676357e+38,2.0996571686327314e+39,2.676214413800367e+39,9.35739305524604e+38,1.3866368951165186e+39,1.0601571749182564e+39,6.802005767806839e+38,0.7845623870066174,0.5181337070625146,0.3961405967516544,0.7269124774013236
0.657,0.055171464569507264,32.97420902813431,0.27114587279452923,0.016487104514067156,0.016612276715519583,2.0,7.9146034985699645,2.52,2.511777031783744,1.6030432646606942,32.853749607104014,0.016426874803552007,2.0,2.5117468819834223,1.6067030942523752,0.17209698845852975,0.6287305835100129,0.1991724280314574,5.736682456127742e+38,2.0958110541963304e+39,2.6694792998091045e+39,9.33384370562624e+38,1.3836936465526085e+39,1.0578486235109034e+39,6.785893048008587e+38,0.7851010698401755,0.5183384065392667,0.3962752674600438,0.7270202139680352
0.658,0.0547365277496445,32.89148836843349,0.26900833077797476,0.016445744184216748,0.01657060462937648,2.0,7.9146034985699645,2.52,2.5118213390721427,1.605555063866101,32.77133212298252,0.01638566606149126,2.0,2.511791351972863,1.609214863389406,0.1716652578169951,0.6291557900992496,0.19917895208375536,5.7079367105217795e+38,2.091967516673202e+39,2.66276118772538e+39,9.310353803235595e+38,1.3807551176354004e+39,1.0555441167133764e+39,6.769816015168206e+38,0.7856384291301132,0.518542603069443,0.3964096072825283,0.7271276858260226
0.659,0.05430501969569811,32.80897377593953,0.26688763978638874,0.016404486887969763,0.01652903633533217,2.0,7.9146034985699645,2.52,2.511865407262994,1.6080669072591398,32.689119943027265,0.01634455997151363,2.0,2.5118355819841116,1.6117266768763283,0.17123460266890717,0.6295799726265283,0.19918542470456457,5.6793344998052035e+38,2.0881265837594142e+39,2.6560600337399347e+39,9.286923194894877e+38,1.377821309251363e+39,1.0532436526878405e+39,6.753774601341419e+38,0.7861744679088345,0.5187462978053571,0.39654361697720863,0.727234893581767
0.66,0.053876913377453206,32.726664748780195,0.2647836669769824,0.016363332374390097,0.016487571580609418,2.0,7.9146034985699645,2.52,2.5119092376504133,1.6105787946013594,32.60711256728644,0.01630355628364322,2.0,2.51187957331608,1.6142385344738146,0.1708050203949249,0.6300031333057368,0.19919184629933823,5.6508751124872106e+38,2.084288282952677e+39,2.6493757942013982e+39,9.263551727976918e+38,1.374892222246325e+39,1.050947229578449e+39,6.737768738759905e+38,0.7867091892039213,0.5189494918974901,0.3966772973009804,0.7273418378407843
0.661,0.05345218197778388,32.64456078621419,0.26269628055421507,0.016322280393107097,0.016446210113489724,2.0,7.9146034985699645,2.52,2.511952831521472,1.6130907256556015,32.52530949693439,0.016262654748467196,2.0,2.511923327260607,1.6167504359438312,0.17037650838160973,0.630425274348057,0.19919821727033327,5.622557840716642e+38,2.0804526415885916e+39,2.6427084256602557e+39,9.240239250560335e+38,1.371967857448921e+39,1.048654845529199e+39,6.721798359944281e+38,0.7872425960381195,0.5191521864944855,0.3968106490095299,0.727448519207624
0.662,0.053030798890973604,32.56266138862942,0.26062534976153906,0.01628133069431471,0.016404951682724232,2.0,7.9146034985699645,2.52,2.5119961901562338,1.6156027001859905,32.44371023426977,0.016221855117134885,2.0,2.511966845102499,1.619262381049635,0.16994906402141655,0.6308463979619481,0.1992045380166354,5.594381980062939e+38,2.0766196867675576e+39,2.6360578847738516e+39,9.216985611097383e+38,1.369048215621919e+39,1.0463664986466597e+39,6.70586339746366e+38,0.7877746914293241,0.519354382743143,0.396943672857331,0.7275549382858648
0.663,0.05261273772104828,32.48096605754115,0.2585707448732078,0.016240483028770576,0.016363796037471092,2.0,7.9146034985699645,2.52,2.5120393148277937,1.6181147179579265,32.36231428271384,0.01618115714135692,2.0,2.5120101281195666,1.6217743695557616,0.16952268471268414,0.6312665063531315,0.1992108089341843,5.566346829479278e+38,2.0727894453480766e+39,2.6294241282960044e+39,9.193790658377637e+38,1.36613329745739e+39,1.0440821869962201e+39,6.6899637839102724e+38,0.7883054783905652,0.5195560817884147,0.3970763695976413,0.7276610956781131
0.664,0.05219797228012298,32.399474295590174,0.2565323371861504,0.016199737147795087,0.016322742927297677,2.0,7.9146034985699645,2.52,2.5120822068023165,1.6206267787380806,32.28112114680858,0.01614056057340429,2.0,2.5120531775826653,1.624286401228023,0.16909736785962554,0.6316856017245763,0.1992170304157982,5.5384516912880756e+38,2.0689619439482345e+39,2.622807113077042e+39,9.17065424152812e+38,1.3632231035772782e+39,1.0418019086024671e+39,6.674099451900563e+38,0.7888349599299951,0.5197572847733981,0.39720873998249884,0.727766991985999
0.665,0.051786476586761394,32.31818560654103,0.25450999901190907,0.016159092803270516,0.016281792102182762,2.0,7.9146034985699645,2.52,2.512124867339075,1.6231388822943855,32.200130332214925,0.01610006516610746,2.0,2.512095994755733,1.626798475833497,0.1686731108723188,0.6321036862764826,0.1992232028511986,5.510695871166567e+38,2.0651372089471758e+39,2.6162067960638326e+39,9.147576210013401e+38,1.3603176345339698e+39,1.0395256614495604e+39,6.6582703340762934e+38,0.7893631390508736,0.519957992839332,0.3973407847627184,0.7278726278101747
0.666,0.0513782248643485,32.23709949528019,0.25250360366864144,0.016118549747640095,0.016240943312530984,2.0,7.9146034985699645,2.52,2.512167297690488,1.6256510283960302,32.11934134571094,0.01605967067285547,2.0,2.5121385808958263,1.6293105931405234,0.1682499111666974,0.6325207622062679,0.1992293266270348,5.483078678136548e+38,2.0613152664881383e+39,2.609623134301793e+39,9.124556413642634e+38,1.357416890811887e+39,1.0372534434823933e+39,6.642476363110664e+38,0.7898900187515563,0.5201582071255914,0.3974725046878891,0.7279780037503112
0.667,0.050973191539475625,32.15621546781418,0.2505130254731838,0.01607810773390709,0.0162001963096091,2.0,7.9146034985699645,2.52,2.5122094991021586,1.6281632168134532,32.03875369519005,0.016019376847595027,2.0,2.512180937253162,1.6318227529186944,0.1678277661645407,0.6329368317085515,0.19923540212690788,5.455599424696166e+38,2.0574961425350612e+39,2.6030560850046778e+39,9.101594702813559e+38,1.3545208728643523e+39,1.0349852526347009e+39,6.6267174718869884e+38,0.7904156020254799,0.5203579287696823,0.39760390050637,0.728083120405096
0.668,0.050571351240338666,32.07553303126781,0.2485381397331789,0.016037766515633906,0.016159550845646794,2.0,7.9146034985699645,2.52,2.51225147281291,1.6306754473183345,31.95836688965918,0.01597918344482959,2.0,2.5122230650711503,1.63433495493885,0.16740667329346443,0.6333518969751406,0.19924142973139497,5.4282574268368796e+38,2.053679862886776e+39,2.596505605570464e+39,9.078690928568056e+38,1.351629581122477e+39,1.0327210868357868e+39,6.6109935935402794e+38,0.7909398918611513,0.5205571589072375,0.3977349729652878,0.7281879783722304
0.669,0.05017267879514869,31.995051693882363,0.2465788227392648,0.015997525846941182,0.016119006673313566,2.0,7.9146034985699645,2.52,2.5122932200548247,1.6331877196835893,31.87818043923695,0.015939090219618476,2.0,2.512264965586437,1.6368471989730693,0.16698662998691136,0.6337659601950159,0.19924740981807282,5.40105200385092e+38,2.0498664531119005e+39,2.5899716534969926e+39,9.055844942297178e+38,1.3487430159518606e+39,1.0304609439773737e+39,6.5953046612435875e+38,0.7914628912421341,0.520755898672011,0.39786572281053356,0.7282925782484267
0.67,0.04977714923055528,31.91477096501367,0.2446349517573262,0.015957385482506834,0.0160785635456873,2.0,7.9146034985699645,2.52,2.51233474205328,1.635700033683363,31.798193855151872,0.015899096927575938,2.0,2.512306640028937,1.6393594847946653,0.1665676336841412,0.6341790235543171,0.19925334276154172,5.37398247830579e+38,2.046055938546034e+39,2.583454186376613e+39,9.033056595722422e+38,1.3458611776503476e+39,1.0282048219118312e+39,6.57965060819537e+38,0.7919846031470372,0.5209541491958741,0.3979961507867594,0.7283969206294074
0.671,0.04938473777008197,31.834690355130355,0.2427064050208051,0.015917345177565177,0.01603822121625636,2.0,7.9146034985699645,2.52,2.5123760400269863,1.6382123890930214,31.718406649740515,0.015859203324870258,2.0,2.512348089621873,1.6418718121781775,0.16614968183022163,0.6345910892363296,0.19925922893344877,5.347048176030194e+38,2.0422483442932055e+39,2.5769531618962248e+39,9.010325740895891e+38,1.3429840664485875e+39,1.0259527184525464e+39,6.564031367620591e+38,0.7925050305495028,0.521151911608811,0.3981262576373757,0.7285010061099005
0.672,0.04899541983257434,31.754809375812012,0.24079306172307405,0.015877404687906008,0.015997979438921638,2.0,7.9146034985699645,2.52,2.512417115188023,1.6407247856891458,31.63881833644568,0.01581940916822284,2.0,2.512389315581812,1.6443841808993644,0.16573277187601845,0.6350021594214701,0.19926506870251143,5.320248426099977e+38,2.038443695227313e+39,2.5704685378373106e+39,8.987652230200388e+38,1.3401116825105873e+39,1.0237046313742905e+39,6.548446872771782e+38,0.7930241764181941,0.5213491870389138,0.39825604410454857,0.7286048352836387
0.673,0.0486091710306602,31.67512753974726,0.23889480200986837,0.01583756376987363,0.015957837968017252,2.0,7.9146034985699645,2.52,2.512457968741875,1.6432372232495283,31.55942842981456,0.01577971421490728,2.0,2.512430319118702,1.6468965907352,0.16531690127818577,0.6354122362872741,0.19927086243454012,5.293582560830294e+38,2.034642015995937e+39,2.5640002720789663e+39,8.965035916360023e+38,1.3372440259358286e+39,1.0214605584147777e+39,6.532897056937757e+38,0.7935420437167855,0.5215459766123784,0.39838551092919644,0.7287084087433572
0.674,0.04822596716922188,31.59564436073202,0.23701150697177809,0.01579782218036601,0.015917796558766604,2.0,7.9146034985699645,2.52,2.5124986018874695,1.6457497015531606,31.48023644549694,0.01574011822274847,2.0,2.5124711014359082,1.6494090414638622,0.16490206749915678,0.6358213220083815,0.1992766104924617,5.267049915911817e+38,2.0308433310797095e+39,2.5575483226708912e+39,8.942476652695425e+38,1.3343810967978857e+39,1.0192204973041057e+39,6.517381853630595e+38,0.7940586354039502,0.5217422814535011,0.3985146588509876,0.72881172708079
0.675,0.04784578424388079,31.516359353667603,0.2351430586368002,0.0157581796768338,0.015877854967294797,2.0,7.9146034985699645,2.52,2.5125390158172114,1.6482622203802313,31.40124190024331,0.015700620950121653,2.0,2.5125116637302494,1.651921532864731,0.16448826800713387,0.6362294187565243,0.19928231323634182,5.240649830398288e+38,2.0270476647952624e+39,2.551112647835091e+39,8.91997429312969e+38,1.3315228951459198e+39,1.0169844457658338e+39,6.5019011965911e+38,0.79457395443335,0.521938102684673,0.3986434886083375,0.72891479088667
0.676,0.04746859843949353,31.43727203455884,0.23328933996294765,0.015718636017279422,0.015838012950156424,2.0,7.9146034985699645,2.52,2.5125792117170187,1.6507747795121182,31.322444311903084,0.015661222155951542,2.0,2.512552007192035,1.6544340647183786,0.16407550027607887,0.6366365287005136,0.19928797102340762,5.2143816465345125e+38,2.0232550412362726e+39,2.5446932058897238e+39,8.897528691922111e+38,1.3286694209655228e+39,1.014752401487013e+39,6.486455019595794e+38,0.795088003753625,0.5221334414263775,0.39877200093840626,0.729017600750725
0.677,0.04709438612866018,31.358381920512294,0.23145023483091812,0.015679190960256148,0.01579827026431539,2.0,7.9146034985699645,2.52,2.5126191907663604,1.653287378731382,31.243843199422724,0.015621921599711363,2.0,2.5125921330050973,1.6569466368065655,0.16366376178570363,0.6370426540062262,0.19929358420807014,5.188244709735258e+38,2.0194654842720482e+39,2.538289955245574e+39,8.875139703655853e+38,1.3258206741774046e+39,1.0125243621171269e+39,6.471043256448906e+38,0.7956007863083827,0.5223282987971855,0.3989001965770957,0.7291201572616767
0.678,0.046723123870244236,31.279688529734376,0.22962562803682013,0.015639844264867187,0.015758626667146863,2.0,7.9146034985699645,2.52,2.512658954138289,1.6558000178217585,31.165438082843895,0.015582719041421948,2.0,2.5126320423468322,1.6594592489122317,0.1632530500214604,0.6374477968365933,0.19929915314194635,5.162238368571533e+38,2.0156790175489407e+39,2.531902854406094e+39,8.852807183238092e+38,1.3229766546379381e+39,1.010300325268454e+39,6.4556658409834336e+38,0.7961123050361886,0.5225226759137517,0.3990280762590471,0.7292224610072376
0.679,0.04635478840790435,31.20119138152945,0.22781540528495714,0.015600595690764725,0.015719081916439257,2.0,7.9146034985699645,2.52,2.512698502999478,1.6583126965681552,31.08722848330165,0.015543614241650825,2.0,2.51267173638823,1.6619719008194924,0.1628433624745317,0.6378519593515868,0.19930467817388148,5.136361974756918e+38,2.011895664491748e+39,2.52553186196744e+39,8.830530985900141e+38,1.320137362139701e+39,1.008080288516425e+39,6.440322707062204e+38,0.7966225628705554,0.522716573890811,0.39915564071763887,0.729324512574111
0.68,0.04598935666863731,31.122889996298035,0.22601945318066682,0.015561444998149017,0.015679635770413942,2.0,7.9146034985699645,2.52,2.5127378385102555,1.660825414756641,31.009213923022546,0.015504606961511274,2.0,2.512711216293914,1.6644845923136298,0.16243469664182106,0.6382551437082085,0.19931015964997045,5.110614883139747e+38,2.0081154483073986e+39,2.5191769366213732e+39,8.8083109672076e+38,1.3173027964135135e+39,1.0058642494011243e+39,6.425013788586233e+38,0.7971315627399355,0.5229099938411754,0.39928289068498385,0.7294263125479871
0.681,0.045626805761332836,31.04478389553492,0.22423765922321856,0.01552239194776746,0.015640287988163075,2.0,7.9146034985699645,2.52,2.512776961824641,1.6633381721744434,30.931393925322816,0.015465696962661408,2.0,2.5127504832221725,1.6669973231810877,0.16202705002594311,0.6386573520604768,0.19931559791358006,5.084996451831181e+38,2.004338392042214e+39,2.512838037225332e+39,8.786146983305357e+38,1.3144729571656142e+39,1.00365220545562e+39,6.4097390196744134e+38,0.7976393075677086,0.5231029368757292,0.39940982689192717,0.7295278615135418
0.682,0.04526711297533962,30.966872601827262,0.2224699117987659,0.01548343630091363,0.015601038329662205,2.0,7.9146034985699645,2.52,2.5128158740903777,1.6658509686099408,30.853768014606498,0.015426884007303248,2.0,2.5127895383249967,1.6695100932094658,0.1616204201352138,0.6390585865594163,0.1993209933053699,5.0595060421932866e+38,2.0005645185848598e+39,2.5065151228041885e+39,8.764038890923737e+38,1.3116478440791682e+39,1.0014441542070526e+39,6.394498334669089e+38,0.7981458002721757,0.5232954041034268,0.39953645006804395,0.7296291600544351
0.683,0.044910255779042826,30.889155638852774,0.22071610017335583,0.015444577819426387,0.015561886555316139,2.0,7.9146034985699645,2.52,2.512854576448968,1.6683638038526554,30.7763357163636,0.015388167858181801,2.0,2.5128283827481126,1.6720229021875115,0.16121480448364076,0.6394588493530449,0.1993263461633144,5.034143018676148e+38,1.9967938506094044e+39,2.5002081524770194e+39,8.741986547122445e+38,1.308827456776518e+39,9.99240093147755e+38,6.379291667950287e+38,0.7986510437665482,0.5234873966312883,0.399662760941637,0.7297302087533097
0.684,0.04455621181845244,30.81163253137784,0.21897611448599075,0.01540581626568892,0.015522832425939475,2.0,7.9146034985699645,2.52,2.5128930700357084,1.670876677693248,30.699096557168236,0.015349548278584119,2.0,2.512867017631017,1.6745357499051154,0.16081020059091355,0.6398581425863632,0.19933165682272325,5.008906748797517e+38,1.9930264105739657e+39,2.4939170854537175e+39,8.719989809278733e+38,1.3060117948179248e+39,9.97040019734235e+38,6.3641189539280145e+38,0.79915504095894,0.5236789155643972,0.399788760239735,0.7298310081917879
0.685,0.04420495891580321,30.734302805255606,0.21724984574174797,0.015367151402627803,0.01548387570275847,2.0,7.9146034985699645,2.52,2.512931355979723,1.6733895899235125,30.62205006467675,0.015311025032338374,2.0,2.512905444107011,1.6770486361533046,0.16040660598239379,0.6402564684013432,0.19933692561626298,4.983796603129484e+38,1.9892622207220866e+39,2.487641881035035e+39,8.698048535087535e+38,1.3032008577021006e+39,9.948439313875286e+38,6.348980127043312e+38,0.7996577947523591,0.5238699620058964,0.39991444868808973,0.7299315589504718
0.686,0.0438564750681652,30.657165987424158,0.2155371858049511,0.015328582993712078,0.015445016147412864,2.0,7.9146034985699645,2.52,2.5129694354039978,1.6759025403363677,30.545195767625867,0.015272597883812933,2.0,2.512943663303236,1.6795615607242362,0.1600040181891054,0.640653828936917,0.19934215287397755,4.958811955285181e+38,1.985501303084102e+39,2.4813824986126202e+39,8.676162582561609e+38,1.3003946448667353e+39,9.926518254935496e+38,6.333875121769279e+38,0.8001593080446997,0.5240605370569859,0.40003982701117496,0.73003186160894
0.687,0.0435107384460658,30.580221605904626,0.21383802739239763,0.015290110802952313,0.015406253521968201,2.0,7.9146034985699645,2.52,2.513007309425413,1.6784155287258529,30.468533195830837,0.015234266597915418,2.0,2.5129816763407025,1.6820745234111918,0.15960243474772498,0.641050226328966,0.19934733892330903,4.933952181908899e+38,1.9817436794798524e+39,2.4751388976707422e+39,8.654331810037561e+38,1.2975931556899072e+39,9.904636994041116e+38,6.318803872616412e+38,0.8006595837287334,0.5242506418169186,0.40016489593218335,0.7301319167457466
0.6880000000000001,0.043167727392121956,30.50346918979929,0.21215226406663704,0.015251734594899645,0.015367587589299972,2.0,7.9146034985699645,2.52,2.513044979154778,1.6809285548871211,30.39206188018355,0.015196030940091776,2.0,2.51301948433433,1.6845875240085697,0.15920185320057173,0.6414456627103101,0.1993524840891182,4.909216662784977e+38,1.9779893715692612e+39,2.468911037847759e+39,8.632556076390766e+38,1.2947963895228262e+39,9.88279550461867e+38,6.3037663142904715e+38,0.8011586246921022,0.5244402773829988,0.40028965617302553,0.7302317249384204
0.6890000000000001,0.04282742041968373,30.426908269289722,0.21047979022930438,0.01521345413464486,0.015329018113188306,2.0,7.9146034985699645,2.52,2.5130824456968655,1.6834416186164334,30.31578135265068,0.015157890676325341,2.0,2.5130570883929764,1.687100562311882,0.15880227109559789,0.6418401402106974,0.1993575886937048,4.884604780852668e+38,1.9742384008658094e+39,2.4626988789510762e+39,8.61083524108768e+38,1.2920043456982444e+39,9.860993760066675e+38,6.288762381731733e+38,0.801656433817311,0.5246294448505782,0.40041410845432773,0.7303312867634622
0.6900000000000001,0.042489796211488254,30.350538375634898,0.20882050111450498,0.015175269187817449,0.015290544857851878,2.0,7.9146034985699645,2.52,2.513119710150442,1.6859547197111522,30.239691146271806,0.015119845573135903,2.0,2.513094489619473,1.6896136381177453,0.15840368598637877,0.6422336609567936,0.1993626530568277,4.8601159220423815e+38,1.9704907886777873e+39,2.4565023808820255e+39,8.589169163923166e+38,1.2892170234916047e+39,9.839231733458519e+38,6.2737920099241685e+38,0.8021530139817198,0.5248181453130535,0.40053825349542993,0.730430602796344
0.6910000000000001,0.042154833618324554,30.27435904116931,0.20717429278225258,0.015137179520584654,0.015252167587919217,2.0,7.9146034985699645,2.52,2.5131567736083027,1.6884678579697359,30.163790795157556,0.015081895397578779,2.0,2.5131316891106565,1.692126751223876,0.15800609543210292,0.6426262270721719,0.19936767749572515,4.835749475252884e+38,1.9667465561057163e+39,2.4503215036310046e+39,8.567557705003513e+38,1.2864344221189932e+39,9.817509397526301e+38,6.258855133883972e+38,0.802648368057537,0.525006379861864,0.4006620920143843,0.7305296736115076
0.6920000000000001,0.0418225116577085,30.198369799301094,0.2055410621119573,0.015099184899650547,0.015213886068430474,2.0,7.9146034985699645,2.52,2.513193637157304,1.6909810331917325,30.08807983448771,0.015044039917243856,2.0,2.513168687957403,1.6946399014290852,0.15760949699756252,0.643017840677303,0.1993726623251344,4.8115048323383625e+38,1.963005724043692e+39,2.4441562072775283e+39,8.546000724746602e+38,1.2836565407376591e+39,9.795826724664287e+38,6.243951688660593e+38,0.8031424989118124,0.5251941495864887,0.40078562472795315,0.7306284997823626
0.6930000000000001,0.04149280951256859,30.122570184510117,0.2039207067959667,0.015061285092255058,0.015175700064839143,2.0,7.9146034985699645,2.52,2.5132303018783957,1.6934942451777746,30.01255780050935,0.015006278900254674,2.0,2.513205487244659,1.6971530885332708,0.15721388825314309,0.6434085038895454,0.1993776078573115,4.78738138809548e+38,1.9592683131807134e+39,2.4380064519902613e+39,8.524498083882034e+38,1.2808833784465286e+39,9.774183686932306e+38,6.229081609337734e+38,0.8036354094064307,0.5253814555744437,0.40090885235160767,0.7307270818812862
0.6940000000000001,0.04116570652994192,30.046959732346114,0.20231312533315698,0.015023479866173056,0.015137609343016382,2.0,7.9146034985699645,2.52,2.513266768846654,1.6960074937295722,29.937224230534945,0.014968612115267472,2.0,2.5132420880514768,1.6996663123374145,0.15681926677481406,0.643798218823135,0.1993825144020509,4.7633785402513345e+38,1.9555343440023494e+39,2.4318721980274827e+39,8.503049643452737e+38,1.278114934286939e+39,9.75258025606084e+38,6.214244831035437e+38,0.8041271023981046,0.5255682989112798,0.4010317755995262,0.7308254204796208
0.6950000000000001,0.040841182219680375,29.971537979426802,0.20071821702257459,0.014985768989713402,0.015099613669541094,2.0,7.9146034985699645,2.52,2.5133030391313134,1.6985207786499066,29.862078662940522,0.014931039331470261,2.0,2.513278491451043,1.7021795726435718,0.15642563014411878,0.6441869875891764,0.19938738226670483,4.739495689541118e+38,1.9518038368293374e+39,2.425753405783449e+39,8.481655264977096e+38,1.2753512072675071e+39,9.731016403640243e+38,6.1994412890294885e+38,0.8046175807383688,0.5257546806805802,0.4011543951845922,0.7309235161476738
0.6960000000000001,0.04051921625316729,29.896304463435936,0.19913588195712892,0.014948152231717967,0.015061712811943063,2.0,7.9146034985699645,2.52,2.513339113795798,1.7010340997426279,29.78712063716375,0.014893560318581875,2.0,2.5133146985107153,1.7046928692548697,0.15603297594816437,0.6445748122956332,0.19939221175620253,4.715732239769774e+38,1.94807681185025e+39,2.4196500358272273e+39,8.460314810584711e+38,1.272592196385085e+39,9.709492101280081e+38,6.184670918851642e+38,0.8051068472735743,0.5259406019639582,0.40127671181839364,0.7310213694547149
0.6970000000000001,0.040199788462043834,29.82125872312149,0.1975660210173331,0.014910629361560745,0.015023906538217108,2.0,7.9146034985699645,2.52,2.513374993897754,1.7035474568126443,29.712349693702052,0.014856174846851027,2.0,2.5133507102920505,1.7072062019755,0.1556413017796123,0.6449616950473183,0.19939700317306935,4.692087597644916e+38,1.944353289059918e+39,2.4135620488244095e+39,8.439028142742691e+38,1.2698379005841388e+39,9.688007320298614e+38,6.16993365609055e+38,0.8055949048448817,0.5261260638410551,0.40139872621122047,0.7311189809689764
0.6980000000000001,0.039882878836945704,29.746400298293715,0.19600853586509534,0.014873200149146858,0.014986194616767586,2.0,7.9146034985699645,2.52,2.513410680489083,1.7060608496659198,29.637765374110753,0.014818882687055376,2.0,2.5133865278508374,1.7097195706107133,0.15525060523666817,0.645347637945886,0.19940175681744582,4.6685611727461405e+38,1.9406332882533604e+39,2.4074894055279746e+39,8.417795124223688e+38,1.2670883187524313e+39,9.66656203168935e+38,6.1552294363692926e+38,0.8060817562882565,0.5263110673895375,0.40152043907206414,0.7312163512576513
0.6990000000000001,0.03956846752624975,29.67172872982324,0.19446332893755902,0.01483586436491162,0.01494857681641005,2.0,7.9146034985699645,2.52,2.51344617461597,1.7085742781094677,29.56336722100118,0.01478168361050059,2.0,2.5134221522371303,1.7122329749668113,0.15486088392307185,0.6457326430898218,0.1994064729871063,4.64515237751244e+38,1.9369168290270848e+39,2.4014320667783288e+39,8.396615618106045e+38,1.2643434497215245e+39,9.64515620612437e+38,6.14055819534638e+38,0.8065674044344631,0.5264956136850959,0.4016418511086158,0.7313134808868926
0.7000000000000001,0.03925653483483046,29.597243559639217,0.19293030344099144,0.014798621779819608,0.014911052906372877,2.0,7.9146034985699645,2.52,2.5134814773189187,1.7110877419513437,29.489154778038756,0.014744577389019378,2.0,2.513457584495278,1.7147464148511449,0.15447213544808786,0.6461167125744347,0.19941115197747755,4.621860627229648e+38,1.933203930780385e+39,2.3953899935033497e+39,8.37548948777395e+38,1.2616032922672832e+39,9.623789813957662e+38,6.125919868716735e+38,0.8070518521090589,0.5266797038014424,0.4017629630272648,0.7314103704218118
0.7010000000000001,0.03894706122282616,29.522944330727363,0.19140936334472003,0.01476147216536368,0.014873622656298864,2.0,7.9146034985699645,2.52,2.513516589632779,1.7136012410006425,29.415127589941147,0.014707563794970574,2.0,2.513492825663956,1.7172598900721054,0.15408435742649493,0.6464998484918474,0.19941579408165766,4.5986853400179024e+38,1.9294946127166283e+39,2.3893631467184186e+39,8.354416596917549e+38,1.2588678451103708e+39,9.602462825228408e+38,6.1113143922126725e+38,0.8075351021323905,0.5268633388103084,0.4018837755330976,0.7315070204264781
0.7020000000000001,0.038640027304415035,29.448830587128107,0.18990041337511707,0.014724415293564054,0.014836285836408893,2.0,7.9146034985699645,2.52,2.513551512586781,1.7161147750674894,29.341285202476342,0.014670642601238171,2.0,2.513527876776199,1.7197734004391205,0.15369754747857664,0.6468820529309895,0.19942039959043378,4.575625936869174e+38,1.9257888938655854e+39,2.3833514875525028e+39,8.333396809624135e+38,1.2561371069304731e+39,9.581175209768968e+38,6.0967417016714815e+38,0.8080171573195882,0.5270465197814436,0.402004289329897,0.7316034314639177
0.7030000000000001,0.03833541384660078,29.374901873934665,0.18840335900963165,0.014687450936967333,0.014799042217905572,2.0,7.9146034985699645,2.52,2.513586247204563,1.7186283439630374,29.267627162460784,0.014633813581230391,2.0,2.513562738859429,1.7222869457626482,0.15331170323011112,0.6472633279775879,0.19942496879230104,4.552681841757875e+38,1.9220867931369864e+39,2.377354977312774e+39,8.312429990604105e+38,1.253411076400865e+39,9.559926937468013e+38,6.082201733201673e+38,0.8084980204805609,0.527229247782613,0.4021245051201402,0.7316996040961121
0.704,0.038033201768007945,29.301157737291167,0.18691810647086918,0.014650578868645583,0.014761891572520917,2.0,7.9146034985699645,2.52,2.5136207945042055,1.721141947499459,29.19415301775747,0.014597076508878735,2.0,2.5135974129354883,1.7248005258541703,0.15292682231236135,0.6476436757141588,0.19942950197347992,4.529852481487026e+38,1.918388329263036e+39,2.3713735774117386e+39,8.29151600493615e+38,1.2506897521505362e+39,9.538717977981068e+38,6.067694422997547e+38,0.8089776944199917,0.5274115238795969,0.40224442360499796,0.7317955388839983
0.705,0.037733372137686357,29.227597724390673,0.18544456272071577,0.014613798862195337,0.014724833672395781,2.0,7.9146034985699645,2.52,2.5136551554982582,1.7236555854899438,29.120862317274042,0.01456043115863702,2.0,2.5136319000206697,1.7273141405261887,0.1525429023620649,0.6480230982200004,0.19943399941793472,4.507137285638105e+38,1.9146935207838476e+39,2.365407249347658e+39,8.270654717998805e+38,1.2479731327543468e+39,9.517548300654936e+38,6.053219707289981e+38,0.8094561819373344,0.527593349136187,0.40236404548433363,0.7318912363874668
0.706,0.03743590617392556,29.1542213834734,0.18398263545451146,0.0145771106917367,0.014687868290081441,2.0,7.9146034985699645,2.52,2.5136893311937736,1.7261692577486893,29.04775461096093,0.014523877305480465,2.0,2.513666201125746,1.7298277895922183,0.15215994102142458,0.6484015975711843,0.19943846140739113,4.484535686558831e+38,1.9110023860487104e+39,2.3594559547045937e+39,8.249845995470608e+38,1.2452612167335206e+39,9.496417874530962e+38,6.038777522347415e+38,0.8099334858268079,0.527774724614187,0.40248337145670193,0.7319866971653616
0.707,0.037140785243078116,29.08102826382467,0.1825322330952674,0.014540514131912334,0.014650995198541102,2.0,7.9146034985699645,2.52,2.5137233225923334,1.7286829640908992,28.974829449809427,0.014487414724904713,2.0,2.5137003172560015,1.732341472866782,0.15177793593809769,0.6487791758405483,0.19944288822135386,4.4620471193509355e+38,1.9073149432173494e+39,2.353519655152443e+39,8.229089703330221e+38,1.2425540025561302e+39,9.47532666834826e+38,6.024367804476792e+38,0.8104096088773936,0.5279556513734095,0.4026024022193484,0.7320819217754787
0.708,0.036847990858392556,29.008017915773134,0.1810932647879301,0.014504008957886567,0.014614214171151411,2.0,7.9146034985699645,2.52,2.513757130690082,1.731196704332774,28.90208638584981,0.014451043192924905,2.0,2.513734249411261,1.7348551901654052,0.1513968847651868,0.6491558350976891,0.19944728013712415,4.4396710218580175e+38,1.9036312102611818e+39,2.3475983124469837e+39,8.208385707856586e+38,1.2398514886375854e+39,9.454274650546922e+38,6.009990490024535e+38,0.8108845538728303,0.5281361304716755,0.4027211384682076,0.732176910774566
0.709,0.036557504678855116,28.935189890688786,0.17966564039368918,0.014467594945344393,0.014577524981759456,2.0,7.9146034985699645,2.52,2.513790756477755,1.7337104782915091,28.82952497214943,0.014414762486074715,2.0,2.5137679985859203,1.737368941304611,0.15101678516122954,0.6495315774089533,0.1994516374298172,4.417406834670238e+38,1.8999512049717972e+39,2.341691888438821e+39,8.187733875660214e+38,1.2371536733458235e+39,9.433261789307134e+38,5.995645515400306e+38,0.8113583235916118,0.5283161629648124,0.4028395808979029,0.7322716647183224
0.71,0.03626930850804099,28.862543740981053,0.17824927048433162,0.014431271870490526,0.014540927405125258,2.0,7.9146034985699645,2.52,2.5138242009407077,1.736224285785288,28.757144762810817,0.014378572381405408,2.0,2.5138015657689756,1.7398827261019134,0.1506376347901883,0.6499064048374323,0.1994559603723794,4.39525400124532e+38,1.8962749450197434e+39,2.3358003451442755e+39,8.167134073931033e+38,1.2344605550392431e+39,9.41228805283791e+38,5.981332817259391e+38,0.8118309208069819,0.5284957499066532,0.4029577302017455,0.7323661841613965
0.711,0.0359833842929744,28.790079020096936,0.1768440663366395,0.014395039510048469,0.01450442121667607,2.0,7.9146034985699645,2.52,2.5138574650589463,1.7387381266332758,28.684945312969795,0.014342472656484898,2.0,2.513834951944054,1.742396544375813,0.15025943132144085,0.6502803194429538,0.1994602492356054,4.373211967820124e+38,1.892602447923699e+39,2.3299236447057115e+39,8.146586170299691e+38,1.2317721320462621e+39,9.39135340922067e+38,5.9670523324020815e+38,0.8123023482869329,0.5286748923490345,0.40307558707173324,0.7324604696573865
0.712,0.03569971412299788,28.717795282519063,0.17544993992683294,0.014358897641259532,0.014468006192248842,2.0,7.9146034985699645,2.52,2.513890549807156,1.7412520006556158,28.61292617879357,0.014306463089396784,2.0,2.513868158089442,1.7449103959457914,0.14988217242976992,0.650653323282075,0.19946450428815504,4.351280183319812e+38,1.8889337310179915e+39,2.3240617493499727e+39,8.126090032692213e+38,1.2290884026438308e+39,9.370457826244924e+38,5.9528039976681216e+38,0.8127726087942009,0.5288535913417963,0.40319315219855023,0.7325545217588402
0.713,0.03541828022865011,28.645692083763777,0.17406680392505522,0.014322846041881889,0.014431682108089799,2.0,7.9146034985699645,2.52,2.5139234561547315,1.7437659076734233,28.541086917478818,0.01427054345873941,2.0,2.513901185178114,1.7474242806323061,0.1495058557953535,0.6510254184080763,0.19946872579657027,4.32945809934539e+38,1.885268811453582e+39,2.3182146213881212e+39,8.105645529329095e+38,1.2264093650577479e+39,9.349601271410198e+38,5.938587749936873e+38,0.8132417050862634,0.52903184793278,0.4033104262715658,0.7326483410172527
0.714,0.03513906498055298,28.57376898037924,0.17269457168990296,0.01428688449018962,0.014395448740855871,2.0,7.9146034985699645,2.52,2.5139561850658034,1.74627984750878,28.469427087249823,0.014234713543624912,2.0,2.5139340341777636,1.7499381982567845,0.14913047910375463,0.6513966068709536,0.19947291402529171,4.307745170161853e+38,1.8816077061992906e+39,2.3123822232154758e+39,8.085252528725441e+38,1.2237350174631351e+39,9.328783711929178e+38,5.92440352612825e+38,0.8137096399153367,0.5292096631678279,0.4034274099788342,0.7327419279830674
0.715,0.03486205088830719,28.50202552994353,0.17133315726299864,0.014251012764971765,0.014359305867616112,2.0,7.9146034985699645,2.52,2.51398873749927,1.7487938199847288,28.397946247356533,0.014198973123678266,2.0,2.513966706050831,1.7524521486416198,0.14875604004591172,0.6517668907174129,0.1994770692366754,4.286140852686374e+38,1.8779504320430146e+39,2.306564517311652e+39,8.064910899691091e+38,1.221065357984909e+39,9.30800511473084e+38,5.910251263203652e+38,0.8141764160283728,0.5293870380907817,0.4035441040070932,0.7328352832056745
0.716,0.034587220599396645,28.430461291062677,0.1699824753636059,0.014215230645531339,0.014323253265858718,2.0,7.9146034985699645,2.52,2.5140211144088247,1.7513078249252705,28.326643958072687,0.014163321979036343,2.0,2.513999201754532,1.7549661316101635,0.1483825363181282,0.6521362719908628,0.19948119169100909,4.264644606478197e+38,1.8742970055936797e+39,2.3007614662414993e+39,8.044620511333914e+38,1.2184003846987281e+39,9.287265446467198e+38,5.896130898169198e+38,0.8146420361670574,0.5295639737434819,0.40366050904176437,0.7329284072334116
0.717,0.03431455689810155,28.359075823368823,0.16864244138328796,0.014179537911684411,0.014287290713788073,2.0,7.9146034985699645,2.52,2.5140533167429835,1.7538218621553552,28.2555197806939,0.014127759890346949,2.0,2.5140315222408858,1.7574801469867232,0.14800996562206287,0.6525047527314087,0.1994852816465285,4.243255893814698e+38,1.870647443321164e+39,2.2949730327026338e+39,8.024381233225993e+38,1.2157400956566216e+39,9.266564673708178e+38,5.882042368198371e+38,0.8151065030678071,0.5297404711657666,0.4037766257669518,0.7330213006135614
0.718,0.034044042704419825,28.287868687518266,0.16731297138060694,0.014143934343759133,0.014251417990455886,2.0,7.9146034985699645,2.52,2.5140853454451153,1.756335931500879,28.18457327753576,0.01409228663876788,2.0,2.5140636684567452,1.759994194596555,0.14763832566471977,0.6528723349758465,0.19948933935943375,4.2219741797170156e+38,1.8670017615746132e+39,2.2891991795463147e+39,8.004192935476625e+38,1.2130844888985422e+39,9.245902763029163e+38,5.86798561068644e+38,0.8155698194617671,0.5299165313954715,0.4038924548654418,0.7331139638923534
0.719,0.033775661072997336,28.216839445189525,0.16599398207586605,0.014108419722594762,0.014215634875353784,2.0,7.9146034985699645,2.52,2.5141172014534687,1.7588500327886807,28.113804011931922,0.014056902005965962,2.0,2.514095641343825,1.7625082742658604,0.14726761415843806,0.6532390207576568,0.19949336508390508,4.2007989318159946e+38,1.8633599765302234e+39,2.283439869711823e+39,7.984055488502879e+38,1.2104335624180859e+39,9.225279680749204e+38,5.853960563083161e+38,0.8160319880748097,0.5300921554684277,0.4040079970187024,0.7332063976149619
0.72,0.03350939519206633,28.145987659081477,0.16468539084589273,0.014072993829540739,0.014179941148381215,2.0,7.9146034985699645,2.52,2.5141488857012004,1.7613641658465327,28.043211548232218,0.01402160577411611,2.0,2.5141274418387263,1.7650223858217788,0.1468978288208823,0.6536048121069986,0.19949735907211902,4.179729620330666e+38,1.8597221041880566e+39,2.2776950662211234e+39,7.96396876301092e+38,1.2077873141601087e+39,9.204695392912388e+38,5.839967162879901e+38,0.8164930116275323,0.5302673444184622,0.40412325290688306,0.7332986023255066
0.721,0.03324522838239246,28.07531289291142,0.16338711571886344,0.01403765644645571,0.014144336589846783,2.0,7.9146034985699645,2.52,2.5141803991164027,1.763878330503139,27.972795451800742,0.01398639772590037,2.0,2.5141590708729704,1.7675365290923843,0.14652896737503232,0.6539697110507036,0.19950132157426415,4.158765718056725e+38,1.85608816037323e+39,2.2719647321789025e+39,7.943932629996163e+38,1.2051457420211859e+39,9.184149865290881e+38,5.826005347610562e+38,0.8169528928352552,0.5304420992773969,0.4042382232088138,0.7333905785670511
0.722,0.03298314409622978,28.004814711413132,0.16209907536916812,0.014002407355706566,0.014108820980469573,2.0,7.9146034985699645,2.52,2.5142117426221318,1.766392526588129,27.902555289013936,0.013951277644506968,2.0,2.5141905293730216,1.77005070390668,0.14616102754917307,0.6543337196122704,0.19950525283855658,4.137906700355053e+38,1.8524581607371e+39,2.2662488307726054e+39,7.923946960743376e+38,1.2025088438500712e+39,9.16364306338796e+38,5.8120750548524655e+38,0.8174116344080202,0.5306164210750477,0.404352908602005,0.7334823268816041
0.723,0.032723125916284304,27.934492680334998,0.1608211891123163,0.0139672463401675,0.014073394101380438,2.0,7.9146034985699645,2.52,2.514242917136436,1.7689067539320529,27.832490627258704,0.013916245313629352,2.0,2.5142218182603173,1.7725649100945926,0.14579400707688492,0.6546968398118593,0.19950915311125578,4.117152045140286e+38,1.848832120758438e+39,2.2605473252724666e+39,7.904011626826807e+38,1.199876617448149e+39,9.143174952441029e+38,5.79817622222725e+38,0.8178692390505896,0.530790310839224,0.40446730976264744,0.7335738478101178
0.724,0.03246515755468556,27.864346366438077,0.15955337689988278,0.013932173183219038,0.014038055734207973,2.0,7.9146034985699645,2.52,2.5142739235723806,1.7714210123663758,27.762601034930494,0.013881300517465247,2.0,2.5142529384512953,1.7750791474869685,0.14542790369703348,0.6550590736662867,0.19951302263667975,4.096501232894131e+38,1.8452100557557368e+39,2.25486017904515e+39,7.884126500157867e+38,1.197249060577113e+39,9.122745497479641e+38,5.7843087874366536e+38,0.8183257094624444,0.5309637695957289,0.4045814273656111,0.733665141892489
0.725,0.03220922285196639,27.79437533749416,0.15829555931449366,0.01389718766874708,0.014002805661479777,2.0,7.9146034985699645,2.52,2.5143047628380786,1.773935301723474,27.6928860814314,0.0138464430407157,2.0,2.51428389085742,1.777593415915567,0.14506271515375962,0.6554204231890199,0.19951686165722055,4.075953746770125e+38,1.841591980941017e+39,2.2491873556180293e+39,7.864291453209894e+38,1.1946261709935528e+39,9.102354663588601e+38,5.770472688428252e+38,0.8187810483377834,0.5311367983683577,0.4046952620844459,0.7337562096675566
0.726,0.03195530577605052,27.724579162283895,0.15704765756485087,0.013862289581141947,0.01396764366629986,2.0,7.9146034985699645,2.52,2.5143354358367143,1.77644962183663,27.62334533716825,0.013811672668584124,2.0,2.514314676385212,1.7801077152130573,0.14469843919646944,0.6557808903901714,0.19952067041335925,4.0555090724865176e+38,1.8379779113785474e+39,2.243528818627199e+39,7.84450635883636e+38,1.1920079464218319e+39,9.082002415700767e+38,5.756667863262982e+38,0.8192352583655218,0.5313093981788983,0.40480881459138046,0.7338470516731044
0.727,0.03170339042124845,27.65495741059486,0.15580959348079712,0.01382747870529743,0.0139325695321783,2.0,7.9146034985699645,2.52,2.5143659434665735,1.7789639725400248,27.553978373550702,0.01377698918677535,2.0,2.514345295936272,1.7826220452130122,0.1443350735798244,0.6561404772764944,0.19952444914368128,4.0351666982647284e+38,1.8343678619634763e+39,2.237884531789949e+39,7.824771090174648e+38,1.1893943845399099e+39,9.061688718488589e+38,5.742894250045337e+38,0.819688342229291,0.5314815700471306,0.40492208555732273,0.7339376684458582
0.728,0.031453461007260985,27.585509653219624,0.1545812895084188,0.013792754826609813,0.01389758304303248,2.0,7.9146034985699645,2.52,2.5143962866210674,1.7814783536687377,27.48478476298934,0.01374239238149467,2.0,2.51437575040731,1.7851364057499033,0.14397261606373116,0.6564991858513778,0.19952819808489108,4.014926114818164e+38,1.8307618474229807e+39,2.2322544589047972e+39,7.805085520646145e+38,1.186785482979788e+39,9.041413536367047e+38,5.729151786924233e+38,0.8201403026074369,0.531653314990826,0.40503507565185926,0.7340280605214873
0.729,0.031205501878190916,27.51623546195386,0.15336266870518867,0.013758117730976929,0.013862683983188323,2.0,7.9146034985699645,2.52,2.514426466188762,1.7839927650587384,27.415764078893762,0.013707882039446881,2.0,2.5144060406901714,1.7876507966590975,0.14361106441333168,0.6568570181148412,0.19953191747182714,3.994786815341072e+38,1.827159882317416e+39,2.2266385638515235e+39,7.785449523956376e+38,1.1841812393279531e+39,9.021176833496588e+38,5.715440412093887e+38,0.8205911421730208,0.5318246340257478,0.4051477855432552,0.7341182284346043
0.73,0.030959497501562072,27.44713440959441,0.15215365473514503,0.013723567204797204,0.013827872137381502,2.0,7.9146034985699645,2.52,2.5144564830534017,1.786507206546881,27.346915895670694,0.013673457947835347,2.0,2.5144361676718643,1.79016521777685,0.14325041639899327,0.6572139760635302,0.19953560753747657,3.9747482954974475e+38,1.8235619810414563e+39,2.221036810591201e+39,7.76586297409511e+38,1.1815816511258176e+39,9.000978573786043e+38,5.701760063794671e+38,0.8210408635938169,0.5319955281656504,0.40526021589845423,0.7342081727187633
0.731,0.03071543246734653,27.378206069937363,0.15095417186411073,0.013689103034968682,0.013793147290762054,2.0,7.9146034985699645,2.52,2.514486338093939,1.7890216779709036,27.27823978872204,0.01363911989436102,2.0,2.5144661322345834,1.7926796689403015,0.14289066979629836,0.6575700616907119,0.1995392685129898,3.954810053410937e+38,1.8199681578256875e+39,2.215449163166781e+39,7.746325745338397e+38,1.178986715870453e+39,8.980818720897781e+38,5.688110680315394e+38,0.8214894695323138,0.5321659984222792,0.40537236738307847,0.7342978939064626
0.732,0.030473291486999225,27.309450017776157,0.1497641449549487,0.013654725008888079,0.01375850922914576,2.0,7.9146034985699645,2.52,2.5145160321845563,1.791536179169419,27.209735334443028,0.013604867667221514,2.0,2.51449593525574,1.795194149987472,0.14253182238603462,0.6579252769862705,0.19954290062769503,3.934971589725362e+38,1.81637842677077e+39,2.2098755857433064e+39,7.726837712389184e+38,1.1763964310364199e+39,8.960697238413538e+38,5.674492200097338e+38,0.8219369626457134,0.5323360458053711,0.40548424066142835,0.7343873925291426
0.733,0.030233059392500268,27.240865828899683,0.14858349946285532,0.01362043291444984,0.013723957739168987,2.0,7.9146034985699645,2.52,2.514545566194698,1.7940507099819125,27.141402110220273,0.013570701055110136,2.0,2.514525577607986,1.7977086607572565,0.14217387195418524,0.6582796239367024,0.1995465041091125,3.915232407636672e+38,1.812792801868957e+39,2.2043160426326243e+39,7.707398750463722e+38,1.173810794089381e+39,8.940614089937642e+38,5.660904561798557e+38,0.822383345585931,0.5325056713226537,0.4055958363964828,0.7344766691171862
0.734,0.029994721135404887,27.172453080090282,0.1474121614306913,0.01358622654004514,0.013689492607909083,2.0,7.9146034985699645,2.52,2.5145749409890894,1.7965652702487367,27.07323969442987,0.013536619847214935,2.0,2.5145550601592386,1.800223201089421,0.14181681629191834,0.6586331045251127,0.19955007918296896,3.8955920127721746e+38,1.8092112969550456e+39,2.198770498232263e+39,7.688008735077843e+38,1.1712298024540152e+39,8.92056923885214e+38,5.647347704137759e+38,0.8228286209995951,0.5326748759798461,0.40570715524989875,0.7345657241999191
0.735,0.02975826178590062,27.104211349121947,0.14625005748434805,0.013552105674560973,0.013655113622848585,2.0,7.9146034985699645,2.52,2.514604157427769,1.7990798598111057,27.00524766643551,0.013502623833217754,2.0,2.5145843837727093,1.8027377708245957,0.14146065319557757,0.6589857207312109,0.19955362607321153,3.876049913169074e+38,1.805633925702615e+39,2.1932389170195226e+39,7.668667542026303e+38,1.1686534535112888e+39,8.900562648295583e+38,5.633821565879899e+38,0.823272791528048,0.5328436607806583,0.405818197882012,0.7346545583056097
0.736,0.02952366653187221,27.03614021475832,0.14509711482815213,0.01351807010737916,0.013620820571876338,2.0,7.9146034985699645,2.52,2.514633216366109,1.801594478511092,26.937425606586547,0.013468712803293273,2.0,2.5146135493069286,1.8052523698042733,0.14110538046667173,0.6593374745313063,0.19955714500202193,3.8566056192636406e+38,1.8020607016251438e+39,2.187721263551508e+39,7.649375047382894e+38,1.1660817445988864e+39,8.880594281165874e+38,5.620326085837022e+38,0.823715859807346,0.5330120267267915,0.40592896495183645,0.7347431719614692
0.737,0.02929092067797368,26.968239256750792,0.14395326124030475,0.013484119628375396,0.01358661324328864,2.0,7.9146034985699645,2.52,2.5146621186548446,1.8041091261916213,26.869773096216118,0.013434886548108059,2.0,2.5146425576157703,1.8077669978708013,0.14075099591186485,0.6596883678983047,0.19956063618983044,3.837258643880441e+38,1.7984916380771142e+39,2.1822175024651585e+39,7.630131127500555e+38,1.1635146730116382e+39,8.860664100123103e+38,5.606861202869102e+38,0.8241578284682597,0.5331799748179387,0.40603945711706496,0.7348315656936519
0.738,0.029060009644707917,26.90050805583664,0.14281842506835843,0.013450254027918319,0.013552491425790335,2.0,7.9146034985699645,2.52,2.5146908651400963,1.8066238026964674,26.802289717639216,0.013401144858819608,2.0,2.5146714095484772,1.8102816548673795,0.14039749734296636,0.6600384028017042,0.1995640998553294,3.818008502221598e+38,1.7949267482551173e+39,2.1767275984772772e+39,7.610935659011459e+38,1.1609522360019454e+39,8.840772067592348e+38,5.593426855884865e+38,0.8245987001362746,0.5333475060517843,0.4061496750340686,0.7349197400272548
0.739,0.02883091896751324,26.832946193737044,0.14169253522472772,0.013416473096868522,0.013518454908526234,2.0,7.9146034985699645,2.52,2.5147194566633986,1.8091385078702475,26.73497505415081,0.013367487527075405,2.0,2.514700105949688,1.8127963406380545,0.14004488257692088,0.6603875812075917,0.19956753621548734,3.798854711864602e+38,1.7913660452029674e+39,2.1712515163894277e+39,7.591788518844152e+38,1.1583944307828017e+39,8.820918145786274e+38,5.58002298385513e+38,0.8250384774315914,0.5335146214240047,0.4062596193578979,0.7350076954863183
0.74,0.028603634295857425,26.765553253155204,0.1405755211822367,0.013382776626577601,0.013484503481432387,2.0,7.9146034985699645,2.52,2.5147478940617205,1.8116532415584192,26.667828690023907,0.013333914345011954,2.0,2.5147286476594615,1.815311055027715,0.13969314943579828,0.6607359050786397,0.19957094548556215,3.7797967928497016e+38,1.7878095418592386e+39,2.1657892211442087e+39,7.57268958442031e+38,1.1558412545582366e+39,8.801102296936515e+38,5.566649525958205e+38,0.8254771629691279,0.5336813219282687,0.406369290742282,0.7350954325938256
0.741,0.028378141392338692,26.69832881777443,0.13946731296970086,0.013349164408887216,0.013450636935105079,2.0,7.9146034985699645,2.52,2.5147761781674944,1.8141680036072736,26.600850210507677,0.013300425105253838,2.0,2.5147570355133007,1.8178257978820882,0.13934229574678375,0.6610833763741013,0.19957432787911494,3.760834267631017e+38,1.7842572510409635e+39,2.1603406778040653e+39,7.553638733580648e+38,1.1532927045124605e+39,8.78132448321054e+38,5.553306421526259e+38,0.8259147593585185,0.533847608556237,0.40647868983962965,0.7351829518717038
0.742,0.028154426131794003,26.631272472256235,0.13836784116754441,0.013315636236128118,0.013416855060547706,2.0,7.9146034985699645,2.52,2.51480430980864,1.8166827938639325,26.53403920182554,0.013267019600912769,2.0,2.514785270342179,1.8203405690477337,0.13899231934216796,0.661429997049809,0.19957768360802308,3.7419666609942e+38,1.780709185411074e+39,2.154905851510494e+39,7.534635844442287e+38,1.1507487777885166e+39,8.761584666548672e+38,5.539993609941246e+38,0.8263512692041164,0.5340134822975642,0.40658781730102905,0.7352702538408232
0.743,0.02793247450041405,26.56438380223838,0.1372770369034512,0.013282191901119188,0.0133831576491675,2.0,7.9146034985699645,2.52,2.514832289808586,1.8191976121763438,26.46739525117326,0.01323369762558663,2.0,2.5148133529725647,1.8228553683720399,0.13864321805933666,0.6617757690581696,0.1995810128824938,3.7231935000447025e+38,1.7771653574788998e+39,2.14948470748337e+39,7.5156807953964e+38,1.1482094714883232e+39,8.741882808663988e+38,5.52671103063392e+38,0.8267866951049938,0.5341789441398976,0.4066966737762484,0.7353573390209988
0.744,0.027712272594865535,26.497662394333002,0.1361948318480507,0.013248831197166501,0.01334954449277659,2.0,7.9146034985699645,2.52,2.5148601189863005,1.821712458393276,26.40091794671705,0.013200458973358526,2.0,2.5148412842264456,1.82537019570322,0.13829498974076102,0.6621206943481619,0.19958431591107706,3.70451431419733e+38,1.77362577960125e+39,2.144077211020983e+39,7.496773465108333e+38,1.1456747826730911e+39,8.722218871045091e+38,5.513458623084652e+38,0.8272210396549439,0.5343439950688785,0.40680525991373595,0.7354442079309887
0.745,0.027493806621420203,26.431107836124717,0.13512115821063778,0.013215553918062358,0.013316015383593007,2.0,7.9146034985699645,2.52,2.514887798156309,1.824227332364314,26.334606877591654,0.013167303438795826,2.0,2.5148690649213523,1.8278850508903066,0.13794763223398776,0.6624647748653335,0.19958759290067873,3.685928635165821e+38,1.770090463983475e+39,2.138683327500057e+39,7.477913732517682e+38,1.143144708363733e+39,8.702592814958803e+38,5.500236326824222e+38,0.8276543054424814,0.5345086360681429,0.4069135763606204,0.7355308610884963
0.746,0.027277062895090864,26.364719716168636,0.13405594873492652,0.013182359858084318,0.013282570114241702,2.0,7.9146034985699645,2.52,2.514915328128722,1.8267422339398558,26.268461633898454,0.013134230816949227,2.0,2.5148966958703842,1.8303999337831476,0.13760114339162866,0.6628080125517977,0.19959084405657368,3.66743599695244e+38,1.7665594226805327e+39,2.1333030223757767e+39,7.45910147683838e+38,1.1406192455412733e+39,8.683004601452886e+38,5.4870440814346136e+38,0.8280864950508456,0.5346728681193214,0.40702162376271145,0.7356172990101691
0.747,0.02706202783877401,26.298497623988524,0.1329991366948365,0.013149248811994262,0.01324920847782793,2.0,7.9146034985699645,2.52,2.5149427097092603,1.8292571629711076,26.202481806703585,0.013101240903351793,2.0,2.5149241778822335,1.8329148442324015,0.1372555210713511,0.6631504093462305,0.19959406958241843,3.649035935857585e+38,1.7630326676076798e+39,2.1279362611934383e+39,7.440336577599434e+38,1.1380983911534747e+39,8.663454191406077e+38,5.473881826579706e+38,0.828517611058,0.53483669220204,0.40712940276450005,0.7357035222116002
0.748,0.02684868798239943,26.23244115007488,0.13195065589031357,0.013116220575037441,0.013215930268282697,2.0,7.9146034985699645,2.52,2.514969943699276,1.8317721193100776,26.136666988035998,0.013068333494017998,2.0,2.5149515117612085,1.8354297820895342,0.13691076313586803,0.6634919671838679,0.19959726968026403,3.630727990563854e+38,1.7595102105874112e+39,2.1225830096437966e+39,7.42161891483845e+38,1.1355821421448515e+39,8.643941545756122e+38,5.4607495021484135e+38,0.8289476560366349,0.5350001092939213,0.40723691400915873,0.735789531207327
0.749,0.026637029962086375,26.166549885882976,0.13091044064318266,0.013083274942941488,0.013182735280085437,2.0,7.9146034985699645,2.52,2.514997030895777,1.8342871028095749,26.071016770885596,0.013035508385442797,2.0,2.514978698307257,1.8379447472068131,0.13656686745292754,0.6638326879965037,0.19960044455056875,3.612511702048062e+38,1.755992063313584e+39,2.1172432335183902e+39,7.40294836894542e+38,1.1330704954332076e+39,8.624466625320739e+38,5.447647048140557e+38,0.8293766325541696,0.5351631203705844,0.40734415813854236,0.7358753265108339
0.75,0.02642704051930653,26.100823423831006,0.12987842579303407,0.013050411711915504,0.013149623308116698,2.0,7.9146034985699645,2.52,2.5150239720914533,1.8368021133232022,26.005530749201316,0.013002765374600659,2.0,2.515005738315992,1.840459739437303,0.1362238318953035,0.6641725737124861,0.19960359439221043,3.59438661353002e+38,1.7524782373327484e+39,2.1119168986857504e+39,7.384324820579547e+38,1.1305634478973094e+39,8.605029390703371e+38,5.43457440460639e+38,0.829804543172754,0.5353257264056465,0.4074511357931885,0.7359609086345508
0.751,0.026218706500053323,26.035261357298154,0.12885454669314111,0.013017630678649077,0.01311659414765912,2.0,7.9146034985699645,2.52,2.515050768074697,1.8393171507053536,25.940208517889236,0.012970104258944617,2.0,2.5150326325787136,1.8429747586348628,0.13588165434078522,0.6645116262567154,0.19960671940249924,3.576352270462386e+38,1.748968744045189e+39,2.1066039710914277e+39,7.365748150669327e+38,1.128060996377286e+39,8.585629802295829e+38,5.421531511647383e+38,0.8302313904492696,0.5354879283707225,0.40755784761231745,0.7360462780898539
0.752,0.026012014854018047,25.969863280622686,0.12783873920641098,0.012984931640311344,0.01308364759439837,2.0,7.9146034985699645,2.52,2.515077419629629,1.841832214811209,25.87504967281067,0.012937524836405334,2.0,2.515059381882434,1.8454898046541406,0.13554033267216764,0.6648498475506426,0.19960981977718978,3.5584082205205384e+38,1.7454635947059595e+39,2.1013044167580133e+39,7.347218240412635e+38,1.1255631376750276e+39,8.566267820280925e+38,5.408518309416991e+38,0.8306571769353338,0.5356497272354269,0.40766429423383344,0.7361314353870667
0.753,0.02580695263377236,25.90462878910005,0.126830939701367,0.012952314394550026,0.013050783444424084,2.0,7.9146034985699645,2.52,2.5151039275361193,1.84434730549673,25.81005381078027,0.012905026905390136,2.0,2.5150859870098996,1.848004877350569,0.13519986477724133,0.6651872395122652,0.19961289571049345,3.540554013592517e+38,1.7419628004259106e+39,2.0960182017851622e+39,7.328734971276792e+38,1.1230698685545818e+39,8.5469434046351e+38,5.395534738121415e+38,0.8310819051772999,0.535811123967374,0.40777047629432495,0.7362163810354599
0.754,0.025603506993957196,25.83955747898095,0.12583108504816257,0.012919778739490476,0.013018001494230776,2.0,7.9146034985699645,2.52,2.515130292569812,1.846862422618657,25.745220529564154,0.012872610264782078,2.0,2.515112448739615,1.8505199765803615,0.13486024854878248,0.6655238040561269,0.19961594739509064,3.522789201768965e+38,1.7384663721727172e+39,2.0907452923496138e+39,7.31029822499865e+38,1.1205811857425475e+39,8.52765651513102e+38,5.382580738020361e+38,0.8315055777162603,0.5359721195321788,0.4078763944290651,0.7363011155432521
0.755,0.02540166519047822,25.774648947469473,0.12483911261462713,0.012887324473734736,0.012985301540820511,2.0,7.9146034985699645,2.52,2.5151565155021487,1.8493775660345029,25.68054942787798,0.01284027471393899,2.0,2.515138767845866,1.8530351022005076,0.1345214818845432,0.6658595430933141,0.19961897502214282,3.505113339360609e+38,1.7349743207854948e+39,2.0854856547215558e+39,7.291907883641804e+38,1.1180970859372303e+39,8.50840711140685e+38,5.36965624946988e+38,0.8319281970880497,0.5361327148934588,0.4079820492720125,0.7363856394176099
0.756,0.02520141457970739,25.709902792721167,0.12385496026234205,0.012854951396360583,0.012952683382004658,2.0,7.9146034985699645,2.52,2.5151825971003903,1.85189273560255,25.616040105385075,0.012808020052692538,2.0,2.5151649450987428,1.8555502540687685,0.13418356268724124,0.6661944585314544,0.1996219787813044,3.487525982968945e+38,1.731486657016069e+39,2.0802392553129635e+39,7.273563829765606e+38,1.1156175658349582e+39,8.489195153166099e+38,5.3567612130475635e+38,0.832349765823246,0.5362929110128335,0.4080874414558115,0.7364699531646494
0.757,0.025002742617691014,25.645318613841123,0.1228785663427486,0.012822659306920562,0.012920146816091601,2.0,7.9146034985699645,2.52,2.5152085381276397,1.8544079311818467,25.551692162694504,0.012775846081347252,2.0,2.5151909812641624,1.8580654320436756,0.13384648886455033,0.6665285522747151,0.19962495886073467,3.470026691390839e+38,1.728003391488237e+39,2.075006060627321e+39,7.255265946249374e+38,1.1131426221035406e+39,8.470020599975235e+38,5.3438955694238474e+38,0.8327702864471744,0.5364527088499262,0.4081925716117936,0.7365540572894349
0.758,0.02480563685936396,25.580896010882096,0.12190986969328618,0.012790448005441048,0.012887691641788745,2.0,7.9146034985699645,2.52,2.515234339342866,1.8569231526322014,25.48750520135922,0.012743752600679609,2.0,2.5152168771038923,1.8605806359845218,0.13351025832909005,0.6668618262238004,0.19962791544710956,3.45261502558186e+38,1.7245245346855772e+39,2.069786037243763e+39,7.237014116236934e+38,1.1106722513741472e+39,8.450883411201469e+38,5.33105925932189e+38,0.8331897614799091,0.5366121093623654,0.4082974403699773,0.736637952295982
0.759,0.02461008495777016,25.516634584842603,0.12094880963356128,0.0127583172924213,0.01285531765820344,2.0,7.9146034985699645,2.52,2.5152600015009265,1.85943839981418,25.423478823874152,0.012711739411937076,2.0,2.5152426333755717,1.8630958657513608,0.13317486899841616,0.6671942822759505,0.19963084872563347,3.4352905486464816e+38,1.7210500969524545e+39,2.0645791518171026e+39,7.218808223136723e+38,1.1082064502416953e+39,8.431783546015343e+38,5.3182522235183195e+38,0.8336081934362763,0.536771113505785,0.4084020483590691,0.7367216386872553
0.76,0.024416074663289038,25.452533937665,0.11999532596154576,0.012726266968832499,0.012823024664843826,2.0,7.9146034985699645,2.52,2.5152855253525868,1.8619536725891013,25.359612633674324,0.012679806316837162,2.0,2.5152682508327353,1.8656111212050015,0.13284031879501035,0.667525922324939,0.1996337588800507,3.4180528258283025e+38,1.717580088495017e+39,2.0593853710778474e+39,7.200648150621845e+38,1.1057452152652328e+39,8.412720963393237e+38,5.305474402843974e+38,0.8340255848258574,0.5369297222338257,0.40850639620646434,0.7368051169651714
0.761,0.024223593822868282,25.388593672233597,0.11904935894980623,0.012694296836116798,0.012790812461619682,2.0,7.9146034985699645,2.52,2.515310911644547,1.8644689708190323,25.29590623513294,0.01264795311756647,2.0,2.5152937302248355,1.8681264022070045,0.13250660564627054,0.6678567482610724,0.19963664609265702,3.400901424500306e+38,1.7141145193821896e+39,2.0542046618322202e+39,7.182533782630141e+38,1.1032885429683204e+39,8.393695622119914e+38,5.292725738184627e+38,0.8344419381529922,0.5370879364981369,0.40861048453824805,0.7368883876305984
0.762,0.024032630379262516,25.324813392372786,0.11811084934176237,0.012662406696186393,0.012758680848843233,2.0,7.9146034985699645,2.52,2.5153361611194605,1.8669842943667845,25.23235923355952,0.012616179616779761,2.0,2.5153190722972636,1.870641708619678,0.13217372748450104,0.6681867619711879,0.19963951054431106,3.3838359141551593e+38,1.7106533995466565e+39,2.0490369909621725e+39,7.16446500336424e+38,1.1008364298394074e+39,8.374707480790986e+38,5.2800061704817124e+38,0.8348572559167806,0.5372457572483766,0.40871431397919517,0.7369714511833562
0.763,0.023843172370278092,25.261192702845072,0.11717973834797542,0.012630596351422536,0.012726629627328788,2.0,7.9146034985699645,2.52,2.5153612745159584,1.8694996430959114,25.16897123519801,0.012584485617599006,2.0,2.515344277791374,1.8731570403060729,0.1318416822469024,0.6685159653386518,0.19964235241444583,3.366855866421678e+38,1.707196738799101e+39,2.0438823254412686e+39,7.146441697347093e+38,1.0983888723407374e+39,8.35575649788029e+38,5.267315640773928e+38,0.8352715406110877,0.5374031854322133,0.40881788515277195,0.7370543081222176
0.764,0.023655207928023645,25.197731209349254,0.11625596764246496,0.012598865604674627,0.012694658598675605,2.0,7.9146034985699645,2.52,2.5153862525686708,1.872015016870702,25.105741847224877,0.012552870923612439,2.0,2.5153693474445045,1.8756723971299805,0.13151046787556167,0.6688443602433587,0.19964517188107966,3.3499608551293053e+38,1.7037445468670724e+39,2.0387406323800028e+39,7.12846374958043e+38,1.095945866933088e+39,8.336842631927688e+38,5.254654090314742e+38,0.8356847947245453,0.5375602219953272,0.40892119868113636,0.737136958944909
0.765,0.02346872527816676,25.134428518518497,0.11533947935905571,0.012567214259259248,0.012662767564969802,2.0,7.9146034985699645,2.52,2.515411096008247,1.8745304155561777,25.04267067774724,0.01252133533887362,2.0,2.5153942819899977,1.8781877789559263,0.13118008231744263,0.6691719485617298,0.19964796912082755,3.3331504562185846e+38,1.7002968333559525e+39,2.033611878977811e+39,7.110531045376961e+38,1.0935074100503804e+39,8.317965841345503e+38,5.24202146044945e+38,0.8360970207405564,0.5377168678814115,0.4090242551851391,0.7372194041481112
0.766,0.023283712739196365,25.071284237918405,0.1144302160877525,0.012535642118959203,0.012630956328694114,2.0,7.9146034985699645,2.52,2.515435805561381,1.8770458390180897,24.97975733580098,0.01248987866790049,2.0,2.5154190821572255,1.8807031856491678,0.13085052352437546,0.6694987321667125,0.1996507443089121,3.316424247707425e+38,1.6968536077377243e+39,2.028496032508467e+39,7.092643470309324e+38,1.0910734980921978e+39,8.299126084361245e+38,5.229417692578221e+38,0.8365082211372981,0.5378731240321731,0.4091270552843245,0.7373016442274597
0.767,0.023100158721691067,25.0082979760452,0.11352812087114439,0.0125041489880226,0.012599224692728695,2.0,7.9146034985699645,2.52,2.5154603819508274,1.8795612871229128,24.917001431348854,0.012458500715674427,2.0,2.5154437486716072,1.88321861707569,0.13052178945304746,0.6698247129277779,0.19965349761917467,3.2997818096816434e+38,1.693414879351935e+39,2.0233930603200993e+39,7.074800910210137e+38,1.0886441274241571e+39,8.280323319020036e+38,5.216842728156796e+38,0.836918398387725,0.5380289913873355,0.4092295995969312,0.737383679677545
0.768,0.02291805172759307,24.945469342323776,0.11263313720083631,0.012472734671161887,0.0125675724603519,2.0,7.9146034985699645,2.52,2.5154848258954288,1.882076759737843,24.854402575278616,0.012427201287639309,2.0,2.515468282254635,1.8857340731022005,0.13019387806499277,0.6701498927109211,0.19965622922408616,3.2832227242855077e+38,1.6899806574066604e+39,2.0183029298352113e+39,7.057003251172068e+38,1.0862192943782774e+39,8.261557503187073e+38,5.204296508697211e+38,0.8373275549595731,0.5381844708846378,0.4093318887398933,0.7374655109919146
0.769,0.022737380349487968,24.882797947105797,0.11174520901390952,0.012441398973552899,0.01253599943524103,2.0,7.9146034985699645,2.52,2.5155091381101333,1.8845922567307936,24.791960379401136,0.012395980189700569,2.0,2.5154926836238913,1.888249553596128,0.12986678732658247,0.67047427337866,0.1996589392947577,3.2667465757123242e+38,1.6865509509794575e+39,2.0132256085506898e+39,7.039250379547867e+38,1.0837989952533456e+39,8.242828594550024e+38,5.191778975768478e+38,0.8377356933153639,0.5383395634598382,0.40943392332884104,0.7375471386630726
0.77,0.022558133269890195,24.820283401667876,0.11086428068940986,0.012410141700833937,0.012504505421473064,2.0,7.9146034985699645,2.52,2.515533319306017,1.8871077779703906,24.729674456448514,0.012364837228224257,2.0,2.5155169534930737,1.890765058425615,0.12954051520901505,0.6707978567900333,0.19966162800095166,3.250352950195069e+38,1.6831257690183092e+39,2.008161064037816e+39,7.021542181950407e+38,1.081383226315277e+39,8.224136550621406e+38,5.179290070997263e+38,0.8381428159124062,0.5384942700467144,0.40953570397810163,0.7376285631824813
0.771,0.022380299260534024,24.757925318209622,0.1099902970448633,0.012378962659104811,0.012473090223590817,2.0,7.9146034985699645,2.52,2.515557370190306,1.8896233233259685,24.667544420072204,0.012333772210036103,2.0,2.515541092572013,1.8932805874595173,0.1292150596883063,0.6711206448006017,0.199664295511092,3.2340414360139992e+38,1.679705120351385e+39,2.003109263952785e+39,7.003878545289458e+38,1.0789719838031389e+39,8.205481328784033e+38,5.1668297360956795e+38,0.8385489252028028,0.538648591577065,0.4096372313007007,0.7377097850405604
0.772,0.022203867181670313,24.695723309851772,0.10912320333281973,0.012347861654925886,0.012441753646893459,2.0,7.9146034985699645,2.52,2.5155812914663938,1.8921388926675684,24.605569884841145,0.012302784942420573,2.0,2.5155651015666964,1.8957961405673978,0.12889041874527943,0.6714426392624456,0.19966694199227497,3.217811623562092e+38,1.6762890137270478e+39,1.998070176083257e+39,6.986259356934466e+38,1.0765652639545946e+39,8.186862886484133e+38,5.15439791298205e+38,0.8389540236334516,0.5388025289807116,0.4097385059083629,0.7377908047266903
0.773,0.02202882598136859,24.633676990634314,0.10826294523742298,0.012316838495317157,0.012410495497192624,2.0,7.9146034985699645,2.52,2.5156050838338677,1.8946544858659318,24.543750466239864,0.012271875233119931,2.0,2.5155889811792886,1.8983117176195234,0.12856659036555543,0.6717638420241652,0.19966956761027949,3.201663105271518e+38,1.6728774577819324e+39,1.993043768309084e+39,6.968684504577218e+38,1.0741630629851327e+39,8.168281181073e+38,5.141994543680295e+38,0.8393581136460522,0.5389560831854998,0.4098395284115131,0.7378716227292104
0.774,0.021855164694824784,24.571785975514608,0.10740946887100865,0.012285892987757304,0.012379315580693759,2.0,7.9146034985699645,2.52,2.515628747988525,1.8971701027924983,24.482085780666623,0.012241042890333311,2.0,2.515612732108151,1.900827318486862,0.12824357253954313,0.6720842549308792,0.19967217252957764,3.1855954755733444e+38,1.6694704610258187e+39,1.9880300085831532e+39,6.951153876164872e+38,1.0717653770781049e+39,8.149736169730853e+38,5.129619570271193e+38,0.8397611976771073,0.5391092551173008,0.40994029941927684,0.7379522395354214
0.775,0.02168287244367438,24.510049880365465,0.10656272077072838,0.012255024940182732,0.012348213703996887,2.0,7.9146034985699645,2.52,2.515652284622395,1.899685743319402,24.42057544543154,0.01221028772271577,2.0,2.5156363550478633,1.9033429430410767,0.12792136326242926,0.6724038798242259,0.1996747569133449,3.1696083308883863e+38,1.6660680318425703e+39,1.983028864931409e+39,6.933667359900032e+38,1.0693722023850866e+39,8.131227809469244e+38,5.117272934893067e+38,0.8401632781579293,0.5392620457000131,0.41004081953948235,0.7380326556315858
0.776,0.02151193843531105,24.44846832197332,0.10572264789520136,0.01222423416098666,0.012317189674097293,2.0,7.9146034985699645,2.52,2.5156756944237615,1.902201407319466,24.359219078754695,0.012179609539377348,2.0,2.5156598506892442,1.905858591154525,0.12759996053416883,0.6727227185423608,0.19967732092347035,3.153701269618089e+38,1.6626701784910508e+39,1.9780403054528598e+39,6.916224844240769e+38,1.0669835350262284e+39,8.112756057133345e+38,5.1049545797424485e+38,0.8405643575146428,0.5394144558555642,0.4101410893786606,0.7381128715029286
0.777,0.021342351962210442,24.387040918036323,0.10488919762119098,0.012193520459018161,0.012286243298386195,2.0,7.9146034985699645,2.52,2.5156989780771797,1.9047170946662002,24.2980162997643,0.01214900814988215,2.0,2.5156832197193726,1.9083742627002518,0.12727936235947532,0.6730407729199578,0.19967986472056687,3.137873892135433e+38,1.6592769091060474e+39,1.9730642983195907e+39,6.898826217900667e+38,1.064599371090608e+39,8.0943208694043e+38,5.092664447074742e+38,0.8409644381681894,0.5395664865039119,0.4102411095420474,0.7381928876336379
0.778,0.02117410240125958,24.325767287162442,0.10406231774030901,0.01216288364358122,0.012255374384651394,2.0,7.9146034985699645,2.52,2.5157221362634994,1.907232805233798,24.236966728494796,0.012118483364247397,2.0,2.5157064628216053,1.9108899575519875,0.12695956674781053,0.6733580447882084,0.19968238846398112,3.1221258007758686e+38,1.6558882316991788e+39,1.9681008117767656e+39,6.881471369848831e+38,1.0622197066365763e+39,8.075922202801479e+38,5.080402479204868e+38,0.8413635225343324,0.5397181385630463,0.41034088063358315,0.7382727045068664
0.779,0.021007179213091344,24.26464704886762,0.10324195645574494,0.01213232352443381,0.012224582741101924,2.0,7.9146034985699645,2.52,2.5157451696598834,1.909748538897131,24.17606998588498,0.01208803499294249,2.0,2.5157295806756013,1.9134056755841453,0.12664057171337523,0.6736745359748212,0.19968489231180364,3.106456599834402e+38,1.6525041541630496e+39,1.96314981414649e+39,6.86416018932339e+38,1.0598445376941865e+39,8.057560013700604e+38,5.068168618517864e+38,0.8417616130236609,0.539869412948991,0.41044040325591524,0.7383523226047323
0.78,0.020841571941424337,24.203679823573896,0.10242806237902165,0.012101839911786948,0.012193868176635909,2.0,7.9146034985699645,2.52,2.515768078939829,1.9122642955317457,24.11532569377618,0.012057662846888091,2.0,2.515752573957338,1.9159214166718148,0.1263223752750992,0.6739902483040221,0.19968737642087864,3.0908658956242618e+38,1.649124684308303e+39,1.9582112738707293e+39,6.846892565981571e+38,1.0574738602887155e+39,8.039234258512216e+38,5.055962807580336e+38,0.8421587120415943,0.5400203105758058,0.41053967801039853,0.7384317424083188
0.781,0.02067727021240781,24.142865232607495,0.10162058452677593,0.012071432616303748,0.01216323050073427,2.0,7.9146034985699645,2.52,2.515790864773187,1.9147800750138615,24.054733474910346,0.012027366737455173,2.0,2.5157754433391344,1.91843718069076,0.1260049754566312,0.6743051835965548,0.1996898409468139,3.075353296439975e+38,1.645749829850147e+39,1.9532851594941447e+39,6.829668389839666e+38,1.0551076704317677e+39,8.020944893613658e+38,5.043784989096825e+38,0.8425548219883869,0.540170832355587,0.41063870549709675,0.7385109643976775
0.782,0.020514263733971888,24.082202898197,0.10081947231756518,0.0120411014490985,0.01213266952327165,2.0,7.9146034985699645,2.52,2.515813527826181,1.9172958772203652,23.994292952928205,0.011997146476464103,2.0,2.5157981894896695,1.920952967517416,0.12568837028632968,0.6746193436696799,0.19969228604399047,3.0599184125000447e+38,1.6423795983836283e+39,1.9483714396336328e+39,6.812487551166549e+38,1.0527459641051779e+39,8.002691875226337e+38,5.0316351058318064e+38,0.8429499452591327,0.5403209791984704,0.4107374863147832,0.7385899890518266
0.783,0.020352542295182824,24.02169244347146,0.10002467556869868,0.012010846221735729,0.012102185054514105,2.0,7.9146034985699645,2.52,2.5158360687614296,1.919811702028808,23.934003752367403,0.011967001876183702,2.0,2.515820813074001,1.923468777028884,0.12537255779725265,0.674932730337175,0.19969471186557225,3.0445608559373414e+38,1.6390139973841277e+39,1.9434700829778618e+39,6.7953499404820344e+38,1.0503887372610981e+39,7.984475159416042e+38,5.019513100609115e+38,0.8433440842437696,0.5404707520126324,0.41083602106094236,0.738668816848754
0.784,0.020192095765603442,23.9613334924585,0.09923614449309444,0.01198066674622925,0.012071776905119706,2.0,7.9146034985699645,2.52,2.5158584882379635,1.9223275493174021,23.87386549866063,0.011936932749330316,2.0,2.5158433147535884,1.9259846091029291,0.12505753602714792,0.6752453454093361,0.19969711856351596,3.029280240790293e+38,1.6356530342082484e+39,1.9385810582872777e+39,6.778255448556915e+38,1.0480359858223356e+39,7.966294702095177e+38,5.007418916312581e+38,0.8437372413270848,0.5406201517042923,0.41093431033177125,0.738747448265417
0.785,0.020032914094658467,23.901125670082507,0.09845382969616005,0.011950562835041253,0.012041444886139141,2.0,7.9146034985699645,2.52,2.515880786911246,1.9248434189650163,23.813877818133783,0.011906938909066892,2.0,2.515865695186309,1.9285004636179757,0.12474330301844364,0.6755571906929763,0.19969950628858013,3.014076182994112e+38,1.632296716094696e+39,1.9337043343941075e+39,6.761203966412963e+38,1.0456877056826882e+39,7.948150459024956e+38,4.995352495886645e+38,0.8441294188887195,0.5407691791777134,0.4110323547221799,0.7388258837777439
0.786,0.019874987311004975,23.841068602162718,0.09767768217269869,0.01192053430108136,0.012011188809016287,2.0,7.9146034985699645,2.52,2.515902965433192,1.9273593108511737,23.754040338004074,0.011877020169002037,2.0,2.5158879550264794,1.9310163404531044,0.1244298568182383,0.6758682679914267,0.19970187519033494,2.9989483003720404e+38,1.628945050165156e+39,1.92883988020236e+39,6.744195385322938e+38,1.0433438927072786e+39,7.930042385817612e+38,4.983313782336981e+38,0.8445206193031735,0.540917835335206,0.4111301548257934,0.7389041238606346
0.787,0.019718305521907797,23.781161915411346,0.0969076533038395,0.011890580957705673,0.011981008485590364,2.0,7.9146034985699645,2.52,2.515925024452189,1.9298752248560485,23.694352686378217,0.011847176343189108,2.0,2.515910094924874,1.933532239488048,0.12411719547829098,0.6761785791045376,0.19970422541717142,2.983896212627029e+38,1.625598043425383e+39,1.9239876646880858e+39,6.727229596811489e+38,1.0410045427330243e+39,7.91197043793963e+38,4.971302718731768e+38,0.8449108449398103,0.5410661210771278,0.41122771123495266,0.7389821689879621
0.788,0.019562858912619833,23.721405237431775,0.09614369485399203,0.011860702618715887,0.011950903728256423,2.0,7.9146034985699645,2.52,2.5159469646131134,1.9323911608604591,23.63481449225053,0.011817407246125265,2.0,2.515932115528746,1.9360481606031894,0.12380531705501187,0.6764881258286775,0.19970655711631075,2.9689195413727927e+38,1.622255702787776e+39,1.9191476569250552e+39,6.710306492744948e+38,1.038669651582867e+39,7.89393457081955e+38,4.9593192482686604e+38,0.8453000981628621,0.5412140373018876,0.4113250245407155,0.7390600196325725
0.789,0.01940863774576719,23.661798196716646,0.09538575896782449,0.011830899098358322,0.011920874350087846,2.0,7.9146034985699645,2.52,2.515968786557352,1.9349071187458688,23.575425385501124,0.011787712692750562,2.0,2.515954017481844,1.9385641036795553,0.12349421960945234,0.6767969099567341,0.19970887043381352,2.9540179101548726e+38,1.6189180350888598e+39,1.914319826104347e+39,6.6934259653998155e+38,1.036339215076723e+39,7.875934739930844e+38,4.947363314326048e+38,0.8456883813314352,0.5413615849059453,0.41142209533285884,0.7391376762662869
0.79,0.019255632360739256,23.602340422645995,0.09463379816726616,0.011801170211322997,0.011890920164574178,2.0,7.9146034985699645,2.52,2.515990490922821,1.9374230983943808,23.516184996894015,0.011758092498447007,2.0,2.515975801424433,1.9410800685988163,0.12318390120729518,0.6771049332781158,0.19971116551458895,2.939190944376207e+38,1.6155850470545368e+39,1.9095041414921574e+39,6.676587907315236e+38,1.0340132290089985e+39,7.857970900620658e+38,4.935434860354676e+38,0.846075696799515,0.5415087647838157,0.41151892419987884,0.739215139359903
0.791,0.01910383317308356,23.543031545485444,0.0938877653485334,0.011771515772742722,0.011861040985592932,2.0,7.9146034985699645,2.52,2.5160120783439828,1.9399390996887333,23.457092958075304,0.011728546479037653,2.0,2.515997467993313,1.9435960552432798,0.1228743599188452,0.677412197578751,0.1997134425024038,2.924438271281421e+38,1.6122567452970457e+39,1.9047005724251877e+39,6.65979221127688e+38,1.0316916891464188e+39,7.84004300809299e+38,4.9235338298663154e+38,0.8464620469159708,0.541655577828069,0.41161551172899274,0.7392924093831942
0.792,0.018953230673905336,23.483871196384314,0.09314761377917873,0.011741935598192157,0.01183123662741012,2.0,7.9146034985699645,2.52,2.5160335494518673,1.9424551225122975,23.398148901571304,0.011699074450785652,2.0,2.516019017821836,1.9461120634958895,0.12256559381901933,0.6777187046410893,0.19971570153989143,2.9097595199483123e+38,1.608933136315813e+39,1.8999090883106442e+39,6.643038770316939e+38,1.0293745912283506e+39,7.822151017410822e+38,4.911660166434371e+38,0.8468474340245615,0.5418020249293333,0.41171185850614045,0.7393694868049123
0.793,0.018803815429271974,23.424859007373733,0.09241329709516391,0.011712429503686866,0.011801506904680766,2.0,7.9146034985699645,2.52,2.516054904874088,1.9449711667490754,23.339352460786717,0.01166967623039336,2.0,2.516040451539929,1.94862809324022,0.12225760098733682,0.6780244562441022,0.19971794276856092,2.8951543212793655e+38,1.605614226498299e+39,1.8951296586262355e+39,6.6263274777141114e+38,1.0270619309671254e+39,7.80429488349822e+38,4.8998138136944554e+38,0.8472318604639411,0.5419481069762976,0.41180796511598533,0.7394463720927882
0.794,0.018655578079621954,23.365994611364865,0.09168476929795519,0.011682997305682433,0.01177185163244941,2.0,7.9146034985699645,2.52,2.5160761452348637,1.9474872322836922,23.28070327000278,0.011640351635001388,2.0,2.5160617697741077,1.9511441443604747,0.12195037950790988,0.6783294541632845,0.19972016632880568,2.8806223079933194e+38,1.6023000221208406e+39,1.8903622529201725e+39,6.609658226993611e+38,1.0247537040483573e+39,7.786474561142447e+38,4.887994715344988e+38,0.8476153285676635,0.5420938248557121,0.41190383214191584,0.7395230657135327
0.795,0.018508509339178605,23.30727764214699,0.09096198475164202,0.011653638821073495,0.011742270626150597,2.0,7.9146034985699645,2.52,2.516097271155034,1.950003319001398,23.222200964375407,0.011611100482187704,2.0,2.5160829731474985,1.9536602167414814,0.12164392746943378,0.6786337001706539,0.19972237235991236,2.8661631146167428e+38,1.5989905293494877e+39,1.885606840811162e+39,6.5930309119271405e+38,1.0224499061312609e+39,7.768690004996042e+38,4.876202815147762e+38,0.8479978406641886,0.5422391794523916,0.4119994601660471,0.7395995681328377
0.796,0.018362599995368427,23.24870773438567,0.09024489818007847,0.011624353867192834,0.011712763701641872,2.0,7.9146034985699645,2.52,2.516118283252079,1.9525194267880615,23.163845179933382,0.011581922589966692,2.0,2.516104062279856,1.9561763102686893,0.12133824296517723,0.6789371960347532,0.19972456100006952,2.8517763774835734e+38,1.5956857542452674e+39,1.8808633919936248e+39,6.5764454265511355e+38,1.0201505328517991e+39,7.750941169600419e+38,4.864438056942027e+38,0.8483793990768873,0.5423841716492172,0.41209484976922184,0.7396758798153775
0.797,0.018217840908244038,23.190284523620935,0.08953346466404716,0.011595142261810468,0.011683330675448878,2.0,7.9146034985699645,2.52,2.5161391821401393,1.955035555530166,23.105635553576487,0.011552817776788243,2.0,2.5161250377875803,1.958692424828166,0.1210333240929729,0.6792399435206509,0.19972673238637634,2.8374617347860853e+38,1.5923857027983644e+39,1.8761318762769728e+39,6.559901665304101e+38,1.0178555798443124e+39,7.733228009549857e+38,4.8527003847466695e+38,0.8487600061240476,0.5425288023271381,0.4121900015310119,0.7397520012248096
0.798,0.018074223009911558,23.132007646265397,0.08882763963844509,0.011566003823132697,0.011653971364620421,2.0,7.9146034985699645,2.52,2.51615996843003,1.957551705114809,23.047571723073684,0.011523785861536842,2.0,2.516145900283737,1.961208560306594,0.12072916895520756,0.6795419443899411,0.19972888665485133,2.8232188265305016e+38,1.5890903809092044e+39,1.8714122635622545e+39,6.5433995229449466e+38,1.0155650427291936e+39,7.71555047939752e+38,4.840989742700441e+38,0.8491396641188793,0.5426730723651741,0.41228491602971984,0.7398279328237758
0.799,0.017931737303962657,23.07387673960244,0.0881273788894924,0.01153693836980122,0.011624685586590302,2.0,7.9146034985699645,2.52,2.516180642729263,1.9600678754296956,22.98965332706128,0.01149482666353064,2.0,2.516166650378074,1.9637247165912664,0.12042577565881271,0.6798432004007466,0.19973102394044057,2.809047294494823e+38,1.5857997943704066e+39,1.866704523819889e+39,6.526938894475136e+38,1.01327891710113e+39,7.697908533565794e+38,4.829306075004958e+38,0.8495183753695206,0.5428169826404178,0.41237959384238015,0.7399036750739041
0.8,0.01779037486491094,23.015891441784316,0.08743263855196245,0.011507945720892157,0.011595473159177035,2.0,7.9146034985699645,2.52,2.516201205642062,1.9625840663631384,22.93188000504108,0.01146594000252054,2.0,2.516187288677041,1.966240893570085,0.12012314231525455,0.6801437133077191,0.19973314437702638,2.794946782220425e+38,1.5825139488674993e+39,1.8620086270895418e+39,6.5105196751382574e+38,1.0109971985293489e+39,7.680302126347833e+38,4.81764932592496e+38,0.8498961421790437,0.5429605340280366,0.412474035544761,0.7399792284358088
0.801,0.017650126837632955,22.95805139183039,0.08674337510643454,0.011479025695915196,0.011566333900584301,2.0,7.9146034985699645,2.52,2.516221657769383,1.9651002778040514,22.87425139737857,0.011437125698689285,2.0,2.516207815783804,1.9687570911315564,0.11982126704052488,0.6804434848620395,0.19973524809743554,2.780916935003886e+38,1.579232849979732e+39,1.8573245434801204e+39,6.4941417604200015e+38,1.0087198825579245e+39,7.66273121190957e+38,4.806019439788864e+38,0.8502729668454602,0.5431037274012748,0.412568241711365,0.7400545933690921
0.802,0.01751098443681336,22.900356229625253,0.08605954537656713,0.011450178114812627,0.011537267629401382,2.0,7.9146034985699645,2.52,2.516241999708929,1.967616509641948,22.81676714530107,0.011408383572650536,2.0,2.516228232298269,1.9712733091647885,0.11952014795513123,0.680742516811421,0.19973733523344783,2.7669573998888276e+38,1.5759565031808847e+39,1.8526522431697674e+39,6.477805046048139e+38,1.0064469647060849e+39,7.645195744291747e+38,4.7944163609893164e+38,0.8506488516617268,0.5432465636314561,0.4126622129154317,0.7401297703323453
0.803,0.01737293894639469,22.842805595916868,0.08538110652639372,0.011421402797958434,0.011508274164603568,2.0,7.9146034985699645,2.52,2.5162622320551704,1.9701327617669386,22.759426890895938,0.011379713445447968,2.0,2.5162485388170936,1.9737895475594878,0.11921978318408721,0.6810408109001087,0.19973940591580408,2.753067825657792e+38,1.5726849138400713e+39,1.8479916964058506e+39,6.4615094279924846e+38,1.004178440468514e+39,7.62769567741188e+38,4.7828400339837385e+38,0.8510237989157516,0.5433890435879856,0.4127559497289379,0.7402047597831504
0.804,0.01723598171903133,22.7853991323148,0.08470801605763931,0.0113926995661574,0.011479353325552567,2.0,7.9146034985699645,2.52,2.516282355399362,1.9726490340697247,22.702230277108704,0.011351115138554352,2.0,2.516268735933709,1.9763058062059555,0.11892017085690325,0.6813383688688822,0.19974146027421458,2.739247862824157e+38,1.5694180872225362e+39,1.8433428735049518e+39,6.4452548024648675e+38,1.0019143053156533e+39,7.610230965066244e+38,4.77129040329486e+38,0.8513978108904003,0.5435311681383522,0.4128494527226001,0.7402795621780801
0.805,0.017100104175547894,22.728136481288324,0.08404023180705852,0.011364068240644162,0.011450504932085473,2.0,7.9146034985699645,2.52,2.516302370329558,1.9751653264415987,22.645176947741273,0.011322588473870637,2.0,2.5162888242383357,1.9788220849950844,0.11862130910757668,0.6816351924550564,0.19974349843736683,2.725497163645155e+38,1.5661560285025662e+39,1.8387057448670815e+39,6.429041065968817e+38,9.996545547017332e+38,7.592801560990578e+38,4.759767413548076e+38,0.8517708898635014,0.5436729381481306,0.4129427224658753,0.7403541779727002
0.806,0.016965297804401723,22.671017286164588,0.08337771194379404,0.011335508643082293,0.011421728804703171,2.0,7.9146034985699645,2.52,2.516322277430635,1.9776816387744407,22.588266547450093,0.011294133273725047,2.0,2.5163088043180006,1.981338383818357,0.11832319607458223,0.6819312833924838,0.19974552053293398,2.711815382158221e+38,1.5628987427900356e+39,1.8340802810058577e+39,6.4128681154050975e+38,9.973991840815022e+38,7.575407418986806e+38,4.7482710095501614e+38,0.8521430381078526,0.543814354480984,0.4130357595269632,0.7404286076215705
0.807,0.016831554161149783,22.614041191126848,0.08272041496675656,0.011307020595563424,0.011393024764340119,2.0,7.9146034985699645,2.52,2.516342077284302,1.9801979709607112,22.53149872174434,0.011265749360872171,2.0,2.5163286767565567,1.9838547025678404,0.11802582990086276,0.6822266434115545,0.19974752668758278,2.698202174117571e+38,1.559646235099706e+39,1.829466452511463e+39,6.396735847942179e+38,9.951481888904101e+38,7.558048492772191e+38,4.73680113619397e+38,0.8525142578912273,0.5439554179986663,0.4131285644728068,0.7405028515782456
0.808,0.016698864867919667,22.55720784121259,0.08206829970202506,0.011278603920606296,0.011364392632311477,2.0,7.9146034985699645,2.52,2.516361770469123,1.982714322893453,22.474873116984096,0.011237436558492048,2.0,2.516348442134696,1.9863710411361837,0.1177292087338195,0.6825212742391993,0.19974951702698124,2.684657196973526e+38,1.5563985103447333e+39,1.8248642300420858e+39,6.380644160986314e+38,9.929015645402575e+38,7.540724735946006e+38,4.725357738436837e+38,0.8528845514763796,0.5440961295610243,0.413221137869095,0.7405769102952758
0.809,0.016567221612884785,22.50051688231173,0.08142132530026748,0.011250258441155864,0.01133583223031348,2.0,7.9146034985699645,2.52,2.5163813575605336,1.9852306944662852,22.418389380378535,0.011209194690189267,2.0,2.5163681010299728,1.9888873994166156,0.11743333072530261,0.6828151775988907,0.19975149167580675,2.671180109864615e+38,1.5531555733374448e+39,1.8202735843239062e+39,6.364592952181491e+38,9.906593064194885e+38,7.523436101991425e+38,4.7139407613011036e+38,0.853253921121052,0.5442364900259998,0.41331348028026305,0.7406507842242104
0.81,0.01643661614974375,22.443967961164756,0.0807794512341822,0.011221983980582377,0.01130734338042382,2.0,7.9146034985699645,2.52,2.5164008391308545,1.9877470855734007,22.362047159984105,0.011181023579992053,2.0,2.516387654016814,1.9914037773029407,0.11713819403160149,0.6831083552106446,0.19975345075775386,2.657770573609704e+38,1.549917428790117e+39,1.8156944861510876e+39,6.348582119409397e+38,9.884214098934837e+38,7.506182544277468e+38,4.702550149874627e+38,0.8536223690779801,0.5443765002496324,0.413405592269495,0.740724473815596
0.811,0.01630704029720375,22.387560725360977,0.08014263729595894,0.011193780362680488,0.011278925905101994,2.0,7.9146034985699645,2.52,2.5164202157493123,1.9902634961095624,22.305846104702717,0.011152923052351358,2.0,2.516407101666542,1.9939201746895368,0.11684379681343568,0.6834008087910224,0.19975539439554196,2.644428250700172e+38,1.5466840813157473e+39,1.8111269063857646e+39,6.3326115607893865e+38,9.861878703048521e+38,7.488964016060897e+38,4.691185849311312e+38,0.8539898975949001,0.544516161086062,0.41349747439872503,0.74079797951898
0.812,0.016178485938468098,22.331294823336595,0.07951084359476028,0.011165647411668297,0.01125057962718963,2.0,7.9146034985699645,2.52,2.5164394879820553,1.9927799259701038,22.249785864279946,0.011124892932139974,2.0,2.5164264445473874,1.9964365914713507,0.11655013723594478,0.6836925400531322,0.199757322710923,2.6311528052920835e+38,1.543455535428814e+39,1.8065708159580224e+39,6.3166811746784e+38,9.839586829737143e+38,7.471780470488081e+38,4.6798478048315934e+38,0.8543565089145545,0.5446554733875307,0.41358912722863866,0.7408713017829109
0.8130000000000001,0.016050945020727778,22.275169904373012,0.07888403055422288,0.011137584952186506,0.011222304369911581,2.0,7.9146034985699645,2.52,2.516458656392168,1.9952963750509194,22.1938660893032,0.0110969330446516,2.0,2.5164456832245086,1.9989530275438971,0.11625721346867957,0.6839835507066313,0.19975923582468913,2.6179439031986076e+38,1.5402317955461478e+39,1.8020261858660085e+39,6.300790859671359e+38,9.817338431980581e+38,7.454631860597386e+38,4.6685359617232676e+38,0.8547222052746981,0.5447944380043853,0.41368055131867454,0.7409444410549396
0.8140000000000001,0.015924409554657046,22.219185618594935,0.07826215890997848,0.011109592809297467,0.011194099956996741,2.0,7.9146034985699645,2.52,2.516477721539691,1.9978128432484674,22.138086431199945,0.011069043215599973,2.0,2.5164648182600065,2.0014694828032527,0.11596502368559218,0.6842738424577277,0.19976113385668015,2.6048012119102994e+38,1.5370128660042317e+39,1.7974929871952616e+39,6.2849405146687476e+38,9.795133462645656e+38,7.437518139401103e+38,4.6572502653921175e+38,0.8550869889081053,0.54493305578508,0.41377174722702637,0.741017397781621
0.8150000000000001,0.0157988716139129,22.163341616968587,0.07764518970719403,0.011081670808484293,0.011165966212796339,2.0,7.9146034985699645,2.52,2.5164966839816363,2.000329330459764,22.082446542235868,0.011041223271117935,2.0,2.5164838502129423,2.003985957146056,0.11567356606502674,0.6845634170091819,0.19976301692579135,2.5917244006144203e+38,1.5337987510761986e+39,1.7929711911376406e+39,6.2691300389428e+38,9.772971874592364e+38,7.420439259965778e+38,4.645990661411521e+38,0.8554508620425758,0.5450713275761788,0.41386271551064396,0.7410901724085152
0.8160000000000001,0.0156743233346386,22.107637551299906,0.07703308429813169,0.011053818775649952,0.011137902962065998,2.0,7.9146034985699645,2.52,2.516515544272002,2.0028458365823805,22.02694607551309,0.011013473037756545,2.0,2.5165027796393544,2.0065024504695033,0.11538283878970992,0.6848522760603097,0.19976488514998042,2.578713140136031e+38,1.53058945494266e+39,1.788460768956263e+39,6.253359332014907e+38,9.750853620485886e+38,7.403395175269175e+38,4.634757095432175e+38,0.8558138269009415,0.5452092542223578,0.41395345672523537,0.7411627653801883
0.8170000000000001,0.015550756914971046,22.05207307423272,0.07642580433972776,0.01102603653711636,0.011109910029938127,2.0,7.9146034985699645,2.52,2.5165343029617913,2.005362361514441,21.971584684968388,0.010985792342484193,2.0,2.5165216070922725,2.0090189626713437,0.11509284004674154,0.6851404213069829,0.19976673864627548,2.56576710292384e+38,1.5273849816886204e+39,1.7839616919810045e+39,6.237628293639876e+38,9.728778652774967e+38,7.38638583818356e+38,4.6235495131709674e+38,0.8561758857010725,0.5453468365664075,0.41404397142526816,0.7412351771402145
0.8180000000000001,0.015428164614552134,21.996647839246933,0.07582331179119124,0.010998323919623467,0.011081987241922246,2.0,7.9146034985699645,2.52,2.5165529605990278,2.0078789051546195,21.91636202537136,0.01095818101268568,2.0,2.5165403331217373,2.01153549364988,0.11480356802758494,0.6854278544416332,0.19976857753078175,2.5528859630426142e+38,1.5241853353042266e+39,1.779473931608488e+39,6.221936823805902e+38,9.706746923694733e+38,7.369411201477543e+38,4.6123678604114815e+38,0.8565370406558848,0.5454840754492362,0.41413426016397126,0.741307408131177
0.8190000000000001,0.015306538754043782,21.941361500656765,0.07522556891162031,0.010970680750328383,0.011054134423905258,2.0,7.9146034985699645,2.52,2.5165715177287713,2.0103954674021365,21.861277752322643,0.010930638876161322,2.0,2.516558958274814,2.0140520433039617,0.11451502092805789,0.6857145771532527,0.1997704019186894,2.5400693961656206e+38,1.5209905196854997e+39,1.7749974593020618e+39,6.206284822734482e+38,9.684758385269434e+38,7.352471217817872e+38,4.601212083004459e+38,0.8568972939733452,0.5456209717098711,0.41422432349333627,0.741379458794669
0.8200000000000001,0.015185871714646946,21.88621371360891,0.07463253825763853,0.010943106856804455,0.011026351402151732,2.0,7.9146034985699645,2.52,2.516589974893134,2.0129120481567555,21.806331522252137,0.010903165761126068,2.0,2.51657748309561,2.0165686115329855,0.11422719694832299,0.6860005911273968,0.1997722119242803,2.5273170795670925e+38,1.5178005386350724e+39,1.7705322465917817e+39,6.1906721908803554e+38,9.662812989315193e+38,7.335565839771244e+38,4.590082126868287e+38,0.8572566478564794,0.545757526185462,0.41431416196411985,0.7414513295712959
0.8210000000000001,0.015066155937624351,21.831204134080753,0.07404418268104927,0.010915602067040377,0.010998638003304176,2.0,7.9146034985699645,2.52,2.5166083326312974,2.015428647318781,21.751522992417186,0.010875761496208593,2.0,2.51659590812529,2.0190851982368896,0.1139400942928783,0.686285898046186,0.19977400766093567,2.514628692114727e+38,1.514615395862919e+39,1.7660782650743914e+39,6.175098828931439e+38,9.640910687442753e+38,7.318695019806081e+38,4.5789779379894655e+38,0.8576151045033781,0.5458937397112836,0.4144037761258446,0.7415230209006757
0.8220000000000001,0.014947383923827051,21.776332418878564,0.07346046532650886,0.010888166209439281,0.010970994054383789,2.0,7.9146034985699645,2.52,2.5166265914795263,2.017945264789055,21.696851820900818,0.01084842591045041,2.0,2.5166142339020934,2.021601803316152,0.11365371117054796,0.6865704995883093,0.19977578924114264,2.502003914262329e+38,1.51143509498715e+39,1.761635486413383e+39,6.159564637809031e+38,9.619051431060611e+38,7.30185871029464e+38,4.5678994624232805e+38,0.8579726661072032,0.5460296131207372,0.4144931665268008,0.7415945332214406
0.8230000000000001,0.014829548233224589,21.721598225635724,0.07288134962921759,0.010860799112817862,0.010943419382898152,2.0,7.9146034985699645,2.52,2.516644751971188,2.020461900468954,21.642317666609937,0.01082115883330497,2.0,2.516632460961348,2.0241184266717878,0.11336804579447288,0.6868543974290254,0.19977755677650166,2.489442428066811e+38,1.508259639549545e+39,1.757203882356226e+39,6.144069518728064e+38,9.597235171471968e+38,7.285056863586315e+38,4.5568466463390134e+38,0.858329334856196,0.5461651472453545,0.414582333714049,0.7416658669712392
0.8240000000000001,0.014712641484439008,21.66700121281088,0.07230679931262954,0.01083350060640544,0.010915913816958903,2.0,7.9146034985699645,2.52,2.516662814636763,2.0229785542603884,21.587920189273532,0.010793960094636765,2.0,2.516650589835488,2.0266350682053464,0.11308309638210122,0.6871375932401653,0.19977931037773344,2.4769439172071145e+38,1.5050890330324883e+39,1.7527834247531998e+39,6.1286133732629366e+38,9.575461859980494e+38,7.26828943208762e+38,4.545819436069306e+38,0.8586851129336825,0.5463003429147993,0.4146712782334206,0.7417370225867365
0.8250000000000001,0.014596656354282426,21.612541039686242,0.07173677838617991,0.010806270519843121,0.010888477185078073,2.0,7.9146034985699645,2.52,2.516680780003867,2.0254952260657952,21.53365904944093,0.010766829524720465,2.0,2.5166686210540683,2.029151727818907,0.11279886115517937,0.6874200886901349,0.19978105015468578,2.464508066930048e+38,1.501923278831629e+39,1.748374085524634e+39,6.113196103232986e+38,9.553731447714385e+38,7.251556368128341e+38,4.53481777802576e+38,0.859040002518081,0.5464352009568708,0.4147600006295203,0.7418080005036163
0.8260000000000001,0.014481585577298376,21.558217366365714,0.07117125114303093,0.010779108683182857,0.010861109316140266,2.0,7.9146034985699645,2.52,2.51669864859726,2.0280119157881384,21.479533908479986,0.010739766954239994,2.0,2.516686555143781,2.031668405415078,0.11251533833974227,0.6877018854439172,0.19978277621634055,2.45213456403654e+38,1.4987623802527234e+39,1.7439758366563775e+39,6.097817610686634e+38,9.53204388560438e+38,7.234857623944563e+38,4.5238416186876916e+38,0.8593940057829084,0.5465697221975052,0.4148485014457271,0.7418788011565818
0.8270000000000001,0.0143674219453066,21.50402985377314,0.0706101821578347,0.01075201492688657,0.010833810039402876,2.0,7.9146034985699645,2.52,2.5167164209388666,2.0305286233309054,21.425544428575297,0.010712772214287649,2.0,2.516704392628471,2.034185100896993,0.11223252616610425,0.6879829851630753,0.19978448867082044,2.439823096874345e+38,1.4956063405123442e+39,1.7395886501997787e+39,6.082477797901324e+38,9.51039912438642e+38,7.218193151680418e+38,4.512890904602597e+38,0.8597471248967882,0.5467039074607795,0.414936781224197,0.7419494249793576
0.8280000000000001,0.014254158306951568,21.44997816365053,0.07005353628451429,0.010724989081825266,0.010806579184496325,2.0,7.9146034985699645,2.52,2.5167340975477903,2.033045348598105,21.371690272726465,0.010685845136363233,2.0,2.51672213402915,2.0367018141683073,0.11195042286884979,0.6882633895057544,0.19978618762539574,2.4275733553307854e+38,1.4924551627385825e+39,1.735212498271661e+39,6.06717656738343e+38,9.488797114604267e+38,7.201562903389779e+38,4.501965582386585e+38,0.8600993620234558,0.5468377575689132,0.41502484050586397,0.7420198724046911
0.8290000000000001,0.014141787567254503,21.396061958556256,0.0695012786540622,0.010698030979278128,0.01077941658142426,2.0,7.9146034985699645,2.52,2.5167516789403264,2.0355620914942625,21.317971104746285,0.010658985552373143,2.0,2.516739779864014,2.039218545133196,0.11166902668682402,0.6885431001266848,0.19978787318649122,2.415385030825509e+38,1.489308849971749e+39,1.7308473530542998e+39,6.051913821868182e+38,9.467237806612106e+38,7.184966831037973e+38,4.491065598724828e+38,0.8604507193217672,0.5469712733422716,0.4151126798304418,0.7420901438643533
0.8300000000000001,0.014030302687168929,21.342280901863294,0.06895337467235599,0.010671140450931647,0.01075232206056375,2.0,7.9146034985699645,2.52,2.5167691656299804,2.038078851924418,21.264386589258994,0.010632193294629496,2.0,2.5167573306484567,2.0417352936963518,0.1113883358631236,0.6888221186771839,0.19978954545969246,2.4032578163032863e+38,1.4861674051650654e+39,1.7264931867953942e+39,6.03668946431956e+38,9.445721150577115e+38,7.168404886503452e+38,4.480190900371985e+38,0.8608011989457045,0.5471044555993677,0.41520029973642614,0.7421602397891409
0.8310000000000001,0.013919696683139778,21.28863465775743,0.06840979001799148,0.010644317328878715,0.010725295452665474,2.0,7.9146034985699645,2.52,2.5167865581274813,2.040595629794125,21.210936391698503,0.010605468195849252,2.0,2.5167747868950867,2.04425205976298,0.11110834864508744,0.6891004468051596,0.1997912045497529,2.3911914062268305e+38,1.483030831185359e+39,1.722149971808042e+39,6.021503397930217e+38,9.424247096482056e+38,7.151877021579482e+38,4.4693414341526425e+38,0.8611508030443842,0.547237305156866,0.41528770076109606,0.7422301606088768
0.8320000000000001,0.01380996262666586,21.235122891235502,0.06787049064013248,0.01061756144561775,0.010698336588911438,2.0,7.9146034985699645,2.52,2.516803856940798,2.0431124250094452,21.15762017830662,0.010578810089153309,2.0,2.51679214911374,2.046768843238799,0.11082906328428735,0.6893780861551126,0.19979285056060003,2.379185496582446e+38,1.4798991308217066e+39,1.7178176804799513e+39,6.006355526153676e+38,9.402815594178378e+38,7.135383188014168e+38,4.458517146985712e+38,0.861499533762063,0.5473698228295839,0.4153748834405157,0.7422999067524126
0.833,0.013701093643865925,21.181745268103626,0.06733544275637818,0.010590872634051812,0.010671445301082579,2.0,7.9146034985699645,2.52,2.516821062575152,2.045629237476947,21.10443761613129,0.010552218808065644,2.0,2.516809417811498,2.0492856440300335,0.11055047803651893,0.689655038368139,0.19979448359534202,2.367239784909891e+38,1.4767723068093064e+39,1.7134962853002956e+39,5.9912457527982364e+38,9.381426593536014e+38,7.118923337623857e+38,4.44771798595465e+38,0.8618473932381461,0.5475020094304954,0.4154618483095365,0.7423694786476293
0.834,0.013593082915047986,21.12850145497539,0.06680461285064644,0.010564250727487694,0.010644621421381834,2.0,7.9146034985699645,2.52,2.516838175533035,2.048146067103703,21.05138837302483,0.010525694186512415,2.0,2.5168265934927003,2.0518024620434163,0.11027259116179208,0.6899313050819336,0.19979610375627432,2.3553539702554725e+38,1.4736503618057024e+39,1.7091857588312496e+39,5.976173981927447e+38,9.360080044290417e+38,7.102497422176756e+38,4.436943898234101e+38,0.8621943836071934,0.5476338657707334,0.4155485959017984,0.7424388767214386
0.835,0.013485923674282255,21.07539111927014,0.06627796767107508,0.01053769555963507,0.010617864782380162,2.0,7.9146034985699645,2.52,2.5168551963142227,2.0506629137972876,20.998472117642187,0.010499236058821094,2.0,2.516843676658961,2.0543192971861806,0.10999540092432206,0.6902068879307921,0.19979771114488581,2.3435277531529126e+38,1.4705332983839775e+39,1.704886073699269e+39,5.961140117829611e+38,9.338775895997505e+38,7.086105393358482e+38,4.4261948310677575e+38,0.862540506998927,0.5477653926595922,0.4156351267497318,0.7425081013997854
0.836,0.013379609208977194,21.022413929211194,0.06575547422793823,0.010511206964605597,0.010591175217016741,2.0,7.9146034985699645,2.52,2.516872125415789,2.053179777465772,20.945688519439155,0.010472844259719578,2.0,2.516860667809181,2.0568361493660623,0.10971890559252015,0.6904817885456145,0.19979930586186534,2.3317608356163467e+38,1.46742111903343e+39,1.7005972025950648e+39,5.946144065017709e+38,9.317514098036176e+38,7.069747202773705e+38,4.415470731768787e+38,0.8628857655382389,0.5478965909045307,0.41572144138455974,0.7425771531076478
0.837,0.01327413285945909,20.96956955382408,0.06523709979158017,0.01048478477691204,0.010564552558599123,2.0,7.9146034985699645,2.52,2.5168889633321214,2.0556966580177236,20.893037248670645,0.010446518624335323,2.0,2.5168775674395674,2.0593530184912927,0.10944310343898447,0.6907560085539074,0.19980088800710816,2.3200529211333503e+38,1.4643138261602433e+39,1.6963191182735782e+39,5.931185728229295e+38,9.296294599610797e+38,7.053422801947765e+38,4.404771547720239e+38,0.863230161345197,0.5480274613111749,0.41580754033629924,0.7426460322690394
0.838,0.013169488018554859,20.916857662934735,0.06472281189036494,0.010458428831467368,0.010537996640803373,2.0,7.9146034985699645,2.52,2.516905710554934,2.0582135553622045,20.840517976388906,0.010420258988194453,2.0,2.516894376043643,2.0618699044705995,0.10916799274049067,0.6910295495797876,0.1998024576797217,2.3084037146579824e+38,1.4612114220881517e+39,1.69205179355395e+39,5.916265012426399e+38,9.275117349753667e+38,7.03713214232828e+38,4.394097226375461e+38,0.8635736965350534,0.5481580046833203,0.4158934241337634,0.7427147393070107
0.839,0.013065668131178213,20.86427792716782,0.06421257830864253,0.01043213896358391,0.010511507297674205,2.0,7.9146034985699645,2.52,2.5169223675732852,2.0607304694087656,20.7881303744418,0.0103940651872209,2.0,2.5169110941122637,2.0643868072132014,0.10889357177798296,0.6913024132439847,0.19980401497803235,2.2968129226038698e+38,1.4581139090591003e+39,1.687795201319487e+39,5.9013818227954104e+38,9.253982297327452e+38,7.020875175286725e+38,4.383447715258489e+38,0.8639163732182517,0.5482882218229356,0.41597909330456295,0.7427832746436503
0.84,0.012962666693918965,20.811830017944928,0.0637063670847305,0.010405915008972463,0.010485084363625103,2.0,7.9146034985699645,2.52,2.516938934873589,2.0632474000674454,20.735874115471038,0.010367937057735518,2.0,2.5169277221336332,2.066903726628808,0.10861983883656487,0.6915746011638438,0.19980555999959126,2.2852802528373138e+38,1.4550212892339028e+39,1.6835493145176342e+39,5.886536064746973e+38,9.232889391027625e+38,7.004651852120025e+38,4.372822961964448e+38,0.864258193500433,0.5484181135301645,0.41606454837510826,0.7428516387000866
0.841,0.012860477254635707,20.759513607482823,0.0632041465089121,0.010379756803741412,0.010458727673448943,2.0,7.9146034985699645,2.52,2.5169554129396303,2.065764347248768,20.683748872910446,0.010341874436455224,2.0,2.516944260593316,2.069420662627615,0.10834679220549007,0.6918461149533295,0.19980709284118048,2.2738054146727086e+38,1.4519335646943552e+39,1.679314106161626e+39,5.87172764392177e+38,9.211838579394127e+38,6.98846212405914e+38,4.362222914164329e+38,0.8645991594824449,0.548547680603329,0.41614978987061124,0.742919831896489
0.842,0.012759093412051607,20.7073283687917,0.06270588512144981,0.01035366418439585,0.01043243706247477,2.0,7.9146034985699645,2.52,2.5169718022525807,2.06828131086374,20.631754320984207,0.010315877160492103,2.0,2.516960709974252,2.071937615120302,0.1080744301781532,0.6921169562230276,0.19980861359881924,2.2623881188996487e+38,1.448850737465645e+39,1.6750895493556096e+39,5.856956466278356e+38,9.190829810951791e+38,6.972305942375333e+38,4.3516475196707226e+38,0.864939273260348,0.5486769238389322,0.4162348183150871,0.7429878546520696
0.843,0.012658508815353468,20.655273975673424,0.06221155171061488,0.010327636987836713,0.010406212366527163,2.0,7.9146034985699645,2.52,2.51698810329101,2.070798290823848,20.579890134705128,0.010289945067352564,2.0,2.5169770707567722,2.0744545840180306,0.10780275105208083,0.6923871265801494,0.19981012236776974,2.2510280777668596e+38,1.445772809511385e+39,1.670875617288071e+39,5.8422224380701786e+38,9.169863034177019e+38,6.956183258354604e+38,4.3410967264212504e+38,0.865278536925423,0.5488058440316607,0.41631963423135576,0.7430557073850846
0.844,0.01255871716379384,20.60335010271981,0.061721115310731864,0.010301675051359904,0.010380053421797068,2.0,7.9146034985699645,2.52,2.5170043165309033,2.0733152870410563,20.528155989872918,0.01026407799493646,2.0,2.516993343418611,2.076971569232442,0.10753175312892227,0.6926566276285346,0.1998116192425431,2.239725004947181e+38,1.442699782716326e+39,1.6666722832110442e+39,5.8275254657728815e+38,9.148938197386335e+38,6.940094023212904e+38,4.330570482425037e+38,0.8656169525641788,0.5489344419743879,0.4164042381410447,0.7431233905128358
0.845,0.012459712206296387,20.551556425310856,0.06123454520023911,0.010275778212655429,0.010353960064838826,2.0,7.9146034985699645,2.52,2.5170204424456717,2.075832299427802,20.476551563072427,0.010238275781536214,2.0,2.517009528434921,2.079488570675653,0.10726143471444058,0.6929254609686538,0.19981310431690558,2.2284786155301745e+38,1.4396316588865674e+39,1.662479520439585e+39,5.812865456082465e+38,9.128055248736044e+38,6.924038188095589e+38,4.320068735761808e+38,0.8659545222583596,0.5490627184581767,0.4164886305645899,0.743190904451672
0.846,0.012361487741064273,20.49989261961302,0.0607518108997642,0.010249946309806511,0.010327932132570251,2.0,7.9146034985699645,2.52,2.5170364815061697,2.0783493278969964,20.425076531671923,0.010212538265835961,2.0,2.5170256262782877,2.082005588260254,0.10699179411850337,0.6931936281976125,0.19981457768388405,2.2172886260154155e+38,1.4365684397501953e+39,1.6582973023517368e+39,5.798242315915164e+38,9.107214136224564e+38,6.908015704078961e+38,4.30959143458227e+38,0.8662912480849521,0.5491906742722819,0.416572812021238,0.7432582496169904
0.847,0.012264037615191731,20.448358362577473,0.06027288217021492,0.010224179181288736,0.01030196946227273,2.0,7.9146034985699645,2.52,2.5170524341807057,2.080866372362019,20.373730573821362,0.01018686528691068,2.0,2.5170416374187425,2.0845226218993083,0.10672282965507383,0.6934611309091541,0.19981603943577214,2.206154754305829e+38,1.433510126957914e+39,1.654125602388497e+39,5.7836559524073324e+38,9.086414807694766e+38,6.892026522171779e+38,4.299138527108482e+38,0.8666271321161935,0.5493183102041534,0.41665678302904835,0.7433254264232386
0.848,0.012167355724278565,20.396953331938352,0.05979772901088472,0.010198476665969175,0.010276071891591278,2.0,7.9146034985699645,2.52,2.517068300935059,2.083383432736717,20.32251336845066,0.01016125668422533,2.0,2.5170575623237763,2.087039671506347,0.10645453964220157,0.6937279706936625,0.19981748966413587,2.1950767197010373e+38,1.4304567220836743e+39,1.649964394053778e+39,5.769106272915308e+38,9.065657210836274e+38,6.876070593316741e+38,4.288709961634226e+38,0.8669621764195784,0.5494456270394398,0.4167405441048946,0.7433924352839159
0.849,0.012071436012047805,20.345677206211025,0.0593263216575736,0.010172838603105513,0.010250239258534605,2.0,7.9146034985699645,2.52,2.517084082232492,2.0859005089354032,20.271424595267977,0.010135712297633988,2.0,2.5170734014583553,2.089556736995366,0.1061869224020135,0.6939941491381671,0.1998189284598193,2.1840542428907394e+38,1.4274082266252984e+39,1.6458136509143722e+39,5.754593185015288e+38,9.044941293187753e+38,6.86014786839199e+38,4.278305686525357e+38,0.8672963830578673,0.5495726255619896,0.41682409576446683,0.7434592766115735
0.85,0.011976272469966331,20.2945296646904,0.05885863058072367,0.010147264832345201,0.010224471401475168,2.0,7.9146034985699645,2.52,2.5170997785337628,2.0884176008728503,20.220463934757962,0.010110231967378982,2.0,2.5170891552849315,2.092073818280827,0.10591997626070508,0.6942596678263444,0.1998203559129505,2.1730870459481287e+38,1.424364642005101e+39,1.641673346599914e+39,5.7401165965031964e+38,9.024267002139195e+38,6.84425829821258e+38,4.267925650220179e+38,0.8676297540890926,0.5496993065538552,0.41690743852227313,0.7435259508178185
0.851,0.011881859136868471,20.243510387449163,0.05839462648356928,0.010121755193724581,0.010198768159190172,2.0,7.9146034985699645,2.52,2.517115390297141,2.0909347084642915,20.16963106818007,0.010084815534090035,2.0,2.5171048242634595,2.094590915277653,0.10565369954853114,0.694524528338522,0.199821772112947,2.1621748523320064e+38,1.4213259695762138e+39,1.6375434548094143e+39,5.725676415417533e+38,9.003634284970324e+38,6.828401833559363e+38,4.257569801246885e+38,0.8679622915665679,0.5498256707952958,0.416990572891642,0.7435924583133137
0.852,0.011788190098582636,20.19261905533604,0.05793428030030203,0.01009630952766802,0.010173129371011135,2.0,7.9146034985699645,2.52,2.517130917978419,2.0934518316254174,20.118925677566814,0.010059462838783407,2.0,2.517120408851408,2.097108027901224,0.10538809059979673,0.694788732251682,0.19982317714852127,2.1513173869117547e+38,1.4182922106440578e+39,1.6334239493352334e+39,5.7112725501231935e+38,8.983043088984931e+38,6.812578425280612e+38,4.2472380882863446e+38,0.8682939975388941,0.5499517190647797,0.4170734993847236,0.7436587995077788
0.853,0.011695259487560774,20.141855349974108,0.057477563194249744,0.010070927674987054,0.01014755487668236,2.0,7.9146034985699645,2.52,2.517146362030928,2.0959689702723723,20.06834744572208,0.010034173722861039,2.0,2.517135909503774,2.0996251560673773,0.10512314775284837,0.695052281139465,0.1998245711076866,2.1405143759304676e+38,1.4152633664472608e+39,1.6293148040403074e+39,5.696904909231844e+38,8.962493361388268e+38,6.796788024198767e+38,4.236930460113383e+38,0.8686248740499682,0.550077452138988,0.41715621851249207,0.7437249748099937
0.854,0.011603061482510882,20.091218953759054,0.05702444655607037,0.010045609476879526,0.010122044516306408,2.0,7.9146034985699645,2.52,2.517161722905548,2.098486124321753,20.017896056219374,0.010008948028109687,2.0,2.517151326673097,2.102142299692404,0.10485886935006489,0.6953151765721727,0.19982595407776238,2.12976554698686e+38,1.4122394381506672e+39,1.6252159928493532e+39,5.6825734015711654e+38,8.941985049241112e+38,6.781030581075374e+38,4.226646865574352e+38,0.8689549231389901,0.5502028707928163,0.41723873078474755,0.7437909846277979
0.855,0.011511590308032305,20.04070954985745,0.05657490200195966,0.010020354774928726,0.010096598130344213,2.0,7.9146034985699645,2.52,2.5171770010507255,2.101003293690607,19.967571193400147,0.009983785596700073,2.0,2.51716666080947,2.1046594586930456,0.10459525373784855,0.6955774201167719,0.19982732614537957,2.1190706290288556e+38,1.4092204268459527e+39,1.621127489748838e+39,5.668277936184749e+38,8.921518099462063e+38,6.7653060466125585e+38,4.216387253587512e+38,0.8692841468404707,0.5503279757993788,0.4173210367101177,0.7438568293680942
0.856,0.011420840234254027,19.990326822205052,0.05612890137187345,0.009995163411102527,0.010071215559615111,2.0,7.9146034985699645,2.52,2.5171921969124824,2.103520478296427,19.917372542372064,0.009958686271186032,2.0,2.5171819123605554,2.1071766329864943,0.10433229926661601,0.6958390133368977,0.19982868739648624,2.10842935234718e+38,1.406206333552225e+39,1.617049268786943e+39,5.654018422331969e+38,8.90109245882973e+38,6.74961437145445e+38,4.206151573143366e+38,0.8696125471842393,0.550452767930011,0.4174031367960599,0.7439225094368479
0.857,0.011330805576475655,19.940070455505086,0.05568641672776331,0.009970035227752543,0.01004589664529685,2.0,7.9146034985699645,2.52,2.517207310934431,2.1060376780571524,19.867299789007312,0.009933649894503656,2.0,2.5171970817715965,2.109693822490387,0.10407000429078953,0.6960999577928576,0.1998300379163529,2.0978414485689837e+38,1.4031971592166236e+39,1.612981304073522e+39,5.6397947694878394e+38,8.880708073984917e+38,6.733955506188603e+38,4.195939773305008e+38,0.8699401261954515,0.5505772479542715,0.41748503154886285,0.7439880252390904
0.858,0.011241480694811389,19.88994013522654,0.05524742035182676,0.00994497006761327,0.010020641228925603,2.0,7.9146034985699645,2.52,2.517222343557788,2.108554892891163,19.817352619940888,0.009908676309970443,2.0,2.517212169485432,2.112211027122805,0.10380836716878795,0.6963602550416341,0.19983137778957788,2.0873066506514897e+38,1.4001929047149093e+39,1.6089235697800582e+39,5.625606887342861e+38,8.860364891432783e+38,6.71832940134739e+38,4.1857518032084445e+38,0.8702668858945968,0.5507014166399468,0.41756672147364926,0.7440533771789194
0.859,0.011152859993836691,19.839935547602426,0.05481188474477079,0.009919967773801212,0.009995449152395966,2.0,7.9146034985699645,2.52,2.5172372952213853,2.1110721227172813,19.7675307225689,0.00988376536128445,2.0,2.517227175942507,2.1147282468022723,0.1035473862630177,0.6966199066368898,0.1998327071000925,2.076824692875662e+38,1.3971935708520587e+39,1.604876040139625e+39,5.6114546858028846e+38,8.840062857544997e+38,6.702736007409397e+38,4.17558761206293e+38,0.8705928282975065,0.5508252747530523,0.4176482070743766,0.7441185656595013
0.86,0.011064937922237835,19.790056379628126,0.05437978262408953,0.009895028189814064,0.009970320257960928,2.0,7.9146034985699645,2.52,2.5172521663616854,2.1135893674547646,19.71783378504687,0.009858916892523436,2.0,2.517242101580888,2.1172454814477506,0.10328705993986403,0.6968789141289695,0.19983402593116645,2.066395310839911e+38,1.394199158362845e+39,1.6008386894468362e+39,5.597338074988937e+38,8.81980191856185e+38,6.687175274800785e+38,4.165447149151278e+38,0.8709179554153612,0.5509488230578372,0.4177294888538403,0.7441835910830722
0.861,0.010977708972464102,19.740302319059627,0.05395108692235496,0.009870151159529814,0.009945254388285071,2.0,7.9146034985699645,2.52,2.517266957412792,2.1161066270233078,19.668261496288043,0.00983413074814402,2.0,2.5172569468362753,2.1197627309786395,0.10302738656968201,0.6971372790649049,0.19983533436541306,2.056018241464811e+38,1.3912096679198654e+39,1.5968114920663464e+39,5.583256965266946e+38,8.799582020641452e+38,6.671647153932357e+38,4.155330363852415e+38,0.871242269254699,0.5510720623167857,0.4178105673136748,0.7442484538509399
0.862,0.010891167680382808,19.690673054411874,0.05352577078552147,0.009845336527205937,0.009920251386564575,2.0,7.9146034985699645,2.52,2.517281668806464,2.118623901343038,19.618813545961682,0.00980940677298084,2.0,2.5172717121420147,2.122279995314773,0.10276836452678777,0.697395002988418,0.19983663248479427,2.045693223011479e+38,1.3882251001509343e+39,1.592794422452082e+39,5.5692112673149725e+38,8.77940310996813e+38,6.6561515952815e+38,4.145237205691866e+38,0.8715657718174222,0.5511949932906204,0.4178914429543556,0.7443131543634846
0.863,0.010805308624937027,19.641168274957057,0.05310380757124372,0.009820584137478529,0.009895311096383154,2.0,7.9146034985699645,2.52,2.5172963009721294,2.1211411903345114,19.569489624491386,0.009784744812245692,2.0,2.517286397929112,2.1247972743764176,0.10250999218944955,0.6976520874399245,0.19983792037062598,2.0354199950452683e+38,1.385245455619537e+39,1.5887874551240637e+39,5.5552008920421816e+38,8.759265132627181e+38,6.64068854929697e+38,4.135167624281901e+38,0.8718884651008069,0.5513176167383066,0.4179721162752017,0.7443776930201613
0.864,0.010720126427806027,19.591787670722898,0.05268517084720783,0.009795893835361448,0.009870433361677599,2.0,7.9146034985699645,2.52,2.5173108543368947,2.123658493918715,19.520289423053406,0.009760144711526702,2.0,2.5173010046262436,2.127314568084268,0.1022522679398789,0.6979085339565381,0.19983919810358292,2.0251982984224466e+38,1.3822707348205923e+39,1.584790564662837e+39,5.54122575056936e+38,8.739168034576492e+38,6.625257966377155e+38,4.1251215693074664e+38,0.8722103510975089,0.5514399334170533,0.41805258777437726,0.7444420702195017
0.865,0.010635615753068317,19.54253093249097,0.05226983438947538,0.009771265466245484,0.009845618026737758,2.0,7.9146034985699645,2.52,2.5173253293255597,2.12617581201706,19.47121263357495,0.009735606316787476,2.0,2.5173155326597714,2.129831876359449,0.10199519016422182,0.6981643440720742,0.199840465763704,2.0150278752840473e+38,1.379300938181025e+39,1.5808037257094298e+39,5.527285754228775e+38,8.719111761648641e+38,6.609859796871422e+38,4.115098990526503e+38,0.8725314317955729,0.5515619440823177,0.4181328579488932,0.7445062863591146
0.866,0.010551771306867436,19.49339775179503,0.05185777218084086,0.009746698875897514,0.009820864936206498,2.0,7.9146034985699645,2.52,2.5173397263606305,2.1286931445513817,19.42225894873251,0.009711129474366255,2.0,2.5173299824537545,2.132349199123508,0.10173875725254998,0.698419519317053,0.19984172343039702,2.0049084690497487e+38,1.3763360660603292e+39,1.5768269129653042e+39,5.5133808145640005e+38,8.69909625955292e+38,6.5944939910814315e+38,4.105099837770242e+38,0.8728517091784401,0.5516836494878072,0.41821292729461,0.744570341835688
0.867,0.01046858783708033,19.44438782091927,0.05144895840920196,0.009722193910459635,0.00979617393507966,2.0,7.9146034985699645,2.52,2.517354045862331,2.131210491443937,19.373428061950165,0.009686714030975083,2.0,2.51734435442996,2.134866536298417,0.10148296759885178,0.6986740612187043,0.19984297118244382,1.9948398244117747e+38,1.3733761187511344e+39,1.5728601011923117e+39,5.4995108433297616e+38,8.679121473877397e+38,6.57916049926246e+38,4.0951240609435125e+38,0.8731711852249555,0.5518050503854831,0.41829279630623895,0.7446342370449911
0.868,0.010386060132988336,19.395500832896712,0.051043367465942506,0.009697750416448356,0.009771544868706006,2.0,7.9146034985699645,2.52,2.5173682882486146,2.133727852617401,19.324719667397922,0.009662359833698961,2.0,2.5173586490078788,2.137383887806568,0.10122781960102378,0.6989279713009711,0.1998442090980052,1.9848216873288304e+38,1.370421096479766e+39,1.568903265212649e+39,5.48567575249178e+38,8.65918735009094e+38,6.5638592716247136e+38,4.0851716100250465e+38,0.8734898619093762,0.551926147525563,0.418372465477344,0.7446979723818753
0.869,0.010304183024950824,19.346736481507456,0.05064097394432856,0.009673368240753728,0.009746977582787161,2.0,7.9146034985699645,2.52,2.5173824539351775,2.1362452279948676,19.27613345999004,0.00963806672999502,2.0,2.517372866604735,2.139901253570772,0.1009733116608617,0.6991812510845126,0.19984543725462578,1.9748538050200486e+38,1.367470999406799e+39,1.5649563799088038e+39,5.471875454226587e+38,8.639293833545204e+38,6.548590258334606e+38,4.0752424350677555e+38,0.873807741201379,0.552046941656524,0.41845193530034486,0.7447615482402759
0.87,0.010222951384081299,19.29809446127705,0.05024175263791661,0.009649047230638525,0.009722471923377527,2.0,7.9146034985699645,2.52,2.5173965433354715,2.138762617499843,19.22766913538333,0.009613834567691664,2.0,2.5173870076354987,2.142418633514256,0.10071944218405181,0.6994339020867093,0.19984665572923882,1.9649359259589762e+38,1.364525827627613e+39,1.5610194202235108e+39,5.458109860921366e+38,8.619440869476654e+38,6.533353409516054e+38,4.065336486199034e+38,0.8741248250660691,0.5521674335251063,0.41853120626651724,0.7448249650132138
0.871,0.010142360121926165,19.24957446747478,0.04984567853897482,0.00962478723373739,0.009698027736915112,2.0,7.9146034985699645,2.52,2.5174105568607144,2.141280021056247,19.17932638997554,0.009589663194987769,2.0,2.5174010725128997,2.144936027560659,0.10046620958016213,0.6996859258216668,0.1998478645981711,1.9550677998738038e+38,1.3615855811772768e+39,1.557092361164657e+39,5.444378885191109e+38,8.599628403035897e+38,6.518148675272506e+38,4.055453713633951e+38,0.8744411154639875,0.5522876238763152,0.4186102788659969,0.7448882230927976
0.872,0.010062404190145952,19.20117619611203,0.04945272683691636,0.009600588098056015,0.009673644870348405,2.0,7.9146034985699645,2.52,2.5174244949199034,2.143797438588409,19.13110492090363,0.009565552460451815,2.0,2.517415061647439,2.147453435634034,0.10021361226263373,0.6999373238002184,0.19984906393714785,1.945249177766853e+38,1.3586502600489368e+39,1.553175177825622e+39,5.430682439949727e+38,8.579856379402328e+38,6.502976005773586e+38,4.045594067728644e+38,0.874756614351118,0.5524075134534249,0.41868915358777953,0.7449513228702237
0.873,0.009983078580199126,19.152899343940547,0.04906287291674549,0.009576449671970274,0.009649323171022938,2.0,7.9146034985699645,2.52,2.5174383579198274,2.146314870021067,19.083004426042137,0.009541502213021068,2.0,2.517428975447399,2.1499708576588423,0.0999616486487717,0.7001880975299313,0.19985025382129706,1.93547981188549e+38,1.3557198641784736e+39,1.5492678453670225e+39,5.417020438346233e+38,8.56012474368565e+38,6.487835351180229e+38,4.0357574989332084e+38,0.8750713236788973,0.552527102997981,0.41876783091972436,0.7450142647357795
0.874,0.009904378323028292,19.104743608450857,0.048676092357515355,0.009552371804225428,0.009625062486631718,2.0,7.9146034985699645,2.52,2.5174521462650783,2.1488323152793636,19.035024604001514,0.009517512302000757,2.0,2.5174428143188594,2.1524882935599527,0.09971031715973705,0.7004382485151083,0.19985143432515462,1.9257594557062147e+38,1.3527943934380987e+39,1.5453703390087202e+39,5.403392793736784e+38,8.540433440883959e+38,6.472726661612688e+38,4.0259439577712945e+38,0.8753852453942208,0.5526463932498038,0.4188463113485552,0.7450770490788441
0.875,0.009826298488748952,19.05670868787054,0.04829236093079835,0.00952835434393527,0.009600862665215227,2.0,7.9146034985699645,2.52,2.5174658603580617,2.151349774288846,18.987165154126462,0.009493582577063231,2.0,2.5174565786657044,2.155005743262638,0.09945961622053745,0.7006877782567937,0.1998526055226688,1.9160878639287903e+38,1.3498738476369066e+39,1.5414826340297857e+39,5.389799419684565e+38,8.520782415885774e+38,6.457649887151838e+38,4.016153394840417e+38,0.8756983814394521,0.5527653849469918,0.41892459535986304,0.7451396762878905
0.876,0.009748834186340687,19.00879428116258,0.047911654599168414,0.00950439714058129,0.009576723555161318,2.0,7.9146034985699645,2.52,2.5174795005990123,2.1538672469754627,18.93942577649428,0.009469712888247139,2.0,2.5174702688896393,2.1575232066925762,0.09920954426001881,0.7009366882527763,0.1998537674872049,1.9064647924704007e+38,1.3469582265214065e+39,1.5376047057684465e+39,5.376240229959604e+38,8.501171613471928e+38,6.44260497784041e+38,4.006385760812223e+38,0.8760107337524303,0.5528840788259236,0.4190026834381076,0.7452021467504859
0.877,0.009671980563340803,18.96100008802371,0.0475339495146954,0.009480500044011854,0.009552645005205139,2.0,7.9146034985699645,2.52,2.5174930673860016,2.15638473326556,18.891806171913203,0.009445903085956601,2.0,2.517483885390198,2.160040683775843,0.09896009971085655,0.7011849799975935,0.19985492029154994,1.896889998459826e+38,1.344047529776055e+39,1.5337365296220377e+39,5.362715138538593e+38,8.481600978317491e+38,6.427591883684212e+38,3.996641006432771e+38,0.8763223042664777,0.5530024756212615,0.4190805760666194,0.7452644608532957
0.878,0.009595732805540318,18.913325808882764,0.04715922201745102,0.009456662904441382,0.009528626864428999,2.0,7.9146034985699645,2.52,2.517506561114952,2.158902233085882,18.84430604192076,0.00942215302096038,2.0,2.517497428564759,2.1625581744389146,0.09871128100954707,0.701432654982536,0.1998560640079169,1.8873632402316444e+38,1.3411417570237839e+39,1.5298780810469483e+39,5.3492240596047146e+38,8.462070454993665e+38,6.412610554653356e+38,3.986919082522788e+38,0.8766330949104091,0.5531205760659554,0.4191582737276022,0.7453266189820819
0.879,0.009520086136682425,18.86577114489897,0.046787448634026854,0.009432885572449486,0.009504668982262276,2.0,7.9146034985699645,2.52,2.5175199821796483,2.1614197463635683,18.79692508878212,0.00939846254439106,2.0,2.517510898808553,2.1650756786086625,0.09846308659639873,0.7016797146956515,0.19985719870794977,1.8778842773204517e+38,1.3382409078265255e+39,1.5260293355585706e+39,5.33576690754745e+38,8.442579987969652e+38,6.3976609406834555e+38,3.977219939977939e+38,0.8769431076085381,0.5532383808912444,0.4192357769021346,0.7453886215217077
0.88,0.00944503581816329,18.81833579796038,0.04641860607606393,0.00940916789898019,0.009480771208481262,2.0,7.9146034985699645,2.52,2.5175333309717485,2.1639372730261504,18.749663015488455,0.009374831507744227,2.0,2.5175242965146776,2.1675931962123527,0.0982155149155238,0.7019261606217486,0.19985832446272755,1.868452870455119e+38,1.3353449816857303e+39,1.5221902687312422e+39,5.3223435969623854e+38,8.423129521614507e+38,6.38274299167681e+38,3.9675435297690704e+38,0.8772523442806864,0.5533558908266608,0.4193130860701716,0.7454504688561373
0.881,0.00937057714873525,18.771019470682145,0.046052671238794016,0.009385509735341073,0.0094569333932129,2.0,7.9146034985699645,2.52,2.517546607880796,2.166454813001551,18.70251952575528,0.00935125976287764,2.0,2.5175376220741077,2.1701107271776428,0.09796856441482929,0.7021719942424017,0.199859441342769,1.859068781553812e+38,1.332453978043429e+39,1.5183608561988103e+39,5.308954042653183e+38,8.403719000202412e+38,6.367856657506193e+38,3.957889802944083e+38,0.8775608068421917,0.5534731066000328,0.4193902017105479,0.7455121613684385
0.882,0.009296705464212266,18.72382186640491,0.045689621199592106,0.009361910933202456,0.009433155387032434,2.0,7.9146034985699645,2.52,2.517559813294231,2.1689723662180804,18.65549432402083,0.009327747162010415,2.0,2.5175508758757057,2.1726282714325813,0.0977222335460088,0.7024172170359544,0.19986054941803683,1.849731773737469e+38,1.3295678962965317e+39,1.5145410736702786e+39,5.295598159686289e+38,8.384348368001434e+38,6.353001888081887e+38,3.9482587106691095e+38,0.8778684972039152,0.5535900289374878,0.4194671243009789,0.7455736994407831
0.883,0.009223416137177799,18.676742689193162,0.04532943321654067,0.00933837134459658,0.009409437040964426,2.0,7.9146034985699645,2.52,2.5175729475974005,2.171489932604436,18.608587115444404,0.009304293557722202,2.0,2.5175640583062364,2.175145828905604,0.0974765207645336,0.7026618304775241,0.19986164875794238,1.8404416113240913e+38,1.3266867357975275e+39,1.5107308969299368e+39,5.282275863391387e+38,8.365017569276465e+38,6.338178633353693e+38,3.938650204229264e+38,0.8781754172722499,0.5537066585634549,0.4195438543180625,0.7456350834544501
0.884,0.009150704576694906,18.629781643833578,0.044972084727004966,0.009314890821916789,0.009385778206379727,2.0,7.9146034985699645,2.52,2.517586011173572,2.174007512089699,18.56179760590475,0.009280898802952376,2.0,2.517577169750375,2.1776633995255312,0.0972314245296443,0.7029058360390061,0.19986273943134958,1.8311980598027725e+38,1.323810495840508e+39,1.5069303018207852e+39,5.268987069303446e+38,8.345726548199658e+38,6.3233868432428404e+38,3.929064234985836e+38,0.8784815689491291,0.5538229962006691,0.41962039223728226,0.7456963137898256
0.885,0.009078566228018715,18.582938435833373,0.0446175533462199,0.009291469217916687,0.009362178734990855,2.0,7.9146034985699645,2.52,2.5175990044039436,2.1765251046033347,18.51512550199842,0.00925756275099921,2.0,2.5175902105907193,2.18018098322157,0.096986943304342,0.7031492351890782,0.19986382150657972,1.8220008858271994e+38,1.3209391756610429e+39,1.5031392642437627e+39,5.2557316931600105e+38,8.326475248848242e+38,6.308626467640133e+38,3.919500754374663e+38,0.878786954132034,0.553939042570173,0.41969673853300854,0.7457573908264068
0.886,0.009006996572311039,18.53621277141871,0.04426581686588751,0.009268106385709355,0.009338638478851857,2.0,7.9146034985699645,2.52,2.5176119276676547,2.1790427100751852,18.46857051103815,0.009234285255519075,2.0,2.5176031812078024,2.182698579923305,0.0967430755553802,0.7033920293932044,0.19986489505141536,1.8128498572100744e+38,1.3180727744366818e+39,1.4993577601576893e+39,5.242509650901011e+38,8.307263615206307e+38,6.293897456407083e+38,3.909959713906361e+38,0.8790915747140019,0.5540547983913207,0.41977289367850046,0.7458183149428004
0.887,0.008935991126357354,18.48960435753302,0.043916853252786006,0.009244802178766508,0.00931515729035815,2.0,7.9146034985699645,2.52,2.517624781341798,2.181560328435473,18.42213234105121,0.009211066170525604,2.0,2.5176160819801017,2.185216189560704,0.09649981975325579,0.7036342201136395,0.19986596013310465,1.8037447429175444e+38,1.3152112912874565e+39,1.495585765579211e+39,5.22932085866857e+38,8.288091591166597e+38,6.279199759377063e+38,3.900441065166579e+38,0.8793954325836346,0.5541702643817811,0.41984885814590867,0.7458790865167269
0.888,0.008865545442285959,18.443112901835388,0.04357064064738957,0.009221556450917694,0.00929173502224637,2.0,7.9146034985699645,2.52,2.51763756580143,2.1840779596147972,18.375810700777816,0.009187905350388909,2.0,2.517628913284052,2.1877338120641094,0.0962571743722009,0.7038758088094333,0.19986701681836572,1.794685313063668e+38,1.3123547252763771e+39,1.491823256582744e+39,5.216165232806798e+38,8.26895912053227e+38,6.264533326356431e+38,3.890944759816223e+38,0.879698529625106,0.5542854412575402,0.41992463240627653,0.7459397059250212
0.889,0.008795655107289338,18.396738112698944,0.04322715736249896,0.009198369056349472,0.009268371527594207,2.0,7.9146034985699645,2.52,2.5176502814195816,2.186595603544129,18.329605299669478,0.00916480264983474,2.0,2.5176416754940556,2.1902514473642407,0.09601513789017425,0.704116796936435,0.19986806517339067,1.7856713389049004e+38,1.3095030754099267e+39,1.4880702093004167e+39,5.203042689861597e+38,8.249866147018637e+38,6.2498981071256505e+38,3.881470749591689e+38,0.8800008677181708,0.5544003297329049,0.4200002169295427,0.7460001735436341
0.89,0.008726315743347776,18.350479699209192,0.04288638188188314,0.009175239849604597,0.00924506665982022,2.0,7.9146034985699645,2.52,2.5176629285672716,2.1891132601548127,18.28351584788739,0.009141757923943694,2.0,2.5176543689824933,2.1927690953921903,0.09577370878885257,0.7043571859472976,0.19986910526384982,1.776702592834596e+38,1.3066563406385512e+39,1.4843265999220108e+39,5.1899531465804575e+38,8.230812614254918e+38,6.2352940514404e+38,3.872018986305093e+38,0.8803024487381721,0.5545149305205054,0.4200756121845431,0.7460604897476345
0.891,0.008657523006955062,18.304337371162426,0.0425482928589313,0.009152168685581212,0.009221820272683664,2.0,7.9146034985699645,2.52,2.5176755076135144,2.191630929378563,18.237542056300825,0.009118771028150412,2.0,2.517666994119735,2.195286756079422,0.09553288555362231,0.704596977291482,0.1998701371548957,1.767778848377547e+38,1.303814519857145e+39,1.4805924046948998e+39,5.176896519912237e+38,8.21179846578593e+38,6.220721109032662e+38,3.862589421844482e+38,0.8806032745560499,0.5546292443312989,0.42015081863901244,0.74612065491121
0.892,0.008589272588846444,18.258310839064094,0.042212869115315826,0.009129155419532048,0.009198632220296248,2.0,7.9146034985699645,2.52,2.5176880189253326,2.1941486111474617,18.191683636485507,0.009095841818242753,2.0,2.517679551274152,2.197804429357769,0.0952926666735711,0.7048361724152616,0.19987116091116736,1.7588998801868202e+38,1.3009776119072285e+39,1.4768675999259106e+39,5.163872727013673e+38,8.19282364508447e+38,6.2061792296198924e+38,3.853182008179073e+38,0.8809033470383494,0.5547432718745727,0.42022583675958736,0.7461806694076699
0.893,0.008521560213728666,18.212399814127195,0.04188008963966551,0.009106199907063598,0.009175502357226932,2.0,7.9146034985699645,2.52,2.517700462867767,2.1966663053939572,18.145940300722003,0.009072970150361001,2.0,2.517692040812126,2.2003221151594317,0.09505305064147937,0.7050747727617266,0.19987217659679407,1.7500654640583354e+38,1.2981456155922826e+39,1.473152161998116e+39,5.1508816853080984e+38,8.173888095646528e+38,6.191668362976939e+38,3.8437966974034365e+38,0.8812026680472282,0.5548570138579467,0.42030066701180707,0.7462405336094458
0.894,0.008454381640012198,18.166604008270635,0.04154993358624962,0.009083302004135317,0.009152430538445533,2.0,7.9146034985699645,2.52,2.5177128398038877,2.1991840120508623,18.100311761994128,0.009050155880997064,2.0,2.5177044630980614,2.202839813416976,0.09481403595381178,0.7053127797707883,0.19987318427539985,1.741275376914494e+38,1.2953185296703048e+39,1.4694460673617543e+39,5.137923312453686e+38,8.154991760943017e+38,6.17718845889927e+38,3.834433441714199e+38,0.8815012394404659,0.5549704709873771,0.42037530986011645,0.7463002478880931
0.895,0.008387732659545486,18.120923134117653,0.041222380273671796,0.009060461567058826,0.009129416619257973,2.0,7.9146034985699645,2.52,2.5177251500948064,2.20170173105135,18.054797733987318,0.009027398866993658,2.0,2.5177168184943954,2.205357524063331,0.094575621110709,0.7055501948791842,0.19987418401010687,1.7325293967864143e+38,1.292496352845159e+39,1.4657492925238005e+39,5.124997526306995e+38,8.136134584363966e+38,6.1627394671604986e+38,3.82509219338321e+38,0.8817990630714713,0.5550836439671591,0.4204497657678678,0.7463598126142942
0.896,0.00832160909735138,18.07535690499417,0.04089740918357473,0.009037678452497085,0.009106460455305665,2.0,7.9146034985699645,2.52,2.517737394099683,2.204219462328956,18.009397931087047,0.009004698965543524,2.0,2.517729107361608,2.2078752470317884,0.09433780461597906,0.7057870195204812,0.19987517586353976,1.723827302808514e+38,1.2896790837669892e+39,1.4620618140478404e+39,5.11210424492252e+38,8.117316509219808e+38,6.148321337513155e+38,3.815772904757577e+38,0.8820961407892904,0.5551965334999304,0.4205240351973227,0.746419228157858
0.897,0.008256006811365594,18.029905034927214,0.040574999959354804,0.009014952517463606,0.009083561902565311,2.0,7.9146034985699645,2.52,2.517749572175741,2.206737205817573,17.96411206837722,0.008982056034188609,2.0,2.517741330058234,2.210392982255998,0.09410058497708924,0.7060232551250811,0.19987615989782953,1.7151688752132026e+38,1.2868667210326908e+39,1.458383608554011e+39,5.099243386552487e+38,8.098537478743049e+38,6.133934019689749e+38,3.806475528259876e+38,0.8823924744386153,0.5553091402866738,0.42059811860965385,0.746478494887723
0.898,0.008190921692177272,17.984567238643315,0.04025513240488703,0.008992283619321657,0.009060720817348706,2.0,7.9146034985699645,2.52,2.517761684678273,2.20925496145145,17.918939861638567,0.008959469930819284,2.0,2.517753486940873,2.212910729669967,0.09386396070515757,0.7062589031202251,0.1998771361746174,1.7065538953255906e+38,1.2840592631863796e+39,1.4547146527189385e+39,5.0864148696466394e+38,8.079797436089906e+38,6.119577463403827e+38,3.797200016388361e+38,0.8826880658597925,0.5554214650267211,0.4206720164649482,0.7465376131719585
0.899,0.008126349662771523,17.939343231566884,0.039937786483259775,0.008969671615783442,0.009037937056302521,2.0,7.9146034985699645,2.52,2.517773731960656,2.21177272916519,17.87388102734707,0.008936940513673535,2.0,2.5177655783641977,2.21542848920806,0.09362793031494439,0.706493964929997,0.19987810475505846,1.6979821455582265e+38,1.2812567087198539e+39,1.4510549232756766e+39,5.073618612852016e+38,8.061096324341933e+38,6.105251618350988e+38,3.787946321717155e+38,0.8829829168888297,0.5555335084177553,0.42074572922220743,0.7465965833777659
0.9,0.00806228667827406,17.89423272981864,0.03962294231551971,0.00894711636490932,0.009015210476408088,2.0,7.9146034985699645,2.52,2.5177857143743587,2.2142905088937486,17.828935282672358,0.00891446764133618,2.0,2.517777604680969,2.2179462608049936,0.09339249232484424,0.7067284419753299,0.1998790656998259,1.6894534094058534e+38,1.2784590560730592e+39,1.4474043970136444e+39,5.060854535012744e+38,8.042434086507642e+38,6.090956434209937e+38,3.7787143968964666e+38,0.8832770293574059,0.5556452711558143,0.4208192573393515,0.7466554058714813
0.901,0.007998728725697814,17.849235450213996,0.03931058017942655,0.008924617725106998,0.008992540934981169,2.0,7.9146034985699645,2.52,2.517797632268952,2.2168083005724317,17.78410234547611,0.008892051172738055,2.0,2.5177895662420418,2.220464044395837,0.09315764525687734,0.7069623356740081,0.19988001906911457,1.6809674714401886e+38,1.275666303634543e+39,1.4437630507785618e+39,5.048122555169797e+38,8.0238106655241e+38,6.0766918606434815e+38,3.769504194652759e+38,0.8835704050928779,0.5557567539352936,0.4208926012732195,0.7467140810185756
0.902,0.00793567182369158,17.804351110261457,0.03900068050821773,0.008902175555130728,0.008969928289671731,2.0,7.9146034985699645,2.52,2.5178094859921214,2.2193261041368957,17.73938193431049,0.008869690967155244,2.0,2.5178014633963777,2.222981839916009,0.09292338763668119,0.7071956474406742,0.19988096492264468,1.672524117304724e+38,1.2728784497419133e+39,1.4401308614723858e+39,5.03542259256079e+38,8.00522600425852e+38,6.062457847299555e+38,3.76031566778896e+38,0.8838630459182897,0.5558679574489501,0.42096576147957243,0.746772609183658
0.903,0.007873112022290574,17.759579428161064,0.0386932238893825,0.008879789714080532,0.008947372398469848,2.0,7.9146034985699645,2.52,2.5178212758896743,2.221843919523141,17.694773768416542,0.008847386884208271,2.0,2.517813296491055,2.2254996473012767,0.0926897179935026,0.7074283786868318,0.19988190331966565,1.6641231337107003e+38,1.2700954926831624e+39,1.4365078060542323e+39,5.02275456662319e+38,7.986680045515329e+38,6.048254343816371e+38,3.75114876918722e+38,0.8841549536523804,0.5559788823879046,0.42103873841309514,0.7468309907304761
0.904,0.007811045402669045,17.714920122802788,0.03838819106344612,0.008857460061401394,0.008924873119793408,2.0,7.9146034985699645,2.52,2.5178330023055517,2.2243617466675145,17.650277567722632,0.008825138783861316,2.0,2.5178250658712784,2.228017466487753,0.09245663486018918,0.7076605308208508,0.19988283431895998,1.6557643084482535e+38,1.2673174307096044e+39,1.4328938615544298e+39,5.010118397043461e+38,7.968172732116242e+38,6.03408129988287e+38,3.742003451845964e+38,0.8844461301095916,0.5560895294416448,0.42111153252739786,0.7468892260219182
0.905,0.007749468076894768,17.670372913764936,0.03808556292276328,0.008835186456882468,0.008902430312461873,2.0,7.9146034985699645,2.52,2.5178446655818396,2.2268795855067056,17.605893052842845,0.008802946526421423,2.0,2.51783677188039,2.2305352974118953,0.09222413677318107,0.7078921052479723,0.1998837579788466,1.6474474303762561e+38,1.2645442620326563e+39,1.429289005070282e+39,4.997514003742245e+38,7.949704006878715e+38,6.019938665222205e+38,3.732879668869203e+38,0.8847365771000774,0.5561998992980295,0.4211841442750194,0.7469473154200156
0.906,0.007688376187685508,17.625937521312583,0.0377853205103212,0.00881296876065629,0.008880043835625436,2.0,7.9146034985699645,2.52,2.5178562660587764,2.2293974359777455,17.56161994507543,0.008780809972537716,2.0,2.5178484148598765,2.2330531400105036,0.09199222227250274,0.7081231033703126,0.19988467435718477,1.6391722894040231e+38,1.2617759848142628e+39,1.425693213754665e+39,4.984941306834494e+38,7.931273812554463e+38,6.005826389544987e+38,3.723777373437104e+38,0.8850262964297104,0.5563099926432901,0.4212565741074276,0.7470052592859421
0.907,0.007627765908167414,17.581613666396006,0.03748744501855227,0.008790806833198004,0.00885771354876336,2.0,7.9146034985699645,2.52,2.517867804074765,2.2319152980180026,17.517457966401235,0.008758728983200617,2.0,2.5178599951493843,2.2355709942207187,0.09176088990175481,0.7083535265868677,0.19988558351137753,1.6309386764859806e+38,1.2590125971671397e+39,1.422106464815738e+39,4.972400226628454e+38,7.912882091829754e+38,5.991744422549325e+38,3.714696518805589e+38,0.8853152899000918,0.5564198101620349,0.42132882247502296,0.7470630579800184
0.908,0.007567633441635257,17.537401070649057,0.03719191778815569,0.008768700535324529,0.008835439311683737,2.0,7.9146034985699645,2.52,2.51787927996638,2.2344331715651866,17.473406839482102,0.008736703419741051,2.0,2.5178715130867255,2.2380888599800186,0.09153013820810563,0.7085833762935189,0.1998864854983755,1.6227463836166133e+38,1.2562540971552147e+39,1.418528735516876e+39,4.959890683625441e+38,7.894528787326943e+38,5.977692713921789e+38,3.705637058306512e+38,0.8856035593085589,0.5565293525372523,0.42140088982713975,0.7471207118617118
0.909,0.007507975021314637,17.49329945638766,0.03689872030692881,0.00874664972819383,0.008813220984523227,2.0,7.9146034985699645,2.52,2.517890694068382,2.236951056557339,17.42946628765934,0.008714733143829671,2.0,2.517882969007889,2.2406067372262197,0.09129996574228331,0.7088126538830364,0.1998873803746803,1.6145952038254443e+38,1.2535004827940627e+39,1.4149600031766073e+39,4.947412598519606e+38,7.876213841605974e+38,5.9636712133383714e+38,3.696598945347828e+38,0.8858911064481926,0.5566386204503132,0.42147277661204813,0.7471782212896385
0.91,0.0074487869101259995,17.449308546608187,0.03660783420860739,0.008724654273304093,0.008791058427746813,2.0,7.9146034985699645,2.52,2.5179020467137234,2.239468952932838,17.385636034952135,0.008692818017476067,2.0,2.51789436324705,2.2431246258974737,0.09107037105856737,0.7090413607450845,0.19988826819634814,1.6064849311720283e+38,1.2507517520513406e+39,1.4114002451685435e+39,4.934965892197705e+38,7.857937197165889e+38,5.949679870465439e+38,3.6875821334137695e+38,0.8861779331078273,0.5567476145809743,0.42154448327695687,0.7472355866215655
0.911,0.007390065400450577,17.40542806498592,0.03631924127171525,0.00870271403249296,0.008768951502147522,2.0,7.9146034985699645,2.52,2.517913338233561,2.2419868606303917,17.341915806056,0.008670957903028,2.0,2.5179056961365807,2.2456425259322645,0.0908413527147806,0.7092694982662262,0.19988914901899324,1.5984153607409703e+38,1.2480079028472173e+39,1.4078494389213142e+39,4.922550485738861e+38,7.839698796446318e+38,5.935718634960672e+38,3.678586576065009e+38,0.8864640410720577,0.556856335607382,0.4216160102680145,0.7472928082144115
0.912,0.007331806813898095,17.361657735873468,0.03603292341842268,0.008680828867936734,0.008746900068846174,2.0,7.9146034985699645,2.52,2.517924568957262,2.24450477958904,17.29830532634122,0.00864915266317061,2.0,2.5179169680070594,2.2481604372694073,0.0906129092722809,0.7094970678299275,0.19989002289779156,1.5903862886369695e+38,1.2452689330548048e+39,1.4043075619185016e+39,4.9101663004143416e+38,7.821498581828961e+38,5.9217874564740155e+38,3.669612226938835e+38,0.8867494321212473,0.556964784206074,0.4216873580303119,0.7473498864242494
0.913,0.007274007501076383,17.317997284299228,0.03574886271341415,0.008658998642149614,0.008724903989291075,2.0,7.9146034985699645,2.52,2.517935739212419,2.24702270974815,17.25480432185129,0.008627402160925644,2.0,2.5179281791872805,2.2506783598480484,0.09038503929595317,0.7097240708165629,0.19989088988748388,1.5823975119798737e+38,1.2425348405005784e+39,1.400774591698566e+39,4.897813257687293e+38,7.803336495639042e+38,5.907886284648578e+38,3.660659039749294e+38,0.8870341080315374,0.5570729610519841,0.4217585270078844,0.7474068216063074
0.914,0.0072166638413627545,17.27444643596578,0.03546704136276475,0.00863722321798289,0.008702963125257755,2.0,7.9146034985699645,2.52,2.5179468493248547,2.249540651047417,17.211412519301355,0.008605706259650677,2.0,2.5179393300042636,2.253196293607661,0.090157741354201,0.7099505086034195,0.19989175004237958,1.5744488288997667e+38,1.2398056229648029e+39,1.3972505058547795e+39,4.885491279212516e+38,7.785212480146766e+38,5.8940150691215665e+38,3.65172696828736e+38,0.8873180705748549,0.5571808668184448,0.42182951764371374,0.7474636141149711
0.915,0.0071597722426772325,17.23100491724839,0.035187441712825646,0.008615502458624196,0.008681077338881042,2.0,7.9146034985699645,2.52,2.5179578996186343,2.25205860342686,17.168129646076686,0.008584064823038343,2.0,2.517950420783264,2.255714238488044,0.08993101401893883,0.7101763825647013,0.19989260341635984,1.5665400385379157e+38,1.2370812781865621e+39,1.3937352820403536e+39,4.873200286854384e+38,7.767126477597714e+38,5.880173759547113e+38,3.642815966434665e+38,0.8876013215189197,0.5572885021771895,0.42190033037972996,0.7475202643037839
0.916,0.0071033291412575025,17.18767245519342,0.0349100462491181,0.008593836227596711,0.008659246492723005,2.0,7.9146034985699645,2.52,2.5179688904160744,2.254576566826822,17.124955430231104,0.008562477715115552,2.0,2.5179614518477815,2.2582321944293224,0.08970485586558355,0.7104016940715353,0.19989345006288117,1.558670941054105e+38,1.2343618038739125e+39,1.390228897979323e+39,4.860940202724905e+38,7.749078430275378e+38,5.866362305643427e+38,3.633925988192296e+38,0.8878838626272544,0.5573958677983567,0.4219709656568136,0.7475767725254511
0.917,0.007047331001435699,17.144448777516786,0.03463483759523646,0.008572224388758393,0.00863747044968723,2.0,7.9146034985699645,2.52,2.5179798220377516,2.2570945411879673,17.08188960048545,0.008540944800242724,2.0,2.5179724235195704,2.2607501613719423,0.08947926547304662,0.7106264444919749,0.1998942900349785,1.5508413376062189e+38,1.2316471976921361e+39,1.386731331452758e+39,4.848710949135517e+38,7.731068280426185e+38,5.852580657135856e+38,3.625056987645103e+38,0.8881656956591918,0.5575029643504928,0.42204142391479793,0.7476331391318385
0.918,0.006991774315416907,17.10133361260241,0.03436179851175955,0.008550666806301205,0.00861574907299976,2.0,7.9146034985699645,2.52,2.517990694802513,2.2596125264512787,17.038931886226045,0.008519465943113022,2.0,2.5179833361186486,2.2632681392566707,0.08925424142372596,0.7108506351910053,0.19989512338526877,1.5430510303420233e+38,1.2289374572614825e+39,1.383242560295685e+39,4.836512448586311e+38,7.71309597024414e+38,5.838828763745075e+38,3.616208918953975e+38,0.8884468223698829,0.5576097925005555,0.4221117055924707,0.7476893644739765
0.919,0.006936655603059463,17.058326689500685,0.03409091189517098,0.008529163344750342,0.008594082226208806,2.0,7.9146034985699645,2.52,2.5180015090274854,2.2621305225580586,16.99608201750315,0.008498041008751574,2.0,2.5179941899633067,2.265786128024595,0.0890297823034978,0.7110742675305481,0.19989595016595413,1.5352998223943664e+38,1.2262325801575768e+39,1.3797625623970136e+39,4.8243446237657815e+38,7.695161441872221e+38,5.8251065751879695e+38,3.607381736355989e+38,0.8887272445103058,0.5577163529139162,0.42218181112757647,0.7477454489020611
0.92,0.006881971411656914,17.015427737926892,0.03382216077678754,0.008507713868963446,0.008572469773184458,2.0,7.9146034985699645,2.52,2.518012265028084,2.2646485294499255,16.953339725029423,0.008476669862514712,2.0,2.5180049853701183,2.268304127617118,0.08880588670170855,0.7112973428694662,0.1998967704288252,1.527587517876403e+38,1.223532563911829e+39,1.3762913156994694e+39,4.812207397550592e+38,7.677264637403783e+38,5.811414041178512e+38,3.598575394164557e+38,0.8890069638272736,0.557822646254364,0.42225174095681844,0.7478013927654547
0.921,0.0068277183157217595,16.97263648825972,0.03355552832169638,0.00848631824412986,0.008550911578118386,2.0,7.9146034985699645,2.52,2.518022963118022,2.2671665470688116,16.910704740178392,0.008455352370089196,2.0,2.518015722653949,2.2708221379759603,0.08858255321116709,0.7115198625635688,0.1998975842252642,1.5199139218768493e+38,1.2208374060118406e+39,1.3728287981995254e+39,4.800100693005334e+38,7.65940549888395e+38,5.797751111428652e+38,3.5897898467695725e+38,0.8892859820634426,0.5579286731841081,0.4223214955158606,0.7478571964126886
0.922,0.006773892916770862,16.929952671539695,0.033290997827700376,0.008464976335769847,0.008529407505523534,2.0,7.9146034985699645,2.52,2.51803360360932,2.2696845753569623,16.868176794982926,0.008434088397491463,2.0,2.518026402127964,2.273340159043156,0.08835978042813643,0.7117418279656151,0.19989839160624845,1.5122788404552441e+38,1.2181471039018032e+39,1.3693749879473278e+39,4.788024433382265e+38,7.641583968310972e+38,5.784117735649163e+38,3.581025048637543e+38,0.8895643009573201,0.5580344343637815,0.42239107523933,0.747912860191464
0.923,0.006720491843112586,16.887376019467656,0.03302855272427202,0.008443688009733828,0.008507957420233806,2.0,7.9146034985699645,2.52,2.518044186812315,2.2722026142569343,16.82575562213371,0.008412877811066855,2.0,2.5180370241036414,2.2758581907610504,0.08813756695232591,0.7119632404253208,0.19989919262235334,1.504682080637241e+38,1.2154616549829021e+39,1.3659298630466262e+39,4.7759785421210704e+38,7.623799987637606e+38,5.770513863550508e+38,3.572280954311739e+38,0.8898419222432742,0.5581399304524443,0.42246048056081853,0.7479683844486549
0.924,0.006667511749635559,16.844906264403207,0.03276817657151526,0.008422453132201604,0.008486561187403754,2.0,7.9146034985699645,2.52,2.5180547130356694,2.2747206637115935,16.783440954977706,0.008391720477488852,2.0,2.5180475888907754,2.2783762330723007,0.08791591138688302,0.7121841012893615,0.19989998732375552,1.497123450409913e+38,1.2127810566137088e+39,1.3624934016547002e+39,4.763962942848602e+38,7.606053498772432e+38,5.756939444843673e+38,3.563557518412311e+38,0.8901188476515401,0.5582451621075851,0.4225297119128851,0.748023769530308
0.925,0.006614949317599145,16.80254313936322,0.03250985305913576,0.00840127156968161,0.00846521867250825,2.0,7.9146034985699645,2.52,2.5180651825863802,2.2772387236641145,16.74123252751665,0.008370616263758325,2.0,2.518058096797491,2.2808942859198718,0.08769481233838565,0.7124044119013784,0.19990077576023602,1.4896027587170892e+38,1.2101053061105782e+39,1.359065581982287e+39,4.7519775593786265e+38,7.588344443581229e+38,5.743394429241019e+38,3.554854695636431e+38,0.8903950789082301,0.5583501299851275,0.4225987697270575,0.748079015781646
0.926,0.0065628012544255605,16.76028637802027,0.03225356600541921,0.008380143189010135,0.008443929741342152,2.0,7.9146034985699645,2.52,2.5180755957697887,2.279756794057977,16.69913007440552,0.00834956503720276,2.0,2.5180685481302496,2.2834123492470377,0.08747426841683388,0.7126241736019825,0.19990155798118364,1.4821198154546975e+38,1.2074344007480359e+39,1.3556463822935057e+39,4.740022315711558e+38,7.570672763888248e+38,5.7298787664571016e+38,3.546172440758411e+38,0.8906706177353402,0.5584548347394291,0.4226676544338351,0.7481341235470681
0.927,0.006511064293493602,16.718135714701152,0.03199929935621763,0.008359067857350575,0.008422694260050507,2.0,7.9146034985699645,2.52,2.518085952889587,2.282274874836966,16.65713333095103,0.008328566665475516,2.0,2.518078943193859,2.2859304229973763,0.08725427823564226,0.7128433877287601,0.1999023340355976,1.4746744314714884e+38,1.2047683377635372e+39,1.352235780910686e+39,4.72809713605135e+38,7.553038401504951e+38,5.716392406230216e+38,3.537510708642652e+38,0.8909454658507598,0.5585592770232888,0.42273636646269,0.7481890931701519
0.928,0.006459735193934059,16.67609088438534,0.03174703718394385,0.00833804544219267,0.008401512095184836,2.0,7.9146034985699645,2.52,2.5180962542478302,2.284792965945169,16.6152420331101,0.00830762101655505,2.0,2.5180892822914838,2.28844850711477,0.08703484041163174,0.7130620556162772,0.199903103972091,1.4672664185742439e+38,1.2021071143659583e+39,1.3488337562233827e+39,4.716201944837003e+38,7.535441298282082e+38,5.702935298361661e+38,3.5288694542675524e+38,0.8912196249682791,0.558663457487946,0.4228049062420698,0.7482439249936559
0.929,0.006408810740426655,16.63415162270347,0.0314967636865736,0.008317075811351736,0.008380383113627198,2.0,7.9146034985699645,2.52,2.5181065001449436,2.287311067326975,16.573455917488364,0.008286727958744182,2.0,2.5180995657246514,2.2909666015434045,0.08681595356502186,0.7132801785960845,0.19990386783889363,1.459895589509835e+38,1.1994507277251823e+39,1.3454402866761658e+39,4.7043366666998806e+38,7.517881396043257e+38,5.6895073926652875e+38,3.520248632693885e+38,0.8914930967975975,0.558767376783087,0.42287327419939935,0.7482986193595195
0.93,0.006358287742998669,16.592317665935838,0.031248463186655782,0.008296158832967918,0.008359307182575024,2.0,7.9146034985699645,2.52,2.5181166908797312,2.289829178927072,16.531774721338657,0.008265887360669329,2.0,2.5181097937932626,2.2934847062277646,0.0865976163194227,0.7134977579967223,0.19990462568385503,1.452561757958052e+38,1.196799174970359e+39,1.3420553507661642e+39,4.69250122645512e+38,7.500358636572927e+38,5.676108638958226e+38,3.511648199058691e+38,0.8917658830443319,0.5588710355568463,0.42294147076108296,0.7483531766088665
0.931,0.006308163036825091,16.55058875101088,0.03100212013033032,0.00827529437550544,0.008338284169540796,2.0,7.9146034985699645,2.52,2.5181268267493846,2.292347300690446,16.490198182559503,0.008245099091279752,2.0,2.518119966795601,2.2960028211126353,0.08637982730182717,0.7137147951437253,0.19990537755444765,1.4452647385270755e+38,1.1941524531902857e+39,1.3386789270429932e+39,4.680695549101376e+38,7.482872961617671e+38,5.662738987061701e+38,3.5030681085753965e+38,0.8920379854100251,0.5589744344558096,0.4230094963525063,0.748407597082005
0.932,0.0062584334820304025,16.508964615503654,0.030757719086354017,0.008254482307751826,0.008317313942351698,2.0,7.9146034985699645,2.52,2.5181369080494926,2.2948654325623807,16.44872603969361,0.008224363019846805,2.0,2.51813008502834,2.298520946143099,0.08616258514260292,0.7139312913596275,0.1999061234977696,1.4380043467489562e+38,1.1915105594337856e+39,1.3353109941086812e+39,4.668919559820564e+38,7.465424312887483e+38,5.649398386801827e+38,3.494508316533935e+38,0.8923094055921541,0.5590775741250185,0.4230773513980386,0.7484618811184308
0.933,0.006209095963491854,16.46744499763435,0.03051524474513371,0.008233722498817174,0.008296396369149292,2.0,7.9146034985699645,2.52,2.5181469350740495,2.297383574488453,16.40735803192639,0.008203679015963194,2.0,2.518140148786553,2.3010390812645336,0.08594588847548469,0.7141472479639677,0.19990686356054765,1.4307803990751279e+38,1.1888734907100832e+39,1.331951530617596e+39,4.6571731839776086e+38,7.448012632057028e+38,5.6360867880104e+38,3.485968778300862e+38,0.8925801452841375,0.5591804552079722,0.42314503632103434,0.7485160290568276
0.934,0.006160147390644353,16.42602963626679,0.030274681917767374,0.008213014818133395,0.00827553131838916,2.0,7.9146034985699645,2.52,2.518156908115463,2.2999017264145345,16.36609389908444,0.00818304694954222,2.0,2.5181501583637216,2.303557226422612,0.08572973593756643,0.7143626662732933,0.19990759778914036,1.4235927128719306e+38,1.1862412439891754e+39,1.3286005152763684e+39,4.64545634712017e+38,7.430637860766878e+38,5.622804140525676e+38,3.477449449319459e+38,0.8928502061753452,0.5592830783466313,0.42321255154383636,0.7485700412350691
0.935,0.006111584697286855,16.384718270906916,0.030036015535092633,0.008192359135453457,0.008254718658840553,2.0,7.9146034985699645,2.52,2.5181668274645634,2.302419888286787,16.32493338163407,0.008162466690817036,2.0,2.5181601140517436,2.306075381563298,0.08551412616929334,0.714577547601166,0.19990832622954074,1.4164411064161555e+38,1.1836138162022018e+39,1.3252579268438174e+39,4.633768974978383e+38,7.413299940624764e+38,5.609550394193139e+38,3.4689502851098476e+38,0.8931195899511051,0.5593854441814199,0.4232798974877763,0.7486239179902211
0.936,0.006063404841390317,16.3435106417013,0.029799230646742912,0.008171755320850651,0.008233958259586043,2.0,7.9146034985699645,2.52,2.5181766934106125,2.3049380600516622,16.283876220679797,0.008141938110339898,2.0,2.518170016140942,2.3085935466328493,0.08529905781445422,0.7147918932581666,0.19990904892737915,1.4093253988906136e+38,1.1809912042418123e+39,1.3219237441308736e+39,4.622110993464593e+38,7.395998813206807e+38,5.596325498866278e+38,3.460471241269092e+38,0.8933882982927125,0.5594875533512307,0.42334707457317816,0.7486776596585424
0.937,0.0060156048049071036,16.302406489435647,0.029564312420210737,0.008151203244717823,0.008213249990021146,2.0,7.9146034985699645,2.52,2.5181865062413107,2.3074562416559026,16.242922157962855,0.008121461078981427,2.0,2.518179864920074,2.3111117215778103,0.08508452952017355,0.7150057045519,0.19990976592792642,1.4022454103797183e+38,1.1783734049625307e+39,1.3185979460005026e+39,4.610482328673086e+38,7.378734420058723e+38,5.583129404407332e+38,3.452012273471303e+38,0.8936563328774376,0.5595894064934264,0.4234140832193594,0.7487312665754875
0.9380000000000001,0.005968181593581959,16.261405555533294,0.02933124613991876,0.008130702777766646,0.008192593719853952,2.0,7.9146034985699645,2.52,2.518196266242807,2.3099744330465355,16.20207093585972,0.00810103546792986,2.0,2.51818966067634,2.313629906345015,0.08487053993690374,0.7152189827869999,0.1999104772760963,1.3952009618650895e+38,1.1757604151811146e+39,1.3152805113676235e+39,4.598882906879803e+38,7.361506702697006e+38,5.5699620606880335e+38,3.4435733374677215e+38,0.8939236953785346,0.5596910042438431,0.42348092384463365,0.7487847390757069
0.9390000000000001,0.005921132236764433,16.22050758205375,0.029100017206297877,0.008110253791026874,0.008171989319109256,2.0,7.9146034985699645,2.52,2.5182059736997076,2.3124926341708734,16.16132229738062,0.008080661148690311,2.0,2.5181994036953887,2.316148100881584,0.08465708771841743,0.715431729265134,0.19991118301644856,1.3881918752219458e+38,1.1731522316775625e+39,1.3119714191997571e+39,4.587312654544605e+38,7.344315602614203e+38,5.556823417593421e+38,3.4351543890887205e+38,0.8941903874652484,0.5597923472367944,0.4235475968663121,0.7488380774930496
0.9400000000000001,0.0058744537872228095,16.179712311691176,0.028870611134872794,0.008089856155845588,0.008151436658187754,2.0,7.9146034985699645,2.52,2.518215628895082,2.315010844976514,16.120675986168067,0.008060337993084034,2.0,2.5182090942613296,2.3186663051349217,0.08444417152179964,0.7156439452850087,0.1999118831931917,1.3812179732248324e+38,1.1705488512040256e+39,1.3086706485265089e+39,4.5757714983444365e+38,7.327161061333617e+38,5.543713425063082e+38,3.426755384268934e+38,0.8944564108028243,0.5598934361050732,0.4236141027007061,0.7488912821605649
0.9410000000000001,0.0058281433209594665,16.139019487772924,0.028643013555354563,0.008069509743886462,0.008130935607845143,2.0,7.9146034985699645,2.52,2.5182252321104728,2.317529065411337,16.08013174649536,0.00804006587324768,2.0,2.51821873265674,2.321184519052716,0.08423179000744006,0.7158556321423744,0.19991257785018562,1.374279079539681e+38,1.1679502704822283e+39,1.3053781784361965e+39,4.564259365161527e+38,7.3100430203921e+38,5.530632033077964e+38,3.418376279038734e+38,0.894721767052516,0.5599942714799561,0.423680441763129,0.7489443534105032
0.9420000000000001,0.005782197937027724,16.098428854258067,0.02841721021074048,0.008049214427129034,0.008110486039145964,2.0,7.9146034985699645,2.52,2.518234783625905,2.320047295423502,16.039689323265126,0.008019844661632563,2.0,2.518228319162671,2.323702742582938,0.08401994183902546,0.7160667911300299,0.19991326703094459,1.3673750187116866e+38,1.1653564861972522e+39,1.3020939880684208e+39,4.552776182057416e+38,7.292961421300084e+38,5.5175791916299726e+38,3.410017029505071e+38,0.894986457871593,0.5600948539912053,0.4237466144678983,0.7489972915743185
0.9430000000000001,0.005736614757350131,16.057940155735874,0.028193186956421038,0.008028970077867938,0.008090087823462506,2.0,7.9146034985699645,2.52,2.518244283719892,2.3225655349614485,15.999348462007847,0.007999674231003923,2.0,2.5182378540586594,2.3262209756738383,0.08380862568353165,0.7162774235378286,0.19991395077863977,1.360505616160894e+38,1.162767494997785e+39,1.2988180566138744e+39,4.541321876272288e+38,7.275916205542106e+38,5.5045548507222115e+38,3.401677591851278e+38,0.8952504849133494,0.5601951842670727,0.42381262122833735,0.7490500969826699
0.9440000000000001,0.005691390926538162,16.017553137424397,0.027970929759293803,0.008008776568712198,0.008069740832474439,2.0,7.9146034985699645,2.52,2.518253732669446,2.3250837839738936,15.95910890888039,0.007979554454440195,2.0,2.5182473376227335,2.3287392182739453,0.08359784021121616,0.7164875306526819,0.19991462913610197,1.353670698177938e+38,1.1601832934964685e+39,1.2955503633142622e+39,4.529896375224693e+38,7.258907314577957e+38,5.491558960369696e+38,3.393357922337144e+38,0.8955138498271119,0.5602952629343025,0.423878462456778,0.7491027699654225
0.9450000000000001,0.005646523611713382,15.977267545168948,0.027750424696884497,0.007988633772584474,0.00804944493816844,2.0,7.9146034985699645,2.52,2.5182631307500842,2.327602042409831,15.918970410664542,0.00795948520533227,2.0,2.518256770131422,2.3312574703320657,0.0833875840956103,0.7166971137585654,0.19991530214582431,1.3468700919197922e+38,1.1576038782702473e+39,1.2922908874622265e+39,4.518499606511282e+38,7.241934689843838e+38,5.478591470600071e+38,3.3850579772990163e+38,0.8957765542582485,0.5603950906181344,0.42394413856456215,0.7491553108516497
0.9460000000000001,0.005602010002329956,15.937083125440669,0.027531657956474734,0.007968541562720335,0.008029200012837807,2.0,7.9146034985699645,2.52,2.5182724782358368,2.330120310218529,15.878932714765545,0.007939466357382772,2.0,2.5182661518597613,2.3337757317972816,0.08317785601351166,0.7169061741365232,0.19991596984996507,1.3401036254055439e+38,1.1550292458607123e+39,1.2890396084012668e+39,4.507131497906527e+38,7.224998272753493e+38,5.4656523314543145e+38,3.376777713149876e+38,0.8960385998481761,0.5604946679423068,0.42400964996204404,0.7492077199696352
0.9470000000000001,0.005557847309998611,15.896999625335043,0.02731461583423684,0.007948499812667521,0.008009005929082071,2.0,7.9146034985699645,2.52,2.518281775399258,2.332638587349529,15.838995569210638,0.00791949778460532,2.0,2.518275483081305,2.336294002618949,0.08296865464497634,0.7171147130646736,0.19991663229035006,1.3333711275121815e+38,1.1524593927744422e+39,1.2857965055256603e+39,4.495791977362449e+38,7.208098004699332e+38,5.4527414929874256e+38,3.3685170863794227e+38,0.8962999882343691,0.5605939955290602,0.42407499705859225,0.7492599976468738
0.9480000000000001,0.005514032768311968,15.857016792570445,0.027099284734375423,0.007928508396285222,0.007988862559806615,2.0,7.9146034985699645,2.52,2.51829102251143,2.335156873752643,15.799158722647597,0.0078995793613238,2.0,2.518284764068132,2.338812282746699,0.0827599786733114,0.7173227318182133,0.19991728950847532,1.326672427970409e+38,1.149894315483344e+39,1.2825615582803849e+39,4.484480973008339e+38,7.191233827053553e+38,5.4398589052691305e+38,3.360276053554155e+38,0.8965607210503669,0.5606930739991393,0.42414018026259176,0.7493121442100734
0.9490000000000001,0.005470563632671257,15.817134375486653,0.026885651168275772,0.007908567187743326,0.007968769778222265,2.0,7.9146034985699645,2.52,2.5183002198419744,2.3376751693779574,15.759421924343284,0.007879710962171643,2.0,2.5182939950908514,2.341330572130431,0.08255182678506713,0.717530231669423,0.19991794154550996,1.3200073573604704e+38,1.1473340104249892e+39,1.2793347461610362e+39,4.4731984131504765e+38,7.174405681169239e+38,5.427004518384546e+38,3.3520545713174426e+38,0.8968207999257831,0.5607919039717976,0.4242051999814458,0.7493641599851567
0.9500000000000001,0.005427437180114368,15.777352123043427,0.026673701753658775,0.007888676061521714,0.00794872745784489,2.0,7.9146034985699645,2.52,2.5183093676590573,2.3401934741758232,15.7197849241822,0.0078598924620911,2.0,2.518303176418615,2.343848870720316,0.08234419767002954,0.7177372138876721,0.19991858844229832,1.3133757471079979e+38,1.1447784740029469e+39,1.2761160487137466e+39,4.4619442262718414e+38,7.157613508381441e+38,5.414178282434861e+38,3.343852596389598e+38,0.8970802264863131,0.5608904860647991,0.4242700566215783,0.7494160452972627
0.9510000000000001,0.005384650709145305,15.737669784819047,0.026463423213742756,0.007868834892409523,0.007928735472495,2.0,7.9146034985699645,2.52,2.518318466229399,2.34271178809686,15.680247472665027,0.007840123736332513,2.0,2.518312308319121,2.3463671784667928,0.0821370900212128,0.7179436797394243,0.19991923023936287,1.3067774294798814e+38,1.1422277025871181e+39,1.2729054455351062e+39,4.45071834103184e+38,7.140857250008283e+38,5.401380147538008e+38,3.3356700855679516e+38,0.8973390023537423,0.5609888208944221,0.4243347505884356,0.7494678004707485
0.9520000000000001,0.005342201539564949,15.69808711100884,0.026254802376411746,0.00784904355550442,0.007908793696299682,2.0,7.9146034985699645,2.52,2.5183275158182807,2.3452301110919547,15.640809320907183,0.00782040466045359,2.0,2.5183213910586253,2.3488854953205673,0.08193050253485155,0.7181496304882419,0.19991986697690656,1.3002122375805342e+38,1.1396816925144014e+39,1.2697029162724548e+39,4.439520686267325e+38,7.124136847354124e+38,5.388610063830913e+38,3.3275069957279006e+38,0.8975971291459544,0.5610869090754625,0.4243992822864886,0.7495194258291908
0.9530000000000001,0.005300087012303179,15.65860385242375,0.02604782617339043,0.007829301926211875,0.007888902003739333,2.0,7.9146034985699645,2.52,2.518336516689554,2.3477484431122577,15.601470220637383,0.007800735110318691,2.0,2.518330424901947,2.351403821232611,0.08172443391039338,0.7183550673947912,0.19992049869481548,1.2936800053555275e+38,1.1371404400958187e+39,1.2665084406313715e+39,4.428351191018781e+38,7.107452241753128e+38,5.37586798150229e+38,3.319363283842816e+38,0.8978546084769391,0.5611847512212369,0.42446365211923476,0.7495709216953877
0.9540000000000001,0.005258304489252284,15.619219760488894,0.025842481639425423,0.007809609880244447,0.007869060269640656,2.0,7.9146034985699645,2.52,2.5183454691056464,2.350266784109182,15.562229924196206,0.007781114962098103,2.0,2.518339410112477,2.35392215615416,0.0815188828504914,0.7185599917168474,0.19992112543266127,1.287180567586332e+38,1.1346039416158978e+39,1.263321998374531e+39,4.417209784526332e+38,7.090803374564379e+38,5.363153850788807e+38,3.3112389069813364e+38,0.8981114419568013,0.5612823479435844,0.4245278604892003,0.7496222883913602
0.9550000000000001,0.0052168513531017265,15.57993458724209,0.025638755911473195,0.007789967293621045,0.007849268369131994,2.0,7.9146034985699645,2.52,2.5183543733275706,2.352785134034404,15.523088184534636,0.007761544092267318,2.0,2.518348346952186,2.3564405000367126,0.08131384806099644,0.7187644047093,0.19992174722970352,1.28071375987895e+38,1.1320721933266265e+39,1.2601435693145216e+39,4.406096396204621e+38,7.074190187133127e+38,5.3504676219456096e+38,3.3031338222888206e+38,0.8983676311917682,0.5613796998528718,0.4245919077979421,0.7496735262383537
0.9560000000000001,0.005175725007174177,15.540748085332456,0.02543663622789426,0.007770374042666228,0.007829526177641629,2.0,7.9146034985699645,2.52,2.5183632296149305,2.355303492839859,15.48404475521265,0.007742022377606325,2.0,2.518357235681631,2.358958852832028,0.0811093282509498,0.7189683076241578,0.1999223641248924,1.2742794186596742e+38,1.1295451914475857e+39,1.2569731333135531e+39,4.395010955641794e+38,7.057612620790642e+38,5.33780924524607e+38,3.295047986986862e+38,0.8986231777841982,0.5614768075579953,0.42465579444604956,0.7497246355568397
0.9570000000000001,0.00513492287526288,15.50166000801895,0.025236109927653887,0.007750830004009475,0.007809833570897377,2.0,7.9146034985699645,2.52,2.518372038225932,2.357821860477742,15.445099390397777,0.0077225496951988885,2.0,2.518366076559964,2.3614772144921257,0.08090532213257562,0.7191717017105532,0.1999229761568711,1.2678773811710728e+38,1.1270229321662702e+39,1.2538106702833775e+39,4.3839533925992226e+38,7.041070616855257e+38,5.32517867098243e+38,3.286981358373354e+38,0.8988780833325883,0.5615736716663836,0.42471952083314707,0.7497756166665176
0.9580000000000001,0.005094442401470243,15.46267010916894,0.025037164449528825,0.0077313350545844695,0.007790190424926174,2.0,7.9146034985699645,2.52,2.5183807994173866,2.360340236900505,15.406251844863663,0.007703125922431831,2.0,2.5183748698449406,2.3639955849692833,0.08070182842127341,0.7193745882147486,0.19992358336397797,1.2615074854679967e+38,1.1245054116384092e+39,1.250656160185209e+39,4.3729236370112205e+38,7.024564116633414e+38,5.312575849466441e+38,3.278933893822556e+38,0.899132349431583,0.5616702927840015,0.42478308735789577,0.7498264698863165
0.9590000000000001,0.005054281050047752,15.423778143256772,0.024839787331320556,0.007711889071628386,0.00777059661605367,2.0,7.9146034985699645,2.52,2.518389513444721,2.3628586220608554,15.367501873988653,0.007683750936994326,2.0,2.5183836157929242,2.366513964216036,0.08049884583561064,0.7195769683801401,0.1999241857842493,1.2551695704136052e+38,1.1219926259882798e+39,1.2475095830296403e+39,4.3619216189847564e+38,7.008093061420671e+38,5.3000007310299805e+38,3.2709055507851432e+38,0.8993859776719821,0.5617666715153532,0.42484649441799555,0.7498771955343965
0.96,0.005014436305237129,15.38498386536234,0.024643966209074636,0.00769249193268117,0.007751052020903807,2.0,7.9146034985699645,2.52,2.5183981805619857,2.365377015911757,15.32884923375437,0.007664424616877185,2.0,2.5183923146588976,2.369032352185175,0.08029637309731512,0.7197788434472634,0.19992478345542147,1.2488634756754046e+38,1.1194845713090236e+39,1.2443709188765642e+39,4.350947268799176e+38,6.99165739250273e+38,5.2874532660256875e+38,3.2628962867882738e+38,0.8996389696407485,0.5618628084634844,0.42490974241018714,0.7499277939281497
0.961,0.004974905671112734,15.34628703116965,0.024449688816306197,0.007673143515584825,0.007731556516398383,2.0,7.9146034985699645,2.52,2.5184068010218597,2.3678954184064267,15.290293680744277,0.007645146840372138,2.0,2.518400966696467,2.3715507488297445,0.08009440893126768,0.719980214653799,0.19992537641493335,1.2425890417213088e+38,1.1169812436629547e+39,1.2412401478350856e+39,4.3400005169058935e+38,6.975257051156415e+38,5.274933404827558e+38,3.2549060594356285e+38,0.8998913269210171,0.5619587042299864,0.4249728317302543,0.7499782653842035
0.962,0.0049356866714252235,15.307687396965429,0.024256942983231545,0.007653843698482715,0.007712109979756639,2.0,7.9146034985699645,2.52,2.5184153750756604,2.3704138294983315,15.251834972142285,0.007625917486071143,2.0,2.5184095721578723,2.3740691541030423,0.07989295206549481,0.7201810832345765,0.19992596469992863,1.2363461098157208e+38,1.1144826390818708e+39,1.238117250063443e+39,4.329081293928122e+38,6.958891978650683e+38,5.262441097831563e+38,3.2469348264074705e+38,0.9001430510921022,0.5620543594149988,0.42503576277302557,0.7500286102184204
0.963,0.004896776849446432,15.26918471963765,0.02406571663600584,0.007634592359818825,0.007692712288494819,2.0,7.9146034985699645,2.52,2.518423902973349,2.3729322491411926,15.213472865731319,0.007606736432865659,2.0,2.5184181312939917,2.3765875679586186,0.07969200123116099,0.7203814504215806,0.19992654834725831,1.2301345220156231e+38,1.1119887535673602e+39,1.2350022057689225e+39,4.318189530660568e+38,6.942562116247598e+38,5.249976295456246e+38,3.238982545460692e+38,0.9003941437295061,0.5621497746172123,0.42509853593237656,0.7500788287459013
0.964,0.004858173767815481,15.230778756674177,0.023875997795966785,0.007615389378337088,0.007673363320425734,2.0,7.9146034985699645,2.52,2.5184323849635395,2.3754506772889763,15.17520711989191,0.007587603559945955,2.0,2.5184266443543515,2.3791059903502716,0.07949155516256162,0.7205813174439555,0.19992712739348278,1.223954121166695e+38,1.1094995830911036e+39,1.231894995207773e+39,4.3073251580691364e+38,6.926267405203294e+38,5.237538948143305e+38,3.231049174428851e+38,0.9006446064049265,0.562244950433872,0.42516115160123163,0.7501289212809853
0.965,0.004819875008386093,15.192469266161302,0.02368777457888423,0.007596234633080651,0.007654062953658314,2.0,7.9146034985699645,2.52,2.5184408212935048,2.3779691138958996,15.137037493600792,0.007568518746800396,2.0,2.518435111587132,2.3816244212320514,0.07929161259711535,0.7207806855280103,0.19992770187487424,1.21780475089944e+38,1.1070151235951779e+39,1.2287955986851219e+39,4.296488107290636e+38,6.910007786768944e+38,5.225129006358189e+38,3.2231346712222205e+38,0.9008944406862657,0.562339887460781,0.42522361017156646,0.7501788881372531
0.966,0.0047818781720751335,15.154256006782353,0.023501035194215796,0.007577128003391176,0.0076348110666025855,2.0,7.9146034985699645,2.52,2.5184492122091844,2.380487558916425,15.098963746429485,0.007549481873214742,2.0,2.518443533239175,2.3841428605582524,0.07909217227535689,0.7209795558972242,0.1999282718274189,1.2116862556261967e+38,1.104535370993139e+39,1.2257039965557586e+39,4.28567830963552e+38,6.893783202196597e+38,5.212746420594365e+38,3.2152389938301057e+38,0.9011436481376378,0.5624345862923024,0.4252859120344095,0.7502287296275275
0.967,0.0047441808787123075,15.116138737816282,0.023315767944368234,0.007558069368908141,0.007615607538013997,2.0,7.9146034985699645,2.52,2.5184575579551916,2.3830060123052617,15.060985638542903,0.007530492819271452,2.0,2.518451909555992,2.386661308283418,0.07889323294092958,0.7211779297722511,0.19992883728681937,1.205598480544382e+38,1.1020603211767993e+39,1.2226201692312375e+39,4.274895696612718e+38,6.877593592780559e+38,5.200391141404473e+38,3.2073621003397385e+38,0.901392230319377,0.5625290475213632,0.42534805757984423,0.7502784460638755
0.968,0.004706780766891073,15.078117219136267,0.023131961223964687,0.007539058609568133,0.007596452246966672,2.0,7.9146034985699645,2.52,2.5184658587748205,2.3855244740173602,15.02310293069794,0.00751155146534897,2.0,2.5184602407817698,2.3891797643623343,0.07869479334057805,0.7213758083709253,0.19992939828849665,1.1995412716284217e+38,1.099589970012728e+39,1.2195440971755702e+39,4.264140199914581e+38,6.861438899834619e+38,5.18806311938296e+38,3.1995039489252467e+38,0.9016401887880457,0.5626232717394573,0.4254100471970114,0.7503280377576091
0.969,0.004669675493820717,15.04019121120828,0.02294960351911772,0.00752009560560414,0.007577345072826785,2.0,7.9146034985699645,2.52,2.5184741149100542,2.388042944007916,14.985315384242085,0.0074926576921210426,2.0,2.5184685271593783,2.391698228750032,0.07849685222414089,0.7215731929082663,0.19992995486759274,1.1935144756217854e+38,1.0971243133387599e+39,1.2164757609009384e+39,4.253411751401883e+38,6.845319064669351e+38,5.175762305148777e+38,3.1916644978366677e+38,0.9018875250964432,0.5627172595366484,0.42547188127411084,0.7503775050192887
0.97,0.004632862735179614,15.002360475089707,0.022768683406708144,0.007501180237544854,0.007558285895252089,2.0,7.9146034985699645,2.52,2.5184823266015695,2.3905614222323655,14.947622761112019,0.007473811380556009,2.0,2.5184767689303786,2.3942167014017843,0.07829940834454335,0.7217700845964843,0.1999305070589723,1.1875179400332065e+38,1.0946633469642841e+39,1.2134151409676048e+39,4.2427102831035135e+38,6.829234028593009e+38,5.16348864934592e+38,3.1838437053999702e+38,0.9021342407936123,0.5628110115015725,0.4255335601984031,0.7504268481587223
0.971,0.004596340184969603,14.964624772427968,0.022589189553669328,0.007482312386213984,0.007539274594191471,2.0,7.9146034985699645,2.52,2.5184904940887467,2.3930799086463845,14.910024823832217,0.0074550124119161084,2.0,2.5184849663350284,2.396735182273104,0.07810246045779007,0.7219664846449845,0.1999310548972255,1.181551513132928e+38,1.0922070666705334e+39,1.2103622179838263e+39,4.232035727216176e+38,6.813183732912444e+38,5.151242102643986e+38,3.1760415300170898e+38,0.9023803374248487,0.5629045282214424,0.4255950843562122,0.7504760674849698
0.972,0.004560105555371552,14.926983865459082,0.02241111071627736,0.007463491932729541,0.007520311049884511,2.0,7.9146034985699645,2.52,2.518498617609674,2.395598403205888,14.872521335513571,0.007436260667756786,2.0,2.5184931196122906,2.399253671319745,0.07790600732295776,0.7221623942603728,0.19993159841666946,1.1756150439489648e+38,1.089755468210876e+39,1.2073169726057724e+39,4.2213880161040996e+38,6.797168118934028e+38,5.139022615738735e+38,3.1682579301659633e+38,0.9026258165317088,0.5629978102820493,0.4256564541329272,0.7505251633063417
0.973,0.004524156576602041,14.8894375170063,0.022234435739446702,0.00744471875850315,0.007501395142861042,2.0,7.9146034985699645,2.52,2.5185066974011576,2.3981169058670275,14.835112059851998,0.007417556029925999,2.0,2.5185012289998387,2.4017721684976987,0.07771004770218792,0.7223578146464611,0.19993213765135098,1.1697083822633838e+38,1.0873085473111038e+39,1.2042793855374422e+39,4.210767082298749e+38,6.781187127964567e+38,5.126830139352644e+38,3.1604928644005693e+38,0.902870679652017,0.5630908582677664,0.42571766991300425,0.7505741359304033
0.974,0.004488490996771195,14.851985490478715,0.022059153556031497,0.007425992745239357,0.007482526753940692,2.0,7.9146034985699645,2.52,2.518514733698725,2.400635416586192,14.79779676112705,0.007398898380563524,2.0,2.518509294734066,2.4042906737631937,0.07751458036067968,0.7225527470042719,0.19993267263504844,1.1638313786086007e+38,1.084866299669715e+39,1.2012494375305752e+39,4.2001728584985146e+38,6.7652407013121825e+38,5.114664624235438e+38,3.152746291350947e+38,0.9031149283198746,0.5631836727615523,0.42577873207996864,0.7506229856639749
0.975,0.004453106581741594,14.814627549869853,0.021885253186132173,0.0074073137749349266,0.0074637057642324344,2.0,7.9146034985699645,2.52,2.5185227267366352,2.4031539353200047,14.76057520420054,0.00738028760210027,2.0,2.51851731705009,2.406809187072694,0.0773196040666824,0.7227471925320437,0.1999332034012739,1.1579838842636923e+38,1.0824287209581998e+39,1.198227109384569e+39,4.189605277568423e+38,6.749328780287211e+38,5.102526021164638e+38,3.145018169723232e+38,0.9033585640656675,0.5632762543449537,0.4258396410164169,0.7506717128131336
0.976,0.004418001114988351,14.777363459756316,0.02171272373640775,0.007388681729878158,0.00744493205513413,2.0,7.9146034985699645,2.52,2.518530676747883,2.405672462025323,14.723447154515158,0.007361723577257579,2.0,2.518525296181761,2.409327708382899,0.07712511759148855,0.7229411524252363,0.1999337299832752,1.152165751250727e+38,1.0799958068213202e+39,1.1952123819463928e+39,4.179064272539835e+38,6.733451306203081e+38,5.0904142809460865e+38,3.1373084582996787e+38,0.9036015884160743,0.5633686035981083,0.4259003971040186,0.750720317683215
0.977,0.004383172397460243,14.740192985296387,0.021541554399393408,0.0073700964926481935,0.007426205508332063,2.0,7.9146034985699645,2.52,2.518538583964207,2.408190996659236,14.6864123780931,0.007343206189046551,2.0,2.5185332323616674,2.41184623765074,0.07693111970942652,0.7231346278765354,0.19993425241403812,1.1463768323311132e+38,1.0775675528773874e+39,1.1922052361104988e+39,4.168549776610136e+38,6.7176082203771696e+38,5.0783293544144665e+38,3.1296171159386778e+38,0.9038440028940736,0.563460721099748,0.42596100072351845,0.7507688005788148
0.978,0.004348618247441988,14.703115892228661,0.02137173445282358,0.007351557946114331,0.007407526005800481,2.0,7.9146034985699645,2.52,2.5185464486160978,2.4107095391790634,14.649470641534695,0.007324735320767347,2.0,2.5185411258211454,2.4143647748333823,0.07673760919785344,0.7233276200758582,0.1999347707262884,1.1406169810019643e+38,1.075143954718542e+39,1.1892056528187385e+39,4.158061723142442e+38,6.7017994641316845e+38,5.066271192433833e+38,3.1219441015747883e+38,0.9040858090189536,0.5635526074272024,0.4260214522547385,0.7508171618037908
0.979,0.0043143365004175505,14.666131946870648,0.02120325325896019,0.007333065973435324,0.00738889342980112,2.0,7.9146034985699645,2.52,2.5185542709328015,2.4132280895423563,14.612621712017022,0.007306310856008511,2.0,2.5185489767902824,2.4168833198882194,0.07654458483714782,0.7235201302103584,0.19993528495249374,1.1348860514924753e+38,1.072725007911025e+39,1.1862136130602725e+39,4.147600045665288e+38,6.6860249787944944e+38,5.054239745898108e+38,3.1142893742187425e+38,0.9043270083063184,0.5636442631564009,0.4260817520765796,0.7508654016612637
0.98,0.004280325008934568,14.629240916117432,0.02103610026392634,0.007314620458058716,0.007370307662882734,2.0,7.9146034985699645,2.52,2.518562051142329,2.4157466477068934,14.575865357292567,0.007287932678646284,2.0,2.5185567854979256,2.4194018727728754,0.07635204541070267,0.7237121594644312,0.19993579512486603,1.1291838987603251e+38,1.0703107079954516e+39,1.183229097871484e+39,4.137164677872322e+38,6.6702847056999806e+38,5.042234965731597e+38,3.1066528929574697e+38,0.9045676022680968,0.5637356888618767,0.4261419005670242,0.7509135204536194
0.981,0.0042465816424698336,14.592442567440262,0.020870264997045227,0.007296221283720131,0.007351768587895541,2.0,7.9146034985699645,2.52,2.518569789471462,2.418265213630681,14.539201345687832,0.007269600672843916,2.0,2.518564552171689,2.421920433445204,0.07615998970491805,0.7239037090197189,0.199936301275363,1.1235103784903655e+38,1.0679010504892492e+39,1.1802520883382858e+39,4.12675555363037e+38,6.654578586203375e+38,5.030256802899694e+38,3.099034616960394e+38,0.9048075924125505,0.5638268851167691,0.4262018981031376,0.7509615184825101
0.982,0.004213104287295825,14.555736668885219,0.020705737070184176,0.00727786833444261,0.0073332760880195184,2.0,7.9146034985699645,2.52,2.5185774861457584,2.4207837872719513,14.502629446101993,0.007251314723050997,2.0,2.518572277037958,2.4244390018632833,0.07596841650919416,0.7240947800551152,0.1999368034356906,1.117865347095415e+38,1.0654960308911087e+39,1.1772825656006503e+39,4.116372606995281e+38,6.638906561707643e+38,5.0183052084290725e+38,3.091434505491582e+38,0.9050469802442814,0.5639178524928269,0.4262617450610704,0.7510093960488563
0.983,0.004179890846348322,14.519122989071835,0.020542506177104028,0.007259561494535918,0.007314830046725541,2.0,7.9146034985699645,2.52,2.5185851413895617,2.4233023685891624,14.466149428005528,0.007233074714002764,2.0,2.5185799603218992,2.426957577985419,0.07577732461592412,0.7242853737467712,0.19993730163730478,1.112248661706782e+38,1.0630956446756819e+39,1.17432051084636e+39,4.106015772190071e+38,6.623268573629583e+38,5.0063801333819246e+38,3.0838525178935727e+38,0.9052857672642405,0.5640085915604114,0.4263214418160601,0.7510571534528482
0.984,0.004146939239095013,14.482601297191739,0.020380562092813418,0.00724130064859587,0.007296430347767583,2.0,7.9146034985699645,2.52,2.5185927554260044,2.425820957540995,14.429761061438866,0.007214880530719433,2.0,2.5185876022474636,2.429476161770141,0.0755867128204869,0.7244754912680995,0.19993779591141358,1.106660180169613e+38,1.0606998872927827e+39,1.1713659053097439e+39,4.095684983600504e+38,6.607664563394011e+38,4.9944815288514445e+38,3.0762886135843028e+38,0.9055239549697344,0.5640991028884991,0.4263809887424336,0.7511047909939468
0.985,0.004114247401405192,14.44617136300728,0.02021989467292834,0.007223085681503641,0.007278076875182263,2.0,7.9146034985699645,2.52,2.5186003284770173,2.4283395540863526,14.393464117011034,0.007196732058505516,2.0,2.5185952030373957,2.4319947531762023,0.07539657992124014,0.7246651337897809,0.19993828628897892,1.1010997610393777e+38,1.0583087541676543e+39,1.1684187302715921e+39,4.085380175774797e+38,6.592094472434589e+38,4.98260934596232e+38,3.068742752057127e+38,0.9057615448544347,0.5641893870446852,0.4264403862136087,0.7511523089708869
0.986,0.004081813285420441,14.409832956850202,0.020060493853036657,0.007204916478425101,0.007259769513288366,2.0,7.9146034985699645,2.52,2.5186078607633338,2.4308581581843605,14.357258365898305,0.007178629182949153,2.0,2.5186027629132393,2.4345133521625777,0.07520692471951324,0.724854302479768,0.1999387728007187,1.0955672635783765e+38,1.0559222407012311e+39,1.1654789670590688e+39,4.075101283423318e+38,6.576558242194629e+38,4.970763535871215e+38,3.0612148928808236e+38,0.9059985384083854,0.5642794445951864,0.42649963460209633,0.7511997076816771
0.987,0.004049634859426371,14.373585849620252,0.019902349648067728,0.007186792924810126,0.007241508146686381,2.0,7.9146034985699645,2.52,2.5186153525044976,2.433376769794364,14.321143579842852,0.007160571789921426,2.0,2.5186102820953433,2.437031958688464,0.07501774601960005,0.7250429985032913,0.1999392554771086,1.0900625477522581e+38,1.0535403422704009e+39,1.1625465970456266e+39,4.064848241418275e+38,6.5610558141279015e+38,4.958944049767256e+38,3.0537049956996065e+38,0.9062349371180108,0.5643692761048441,0.42655873427950275,0.7512469874236022
0.988,0.00401771010772533,14.337429812783865,0.019745452151666815,0.0071687149063919325,0.007223292660258027,2.0,7.9146034985699645,2.52,2.5186228039188685,2.4358953888759274,14.285119531151393,0.007142559765575696,2.0,2.5186177608028686,2.439550572713277,0.07482904262875212,0.7252312230228637,0.19993973434838413,1.0845854742265594e+38,1.0511630542282637e+39,1.1596216016509196e+39,4.054620984793426e+38,6.545587129699425e+38,4.9471508388724986e+38,3.046213020233136e+38,0.9064707424661229,0.5644588821371267,0.42661768561653074,0.7512941484932245
0.989,0.003986037030510151,14.301364618372792,0.01958979153557462,0.007150682309186396,0.007205122939165773,2.0,7.9146034985699645,2.52,2.518630215223629,2.4384140153888323,14.249185992693866,0.007124592996346933,2.0,2.5186251992537945,2.442069194196651,0.07464081335717136,0.7254189771982863,0.19994020944454238,1.0791359043632528e+38,1.0487903719043892e+39,1.1567039623407145e+39,4.044419448743758e+38,6.530152130386251e+38,4.935383854442402e+38,3.0387389262765213e+38,0.9067059559319304,0.5645482632541335,0.4266764889829826,0.751341191186386
0.99,0.003954613643738874,14.265390038982776,0.019435358049011583,0.007132695019491388,0.007186998868852363,2.0,7.9146034985699645,2.52,2.5186375866347923,2.4409326492930767,14.213342737902067,0.007106671368951034,2.0,2.518632597664926,2.4445878230984377,0.07445305701800334,0.7256062621866528,0.19994068079534394,1.0737137002173214e+38,1.0464222906050721e+39,1.1537936606268042e+39,4.03424356862519e+38,6.514750757678243e+38,4.923643047766288e+38,3.0312826737003243e+38,0.9069405789910459,0.5646374200165974,0.4267351447477614,0.7513881157982091
0.991,0.003923437979010475,14.229505847772181,0.01928214201806715,0.00711475292388609,0.007168920335040328,2.0,7.9146034985699645,2.52,2.518644918367205,2.4434512905488757,14.177589540768338,0.007088794770384169,2.0,2.518639956251899,2.447106459378706,0.07426577242732993,0.7257930791423552,0.19994114843031485,1.0683187245333365e+38,1.0440588056135849e+39,1.1508906780669186e+39,4.0240932799542605e+38,6.4993829530788436e+38,4.911928370167799e+38,3.0238442224505614e+38,0.9071746131154935,0.5647263529838875,0.42679365327887336,0.7514349226230987
0.992,0.0038925080834415486,14.193711818460683,0.0191301338450937,0.007096855909230341,0.007150887223731504,2.0,7.9146034985699645,2.52,2.5186522106345564,2.445969939116656,14.141926175844208,0.007070963087922104,2.0,2.5186472752291857,2.4496251029977385,0.07407895840416263,0.7259794292170889,0.1999416123787484,1.0629508407420632e+38,1.0416999121904307e+39,1.1479949962646371e+39,4.013968518407822e+38,6.484048658105838e+38,4.900239773005351e+38,3.0164235325487037e+38,0.9074080597737177,0.5648150627140127,0.42685201494342945,0.7514816119547435
0.993,0.0038618220195439836,14.1580077253279,0.018979324008105387,0.00707900386266395,0.007132899421206544,2.0,7.9146034985699645,2.52,2.5186594636493838,2.4484885949570603,14.106352418239085,0.007053176209119542,2.0,2.5186545548101034,2.4521437539160322,0.07389261377043534,0.7261653135598578,0.19994207266970687,1.0576099129570726e+38,1.0393456055735919e+39,1.1451065968692991e+39,4.003869219822725e+38,6.4687478142921075e+38,4.888577207672578e+38,3.0090205640916748e+38,0.9076409204305906,0.5649035497636244,0.4269102301076476,0.7515281840861181
0.994,0.0038313778651035925,14.1223933432121,0.018829703060181634,0.00706119667160605,0.007114956814024422,2.0,7.9146034985699645,2.52,2.518666677623079,2.451007258030941,14.070868043618903,0.007035434021809452,2.0,2.5186617952068193,2.4546624120942973,0.07370673735099761,0.7263507333169789,0.1999425293320235,1.0522958059713761e+38,1.0369958809787761e+39,1.1422254615759138e+39,3.993795320195503e+38,6.453480363186359e+38,4.876940625598768e+38,3.0016352772518396e+38,0.9078731965474192,0.5649918146880193,0.4269682991368548,0.7515746393094839
0.995,0.003801173713059717,14.08686844750883,0.018681261628875467,0.0070434342237544155,0.0070970592890219385,2.0,7.9146034985699645,2.52,2.518673852765894,2.453525928299363,14.035472828204819,0.00701773641410241,2.0,2.518668996630357,2.4571810774934546,0.07352132797360755,0.7265356896320883,0.19994298239430414,1.0470083852540713e+38,1.0346507335996644e+39,1.1393515721250715e+39,3.983746755682069e+38,6.438246246353882e+38,4.865329978249304e+38,2.9942676322770062e+38,0.9081048895819546,0.5650798580411427,0.42702622239548865,0.7516209779163908
0.996,0.0037712076713857412,14.051432814169612,0.018533990415626252,0.0070257164070848055,0.007079206733313861,2.0,7.9146034985699645,2.52,2.5186809892869477,2.4560446057235996,14.00016654877187,0.007000083274385936,2.0,2.5186761592906013,2.4596997500746367,0.07333638446892495,0.7267201836461458,0.19994343188492925,1.041747516947098e+38,1.032310158608245e+39,1.1364849103029548e+39,3.973723462597744e+38,6.423045405377831e+38,4.853745217126522e+38,2.986917589490676e+38,0.9083360009883987,0.5651676803755915,0.4270840002470997,0.7516672001976799
0.997,0.0037414778629705934,14.016086219700606,0.018387880195177352,0.007008043109850303,0.007061399034315206,2.0,7.9146034985699645,2.52,2.5186880873942306,2.4585632902651327,13.964948982647673,0.0069824744913238364,2.0,2.518683283396307,2.4622184297991847,0.07315190567050431,0.7269042164974402,0.19994387783205547,1.0365130678652616e+38,1.0299741511583806e+39,1.1336254579449068e+39,3.9637253774297445e+38,6.407877781880641e+38,4.8421862937857656e+38,2.979585109301654e+38,0.9085665322174129,0.5652552822426169,0.42714163305435326,0.7517133064434826
0.998,0.00371198242550115,13.980828441161298,0.018242921814998172,0.00699041422058065,0.00704363607974349,2.0,7.9146034985699645,2.52,2.518695147294613,2.4610819818856515,13.929819907711082,0.006964909953855541,2.0,2.5186903691551032,2.464737116628647,0.07296789041478809,0.7270877893215943,0.19994432026361753,1.0313049054932861e+38,1.0276427063864527e+39,1.1307731969357813e+39,3.953752436838396e+38,6.392743317527239e+38,4.830653159837694e+38,2.9722701522051955e+38,0.9087964847161251,0.5653426641921275,0.42719912117903125,0.7517592969432251
0.999,0.003682719511345591,13.945659256163147,0.01809910619471091,0.0069728296280815736,0.007025917757591552,2.0,7.9146034985699645,2.52,2.5187021691938507,2.4636006805470543,13.894779102390896,0.006947389551195448,2.0,2.5186974167734992,2.4672558105247813,0.07278433754109949,0.7272709032515707,0.19994475920732985,1.0261228979785784e+38,1.0253158194077133e+39,1.1279281092055711e+39,3.9438045776418575e+38,6.377641954001566e+38,4.819145766930426e+38,2.9649726787717424e+38,0.9090258599281382,0.5654298267726925,0.42725646498203457,0.7518051719856277
1.0,0.0036536872874376462,13.910578442868323,0.017956424325521657,0.006955289221434161,0.007008243956457187,2.0,7.9146034985699645,2.52,2.5187091532965886,2.466119386211441,13.859826345664532,0.006929913172832266,2.0,2.5187044264568916,2.4697745114495495,0.072601245891636,0.7274535594176756,0.19994519469068844,1.020966914176054e+38,1.022993485364711e+39,1.1250901767823163e+39,3.9338817370011065e+38,6.3625736333069974e+38,4.80766406697641e+38,2.9576926497862326e+38,0.9092546592935375,0.5655167705315443,0.42731366482338434,0.7518509318587074
