component,target_id,stage,citation_key,citation,doi,bibcode,arxiv,publication_status,access_level,aliases_used,observations_tracer,spatial_scale,modelling_method,source_locator,environmental_claim,claim_type,proposed_mechanism,timing_constraints,uncertainties_alternatives,gas_mass_relevance,sfe_sfr_relevance,metallicity_gfmr_relevance,source_strength,history_confidence,doi_url,ads_url,arxiv_url
NGC4189,NGC4189,pre-peak,Chung2009,"Chung, Aeree (2009), VLA imaging of Virgo spirals in atomic gas (VIVA). I. The atlas and the H I properties.",10.1088/0004-6256/138/6/1741,2009AJ....138.1741C,0909.0781,peer reviewed,full text,VCC 89; UGC 7235; IC 3050; NGC 4189,H I 21-cm,resolved galaxy disk and tail,VLA imaging/atlas,Appendix pp. 14-26; Tables 1-4,The H I disk extends slightly beyond the optical disk and is broadly symmetric but warped; the southeastern side has locally enhanced H I.,observed,weak hydrodynamic perturbation or group tide,No published pericentric or quenching clock was found; only a present-day weak-disturbance state is defensible.,H I morphology is direct; mechanism and viewing geometry remain interpretive.,Direct for H I/CO sources; otherwise contextual.,"See component synthesis; keep compression, removal, DIG, AGN and feedback distinct.","Any metallicity-SFR offset should be interpreted as a possible local gas-supply or compression effect, not as a calibrated infall-time sequence.",direct resolved observations,low-moderate,https://doi.org/10.1088/0004-6256/138/6/1741,https://ui.adsabs.harvard.edu/abs/2009AJ....138.1741C/abstract,https://arxiv.org/abs/0909.0781
NGC4189,NGC4189,pre-peak,Yoon2017,"Yoon, Hyein (2017), A history of H I stripping in Virgo: a phase-space view of VIVA galaxies.",10.3847/1538-4357/aa6579,2017ApJ...838...81Y,1704.00760,peer reviewed,full text,VCC 89; UGC 7235; IC 3050; NGC 4189,H I morphology plus projected phase space,galaxy/cluster,VIVA class and projected phase-space comparison,Sec. 2.1; Table 1; Secs. 4-5,"Yoon class 0; provides a statistical stripping-stage context, not a unique orbit.",inferred,weak hydrodynamic perturbation or group tide,stage-scale only,Projected radius and line-of-sight velocity are degenerate with 3-D orbital state.,Direct for H I/CO sources; otherwise contextual.,"See component synthesis; keep compression, removal, DIG, AGN and feedback distinct.","Any metallicity-SFR offset should be interpreted as a possible local gas-supply or compression effect, not as a calibrated infall-time sequence.",phase-space/contextual inference,low-moderate,https://doi.org/10.3847/1538-4357/aa6579,https://ui.adsabs.harvard.edu/abs/2017ApJ...838...81Y/abstract,https://arxiv.org/abs/1704.00760
NGC4189,NGC4189,pre-peak,Brown2021,"Brown, Toby (2021), VERTICO: the Virgo Environment Traced in CO survey.",10.3847/1538-4365/ac28f5,2021ApJS..257...21B,2111.00937,peer reviewed,full text,VCC 89; UGC 7235; IC 3050; NGC 4189,CO(2-1),typically about 640 pc,VERTICO ACA survey,Sec. 2; Tables 1-2; Sec. 6,Provides resolved molecular-gas measurement and radial profiles; the survey paper alone does not identify this component's mechanism or orbit.,survey measurement,not assigned from this source,none,Survey selection is environmentally targeted and not Virgo-population complete.,Direct for H I/CO sources; otherwise contextual.,"See component synthesis; keep compression, removal, DIG, AGN and feedback distinct.","Any metallicity-SFR offset should be interpreted as a possible local gas-supply or compression effect, not as a calibrated infall-time sequence.",survey-level measurement,low-moderate,https://doi.org/10.3847/1538-4365/ac28f5,https://ui.adsabs.harvard.edu/abs/2021ApJS..257...21B/abstract,https://arxiv.org/abs/2111.00937
NGC4192,NGC4192,pre-peak,Chung2009,"Chung, Aeree (2009), VLA imaging of Virgo spirals in atomic gas (VIVA). I. The atlas and the H I properties.",10.1088/0004-6256/138/6/1741,2009AJ....138.1741C,0909.0781,peer reviewed,full text,M 98; VCC 92; UGC 7231; NGC 4192,H I 21-cm,resolved galaxy disk and tail,VLA imaging/atlas,Appendix pp. 14-26; Tables 1-4,"M98 has an extended, asymmetric southeastern H I distribution and a warp but is not strongly H I deficient in the adopted catalogue context.",observed,weak or incipient environmental processing,"No tailored clock. Köppen labels a low-deficiency active case, whereas Yoon class IV is morphology-based and MAUVE adopts pre-peak.",H I morphology is direct; mechanism and viewing geometry remain interpretive.,Direct for H I/CO sources; otherwise contextual.,"See component synthesis; keep compression, removal, DIG, AGN and feedback distinct.","Because H I remains abundant, gas mass may still track inflow-like dilution more closely than SFR; bar-driven SFE changes and environmental gas removal are confounded.",direct resolved observations,moderate for weak processing; low for orbital stage,https://doi.org/10.1088/0004-6256/138/6/1741,https://ui.adsabs.harvard.edu/abs/2009AJ....138.1741C/abstract,https://arxiv.org/abs/0909.0781
NGC4192,NGC4192,pre-peak,Yoon2017,"Yoon, Hyein (2017), A history of H I stripping in Virgo: a phase-space view of VIVA galaxies.",10.3847/1538-4357/aa6579,2017ApJ...838...81Y,1704.00760,peer reviewed,full text,M 98; VCC 92; UGC 7231; NGC 4192,H I morphology plus projected phase space,galaxy/cluster,VIVA class and projected phase-space comparison,Sec. 2.1; Table 1; Secs. 4-5,"Yoon class IV; provides a statistical stripping-stage context, not a unique orbit.",inferred,weak or incipient environmental processing,stage-scale only,Projected radius and line-of-sight velocity are degenerate with 3-D orbital state.,Direct for H I/CO sources; otherwise contextual.,"See component synthesis; keep compression, removal, DIG, AGN and feedback distinct.","Because H I remains abundant, gas mass may still track inflow-like dilution more closely than SFR; bar-driven SFE changes and environmental gas removal are confounded.",phase-space/contextual inference,moderate for weak processing; low for orbital stage,https://doi.org/10.3847/1538-4357/aa6579,https://ui.adsabs.harvard.edu/abs/2017ApJ...838...81Y/abstract,https://arxiv.org/abs/1704.00760
NGC4192,NGC4192,pre-peak,Brown2021,"Brown, Toby (2021), VERTICO: the Virgo Environment Traced in CO survey.",10.3847/1538-4365/ac28f5,2021ApJS..257...21B,2111.00937,peer reviewed,full text,M 98; VCC 92; UGC 7231; NGC 4192,CO(2-1),typically about 640 pc,VERTICO ACA survey,Sec. 2; Tables 1-2; Sec. 6,Provides resolved molecular-gas measurement and radial profiles; the survey paper alone does not identify this component's mechanism or orbit.,survey measurement,not assigned from this source,none,Survey selection is environmentally targeted and not Virgo-population complete.,Direct for H I/CO sources; otherwise contextual.,"See component synthesis; keep compression, removal, DIG, AGN and feedback distinct.","Because H I remains abundant, gas mass may still track inflow-like dilution more closely than SFR; bar-driven SFE changes and environmental gas removal are confounded.",survey-level measurement,moderate for weak processing; low for orbital stage,https://doi.org/10.3847/1538-4365/ac28f5,https://ui.adsabs.harvard.edu/abs/2021ApJS..257...21B/abstract,https://arxiv.org/abs/2111.00937
NGC4192,NGC4192,pre-peak,Koppen2018,"Köppen, J (2018), Ram pressure stripping made easy: an analytical approach.",10.1093/mnras/sty1610,2018MNRAS.479.4367K,1806.05887,peer reviewed,full text,M 98; VCC 92; UGC 7231; NGC 4192,H I deficiency and projected cluster context,galaxy/cluster,analytical peak/time-integrated pressure model,Secs. 7.2-7.3; Tables E1-E5,Analytical classification: active; compare with direct morphology before adoption.,model-derived,ram pressure,"No tailored clock. Köppen labels a low-deficiency active case, whereas Yoon class IV is morphology-based and MAUVE adopts pre-peak.",Peak pressures are uncertain at roughly factor-of-two level; model assumptions can misclassify tidal systems.,Direct for H I/CO sources; otherwise contextual.,"See component synthesis; keep compression, removal, DIG, AGN and feedback distinct.","Because H I remains abundant, gas mass may still track inflow-like dilution more closely than SFR; bar-driven SFE changes and environmental gas removal are confounded.",analytical model inference,moderate for weak processing; low for orbital stage,https://doi.org/10.1093/mnras/sty1610,https://ui.adsabs.harvard.edu/abs/2018MNRAS.479.4367K/abstract,https://arxiv.org/abs/1806.05887
NGC4192,NGC4192,pre-peak,Brown2026,"Brown, Toby (2026), MAUVE-MUSE: Ionization and Kinematic Signatures of Environmental Effects on Virgo Cluster Disks.",10.3847/1538-4357/ae632e,2026ApJ..1004...73B,2604.20056,peer reviewed,full text,M 98; VCC 92; UGC 7231; NGC 4192,MUSE emission-line ratios and velocity dispersion,resolved spaxels in 12 early-release MAUVE galaxies,resolved spaxels in 12 early-release MAUVE galaxies,Secs. 3-6; Table 2,Non-HII excitation and high-dispersion gas are more prevalent than in field controls; diffuse ionized gas dominates much of the excess and shocks are secondary.,observed survey comparison,weak or incipient environmental processing,current ionized-gas state,Early-release subset; excitation fractions depend on selections and spatial resolution.,Direct for H I/CO sources; otherwise contextual.,"See component synthesis; keep compression, removal, DIG, AGN and feedback distinct.","Because H I remains abundant, gas mass may still track inflow-like dilution more closely than SFR; bar-driven SFE changes and environmental gas removal are confounded.",direct resolved ionized-gas observations,moderate for weak processing; low for orbital stage,https://doi.org/10.3847/1538-4357/ae632e,https://ui.adsabs.harvard.edu/abs/2026ApJ..1004...73B/abstract,https://arxiv.org/abs/2604.20056
NGC4192,NGC4192,pre-peak,Huang2026,"Huang, Rongjun (2026), MAUVE-MUSE: when metallicity follows or fights star formation - a mass-dependent inversion in Virgo galaxies.",10.1093/mnras/stag1019,2026MNRAS.549g1019H,,peer reviewed,full text or accepted manuscript,M 98; VCC 92; UGC 7231; NGC 4192,MUSE metallicity and Sigma_SFR,resolved HII-region spaxels in 14 MAUVE galaxies,resolved HII-region spaxels in 14 MAUVE galaxies,Secs. 3-6; Figs. 3-6,The residual metallicity-SFR relation changes sign with calibration and within galaxies; NGC4383 is a robust 0.1-0.2 dex low-metallicity outlier and NGC4192 changes internal sign.,observed analysis,weak or incipient environmental processing,current resolved state,"Strong-line calibration, DIG/HII selection and hierarchical sampling dominate interpretation.",Direct for H I/CO sources; otherwise contextual.,"See component synthesis; keep compression, removal, DIG, AGN and feedback distinct.","Because H I remains abundant, gas mass may still track inflow-like dilution more closely than SFR; bar-driven SFE changes and environmental gas removal are confounded.",direct resolved metallicity analysis,moderate for weak processing; low for orbital stage,https://doi.org/10.1093/mnras/stag1019,https://ui.adsabs.harvard.edu/abs/2026MNRAS.549g1019H/abstract,
NGC4222,NGC4222,pre-peak,Chung2009,"Chung, Aeree (2009), VLA imaging of Virgo spirals in atomic gas (VIVA). I. The atlas and the H I properties.",10.1088/0004-6256/138/6/1741,2009AJ....138.1741C,0909.0781,peer reviewed,full text,VCC 187; UGC 7291; IC 3087; NGC 4222,H I 21-cm,resolved galaxy disk and tail,VLA imaging/atlas,Appendix pp. 14-26; Tables 1-4,"The extended, non-deficient H I disk is warped but lacks the bridge or one-sided truncation expected for a strong interaction with nearby NGC 4216.",observed,none established; possible weak ram pressure,No dedicated timing constraint.,H I morphology is direct; mechanism and viewing geometry remain interpretive.,Direct for H I/CO sources; otherwise contextual.,"See component synthesis; keep compression, removal, DIG, AGN and feedback distinct.",A near-normal gas reservoir makes this a useful control for separating ordinary resolved MZR/SFR structure from removal-driven offsets.,direct resolved observations,low,https://doi.org/10.1088/0004-6256/138/6/1741,https://ui.adsabs.harvard.edu/abs/2009AJ....138.1741C/abstract,https://arxiv.org/abs/0909.0781
NGC4222,NGC4222,pre-peak,Yoon2017,"Yoon, Hyein (2017), A history of H I stripping in Virgo: a phase-space view of VIVA galaxies.",10.3847/1538-4357/aa6579,2017ApJ...838...81Y,1704.00760,peer reviewed,full text,VCC 187; UGC 7291; IC 3087; NGC 4222,H I morphology plus projected phase space,galaxy/cluster,VIVA class and projected phase-space comparison,Sec. 2.1; Table 1; Secs. 4-5,"Yoon class 0; provides a statistical stripping-stage context, not a unique orbit.",inferred,none established; possible weak ram pressure,stage-scale only,Projected radius and line-of-sight velocity are degenerate with 3-D orbital state.,Direct for H I/CO sources; otherwise contextual.,"See component synthesis; keep compression, removal, DIG, AGN and feedback distinct.",A near-normal gas reservoir makes this a useful control for separating ordinary resolved MZR/SFR structure from removal-driven offsets.,phase-space/contextual inference,low,https://doi.org/10.3847/1538-4357/aa6579,https://ui.adsabs.harvard.edu/abs/2017ApJ...838...81Y/abstract,https://arxiv.org/abs/1704.00760
NGC4222,NGC4222,pre-peak,Brown2021,"Brown, Toby (2021), VERTICO: the Virgo Environment Traced in CO survey.",10.3847/1538-4365/ac28f5,2021ApJS..257...21B,2111.00937,peer reviewed,full text,VCC 187; UGC 7291; IC 3087; NGC 4222,CO(2-1),typically about 640 pc,VERTICO ACA survey,Sec. 2; Tables 1-2; Sec. 6,Provides resolved molecular-gas measurement and radial profiles; the survey paper alone does not identify this component's mechanism or orbit.,survey measurement,not assigned from this source,none,Survey selection is environmentally targeted and not Virgo-population complete.,Direct for H I/CO sources; otherwise contextual.,"See component synthesis; keep compression, removal, DIG, AGN and feedback distinct.",A near-normal gas reservoir makes this a useful control for separating ordinary resolved MZR/SFR structure from removal-driven offsets.,survey-level measurement,low,https://doi.org/10.3847/1538-4365/ac28f5,https://ui.adsabs.harvard.edu/abs/2021ApJS..257...21B/abstract,https://arxiv.org/abs/2111.00937
NGC4222,NGC4222,pre-peak,Koppen2018,"Köppen, J (2018), Ram pressure stripping made easy: an analytical approach.",10.1093/mnras/sty1610,2018MNRAS.479.4367K,1806.05887,peer reviewed,full text,VCC 187; UGC 7291; IC 3087; NGC 4222,H I deficiency and projected cluster context,galaxy/cluster,analytical peak/time-integrated pressure model,Secs. 7.2-7.3; Tables E1-E5,Analytical classification: active; compare with direct morphology before adoption.,model-derived,ram pressure,No dedicated timing constraint.,Peak pressures are uncertain at roughly factor-of-two level; model assumptions can misclassify tidal systems.,Direct for H I/CO sources; otherwise contextual.,"See component synthesis; keep compression, removal, DIG, AGN and feedback distinct.",A near-normal gas reservoir makes this a useful control for separating ordinary resolved MZR/SFR structure from removal-driven offsets.,analytical model inference,low,https://doi.org/10.1093/mnras/sty1610,https://ui.adsabs.harvard.edu/abs/2018MNRAS.479.4367K/abstract,https://arxiv.org/abs/1806.05887
NGC4254,NGC4254,pre-peak,Chung2009,"Chung, Aeree (2009), VLA imaging of Virgo spirals in atomic gas (VIVA). I. The atlas and the H I properties.",10.1088/0004-6256/138/6/1741,2009AJ....138.1741C,0909.0781,peer reviewed,full text,M 99; VCC 307; UGC 7345; NGC 4254,H I 21-cm,resolved galaxy disk and tail,VLA imaging/atlas,Appendix pp. 14-26; Tables 1-4,M99 has a strongly asymmetric disk and an approximately 250 kpc star-poor H I stream. The main disk remains H I rich rather than classically truncated.,observed,high-speed tidal encounter/harassment,"Tail models disagree in detail: a combined encounter model gives about 280 Myr since closest passage, whereas the VIRGOHI21 high-speed-tail model gives about 750 Myr. The difference is model-dependent, not a measurement error bar.",H I morphology is direct; mechanism and viewing geometry remain interpretive.,Direct for H I/CO sources; otherwise contextual.,"See component synthesis; keep compression, removal, DIG, AGN and feedback distinct.","Tidal gas rearrangement and weak stripping can change gas mass, SFE, and local dilution in different directions. A single pre-peak code is therefore insufficient for FMR interpretation.",direct resolved observations,high for a past fast encounter; moderate for current RPS,https://doi.org/10.1088/0004-6256/138/6/1741,https://ui.adsabs.harvard.edu/abs/2009AJ....138.1741C/abstract,https://arxiv.org/abs/0909.0781
NGC4254,NGC4254,pre-peak,Yoon2017,"Yoon, Hyein (2017), A history of H I stripping in Virgo: a phase-space view of VIVA galaxies.",10.3847/1538-4357/aa6579,2017ApJ...838...81Y,1704.00760,peer reviewed,full text,M 99; VCC 307; UGC 7345; NGC 4254,H I morphology plus projected phase space,galaxy/cluster,VIVA class and projected phase-space comparison,Sec. 2.1; Table 1; Secs. 4-5,"Yoon class I; provides a statistical stripping-stage context, not a unique orbit.",inferred,high-speed tidal encounter/harassment,stage-scale only,Projected radius and line-of-sight velocity are degenerate with 3-D orbital state.,Direct for H I/CO sources; otherwise contextual.,"See component synthesis; keep compression, removal, DIG, AGN and feedback distinct.","Tidal gas rearrangement and weak stripping can change gas mass, SFE, and local dilution in different directions. A single pre-peak code is therefore insufficient for FMR interpretation.",phase-space/contextual inference,high for a past fast encounter; moderate for current RPS,https://doi.org/10.3847/1538-4357/aa6579,https://ui.adsabs.harvard.edu/abs/2017ApJ...838...81Y/abstract,https://arxiv.org/abs/1704.00760
NGC4254,NGC4254,pre-peak,Brown2021,"Brown, Toby (2021), VERTICO: the Virgo Environment Traced in CO survey.",10.3847/1538-4365/ac28f5,2021ApJS..257...21B,2111.00937,peer reviewed,full text,M 99; VCC 307; UGC 7345; NGC 4254,CO(2-1),typically about 640 pc,VERTICO ACA survey,Sec. 2; Tables 1-2; Sec. 6,Provides resolved molecular-gas measurement and radial profiles; the survey paper alone does not identify this component's mechanism or orbit.,survey measurement,not assigned from this source,none,Survey selection is environmentally targeted and not Virgo-population complete.,Direct for H I/CO sources; otherwise contextual.,"See component synthesis; keep compression, removal, DIG, AGN and feedback distinct.","Tidal gas rearrangement and weak stripping can change gas mass, SFE, and local dilution in different directions. A single pre-peak code is therefore insufficient for FMR interpretation.",survey-level measurement,high for a past fast encounter; moderate for current RPS,https://doi.org/10.3847/1538-4365/ac28f5,https://ui.adsabs.harvard.edu/abs/2021ApJS..257...21B/abstract,https://arxiv.org/abs/2111.00937
NGC4254,NGC4254,pre-peak,Koppen2018,"Köppen, J (2018), Ram pressure stripping made easy: an analytical approach.",10.1093/mnras/sty1610,2018MNRAS.479.4367K,1806.05887,peer reviewed,full text,M 99; VCC 307; UGC 7345; NGC 4254,H I deficiency and projected cluster context,galaxy/cluster,analytical peak/time-integrated pressure model,Secs. 7.2-7.3; Tables E1-E5,Analytical classification: non-deficient; compare with direct morphology before adoption.,model-derived,ram pressure,"Tail models disagree in detail: a combined encounter model gives about 280 Myr since closest passage, whereas the VIRGOHI21 high-speed-tail model gives about 750 Myr. The difference is model-dependent, not a measurement error bar.",Peak pressures are uncertain at roughly factor-of-two level; model assumptions can misclassify tidal systems.,Direct for H I/CO sources; otherwise contextual.,"See component synthesis; keep compression, removal, DIG, AGN and feedback distinct.","Tidal gas rearrangement and weak stripping can change gas mass, SFE, and local dilution in different directions. A single pre-peak code is therefore insufficient for FMR interpretation.",analytical model inference,high for a past fast encounter; moderate for current RPS,https://doi.org/10.1093/mnras/sty1610,https://ui.adsabs.harvard.edu/abs/2018MNRAS.479.4367K/abstract,https://arxiv.org/abs/1806.05887
NGC4254,NGC4254,pre-peak,Haynes2007,"Haynes, Martha P. (2007), NGC 4254: an act of harassment uncovered by the Arecibo Legacy Fast ALFA survey.",10.1086/521188,2007ApJ...665L..19H,0707.0113,peer reviewed,full text,M 99; VCC 307; UGC 7345; NGC 4254,ALFALFA H I,NGC4254 and 242-250 kpc tail,NGC4254 and 242-250 kpc tail,pp. L20-L22,"NGC4254 retains near-normal H I while feeding a roughly 5.0e8 Msun star-poor stream, favouring tidal harassment over catastrophic RPS.",observed plus inferred,high-speed tidal encounter/harassment,tail is recent/intermediate; no direct clock,Single-dish beam and lack of a visible perturber make the encounter non-unique.,Direct for H I/CO sources; otherwise contextual.,"See component synthesis; keep compression, removal, DIG, AGN and feedback distinct.","Tidal gas rearrangement and weak stripping can change gas mass, SFE, and local dilution in different directions. A single pre-peak code is therefore insufficient for FMR interpretation.",direct resolved observations,high for a past fast encounter; moderate for current RPS,https://doi.org/10.1086/521188,https://ui.adsabs.harvard.edu/abs/2007ApJ...665L..19H/abstract,https://arxiv.org/abs/0707.0113
NGC4254,NGC4254,pre-peak,Vollmer2005,"Vollmer, B. (2005), NGC 4254: a spiral galaxy entering the Virgo cluster.",10.1051/0004-6361:20041350,2005A&A...439..921V,astro-ph/0505021,peer reviewed,full text,M 99; VCC 307; UGC 7345; NGC 4254,sticky-particle simulation and H I comparison,NGC4254,NGC4254,Secs. 3-6,A rapid encounter plus ongoing nearly face-on weak RPS reproduces NGC4254's one-armed disk and gas asymmetry.,tailored model-derived,high-speed tidal encounter/harassment,encounter about 280 Myr ago,NGC4262 is suggested but not uniquely identified as perturber.,Direct for H I/CO sources; otherwise contextual.,"See component synthesis; keep compression, removal, DIG, AGN and feedback distinct.","Tidal gas rearrangement and weak stripping can change gas mass, SFE, and local dilution in different directions. A single pre-peak code is therefore insufficient for FMR interpretation.",tailored numerical modelling,high for a past fast encounter; moderate for current RPS,https://doi.org/10.1051/0004-6361:20041350,https://ui.adsabs.harvard.edu/abs/2005A&A...439..921V/abstract,https://arxiv.org/abs/astro-ph/0505021
NGC4254,NGC4254,pre-peak,DucBournaud2008,"Duc, Pierre‐Alain (2008), Tidal debris from high-velocity collisions as fake dark galaxies: a numerical model of VIRGOHI 21.",10.1086/524868,2008ApJ...673..787D,0710.3867,peer reviewed,full text,M 99; VCC 307; UGC 7345; NGC 4254,N-body/sticky-particle simulation,NGC4254 and VIRGOHI21 tail,NGC4254 and VIRGOHI21 tail,Secs. 2-5,A roughly 1100 km/s fly-by can reproduce the long H I tail as tidal debris without a dark galaxy; NGC4192 is a candidate interloper.,model-derived,high-speed tidal encounter/harassment,about 750 Myr after model pericentre,Perturber identity and timing are non-unique; another model gives about 280 Myr.,Direct for H I/CO sources; otherwise contextual.,"See component synthesis; keep compression, removal, DIG, AGN and feedback distinct.","Tidal gas rearrangement and weak stripping can change gas mass, SFE, and local dilution in different directions. A single pre-peak code is therefore insufficient for FMR interpretation.",tailored numerical modelling,high for a past fast encounter; moderate for current RPS,https://doi.org/10.1086/524868,https://ui.adsabs.harvard.edu/abs/2008ApJ...673..787D/abstract,https://arxiv.org/abs/0710.3867
NGC4254,NGC4254,pre-peak,Kantharia2008,"Kantharia, N. G. (2007), Low radio frequency signatures of ram pressure stripping in Virgo spiral NGC 4254.",10.1111/j.1365-2966.2007.12525.x,2008MNRAS.383..173K,0709.4532,peer reviewed,full text,M 99; VCC 307; UGC 7345; NGC 4254,GMRT radio continuum and polarization,NGC4254 disk and envelope,NGC4254 disk and envelope,Secs. 3-5,"A steep-spectrum envelope, sharp southern edge and polarized asymmetry support weak young ram pressure superposed on tidal disturbance.",observed plus inferred,high-speed tidal encounter/harassment,onset no earlier than roughly 200 Myr in model-stage reasoning,"The onset clock is inferred, not directly measured.",Direct for H I/CO sources; otherwise contextual.,"See component synthesis; keep compression, removal, DIG, AGN and feedback distinct.","Tidal gas rearrangement and weak stripping can change gas mass, SFE, and local dilution in different directions. A single pre-peak code is therefore insufficient for FMR interpretation.",direct radio observations,high for a past fast encounter; moderate for current RPS,https://doi.org/10.1111/j.1365-2966.2007.12525.x,https://ui.adsabs.harvard.edu/abs/2008MNRAS.383..173K/abstract,https://arxiv.org/abs/0709.4532
NGC4294,NGC4294,pre-peak,Chung2009,"Chung, Aeree (2009), VLA imaging of Virgo spirals in atomic gas (VIVA). I. The atlas and the H I properties.",10.1088/0004-6256/138/6/1741,2009AJ....138.1741C,0909.0781,peer reviewed,full text,VCC 465; UGC 7407; NGC 4294; KPG 330; KPG 330b,H I 21-cm,resolved galaxy disk and tail,VLA imaging/atlas,Appendix pp. 14-26; Tables 1-4,A roughly 27 kpc gas-only H I tail and lopsided disk identify recent removal of diffuse gas.,observed,early ram pressure stripping,No tailored clock; the tail is a present/recent indicator rather than a quantified time to peak.,H I morphology is direct; mechanism and viewing geometry remain interpretive.,Direct for H I/CO sources; otherwise contextual.,"See component synthesis; keep compression, removal, DIG, AGN and feedback distinct.","Gas loss can reduce H I before SFR responds, moving the galaxy off an H I-based gFMR while leaving the SFR-FMR temporarily less affected.",direct resolved observations,moderate,https://doi.org/10.1088/0004-6256/138/6/1741,https://ui.adsabs.harvard.edu/abs/2009AJ....138.1741C/abstract,https://arxiv.org/abs/0909.0781
NGC4294,NGC4294,pre-peak,Yoon2017,"Yoon, Hyein (2017), A history of H I stripping in Virgo: a phase-space view of VIVA galaxies.",10.3847/1538-4357/aa6579,2017ApJ...838...81Y,1704.00760,peer reviewed,full text,VCC 465; UGC 7407; NGC 4294; KPG 330; KPG 330b,H I morphology plus projected phase space,galaxy/cluster,VIVA class and projected phase-space comparison,Sec. 2.1; Table 1; Secs. 4-5,"Yoon class I; provides a statistical stripping-stage context, not a unique orbit.",inferred,early ram pressure stripping,stage-scale only,Projected radius and line-of-sight velocity are degenerate with 3-D orbital state.,Direct for H I/CO sources; otherwise contextual.,"See component synthesis; keep compression, removal, DIG, AGN and feedback distinct.","Gas loss can reduce H I before SFR responds, moving the galaxy off an H I-based gFMR while leaving the SFR-FMR temporarily less affected.",phase-space/contextual inference,moderate,https://doi.org/10.3847/1538-4357/aa6579,https://ui.adsabs.harvard.edu/abs/2017ApJ...838...81Y/abstract,https://arxiv.org/abs/1704.00760
NGC4294,NGC4294,pre-peak,Brown2021,"Brown, Toby (2021), VERTICO: the Virgo Environment Traced in CO survey.",10.3847/1538-4365/ac28f5,2021ApJS..257...21B,2111.00937,peer reviewed,full text,VCC 465; UGC 7407; NGC 4294; KPG 330; KPG 330b,CO(2-1),typically about 640 pc,VERTICO ACA survey,Sec. 2; Tables 1-2; Sec. 6,Provides resolved molecular-gas measurement and radial profiles; the survey paper alone does not identify this component's mechanism or orbit.,survey measurement,not assigned from this source,none,Survey selection is environmentally targeted and not Virgo-population complete.,Direct for H I/CO sources; otherwise contextual.,"See component synthesis; keep compression, removal, DIG, AGN and feedback distinct.","Gas loss can reduce H I before SFR responds, moving the galaxy off an H I-based gFMR while leaving the SFR-FMR temporarily less affected.",survey-level measurement,moderate,https://doi.org/10.3847/1538-4365/ac28f5,https://ui.adsabs.harvard.edu/abs/2021ApJS..257...21B/abstract,https://arxiv.org/abs/2111.00937
NGC4294,NGC4294,pre-peak,Koppen2018,"Köppen, J (2018), Ram pressure stripping made easy: an analytical approach.",10.1093/mnras/sty1610,2018MNRAS.479.4367K,1806.05887,peer reviewed,full text,VCC 465; UGC 7407; NGC 4294; KPG 330; KPG 330b,H I deficiency and projected cluster context,galaxy/cluster,analytical peak/time-integrated pressure model,Secs. 7.2-7.3; Tables E1-E5,Analytical classification: active; compare with direct morphology before adoption.,model-derived,ram pressure,No tailored clock; the tail is a present/recent indicator rather than a quantified time to peak.,Peak pressures are uncertain at roughly factor-of-two level; model assumptions can misclassify tidal systems.,Direct for H I/CO sources; otherwise contextual.,"See component synthesis; keep compression, removal, DIG, AGN and feedback distinct.","Gas loss can reduce H I before SFR responds, moving the galaxy off an H I-based gFMR while leaving the SFR-FMR temporarily less affected.",analytical model inference,moderate,https://doi.org/10.1093/mnras/sty1610,https://ui.adsabs.harvard.edu/abs/2018MNRAS.479.4367K/abstract,https://arxiv.org/abs/1806.05887
NGC4294,NGC4294,pre-peak,Chung2007,"Chung, Aeree (2007), Virgo Galaxies with Long One-sided H I Tails",10.1086/518034,2007ApJ...659L.115C,astro-ph/0703338,peer reviewed,full text,VCC 465; UGC 7407; NGC 4294; KPG 330; KPG 330b,VLA H I,resolved one-sided tails,resolved one-sided tails,pp. L116-L118,Long one-sided H I tails at intermediate Virgo radii show that diffuse gas removal begins outside the core; tides can first loosen gas in systems with neighbours.,observed plus inferred,early ram pressure stripping,recent arrival/active stripping context,Tail direction is not a unique 3-D orbit and some tails are compound tidal+RPS features.,Direct for H I/CO sources; otherwise contextual.,"See component synthesis; keep compression, removal, DIG, AGN and feedback distinct.","Gas loss can reduce H I before SFR responds, moving the galaxy off an H I-based gFMR while leaving the SFR-FMR temporarily less affected.",direct resolved observations,moderate,https://doi.org/10.1086/518034,https://ui.adsabs.harvard.edu/abs/2007ApJ...659L.115C/abstract,https://arxiv.org/abs/astro-ph/0703338
NGC4294,NGC4294,pre-peak,Vollmer2013,"Vollmer, B. (2013), Large-scale radio continuum properties of 19 Virgo cluster galaxies. The influence of tidal interactions, ram pressure stripping, and accreting gas envelopes.",10.1051/0004-6361/201321163,2013A&A...553A.116V,1304.1279,peer reviewed,full text,VCC 465; UGC 7407; NGC 4294; KPG 330; KPG 330b,radio continuum/polarization survey plus models,19 Virgo galaxies,19 Virgo galaxies,Secs. 3-5; Tables 2-3,"Polarized radio ridges distinguish ICM compression from tidal shear and identify compound or residual processing, including NGC4424, NGC4568 and NGC4654.",observed plus model-derived,early ram pressure stripping,current magnetized-ISM state,Radio asymmetry is not uniquely environmental without gas and stellar context.,Direct for H I/CO sources; otherwise contextual.,"See component synthesis; keep compression, removal, DIG, AGN and feedback distinct.","Gas loss can reduce H I before SFR responds, moving the galaxy off an H I-based gFMR while leaving the SFR-FMR temporarily less affected.",direct radio observations plus models,moderate,https://doi.org/10.1051/0004-6361/201321163,https://ui.adsabs.harvard.edu/abs/2013A&A...553A.116V/abstract,https://arxiv.org/abs/1304.1279
NGC4321,NGC4321,pre-peak,Chung2009,"Chung, Aeree (2009), VLA imaging of Virgo spirals in atomic gas (VIVA). I. The atlas and the H I properties.",10.1088/0004-6256/138/6/1741,2009AJ....138.1741C,0909.0781,peer reviewed,full text,M 100; VCC 596; UGC 7450; NGC 4321,H I 21-cm,resolved galaxy disk and tail,VLA imaging/atlas,Appendix pp. 14-26; Tables 1-4,M100 is H I rich with a southwestern extension/warp and a faint bridge toward NGC 4323; there is no severe truncation.,observed,weak tidal perturbation,No event clock was found.,H I morphology is direct; mechanism and viewing geometry remain interpretive.,Direct for H I/CO sources; otherwise contextual.,"See component synthesis; keep compression, removal, DIG, AGN and feedback distinct.",Internal bar/spiral SFE variations dominate many resolved relations; environmental interpretations require an outer-disk signature that is not yet isolated.,direct resolved observations,low-moderate,https://doi.org/10.1088/0004-6256/138/6/1741,https://ui.adsabs.harvard.edu/abs/2009AJ....138.1741C/abstract,https://arxiv.org/abs/0909.0781
NGC4321,NGC4321,pre-peak,Yoon2017,"Yoon, Hyein (2017), A history of H I stripping in Virgo: a phase-space view of VIVA galaxies.",10.3847/1538-4357/aa6579,2017ApJ...838...81Y,1704.00760,peer reviewed,full text,M 100; VCC 596; UGC 7450; NGC 4321,H I morphology plus projected phase space,galaxy/cluster,VIVA class and projected phase-space comparison,Sec. 2.1; Table 1; Secs. 4-5,"Yoon class 0; provides a statistical stripping-stage context, not a unique orbit.",inferred,weak tidal perturbation,stage-scale only,Projected radius and line-of-sight velocity are degenerate with 3-D orbital state.,Direct for H I/CO sources; otherwise contextual.,"See component synthesis; keep compression, removal, DIG, AGN and feedback distinct.",Internal bar/spiral SFE variations dominate many resolved relations; environmental interpretations require an outer-disk signature that is not yet isolated.,phase-space/contextual inference,low-moderate,https://doi.org/10.3847/1538-4357/aa6579,https://ui.adsabs.harvard.edu/abs/2017ApJ...838...81Y/abstract,https://arxiv.org/abs/1704.00760
NGC4321,NGC4321,pre-peak,Brown2021,"Brown, Toby (2021), VERTICO: the Virgo Environment Traced in CO survey.",10.3847/1538-4365/ac28f5,2021ApJS..257...21B,2111.00937,peer reviewed,full text,M 100; VCC 596; UGC 7450; NGC 4321,CO(2-1),typically about 640 pc,VERTICO ACA survey,Sec. 2; Tables 1-2; Sec. 6,Provides resolved molecular-gas measurement and radial profiles; the survey paper alone does not identify this component's mechanism or orbit.,survey measurement,not assigned from this source,none,Survey selection is environmentally targeted and not Virgo-population complete.,Direct for H I/CO sources; otherwise contextual.,"See component synthesis; keep compression, removal, DIG, AGN and feedback distinct.",Internal bar/spiral SFE variations dominate many resolved relations; environmental interpretations require an outer-disk signature that is not yet isolated.,survey-level measurement,low-moderate,https://doi.org/10.3847/1538-4365/ac28f5,https://ui.adsabs.harvard.edu/abs/2021ApJS..257...21B/abstract,https://arxiv.org/abs/2111.00937
NGC4321,NGC4321,pre-peak,Koppen2018,"Köppen, J (2018), Ram pressure stripping made easy: an analytical approach.",10.1093/mnras/sty1610,2018MNRAS.479.4367K,1806.05887,peer reviewed,full text,M 100; VCC 596; UGC 7450; NGC 4321,H I deficiency and projected cluster context,galaxy/cluster,analytical peak/time-integrated pressure model,Secs. 7.2-7.3; Tables E1-E5,Analytical classification: active; compare with direct morphology before adoption.,model-derived,ram pressure,No event clock was found.,Peak pressures are uncertain at roughly factor-of-two level; model assumptions can misclassify tidal systems.,Direct for H I/CO sources; otherwise contextual.,"See component synthesis; keep compression, removal, DIG, AGN and feedback distinct.",Internal bar/spiral SFE variations dominate many resolved relations; environmental interpretations require an outer-disk signature that is not yet isolated.,analytical model inference,low-moderate,https://doi.org/10.1093/mnras/sty1610,https://ui.adsabs.harvard.edu/abs/2018MNRAS.479.4367K/abstract,https://arxiv.org/abs/1806.05887
NGC4351,NGC4351,pre-peak,Chung2009,"Chung, Aeree (2009), VLA imaging of Virgo spirals in atomic gas (VIVA). I. The atlas and the H I properties.",10.1088/0004-6256/138/6/1741,2009AJ....138.1741C,0909.0781,peer reviewed,full text,VCC 692; UGC 7476; NGC 4351; NGC 4354,H I 21-cm,resolved galaxy disk and tail,VLA imaging/atlas,Appendix pp. 14-26; Tables 1-4,"A sharp H I cutoff and short one-sided tail, together with a compressed edge, indicate current pressure.",observed,active/early ram pressure stripping,No tailored numerical time; the morphology constrains an active stage only.,H I morphology is direct; mechanism and viewing geometry remain interpretive.,Direct for H I/CO sources; otherwise contextual.,"See component synthesis; keep compression, removal, DIG, AGN and feedback distinct.","A leading-edge compression episode can transiently raise local SFR/SFE while global H I falls, so local and global FMR residuals need not share a sign.",direct resolved observations,moderate-high for active RPS; low for prior tide,https://doi.org/10.1088/0004-6256/138/6/1741,https://ui.adsabs.harvard.edu/abs/2009AJ....138.1741C/abstract,https://arxiv.org/abs/0909.0781
NGC4351,NGC4351,pre-peak,Yoon2017,"Yoon, Hyein (2017), A history of H I stripping in Virgo: a phase-space view of VIVA galaxies.",10.3847/1538-4357/aa6579,2017ApJ...838...81Y,1704.00760,peer reviewed,full text,VCC 692; UGC 7476; NGC 4351; NGC 4354,H I morphology plus projected phase space,galaxy/cluster,VIVA class and projected phase-space comparison,Sec. 2.1; Table 1; Secs. 4-5,"Yoon class I; provides a statistical stripping-stage context, not a unique orbit.",inferred,active/early ram pressure stripping,stage-scale only,Projected radius and line-of-sight velocity are degenerate with 3-D orbital state.,Direct for H I/CO sources; otherwise contextual.,"See component synthesis; keep compression, removal, DIG, AGN and feedback distinct.","A leading-edge compression episode can transiently raise local SFR/SFE while global H I falls, so local and global FMR residuals need not share a sign.",phase-space/contextual inference,moderate-high for active RPS; low for prior tide,https://doi.org/10.3847/1538-4357/aa6579,https://ui.adsabs.harvard.edu/abs/2017ApJ...838...81Y/abstract,https://arxiv.org/abs/1704.00760
NGC4351,NGC4351,pre-peak,Brown2021,"Brown, Toby (2021), VERTICO: the Virgo Environment Traced in CO survey.",10.3847/1538-4365/ac28f5,2021ApJS..257...21B,2111.00937,peer reviewed,full text,VCC 692; UGC 7476; NGC 4351; NGC 4354,CO(2-1),typically about 640 pc,VERTICO ACA survey,Sec. 2; Tables 1-2; Sec. 6,Provides resolved molecular-gas measurement and radial profiles; the survey paper alone does not identify this component's mechanism or orbit.,survey measurement,not assigned from this source,none,Survey selection is environmentally targeted and not Virgo-population complete.,Direct for H I/CO sources; otherwise contextual.,"See component synthesis; keep compression, removal, DIG, AGN and feedback distinct.","A leading-edge compression episode can transiently raise local SFR/SFE while global H I falls, so local and global FMR residuals need not share a sign.",survey-level measurement,moderate-high for active RPS; low for prior tide,https://doi.org/10.3847/1538-4365/ac28f5,https://ui.adsabs.harvard.edu/abs/2021ApJS..257...21B/abstract,https://arxiv.org/abs/2111.00937
NGC4351,NGC4351,pre-peak,Koppen2018,"Köppen, J (2018), Ram pressure stripping made easy: an analytical approach.",10.1093/mnras/sty1610,2018MNRAS.479.4367K,1806.05887,peer reviewed,full text,VCC 692; UGC 7476; NGC 4351; NGC 4354,H I deficiency and projected cluster context,galaxy/cluster,analytical peak/time-integrated pressure model,Secs. 7.2-7.3; Tables E1-E5,Analytical classification: past; compare with direct morphology before adoption.,model-derived,ram pressure,No tailored numerical time; the morphology constrains an active stage only.,Peak pressures are uncertain at roughly factor-of-two level; model assumptions can misclassify tidal systems.,Direct for H I/CO sources; otherwise contextual.,"See component synthesis; keep compression, removal, DIG, AGN and feedback distinct.","A leading-edge compression episode can transiently raise local SFR/SFE while global H I falls, so local and global FMR residuals need not share a sign.",analytical model inference,moderate-high for active RPS; low for prior tide,https://doi.org/10.1093/mnras/sty1610,https://ui.adsabs.harvard.edu/abs/2018MNRAS.479.4367K/abstract,https://arxiv.org/abs/1806.05887
NGC4383,NGC4383,pre-peak,Chung2009,"Chung, Aeree (2009), VLA imaging of Virgo spirals in atomic gas (VIVA). I. The atlas and the H I properties.",10.1088/0004-6256/138/6/1741,2009AJ....138.1741C,0909.0781,peer reviewed,full text,VCC 801; UGC 7507; NGC 4383,H I 21-cm,resolved galaxy disk and tail,VLA imaging/atlas,Appendix pp. 14-26; Tables 1-4,"The H I disk is exceptionally massive and extended, with irregular outer clouds rather than a stripped/truncated morphology.",observed,recent gas acquisition and starburst feedback,Outflow dynamical times are Myr-scale and source-dependent; no secure cluster-pericentre time exists. Do not equate the wind age with the interaction age.,H I morphology is direct; mechanism and viewing geometry remain interpretive.,Direct for H I/CO sources; otherwise contextual.,"See component synthesis; keep compression, removal, DIG, AGN and feedback distinct.",This is the clearest case where gas accretion/dilution and non-disk ionized emission can drive a gFMR/FMR residual independently of cluster stage; Halpha may not be a clean in-situ SFR proxy in the wind.,direct resolved observations,high for feedback outflow; moderate for recent gas supply; low for orbital history,https://doi.org/10.1088/0004-6256/138/6/1741,https://ui.adsabs.harvard.edu/abs/2009AJ....138.1741C/abstract,https://arxiv.org/abs/0909.0781
NGC4383,NGC4383,pre-peak,Yoon2017,"Yoon, Hyein (2017), A history of H I stripping in Virgo: a phase-space view of VIVA galaxies.",10.3847/1538-4357/aa6579,2017ApJ...838...81Y,1704.00760,peer reviewed,full text,VCC 801; UGC 7507; NGC 4383,H I morphology plus projected phase space,galaxy/cluster,VIVA class and projected phase-space comparison,Sec. 2.1; Table 1; Secs. 4-5,"Yoon class 0; provides a statistical stripping-stage context, not a unique orbit.",inferred,recent gas acquisition and starburst feedback,stage-scale only,Projected radius and line-of-sight velocity are degenerate with 3-D orbital state.,Direct for H I/CO sources; otherwise contextual.,"See component synthesis; keep compression, removal, DIG, AGN and feedback distinct.",This is the clearest case where gas accretion/dilution and non-disk ionized emission can drive a gFMR/FMR residual independently of cluster stage; Halpha may not be a clean in-situ SFR proxy in the wind.,phase-space/contextual inference,high for feedback outflow; moderate for recent gas supply; low for orbital history,https://doi.org/10.3847/1538-4357/aa6579,https://ui.adsabs.harvard.edu/abs/2017ApJ...838...81Y/abstract,https://arxiv.org/abs/1704.00760
NGC4383,NGC4383,pre-peak,Brown2021,"Brown, Toby (2021), VERTICO: the Virgo Environment Traced in CO survey.",10.3847/1538-4365/ac28f5,2021ApJS..257...21B,2111.00937,peer reviewed,full text,VCC 801; UGC 7507; NGC 4383,CO(2-1),typically about 640 pc,VERTICO ACA survey,Sec. 2; Tables 1-2; Sec. 6,Provides resolved molecular-gas measurement and radial profiles; the survey paper alone does not identify this component's mechanism or orbit.,survey measurement,not assigned from this source,none,Survey selection is environmentally targeted and not Virgo-population complete.,Direct for H I/CO sources; otherwise contextual.,"See component synthesis; keep compression, removal, DIG, AGN and feedback distinct.",This is the clearest case where gas accretion/dilution and non-disk ionized emission can drive a gFMR/FMR residual independently of cluster stage; Halpha may not be a clean in-situ SFR proxy in the wind.,survey-level measurement,high for feedback outflow; moderate for recent gas supply; low for orbital history,https://doi.org/10.3847/1538-4365/ac28f5,https://ui.adsabs.harvard.edu/abs/2021ApJS..257...21B/abstract,https://arxiv.org/abs/2111.00937
NGC4383,NGC4383,pre-peak,Koppen2018,"Köppen, J (2018), Ram pressure stripping made easy: an analytical approach.",10.1093/mnras/sty1610,2018MNRAS.479.4367K,1806.05887,peer reviewed,full text,VCC 801; UGC 7507; NGC 4383,H I deficiency and projected cluster context,galaxy/cluster,analytical peak/time-integrated pressure model,Secs. 7.2-7.3; Tables E1-E5,Analytical classification: non-deficient; compare with direct morphology before adoption.,model-derived,ram pressure,Outflow dynamical times are Myr-scale and source-dependent; no secure cluster-pericentre time exists. Do not equate the wind age with the interaction age.,Peak pressures are uncertain at roughly factor-of-two level; model assumptions can misclassify tidal systems.,Direct for H I/CO sources; otherwise contextual.,"See component synthesis; keep compression, removal, DIG, AGN and feedback distinct.",This is the clearest case where gas accretion/dilution and non-disk ionized emission can drive a gFMR/FMR residual independently of cluster stage; Halpha may not be a clean in-situ SFR proxy in the wind.,analytical model inference,high for feedback outflow; moderate for recent gas supply; low for orbital history,https://doi.org/10.1093/mnras/sty1610,https://ui.adsabs.harvard.edu/abs/2018MNRAS.479.4367K/abstract,https://arxiv.org/abs/1806.05887
NGC4383,NGC4383,pre-peak,Watts2024,"Watts, Adam B (2024), MAUVE: a 6 kpc bipolar outflow launched from NGC 4383, one of the most H I-rich galaxies in the Virgo cluster",10.1093/mnras/stae898,2024MNRAS.530.1968W,2404.12616,peer reviewed,full text,VCC 801; UGC 7507; NGC 4383,MUSE ionized-gas kinematics,NGC4383 bipolar structure,NGC4383 bipolar structure,Secs. 3-6,A large metal-enriched ionized outflow in NGC4383 is powered by central star formation and is not evidence for an ICM-stripped tail.,observed plus model-derived,recent gas acquisition and starburst feedback,current/recent outflow,"Outflow geometry, electron density and ionization corrections affect mass loading.",Direct for H I/CO sources; otherwise contextual.,"See component synthesis; keep compression, removal, DIG, AGN and feedback distinct.",This is the clearest case where gas accretion/dilution and non-disk ionized emission can drive a gFMR/FMR residual independently of cluster stage; Halpha may not be a clean in-situ SFR proxy in the wind.,direct resolved observations plus outflow model,high for feedback outflow; moderate for recent gas supply; low for orbital history,https://doi.org/10.1093/mnras/stae898,https://ui.adsabs.harvard.edu/abs/2024MNRAS.530.1968W/abstract,https://arxiv.org/abs/2404.12616
NGC4383,NGC4383,pre-peak,Huang2026,"Huang, Rongjun (2026), MAUVE-MUSE: when metallicity follows or fights star formation - a mass-dependent inversion in Virgo galaxies.",10.1093/mnras/stag1019,2026MNRAS.549g1019H,,peer reviewed,full text or accepted manuscript,VCC 801; UGC 7507; NGC 4383,MUSE metallicity and Sigma_SFR,resolved HII-region spaxels in 14 MAUVE galaxies,resolved HII-region spaxels in 14 MAUVE galaxies,Secs. 3-6; Figs. 3-6,The residual metallicity-SFR relation changes sign with calibration and within galaxies; NGC4383 is a robust 0.1-0.2 dex low-metallicity outlier and NGC4192 changes internal sign.,observed analysis,recent gas acquisition and starburst feedback,current resolved state,"Strong-line calibration, DIG/HII selection and hierarchical sampling dominate interpretation.",Direct for H I/CO sources; otherwise contextual.,"See component synthesis; keep compression, removal, DIG, AGN and feedback distinct.",This is the clearest case where gas accretion/dilution and non-disk ionized emission can drive a gFMR/FMR residual independently of cluster stage; Halpha may not be a clean in-situ SFR proxy in the wind.,direct resolved metallicity analysis,high for feedback outflow; moderate for recent gas supply; low for orbital history,https://doi.org/10.1093/mnras/stag1019,https://ui.adsabs.harvard.edu/abs/2026MNRAS.549g1019H/abstract,
NGC4396,NGC4396,pre-peak,Chung2009,"Chung, Aeree (2009), VLA imaging of Virgo spirals in atomic gas (VIVA). I. The atlas and the H I properties.",10.1088/0004-6256/138/6/1741,2009AJ....138.1741C,0909.0781,peer reviewed,full text,VCC 865; UGC 7526; NGC 4396,H I 21-cm,resolved galaxy disk and tail,VLA imaging/atlas,Appendix pp. 14-26; Tables 1-4,A long northwestern H I tail and gas-free outer stellar disk favour removal of diffuse gas.,observed,early ram pressure stripping,No tailored timing constraint.,H I morphology is direct; mechanism and viewing geometry remain interpretive.,Direct for H I/CO sources; otherwise contextual.,"See component synthesis; keep compression, removal, DIG, AGN and feedback distinct.",Outer gas removal should first change gas fraction and resolved radial sampling; an integrated metallicity increase could reflect loss of low-metallicity outskirts rather than rapid enrichment.,direct resolved observations,moderate,https://doi.org/10.1088/0004-6256/138/6/1741,https://ui.adsabs.harvard.edu/abs/2009AJ....138.1741C/abstract,https://arxiv.org/abs/0909.0781
NGC4396,NGC4396,pre-peak,Yoon2017,"Yoon, Hyein (2017), A history of H I stripping in Virgo: a phase-space view of VIVA galaxies.",10.3847/1538-4357/aa6579,2017ApJ...838...81Y,1704.00760,peer reviewed,full text,VCC 865; UGC 7526; NGC 4396,H I morphology plus projected phase space,galaxy/cluster,VIVA class and projected phase-space comparison,Sec. 2.1; Table 1; Secs. 4-5,"Yoon class I; provides a statistical stripping-stage context, not a unique orbit.",inferred,early ram pressure stripping,stage-scale only,Projected radius and line-of-sight velocity are degenerate with 3-D orbital state.,Direct for H I/CO sources; otherwise contextual.,"See component synthesis; keep compression, removal, DIG, AGN and feedback distinct.",Outer gas removal should first change gas fraction and resolved radial sampling; an integrated metallicity increase could reflect loss of low-metallicity outskirts rather than rapid enrichment.,phase-space/contextual inference,moderate,https://doi.org/10.3847/1538-4357/aa6579,https://ui.adsabs.harvard.edu/abs/2017ApJ...838...81Y/abstract,https://arxiv.org/abs/1704.00760
NGC4396,NGC4396,pre-peak,Brown2021,"Brown, Toby (2021), VERTICO: the Virgo Environment Traced in CO survey.",10.3847/1538-4365/ac28f5,2021ApJS..257...21B,2111.00937,peer reviewed,full text,VCC 865; UGC 7526; NGC 4396,CO(2-1),typically about 640 pc,VERTICO ACA survey,Sec. 2; Tables 1-2; Sec. 6,Provides resolved molecular-gas measurement and radial profiles; the survey paper alone does not identify this component's mechanism or orbit.,survey measurement,not assigned from this source,none,Survey selection is environmentally targeted and not Virgo-population complete.,Direct for H I/CO sources; otherwise contextual.,"See component synthesis; keep compression, removal, DIG, AGN and feedback distinct.",Outer gas removal should first change gas fraction and resolved radial sampling; an integrated metallicity increase could reflect loss of low-metallicity outskirts rather than rapid enrichment.,survey-level measurement,moderate,https://doi.org/10.3847/1538-4365/ac28f5,https://ui.adsabs.harvard.edu/abs/2021ApJS..257...21B/abstract,https://arxiv.org/abs/2111.00937
NGC4396,NGC4396,pre-peak,Koppen2018,"Köppen, J (2018), Ram pressure stripping made easy: an analytical approach.",10.1093/mnras/sty1610,2018MNRAS.479.4367K,1806.05887,peer reviewed,full text,VCC 865; UGC 7526; NGC 4396,H I deficiency and projected cluster context,galaxy/cluster,analytical peak/time-integrated pressure model,Secs. 7.2-7.3; Tables E1-E5,Analytical classification: active; compare with direct morphology before adoption.,model-derived,ram pressure,No tailored timing constraint.,Peak pressures are uncertain at roughly factor-of-two level; model assumptions can misclassify tidal systems.,Direct for H I/CO sources; otherwise contextual.,"See component synthesis; keep compression, removal, DIG, AGN and feedback distinct.",Outer gas removal should first change gas fraction and resolved radial sampling; an integrated metallicity increase could reflect loss of low-metallicity outskirts rather than rapid enrichment.,analytical model inference,moderate,https://doi.org/10.1093/mnras/sty1610,https://ui.adsabs.harvard.edu/abs/2018MNRAS.479.4367K/abstract,https://arxiv.org/abs/1806.05887
NGC4396,NGC4396,pre-peak,Edler2024,"Edler, H. W. (2024), ViCTORIA project: The LOFAR view of environmental effects in Virgo cluster star-forming galaxies.",10.1051/0004-6361/202348301,2024A&A...683A.149E,2311.01904,peer reviewed,full text,VCC 865; UGC 7526; NGC 4396,LOFAR radio continuum,resolved Virgo-galaxy survey,resolved Virgo-galaxy survey,Secs. 3-6; Tables 1-3,Low-frequency asymmetries identify candidate ongoing RPS and retain signatures after H I morphology has partly relaxed.,survey observation plus inferred,early ram pressure stripping,current/recent radio state,"Radio morphology can also reflect tides, star formation and viewing angle.",Direct for H I/CO sources; otherwise contextual.,"See component synthesis; keep compression, removal, DIG, AGN and feedback distinct.",Outer gas removal should first change gas fraction and resolved radial sampling; an integrated metallicity increase could reflect loss of low-metallicity outskirts rather than rapid enrichment.,direct radio survey observations,moderate,https://doi.org/10.1051/0004-6361/202348301,https://ui.adsabs.harvard.edu/abs/2024A&A...683A.149E/abstract,https://arxiv.org/abs/2311.01904
NGC4396,NGC4396,pre-peak,Brown2026,"Brown, Toby (2026), MAUVE-MUSE: Ionization and Kinematic Signatures of Environmental Effects on Virgo Cluster Disks.",10.3847/1538-4357/ae632e,2026ApJ..1004...73B,2604.20056,peer reviewed,full text,VCC 865; UGC 7526; NGC 4396,MUSE emission-line ratios and velocity dispersion,resolved spaxels in 12 early-release MAUVE galaxies,resolved spaxels in 12 early-release MAUVE galaxies,Secs. 3-6; Table 2,Non-HII excitation and high-dispersion gas are more prevalent than in field controls; diffuse ionized gas dominates much of the excess and shocks are secondary.,observed survey comparison,early ram pressure stripping,current ionized-gas state,Early-release subset; excitation fractions depend on selections and spatial resolution.,Direct for H I/CO sources; otherwise contextual.,"See component synthesis; keep compression, removal, DIG, AGN and feedback distinct.",Outer gas removal should first change gas fraction and resolved radial sampling; an integrated metallicity increase could reflect loss of low-metallicity outskirts rather than rapid enrichment.,direct resolved ionized-gas observations,moderate,https://doi.org/10.3847/1538-4357/ae632e,https://ui.adsabs.harvard.edu/abs/2026ApJ..1004...73B/abstract,https://arxiv.org/abs/2604.20056
NGC4396,NGC4396,pre-peak,Huang2026,"Huang, Rongjun (2026), MAUVE-MUSE: when metallicity follows or fights star formation - a mass-dependent inversion in Virgo galaxies.",10.1093/mnras/stag1019,2026MNRAS.549g1019H,,peer reviewed,full text or accepted manuscript,VCC 865; UGC 7526; NGC 4396,MUSE metallicity and Sigma_SFR,resolved HII-region spaxels in 14 MAUVE galaxies,resolved HII-region spaxels in 14 MAUVE galaxies,Secs. 3-6; Figs. 3-6,The residual metallicity-SFR relation changes sign with calibration and within galaxies; NGC4383 is a robust 0.1-0.2 dex low-metallicity outlier and NGC4192 changes internal sign.,observed analysis,early ram pressure stripping,current resolved state,"Strong-line calibration, DIG/HII selection and hierarchical sampling dominate interpretation.",Direct for H I/CO sources; otherwise contextual.,"See component synthesis; keep compression, removal, DIG, AGN and feedback distinct.",Outer gas removal should first change gas fraction and resolved radial sampling; an integrated metallicity increase could reflect loss of low-metallicity outskirts rather than rapid enrichment.,direct resolved metallicity analysis,moderate,https://doi.org/10.1093/mnras/stag1019,https://ui.adsabs.harvard.edu/abs/2026MNRAS.549g1019H/abstract,
NGC4535,NGC4535,pre-peak,Chung2009,"Chung, Aeree (2009), VLA imaging of Virgo spirals in atomic gas (VIVA). I. The atlas and the H I properties.",10.1088/0004-6256/138/6/1741,2009AJ....138.1741C,0909.0781,peer reviewed,full text,VCC 1555; UGC 7727; NGC 4535,H I 21-cm,resolved galaxy disk and tail,VLA imaging/atlas,Appendix pp. 14-26; Tables 1-4,The H I disk is extended and close to normal but has a cutoff on the M87-facing side and an extension on the opposite side.,observed,weak ongoing ram pressure,No tailored clock.,H I morphology is direct; mechanism and viewing geometry remain interpretive.,Direct for H I/CO sources; otherwise contextual.,"See component synthesis; keep compression, removal, DIG, AGN and feedback distinct.",This system tests the earliest regime where gas geometry changes before large SFR or metallicity offsets emerge.,direct resolved observations,moderate-low,https://doi.org/10.1088/0004-6256/138/6/1741,https://ui.adsabs.harvard.edu/abs/2009AJ....138.1741C/abstract,https://arxiv.org/abs/0909.0781
NGC4535,NGC4535,pre-peak,Yoon2017,"Yoon, Hyein (2017), A history of H I stripping in Virgo: a phase-space view of VIVA galaxies.",10.3847/1538-4357/aa6579,2017ApJ...838...81Y,1704.00760,peer reviewed,full text,VCC 1555; UGC 7727; NGC 4535,H I morphology plus projected phase space,galaxy/cluster,VIVA class and projected phase-space comparison,Sec. 2.1; Table 1; Secs. 4-5,"Yoon class I; provides a statistical stripping-stage context, not a unique orbit.",inferred,weak ongoing ram pressure,stage-scale only,Projected radius and line-of-sight velocity are degenerate with 3-D orbital state.,Direct for H I/CO sources; otherwise contextual.,"See component synthesis; keep compression, removal, DIG, AGN and feedback distinct.",This system tests the earliest regime where gas geometry changes before large SFR or metallicity offsets emerge.,phase-space/contextual inference,moderate-low,https://doi.org/10.3847/1538-4357/aa6579,https://ui.adsabs.harvard.edu/abs/2017ApJ...838...81Y/abstract,https://arxiv.org/abs/1704.00760
NGC4535,NGC4535,pre-peak,Brown2021,"Brown, Toby (2021), VERTICO: the Virgo Environment Traced in CO survey.",10.3847/1538-4365/ac28f5,2021ApJS..257...21B,2111.00937,peer reviewed,full text,VCC 1555; UGC 7727; NGC 4535,CO(2-1),typically about 640 pc,VERTICO ACA survey,Sec. 2; Tables 1-2; Sec. 6,Provides resolved molecular-gas measurement and radial profiles; the survey paper alone does not identify this component's mechanism or orbit.,survey measurement,not assigned from this source,none,Survey selection is environmentally targeted and not Virgo-population complete.,Direct for H I/CO sources; otherwise contextual.,"See component synthesis; keep compression, removal, DIG, AGN and feedback distinct.",This system tests the earliest regime where gas geometry changes before large SFR or metallicity offsets emerge.,survey-level measurement,moderate-low,https://doi.org/10.3847/1538-4365/ac28f5,https://ui.adsabs.harvard.edu/abs/2021ApJS..257...21B/abstract,https://arxiv.org/abs/2111.00937
NGC4535,NGC4535,pre-peak,Koppen2018,"Köppen, J (2018), Ram pressure stripping made easy: an analytical approach.",10.1093/mnras/sty1610,2018MNRAS.479.4367K,1806.05887,peer reviewed,full text,VCC 1555; UGC 7727; NGC 4535,H I deficiency and projected cluster context,galaxy/cluster,analytical peak/time-integrated pressure model,Secs. 7.2-7.3; Tables E1-E5,Analytical classification: active; compare with direct morphology before adoption.,model-derived,ram pressure,No tailored clock.,Peak pressures are uncertain at roughly factor-of-two level; model assumptions can misclassify tidal systems.,Direct for H I/CO sources; otherwise contextual.,"See component synthesis; keep compression, removal, DIG, AGN and feedback distinct.",This system tests the earliest regime where gas geometry changes before large SFR or metallicity offsets emerge.,analytical model inference,moderate-low,https://doi.org/10.1093/mnras/sty1610,https://ui.adsabs.harvard.edu/abs/2018MNRAS.479.4367K/abstract,https://arxiv.org/abs/1806.05887
NGC4567,NGC4567_8,pre-peak,Chung2009,"Chung, Aeree (2009), VLA imaging of Virgo spirals in atomic gas (VIVA). I. The atlas and the H I properties.",10.1088/0004-6256/138/6/1741,2009AJ....138.1741C,0909.0781,peer reviewed,full text,VCC 1673; UGC 7777; NGC 4567; KPG 347a; VV 219a,H I 21-cm,resolved galaxy disk and tail,VLA imaging/atlas,Appendix pp. 14-26; Tables 1-4,H I connects the pair; assigning integrated H I flux to either component is uncertain in the overlap.,observed,direct galaxy-galaxy collision,"The encounter is early/pre-coalescence, but no defensible absolute pericentre time or Virgo orbital clock is published; cloud free-fall times are not encounter ages.",H I morphology is direct; mechanism and viewing geometry remain interpretive.,Direct for H I/CO sources; otherwise contextual.,"See component synthesis; keep compression, removal, DIG, AGN and feedback distinct.","Localized H I-to-H2 conversion and mixing can affect resolved gFMR projections, but there is no direct abundance-dilution measurement and no demonstrated galaxy-wide SFE enhancement.",direct resolved observations,high for pair interaction; no secure pair or cluster clock,https://doi.org/10.1088/0004-6256/138/6/1741,https://ui.adsabs.harvard.edu/abs/2009AJ....138.1741C/abstract,https://arxiv.org/abs/0909.0781
NGC4567,NGC4567_8,pre-peak,Yoon2017,"Yoon, Hyein (2017), A history of H I stripping in Virgo: a phase-space view of VIVA galaxies.",10.3847/1538-4357/aa6579,2017ApJ...838...81Y,1704.00760,peer reviewed,full text,VCC 1673; UGC 7777; NGC 4567; KPG 347a; VV 219a,H I morphology plus projected phase space,galaxy/cluster,VIVA class and projected phase-space comparison,Sec. 2.1; Table 1; Secs. 4-5,"Yoon class 0; provides a statistical stripping-stage context, not a unique orbit.",inferred,direct galaxy-galaxy collision,stage-scale only,Projected radius and line-of-sight velocity are degenerate with 3-D orbital state.,Direct for H I/CO sources; otherwise contextual.,"See component synthesis; keep compression, removal, DIG, AGN and feedback distinct.","Localized H I-to-H2 conversion and mixing can affect resolved gFMR projections, but there is no direct abundance-dilution measurement and no demonstrated galaxy-wide SFE enhancement.",phase-space/contextual inference,high for pair interaction; no secure pair or cluster clock,https://doi.org/10.3847/1538-4357/aa6579,https://ui.adsabs.harvard.edu/abs/2017ApJ...838...81Y/abstract,https://arxiv.org/abs/1704.00760
NGC4567,NGC4567_8,pre-peak,Brown2021,"Brown, Toby (2021), VERTICO: the Virgo Environment Traced in CO survey.",10.3847/1538-4365/ac28f5,2021ApJS..257...21B,2111.00937,peer reviewed,full text,VCC 1673; UGC 7777; NGC 4567; KPG 347a; VV 219a,CO(2-1),typically about 640 pc,VERTICO ACA survey,Sec. 2; Tables 1-2; Sec. 6,Provides resolved molecular-gas measurement and radial profiles; the survey paper alone does not identify this component's mechanism or orbit.,survey measurement,not assigned from this source,none,Survey selection is environmentally targeted and not Virgo-population complete.,Direct for H I/CO sources; otherwise contextual.,"See component synthesis; keep compression, removal, DIG, AGN and feedback distinct.","Localized H I-to-H2 conversion and mixing can affect resolved gFMR projections, but there is no direct abundance-dilution measurement and no demonstrated galaxy-wide SFE enhancement.",survey-level measurement,high for pair interaction; no secure pair or cluster clock,https://doi.org/10.3847/1538-4365/ac28f5,https://ui.adsabs.harvard.edu/abs/2021ApJS..257...21B/abstract,https://arxiv.org/abs/2111.00937
NGC4567,NGC4567_8,pre-peak,Nehlig2016,"Nehlig, F. (2016), Effects of environmental gas compression on the multiphase ISM and star formation. The Virgo spiral galaxies NGC 4501 and NGC 4567/68.",10.1051/0004-6361/201527021,2016A&A...587A.108N,1511.07567,peer reviewed,full text,VCC 1673; UGC 7777; NGC 4567; KPG 347a; VV 219a,multiwavelength ISM comparison,NGC4501 and NGC4567/4568,NGC4501 and NGC4567/4568,Secs. 3-5,"Gas phases and star formation respond differently to compression in an RPS disk versus an interacting pair, providing a controlled mechanism comparison.",observed plus model-derived,direct galaxy-galaxy collision,current/pre-peak contexts,Cross-system comparison does not supply a new orbital clock.,Direct for H I/CO sources; otherwise contextual.,"See component synthesis; keep compression, removal, DIG, AGN and feedback distinct.","Localized H I-to-H2 conversion and mixing can affect resolved gFMR projections, but there is no direct abundance-dilution measurement and no demonstrated galaxy-wide SFE enhancement.",direct observations plus ISM modelling,high for pair interaction; no secure pair or cluster clock,https://doi.org/10.1051/0004-6361/201527021,https://ui.adsabs.harvard.edu/abs/2016A&A...587A.108N/abstract,https://arxiv.org/abs/1511.07567
NGC4567,NGC4567_8,pre-peak,Kaneko2017,"Kaneko, Hiroyuki (2017), Properties of molecular gas in galaxies in the early and mid stages of interaction. II. Molecular gas fraction",10.1093/pasj/psx041,,,peer reviewed,full text or accepted manuscript,VCC 1673; UGC 7777; NGC 4567; KPG 347a; VV 219a,CO plus H I,NGC4567/4568 disks and overlap,NGC4567/4568 disks and overlap,Secs. 3-5,"The overlap has locally elevated molecular fraction, consistent with collision pressure converting H I to H2 before a global starburst.",observed plus inferred,direct galaxy-galaxy collision,early interaction; no absolute clock,Component H I separation is uncertain in the overlap.,Direct for H I/CO sources; otherwise contextual.,"See component synthesis; keep compression, removal, DIG, AGN and feedback distinct.","Localized H I-to-H2 conversion and mixing can affect resolved gFMR projections, but there is no direct abundance-dilution measurement and no demonstrated galaxy-wide SFE enhancement.",direct resolved H I and CO observations,high for pair interaction; no secure pair or cluster clock,https://doi.org/10.1093/pasj/psx041,,
NGC4567,NGC4567_8,pre-peak,Kaneko2018,"Kaneko 金, Hiroyuki 子紘之 (2018), Discovery of a molecular collision front in interacting galaxies NGC 4567/4568 with ALMA.",10.3847/2041-8213/aac895,2018ApJ...860L..14K,1806.01553,peer reviewed,full text,VCC 1673; UGC 7777; NGC 4567; KPG 347a; VV 219a,ALMA CO,1.8 x 0.35 kpc overlap filament,1.8 x 0.35 kpc overlap filament,Secs. 2-4,A continuous roughly 50 km/s gas connection and turbulent molecular filament directly identify a collision front in NGC4567/4568.,observed,direct galaxy-galaxy collision,early/first-contact; no pericentre date,Cloud free-fall times are not encounter ages.,Direct for H I/CO sources; otherwise contextual.,"See component synthesis; keep compression, removal, DIG, AGN and feedback distinct.","Localized H I-to-H2 conversion and mixing can affect resolved gFMR projections, but there is no direct abundance-dilution measurement and no demonstrated galaxy-wide SFE enhancement.",direct resolved CO observations,high for pair interaction; no secure pair or cluster clock,https://doi.org/10.3847/2041-8213/aac895,https://ui.adsabs.harvard.edu/abs/2018ApJ...860L..14K/abstract,https://arxiv.org/abs/1806.01553
NGC4567,NGC4567_8,pre-peak,Kaneko2022,"Kaneko, Hiroyuki (2022), Properties of molecular gas in galaxies in early and mid stages of Interaction. III. Resolved Kennicutt-Schmidt law.",10.1093/pasj/psab129,2022PASJ...74..343K,2201.02270,peer reviewed,full text,VCC 1673; UGC 7777; NGC 4567; KPG 347a; VV 219a,resolved CO and SFR,pair disks and overlap,pair disks and overlap,Pair discussion; summary,"Galaxy-integrated SFR/SFE is normal within comparison scatter and the overlap is only slightly enhanced, despite the collision front.",observed analysis,direct galaxy-galaxy collision,current early interaction,Resolved SFE uncertainties are of order 55-60 percent.,Direct for H I/CO sources; otherwise contextual.,"See component synthesis; keep compression, removal, DIG, AGN and feedback distinct.","Localized H I-to-H2 conversion and mixing can affect resolved gFMR projections, but there is no direct abundance-dilution measurement and no demonstrated galaxy-wide SFE enhancement.",direct resolved star-formation-law analysis,high for pair interaction; no secure pair or cluster clock,https://doi.org/10.1093/pasj/psab129,https://ui.adsabs.harvard.edu/abs/2022PASJ...74..343K/abstract,https://arxiv.org/abs/2201.02270
NGC4567,NGC4567_8,pre-peak,Kaneko2023,"Kaneko, Hiroyuki (2023), Investigating physical states of molecular gas in the overlapping region of interacting galaxies NGC 4567/4568 using ALMA.",10.1093/pasj/psad025,2023PASJ...75..646K,2303.17638,peer reviewed,full text,VCC 1673; UGC 7777; NGC 4567; KPG 347a; VV 219a,ALMA multi-transition CO,NGC4567/4568 overlap,NGC4567/4568 overlap,Secs. 3-5,"Collision-front clouds are bound but low excitation, with maximum CO(3-2)/CO(1-0) about 0.17+/-0.04, arguing against a mature dense starburst ridge.",observed,direct galaxy-galaxy collision,current early interaction,Line-ratio conversion and beam matching affect excitation estimates.,Direct for H I/CO sources; otherwise contextual.,"See component synthesis; keep compression, removal, DIG, AGN and feedback distinct.","Localized H I-to-H2 conversion and mixing can affect resolved gFMR projections, but there is no direct abundance-dilution measurement and no demonstrated galaxy-wide SFE enhancement.",direct resolved CO observations,high for pair interaction; no secure pair or cluster clock,https://doi.org/10.1093/pasj/psad025,https://ui.adsabs.harvard.edu/abs/2023PASJ...75..646K/abstract,https://arxiv.org/abs/2303.17638
NGC4568,NGC4567_8,pre-peak,Chung2009,"Chung, Aeree (2009), VLA imaging of Virgo spirals in atomic gas (VIVA). I. The atlas and the H I properties.",10.1088/0004-6256/138/6/1741,2009AJ....138.1741C,0909.0781,peer reviewed,full text,VCC 1676; UGC 7776; NGC 4568; KPG 347b; VV 219b,H I 21-cm,resolved galaxy disk and tail,VLA imaging/atlas,Appendix pp. 14-26; Tables 1-4,"H I bridges the pair, but component fluxes are blended; NGC4568 has its own catalogued gas and stellar properties.",observed,direct galaxy-galaxy collision,The encounter is early/pre-coalescence; no secure absolute encounter time or Virgo pericentre time is published.,H I morphology is direct; mechanism and viewing geometry remain interpretive.,Direct for H I/CO sources; otherwise contextual.,"See component synthesis; keep compression, removal, DIG, AGN and feedback distinct.",Local compression/mixing can move spaxels across resolved FMR projections without implying an ICM sequence; direct oxygen-abundance evidence is still needed.,direct resolved observations,high for pair interaction; no secure pair or cluster clock,https://doi.org/10.1088/0004-6256/138/6/1741,https://ui.adsabs.harvard.edu/abs/2009AJ....138.1741C/abstract,https://arxiv.org/abs/0909.0781
NGC4568,NGC4567_8,pre-peak,Yoon2017,"Yoon, Hyein (2017), A history of H I stripping in Virgo: a phase-space view of VIVA galaxies.",10.3847/1538-4357/aa6579,2017ApJ...838...81Y,1704.00760,peer reviewed,full text,VCC 1676; UGC 7776; NGC 4568; KPG 347b; VV 219b,H I morphology plus projected phase space,galaxy/cluster,VIVA class and projected phase-space comparison,Sec. 2.1; Table 1; Secs. 4-5,"Yoon class 0; provides a statistical stripping-stage context, not a unique orbit.",inferred,direct galaxy-galaxy collision,stage-scale only,Projected radius and line-of-sight velocity are degenerate with 3-D orbital state.,Direct for H I/CO sources; otherwise contextual.,"See component synthesis; keep compression, removal, DIG, AGN and feedback distinct.",Local compression/mixing can move spaxels across resolved FMR projections without implying an ICM sequence; direct oxygen-abundance evidence is still needed.,phase-space/contextual inference,high for pair interaction; no secure pair or cluster clock,https://doi.org/10.3847/1538-4357/aa6579,https://ui.adsabs.harvard.edu/abs/2017ApJ...838...81Y/abstract,https://arxiv.org/abs/1704.00760
NGC4568,NGC4567_8,pre-peak,Brown2021,"Brown, Toby (2021), VERTICO: the Virgo Environment Traced in CO survey.",10.3847/1538-4365/ac28f5,2021ApJS..257...21B,2111.00937,peer reviewed,full text,VCC 1676; UGC 7776; NGC 4568; KPG 347b; VV 219b,CO(2-1),typically about 640 pc,VERTICO ACA survey,Sec. 2; Tables 1-2; Sec. 6,Provides resolved molecular-gas measurement and radial profiles; the survey paper alone does not identify this component's mechanism or orbit.,survey measurement,not assigned from this source,none,Survey selection is environmentally targeted and not Virgo-population complete.,Direct for H I/CO sources; otherwise contextual.,"See component synthesis; keep compression, removal, DIG, AGN and feedback distinct.",Local compression/mixing can move spaxels across resolved FMR projections without implying an ICM sequence; direct oxygen-abundance evidence is still needed.,survey-level measurement,high for pair interaction; no secure pair or cluster clock,https://doi.org/10.3847/1538-4365/ac28f5,https://ui.adsabs.harvard.edu/abs/2021ApJS..257...21B/abstract,https://arxiv.org/abs/2111.00937
NGC4568,NGC4567_8,pre-peak,Nehlig2016,"Nehlig, F. (2016), Effects of environmental gas compression on the multiphase ISM and star formation. The Virgo spiral galaxies NGC 4501 and NGC 4567/68.",10.1051/0004-6361/201527021,2016A&A...587A.108N,1511.07567,peer reviewed,full text,VCC 1676; UGC 7776; NGC 4568; KPG 347b; VV 219b,multiwavelength ISM comparison,NGC4501 and NGC4567/4568,NGC4501 and NGC4567/4568,Secs. 3-5,"Gas phases and star formation respond differently to compression in an RPS disk versus an interacting pair, providing a controlled mechanism comparison.",observed plus model-derived,direct galaxy-galaxy collision,current/pre-peak contexts,Cross-system comparison does not supply a new orbital clock.,Direct for H I/CO sources; otherwise contextual.,"See component synthesis; keep compression, removal, DIG, AGN and feedback distinct.",Local compression/mixing can move spaxels across resolved FMR projections without implying an ICM sequence; direct oxygen-abundance evidence is still needed.,direct observations plus ISM modelling,high for pair interaction; no secure pair or cluster clock,https://doi.org/10.1051/0004-6361/201527021,https://ui.adsabs.harvard.edu/abs/2016A&A...587A.108N/abstract,https://arxiv.org/abs/1511.07567
NGC4568,NGC4567_8,pre-peak,Kaneko2017,"Kaneko, Hiroyuki (2017), Properties of molecular gas in galaxies in the early and mid stages of interaction. II. Molecular gas fraction",10.1093/pasj/psx041,,,peer reviewed,full text or accepted manuscript,VCC 1676; UGC 7776; NGC 4568; KPG 347b; VV 219b,CO plus H I,NGC4567/4568 disks and overlap,NGC4567/4568 disks and overlap,Secs. 3-5,"The overlap has locally elevated molecular fraction, consistent with collision pressure converting H I to H2 before a global starburst.",observed plus inferred,direct galaxy-galaxy collision,early interaction; no absolute clock,Component H I separation is uncertain in the overlap.,Direct for H I/CO sources; otherwise contextual.,"See component synthesis; keep compression, removal, DIG, AGN and feedback distinct.",Local compression/mixing can move spaxels across resolved FMR projections without implying an ICM sequence; direct oxygen-abundance evidence is still needed.,direct resolved H I and CO observations,high for pair interaction; no secure pair or cluster clock,https://doi.org/10.1093/pasj/psx041,,
NGC4568,NGC4567_8,pre-peak,Kaneko2018,"Kaneko 金, Hiroyuki 子紘之 (2018), Discovery of a molecular collision front in interacting galaxies NGC 4567/4568 with ALMA.",10.3847/2041-8213/aac895,2018ApJ...860L..14K,1806.01553,peer reviewed,full text,VCC 1676; UGC 7776; NGC 4568; KPG 347b; VV 219b,ALMA CO,1.8 x 0.35 kpc overlap filament,1.8 x 0.35 kpc overlap filament,Secs. 2-4,A continuous roughly 50 km/s gas connection and turbulent molecular filament directly identify a collision front in NGC4567/4568.,observed,direct galaxy-galaxy collision,early/first-contact; no pericentre date,Cloud free-fall times are not encounter ages.,Direct for H I/CO sources; otherwise contextual.,"See component synthesis; keep compression, removal, DIG, AGN and feedback distinct.",Local compression/mixing can move spaxels across resolved FMR projections without implying an ICM sequence; direct oxygen-abundance evidence is still needed.,direct resolved CO observations,high for pair interaction; no secure pair or cluster clock,https://doi.org/10.3847/2041-8213/aac895,https://ui.adsabs.harvard.edu/abs/2018ApJ...860L..14K/abstract,https://arxiv.org/abs/1806.01553
NGC4568,NGC4567_8,pre-peak,Kaneko2022,"Kaneko, Hiroyuki (2022), Properties of molecular gas in galaxies in early and mid stages of Interaction. III. Resolved Kennicutt-Schmidt law.",10.1093/pasj/psab129,2022PASJ...74..343K,2201.02270,peer reviewed,full text,VCC 1676; UGC 7776; NGC 4568; KPG 347b; VV 219b,resolved CO and SFR,pair disks and overlap,pair disks and overlap,Pair discussion; summary,"Galaxy-integrated SFR/SFE is normal within comparison scatter and the overlap is only slightly enhanced, despite the collision front.",observed analysis,direct galaxy-galaxy collision,current early interaction,Resolved SFE uncertainties are of order 55-60 percent.,Direct for H I/CO sources; otherwise contextual.,"See component synthesis; keep compression, removal, DIG, AGN and feedback distinct.",Local compression/mixing can move spaxels across resolved FMR projections without implying an ICM sequence; direct oxygen-abundance evidence is still needed.,direct resolved star-formation-law analysis,high for pair interaction; no secure pair or cluster clock,https://doi.org/10.1093/pasj/psab129,https://ui.adsabs.harvard.edu/abs/2022PASJ...74..343K/abstract,https://arxiv.org/abs/2201.02270
NGC4568,NGC4567_8,pre-peak,Kaneko2023,"Kaneko, Hiroyuki (2023), Investigating physical states of molecular gas in the overlapping region of interacting galaxies NGC 4567/4568 using ALMA.",10.1093/pasj/psad025,2023PASJ...75..646K,2303.17638,peer reviewed,full text,VCC 1676; UGC 7776; NGC 4568; KPG 347b; VV 219b,ALMA multi-transition CO,NGC4567/4568 overlap,NGC4567/4568 overlap,Secs. 3-5,"Collision-front clouds are bound but low excitation, with maximum CO(3-2)/CO(1-0) about 0.17+/-0.04, arguing against a mature dense starburst ridge.",observed,direct galaxy-galaxy collision,current early interaction,Line-ratio conversion and beam matching affect excitation estimates.,Direct for H I/CO sources; otherwise contextual.,"See component synthesis; keep compression, removal, DIG, AGN and feedback distinct.",Local compression/mixing can move spaxels across resolved FMR projections without implying an ICM sequence; direct oxygen-abundance evidence is still needed.,direct resolved CO observations,high for pair interaction; no secure pair or cluster clock,https://doi.org/10.1093/pasj/psad025,https://ui.adsabs.harvard.edu/abs/2023PASJ...75..646K/abstract,https://arxiv.org/abs/2303.17638
NGC4568,NGC4567_8,pre-peak,Vollmer2013,"Vollmer, B. (2013), Large-scale radio continuum properties of 19 Virgo cluster galaxies. The influence of tidal interactions, ram pressure stripping, and accreting gas envelopes.",10.1051/0004-6361/201321163,2013A&A...553A.116V,1304.1279,peer reviewed,full text,VCC 1676; UGC 7776; NGC 4568; KPG 347b; VV 219b,radio continuum/polarization survey plus models,19 Virgo galaxies,19 Virgo galaxies,Secs. 3-5; Tables 2-3,"Polarized radio ridges distinguish ICM compression from tidal shear and identify compound or residual processing, including NGC4424, NGC4568 and NGC4654.",observed plus model-derived,direct galaxy-galaxy collision,current magnetized-ISM state,Radio asymmetry is not uniquely environmental without gas and stellar context.,Direct for H I/CO sources; otherwise contextual.,"See component synthesis; keep compression, removal, DIG, AGN and feedback distinct.",Local compression/mixing can move spaxels across resolved FMR projections without implying an ICM sequence; direct oxygen-abundance evidence is still needed.,direct radio observations plus models,high for pair interaction; no secure pair or cluster clock,https://doi.org/10.1051/0004-6361/201321163,https://ui.adsabs.harvard.edu/abs/2013A&A...553A.116V/abstract,https://arxiv.org/abs/1304.1279
NGC4298,NGC4298,near-peak,Chung2009,"Chung, Aeree (2009), VLA imaging of Virgo spirals in atomic gas (VIVA). I. The atlas and the H I properties.",10.1088/0004-6256/138/6/1741,2009AJ....138.1741C,0909.0781,peer reviewed,full text,VCC 483; UGC 7412; NGC 4298; KPG 332a,H I 21-cm,resolved galaxy disk and tail,VLA imaging/atlas,Appendix pp. 14-26; Tables 1-4,"The H I disk is sharply cut on one side and diffuse on the other, with a disturbed distribution in the physical pair.",observed,ram pressure plus interaction with NGC4302,No tailored event time. The pair's current proximity is observed; a pericentric clock is not.,H I morphology is direct; mechanism and viewing geometry remain interpretive.,Direct for H I/CO sources; otherwise contextual.,"See component synthesis; keep compression, removal, DIG, AGN and feedback distinct.","Gas redistribution/compression may raise local SFE even as H I is removed, creating different trajectories in gas-FMR and SFR-FMR space.",direct resolved observations,high for mixed processing; moderate for chronology,https://doi.org/10.1088/0004-6256/138/6/1741,https://ui.adsabs.harvard.edu/abs/2009AJ....138.1741C/abstract,https://arxiv.org/abs/0909.0781
NGC4298,NGC4298,near-peak,Yoon2017,"Yoon, Hyein (2017), A history of H I stripping in Virgo: a phase-space view of VIVA galaxies.",10.3847/1538-4357/aa6579,2017ApJ...838...81Y,1704.00760,peer reviewed,full text,VCC 483; UGC 7412; NGC 4298; KPG 332a,H I morphology plus projected phase space,galaxy/cluster,VIVA class and projected phase-space comparison,Sec. 2.1; Table 1; Secs. 4-5,"Yoon class II; provides a statistical stripping-stage context, not a unique orbit.",inferred,ram pressure plus interaction with NGC4302,stage-scale only,Projected radius and line-of-sight velocity are degenerate with 3-D orbital state.,Direct for H I/CO sources; otherwise contextual.,"See component synthesis; keep compression, removal, DIG, AGN and feedback distinct.","Gas redistribution/compression may raise local SFE even as H I is removed, creating different trajectories in gas-FMR and SFR-FMR space.",phase-space/contextual inference,high for mixed processing; moderate for chronology,https://doi.org/10.3847/1538-4357/aa6579,https://ui.adsabs.harvard.edu/abs/2017ApJ...838...81Y/abstract,https://arxiv.org/abs/1704.00760
NGC4298,NGC4298,near-peak,Brown2021,"Brown, Toby (2021), VERTICO: the Virgo Environment Traced in CO survey.",10.3847/1538-4365/ac28f5,2021ApJS..257...21B,2111.00937,peer reviewed,full text,VCC 483; UGC 7412; NGC 4298; KPG 332a,CO(2-1),typically about 640 pc,VERTICO ACA survey,Sec. 2; Tables 1-2; Sec. 6,Provides resolved molecular-gas measurement and radial profiles; the survey paper alone does not identify this component's mechanism or orbit.,survey measurement,not assigned from this source,none,Survey selection is environmentally targeted and not Virgo-population complete.,Direct for H I/CO sources; otherwise contextual.,"See component synthesis; keep compression, removal, DIG, AGN and feedback distinct.","Gas redistribution/compression may raise local SFE even as H I is removed, creating different trajectories in gas-FMR and SFR-FMR space.",survey-level measurement,high for mixed processing; moderate for chronology,https://doi.org/10.3847/1538-4365/ac28f5,https://ui.adsabs.harvard.edu/abs/2021ApJS..257...21B/abstract,https://arxiv.org/abs/2111.00937
NGC4298,NGC4298,near-peak,Koppen2018,"Köppen, J (2018), Ram pressure stripping made easy: an analytical approach.",10.1093/mnras/sty1610,2018MNRAS.479.4367K,1806.05887,peer reviewed,full text,VCC 483; UGC 7412; NGC 4298; KPG 332a,H I deficiency and projected cluster context,galaxy/cluster,analytical peak/time-integrated pressure model,Secs. 7.2-7.3; Tables E1-E5,Analytical classification: active; compare with direct morphology before adoption.,model-derived,ram pressure,No tailored event time. The pair's current proximity is observed; a pericentric clock is not.,Peak pressures are uncertain at roughly factor-of-two level; model assumptions can misclassify tidal systems.,Direct for H I/CO sources; otherwise contextual.,"See component synthesis; keep compression, removal, DIG, AGN and feedback distinct.","Gas redistribution/compression may raise local SFE even as H I is removed, creating different trajectories in gas-FMR and SFR-FMR space.",analytical model inference,high for mixed processing; moderate for chronology,https://doi.org/10.1093/mnras/sty1610,https://ui.adsabs.harvard.edu/abs/2018MNRAS.479.4367K/abstract,https://arxiv.org/abs/1806.05887
NGC4298,NGC4298,near-peak,Vollmer2013,"Vollmer, B. (2013), Large-scale radio continuum properties of 19 Virgo cluster galaxies. The influence of tidal interactions, ram pressure stripping, and accreting gas envelopes.",10.1051/0004-6361/201321163,2013A&A...553A.116V,1304.1279,peer reviewed,full text,VCC 483; UGC 7412; NGC 4298; KPG 332a,radio continuum/polarization survey plus models,19 Virgo galaxies,19 Virgo galaxies,Secs. 3-5; Tables 2-3,"Polarized radio ridges distinguish ICM compression from tidal shear and identify compound or residual processing, including NGC4424, NGC4568 and NGC4654.",observed plus model-derived,ram pressure plus interaction with NGC4302,current magnetized-ISM state,Radio asymmetry is not uniquely environmental without gas and stellar context.,Direct for H I/CO sources; otherwise contextual.,"See component synthesis; keep compression, removal, DIG, AGN and feedback distinct.","Gas redistribution/compression may raise local SFE even as H I is removed, creating different trajectories in gas-FMR and SFR-FMR space.",direct radio observations plus models,high for mixed processing; moderate for chronology,https://doi.org/10.1051/0004-6361/201321163,https://ui.adsabs.harvard.edu/abs/2013A&A...553A.116V/abstract,https://arxiv.org/abs/1304.1279
NGC4298,NGC4298,near-peak,Brown2026,"Brown, Toby (2026), MAUVE-MUSE: Ionization and Kinematic Signatures of Environmental Effects on Virgo Cluster Disks.",10.3847/1538-4357/ae632e,2026ApJ..1004...73B,2604.20056,peer reviewed,full text,VCC 483; UGC 7412; NGC 4298; KPG 332a,MUSE emission-line ratios and velocity dispersion,resolved spaxels in 12 early-release MAUVE galaxies,resolved spaxels in 12 early-release MAUVE galaxies,Secs. 3-6; Table 2,Non-HII excitation and high-dispersion gas are more prevalent than in field controls; diffuse ionized gas dominates much of the excess and shocks are secondary.,observed survey comparison,ram pressure plus interaction with NGC4302,current ionized-gas state,Early-release subset; excitation fractions depend on selections and spatial resolution.,Direct for H I/CO sources; otherwise contextual.,"See component synthesis; keep compression, removal, DIG, AGN and feedback distinct.","Gas redistribution/compression may raise local SFE even as H I is removed, creating different trajectories in gas-FMR and SFR-FMR space.",direct resolved ionized-gas observations,high for mixed processing; moderate for chronology,https://doi.org/10.3847/1538-4357/ae632e,https://ui.adsabs.harvard.edu/abs/2026ApJ..1004...73B/abstract,https://arxiv.org/abs/2604.20056
NGC4298,NGC4298,near-peak,Huang2026,"Huang, Rongjun (2026), MAUVE-MUSE: when metallicity follows or fights star formation - a mass-dependent inversion in Virgo galaxies.",10.1093/mnras/stag1019,2026MNRAS.549g1019H,,peer reviewed,full text or accepted manuscript,VCC 483; UGC 7412; NGC 4298; KPG 332a,MUSE metallicity and Sigma_SFR,resolved HII-region spaxels in 14 MAUVE galaxies,resolved HII-region spaxels in 14 MAUVE galaxies,Secs. 3-6; Figs. 3-6,The residual metallicity-SFR relation changes sign with calibration and within galaxies; NGC4383 is a robust 0.1-0.2 dex low-metallicity outlier and NGC4192 changes internal sign.,observed analysis,ram pressure plus interaction with NGC4302,current resolved state,"Strong-line calibration, DIG/HII selection and hierarchical sampling dominate interpretation.",Direct for H I/CO sources; otherwise contextual.,"See component synthesis; keep compression, removal, DIG, AGN and feedback distinct.","Gas redistribution/compression may raise local SFE even as H I is removed, creating different trajectories in gas-FMR and SFR-FMR space.",direct resolved metallicity analysis,high for mixed processing; moderate for chronology,https://doi.org/10.1093/mnras/stag1019,https://ui.adsabs.harvard.edu/abs/2026MNRAS.549g1019H/abstract,
NGC4302,NGC4302,near-peak,Chung2009,"Chung, Aeree (2009), VLA imaging of Virgo spirals in atomic gas (VIVA). I. The atlas and the H I properties.",10.1088/0004-6256/138/6/1741,2009AJ....138.1741C,0909.0781,peer reviewed,full text,VCC 497; UGC 7418; NGC 4302; KPG 332b,H I 21-cm,resolved galaxy disk and tail,VLA imaging/atlas,Appendix pp. 14-26; Tables 1-4,The edge-on disk has a southern truncation and northern H I extension/tail.,observed,active ram pressure stripping,No robust stripping clock; morphology indicates a current/recent event.,H I morphology is direct; mechanism and viewing geometry remain interpretive.,Direct for H I/CO sources; otherwise contextual.,"See component synthesis; keep compression, removal, DIG, AGN and feedback distinct.",Separating fountain gas from stripped gas is essential: recycled metal-rich extraplanar gas and externally removed low-density gas have opposite metallicity implications.,direct resolved observations,moderate-high,https://doi.org/10.1088/0004-6256/138/6/1741,https://ui.adsabs.harvard.edu/abs/2009AJ....138.1741C/abstract,https://arxiv.org/abs/0909.0781
NGC4302,NGC4302,near-peak,Yoon2017,"Yoon, Hyein (2017), A history of H I stripping in Virgo: a phase-space view of VIVA galaxies.",10.3847/1538-4357/aa6579,2017ApJ...838...81Y,1704.00760,peer reviewed,full text,VCC 497; UGC 7418; NGC 4302; KPG 332b,H I morphology plus projected phase space,galaxy/cluster,VIVA class and projected phase-space comparison,Sec. 2.1; Table 1; Secs. 4-5,"Yoon class II; provides a statistical stripping-stage context, not a unique orbit.",inferred,active ram pressure stripping,stage-scale only,Projected radius and line-of-sight velocity are degenerate with 3-D orbital state.,Direct for H I/CO sources; otherwise contextual.,"See component synthesis; keep compression, removal, DIG, AGN and feedback distinct.",Separating fountain gas from stripped gas is essential: recycled metal-rich extraplanar gas and externally removed low-density gas have opposite metallicity implications.,phase-space/contextual inference,moderate-high,https://doi.org/10.3847/1538-4357/aa6579,https://ui.adsabs.harvard.edu/abs/2017ApJ...838...81Y/abstract,https://arxiv.org/abs/1704.00760
NGC4302,NGC4302,near-peak,Brown2021,"Brown, Toby (2021), VERTICO: the Virgo Environment Traced in CO survey.",10.3847/1538-4365/ac28f5,2021ApJS..257...21B,2111.00937,peer reviewed,full text,VCC 497; UGC 7418; NGC 4302; KPG 332b,CO(2-1),typically about 640 pc,VERTICO ACA survey,Sec. 2; Tables 1-2; Sec. 6,Provides resolved molecular-gas measurement and radial profiles; the survey paper alone does not identify this component's mechanism or orbit.,survey measurement,not assigned from this source,none,Survey selection is environmentally targeted and not Virgo-population complete.,Direct for H I/CO sources; otherwise contextual.,"See component synthesis; keep compression, removal, DIG, AGN and feedback distinct.",Separating fountain gas from stripped gas is essential: recycled metal-rich extraplanar gas and externally removed low-density gas have opposite metallicity implications.,survey-level measurement,moderate-high,https://doi.org/10.3847/1538-4365/ac28f5,https://ui.adsabs.harvard.edu/abs/2021ApJS..257...21B/abstract,https://arxiv.org/abs/2111.00937
NGC4302,NGC4302,near-peak,Koppen2018,"Köppen, J (2018), Ram pressure stripping made easy: an analytical approach.",10.1093/mnras/sty1610,2018MNRAS.479.4367K,1806.05887,peer reviewed,full text,VCC 497; UGC 7418; NGC 4302; KPG 332b,H I deficiency and projected cluster context,galaxy/cluster,analytical peak/time-integrated pressure model,Secs. 7.2-7.3; Tables E1-E5,Analytical classification: active; compare with direct morphology before adoption.,model-derived,ram pressure,No robust stripping clock; morphology indicates a current/recent event.,Peak pressures are uncertain at roughly factor-of-two level; model assumptions can misclassify tidal systems.,Direct for H I/CO sources; otherwise contextual.,"See component synthesis; keep compression, removal, DIG, AGN and feedback distinct.",Separating fountain gas from stripped gas is essential: recycled metal-rich extraplanar gas and externally removed low-density gas have opposite metallicity implications.,analytical model inference,moderate-high,https://doi.org/10.1093/mnras/sty1610,https://ui.adsabs.harvard.edu/abs/2018MNRAS.479.4367K/abstract,https://arxiv.org/abs/1806.05887
NGC4330,NGC4330,near-peak,Chung2009,"Chung, Aeree (2009), VLA imaging of Virgo spirals in atomic gas (VIVA). I. The atlas and the H I properties.",10.1088/0004-6256/138/6/1741,2009AJ....138.1741C,0909.0781,peer reviewed,full text,VCC 630; UGC 7456; NGC 4330,H I 21-cm,resolved galaxy disk and tail,VLA imaging/atlas,Appendix pp. 14-26; Tables 1-4,"A sharply truncated H I disk and one-sided tail, with undisturbed outer stars, directly identify ongoing outside-in stripping.",observed,active pre-peak ram pressure stripping,"Tailored modelling places the galaxy about 100 Myr before peak. Resolved stellar-population fits find outer regions quenched roughly 400-600 Myr ago, the Halpha truncation radius about 100 Myr ago, and characteristic local SFR decay times near 50 Myr. These clocks measure different radii/processes.",H I morphology is direct; mechanism and viewing geometry remain interpretive.,Direct for H I/CO sources; otherwise contextual.,"See component synthesis; keep compression, removal, DIG, AGN and feedback distinct.","NGC4330 provides a time-ordered test: gas fraction falls first, local SFR follows quickly at each radius, and metallicity can rise through halted dilution and radial-selection effects.",direct resolved observations,high,https://doi.org/10.1088/0004-6256/138/6/1741,https://ui.adsabs.harvard.edu/abs/2009AJ....138.1741C/abstract,https://arxiv.org/abs/0909.0781
NGC4330,NGC4330,near-peak,Yoon2017,"Yoon, Hyein (2017), A history of H I stripping in Virgo: a phase-space view of VIVA galaxies.",10.3847/1538-4357/aa6579,2017ApJ...838...81Y,1704.00760,peer reviewed,full text,VCC 630; UGC 7456; NGC 4330,H I morphology plus projected phase space,galaxy/cluster,VIVA class and projected phase-space comparison,Sec. 2.1; Table 1; Secs. 4-5,"Yoon class II; provides a statistical stripping-stage context, not a unique orbit.",inferred,active pre-peak ram pressure stripping,stage-scale only,Projected radius and line-of-sight velocity are degenerate with 3-D orbital state.,Direct for H I/CO sources; otherwise contextual.,"See component synthesis; keep compression, removal, DIG, AGN and feedback distinct.","NGC4330 provides a time-ordered test: gas fraction falls first, local SFR follows quickly at each radius, and metallicity can rise through halted dilution and radial-selection effects.",phase-space/contextual inference,high,https://doi.org/10.3847/1538-4357/aa6579,https://ui.adsabs.harvard.edu/abs/2017ApJ...838...81Y/abstract,https://arxiv.org/abs/1704.00760
NGC4330,NGC4330,near-peak,Brown2021,"Brown, Toby (2021), VERTICO: the Virgo Environment Traced in CO survey.",10.3847/1538-4365/ac28f5,2021ApJS..257...21B,2111.00937,peer reviewed,full text,VCC 630; UGC 7456; NGC 4330,CO(2-1),typically about 640 pc,VERTICO ACA survey,Sec. 2; Tables 1-2; Sec. 6,Provides resolved molecular-gas measurement and radial profiles; the survey paper alone does not identify this component's mechanism or orbit.,survey measurement,not assigned from this source,none,Survey selection is environmentally targeted and not Virgo-population complete.,Direct for H I/CO sources; otherwise contextual.,"See component synthesis; keep compression, removal, DIG, AGN and feedback distinct.","NGC4330 provides a time-ordered test: gas fraction falls first, local SFR follows quickly at each radius, and metallicity can rise through halted dilution and radial-selection effects.",survey-level measurement,high,https://doi.org/10.3847/1538-4365/ac28f5,https://ui.adsabs.harvard.edu/abs/2021ApJS..257...21B/abstract,https://arxiv.org/abs/2111.00937
NGC4330,NGC4330,near-peak,Koppen2018,"Köppen, J (2018), Ram pressure stripping made easy: an analytical approach.",10.1093/mnras/sty1610,2018MNRAS.479.4367K,1806.05887,peer reviewed,full text,VCC 630; UGC 7456; NGC 4330,H I deficiency and projected cluster context,galaxy/cluster,analytical peak/time-integrated pressure model,Secs. 7.2-7.3; Tables E1-E5,Analytical classification: active; compare with direct morphology before adoption.,model-derived,ram pressure,"Tailored modelling places the galaxy about 100 Myr before peak. Resolved stellar-population fits find outer regions quenched roughly 400-600 Myr ago, the Halpha truncation radius about 100 Myr ago, and characteristic local SFR decay times near 50 Myr. These clocks measure different radii/processes.",Peak pressures are uncertain at roughly factor-of-two level; model assumptions can misclassify tidal systems.,Direct for H I/CO sources; otherwise contextual.,"See component synthesis; keep compression, removal, DIG, AGN and feedback distinct.","NGC4330 provides a time-ordered test: gas fraction falls first, local SFR follows quickly at each radius, and metallicity can rise through halted dilution and radial-selection effects.",analytical model inference,high,https://doi.org/10.1093/mnras/sty1610,https://ui.adsabs.harvard.edu/abs/2018MNRAS.479.4367K/abstract,https://arxiv.org/abs/1806.05887
NGC4330,NGC4330,near-peak,Vollmer2009,"Vollmer, B. (2009), A holistic view on ram pressure stripping in the Virgo cluster. The first complete model-based time sequence.",10.1051/0004-6361/200911892,2009A&A...502..427V,0905.1770,peer reviewed,full text,VCC 630; UGC 7456; NGC 4330,"H I, radio and multiwavelength models",five Virgo spirals; tailored time sequence,five Virgo spirals; tailored time sequence,Secs. 2-3; Table 3,"Tailored simulations order NGC4501 and NGC4330 before pressure maximum and NGC4522, NGC4388 and NGC4569 after it.",model-derived,active pre-peak ram pressure stripping,"approximately -250, -100, +50, +150 and +300 Myr relative to peak",Eye-fit/model-family times and local ICM normalization are not uniform statistical measurements.,Direct for H I/CO sources; otherwise contextual.,"See component synthesis; keep compression, removal, DIG, AGN and feedback distinct.","NGC4330 provides a time-ordered test: gas fraction falls first, local SFR follows quickly at each radius, and metallicity can rise through halted dilution and radial-selection effects.",tailored multiwavelength modelling,high,https://doi.org/10.1051/0004-6361/200911892,https://ui.adsabs.harvard.edu/abs/2009A&A...502..427V/abstract,https://arxiv.org/abs/0905.1770
NGC4330,NGC4330,near-peak,Abramson2011,"Abramson, Anne (2011), Caught in the act: strong, active ram pressure stripping in Virgo cluster spiral NGC 4330.",10.1088/0004-6256/141/5/164,2011AJ....141..164A,1101.4066,peer reviewed,full text,VCC 630; UGC 7456; NGC 4330,"Halpha, UV and optical colours",resolved leading/trailing disk; stellar-population comparison,resolved leading/trailing disk; stellar-population comparison,Secs. 3-5,"NGC4330 shows outside-in stripping, a UV-bright extraplanar tail and recent outer-disk quenching before the modelled pressure maximum.",observed plus inferred,active pre-peak ram pressure stripping,"recent, pre-peak; refined by Fossati et al. 2018",SFH and wind geometry are model dependent.,Direct for H I/CO sources; otherwise contextual.,"See component synthesis; keep compression, removal, DIG, AGN and feedback distinct.","NGC4330 provides a time-ordered test: gas fraction falls first, local SFR follows quickly at each radius, and metallicity can rise through halted dilution and radial-selection effects.",direct resolved observations,high,https://doi.org/10.1088/0004-6256/141/5/164,https://ui.adsabs.harvard.edu/abs/2011AJ....141..164A/abstract,https://arxiv.org/abs/1101.4066
NGC4330,NGC4330,near-peak,Vollmer2012,"Vollmer, B. (2012), Ram pressure stripping of the multiphase ISM and star formation in the Virgo spiral galaxy NGC 4330.",10.1051/0004-6361/201117680,2012A&A...537A.143V,1111.5236,peer reviewed,full text,VCC 630; UGC 7456; NGC 4330,"UV, Halpha, H I and gas-dynamical model",NGC4330,NGC4330,Secs. 3-5,A wind nearly in the disk plane reproduces NGC4330's leading-edge truncation and multiwavelength tail.,tailored model-derived,active pre-peak ram pressure stripping,roughly 100 Myr before peak,"Wind angle, gas physics and SF prescription are degenerate.",Direct for H I/CO sources; otherwise contextual.,"See component synthesis; keep compression, removal, DIG, AGN and feedback distinct.","NGC4330 provides a time-ordered test: gas fraction falls first, local SFR follows quickly at each radius, and metallicity can rise through halted dilution and radial-selection effects.",tailored multiwavelength modelling,high,https://doi.org/10.1051/0004-6361/201117680,https://ui.adsabs.harvard.edu/abs/2012A&A...537A.143V/abstract,https://arxiv.org/abs/1111.5236
NGC4330,NGC4330,near-peak,Fossati2018,"Fossati, M. (2018), A Virgo Environmental Survey Tracing Ionised Gas Emission (VESTIGE). II. Constraining the quenching time in the stripped galaxy NGC 4330.",10.1051/0004-6361/201732373,2018A&A...614A..57F,1801.09685,peer reviewed,full text,VCC 630; UGC 7456; NGC 4330,"VESTIGE Halpha, UV-optical SED and dynamical model",resolved NGC4330 disk and tail,resolved NGC4330 disk and tail,Secs. 3-5,"NGC4330 began outer-disk suppression 400-600 Myr ago, underwent sharp Halpha truncation about 100 Myr ago and is modelled about 100 Myr before peak pressure.",observed plus model-derived,active pre-peak ram pressure stripping,400-600 Myr onset; about 100 Myr pre-peak,Different disk zones and SFH parameterizations produce different clocks.,Direct for H I/CO sources; otherwise contextual.,"See component synthesis; keep compression, removal, DIG, AGN and feedback distinct.","NGC4330 provides a time-ordered test: gas fraction falls first, local SFR follows quickly at each radius, and metallicity can rise through halted dilution and radial-selection effects.",resolved stellar-population modelling,high,https://doi.org/10.1051/0004-6361/201732373,https://ui.adsabs.harvard.edu/abs/2018A&A...614A..57F/abstract,https://arxiv.org/abs/1801.09685
NGC4388,NGC4388,near-peak,Chung2009,"Chung, Aeree (2009), VLA imaging of Virgo spirals in atomic gas (VIVA). I. The atlas and the H I properties.",10.1088/0004-6256/138/6/1741,2009AJ....138.1741C,0909.0781,peer reviewed,full text,VCC 836; UGC 7520; NGC 4388,H I 21-cm,resolved galaxy disk and tail,VLA imaging/atlas,Appendix pp. 14-26; Tables 1-4,"The severely truncated disk feeds a roughly 110 x 25 kpc, star-poor H I plume containing about 3.4e8 Msun; this is among the clearest direct gas-removal cases.",observed,strong recent ram pressure stripping,"The 2009 model is about 150 Myr after peak; updated tailored work gives about 240 Myr after peak, while outer-disk SFHs give 190+/-30 Myr since quenching. These are different clocks, and the tailored peak has no formal statistical error.",H I morphology is direct; mechanism and viewing geometry remain interpretive.,Direct for H I/CO sources; otherwise contextual.,"See component synthesis; keep compression, removal, DIG, AGN and feedback distinct.","Gas loss is extreme, but line ratios are AGN contaminated; SFR-FMR work needs strict HII selection. Tail depletion times of about 1.6e10 to >1.4e12 yr show that gas presence does not imply efficient star formation.",direct resolved observations,very high for stripping; high-moderate for exact ICM/orbit,https://doi.org/10.1088/0004-6256/138/6/1741,https://ui.adsabs.harvard.edu/abs/2009AJ....138.1741C/abstract,https://arxiv.org/abs/0909.0781
NGC4388,NGC4388,near-peak,Yoon2017,"Yoon, Hyein (2017), A history of H I stripping in Virgo: a phase-space view of VIVA galaxies.",10.3847/1538-4357/aa6579,2017ApJ...838...81Y,1704.00760,peer reviewed,full text,VCC 836; UGC 7520; NGC 4388,H I morphology plus projected phase space,galaxy/cluster,VIVA class and projected phase-space comparison,Sec. 2.1; Table 1; Secs. 4-5,"Yoon class II; provides a statistical stripping-stage context, not a unique orbit.",inferred,strong recent ram pressure stripping,stage-scale only,Projected radius and line-of-sight velocity are degenerate with 3-D orbital state.,Direct for H I/CO sources; otherwise contextual.,"See component synthesis; keep compression, removal, DIG, AGN and feedback distinct.","Gas loss is extreme, but line ratios are AGN contaminated; SFR-FMR work needs strict HII selection. Tail depletion times of about 1.6e10 to >1.4e12 yr show that gas presence does not imply efficient star formation.",phase-space/contextual inference,very high for stripping; high-moderate for exact ICM/orbit,https://doi.org/10.3847/1538-4357/aa6579,https://ui.adsabs.harvard.edu/abs/2017ApJ...838...81Y/abstract,https://arxiv.org/abs/1704.00760
NGC4388,NGC4388,near-peak,Brown2021,"Brown, Toby (2021), VERTICO: the Virgo Environment Traced in CO survey.",10.3847/1538-4365/ac28f5,2021ApJS..257...21B,2111.00937,peer reviewed,full text,VCC 836; UGC 7520; NGC 4388,CO(2-1),typically about 640 pc,VERTICO ACA survey,Sec. 2; Tables 1-2; Sec. 6,Provides resolved molecular-gas measurement and radial profiles; the survey paper alone does not identify this component's mechanism or orbit.,survey measurement,not assigned from this source,none,Survey selection is environmentally targeted and not Virgo-population complete.,Direct for H I/CO sources; otherwise contextual.,"See component synthesis; keep compression, removal, DIG, AGN and feedback distinct.","Gas loss is extreme, but line ratios are AGN contaminated; SFR-FMR work needs strict HII selection. Tail depletion times of about 1.6e10 to >1.4e12 yr show that gas presence does not imply efficient star formation.",survey-level measurement,very high for stripping; high-moderate for exact ICM/orbit,https://doi.org/10.3847/1538-4365/ac28f5,https://ui.adsabs.harvard.edu/abs/2021ApJS..257...21B/abstract,https://arxiv.org/abs/2111.00937
NGC4388,NGC4388,near-peak,Koppen2018,"Köppen, J (2018), Ram pressure stripping made easy: an analytical approach.",10.1093/mnras/sty1610,2018MNRAS.479.4367K,1806.05887,peer reviewed,full text,VCC 836; UGC 7520; NGC 4388,H I deficiency and projected cluster context,galaxy/cluster,analytical peak/time-integrated pressure model,Secs. 7.2-7.3; Tables E1-E5,Analytical classification: active; compare with direct morphology before adoption.,model-derived,ram pressure,"The 2009 model is about 150 Myr after peak; updated tailored work gives about 240 Myr after peak, while outer-disk SFHs give 190+/-30 Myr since quenching. These are different clocks, and the tailored peak has no formal statistical error.",Peak pressures are uncertain at roughly factor-of-two level; model assumptions can misclassify tidal systems.,Direct for H I/CO sources; otherwise contextual.,"See component synthesis; keep compression, removal, DIG, AGN and feedback distinct.","Gas loss is extreme, but line ratios are AGN contaminated; SFR-FMR work needs strict HII selection. Tail depletion times of about 1.6e10 to >1.4e12 yr show that gas presence does not imply efficient star formation.",analytical model inference,very high for stripping; high-moderate for exact ICM/orbit,https://doi.org/10.1093/mnras/sty1610,https://ui.adsabs.harvard.edu/abs/2018MNRAS.479.4367K/abstract,https://arxiv.org/abs/1806.05887
NGC4388,NGC4388,near-peak,Oosterloo2005,"Oosterloo, T. (2005), A large H I cloud near the centre of the Virgo cluster",10.1051/0004-6361:200500127,2005A&A...437L..19O,astro-ph/0505397,peer reviewed,full text,VCC 836; UGC 7520; NGC 4388,WSRT H I,110 x 25 kpc NGC4388 plume,110 x 25 kpc NGC4388 plume,pp. L20-L22,A 3.4e8 Msun star-free H I plume continuous with NGC4388 directly establishes removal of disk gas.,observed,strong recent ram pressure stripping,recent; later models date peak,The paper's tentative M86-halo origin is weakened by later X-ray geometry.,Direct for H I/CO sources; otherwise contextual.,"See component synthesis; keep compression, removal, DIG, AGN and feedback distinct.","Gas loss is extreme, but line ratios are AGN contaminated; SFR-FMR work needs strict HII selection. Tail depletion times of about 1.6e10 to >1.4e12 yr show that gas presence does not imply efficient star formation.",direct resolved observations,very high for stripping; high-moderate for exact ICM/orbit,https://doi.org/10.1051/0004-6361:200500127,https://ui.adsabs.harvard.edu/abs/2005A&A...437L..19O/abstract,https://arxiv.org/abs/astro-ph/0505397
NGC4388,NGC4388,near-peak,Yoshida2002,"Yoshida, Michitoshi (2002), Discovery of a very extended emission-line region around the Seyfert 2 galaxy NGC 4388.",10.1086/338353,2002ApJ...567..118Y,astro-ph/0110473,peer reviewed,full text,VCC 836; UGC 7520; NGC 4388,deep Halpha imaging and spectroscopy,NGC4388 VEELR,NGC4388 VEELR,Secs. 3-5,A very extended emission-line region around NGC4388 contains high-velocity gas; the early paper considered both tidal/merger and stripping origins.,observed plus speculative interpretation,strong recent ram pressure stripping,current tail,Later spectroscopy rejects the preferred tidal interpretation for most VEELR gas.,Direct for H I/CO sources; otherwise contextual.,"See component synthesis; keep compression, removal, DIG, AGN and feedback distinct.","Gas loss is extreme, but line ratios are AGN contaminated; SFR-FMR work needs strict HII selection. Tail depletion times of about 1.6e10 to >1.4e12 yr show that gas presence does not imply efficient star formation.",direct ionized-gas observations,very high for stripping; high-moderate for exact ICM/orbit,https://doi.org/10.1086/338353,https://ui.adsabs.harvard.edu/abs/2002ApJ...567..118Y/abstract,https://arxiv.org/abs/astro-ph/0110473
NGC4388,NGC4388,near-peak,Yoshida2004,"Yoshida, Michitoshi (2004), Subaru deep spectroscopy of the very extended emission-line region of NGC 4388: ram pressure stripped gas ionized by nuclear radiation.",10.1086/380221,2004AJ....127...90Y,astro-ph/0310044,peer reviewed,full text,VCC 836; UGC 7520; NGC 4388,deep optical spectroscopy,NGC4388 VEELR,NGC4388 VEELR,Secs. 3-5,"Velocity, excitation and geometry show that most VEELR gas was ram-pressure stripped and then AGN-photoionized, with shocks in outer/high-velocity regions.",observed plus inferred,strong recent ram pressure stripping,recent stripping; no independent peak clock,AGN radiation complicates any SFR or metallicity use of the emission lines.,Direct for H I/CO sources; otherwise contextual.,"See component synthesis; keep compression, removal, DIG, AGN and feedback distinct.","Gas loss is extreme, but line ratios are AGN contaminated; SFR-FMR work needs strict HII selection. Tail depletion times of about 1.6e10 to >1.4e12 yr show that gas presence does not imply efficient star formation.",direct spectroscopy,very high for stripping; high-moderate for exact ICM/orbit,https://doi.org/10.1086/380221,https://ui.adsabs.harvard.edu/abs/2004AJ....127...90Y/abstract,https://arxiv.org/abs/astro-ph/0310044
NGC4388,NGC4388,near-peak,Vollmer2009,"Vollmer, B. (2009), A holistic view on ram pressure stripping in the Virgo cluster. The first complete model-based time sequence.",10.1051/0004-6361/200911892,2009A&A...502..427V,0905.1770,peer reviewed,full text,VCC 836; UGC 7520; NGC 4388,"H I, radio and multiwavelength models",five Virgo spirals; tailored time sequence,five Virgo spirals; tailored time sequence,Secs. 2-3; Table 3,"Tailored simulations order NGC4501 and NGC4330 before pressure maximum and NGC4522, NGC4388 and NGC4569 after it.",model-derived,strong recent ram pressure stripping,"approximately -250, -100, +50, +150 and +300 Myr relative to peak",Eye-fit/model-family times and local ICM normalization are not uniform statistical measurements.,Direct for H I/CO sources; otherwise contextual.,"See component synthesis; keep compression, removal, DIG, AGN and feedback distinct.","Gas loss is extreme, but line ratios are AGN contaminated; SFR-FMR work needs strict HII selection. Tail depletion times of about 1.6e10 to >1.4e12 yr show that gas presence does not imply efficient star formation.",tailored multiwavelength modelling,very high for stripping; high-moderate for exact ICM/orbit,https://doi.org/10.1051/0004-6361/200911892,https://ui.adsabs.harvard.edu/abs/2009A&A...502..427V/abstract,https://arxiv.org/abs/0905.1770
NGC4388,NGC4388,near-peak,Vollmer2018,"Vollmer, B. (2018), Two uneven sisters. I. NGC 4388 - a strongly constrained ram-pressure stripping event.",10.1051/0004-6361/201731910,2018A&A...620A.108V,1809.03805,peer reviewed,full text,VCC 836; UGC 7520; NGC 4388,"H I, CO, radio, UV and dynamical model",NGC4388,NGC4388,Table 2; Sects. 3-5,"A strongly constrained model favours a high-pressure event about 240 Myr ago, but no single realization fits all disk and far-tail observables.",tailored multiwavelength model-derived,strong recent ram pressure stripping,about 240 Myr after peak,No formal peak-time error; model tensions are explicitly retained.,Direct for H I/CO sources; otherwise contextual.,"See component synthesis; keep compression, removal, DIG, AGN and feedback distinct.","Gas loss is extreme, but line ratios are AGN contaminated; SFR-FMR work needs strict HII selection. Tail depletion times of about 1.6e10 to >1.4e12 yr show that gas presence does not imply efficient star formation.",tailored multiwavelength modelling,very high for stripping; high-moderate for exact ICM/orbit,https://doi.org/10.1051/0004-6361/201731910,https://ui.adsabs.harvard.edu/abs/2018A&A...620A.108V/abstract,https://arxiv.org/abs/1809.03805
NGC4388,NGC4388,near-peak,Pappalardo2010,"Pappalardo, C. (2010), Pinning down the ram-pressure-induced halt of star formation in the Virgo cluster spiral galaxy NGC 4388. A joint inversion of spectroscopic and photometric data.",10.1051/0004-6361/200913612,2010A&A...514A..33P,1002.3524,peer reviewed,full text,VCC 836; UGC 7520; NGC 4388,UV-to-NIR outer-disk SFH,NGC4388,NGC4388,Sect. 5; Fig. 10; Sect. 6.1,Outer-disk colours and spectra give a characteristic quenching half-time of 190+/-30 Myr.,model-derived from observations,strong recent ram pressure stripping,190+/-30 Myr quenching lookback,"This dates star-formation decline, not exactly peak pressure.",Direct for H I/CO sources; otherwise contextual.,"See component synthesis; keep compression, removal, DIG, AGN and feedback distinct.","Gas loss is extreme, but line ratios are AGN contaminated; SFR-FMR work needs strict HII selection. Tail depletion times of about 1.6e10 to >1.4e12 yr show that gas presence does not imply efficient star formation.",stellar-population modelling,very high for stripping; high-moderate for exact ICM/orbit,https://doi.org/10.1051/0004-6361/200913612,https://ui.adsabs.harvard.edu/abs/2010A&A...514A..33P/abstract,https://arxiv.org/abs/1002.3524
NGC4388,NGC4388,near-peak,Gu2013,"Gu, Liyi (2013), Multi-wavelength studies of spectacular ram pressure stripping of a galaxy: discovery of an X-ray absorption feature.",10.1088/2041-8205/777/2/L36,2013ApJ...777L..36G,1308.5760,peer reviewed,full text,VCC 836; UGC 7520; NGC 4388,X-ray absorption/emission plus H I,NGC4388 plume projected on M86,NGC4388 plume projected on M86,Sects. 3-4,X-ray absorption places the H I plume in front of M86; hot stripped gas and pressure estimates favour the main Virgo/M87 ICM over an M86-halo origin.,observed plus inferred,strong recent ram pressure stripping,present tail; no independent stripping clock,A secondary contribution from local M86 gas cannot be fully excluded.,Direct for H I/CO sources; otherwise contextual.,"See component synthesis; keep compression, removal, DIG, AGN and feedback distinct.","Gas loss is extreme, but line ratios are AGN contaminated; SFR-FMR work needs strict HII selection. Tail depletion times of about 1.6e10 to >1.4e12 yr show that gas presence does not imply efficient star formation.",direct X-ray and multiwavelength observations,very high for stripping; high-moderate for exact ICM/orbit,https://doi.org/10.1088/2041-8205/777/2/L36,https://ui.adsabs.harvard.edu/abs/2013ApJ...777L..36G/abstract,https://arxiv.org/abs/1308.5760
NGC4388,NGC4388,near-peak,Verdugo2015,"Verdugo, C. (2015), Ram pressure stripping in the Virgo Cluster.",10.1051/0004-6361/201526551,2015A&A...582A...6V,1507.04388,peer reviewed,full text,VCC 836; UGC 7520; NGC 4388,IRAM CO and Halpha,four positions about 70 kpc down NGC4388 tail,four positions about 70 kpc down NGC4388 tail,Table 2; Sects. 4-5,"Molecular gas formed in situ far down the NGC4388 tail, but depletion times of 1.6e10 to >1.4e12 yr show extremely inefficient star formation.",observed plus inferred,strong recent ram pressure stripping,present tail; no new peak clock,Sparse pointings and CO conversion limit total H2 inventory.,Direct for H I/CO sources; otherwise contextual.,"See component synthesis; keep compression, removal, DIG, AGN and feedback distinct.","Gas loss is extreme, but line ratios are AGN contaminated; SFR-FMR work needs strict HII selection. Tail depletion times of about 1.6e10 to >1.4e12 yr show that gas presence does not imply efficient star formation.",direct tail CO observations,very high for stripping; high-moderate for exact ICM/orbit,https://doi.org/10.1051/0004-6361/201526551,https://ui.adsabs.harvard.edu/abs/2015A&A...582A...6V/abstract,https://arxiv.org/abs/1507.04388
NGC4388,NGC4388,near-peak,Wezgowiec2011,"Weżgowiec, M. (2011), Hot gas in Mach cones around Virgo cluster spiral galaxies.",10.1051/0004-6361/201016344,2011A&A...531A..44W,1104.2713,peer reviewed,full text,VCC 836; UGC 7520; NGC 4388,XMM-Newton X-ray imaging/spectroscopy,"NGC4388, NGC4501 and NGC4569","NGC4388, NGC4501 and NGC4569",Secs. 3-5,"Hot extraplanar gas and pressure structures provide independent evidence for ISM-ICM interaction, but AGN/outflow components differ among galaxies.",observed plus inferred,strong recent ram pressure stripping,current hot-gas state,"Projection, low counts and nuclear contamination limit Mach-cone interpretation.",Direct for H I/CO sources; otherwise contextual.,"See component synthesis; keep compression, removal, DIG, AGN and feedback distinct.","Gas loss is extreme, but line ratios are AGN contaminated; SFR-FMR work needs strict HII selection. Tail depletion times of about 1.6e10 to >1.4e12 yr show that gas presence does not imply efficient star formation.",direct X-ray observations,very high for stripping; high-moderate for exact ICM/orbit,https://doi.org/10.1051/0004-6361/201016344,https://ui.adsabs.harvard.edu/abs/2011A&A...531A..44W/abstract,https://arxiv.org/abs/1104.2713
NGC4388,NGC4388,near-peak,CrowlKenney2008,"Crowl, Hugh H. (2008), The stellar populations of stripped spiral galaxies in the Virgo cluster.",10.1088/0004-6256/136/4/1623,2008AJ....136.1623C,0807.3747,peer reviewed,full text,VCC 836; UGC 7520; NGC 4388,optical spectroscopy plus UV,truncated outer disks of ten Virgo spirals,truncated outer disks of ten Virgo spirals,Secs. 3-5; Tables 3-5,"Resolved outer-disk stellar populations yield galaxy-specific cessation ages from less than 200 to about 500 Myr, demonstrating rapid outside-in quenching.",model-derived from observations,strong recent ram pressure stripping,component-specific values in Tables 3-5,"SFH priors, dust and aperture placement contribute uncertainty.",Direct for H I/CO sources; otherwise contextual.,"See component synthesis; keep compression, removal, DIG, AGN and feedback distinct.","Gas loss is extreme, but line ratios are AGN contaminated; SFR-FMR work needs strict HII selection. Tail depletion times of about 1.6e10 to >1.4e12 yr show that gas presence does not imply efficient star formation.",stellar-population modelling,very high for stripping; high-moderate for exact ICM/orbit,https://doi.org/10.1088/0004-6256/136/4/1623,https://ui.adsabs.harvard.edu/abs/2008AJ....136.1623C/abstract,https://arxiv.org/abs/0807.3747
NGC4402,NGC4402,near-peak,Chung2009,"Chung, Aeree (2009), VLA imaging of Virgo spirals in atomic gas (VIVA). I. The atlas and the H I properties.",10.1088/0004-6256/138/6/1741,2009AJ....138.1741C,0909.0781,peer reviewed,full text,VCC 873; UGC 7528; NGC 4402,H I 21-cm,resolved galaxy disk and tail,VLA imaging/atlas,Appendix pp. 14-26; Tables 1-4,"A compressed southeastern edge, sharp H I truncation and northwestern extraplanar tail show an ICM wind acting now.",observed,active ram pressure stripping,Outer-disk stellar work gives less than about 200 Myr since local quenching; no single tailored time to peak is as secure as for NGC4330/4501/4522.,H I morphology is direct; mechanism and viewing geometry remain interpretive.,Direct for H I/CO sources; otherwise contextual.,"See component synthesis; keep compression, removal, DIG, AGN and feedback distinct.",This is a direct demonstration that environment can alter both gas mass and local SFE. Dense surviving clouds and stripped diffuse gas should occupy different resolved gFMR pathways.,direct resolved observations,high,https://doi.org/10.1088/0004-6256/138/6/1741,https://ui.adsabs.harvard.edu/abs/2009AJ....138.1741C/abstract,https://arxiv.org/abs/0909.0781
NGC4402,NGC4402,near-peak,Yoon2017,"Yoon, Hyein (2017), A history of H I stripping in Virgo: a phase-space view of VIVA galaxies.",10.3847/1538-4357/aa6579,2017ApJ...838...81Y,1704.00760,peer reviewed,full text,VCC 873; UGC 7528; NGC 4402,H I morphology plus projected phase space,galaxy/cluster,VIVA class and projected phase-space comparison,Sec. 2.1; Table 1; Secs. 4-5,"Yoon class II; provides a statistical stripping-stage context, not a unique orbit.",inferred,active ram pressure stripping,stage-scale only,Projected radius and line-of-sight velocity are degenerate with 3-D orbital state.,Direct for H I/CO sources; otherwise contextual.,"See component synthesis; keep compression, removal, DIG, AGN and feedback distinct.",This is a direct demonstration that environment can alter both gas mass and local SFE. Dense surviving clouds and stripped diffuse gas should occupy different resolved gFMR pathways.,phase-space/contextual inference,high,https://doi.org/10.3847/1538-4357/aa6579,https://ui.adsabs.harvard.edu/abs/2017ApJ...838...81Y/abstract,https://arxiv.org/abs/1704.00760
NGC4402,NGC4402,near-peak,Brown2021,"Brown, Toby (2021), VERTICO: the Virgo Environment Traced in CO survey.",10.3847/1538-4365/ac28f5,2021ApJS..257...21B,2111.00937,peer reviewed,full text,VCC 873; UGC 7528; NGC 4402,CO(2-1),typically about 640 pc,VERTICO ACA survey,Sec. 2; Tables 1-2; Sec. 6,Provides resolved molecular-gas measurement and radial profiles; the survey paper alone does not identify this component's mechanism or orbit.,survey measurement,not assigned from this source,none,Survey selection is environmentally targeted and not Virgo-population complete.,Direct for H I/CO sources; otherwise contextual.,"See component synthesis; keep compression, removal, DIG, AGN and feedback distinct.",This is a direct demonstration that environment can alter both gas mass and local SFE. Dense surviving clouds and stripped diffuse gas should occupy different resolved gFMR pathways.,survey-level measurement,high,https://doi.org/10.3847/1538-4365/ac28f5,https://ui.adsabs.harvard.edu/abs/2021ApJS..257...21B/abstract,https://arxiv.org/abs/2111.00937
NGC4402,NGC4402,near-peak,Koppen2018,"Köppen, J (2018), Ram pressure stripping made easy: an analytical approach.",10.1093/mnras/sty1610,2018MNRAS.479.4367K,1806.05887,peer reviewed,full text,VCC 873; UGC 7528; NGC 4402,H I deficiency and projected cluster context,galaxy/cluster,analytical peak/time-integrated pressure model,Secs. 7.2-7.3; Tables E1-E5,Analytical classification: active; compare with direct morphology before adoption.,model-derived,ram pressure,Outer-disk stellar work gives less than about 200 Myr since local quenching; no single tailored time to peak is as secure as for NGC4330/4501/4522.,Peak pressures are uncertain at roughly factor-of-two level; model assumptions can misclassify tidal systems.,Direct for H I/CO sources; otherwise contextual.,"See component synthesis; keep compression, removal, DIG, AGN and feedback distinct.",This is a direct demonstration that environment can alter both gas mass and local SFE. Dense surviving clouds and stripped diffuse gas should occupy different resolved gFMR pathways.,analytical model inference,high,https://doi.org/10.1093/mnras/sty1610,https://ui.adsabs.harvard.edu/abs/2018MNRAS.479.4367K/abstract,https://arxiv.org/abs/1806.05887
NGC4402,NGC4402,near-peak,Crowl2005,"Crowl, Hugh H. (2005), Dense cloud ablation and ram pressure stripping of the Virgo spiral NGC 4402.",10.1086/430526,2005AJ....130...65C,astro-ph/0503422,peer reviewed,full text,VCC 873; UGC 7528; NGC 4402,HST dust and stellar morphology,NGC4402 leading edge and extraplanar dust,NGC4402 leading edge and extraplanar dust,Secs. 3-5,Dust filaments and decoupled dense clouds show active stripping of a multiphase ISM in NGC4402.,observed,active ram pressure stripping,ongoing/recent,Morphology alone does not provide peak-pressure time.,Direct for H I/CO sources; otherwise contextual.,"See component synthesis; keep compression, removal, DIG, AGN and feedback distinct.",This is a direct demonstration that environment can alter both gas mass and local SFE. Dense surviving clouds and stripped diffuse gas should occupy different resolved gFMR pathways.,direct dust and gas observations,high,https://doi.org/10.1086/430526,https://ui.adsabs.harvard.edu/abs/2005AJ....130...65C/abstract,https://arxiv.org/abs/astro-ph/0503422
NGC4402,NGC4402,near-peak,CrowlKenney2008,"Crowl, Hugh H. (2008), The stellar populations of stripped spiral galaxies in the Virgo cluster.",10.1088/0004-6256/136/4/1623,2008AJ....136.1623C,0807.3747,peer reviewed,full text,VCC 873; UGC 7528; NGC 4402,optical spectroscopy plus UV,truncated outer disks of ten Virgo spirals,truncated outer disks of ten Virgo spirals,Secs. 3-5; Tables 3-5,"Resolved outer-disk stellar populations yield galaxy-specific cessation ages from less than 200 to about 500 Myr, demonstrating rapid outside-in quenching.",model-derived from observations,active ram pressure stripping,component-specific values in Tables 3-5,"SFH priors, dust and aperture placement contribute uncertainty.",Direct for H I/CO sources; otherwise contextual.,"See component synthesis; keep compression, removal, DIG, AGN and feedback distinct.",This is a direct demonstration that environment can alter both gas mass and local SFE. Dense surviving clouds and stripped diffuse gas should occupy different resolved gFMR pathways.,stellar-population modelling,high,https://doi.org/10.1088/0004-6256/136/4/1623,https://ui.adsabs.harvard.edu/abs/2008AJ....136.1623C/abstract,https://arxiv.org/abs/0807.3747
NGC4402,NGC4402,near-peak,Abramson2014,"Abramson, Anne (2014), HUBBLE SPACE TELESCOPEIMAGING OF DECOUPLED DUST CLOUDS IN THE RAM PRESSURE STRIPPED VIRGO SPIRALS NGC 4402 AND NGC 4522",10.1088/0004-6256/147/3/63,2014AJ....147...63A,1401.0023,peer reviewed,full text,VCC 873; UGC 7528; NGC 4402,HST dust silhouettes and young stars,resolved upturn/decoupled-cloud regions,resolved upturn/decoupled-cloud regions,Secs. 3-5,"Dense clouds and dust fronts in NGC4402 and NGC4522 resist removal while lower-density gas is swept downstream, directly resolving selective stripping.",observed,active ram pressure stripping,active/recent stripping; no uniform clock,Small fields sample selected leading-edge regions.,Direct for H I/CO sources; otherwise contextual.,"See component synthesis; keep compression, removal, DIG, AGN and feedback distinct.",This is a direct demonstration that environment can alter both gas mass and local SFE. Dense surviving clouds and stripped diffuse gas should occupy different resolved gFMR pathways.,direct HST observations,high,https://doi.org/10.1088/0004-6256/147/3/63,https://ui.adsabs.harvard.edu/abs/2014AJ....147...63A/abstract,https://arxiv.org/abs/1401.0023
NGC4402,NGC4402,near-peak,Lee2017,"Lee, Bumhyun (2017), The effect of ram pressure on the molecular gas of galaxies: three case studies in the Virgo cluster.",10.1093/mnras/stw3162,2017MNRAS.466.1382L,1701.02750,peer reviewed,full text,VCC 873; UGC 7528; NGC 4402,resolved CO,"NGC4330, NGC4402 and NGC4522","NGC4330, NGC4402 and NGC4522",Secs. 3-5,Molecular-gas morphology and depletion patterns show that dense gas is altered but survives longer than diffuse H I during RPS.,observed survey comparison,active ram pressure stripping,active/recent stripping,CO conversion and resolution limit cloud-scale SFE claims.,Direct for H I/CO sources; otherwise contextual.,"See component synthesis; keep compression, removal, DIG, AGN and feedback distinct.",This is a direct demonstration that environment can alter both gas mass and local SFE. Dense surviving clouds and stripped diffuse gas should occupy different resolved gFMR pathways.,direct resolved CO observations,high,https://doi.org/10.1093/mnras/stw3162,https://ui.adsabs.harvard.edu/abs/2017MNRAS.466.1382L/abstract,https://arxiv.org/abs/1701.02750
NGC4402,NGC4402,near-peak,Cramer2020,"W. J., Cramer (2020), ALMA evidence for ram pressure compression and stripping of molecular gas in the Virgo Cluster galaxy NGC 4402.",10.3847/1538-4357/abaf54,2020ApJ...901...95C,1910.14082,peer reviewed,full text,VCC 873; UGC 7528; NGC 4402,resolved CO and multiwavelength imaging,NGC4402 leading edge,NGC4402 leading edge,Secs. 3-5,"Molecular gas on the windward side of NGC4402 is compressed and reorganized while lower-density material is removed, resolving how RPS couples to dense clouds.",observed plus inferred,active ram pressure stripping,ongoing stripping,Local cloud-scale conditions need not represent the global disk.,Direct for H I/CO sources; otherwise contextual.,"See component synthesis; keep compression, removal, DIG, AGN and feedback distinct.",This is a direct demonstration that environment can alter both gas mass and local SFE. Dense surviving clouds and stripped diffuse gas should occupy different resolved gFMR pathways.,direct resolved CO observations,high,https://doi.org/10.3847/1538-4357/abaf54,https://ui.adsabs.harvard.edu/abs/2020ApJ...901...95C/abstract,https://arxiv.org/abs/1910.14082
NGC4402,NGC4402,near-peak,Edler2024,"Edler, H. W. (2024), ViCTORIA project: The LOFAR view of environmental effects in Virgo cluster star-forming galaxies.",10.1051/0004-6361/202348301,2024A&A...683A.149E,2311.01904,peer reviewed,full text,VCC 873; UGC 7528; NGC 4402,LOFAR radio continuum,resolved Virgo-galaxy survey,resolved Virgo-galaxy survey,Secs. 3-6; Tables 1-3,Low-frequency asymmetries identify candidate ongoing RPS and retain signatures after H I morphology has partly relaxed.,survey observation plus inferred,active ram pressure stripping,current/recent radio state,"Radio morphology can also reflect tides, star formation and viewing angle.",Direct for H I/CO sources; otherwise contextual.,"See component synthesis; keep compression, removal, DIG, AGN and feedback distinct.",This is a direct demonstration that environment can alter both gas mass and local SFE. Dense surviving clouds and stripped diffuse gas should occupy different resolved gFMR pathways.,direct radio survey observations,high,https://doi.org/10.1051/0004-6361/202348301,https://ui.adsabs.harvard.edu/abs/2024A&A...683A.149E/abstract,https://arxiv.org/abs/2311.01904
NGC4424,NGC4424,near-peak,Chung2009,"Chung, Aeree (2009), VLA imaging of Virgo spirals in atomic gas (VIVA). I. The atlas and the H I properties.",10.1088/0004-6256/138/6/1741,2009AJ....138.1741C,0909.0781,peer reviewed,full text,VCC 979; UGC 7561; NGC 4424,H I 21-cm,resolved galaxy disk and tail,VLA imaging/atlas,Appendix pp. 14-26; Tables 1-4,A roughly 110 kpc one-sided H I tail and strongly disturbed central gas coexist with a shell/banana-shaped stellar body.,observed,intermediate-ratio merger remnant plus ongoing ram pressure,"West/east outer-disk quenching times are 281+/-27 and 251+/-14 Myr; a simple central SFH event is 179+/-68 Myr. The merger is inferred within roughly 500 Myr, not dynamically dated.",H I morphology is direct; mechanism and viewing geometry remain interpretive.,Direct for H I/CO sources; otherwise contextual.,"See component synthesis; keep compression, removal, DIG, AGN and feedback distinct.",Merger-driven inflow/mixing and selective outer removal can be simultaneous; shock/outflow spaxels and non-HII excitation must be excluded before interpreting metallicity residuals.,direct resolved observations,high for compound history; moderate for detailed ordering,https://doi.org/10.1088/0004-6256/138/6/1741,https://ui.adsabs.harvard.edu/abs/2009AJ....138.1741C/abstract,https://arxiv.org/abs/0909.0781
NGC4424,NGC4424,near-peak,Yoon2017,"Yoon, Hyein (2017), A history of H I stripping in Virgo: a phase-space view of VIVA galaxies.",10.3847/1538-4357/aa6579,2017ApJ...838...81Y,1704.00760,peer reviewed,full text,VCC 979; UGC 7561; NGC 4424,H I morphology plus projected phase space,galaxy/cluster,VIVA class and projected phase-space comparison,Sec. 2.1; Table 1; Secs. 4-5,"Yoon class II; provides a statistical stripping-stage context, not a unique orbit.",inferred,intermediate-ratio merger remnant plus ongoing ram pressure,stage-scale only,Projected radius and line-of-sight velocity are degenerate with 3-D orbital state.,Direct for H I/CO sources; otherwise contextual.,"See component synthesis; keep compression, removal, DIG, AGN and feedback distinct.",Merger-driven inflow/mixing and selective outer removal can be simultaneous; shock/outflow spaxels and non-HII excitation must be excluded before interpreting metallicity residuals.,phase-space/contextual inference,high for compound history; moderate for detailed ordering,https://doi.org/10.3847/1538-4357/aa6579,https://ui.adsabs.harvard.edu/abs/2017ApJ...838...81Y/abstract,https://arxiv.org/abs/1704.00760
NGC4424,NGC4424,near-peak,Brown2021,"Brown, Toby (2021), VERTICO: the Virgo Environment Traced in CO survey.",10.3847/1538-4365/ac28f5,2021ApJS..257...21B,2111.00937,peer reviewed,full text,VCC 979; UGC 7561; NGC 4424,CO(2-1),typically about 640 pc,VERTICO ACA survey,Sec. 2; Tables 1-2; Sec. 6,Provides resolved molecular-gas measurement and radial profiles; the survey paper alone does not identify this component's mechanism or orbit.,survey measurement,not assigned from this source,none,Survey selection is environmentally targeted and not Virgo-population complete.,Direct for H I/CO sources; otherwise contextual.,"See component synthesis; keep compression, removal, DIG, AGN and feedback distinct.",Merger-driven inflow/mixing and selective outer removal can be simultaneous; shock/outflow spaxels and non-HII excitation must be excluded before interpreting metallicity residuals.,survey-level measurement,high for compound history; moderate for detailed ordering,https://doi.org/10.3847/1538-4365/ac28f5,https://ui.adsabs.harvard.edu/abs/2021ApJS..257...21B/abstract,https://arxiv.org/abs/2111.00937
NGC4424,NGC4424,near-peak,Koppen2018,"Köppen, J (2018), Ram pressure stripping made easy: an analytical approach.",10.1093/mnras/sty1610,2018MNRAS.479.4367K,1806.05887,peer reviewed,full text,VCC 979; UGC 7561; NGC 4424,H I deficiency and projected cluster context,galaxy/cluster,analytical peak/time-integrated pressure model,Secs. 7.2-7.3; Tables E1-E5,Analytical classification: active; compare with direct morphology before adoption.,model-derived,ram pressure,"West/east outer-disk quenching times are 281+/-27 and 251+/-14 Myr; a simple central SFH event is 179+/-68 Myr. The merger is inferred within roughly 500 Myr, not dynamically dated.",Peak pressures are uncertain at roughly factor-of-two level; model assumptions can misclassify tidal systems.,Direct for H I/CO sources; otherwise contextual.,"See component synthesis; keep compression, removal, DIG, AGN and feedback distinct.",Merger-driven inflow/mixing and selective outer removal can be simultaneous; shock/outflow spaxels and non-HII excitation must be excluded before interpreting metallicity residuals.,analytical model inference,high for compound history; moderate for detailed ordering,https://doi.org/10.1093/mnras/sty1610,https://ui.adsabs.harvard.edu/abs/2018MNRAS.479.4367K/abstract,https://arxiv.org/abs/1806.05887
NGC4424,NGC4424,near-peak,Kenney1996,"Kenney, Jeffrey D. P. (1996), Evidence for a merger in the peculiar Virgo cluster Sa galaxy NGC 4424.",10.1086/117768,1996AJ....111..152K,,peer reviewed,full text or accepted manuscript,VCC 979; UGC 7561; NGC 4424,optical morphology and kinematics,NGC4424,NGC4424,Secs. 3-5,Strong stellar asymmetry and disturbed kinematics identify NGC4424 as a gravitationally transformed system rather than a pure stripped spiral.,observed plus inferred,intermediate-ratio merger remnant plus ongoing ram pressure,recent; no tailored clock,"Later work better separates merger, RPS and outflow components.",Direct for H I/CO sources; otherwise contextual.,"See component synthesis; keep compression, removal, DIG, AGN and feedback distinct.",Merger-driven inflow/mixing and selective outer removal can be simultaneous; shock/outflow spaxels and non-HII excitation must be excluded before interpreting metallicity residuals.,direct stellar morphology and kinematics,high for compound history; moderate for detailed ordering,https://doi.org/10.1086/117768,https://ui.adsabs.harvard.edu/abs/1996AJ....111..152K/abstract,
NGC4424,NGC4424,near-peak,Cortes2006,"Cortés, Juan R. (2006), The nature of the peculiar Virgo cluster galaxies NGC 4064 and NGC 4424.",10.1086/499075,2006AJ....131..747C,astro-ph/0511081,peer reviewed,full text,VCC 979; UGC 7561; NGC 4424,"stellar, Halpha and CO kinematics",resolved NGC4064 and NGC4424 disks,resolved NGC4064 and NGC4424 disks,Secs. 3-6,"Both peculiar disks show gravitational disturbance plus gas truncation; NGC4424 is best explained by an intermediate-ratio merger, while NGC4064 is consistent with tidal/bar inflow after stripping.",observed plus inferred,intermediate-ratio merger remnant plus ongoing ram pressure,recent merger/encounter; no formal orbital time,Ordering gravity and ICM stripping remains non-unique.,Direct for H I/CO sources; otherwise contextual.,"See component synthesis; keep compression, removal, DIG, AGN and feedback distinct.",Merger-driven inflow/mixing and selective outer removal can be simultaneous; shock/outflow spaxels and non-HII excitation must be excluded before interpreting metallicity residuals.,direct resolved observations,high for compound history; moderate for detailed ordering,https://doi.org/10.1086/499075,https://ui.adsabs.harvard.edu/abs/2006AJ....131..747C/abstract,https://arxiv.org/abs/astro-ph/0511081
NGC4424,NGC4424,near-peak,CrowlKenney2008,"Crowl, Hugh H. (2008), The stellar populations of stripped spiral galaxies in the Virgo cluster.",10.1088/0004-6256/136/4/1623,2008AJ....136.1623C,0807.3747,peer reviewed,full text,VCC 979; UGC 7561; NGC 4424,optical spectroscopy plus UV,truncated outer disks of ten Virgo spirals,truncated outer disks of ten Virgo spirals,Secs. 3-5; Tables 3-5,"Resolved outer-disk stellar populations yield galaxy-specific cessation ages from less than 200 to about 500 Myr, demonstrating rapid outside-in quenching.",model-derived from observations,intermediate-ratio merger remnant plus ongoing ram pressure,component-specific values in Tables 3-5,"SFH priors, dust and aperture placement contribute uncertainty.",Direct for H I/CO sources; otherwise contextual.,"See component synthesis; keep compression, removal, DIG, AGN and feedback distinct.",Merger-driven inflow/mixing and selective outer removal can be simultaneous; shock/outflow spaxels and non-HII excitation must be excluded before interpreting metallicity residuals.,stellar-population modelling,high for compound history; moderate for detailed ordering,https://doi.org/10.1088/0004-6256/136/4/1623,https://ui.adsabs.harvard.edu/abs/2008AJ....136.1623C/abstract,https://arxiv.org/abs/0807.3747
NGC4424,NGC4424,near-peak,Boselli2018,"Boselli, A. (2018), A Virgo Environmental Survey Tracing Ionised Gas Emission (VESTIGE). IV. A tail of ionised gas in the merger remnant NGC4424.",10.1051/0004-6361/201833914,2018A&A...620A.164B,1810.09234,peer reviewed,full text,VCC 979; UGC 7561; NGC 4424,VESTIGE Halpha plus MUSE/UV,"NGC4424 disk, southern tail and NW outflow","NGC4424 disk, southern tail and NW outflow",Secs. 3-6,NGC4424 combines a long stripping tail and outside-in quenching with a physically distinct shock-excited central outflow in a merger remnant.,observed plus model-derived,intermediate-ratio merger remnant plus ongoing ram pressure,outer quenching 251+/-14 and 281+/-27 Myr; merger less than roughly 500 Myr,Simple central SFHs should not be over-interpreted.,Direct for H I/CO sources; otherwise contextual.,"See component synthesis; keep compression, removal, DIG, AGN and feedback distinct.",Merger-driven inflow/mixing and selective outer removal can be simultaneous; shock/outflow spaxels and non-HII excitation must be excluded before interpreting metallicity residuals.,direct Halpha observations plus modelling,high for compound history; moderate for detailed ordering,https://doi.org/10.1051/0004-6361/201833914,https://ui.adsabs.harvard.edu/abs/2018A&A...620A.164B/abstract,https://arxiv.org/abs/1810.09234
NGC4424,NGC4424,near-peak,Vollmer2013,"Vollmer, B. (2013), Large-scale radio continuum properties of 19 Virgo cluster galaxies. The influence of tidal interactions, ram pressure stripping, and accreting gas envelopes.",10.1051/0004-6361/201321163,2013A&A...553A.116V,1304.1279,peer reviewed,full text,VCC 979; UGC 7561; NGC 4424,radio continuum/polarization survey plus models,19 Virgo galaxies,19 Virgo galaxies,Secs. 3-5; Tables 2-3,"Polarized radio ridges distinguish ICM compression from tidal shear and identify compound or residual processing, including NGC4424, NGC4568 and NGC4654.",observed plus model-derived,intermediate-ratio merger remnant plus ongoing ram pressure,current magnetized-ISM state,Radio asymmetry is not uniquely environmental without gas and stellar context.,Direct for H I/CO sources; otherwise contextual.,"See component synthesis; keep compression, removal, DIG, AGN and feedback distinct.",Merger-driven inflow/mixing and selective outer removal can be simultaneous; shock/outflow spaxels and non-HII excitation must be excluded before interpreting metallicity residuals.,direct radio observations plus models,high for compound history; moderate for detailed ordering,https://doi.org/10.1051/0004-6361/201321163,https://ui.adsabs.harvard.edu/abs/2013A&A...553A.116V/abstract,https://arxiv.org/abs/1304.1279
NGC4501,NGC4501,near-peak,Chung2009,"Chung, Aeree (2009), VLA imaging of Virgo spirals in atomic gas (VIVA). I. The atlas and the H I properties.",10.1088/0004-6256/138/6/1741,2009AJ....138.1741C,0909.0781,peer reviewed,full text,M 88; VCC 1401; UGC 7675; NGC 4501,H I 21-cm,resolved galaxy disk and tail,VLA imaging/atlas,Appendix pp. 14-26; Tables 1-4,A compressed southwest/southeast H I edge and extended opposite side provide a textbook early-stage wind geometry.,observed,pre-peak ram pressure stripping,Tailored models place it roughly 200-300 Myr before peak (Vollmer 2009 adopts -250 Myr). Model variants span about 190-320 Myr and depend on pressure profile/orientation.,H I morphology is direct; mechanism and viewing geometry remain interpretive.,Direct for H I/CO sources; otherwise contextual.,"See component synthesis; keep compression, removal, DIG, AGN and feedback distinct.","This is the clean pre-peak comparator: pressure can redistribute gas and DIG before major gas depletion, potentially altering local SFE/SFR while total gas remains substantial.",direct resolved observations,high,https://doi.org/10.1088/0004-6256/138/6/1741,https://ui.adsabs.harvard.edu/abs/2009AJ....138.1741C/abstract,https://arxiv.org/abs/0909.0781
NGC4501,NGC4501,near-peak,Yoon2017,"Yoon, Hyein (2017), A history of H I stripping in Virgo: a phase-space view of VIVA galaxies.",10.3847/1538-4357/aa6579,2017ApJ...838...81Y,1704.00760,peer reviewed,full text,M 88; VCC 1401; UGC 7675; NGC 4501,H I morphology plus projected phase space,galaxy/cluster,VIVA class and projected phase-space comparison,Sec. 2.1; Table 1; Secs. 4-5,"Yoon class II; provides a statistical stripping-stage context, not a unique orbit.",inferred,pre-peak ram pressure stripping,stage-scale only,Projected radius and line-of-sight velocity are degenerate with 3-D orbital state.,Direct for H I/CO sources; otherwise contextual.,"See component synthesis; keep compression, removal, DIG, AGN and feedback distinct.","This is the clean pre-peak comparator: pressure can redistribute gas and DIG before major gas depletion, potentially altering local SFE/SFR while total gas remains substantial.",phase-space/contextual inference,high,https://doi.org/10.3847/1538-4357/aa6579,https://ui.adsabs.harvard.edu/abs/2017ApJ...838...81Y/abstract,https://arxiv.org/abs/1704.00760
NGC4501,NGC4501,near-peak,Brown2021,"Brown, Toby (2021), VERTICO: the Virgo Environment Traced in CO survey.",10.3847/1538-4365/ac28f5,2021ApJS..257...21B,2111.00937,peer reviewed,full text,M 88; VCC 1401; UGC 7675; NGC 4501,CO(2-1),typically about 640 pc,VERTICO ACA survey,Sec. 2; Tables 1-2; Sec. 6,Provides resolved molecular-gas measurement and radial profiles; the survey paper alone does not identify this component's mechanism or orbit.,survey measurement,not assigned from this source,none,Survey selection is environmentally targeted and not Virgo-population complete.,Direct for H I/CO sources; otherwise contextual.,"See component synthesis; keep compression, removal, DIG, AGN and feedback distinct.","This is the clean pre-peak comparator: pressure can redistribute gas and DIG before major gas depletion, potentially altering local SFE/SFR while total gas remains substantial.",survey-level measurement,high,https://doi.org/10.3847/1538-4365/ac28f5,https://ui.adsabs.harvard.edu/abs/2021ApJS..257...21B/abstract,https://arxiv.org/abs/2111.00937
NGC4501,NGC4501,near-peak,Koppen2018,"Köppen, J (2018), Ram pressure stripping made easy: an analytical approach.",10.1093/mnras/sty1610,2018MNRAS.479.4367K,1806.05887,peer reviewed,full text,M 88; VCC 1401; UGC 7675; NGC 4501,H I deficiency and projected cluster context,galaxy/cluster,analytical peak/time-integrated pressure model,Secs. 7.2-7.3; Tables E1-E5,Analytical classification: active; compare with direct morphology before adoption.,model-derived,ram pressure,Tailored models place it roughly 200-300 Myr before peak (Vollmer 2009 adopts -250 Myr). Model variants span about 190-320 Myr and depend on pressure profile/orientation.,Peak pressures are uncertain at roughly factor-of-two level; model assumptions can misclassify tidal systems.,Direct for H I/CO sources; otherwise contextual.,"See component synthesis; keep compression, removal, DIG, AGN and feedback distinct.","This is the clean pre-peak comparator: pressure can redistribute gas and DIG before major gas depletion, potentially altering local SFE/SFR while total gas remains substantial.",analytical model inference,high,https://doi.org/10.1093/mnras/sty1610,https://ui.adsabs.harvard.edu/abs/2018MNRAS.479.4367K/abstract,https://arxiv.org/abs/1806.05887
NGC4501,NGC4501,near-peak,Vollmer2008,"Vollmer, B. (2008), Pre-peak ram pressure stripping in the Virgo cluster spiral galaxy NGC 4501.",10.1051/0004-6361:20078139,2008A&A...483...89V,0801.4874,peer reviewed,full text,M 88; VCC 1401; UGC 7675; NGC 4501,multiwavelength dynamical model,NGC4501,NGC4501,Secs. 3-5,The asymmetric compressed edge and diffuse opposite-side gas in NGC4501 are reproduced shortly before peak RPS.,tailored model-derived,pre-peak ram pressure stripping,roughly 190-320 Myr before peak; representative about 250 Myr,Model variants span wind angle and time.,Direct for H I/CO sources; otherwise contextual.,"See component synthesis; keep compression, removal, DIG, AGN and feedback distinct.","This is the clean pre-peak comparator: pressure can redistribute gas and DIG before major gas depletion, potentially altering local SFE/SFR while total gas remains substantial.",tailored multiwavelength modelling,high,https://doi.org/10.1051/0004-6361:20078139,https://ui.adsabs.harvard.edu/abs/2008A&A...483...89V/abstract,https://arxiv.org/abs/0801.4874
NGC4501,NGC4501,near-peak,Vollmer2009,"Vollmer, B. (2009), A holistic view on ram pressure stripping in the Virgo cluster. The first complete model-based time sequence.",10.1051/0004-6361/200911892,2009A&A...502..427V,0905.1770,peer reviewed,full text,M 88; VCC 1401; UGC 7675; NGC 4501,"H I, radio and multiwavelength models",five Virgo spirals; tailored time sequence,five Virgo spirals; tailored time sequence,Secs. 2-3; Table 3,"Tailored simulations order NGC4501 and NGC4330 before pressure maximum and NGC4522, NGC4388 and NGC4569 after it.",model-derived,pre-peak ram pressure stripping,"approximately -250, -100, +50, +150 and +300 Myr relative to peak",Eye-fit/model-family times and local ICM normalization are not uniform statistical measurements.,Direct for H I/CO sources; otherwise contextual.,"See component synthesis; keep compression, removal, DIG, AGN and feedback distinct.","This is the clean pre-peak comparator: pressure can redistribute gas and DIG before major gas depletion, potentially altering local SFE/SFR while total gas remains substantial.",tailored multiwavelength modelling,high,https://doi.org/10.1051/0004-6361/200911892,https://ui.adsabs.harvard.edu/abs/2009A&A...502..427V/abstract,https://arxiv.org/abs/0905.1770
NGC4501,NGC4501,near-peak,Nehlig2016,"Nehlig, F. (2016), Effects of environmental gas compression on the multiphase ISM and star formation. The Virgo spiral galaxies NGC 4501 and NGC 4567/68.",10.1051/0004-6361/201527021,2016A&A...587A.108N,1511.07567,peer reviewed,full text,M 88; VCC 1401; UGC 7675; NGC 4501,multiwavelength ISM comparison,NGC4501 and NGC4567/4568,NGC4501 and NGC4567/4568,Secs. 3-5,"Gas phases and star formation respond differently to compression in an RPS disk versus an interacting pair, providing a controlled mechanism comparison.",observed plus model-derived,pre-peak ram pressure stripping,current/pre-peak contexts,Cross-system comparison does not supply a new orbital clock.,Direct for H I/CO sources; otherwise contextual.,"See component synthesis; keep compression, removal, DIG, AGN and feedback distinct.","This is the clean pre-peak comparator: pressure can redistribute gas and DIG before major gas depletion, potentially altering local SFE/SFR while total gas remains substantial.",direct observations plus ISM modelling,high,https://doi.org/10.1051/0004-6361/201527021,https://ui.adsabs.harvard.edu/abs/2016A&A...587A.108N/abstract,https://arxiv.org/abs/1511.07567
NGC4501,NGC4501,near-peak,Brown2026,"Brown, Toby (2026), MAUVE-MUSE: Ionization and Kinematic Signatures of Environmental Effects on Virgo Cluster Disks.",10.3847/1538-4357/ae632e,2026ApJ..1004...73B,2604.20056,peer reviewed,full text,M 88; VCC 1401; UGC 7675; NGC 4501,MUSE emission-line ratios and velocity dispersion,resolved spaxels in 12 early-release MAUVE galaxies,resolved spaxels in 12 early-release MAUVE galaxies,Secs. 3-6; Table 2,Non-HII excitation and high-dispersion gas are more prevalent than in field controls; diffuse ionized gas dominates much of the excess and shocks are secondary.,observed survey comparison,pre-peak ram pressure stripping,current ionized-gas state,Early-release subset; excitation fractions depend on selections and spatial resolution.,Direct for H I/CO sources; otherwise contextual.,"See component synthesis; keep compression, removal, DIG, AGN and feedback distinct.","This is the clean pre-peak comparator: pressure can redistribute gas and DIG before major gas depletion, potentially altering local SFE/SFR while total gas remains substantial.",direct resolved ionized-gas observations,high,https://doi.org/10.3847/1538-4357/ae632e,https://ui.adsabs.harvard.edu/abs/2026ApJ..1004...73B/abstract,https://arxiv.org/abs/2604.20056
NGC4501,NGC4501,near-peak,Wezgowiec2011,"Weżgowiec, M. (2011), Hot gas in Mach cones around Virgo cluster spiral galaxies.",10.1051/0004-6361/201016344,2011A&A...531A..44W,1104.2713,peer reviewed,full text,M 88; VCC 1401; UGC 7675; NGC 4501,XMM-Newton X-ray imaging/spectroscopy,"NGC4388, NGC4501 and NGC4569","NGC4388, NGC4501 and NGC4569",Secs. 3-5,"Hot extraplanar gas and pressure structures provide independent evidence for ISM-ICM interaction, but AGN/outflow components differ among galaxies.",observed plus inferred,pre-peak ram pressure stripping,current hot-gas state,"Projection, low counts and nuclear contamination limit Mach-cone interpretation.",Direct for H I/CO sources; otherwise contextual.,"See component synthesis; keep compression, removal, DIG, AGN and feedback distinct.","This is the clean pre-peak comparator: pressure can redistribute gas and DIG before major gas depletion, potentially altering local SFE/SFR while total gas remains substantial.",direct X-ray observations,high,https://doi.org/10.1051/0004-6361/201016344,https://ui.adsabs.harvard.edu/abs/2011A&A...531A..44W/abstract,https://arxiv.org/abs/1104.2713
NGC4522,NGC4522,near-peak,Chung2009,"Chung, Aeree (2009), VLA imaging of Virgo spirals in atomic gas (VIVA). I. The atlas and the H I properties.",10.1088/0004-6256/138/6/1741,2009AJ....138.1741C,0909.0781,peer reviewed,full text,VCC 1516; UGC 7711; NGC 4522,H I 21-cm,resolved galaxy disk and tail,VLA imaging/atlas,Appendix pp. 14-26; Tables 1-4,The H I disk is truncated to roughly 0.35 optical radii with abundant extraplanar gas while the stellar disk is undisturbed.,observed,near/post-peak ram pressure stripping,Tailored modelling gives about 50 Myr after pressure maximum; outer-disk stellar quenching is about 100+/-50 Myr. The pressure excess requires local ICM substructure or relative ICM motion.,H I morphology is direct; mechanism and viewing geometry remain interpretive.,Direct for H I/CO sources; otherwise contextual.,"See component synthesis; keep compression, removal, DIG, AGN and feedback distinct.","Because shocks/mixing add ionized emission and CO-bearing clouds survive, both Halpha SFR and gas mass require phase-aware measurement. The galaxy is a benchmark for non-equilibrium gFMR tracks.",direct resolved observations,very high,https://doi.org/10.1088/0004-6256/138/6/1741,https://ui.adsabs.harvard.edu/abs/2009AJ....138.1741C/abstract,https://arxiv.org/abs/0909.0781
NGC4522,NGC4522,near-peak,Yoon2017,"Yoon, Hyein (2017), A history of H I stripping in Virgo: a phase-space view of VIVA galaxies.",10.3847/1538-4357/aa6579,2017ApJ...838...81Y,1704.00760,peer reviewed,full text,VCC 1516; UGC 7711; NGC 4522,H I morphology plus projected phase space,galaxy/cluster,VIVA class and projected phase-space comparison,Sec. 2.1; Table 1; Secs. 4-5,"Yoon class II; provides a statistical stripping-stage context, not a unique orbit.",inferred,near/post-peak ram pressure stripping,stage-scale only,Projected radius and line-of-sight velocity are degenerate with 3-D orbital state.,Direct for H I/CO sources; otherwise contextual.,"See component synthesis; keep compression, removal, DIG, AGN and feedback distinct.","Because shocks/mixing add ionized emission and CO-bearing clouds survive, both Halpha SFR and gas mass require phase-aware measurement. The galaxy is a benchmark for non-equilibrium gFMR tracks.",phase-space/contextual inference,very high,https://doi.org/10.3847/1538-4357/aa6579,https://ui.adsabs.harvard.edu/abs/2017ApJ...838...81Y/abstract,https://arxiv.org/abs/1704.00760
NGC4522,NGC4522,near-peak,Brown2021,"Brown, Toby (2021), VERTICO: the Virgo Environment Traced in CO survey.",10.3847/1538-4365/ac28f5,2021ApJS..257...21B,2111.00937,peer reviewed,full text,VCC 1516; UGC 7711; NGC 4522,CO(2-1),typically about 640 pc,VERTICO ACA survey,Sec. 2; Tables 1-2; Sec. 6,Provides resolved molecular-gas measurement and radial profiles; the survey paper alone does not identify this component's mechanism or orbit.,survey measurement,not assigned from this source,none,Survey selection is environmentally targeted and not Virgo-population complete.,Direct for H I/CO sources; otherwise contextual.,"See component synthesis; keep compression, removal, DIG, AGN and feedback distinct.","Because shocks/mixing add ionized emission and CO-bearing clouds survive, both Halpha SFR and gas mass require phase-aware measurement. The galaxy is a benchmark for non-equilibrium gFMR tracks.",survey-level measurement,very high,https://doi.org/10.3847/1538-4365/ac28f5,https://ui.adsabs.harvard.edu/abs/2021ApJS..257...21B/abstract,https://arxiv.org/abs/2111.00937
NGC4522,NGC4522,near-peak,Koppen2018,"Köppen, J (2018), Ram pressure stripping made easy: an analytical approach.",10.1093/mnras/sty1610,2018MNRAS.479.4367K,1806.05887,peer reviewed,full text,VCC 1516; UGC 7711; NGC 4522,H I deficiency and projected cluster context,galaxy/cluster,analytical peak/time-integrated pressure model,Secs. 7.2-7.3; Tables E1-E5,Analytical classification: active; compare with direct morphology before adoption.,model-derived,ram pressure,Tailored modelling gives about 50 Myr after pressure maximum; outer-disk stellar quenching is about 100+/-50 Myr. The pressure excess requires local ICM substructure or relative ICM motion.,Peak pressures are uncertain at roughly factor-of-two level; model assumptions can misclassify tidal systems.,Direct for H I/CO sources; otherwise contextual.,"See component synthesis; keep compression, removal, DIG, AGN and feedback distinct.","Because shocks/mixing add ionized emission and CO-bearing clouds survive, both Halpha SFR and gas mass require phase-aware measurement. The galaxy is a benchmark for non-equilibrium gFMR tracks.",analytical model inference,very high,https://doi.org/10.1093/mnras/sty1610,https://ui.adsabs.harvard.edu/abs/2018MNRAS.479.4367K/abstract,https://arxiv.org/abs/1806.05887
NGC4522,NGC4522,near-peak,Kenney2004,"Kenney, Jeffrey D. P. (2004), VLA HiObservations of Gas Stripping in the Virgo Cluster Spiral NGC 4522",10.1086/420805,2004AJ....127.3361K,astro-ph/0403103,peer reviewed,full text,VCC 1516; UGC 7711; NGC 4522,VLA H I and radio continuum,NGC4522 disk and extraplanar gas,NGC4522 disk and extraplanar gas,Secs. 3-5,"Extraplanar H I and a sharply truncated disk show active strong RPS despite the galaxy's projected distance from M87, implying a locally enhanced/structured ICM.",observed plus inferred,near/post-peak ram pressure stripping,near or just after peak,Projected radius does not measure 3-D ICM density.,Direct for H I/CO sources; otherwise contextual.,"See component synthesis; keep compression, removal, DIG, AGN and feedback distinct.","Because shocks/mixing add ionized emission and CO-bearing clouds survive, both Halpha SFR and gas mass require phase-aware measurement. The galaxy is a benchmark for non-equilibrium gFMR tracks.",direct resolved observations,very high,https://doi.org/10.1086/420805,https://ui.adsabs.harvard.edu/abs/2004AJ....127.3361K/abstract,https://arxiv.org/abs/astro-ph/0403103
NGC4522,NGC4522,near-peak,CrowlKenney2006,"Crowl, Hugh H. (2006), The Stellar Population of Stripped Cluster Spiral NGC 4522: A Local Analog to K+A Galaxies?",10.1086/508344,2006ApJ...649L..75C,astro-ph/0608229,peer reviewed,full text,VCC 1516; UGC 7711; NGC 4522,optical/UV stellar populations,NGC4522 outer disk,NGC4522 outer disk,pp. L76-L78,"Outer-disk star formation in NGC4522 ceased about 100+/-50 Myr ago, consistent with a recent strong stripping event.",model-derived from observations,near/post-peak ram pressure stripping,outer quenching 100+/-50 Myr,Quenching time is not exactly time from peak pressure.,Direct for H I/CO sources; otherwise contextual.,"See component synthesis; keep compression, removal, DIG, AGN and feedback distinct.","Because shocks/mixing add ionized emission and CO-bearing clouds survive, both Halpha SFR and gas mass require phase-aware measurement. The galaxy is a benchmark for non-equilibrium gFMR tracks.",stellar-population modelling,very high,https://doi.org/10.1086/508344,https://ui.adsabs.harvard.edu/abs/2006ApJ...649L..75C/abstract,https://arxiv.org/abs/astro-ph/0608229
NGC4522,NGC4522,near-peak,Vollmer2006,"Vollmer, B. (2006), A dynamical model for the heavily ram pressure stripped Virgo spiral galaxy NGC 4522.",10.1051/0004-6361:20064954,2006A&A...453..883V,astro-ph/0603854,peer reviewed,full text,VCC 1516; UGC 7711; NGC 4522,gas-dynamical and polarized-radio model,NGC4522,NGC4522,Secs. 3-5,A recent pressure maximum and subsequent re-accretion reproduce the disk/tail morphology and polarized ridge of NGC4522.,tailored model-derived,near/post-peak ram pressure stripping,about 50 Myr after peak,Local ICM enhancement and wind geometry are required.,Direct for H I/CO sources; otherwise contextual.,"See component synthesis; keep compression, removal, DIG, AGN and feedback distinct.","Because shocks/mixing add ionized emission and CO-bearing clouds survive, both Halpha SFR and gas mass require phase-aware measurement. The galaxy is a benchmark for non-equilibrium gFMR tracks.",tailored dynamical modelling,very high,https://doi.org/10.1051/0004-6361:20064954,https://ui.adsabs.harvard.edu/abs/2006A&A...453..883V/abstract,https://arxiv.org/abs/astro-ph/0603854
NGC4522,NGC4522,near-peak,Vollmer2009,"Vollmer, B. (2009), A holistic view on ram pressure stripping in the Virgo cluster. The first complete model-based time sequence.",10.1051/0004-6361/200911892,2009A&A...502..427V,0905.1770,peer reviewed,full text,VCC 1516; UGC 7711; NGC 4522,"H I, radio and multiwavelength models",five Virgo spirals; tailored time sequence,five Virgo spirals; tailored time sequence,Secs. 2-3; Table 3,"Tailored simulations order NGC4501 and NGC4330 before pressure maximum and NGC4522, NGC4388 and NGC4569 after it.",model-derived,near/post-peak ram pressure stripping,"approximately -250, -100, +50, +150 and +300 Myr relative to peak",Eye-fit/model-family times and local ICM normalization are not uniform statistical measurements.,Direct for H I/CO sources; otherwise contextual.,"See component synthesis; keep compression, removal, DIG, AGN and feedback distinct.","Because shocks/mixing add ionized emission and CO-bearing clouds survive, both Halpha SFR and gas mass require phase-aware measurement. The galaxy is a benchmark for non-equilibrium gFMR tracks.",tailored multiwavelength modelling,very high,https://doi.org/10.1051/0004-6361/200911892,https://ui.adsabs.harvard.edu/abs/2009A&A...502..427V/abstract,https://arxiv.org/abs/0905.1770
NGC4522,NGC4522,near-peak,Abramson2014,"Abramson, Anne (2014), HUBBLE SPACE TELESCOPEIMAGING OF DECOUPLED DUST CLOUDS IN THE RAM PRESSURE STRIPPED VIRGO SPIRALS NGC 4402 AND NGC 4522",10.1088/0004-6256/147/3/63,2014AJ....147...63A,1401.0023,peer reviewed,full text,VCC 1516; UGC 7711; NGC 4522,HST dust silhouettes and young stars,resolved upturn/decoupled-cloud regions,resolved upturn/decoupled-cloud regions,Secs. 3-5,"Dense clouds and dust fronts in NGC4402 and NGC4522 resist removal while lower-density gas is swept downstream, directly resolving selective stripping.",observed,near/post-peak ram pressure stripping,active/recent stripping; no uniform clock,Small fields sample selected leading-edge regions.,Direct for H I/CO sources; otherwise contextual.,"See component synthesis; keep compression, removal, DIG, AGN and feedback distinct.","Because shocks/mixing add ionized emission and CO-bearing clouds survive, both Halpha SFR and gas mass require phase-aware measurement. The galaxy is a benchmark for non-equilibrium gFMR tracks.",direct HST observations,very high,https://doi.org/10.1088/0004-6256/147/3/63,https://ui.adsabs.harvard.edu/abs/2014AJ....147...63A/abstract,https://arxiv.org/abs/1401.0023
NGC4522,NGC4522,near-peak,Lee2017,"Lee, Bumhyun (2017), The effect of ram pressure on the molecular gas of galaxies: three case studies in the Virgo cluster.",10.1093/mnras/stw3162,2017MNRAS.466.1382L,1701.02750,peer reviewed,full text,VCC 1516; UGC 7711; NGC 4522,resolved CO,"NGC4330, NGC4402 and NGC4522","NGC4330, NGC4402 and NGC4522",Secs. 3-5,Molecular-gas morphology and depletion patterns show that dense gas is altered but survives longer than diffuse H I during RPS.,observed survey comparison,near/post-peak ram pressure stripping,active/recent stripping,CO conversion and resolution limit cloud-scale SFE claims.,Direct for H I/CO sources; otherwise contextual.,"See component synthesis; keep compression, removal, DIG, AGN and feedback distinct.","Because shocks/mixing add ionized emission and CO-bearing clouds survive, both Halpha SFR and gas mass require phase-aware measurement. The galaxy is a benchmark for non-equilibrium gFMR tracks.",direct resolved CO observations,very high,https://doi.org/10.1093/mnras/stw3162,https://ui.adsabs.harvard.edu/abs/2017MNRAS.466.1382L/abstract,https://arxiv.org/abs/1701.02750
NGC4522,NGC4522,near-peak,Choi2026,"Choi, Woorak (2026), The Impact of Ram Pressure on the Radio Spectral Index and Magnetic Field of NGC 4522: A High-resolution VLA Continuum Study.",10.3847/1538-4357/ae39ca,2026ApJ...999..116C,2601.10803,peer reviewed,full text,VCC 1516; UGC 7711; NGC 4522,resolved radio continuum and polarization,NGC4522 disk and extraplanar regions; MHD comparison,NGC4522 disk and extraplanar regions; MHD comparison,Secs. 3-6; Table 3,Magnetic-field compression/draping and extraplanar radio structure constrain the present wind geometry in NGC4522.,observed plus model-derived,near/post-peak ram pressure stripping,recent post-peak event,Cosmic-ray transport and field evolution broaden the timing inference.,Direct for H I/CO sources; otherwise contextual.,"See component synthesis; keep compression, removal, DIG, AGN and feedback distinct.","Because shocks/mixing add ionized emission and CO-bearing clouds survive, both Halpha SFR and gas mass require phase-aware measurement. The galaxy is a benchmark for non-equilibrium gFMR tracks.",direct resolved radio observations plus MHD model,very high,https://doi.org/10.3847/1538-4357/ae39ca,https://ui.adsabs.harvard.edu/abs/2026ApJ...999..116C/abstract,https://arxiv.org/abs/2601.10803
NGC4522,NGC4522,near-peak,Brown2026,"Brown, Toby (2026), MAUVE-MUSE: Ionization and Kinematic Signatures of Environmental Effects on Virgo Cluster Disks.",10.3847/1538-4357/ae632e,2026ApJ..1004...73B,2604.20056,peer reviewed,full text,VCC 1516; UGC 7711; NGC 4522,MUSE emission-line ratios and velocity dispersion,resolved spaxels in 12 early-release MAUVE galaxies,resolved spaxels in 12 early-release MAUVE galaxies,Secs. 3-6; Table 2,Non-HII excitation and high-dispersion gas are more prevalent than in field controls; diffuse ionized gas dominates much of the excess and shocks are secondary.,observed survey comparison,near/post-peak ram pressure stripping,current ionized-gas state,Early-release subset; excitation fractions depend on selections and spatial resolution.,Direct for H I/CO sources; otherwise contextual.,"See component synthesis; keep compression, removal, DIG, AGN and feedback distinct.","Because shocks/mixing add ionized emission and CO-bearing clouds survive, both Halpha SFR and gas mass require phase-aware measurement. The galaxy is a benchmark for non-equilibrium gFMR tracks.",direct resolved ionized-gas observations,very high,https://doi.org/10.3847/1538-4357/ae632e,https://ui.adsabs.harvard.edu/abs/2026ApJ..1004...73B/abstract,https://arxiv.org/abs/2604.20056
NGC4654,NGC4654,near-peak,Chung2009,"Chung, Aeree (2009), VLA imaging of Virgo spirals in atomic gas (VIVA). I. The atlas and the H I properties.",10.1088/0004-6256/138/6/1741,2009AJ....138.1741C,0909.0781,peer reviewed,full text,VCC 1987; UGC 7902; IC 3708; NGC 4654,H I 21-cm,resolved galaxy disk and tail,VLA imaging/atlas,Appendix pp. 14-26; Tables 1-4,A long southeastern H I tail and northwestern compressed edge cannot be reproduced simultaneously by a single simple perturbation.,observed,tidal interaction plus weak ram pressure,"The preferred model places the NGC4639 encounter about 500 Myr ago; ongoing pressure is weak. This is a tidal clock, not time from Virgo pressure peak.",H I morphology is direct; mechanism and viewing geometry remain interpretive.,Direct for H I/CO sources; otherwise contextual.,"See component synthesis; keep compression, removal, DIG, AGN and feedback distinct.","Tides first change gas geometry, then weak pressure removes exposed gas; local SFE/metallicity effects can precede a large global H I deficit.",direct resolved observations,high,https://doi.org/10.1088/0004-6256/138/6/1741,https://ui.adsabs.harvard.edu/abs/2009AJ....138.1741C/abstract,https://arxiv.org/abs/0909.0781
NGC4654,NGC4654,near-peak,Yoon2017,"Yoon, Hyein (2017), A history of H I stripping in Virgo: a phase-space view of VIVA galaxies.",10.3847/1538-4357/aa6579,2017ApJ...838...81Y,1704.00760,peer reviewed,full text,VCC 1987; UGC 7902; IC 3708; NGC 4654,H I morphology plus projected phase space,galaxy/cluster,VIVA class and projected phase-space comparison,Sec. 2.1; Table 1; Secs. 4-5,"Yoon class II; provides a statistical stripping-stage context, not a unique orbit.",inferred,tidal interaction plus weak ram pressure,stage-scale only,Projected radius and line-of-sight velocity are degenerate with 3-D orbital state.,Direct for H I/CO sources; otherwise contextual.,"See component synthesis; keep compression, removal, DIG, AGN and feedback distinct.","Tides first change gas geometry, then weak pressure removes exposed gas; local SFE/metallicity effects can precede a large global H I deficit.",phase-space/contextual inference,high,https://doi.org/10.3847/1538-4357/aa6579,https://ui.adsabs.harvard.edu/abs/2017ApJ...838...81Y/abstract,https://arxiv.org/abs/1704.00760
NGC4654,NGC4654,near-peak,Brown2021,"Brown, Toby (2021), VERTICO: the Virgo Environment Traced in CO survey.",10.3847/1538-4365/ac28f5,2021ApJS..257...21B,2111.00937,peer reviewed,full text,VCC 1987; UGC 7902; IC 3708; NGC 4654,CO(2-1),typically about 640 pc,VERTICO ACA survey,Sec. 2; Tables 1-2; Sec. 6,Provides resolved molecular-gas measurement and radial profiles; the survey paper alone does not identify this component's mechanism or orbit.,survey measurement,not assigned from this source,none,Survey selection is environmentally targeted and not Virgo-population complete.,Direct for H I/CO sources; otherwise contextual.,"See component synthesis; keep compression, removal, DIG, AGN and feedback distinct.","Tides first change gas geometry, then weak pressure removes exposed gas; local SFE/metallicity effects can precede a large global H I deficit.",survey-level measurement,high,https://doi.org/10.3847/1538-4365/ac28f5,https://ui.adsabs.harvard.edu/abs/2021ApJS..257...21B/abstract,https://arxiv.org/abs/2111.00937
NGC4654,NGC4654,near-peak,Koppen2018,"Köppen, J (2018), Ram pressure stripping made easy: an analytical approach.",10.1093/mnras/sty1610,2018MNRAS.479.4367K,1806.05887,peer reviewed,full text,VCC 1987; UGC 7902; IC 3708; NGC 4654,H I deficiency and projected cluster context,galaxy/cluster,analytical peak/time-integrated pressure model,Secs. 7.2-7.3; Tables E1-E5,Analytical classification: non-deficient; compare with direct morphology before adoption.,model-derived,ram pressure,"The preferred model places the NGC4639 encounter about 500 Myr ago; ongoing pressure is weak. This is a tidal clock, not time from Virgo pressure peak.",Peak pressures are uncertain at roughly factor-of-two level; model assumptions can misclassify tidal systems.,Direct for H I/CO sources; otherwise contextual.,"See component synthesis; keep compression, removal, DIG, AGN and feedback distinct.","Tides first change gas geometry, then weak pressure removes exposed gas; local SFE/metallicity effects can precede a large global H I deficit.",analytical model inference,high,https://doi.org/10.1093/mnras/sty1610,https://ui.adsabs.harvard.edu/abs/2018MNRAS.479.4367K/abstract,https://arxiv.org/abs/1806.05887
NGC4654,NGC4654,near-peak,Vollmer2003,"Vollmer, B. (2003), NGC 4654: Gravitational interaction or ram pressure stripping?",10.1051/0004-6361:20021729,2003A&A...398..525V,astro-ph/0211321,peer reviewed,full text,VCC 1987; UGC 7902; IC 3708; NGC 4654,sticky-particle dynamical simulation,NGC4654,NGC4654,Secs. 3-6,A tidal encounter with NGC4639 plus ongoing weak RPS reproduces NGC4654's one-sided H I tail and compressed edge.,tailored model-derived,tidal interaction plus weak ram pressure,encounter about 500 Myr ago; RPS ongoing,Perturber orbit and pressure profile are not unique.,Direct for H I/CO sources; otherwise contextual.,"See component synthesis; keep compression, removal, DIG, AGN and feedback distinct.","Tides first change gas geometry, then weak pressure removes exposed gas; local SFE/metallicity effects can precede a large global H I deficit.",tailored numerical modelling,high,https://doi.org/10.1051/0004-6361:20021729,https://ui.adsabs.harvard.edu/abs/2003A&A...398..525V/abstract,https://arxiv.org/abs/astro-ph/0211321
NGC4654,NGC4654,near-peak,Soida2006,"Soida, M. (2006), NGC 4654: polarized radio continuum emission as a diagnostic tool for a galaxy-cluster interaction. Models versus observations.",10.1051/0004-6361:20054791,2006A&A...458..727S,astro-ph/0608292,peer reviewed,full text,VCC 1987; UGC 7902; IC 3708; NGC 4654,radio polarization plus MHD model,NGC4654,NGC4654,Secs. 3-5,Magnetic-field asymmetry supports combined tidal shear/compression and weak ram pressure in NGC4654.,observed plus model-derived,tidal interaction plus weak ram pressure,post-encounter/current pressure,Field evolution depends on cosmic-ray transport and adopted velocity field.,Direct for H I/CO sources; otherwise contextual.,"See component synthesis; keep compression, removal, DIG, AGN and feedback distinct.","Tides first change gas geometry, then weak pressure removes exposed gas; local SFE/metallicity effects can precede a large global H I deficit.",direct radio observations plus MHD model,high,https://doi.org/10.1051/0004-6361:20054791,https://ui.adsabs.harvard.edu/abs/2006A&A...458..727S/abstract,https://arxiv.org/abs/astro-ph/0608292
NGC4654,NGC4654,near-peak,Chung2014,"Chung, Eun Jung (2014), H I and H2 properties and star formation efficiency of NGC 4654 in the cluster environment",10.1093/pasj/pst011,2014PASJ...66...11C,1311.2394,peer reviewed,full text,VCC 1987; UGC 7902; IC 3708; NGC 4654,H I and CO,resolved NGC4654 disk and tail,resolved NGC4654 disk and tail,Secs. 3-5,Atomic and molecular asymmetries in NGC4654 support a combined tidal encounter and ongoing ram pressure rather than either mechanism alone.,observed plus inferred,tidal interaction plus weak ram pressure,encounter of order 500 Myr; weak pressure ongoing,Gas conversion factor and interaction geometry are model dependent.,Direct for H I/CO sources; otherwise contextual.,"See component synthesis; keep compression, removal, DIG, AGN and feedback distinct.","Tides first change gas geometry, then weak pressure removes exposed gas; local SFE/metallicity effects can precede a large global H I deficit.",direct HI and CO observations,high,https://doi.org/10.1093/pasj/pst011,https://ui.adsabs.harvard.edu/abs/2014PASJ...66...11C/abstract,https://arxiv.org/abs/1311.2394
NGC4654,NGC4654,near-peak,Lizee2021,"Lizée, T. (2021), Gas compression and stellar feedback in the tidally interacting and ram-pressure stripped Virgo spiral galaxy NGC 4654.",10.1051/0004-6361/202038910,2021A&A...645A.111L,2012.12955,peer reviewed,full text,VCC 1987; UGC 7902; IC 3708; NGC 4654,multiwavelength gas modelling,NGC4654,NGC4654,Secs. 3-6,A combined past tidal encounter and present weak ram pressure reproduces the asymmetric multiphase gas better than either process alone.,tailored model-derived,tidal interaction plus weak ram pressure,encounter roughly 500 Myr; pressure ongoing,Model geometry and ICM normalization remain degenerate.,Direct for H I/CO sources; otherwise contextual.,"See component synthesis; keep compression, removal, DIG, AGN and feedback distinct.","Tides first change gas geometry, then weak pressure removes exposed gas; local SFE/metallicity effects can precede a large global H I deficit.",tailored multiwavelength modelling,high,https://doi.org/10.1051/0004-6361/202038910,https://ui.adsabs.harvard.edu/abs/2021A&A...645A.111L/abstract,https://arxiv.org/abs/2012.12955
NGC4654,NGC4654,near-peak,Edler2024,"Edler, H. W. (2024), ViCTORIA project: The LOFAR view of environmental effects in Virgo cluster star-forming galaxies.",10.1051/0004-6361/202348301,2024A&A...683A.149E,2311.01904,peer reviewed,full text,VCC 1987; UGC 7902; IC 3708; NGC 4654,LOFAR radio continuum,resolved Virgo-galaxy survey,resolved Virgo-galaxy survey,Secs. 3-6; Tables 1-3,Low-frequency asymmetries identify candidate ongoing RPS and retain signatures after H I morphology has partly relaxed.,survey observation plus inferred,tidal interaction plus weak ram pressure,current/recent radio state,"Radio morphology can also reflect tides, star formation and viewing angle.",Direct for H I/CO sources; otherwise contextual.,"See component synthesis; keep compression, removal, DIG, AGN and feedback distinct.","Tides first change gas geometry, then weak pressure removes exposed gas; local SFE/metallicity effects can precede a large global H I deficit.",direct radio survey observations,high,https://doi.org/10.1051/0004-6361/202348301,https://ui.adsabs.harvard.edu/abs/2024A&A...683A.149E/abstract,https://arxiv.org/abs/2311.01904
NGC4694,NGC4694,near-peak,Chung2009,"Chung, Aeree (2009), VLA imaging of Virgo spirals in atomic gas (VIVA). I. The atlas and the H I properties.",10.1088/0004-6256/138/6/1741,2009AJ....138.1741C,0909.0781,peer reviewed,full text,VCC 2066; UGC 7969; NGC 4694,H I 21-cm,resolved galaxy disk and tail,VLA imaging/atlas,Appendix pp. 14-26; Tables 1-4,"A coherent 38-50 kpc, roughly 1.1e9 Msun H I bridge/debris complex connects NGC4694 with the tidal-dwarf candidate VCC2062; its structure, high column density and stellar bridge favour gravity over a clean wind tail.",observed,tidal accretion/merger debris,The completed single-nucleus merger is inferred to be several hundred Myr old. CIGALE burst ages are 376+/-99 Myr globally and 313+/-86 Myr in the CO region; neither is a pressure-peak clock.,H I morphology is direct; mechanism and viewing geometry remain interpretive.,Direct for H I/CO sources; otherwise contextual.,"See component synthesis; keep compression, removal, DIG, AGN and feedback distinct.","VCC2062 is pre-enriched recycled gas, not pristine inflow or ordinary dwarf chemistry. Merger mixing/inflow may affect NGC4694, but its resolved abundance history remains unmeasured.",direct resolved observations,very high for tidal history; low for ICM history,https://doi.org/10.1088/0004-6256/138/6/1741,https://ui.adsabs.harvard.edu/abs/2009AJ....138.1741C/abstract,https://arxiv.org/abs/0909.0781
NGC4694,NGC4694,near-peak,Yoon2017,"Yoon, Hyein (2017), A history of H I stripping in Virgo: a phase-space view of VIVA galaxies.",10.3847/1538-4357/aa6579,2017ApJ...838...81Y,1704.00760,peer reviewed,full text,VCC 2066; UGC 7969; NGC 4694,H I morphology plus projected phase space,galaxy/cluster,VIVA class and projected phase-space comparison,Sec. 2.1; Table 1; Secs. 4-5,"Yoon class II; provides a statistical stripping-stage context, not a unique orbit.",inferred,tidal accretion/merger debris,stage-scale only,Projected radius and line-of-sight velocity are degenerate with 3-D orbital state.,Direct for H I/CO sources; otherwise contextual.,"See component synthesis; keep compression, removal, DIG, AGN and feedback distinct.","VCC2062 is pre-enriched recycled gas, not pristine inflow or ordinary dwarf chemistry. Merger mixing/inflow may affect NGC4694, but its resolved abundance history remains unmeasured.",phase-space/contextual inference,very high for tidal history; low for ICM history,https://doi.org/10.3847/1538-4357/aa6579,https://ui.adsabs.harvard.edu/abs/2017ApJ...838...81Y/abstract,https://arxiv.org/abs/1704.00760
NGC4694,NGC4694,near-peak,Brown2021,"Brown, Toby (2021), VERTICO: the Virgo Environment Traced in CO survey.",10.3847/1538-4365/ac28f5,2021ApJS..257...21B,2111.00937,peer reviewed,full text,VCC 2066; UGC 7969; NGC 4694,CO(2-1),typically about 640 pc,VERTICO ACA survey,Sec. 2; Tables 1-2; Sec. 6,Provides resolved molecular-gas measurement and radial profiles; the survey paper alone does not identify this component's mechanism or orbit.,survey measurement,not assigned from this source,none,Survey selection is environmentally targeted and not Virgo-population complete.,Direct for H I/CO sources; otherwise contextual.,"See component synthesis; keep compression, removal, DIG, AGN and feedback distinct.","VCC2062 is pre-enriched recycled gas, not pristine inflow or ordinary dwarf chemistry. Merger mixing/inflow may affect NGC4694, but its resolved abundance history remains unmeasured.",survey-level measurement,very high for tidal history; low for ICM history,https://doi.org/10.3847/1538-4365/ac28f5,https://ui.adsabs.harvard.edu/abs/2021ApJS..257...21B/abstract,https://arxiv.org/abs/2111.00937
NGC4694,NGC4694,near-peak,Koppen2018,"Köppen, J (2018), Ram pressure stripping made easy: an analytical approach.",10.1093/mnras/sty1610,2018MNRAS.479.4367K,1806.05887,peer reviewed,full text,VCC 2066; UGC 7969; NGC 4694,H I deficiency and projected cluster context,galaxy/cluster,analytical peak/time-integrated pressure model,Secs. 7.2-7.3; Tables E1-E5,Analytical classification: past; compare with direct morphology before adoption.,model-derived,ram pressure,The completed single-nucleus merger is inferred to be several hundred Myr old. CIGALE burst ages are 376+/-99 Myr globally and 313+/-86 Myr in the CO region; neither is a pressure-peak clock.,Peak pressures are uncertain at roughly factor-of-two level; model assumptions can misclassify tidal systems.,Direct for H I/CO sources; otherwise contextual.,"See component synthesis; keep compression, removal, DIG, AGN and feedback distinct.","VCC2062 is pre-enriched recycled gas, not pristine inflow or ordinary dwarf chemistry. Merger mixing/inflow may affect NGC4694, but its resolved abundance history remains unmeasured.",analytical model inference,very high for tidal history; low for ICM history,https://doi.org/10.1093/mnras/sty1610,https://ui.adsabs.harvard.edu/abs/2018MNRAS.479.4367K/abstract,https://arxiv.org/abs/1806.05887
NGC4694,NGC4694,near-peak,Duc2007,"Duc, P.-A. (2007), VCC 2062: an old tidal dwarf galaxy in the Virgo cluster?",10.1051/0004-6361:20078335,2007A&A...475..187D,0709.2733,peer reviewed,full text,VCC 2066; UGC 7969; NGC 4694,"VLA H I, CO and optical spectroscopy",NGC4694-VCC2062 bridge,NGC4694-VCC2062 bridge,Secs. 3-6,"A coherent gas+stellar bridge and pre-enriched, CO-bearing VCC2062 establish recycled tidal debris from an NGC4694 merger.",observed plus inferred,tidal accretion/merger debris,several hundred Myr scenario,A weak ICM contribution may reshape debris but is not required to form it.,Direct for H I/CO sources; otherwise contextual.,"See component synthesis; keep compression, removal, DIG, AGN and feedback distinct.","VCC2062 is pre-enriched recycled gas, not pristine inflow or ordinary dwarf chemistry. Merger mixing/inflow may affect NGC4694, but its resolved abundance history remains unmeasured.",direct HI and CO observations,very high for tidal history; low for ICM history,https://doi.org/10.1051/0004-6361:20078335,https://ui.adsabs.harvard.edu/abs/2007A&A...475..187D/abstract,https://arxiv.org/abs/0709.2733
NGC4694,NGC4694,near-peak,Lisenfeld2016,"Lisenfeld, U. (2016), Molecular gas and star formation in the tidal dwarf galaxy VCC 2062.",10.1051/0004-6361/201527887,2016A&A...590A..92L,1604.02974,peer reviewed,full text,VCC 2066; UGC 7969; NGC 4694,"CO, UV-optical SED and deep imaging",VCC2062 and NGC4694 bridge,VCC2062 and NGC4694 bridge,Table 4; Sect. 6.1,"The stellar bridge confirms tidal origin; burst ages are 376+/-99 Myr globally and 313+/-86 Myr over the CO region, with very long molecular depletion times.",observed plus model-derived,tidal accretion/merger debris,several-hundred-Myr tidal event,SED burst age is not a unique merger pericentre.,Direct for H I/CO sources; otherwise contextual.,"See component synthesis; keep compression, removal, DIG, AGN and feedback distinct.","VCC2062 is pre-enriched recycled gas, not pristine inflow or ordinary dwarf chemistry. Merger mixing/inflow may affect NGC4694, but its resolved abundance history remains unmeasured.","direct CO, stellar-population and tidal-debris observations",very high for tidal history; low for ICM history,https://doi.org/10.1051/0004-6361/201527887,https://ui.adsabs.harvard.edu/abs/2016A&A...590A..92L/abstract,https://arxiv.org/abs/1604.02974
NGC4694,NGC4694,near-peak,Brown2026,"Brown, Toby (2026), MAUVE-MUSE: Ionization and Kinematic Signatures of Environmental Effects on Virgo Cluster Disks.",10.3847/1538-4357/ae632e,2026ApJ..1004...73B,2604.20056,peer reviewed,full text,VCC 2066; UGC 7969; NGC 4694,MUSE emission-line ratios and velocity dispersion,resolved spaxels in 12 early-release MAUVE galaxies,resolved spaxels in 12 early-release MAUVE galaxies,Secs. 3-6; Table 2,Non-HII excitation and high-dispersion gas are more prevalent than in field controls; diffuse ionized gas dominates much of the excess and shocks are secondary.,observed survey comparison,tidal accretion/merger debris,current ionized-gas state,Early-release subset; excitation fractions depend on selections and spatial resolution.,Direct for H I/CO sources; otherwise contextual.,"See component synthesis; keep compression, removal, DIG, AGN and feedback distinct.","VCC2062 is pre-enriched recycled gas, not pristine inflow or ordinary dwarf chemistry. Merger mixing/inflow may affect NGC4694, but its resolved abundance history remains unmeasured.",direct resolved ionized-gas observations,very high for tidal history; low for ICM history,https://doi.org/10.3847/1538-4357/ae632e,https://ui.adsabs.harvard.edu/abs/2026ApJ..1004...73B/abstract,https://arxiv.org/abs/2604.20056
NGC4694,NGC4694,near-peak,Huang2026,"Huang, Rongjun (2026), MAUVE-MUSE: when metallicity follows or fights star formation - a mass-dependent inversion in Virgo galaxies.",10.1093/mnras/stag1019,2026MNRAS.549g1019H,,peer reviewed,full text or accepted manuscript,VCC 2066; UGC 7969; NGC 4694,MUSE metallicity and Sigma_SFR,resolved HII-region spaxels in 14 MAUVE galaxies,resolved HII-region spaxels in 14 MAUVE galaxies,Secs. 3-6; Figs. 3-6,The residual metallicity-SFR relation changes sign with calibration and within galaxies; NGC4383 is a robust 0.1-0.2 dex low-metallicity outlier and NGC4192 changes internal sign.,observed analysis,tidal accretion/merger debris,current resolved state,"Strong-line calibration, DIG/HII selection and hierarchical sampling dominate interpretation.",Direct for H I/CO sources; otherwise contextual.,"See component synthesis; keep compression, removal, DIG, AGN and feedback distinct.","VCC2062 is pre-enriched recycled gas, not pristine inflow or ordinary dwarf chemistry. Merger mixing/inflow may affect NGC4694, but its resolved abundance history remains unmeasured.",direct resolved metallicity analysis,very high for tidal history; low for ICM history,https://doi.org/10.1093/mnras/stag1019,https://ui.adsabs.harvard.edu/abs/2026MNRAS.549g1019H/abstract,
NGC4064,NGC4064,post-peak,Chung2009,"Chung, Aeree (2009), VLA imaging of Virgo spirals in atomic gas (VIVA). I. The atlas and the H I properties.",10.1088/0004-6256/138/6/1741,2009AJ....138.1741C,0909.0781,peer reviewed,full text,UGC 7054; NGC 4064,H I 21-cm,resolved galaxy disk and tail,VLA imaging/atlas,Appendix pp. 14-26; Tables 1-4,"H I is confined to the inner few kiloparsecs and strongly deficient, while the outer stellar body is much less truncated.",observed,past ram pressure plus gravitational disturbance,Outer-disk stellar quenching is about 425+/-75 Myr. The outflow depletion argument is current and uncertain in electron density/geometry; much outflowing gas may remain bound.,H I morphology is direct; mechanism and viewing geometry remain interpretive.,Direct for H I/CO sources; otherwise contextual.,"See component synthesis; keep compression, removal, DIG, AGN and feedback distinct.","This is a two-step path: environmental gas loss changes gas fraction, then feedback changes SFR and observable ionized gas. It can depart from equilibrium gFMR expectations in more than one direction.",direct resolved observations,high for past processing and current outflow; moderate for mechanism ordering,https://doi.org/10.1088/0004-6256/138/6/1741,https://ui.adsabs.harvard.edu/abs/2009AJ....138.1741C/abstract,https://arxiv.org/abs/0909.0781
NGC4064,NGC4064,post-peak,Yoon2017,"Yoon, Hyein (2017), A history of H I stripping in Virgo: a phase-space view of VIVA galaxies.",10.3847/1538-4357/aa6579,2017ApJ...838...81Y,1704.00760,peer reviewed,full text,UGC 7054; NGC 4064,H I morphology plus projected phase space,galaxy/cluster,VIVA class and projected phase-space comparison,Sec. 2.1; Table 1; Secs. 4-5,"Yoon class III; provides a statistical stripping-stage context, not a unique orbit.",inferred,past ram pressure plus gravitational disturbance,stage-scale only,Projected radius and line-of-sight velocity are degenerate with 3-D orbital state.,Direct for H I/CO sources; otherwise contextual.,"See component synthesis; keep compression, removal, DIG, AGN and feedback distinct.","This is a two-step path: environmental gas loss changes gas fraction, then feedback changes SFR and observable ionized gas. It can depart from equilibrium gFMR expectations in more than one direction.",phase-space/contextual inference,high for past processing and current outflow; moderate for mechanism ordering,https://doi.org/10.3847/1538-4357/aa6579,https://ui.adsabs.harvard.edu/abs/2017ApJ...838...81Y/abstract,https://arxiv.org/abs/1704.00760
NGC4064,NGC4064,post-peak,Brown2021,"Brown, Toby (2021), VERTICO: the Virgo Environment Traced in CO survey.",10.3847/1538-4365/ac28f5,2021ApJS..257...21B,2111.00937,peer reviewed,full text,UGC 7054; NGC 4064,CO(2-1),typically about 640 pc,VERTICO ACA survey,Sec. 2; Tables 1-2; Sec. 6,Provides resolved molecular-gas measurement and radial profiles; the survey paper alone does not identify this component's mechanism or orbit.,survey measurement,not assigned from this source,none,Survey selection is environmentally targeted and not Virgo-population complete.,Direct for H I/CO sources; otherwise contextual.,"See component synthesis; keep compression, removal, DIG, AGN and feedback distinct.","This is a two-step path: environmental gas loss changes gas fraction, then feedback changes SFR and observable ionized gas. It can depart from equilibrium gFMR expectations in more than one direction.",survey-level measurement,high for past processing and current outflow; moderate for mechanism ordering,https://doi.org/10.3847/1538-4365/ac28f5,https://ui.adsabs.harvard.edu/abs/2021ApJS..257...21B/abstract,https://arxiv.org/abs/2111.00937
NGC4064,NGC4064,post-peak,Koppen2018,"Köppen, J (2018), Ram pressure stripping made easy: an analytical approach.",10.1093/mnras/sty1610,2018MNRAS.479.4367K,1806.05887,peer reviewed,full text,UGC 7054; NGC 4064,H I deficiency and projected cluster context,galaxy/cluster,analytical peak/time-integrated pressure model,Secs. 7.2-7.3; Tables E1-E5,Analytical classification: past; compare with direct morphology before adoption.,model-derived,ram pressure,Outer-disk stellar quenching is about 425+/-75 Myr. The outflow depletion argument is current and uncertain in electron density/geometry; much outflowing gas may remain bound.,Peak pressures are uncertain at roughly factor-of-two level; model assumptions can misclassify tidal systems.,Direct for H I/CO sources; otherwise contextual.,"See component synthesis; keep compression, removal, DIG, AGN and feedback distinct.","This is a two-step path: environmental gas loss changes gas fraction, then feedback changes SFR and observable ionized gas. It can depart from equilibrium gFMR expectations in more than one direction.",analytical model inference,high for past processing and current outflow; moderate for mechanism ordering,https://doi.org/10.1093/mnras/sty1610,https://ui.adsabs.harvard.edu/abs/2018MNRAS.479.4367K/abstract,https://arxiv.org/abs/1806.05887
NGC4064,NGC4064,post-peak,Cortes2006,"Cortés, Juan R. (2006), The nature of the peculiar Virgo cluster galaxies NGC 4064 and NGC 4424.",10.1086/499075,2006AJ....131..747C,astro-ph/0511081,peer reviewed,full text,UGC 7054; NGC 4064,"stellar, Halpha and CO kinematics",resolved NGC4064 and NGC4424 disks,resolved NGC4064 and NGC4424 disks,Secs. 3-6,"Both peculiar disks show gravitational disturbance plus gas truncation; NGC4424 is best explained by an intermediate-ratio merger, while NGC4064 is consistent with tidal/bar inflow after stripping.",observed plus inferred,past ram pressure plus gravitational disturbance,recent merger/encounter; no formal orbital time,Ordering gravity and ICM stripping remains non-unique.,Direct for H I/CO sources; otherwise contextual.,"See component synthesis; keep compression, removal, DIG, AGN and feedback distinct.","This is a two-step path: environmental gas loss changes gas fraction, then feedback changes SFR and observable ionized gas. It can depart from equilibrium gFMR expectations in more than one direction.",direct resolved observations,high for past processing and current outflow; moderate for mechanism ordering,https://doi.org/10.1086/499075,https://ui.adsabs.harvard.edu/abs/2006AJ....131..747C/abstract,https://arxiv.org/abs/astro-ph/0511081
NGC4064,NGC4064,post-peak,CrowlKenney2008,"Crowl, Hugh H. (2008), The stellar populations of stripped spiral galaxies in the Virgo cluster.",10.1088/0004-6256/136/4/1623,2008AJ....136.1623C,0807.3747,peer reviewed,full text,UGC 7054; NGC 4064,optical spectroscopy plus UV,truncated outer disks of ten Virgo spirals,truncated outer disks of ten Virgo spirals,Secs. 3-5; Tables 3-5,"Resolved outer-disk stellar populations yield galaxy-specific cessation ages from less than 200 to about 500 Myr, demonstrating rapid outside-in quenching.",model-derived from observations,past ram pressure plus gravitational disturbance,component-specific values in Tables 3-5,"SFH priors, dust and aperture placement contribute uncertainty.",Direct for H I/CO sources; otherwise contextual.,"See component synthesis; keep compression, removal, DIG, AGN and feedback distinct.","This is a two-step path: environmental gas loss changes gas fraction, then feedback changes SFR and observable ionized gas. It can depart from equilibrium gFMR expectations in more than one direction.",stellar-population modelling,high for past processing and current outflow; moderate for mechanism ordering,https://doi.org/10.1088/0004-6256/136/4/1623,https://ui.adsabs.harvard.edu/abs/2008AJ....136.1623C/abstract,https://arxiv.org/abs/0807.3747
NGC4064,NGC4064,post-peak,Attwater2026,"Attwater, Amy (2026), MAUVE-MUSE: A Star-formation-driven Outflow Caught in the Act of Quenching the Stripped Virgo Galaxy NGC 4064.",10.3847/2041-8213/ae2c51,2026ApJ...996L..40A,2512.10574,peer reviewed,full text,UGC 7054; NGC 4064,MUSE ionized gas,resolved central disk and bipolar structure; outflow model,resolved central disk and bipolar structure; outflow model,Secs. 3-5; Table 1,"NGC4064 hosts a central bipolar outflow with mass-loading factor about 1.66, superposed on a previously stripped and quenched disk.",observed plus model-derived,past ram pressure plus gravitational disturbance,current outflow; earlier environmental quenching is not redated,Much of the ionized material may remain bound; outflow is not itself the old stripping event.,Direct for H I/CO sources; otherwise contextual.,"See component synthesis; keep compression, removal, DIG, AGN and feedback distinct.","This is a two-step path: environmental gas loss changes gas fraction, then feedback changes SFR and observable ionized gas. It can depart from equilibrium gFMR expectations in more than one direction.",direct resolved observations plus outflow model,high for past processing and current outflow; moderate for mechanism ordering,https://doi.org/10.3847/2041-8213/ae2c51,https://ui.adsabs.harvard.edu/abs/2026ApJ...996L..40A/abstract,https://arxiv.org/abs/2512.10574
NGC4216,NGC4216,post-peak,Chung2009,"Chung, Aeree (2009), VLA imaging of Virgo spirals in atomic gas (VIVA). I. The atlas and the H I properties.",10.1088/0004-6256/138/6/1741,2009AJ....138.1741C,0909.0781,peer reviewed,full text,VCC 167; UGC 7284; NGC 4216,H I 21-cm,resolved galaxy disk and tail,VLA imaging/atlas,Appendix pp. 14-26; Tables 1-4,"The H I disk is fairly regular but low surface density and deficient, without a clear current stripping edge.",observed,long-term gas depletion plus satellite accretion,"No unique pressure clock. Stream survival is probably shorter than about 1 Gyr. A core passage at least roughly 1 Gyr ago is a travel-time scenario, not a fitted orbit.",H I morphology is direct; mechanism and viewing geometry remain interpretive.,Direct for H I/CO sources; otherwise contextual.,"See component synthesis; keep compression, removal, DIG, AGN and feedback distinct.","Tidal accretion can add stars/gas while slow stripping removes diffuse H I, making global gas and metallicity histories non-monotonic; the streams alone do not demonstrate metal-poor inflow.",direct resolved observations,high for minor accretion; low for gas-loss epoch,https://doi.org/10.1088/0004-6256/138/6/1741,https://ui.adsabs.harvard.edu/abs/2009AJ....138.1741C/abstract,https://arxiv.org/abs/0909.0781
NGC4216,NGC4216,post-peak,Yoon2017,"Yoon, Hyein (2017), A history of H I stripping in Virgo: a phase-space view of VIVA galaxies.",10.3847/1538-4357/aa6579,2017ApJ...838...81Y,1704.00760,peer reviewed,full text,VCC 167; UGC 7284; NGC 4216,H I morphology plus projected phase space,galaxy/cluster,VIVA class and projected phase-space comparison,Sec. 2.1; Table 1; Secs. 4-5,"Yoon class IV; provides a statistical stripping-stage context, not a unique orbit.",inferred,long-term gas depletion plus satellite accretion,stage-scale only,Projected radius and line-of-sight velocity are degenerate with 3-D orbital state.,Direct for H I/CO sources; otherwise contextual.,"See component synthesis; keep compression, removal, DIG, AGN and feedback distinct.","Tidal accretion can add stars/gas while slow stripping removes diffuse H I, making global gas and metallicity histories non-monotonic; the streams alone do not demonstrate metal-poor inflow.",phase-space/contextual inference,high for minor accretion; low for gas-loss epoch,https://doi.org/10.3847/1538-4357/aa6579,https://ui.adsabs.harvard.edu/abs/2017ApJ...838...81Y/abstract,https://arxiv.org/abs/1704.00760
NGC4216,NGC4216,post-peak,Brown2021,"Brown, Toby (2021), VERTICO: the Virgo Environment Traced in CO survey.",10.3847/1538-4365/ac28f5,2021ApJS..257...21B,2111.00937,peer reviewed,full text,VCC 167; UGC 7284; NGC 4216,CO(2-1),typically about 640 pc,VERTICO ACA survey,Sec. 2; Tables 1-2; Sec. 6,Provides resolved molecular-gas measurement and radial profiles; the survey paper alone does not identify this component's mechanism or orbit.,survey measurement,not assigned from this source,none,Survey selection is environmentally targeted and not Virgo-population complete.,Direct for H I/CO sources; otherwise contextual.,"See component synthesis; keep compression, removal, DIG, AGN and feedback distinct.","Tidal accretion can add stars/gas while slow stripping removes diffuse H I, making global gas and metallicity histories non-monotonic; the streams alone do not demonstrate metal-poor inflow.",survey-level measurement,high for minor accretion; low for gas-loss epoch,https://doi.org/10.3847/1538-4365/ac28f5,https://ui.adsabs.harvard.edu/abs/2021ApJS..257...21B/abstract,https://arxiv.org/abs/2111.00937
NGC4216,NGC4216,post-peak,Koppen2018,"Köppen, J (2018), Ram pressure stripping made easy: an analytical approach.",10.1093/mnras/sty1610,2018MNRAS.479.4367K,1806.05887,peer reviewed,full text,VCC 167; UGC 7284; NGC 4216,H I deficiency and projected cluster context,galaxy/cluster,analytical peak/time-integrated pressure model,Secs. 7.2-7.3; Tables E1-E5,Analytical classification: past; compare with direct morphology before adoption.,model-derived,ram pressure,"No unique pressure clock. Stream survival is probably shorter than about 1 Gyr. A core passage at least roughly 1 Gyr ago is a travel-time scenario, not a fitted orbit.",Peak pressures are uncertain at roughly factor-of-two level; model assumptions can misclassify tidal systems.,Direct for H I/CO sources; otherwise contextual.,"See component synthesis; keep compression, removal, DIG, AGN and feedback distinct.","Tidal accretion can add stars/gas while slow stripping removes diffuse H I, making global gas and metallicity histories non-monotonic; the streams alone do not demonstrate metal-poor inflow.",analytical model inference,high for minor accretion; low for gas-loss epoch,https://doi.org/10.1093/mnras/sty1610,https://ui.adsabs.harvard.edu/abs/2018MNRAS.479.4367K/abstract,https://arxiv.org/abs/1806.05887
NGC4216,NGC4216,post-peak,Paudel2013,"Paudel, Sanjaya (2013), The next generation Virgo cluster survey. IV. NGC 4216: a bombarded spiral in the Virgo cluster.",10.1088/0004-637X/767/2/133,2013ApJ...767..133P,1302.6611,peer reviewed,full text,VCC 167; UGC 7284; NGC 4216,NGVS deep optical imaging plus H I context,NGC4216 halo and satellites,NGC4216 halo and satellites,Secs. 2-4,"Multiple streams, loops and disrupting dwarfs prove active minor accretion around NGC4216; the ICM stripping epoch remains ambiguous.",observed plus inferred,long-term gas depletion plus satellite accretion,debris survival likely <1 Gyr; RPS >=1 Gyr is only a scenario,No extended group X-ray halo; pre- versus post-infall disruption is unresolved.,Direct for H I/CO sources; otherwise contextual.,"See component synthesis; keep compression, removal, DIG, AGN and feedback distinct.","Tidal accretion can add stars/gas while slow stripping removes diffuse H I, making global gas and metallicity histories non-monotonic; the streams alone do not demonstrate metal-poor inflow.",direct deep-imaging observations,high for minor accretion; low for gas-loss epoch,https://doi.org/10.1088/0004-637X/767/2/133,https://ui.adsabs.harvard.edu/abs/2013ApJ...767..133P/abstract,https://arxiv.org/abs/1302.6611
NGC4293,NGC4293,post-peak,Chung2009,"Chung, Aeree (2009), VLA imaging of Virgo spirals in atomic gas (VIVA). I. The atlas and the H I properties.",10.1088/0004-6256/138/6/1741,2009AJ....138.1741C,0909.0781,peer reviewed,full text,VCC 460; UGC 7405; NGC 4293,H I 21-cm,resolved galaxy disk and tail,VLA imaging/atlas,Appendix pp. 14-26; Tables 1-4,The galaxy is extremely H I deficient with gas confined centrally; absorption and non-circular motions are prominent.,observed,past strong gas stripping,No direct stellar clock in the core set; analytical work calls it a past stripper/possible backsplash case.,H I morphology is direct; mechanism and viewing geometry remain interpretive.,Direct for H I/CO sources; otherwise contextual.,"See component synthesis; keep compression, removal, DIG, AGN and feedback distinct.",Loss of metal-poor outskirts and central aperture weighting can elevate measured metallicity without requiring closed-box enrichment; bar-driven SFE is a separate variable.,direct resolved observations,moderate-high,https://doi.org/10.1088/0004-6256/138/6/1741,https://ui.adsabs.harvard.edu/abs/2009AJ....138.1741C/abstract,https://arxiv.org/abs/0909.0781
NGC4293,NGC4293,post-peak,Yoon2017,"Yoon, Hyein (2017), A history of H I stripping in Virgo: a phase-space view of VIVA galaxies.",10.3847/1538-4357/aa6579,2017ApJ...838...81Y,1704.00760,peer reviewed,full text,VCC 460; UGC 7405; NGC 4293,H I morphology plus projected phase space,galaxy/cluster,VIVA class and projected phase-space comparison,Sec. 2.1; Table 1; Secs. 4-5,"Yoon class III; provides a statistical stripping-stage context, not a unique orbit.",inferred,past strong gas stripping,stage-scale only,Projected radius and line-of-sight velocity are degenerate with 3-D orbital state.,Direct for H I/CO sources; otherwise contextual.,"See component synthesis; keep compression, removal, DIG, AGN and feedback distinct.",Loss of metal-poor outskirts and central aperture weighting can elevate measured metallicity without requiring closed-box enrichment; bar-driven SFE is a separate variable.,phase-space/contextual inference,moderate-high,https://doi.org/10.3847/1538-4357/aa6579,https://ui.adsabs.harvard.edu/abs/2017ApJ...838...81Y/abstract,https://arxiv.org/abs/1704.00760
NGC4293,NGC4293,post-peak,Brown2021,"Brown, Toby (2021), VERTICO: the Virgo Environment Traced in CO survey.",10.3847/1538-4365/ac28f5,2021ApJS..257...21B,2111.00937,peer reviewed,full text,VCC 460; UGC 7405; NGC 4293,CO(2-1),typically about 640 pc,VERTICO ACA survey,Sec. 2; Tables 1-2; Sec. 6,Provides resolved molecular-gas measurement and radial profiles; the survey paper alone does not identify this component's mechanism or orbit.,survey measurement,not assigned from this source,none,Survey selection is environmentally targeted and not Virgo-population complete.,Direct for H I/CO sources; otherwise contextual.,"See component synthesis; keep compression, removal, DIG, AGN and feedback distinct.",Loss of metal-poor outskirts and central aperture weighting can elevate measured metallicity without requiring closed-box enrichment; bar-driven SFE is a separate variable.,survey-level measurement,moderate-high,https://doi.org/10.3847/1538-4365/ac28f5,https://ui.adsabs.harvard.edu/abs/2021ApJS..257...21B/abstract,https://arxiv.org/abs/2111.00937
NGC4293,NGC4293,post-peak,Koppen2018,"Köppen, J (2018), Ram pressure stripping made easy: an analytical approach.",10.1093/mnras/sty1610,2018MNRAS.479.4367K,1806.05887,peer reviewed,full text,VCC 460; UGC 7405; NGC 4293,H I deficiency and projected cluster context,galaxy/cluster,analytical peak/time-integrated pressure model,Secs. 7.2-7.3; Tables E1-E5,Analytical classification: past; compare with direct morphology before adoption.,model-derived,ram pressure,No direct stellar clock in the core set; analytical work calls it a past stripper/possible backsplash case.,Peak pressures are uncertain at roughly factor-of-two level; model assumptions can misclassify tidal systems.,Direct for H I/CO sources; otherwise contextual.,"See component synthesis; keep compression, removal, DIG, AGN and feedback distinct.",Loss of metal-poor outskirts and central aperture weighting can elevate measured metallicity without requiring closed-box enrichment; bar-driven SFE is a separate variable.,analytical model inference,moderate-high,https://doi.org/10.1093/mnras/sty1610,https://ui.adsabs.harvard.edu/abs/2018MNRAS.479.4367K/abstract,https://arxiv.org/abs/1806.05887
NGC4293,NGC4293,post-peak,Brown2026,"Brown, Toby (2026), MAUVE-MUSE: Ionization and Kinematic Signatures of Environmental Effects on Virgo Cluster Disks.",10.3847/1538-4357/ae632e,2026ApJ..1004...73B,2604.20056,peer reviewed,full text,VCC 460; UGC 7405; NGC 4293,MUSE emission-line ratios and velocity dispersion,resolved spaxels in 12 early-release MAUVE galaxies,resolved spaxels in 12 early-release MAUVE galaxies,Secs. 3-6; Table 2,Non-HII excitation and high-dispersion gas are more prevalent than in field controls; diffuse ionized gas dominates much of the excess and shocks are secondary.,observed survey comparison,past strong gas stripping,current ionized-gas state,Early-release subset; excitation fractions depend on selections and spatial resolution.,Direct for H I/CO sources; otherwise contextual.,"See component synthesis; keep compression, removal, DIG, AGN and feedback distinct.",Loss of metal-poor outskirts and central aperture weighting can elevate measured metallicity without requiring closed-box enrichment; bar-driven SFE is a separate variable.,direct resolved ionized-gas observations,moderate-high,https://doi.org/10.3847/1538-4357/ae632e,https://ui.adsabs.harvard.edu/abs/2026ApJ..1004...73B/abstract,https://arxiv.org/abs/2604.20056
NGC4293,NGC4293,post-peak,Huang2026,"Huang, Rongjun (2026), MAUVE-MUSE: when metallicity follows or fights star formation - a mass-dependent inversion in Virgo galaxies.",10.1093/mnras/stag1019,2026MNRAS.549g1019H,,peer reviewed,full text or accepted manuscript,VCC 460; UGC 7405; NGC 4293,MUSE metallicity and Sigma_SFR,resolved HII-region spaxels in 14 MAUVE galaxies,resolved HII-region spaxels in 14 MAUVE galaxies,Secs. 3-6; Figs. 3-6,The residual metallicity-SFR relation changes sign with calibration and within galaxies; NGC4383 is a robust 0.1-0.2 dex low-metallicity outlier and NGC4192 changes internal sign.,observed analysis,past strong gas stripping,current resolved state,"Strong-line calibration, DIG/HII selection and hierarchical sampling dominate interpretation.",Direct for H I/CO sources; otherwise contextual.,"See component synthesis; keep compression, removal, DIG, AGN and feedback distinct.",Loss of metal-poor outskirts and central aperture weighting can elevate measured metallicity without requiring closed-box enrichment; bar-driven SFE is a separate variable.,direct resolved metallicity analysis,moderate-high,https://doi.org/10.1093/mnras/stag1019,https://ui.adsabs.harvard.edu/abs/2026MNRAS.549g1019H/abstract,
NGC4380,NGC4380,post-peak,Chung2009,"Chung, Aeree (2009), VLA imaging of Virgo spirals in atomic gas (VIVA). I. The atlas and the H I properties.",10.1088/0004-6256/138/6/1741,2009AJ....138.1741C,0909.0781,peer reviewed,full text,VCC 792; UGC 7503; NGC 4380,H I 21-cm,resolved galaxy disk and tail,VLA imaging/atlas,Appendix pp. 14-26; Tables 1-4,"H I is mildly asymmetric, low surface brightness and deficient but lacks an active one-sided wind morphology.",observed,old/slow gas depletion,No direct clock.,H I morphology is direct; mechanism and viewing geometry remain interpretive.,Direct for H I/CO sources; otherwise contextual.,"See component synthesis; keep compression, removal, DIG, AGN and feedback distinct.",A slow fall in gas supply can move the system closer to equilibrium than impulsive stripping; radial aperture loss can still mimic metallicity enhancement.,direct resolved observations,moderate for processed status; low for mechanism,https://doi.org/10.1088/0004-6256/138/6/1741,https://ui.adsabs.harvard.edu/abs/2009AJ....138.1741C/abstract,https://arxiv.org/abs/0909.0781
NGC4380,NGC4380,post-peak,Yoon2017,"Yoon, Hyein (2017), A history of H I stripping in Virgo: a phase-space view of VIVA galaxies.",10.3847/1538-4357/aa6579,2017ApJ...838...81Y,1704.00760,peer reviewed,full text,VCC 792; UGC 7503; NGC 4380,H I morphology plus projected phase space,galaxy/cluster,VIVA class and projected phase-space comparison,Sec. 2.1; Table 1; Secs. 4-5,"Yoon class IV; provides a statistical stripping-stage context, not a unique orbit.",inferred,old/slow gas depletion,stage-scale only,Projected radius and line-of-sight velocity are degenerate with 3-D orbital state.,Direct for H I/CO sources; otherwise contextual.,"See component synthesis; keep compression, removal, DIG, AGN and feedback distinct.",A slow fall in gas supply can move the system closer to equilibrium than impulsive stripping; radial aperture loss can still mimic metallicity enhancement.,phase-space/contextual inference,moderate for processed status; low for mechanism,https://doi.org/10.3847/1538-4357/aa6579,https://ui.adsabs.harvard.edu/abs/2017ApJ...838...81Y/abstract,https://arxiv.org/abs/1704.00760
NGC4380,NGC4380,post-peak,Brown2021,"Brown, Toby (2021), VERTICO: the Virgo Environment Traced in CO survey.",10.3847/1538-4365/ac28f5,2021ApJS..257...21B,2111.00937,peer reviewed,full text,VCC 792; UGC 7503; NGC 4380,CO(2-1),typically about 640 pc,VERTICO ACA survey,Sec. 2; Tables 1-2; Sec. 6,Provides resolved molecular-gas measurement and radial profiles; the survey paper alone does not identify this component's mechanism or orbit.,survey measurement,not assigned from this source,none,Survey selection is environmentally targeted and not Virgo-population complete.,Direct for H I/CO sources; otherwise contextual.,"See component synthesis; keep compression, removal, DIG, AGN and feedback distinct.",A slow fall in gas supply can move the system closer to equilibrium than impulsive stripping; radial aperture loss can still mimic metallicity enhancement.,survey-level measurement,moderate for processed status; low for mechanism,https://doi.org/10.3847/1538-4365/ac28f5,https://ui.adsabs.harvard.edu/abs/2021ApJS..257...21B/abstract,https://arxiv.org/abs/2111.00937
NGC4380,NGC4380,post-peak,Koppen2018,"Köppen, J (2018), Ram pressure stripping made easy: an analytical approach.",10.1093/mnras/sty1610,2018MNRAS.479.4367K,1806.05887,peer reviewed,full text,VCC 792; UGC 7503; NGC 4380,H I deficiency and projected cluster context,galaxy/cluster,analytical peak/time-integrated pressure model,Secs. 7.2-7.3; Tables E1-E5,Analytical classification: past; compare with direct morphology before adoption.,model-derived,ram pressure,No direct clock.,Peak pressures are uncertain at roughly factor-of-two level; model assumptions can misclassify tidal systems.,Direct for H I/CO sources; otherwise contextual.,"See component synthesis; keep compression, removal, DIG, AGN and feedback distinct.",A slow fall in gas supply can move the system closer to equilibrium than impulsive stripping; radial aperture loss can still mimic metallicity enhancement.,analytical model inference,moderate for processed status; low for mechanism,https://doi.org/10.1093/mnras/sty1610,https://ui.adsabs.harvard.edu/abs/2018MNRAS.479.4367K/abstract,https://arxiv.org/abs/1806.05887
NGC4394,NGC4394,post-peak,Chung2009,"Chung, Aeree (2009), VLA imaging of Virgo spirals in atomic gas (VIVA). I. The atlas and the H I properties.",10.1088/0004-6256/138/6/1741,2009AJ....138.1741C,0909.0781,peer reviewed,full text,VCC 857; UGC 7523; NGC 4394; KPG 334b,H I 21-cm,resolved galaxy disk and tail,VLA imaging/atlas,Appendix pp. 14-26; Tables 1-4,The H I disk is deficient and mildly truncated but strikingly symmetric.,observed,slow/old gas depletion,No published event clock and no Köppen entry.,H I morphology is direct; mechanism and viewing geometry remain interpretive.,Direct for H I/CO sources; otherwise contextual.,"See component synthesis; keep compression, removal, DIG, AGN and feedback distinct.","This is a useful test of slow gas exhaustion: lower gas and SFR may remain coupled, unlike impulsive stripping, but aperture/radial effects must be controlled.",direct resolved observations,low-moderate,https://doi.org/10.1088/0004-6256/138/6/1741,https://ui.adsabs.harvard.edu/abs/2009AJ....138.1741C/abstract,https://arxiv.org/abs/0909.0781
NGC4394,NGC4394,post-peak,Yoon2017,"Yoon, Hyein (2017), A history of H I stripping in Virgo: a phase-space view of VIVA galaxies.",10.3847/1538-4357/aa6579,2017ApJ...838...81Y,1704.00760,peer reviewed,full text,VCC 857; UGC 7523; NGC 4394; KPG 334b,H I morphology plus projected phase space,galaxy/cluster,VIVA class and projected phase-space comparison,Sec. 2.1; Table 1; Secs. 4-5,"Yoon class IV; provides a statistical stripping-stage context, not a unique orbit.",inferred,slow/old gas depletion,stage-scale only,Projected radius and line-of-sight velocity are degenerate with 3-D orbital state.,Direct for H I/CO sources; otherwise contextual.,"See component synthesis; keep compression, removal, DIG, AGN and feedback distinct.","This is a useful test of slow gas exhaustion: lower gas and SFR may remain coupled, unlike impulsive stripping, but aperture/radial effects must be controlled.",phase-space/contextual inference,low-moderate,https://doi.org/10.3847/1538-4357/aa6579,https://ui.adsabs.harvard.edu/abs/2017ApJ...838...81Y/abstract,https://arxiv.org/abs/1704.00760
NGC4394,NGC4394,post-peak,Brown2021,"Brown, Toby (2021), VERTICO: the Virgo Environment Traced in CO survey.",10.3847/1538-4365/ac28f5,2021ApJS..257...21B,2111.00937,peer reviewed,full text,VCC 857; UGC 7523; NGC 4394; KPG 334b,CO(2-1),typically about 640 pc,VERTICO ACA survey,Sec. 2; Tables 1-2; Sec. 6,Provides resolved molecular-gas measurement and radial profiles; the survey paper alone does not identify this component's mechanism or orbit.,survey measurement,not assigned from this source,none,Survey selection is environmentally targeted and not Virgo-population complete.,Direct for H I/CO sources; otherwise contextual.,"See component synthesis; keep compression, removal, DIG, AGN and feedback distinct.","This is a useful test of slow gas exhaustion: lower gas and SFR may remain coupled, unlike impulsive stripping, but aperture/radial effects must be controlled.",survey-level measurement,low-moderate,https://doi.org/10.3847/1538-4365/ac28f5,https://ui.adsabs.harvard.edu/abs/2021ApJS..257...21B/abstract,https://arxiv.org/abs/2111.00937
NGC4405,NGC4405,post-peak,Chung2009,"Chung, Aeree (2009), VLA imaging of Virgo spirals in atomic gas (VIVA). I. The atlas and the H I properties.",10.1088/0004-6256/138/6/1741,2009AJ....138.1741C,0909.0781,peer reviewed,full text,VCC 874; UGC 7529; IC 788; NGC 4405,H I 21-cm,resolved galaxy disk and tail,VLA imaging/atlas,Appendix pp. 14-26; Tables 1-4,"The H I disk is severely and symmetrically truncated while the stellar disk is regular, with little evidence for current pressure.",observed,past ram pressure stripping,Outer-disk quenching is about 450+/-150 Myr.,H I morphology is direct; mechanism and viewing geometry remain interpretive.,Direct for H I/CO sources; otherwise contextual.,"See component synthesis; keep compression, removal, DIG, AGN and feedback distinct.",A post-stripping system should show low gas fraction and radially censored star formation; metallicity offsets can arise from outside-in removal and halted dilution.,direct resolved observations,high,https://doi.org/10.1088/0004-6256/138/6/1741,https://ui.adsabs.harvard.edu/abs/2009AJ....138.1741C/abstract,https://arxiv.org/abs/0909.0781
NGC4405,NGC4405,post-peak,Yoon2017,"Yoon, Hyein (2017), A history of H I stripping in Virgo: a phase-space view of VIVA galaxies.",10.3847/1538-4357/aa6579,2017ApJ...838...81Y,1704.00760,peer reviewed,full text,VCC 874; UGC 7529; IC 788; NGC 4405,H I morphology plus projected phase space,galaxy/cluster,VIVA class and projected phase-space comparison,Sec. 2.1; Table 1; Secs. 4-5,"Yoon class III; provides a statistical stripping-stage context, not a unique orbit.",inferred,past ram pressure stripping,stage-scale only,Projected radius and line-of-sight velocity are degenerate with 3-D orbital state.,Direct for H I/CO sources; otherwise contextual.,"See component synthesis; keep compression, removal, DIG, AGN and feedback distinct.",A post-stripping system should show low gas fraction and radially censored star formation; metallicity offsets can arise from outside-in removal and halted dilution.,phase-space/contextual inference,high,https://doi.org/10.3847/1538-4357/aa6579,https://ui.adsabs.harvard.edu/abs/2017ApJ...838...81Y/abstract,https://arxiv.org/abs/1704.00760
NGC4405,NGC4405,post-peak,Brown2021,"Brown, Toby (2021), VERTICO: the Virgo Environment Traced in CO survey.",10.3847/1538-4365/ac28f5,2021ApJS..257...21B,2111.00937,peer reviewed,full text,VCC 874; UGC 7529; IC 788; NGC 4405,CO(2-1),typically about 640 pc,VERTICO ACA survey,Sec. 2; Tables 1-2; Sec. 6,Provides resolved molecular-gas measurement and radial profiles; the survey paper alone does not identify this component's mechanism or orbit.,survey measurement,not assigned from this source,none,Survey selection is environmentally targeted and not Virgo-population complete.,Direct for H I/CO sources; otherwise contextual.,"See component synthesis; keep compression, removal, DIG, AGN and feedback distinct.",A post-stripping system should show low gas fraction and radially censored star formation; metallicity offsets can arise from outside-in removal and halted dilution.,survey-level measurement,high,https://doi.org/10.3847/1538-4365/ac28f5,https://ui.adsabs.harvard.edu/abs/2021ApJS..257...21B/abstract,https://arxiv.org/abs/2111.00937
NGC4405,NGC4405,post-peak,Koppen2018,"Köppen, J (2018), Ram pressure stripping made easy: an analytical approach.",10.1093/mnras/sty1610,2018MNRAS.479.4367K,1806.05887,peer reviewed,full text,VCC 874; UGC 7529; IC 788; NGC 4405,H I deficiency and projected cluster context,galaxy/cluster,analytical peak/time-integrated pressure model,Secs. 7.2-7.3; Tables E1-E5,Analytical classification: past; compare with direct morphology before adoption.,model-derived,ram pressure,Outer-disk quenching is about 450+/-150 Myr.,Peak pressures are uncertain at roughly factor-of-two level; model assumptions can misclassify tidal systems.,Direct for H I/CO sources; otherwise contextual.,"See component synthesis; keep compression, removal, DIG, AGN and feedback distinct.",A post-stripping system should show low gas fraction and radially censored star formation; metallicity offsets can arise from outside-in removal and halted dilution.,analytical model inference,high,https://doi.org/10.1093/mnras/sty1610,https://ui.adsabs.harvard.edu/abs/2018MNRAS.479.4367K/abstract,https://arxiv.org/abs/1806.05887
NGC4405,NGC4405,post-peak,CrowlKenney2008,"Crowl, Hugh H. (2008), The stellar populations of stripped spiral galaxies in the Virgo cluster.",10.1088/0004-6256/136/4/1623,2008AJ....136.1623C,0807.3747,peer reviewed,full text,VCC 874; UGC 7529; IC 788; NGC 4405,optical spectroscopy plus UV,truncated outer disks of ten Virgo spirals,truncated outer disks of ten Virgo spirals,Secs. 3-5; Tables 3-5,"Resolved outer-disk stellar populations yield galaxy-specific cessation ages from less than 200 to about 500 Myr, demonstrating rapid outside-in quenching.",model-derived from observations,past ram pressure stripping,component-specific values in Tables 3-5,"SFH priors, dust and aperture placement contribute uncertainty.",Direct for H I/CO sources; otherwise contextual.,"See component synthesis; keep compression, removal, DIG, AGN and feedback distinct.",A post-stripping system should show low gas fraction and radially censored star formation; metallicity offsets can arise from outside-in removal and halted dilution.,stellar-population modelling,high,https://doi.org/10.1088/0004-6256/136/4/1623,https://ui.adsabs.harvard.edu/abs/2008AJ....136.1623C/abstract,https://arxiv.org/abs/0807.3747
NGC4419,NGC4419,post-peak,Chung2009,"Chung, Aeree (2009), VLA imaging of Virgo spirals in atomic gas (VIVA). I. The atlas and the H I properties.",10.1088/0004-6256/138/6/1741,2009AJ....138.1741C,0909.0781,peer reviewed,full text,VCC 958; UGC 7551; NGC 4419,H I 21-cm,resolved galaxy disk and tail,VLA imaging/atlas,Appendix pp. 14-26; Tables 1-4,The H I disk is extremely small relative to the stars; extraplanar/absorption features suggest residual displacement or fallback.,observed,past strong ram pressure stripping,Outer-disk quenching is about 500+/-150 Myr (individual indicators vary). No current pressure maximum is inferred.,H I morphology is direct; mechanism and viewing geometry remain interpretive.,Direct for H I/CO sources; otherwise contextual.,"See component synthesis; keep compression, removal, DIG, AGN and feedback distinct.",Strong radial truncation changes which metallicities enter integrated measurements; central gas retention can preserve SFR at very low H I mass.,direct resolved observations,high,https://doi.org/10.1088/0004-6256/138/6/1741,https://ui.adsabs.harvard.edu/abs/2009AJ....138.1741C/abstract,https://arxiv.org/abs/0909.0781
NGC4419,NGC4419,post-peak,Yoon2017,"Yoon, Hyein (2017), A history of H I stripping in Virgo: a phase-space view of VIVA galaxies.",10.3847/1538-4357/aa6579,2017ApJ...838...81Y,1704.00760,peer reviewed,full text,VCC 958; UGC 7551; NGC 4419,H I morphology plus projected phase space,galaxy/cluster,VIVA class and projected phase-space comparison,Sec. 2.1; Table 1; Secs. 4-5,"Yoon class III; provides a statistical stripping-stage context, not a unique orbit.",inferred,past strong ram pressure stripping,stage-scale only,Projected radius and line-of-sight velocity are degenerate with 3-D orbital state.,Direct for H I/CO sources; otherwise contextual.,"See component synthesis; keep compression, removal, DIG, AGN and feedback distinct.",Strong radial truncation changes which metallicities enter integrated measurements; central gas retention can preserve SFR at very low H I mass.,phase-space/contextual inference,high,https://doi.org/10.3847/1538-4357/aa6579,https://ui.adsabs.harvard.edu/abs/2017ApJ...838...81Y/abstract,https://arxiv.org/abs/1704.00760
NGC4419,NGC4419,post-peak,Brown2021,"Brown, Toby (2021), VERTICO: the Virgo Environment Traced in CO survey.",10.3847/1538-4365/ac28f5,2021ApJS..257...21B,2111.00937,peer reviewed,full text,VCC 958; UGC 7551; NGC 4419,CO(2-1),typically about 640 pc,VERTICO ACA survey,Sec. 2; Tables 1-2; Sec. 6,Provides resolved molecular-gas measurement and radial profiles; the survey paper alone does not identify this component's mechanism or orbit.,survey measurement,not assigned from this source,none,Survey selection is environmentally targeted and not Virgo-population complete.,Direct for H I/CO sources; otherwise contextual.,"See component synthesis; keep compression, removal, DIG, AGN and feedback distinct.",Strong radial truncation changes which metallicities enter integrated measurements; central gas retention can preserve SFR at very low H I mass.,survey-level measurement,high,https://doi.org/10.3847/1538-4365/ac28f5,https://ui.adsabs.harvard.edu/abs/2021ApJS..257...21B/abstract,https://arxiv.org/abs/2111.00937
NGC4419,NGC4419,post-peak,Koppen2018,"Köppen, J (2018), Ram pressure stripping made easy: an analytical approach.",10.1093/mnras/sty1610,2018MNRAS.479.4367K,1806.05887,peer reviewed,full text,VCC 958; UGC 7551; NGC 4419,H I deficiency and projected cluster context,galaxy/cluster,analytical peak/time-integrated pressure model,Secs. 7.2-7.3; Tables E1-E5,Analytical classification: past; compare with direct morphology before adoption.,model-derived,ram pressure,Outer-disk quenching is about 500+/-150 Myr (individual indicators vary). No current pressure maximum is inferred.,Peak pressures are uncertain at roughly factor-of-two level; model assumptions can misclassify tidal systems.,Direct for H I/CO sources; otherwise contextual.,"See component synthesis; keep compression, removal, DIG, AGN and feedback distinct.",Strong radial truncation changes which metallicities enter integrated measurements; central gas retention can preserve SFR at very low H I mass.,analytical model inference,high,https://doi.org/10.1093/mnras/sty1610,https://ui.adsabs.harvard.edu/abs/2018MNRAS.479.4367K/abstract,https://arxiv.org/abs/1806.05887
NGC4419,NGC4419,post-peak,CrowlKenney2008,"Crowl, Hugh H. (2008), The stellar populations of stripped spiral galaxies in the Virgo cluster.",10.1088/0004-6256/136/4/1623,2008AJ....136.1623C,0807.3747,peer reviewed,full text,VCC 958; UGC 7551; NGC 4419,optical spectroscopy plus UV,truncated outer disks of ten Virgo spirals,truncated outer disks of ten Virgo spirals,Secs. 3-5; Tables 3-5,"Resolved outer-disk stellar populations yield galaxy-specific cessation ages from less than 200 to about 500 Myr, demonstrating rapid outside-in quenching.",model-derived from observations,past strong ram pressure stripping,component-specific values in Tables 3-5,"SFH priors, dust and aperture placement contribute uncertainty.",Direct for H I/CO sources; otherwise contextual.,"See component synthesis; keep compression, removal, DIG, AGN and feedback distinct.",Strong radial truncation changes which metallicities enter integrated measurements; central gas retention can preserve SFR at very low H I mass.,stellar-population modelling,high,https://doi.org/10.1088/0004-6256/136/4/1623,https://ui.adsabs.harvard.edu/abs/2008AJ....136.1623C/abstract,https://arxiv.org/abs/0807.3747
NGC4419,NGC4419,post-peak,Brown2026,"Brown, Toby (2026), MAUVE-MUSE: Ionization and Kinematic Signatures of Environmental Effects on Virgo Cluster Disks.",10.3847/1538-4357/ae632e,2026ApJ..1004...73B,2604.20056,peer reviewed,full text,VCC 958; UGC 7551; NGC 4419,MUSE emission-line ratios and velocity dispersion,resolved spaxels in 12 early-release MAUVE galaxies,resolved spaxels in 12 early-release MAUVE galaxies,Secs. 3-6; Table 2,Non-HII excitation and high-dispersion gas are more prevalent than in field controls; diffuse ionized gas dominates much of the excess and shocks are secondary.,observed survey comparison,past strong ram pressure stripping,current ionized-gas state,Early-release subset; excitation fractions depend on selections and spatial resolution.,Direct for H I/CO sources; otherwise contextual.,"See component synthesis; keep compression, removal, DIG, AGN and feedback distinct.",Strong radial truncation changes which metallicities enter integrated measurements; central gas retention can preserve SFR at very low H I mass.,direct resolved ionized-gas observations,high,https://doi.org/10.3847/1538-4357/ae632e,https://ui.adsabs.harvard.edu/abs/2026ApJ..1004...73B/abstract,https://arxiv.org/abs/2604.20056
NGC4419,NGC4419,post-peak,Huang2026,"Huang, Rongjun (2026), MAUVE-MUSE: when metallicity follows or fights star formation - a mass-dependent inversion in Virgo galaxies.",10.1093/mnras/stag1019,2026MNRAS.549g1019H,,peer reviewed,full text or accepted manuscript,VCC 958; UGC 7551; NGC 4419,MUSE metallicity and Sigma_SFR,resolved HII-region spaxels in 14 MAUVE galaxies,resolved HII-region spaxels in 14 MAUVE galaxies,Secs. 3-6; Figs. 3-6,The residual metallicity-SFR relation changes sign with calibration and within galaxies; NGC4383 is a robust 0.1-0.2 dex low-metallicity outlier and NGC4192 changes internal sign.,observed analysis,past strong ram pressure stripping,current resolved state,"Strong-line calibration, DIG/HII selection and hierarchical sampling dominate interpretation.",Direct for H I/CO sources; otherwise contextual.,"See component synthesis; keep compression, removal, DIG, AGN and feedback distinct.",Strong radial truncation changes which metallicities enter integrated measurements; central gas retention can preserve SFR at very low H I mass.,direct resolved metallicity analysis,high,https://doi.org/10.1093/mnras/stag1019,https://ui.adsabs.harvard.edu/abs/2026MNRAS.549g1019H/abstract,
NGC4450,NGC4450,post-peak,Chung2009,"Chung, Aeree (2009), VLA imaging of Virgo spirals in atomic gas (VIVA). I. The atlas and the H I properties.",10.1088/0004-6256/138/6/1741,2009AJ....138.1741C,0909.0781,peer reviewed,full text,VCC 1110; UGC 7594; NGC 4450,H I 21-cm,resolved galaxy disk and tail,VLA imaging/atlas,Appendix pp. 14-26; Tables 1-4,"H I is moderately truncated and low surface density but symmetric, with no current tail or compressed edge.",observed,old/slow environmental depletion,No direct quenching or pressure clock.,H I morphology is direct; mechanism and viewing geometry remain interpretive.,Direct for H I/CO sources; otherwise contextual.,"See component synthesis; keep compression, removal, DIG, AGN and feedback distinct.",Slow depletion and AGN/DIG contamination make Halpha-based SFR especially vulnerable; gas-based relations may better record the environmental deficit.,direct resolved observations,moderate-low,https://doi.org/10.1088/0004-6256/138/6/1741,https://ui.adsabs.harvard.edu/abs/2009AJ....138.1741C/abstract,https://arxiv.org/abs/0909.0781
NGC4450,NGC4450,post-peak,Yoon2017,"Yoon, Hyein (2017), A history of H I stripping in Virgo: a phase-space view of VIVA galaxies.",10.3847/1538-4357/aa6579,2017ApJ...838...81Y,1704.00760,peer reviewed,full text,VCC 1110; UGC 7594; NGC 4450,H I morphology plus projected phase space,galaxy/cluster,VIVA class and projected phase-space comparison,Sec. 2.1; Table 1; Secs. 4-5,"Yoon class IV; provides a statistical stripping-stage context, not a unique orbit.",inferred,old/slow environmental depletion,stage-scale only,Projected radius and line-of-sight velocity are degenerate with 3-D orbital state.,Direct for H I/CO sources; otherwise contextual.,"See component synthesis; keep compression, removal, DIG, AGN and feedback distinct.",Slow depletion and AGN/DIG contamination make Halpha-based SFR especially vulnerable; gas-based relations may better record the environmental deficit.,phase-space/contextual inference,moderate-low,https://doi.org/10.3847/1538-4357/aa6579,https://ui.adsabs.harvard.edu/abs/2017ApJ...838...81Y/abstract,https://arxiv.org/abs/1704.00760
NGC4450,NGC4450,post-peak,Brown2021,"Brown, Toby (2021), VERTICO: the Virgo Environment Traced in CO survey.",10.3847/1538-4365/ac28f5,2021ApJS..257...21B,2111.00937,peer reviewed,full text,VCC 1110; UGC 7594; NGC 4450,CO(2-1),typically about 640 pc,VERTICO ACA survey,Sec. 2; Tables 1-2; Sec. 6,Provides resolved molecular-gas measurement and radial profiles; the survey paper alone does not identify this component's mechanism or orbit.,survey measurement,not assigned from this source,none,Survey selection is environmentally targeted and not Virgo-population complete.,Direct for H I/CO sources; otherwise contextual.,"See component synthesis; keep compression, removal, DIG, AGN and feedback distinct.",Slow depletion and AGN/DIG contamination make Halpha-based SFR especially vulnerable; gas-based relations may better record the environmental deficit.,survey-level measurement,moderate-low,https://doi.org/10.3847/1538-4365/ac28f5,https://ui.adsabs.harvard.edu/abs/2021ApJS..257...21B/abstract,https://arxiv.org/abs/2111.00937
NGC4450,NGC4450,post-peak,Koppen2018,"Köppen, J (2018), Ram pressure stripping made easy: an analytical approach.",10.1093/mnras/sty1610,2018MNRAS.479.4367K,1806.05887,peer reviewed,full text,VCC 1110; UGC 7594; NGC 4450,H I deficiency and projected cluster context,galaxy/cluster,analytical peak/time-integrated pressure model,Secs. 7.2-7.3; Tables E1-E5,Analytical classification: past; compare with direct morphology before adoption.,model-derived,ram pressure,No direct quenching or pressure clock.,Peak pressures are uncertain at roughly factor-of-two level; model assumptions can misclassify tidal systems.,Direct for H I/CO sources; otherwise contextual.,"See component synthesis; keep compression, removal, DIG, AGN and feedback distinct.",Slow depletion and AGN/DIG contamination make Halpha-based SFR especially vulnerable; gas-based relations may better record the environmental deficit.,analytical model inference,moderate-low,https://doi.org/10.1093/mnras/sty1610,https://ui.adsabs.harvard.edu/abs/2018MNRAS.479.4367K/abstract,https://arxiv.org/abs/1806.05887
IC3392,IC3392,post-peak,Chung2009,"Chung, Aeree (2009), VLA imaging of Virgo spirals in atomic gas (VIVA). I. The atlas and the H I properties.",10.1088/0004-6256/138/6/1741,2009AJ....138.1741C,0909.0781,peer reviewed,full text,VCC 1126; UGC 7602; IC 3392,H I 21-cm,resolved galaxy disk and tail,VLA imaging/atlas,Appendix pp. 14-26; Tables 1-4,"The H I disk is severely, nearly symmetrically truncated while the stellar disk remains regular.",observed,past ram pressure stripping,Outer-disk quenching is about 500+/-100 Myr.,H I morphology is direct; mechanism and viewing geometry remain interpretive.,Direct for H I/CO sources; otherwise contextual.,"See component synthesis; keep compression, removal, DIG, AGN and feedback distinct.",The system anchors a clean post-stripping path in which low gas fraction and radial censorship precede continued central evolution.,direct resolved observations,high,https://doi.org/10.1088/0004-6256/138/6/1741,https://ui.adsabs.harvard.edu/abs/2009AJ....138.1741C/abstract,https://arxiv.org/abs/0909.0781
IC3392,IC3392,post-peak,Yoon2017,"Yoon, Hyein (2017), A history of H I stripping in Virgo: a phase-space view of VIVA galaxies.",10.3847/1538-4357/aa6579,2017ApJ...838...81Y,1704.00760,peer reviewed,full text,VCC 1126; UGC 7602; IC 3392,H I morphology plus projected phase space,galaxy/cluster,VIVA class and projected phase-space comparison,Sec. 2.1; Table 1; Secs. 4-5,"Yoon class III; provides a statistical stripping-stage context, not a unique orbit.",inferred,past ram pressure stripping,stage-scale only,Projected radius and line-of-sight velocity are degenerate with 3-D orbital state.,Direct for H I/CO sources; otherwise contextual.,"See component synthesis; keep compression, removal, DIG, AGN and feedback distinct.",The system anchors a clean post-stripping path in which low gas fraction and radial censorship precede continued central evolution.,phase-space/contextual inference,high,https://doi.org/10.3847/1538-4357/aa6579,https://ui.adsabs.harvard.edu/abs/2017ApJ...838...81Y/abstract,https://arxiv.org/abs/1704.00760
IC3392,IC3392,post-peak,Brown2021,"Brown, Toby (2021), VERTICO: the Virgo Environment Traced in CO survey.",10.3847/1538-4365/ac28f5,2021ApJS..257...21B,2111.00937,peer reviewed,full text,VCC 1126; UGC 7602; IC 3392,CO(2-1),typically about 640 pc,VERTICO ACA survey,Sec. 2; Tables 1-2; Sec. 6,Provides resolved molecular-gas measurement and radial profiles; the survey paper alone does not identify this component's mechanism or orbit.,survey measurement,not assigned from this source,none,Survey selection is environmentally targeted and not Virgo-population complete.,Direct for H I/CO sources; otherwise contextual.,"See component synthesis; keep compression, removal, DIG, AGN and feedback distinct.",The system anchors a clean post-stripping path in which low gas fraction and radial censorship precede continued central evolution.,survey-level measurement,high,https://doi.org/10.3847/1538-4365/ac28f5,https://ui.adsabs.harvard.edu/abs/2021ApJS..257...21B/abstract,https://arxiv.org/abs/2111.00937
IC3392,IC3392,post-peak,Koppen2018,"Köppen, J (2018), Ram pressure stripping made easy: an analytical approach.",10.1093/mnras/sty1610,2018MNRAS.479.4367K,1806.05887,peer reviewed,full text,VCC 1126; UGC 7602; IC 3392,H I deficiency and projected cluster context,galaxy/cluster,analytical peak/time-integrated pressure model,Secs. 7.2-7.3; Tables E1-E5,Analytical classification: past; compare with direct morphology before adoption.,model-derived,ram pressure,Outer-disk quenching is about 500+/-100 Myr.,Peak pressures are uncertain at roughly factor-of-two level; model assumptions can misclassify tidal systems.,Direct for H I/CO sources; otherwise contextual.,"See component synthesis; keep compression, removal, DIG, AGN and feedback distinct.",The system anchors a clean post-stripping path in which low gas fraction and radial censorship precede continued central evolution.,analytical model inference,high,https://doi.org/10.1093/mnras/sty1610,https://ui.adsabs.harvard.edu/abs/2018MNRAS.479.4367K/abstract,https://arxiv.org/abs/1806.05887
IC3392,IC3392,post-peak,CrowlKenney2008,"Crowl, Hugh H. (2008), The stellar populations of stripped spiral galaxies in the Virgo cluster.",10.1088/0004-6256/136/4/1623,2008AJ....136.1623C,0807.3747,peer reviewed,full text,VCC 1126; UGC 7602; IC 3392,optical spectroscopy plus UV,truncated outer disks of ten Virgo spirals,truncated outer disks of ten Virgo spirals,Secs. 3-5; Tables 3-5,"Resolved outer-disk stellar populations yield galaxy-specific cessation ages from less than 200 to about 500 Myr, demonstrating rapid outside-in quenching.",model-derived from observations,past ram pressure stripping,component-specific values in Tables 3-5,"SFH priors, dust and aperture placement contribute uncertainty.",Direct for H I/CO sources; otherwise contextual.,"See component synthesis; keep compression, removal, DIG, AGN and feedback distinct.",The system anchors a clean post-stripping path in which low gas fraction and radial censorship precede continued central evolution.,stellar-population modelling,high,https://doi.org/10.1088/0004-6256/136/4/1623,https://ui.adsabs.harvard.edu/abs/2008AJ....136.1623C/abstract,https://arxiv.org/abs/0807.3747
IC3392,IC3392,post-peak,Huang2026,"Huang, Rongjun (2026), MAUVE-MUSE: when metallicity follows or fights star formation - a mass-dependent inversion in Virgo galaxies.",10.1093/mnras/stag1019,2026MNRAS.549g1019H,,peer reviewed,full text or accepted manuscript,VCC 1126; UGC 7602; IC 3392,MUSE metallicity and Sigma_SFR,resolved HII-region spaxels in 14 MAUVE galaxies,resolved HII-region spaxels in 14 MAUVE galaxies,Secs. 3-6; Figs. 3-6,The residual metallicity-SFR relation changes sign with calibration and within galaxies; NGC4383 is a robust 0.1-0.2 dex low-metallicity outlier and NGC4192 changes internal sign.,observed analysis,past ram pressure stripping,current resolved state,"Strong-line calibration, DIG/HII selection and hierarchical sampling dominate interpretation.",Direct for H I/CO sources; otherwise contextual.,"See component synthesis; keep compression, removal, DIG, AGN and feedback distinct.",The system anchors a clean post-stripping path in which low gas fraction and radial censorship precede continued central evolution.,direct resolved metallicity analysis,high,https://doi.org/10.1093/mnras/stag1019,https://ui.adsabs.harvard.edu/abs/2026MNRAS.549g1019H/abstract,
NGC4457,NGC4457,post-peak,Chung2009,"Chung, Aeree (2009), VLA imaging of Virgo spirals in atomic gas (VIVA). I. The atlas and the H I properties.",10.1088/0004-6256/138/6/1741,2009AJ....138.1741C,0909.0781,peer reviewed,full text,VCC 1145; UGC 7609; NGC 4457,H I 21-cm,resolved galaxy disk and tail,VLA imaging/atlas,Appendix pp. 14-26; Tables 1-4,The H I disk is small and asymmetric/warped but lacks a strong current wind signature.,observed,past/relaxed gas stripping,No published clock; Köppen does not include the galaxy.,H I morphology is direct; mechanism and viewing geometry remain interpretive.,Direct for H I/CO sources; otherwise contextual.,"See component synthesis; keep compression, removal, DIG, AGN and feedback distinct.","Gas warps/accretion can change metallicity and kinematics independently of stripping, so a post label alone cannot set the expected FMR residual.",direct resolved observations,moderate-low,https://doi.org/10.1088/0004-6256/138/6/1741,https://ui.adsabs.harvard.edu/abs/2009AJ....138.1741C/abstract,https://arxiv.org/abs/0909.0781
NGC4457,NGC4457,post-peak,Yoon2017,"Yoon, Hyein (2017), A history of H I stripping in Virgo: a phase-space view of VIVA galaxies.",10.3847/1538-4357/aa6579,2017ApJ...838...81Y,1704.00760,peer reviewed,full text,VCC 1145; UGC 7609; NGC 4457,H I morphology plus projected phase space,galaxy/cluster,VIVA class and projected phase-space comparison,Sec. 2.1; Table 1; Secs. 4-5,"Yoon class III; provides a statistical stripping-stage context, not a unique orbit.",inferred,past/relaxed gas stripping,stage-scale only,Projected radius and line-of-sight velocity are degenerate with 3-D orbital state.,Direct for H I/CO sources; otherwise contextual.,"See component synthesis; keep compression, removal, DIG, AGN and feedback distinct.","Gas warps/accretion can change metallicity and kinematics independently of stripping, so a post label alone cannot set the expected FMR residual.",phase-space/contextual inference,moderate-low,https://doi.org/10.3847/1538-4357/aa6579,https://ui.adsabs.harvard.edu/abs/2017ApJ...838...81Y/abstract,https://arxiv.org/abs/1704.00760
NGC4457,NGC4457,post-peak,Brown2021,"Brown, Toby (2021), VERTICO: the Virgo Environment Traced in CO survey.",10.3847/1538-4365/ac28f5,2021ApJS..257...21B,2111.00937,peer reviewed,full text,VCC 1145; UGC 7609; NGC 4457,CO(2-1),typically about 640 pc,VERTICO ACA survey,Sec. 2; Tables 1-2; Sec. 6,Provides resolved molecular-gas measurement and radial profiles; the survey paper alone does not identify this component's mechanism or orbit.,survey measurement,not assigned from this source,none,Survey selection is environmentally targeted and not Virgo-population complete.,Direct for H I/CO sources; otherwise contextual.,"See component synthesis; keep compression, removal, DIG, AGN and feedback distinct.","Gas warps/accretion can change metallicity and kinematics independently of stripping, so a post label alone cannot set the expected FMR residual.",survey-level measurement,moderate-low,https://doi.org/10.3847/1538-4365/ac28f5,https://ui.adsabs.harvard.edu/abs/2021ApJS..257...21B/abstract,https://arxiv.org/abs/2111.00937
NGC4457,NGC4457,post-peak,Vollmer2013,"Vollmer, B. (2013), Large-scale radio continuum properties of 19 Virgo cluster galaxies. The influence of tidal interactions, ram pressure stripping, and accreting gas envelopes.",10.1051/0004-6361/201321163,2013A&A...553A.116V,1304.1279,peer reviewed,full text,VCC 1145; UGC 7609; NGC 4457,radio continuum/polarization survey plus models,19 Virgo galaxies,19 Virgo galaxies,Secs. 3-5; Tables 2-3,"Polarized radio ridges distinguish ICM compression from tidal shear and identify compound or residual processing, including NGC4424, NGC4568 and NGC4654.",observed plus model-derived,past/relaxed gas stripping,current magnetized-ISM state,Radio asymmetry is not uniquely environmental without gas and stellar context.,Direct for H I/CO sources; otherwise contextual.,"See component synthesis; keep compression, removal, DIG, AGN and feedback distinct.","Gas warps/accretion can change metallicity and kinematics independently of stripping, so a post label alone cannot set the expected FMR residual.",direct radio observations plus models,moderate-low,https://doi.org/10.1051/0004-6361/201321163,https://ui.adsabs.harvard.edu/abs/2013A&A...553A.116V/abstract,https://arxiv.org/abs/1304.1279
NGC4457,NGC4457,post-peak,Brown2026,"Brown, Toby (2026), MAUVE-MUSE: Ionization and Kinematic Signatures of Environmental Effects on Virgo Cluster Disks.",10.3847/1538-4357/ae632e,2026ApJ..1004...73B,2604.20056,peer reviewed,full text,VCC 1145; UGC 7609; NGC 4457,MUSE emission-line ratios and velocity dispersion,resolved spaxels in 12 early-release MAUVE galaxies,resolved spaxels in 12 early-release MAUVE galaxies,Secs. 3-6; Table 2,Non-HII excitation and high-dispersion gas are more prevalent than in field controls; diffuse ionized gas dominates much of the excess and shocks are secondary.,observed survey comparison,past/relaxed gas stripping,current ionized-gas state,Early-release subset; excitation fractions depend on selections and spatial resolution.,Direct for H I/CO sources; otherwise contextual.,"See component synthesis; keep compression, removal, DIG, AGN and feedback distinct.","Gas warps/accretion can change metallicity and kinematics independently of stripping, so a post label alone cannot set the expected FMR residual.",direct resolved ionized-gas observations,moderate-low,https://doi.org/10.3847/1538-4357/ae632e,https://ui.adsabs.harvard.edu/abs/2026ApJ..1004...73B/abstract,https://arxiv.org/abs/2604.20056
NGC4457,NGC4457,post-peak,Huang2026,"Huang, Rongjun (2026), MAUVE-MUSE: when metallicity follows or fights star formation - a mass-dependent inversion in Virgo galaxies.",10.1093/mnras/stag1019,2026MNRAS.549g1019H,,peer reviewed,full text or accepted manuscript,VCC 1145; UGC 7609; NGC 4457,MUSE metallicity and Sigma_SFR,resolved HII-region spaxels in 14 MAUVE galaxies,resolved HII-region spaxels in 14 MAUVE galaxies,Secs. 3-6; Figs. 3-6,The residual metallicity-SFR relation changes sign with calibration and within galaxies; NGC4383 is a robust 0.1-0.2 dex low-metallicity outlier and NGC4192 changes internal sign.,observed analysis,past/relaxed gas stripping,current resolved state,"Strong-line calibration, DIG/HII selection and hierarchical sampling dominate interpretation.",Direct for H I/CO sources; otherwise contextual.,"See component synthesis; keep compression, removal, DIG, AGN and feedback distinct.","Gas warps/accretion can change metallicity and kinematics independently of stripping, so a post label alone cannot set the expected FMR residual.",direct resolved metallicity analysis,moderate-low,https://doi.org/10.1093/mnras/stag1019,https://ui.adsabs.harvard.edu/abs/2026MNRAS.549g1019H/abstract,
NGC4548,NGC4548,post-peak,Chung2009,"Chung, Aeree (2009), VLA imaging of Virgo spirals in atomic gas (VIVA). I. The atlas and the H I properties.",10.1088/0004-6256/138/6/1741,2009AJ....138.1741C,0909.0781,peer reviewed,full text,M 91; VCC 1615; UGC 7753; NGC 4548,H I 21-cm,resolved galaxy disk and tail,VLA imaging/atlas,Appendix pp. 14-26; Tables 1-4,The H I disk is mildly truncated and low surface density; it is an anemic galaxy without a convincing present wind tail.,observed,slow or old stripping/starvation,No robust time. Earlier kinematic work explicitly questioned whether stripping is still active.,H I morphology is direct; mechanism and viewing geometry remain interpretive.,Direct for H I/CO sources; otherwise contextual.,"See component synthesis; keep compression, removal, DIG, AGN and feedback distinct.",Bar-driven SFE and slow gas depletion are degenerate in SFR-based FMR projections; spatial gas mass and stellar ages are needed.,direct resolved observations,moderate-low,https://doi.org/10.1088/0004-6256/138/6/1741,https://ui.adsabs.harvard.edu/abs/2009AJ....138.1741C/abstract,https://arxiv.org/abs/0909.0781
NGC4548,NGC4548,post-peak,Yoon2017,"Yoon, Hyein (2017), A history of H I stripping in Virgo: a phase-space view of VIVA galaxies.",10.3847/1538-4357/aa6579,2017ApJ...838...81Y,1704.00760,peer reviewed,full text,M 91; VCC 1615; UGC 7753; NGC 4548,H I morphology plus projected phase space,galaxy/cluster,VIVA class and projected phase-space comparison,Sec. 2.1; Table 1; Secs. 4-5,"Yoon class IV; provides a statistical stripping-stage context, not a unique orbit.",inferred,slow or old stripping/starvation,stage-scale only,Projected radius and line-of-sight velocity are degenerate with 3-D orbital state.,Direct for H I/CO sources; otherwise contextual.,"See component synthesis; keep compression, removal, DIG, AGN and feedback distinct.",Bar-driven SFE and slow gas depletion are degenerate in SFR-based FMR projections; spatial gas mass and stellar ages are needed.,phase-space/contextual inference,moderate-low,https://doi.org/10.3847/1538-4357/aa6579,https://ui.adsabs.harvard.edu/abs/2017ApJ...838...81Y/abstract,https://arxiv.org/abs/1704.00760
NGC4548,NGC4548,post-peak,Brown2021,"Brown, Toby (2021), VERTICO: the Virgo Environment Traced in CO survey.",10.3847/1538-4365/ac28f5,2021ApJS..257...21B,2111.00937,peer reviewed,full text,M 91; VCC 1615; UGC 7753; NGC 4548,CO(2-1),typically about 640 pc,VERTICO ACA survey,Sec. 2; Tables 1-2; Sec. 6,Provides resolved molecular-gas measurement and radial profiles; the survey paper alone does not identify this component's mechanism or orbit.,survey measurement,not assigned from this source,none,Survey selection is environmentally targeted and not Virgo-population complete.,Direct for H I/CO sources; otherwise contextual.,"See component synthesis; keep compression, removal, DIG, AGN and feedback distinct.",Bar-driven SFE and slow gas depletion are degenerate in SFR-based FMR projections; spatial gas mass and stellar ages are needed.,survey-level measurement,moderate-low,https://doi.org/10.3847/1538-4365/ac28f5,https://ui.adsabs.harvard.edu/abs/2021ApJS..257...21B/abstract,https://arxiv.org/abs/2111.00937
NGC4548,NGC4548,post-peak,Koppen2018,"Köppen, J (2018), Ram pressure stripping made easy: an analytical approach.",10.1093/mnras/sty1610,2018MNRAS.479.4367K,1806.05887,peer reviewed,full text,M 91; VCC 1615; UGC 7753; NGC 4548,H I deficiency and projected cluster context,galaxy/cluster,analytical peak/time-integrated pressure model,Secs. 7.2-7.3; Tables E1-E5,Analytical classification: past; compare with direct morphology before adoption.,model-derived,ram pressure,No robust time. Earlier kinematic work explicitly questioned whether stripping is still active.,Peak pressures are uncertain at roughly factor-of-two level; model assumptions can misclassify tidal systems.,Direct for H I/CO sources; otherwise contextual.,"See component synthesis; keep compression, removal, DIG, AGN and feedback distinct.",Bar-driven SFE and slow gas depletion are degenerate in SFR-based FMR projections; spatial gas mass and stellar ages are needed.,analytical model inference,moderate-low,https://doi.org/10.1093/mnras/sty1610,https://ui.adsabs.harvard.edu/abs/2018MNRAS.479.4367K/abstract,https://arxiv.org/abs/1806.05887
NGC4548,NGC4548,post-peak,Edler2024,"Edler, H. W. (2024), ViCTORIA project: The LOFAR view of environmental effects in Virgo cluster star-forming galaxies.",10.1051/0004-6361/202348301,2024A&A...683A.149E,2311.01904,peer reviewed,full text,M 91; VCC 1615; UGC 7753; NGC 4548,LOFAR radio continuum,resolved Virgo-galaxy survey,resolved Virgo-galaxy survey,Secs. 3-6; Tables 1-3,Low-frequency asymmetries identify candidate ongoing RPS and retain signatures after H I morphology has partly relaxed.,survey observation plus inferred,slow or old stripping/starvation,current/recent radio state,"Radio morphology can also reflect tides, star formation and viewing angle.",Direct for H I/CO sources; otherwise contextual.,"See component synthesis; keep compression, removal, DIG, AGN and feedback distinct.",Bar-driven SFE and slow gas depletion are degenerate in SFR-based FMR projections; spatial gas mass and stellar ages are needed.,direct radio survey observations,moderate-low,https://doi.org/10.1051/0004-6361/202348301,https://ui.adsabs.harvard.edu/abs/2024A&A...683A.149E/abstract,https://arxiv.org/abs/2311.01904
NGC4569,NGC4569,post-peak,Chung2009,"Chung, Aeree (2009), VLA imaging of Virgo spirals in atomic gas (VIVA). I. The atlas and the H I properties.",10.1088/0004-6256/138/6/1741,2009AJ....138.1741C,0909.0781,peer reviewed,full text,M 90; VCC 1690; UGC 7786; NGC 4569,H I 21-cm,resolved galaxy disk and tail,VLA imaging/atlas,Appendix pp. 14-26; Tables 1-4,The H I disk is only about one third of the stellar extent and is highly deficient; extraplanar material and a newly traced 230 kpc Halpha tail record removed gas.,observed,past strong ram pressure stripping,Tailored gas models and outer stellar populations both give about 300 Myr since peak/quenching (stellar uncertainty about 50 Myr). The far Halpha tail implies cloud survival at least about 0.5 Gyr under model assumptions.,H I morphology is direct; mechanism and viewing geometry remain interpretive.,Direct for H I/CO sources; otherwise contextual.,"See component synthesis; keep compression, removal, DIG, AGN and feedback distinct.","This galaxy combines genuine gas removal, long-lived ionized tail emission and a central wind; Halpha outside the disk is not in-situ SFR, while gas fraction strongly departs from equilibrium expectations.",direct resolved observations,very high,https://doi.org/10.1088/0004-6256/138/6/1741,https://ui.adsabs.harvard.edu/abs/2009AJ....138.1741C/abstract,https://arxiv.org/abs/0909.0781
NGC4569,NGC4569,post-peak,Yoon2017,"Yoon, Hyein (2017), A history of H I stripping in Virgo: a phase-space view of VIVA galaxies.",10.3847/1538-4357/aa6579,2017ApJ...838...81Y,1704.00760,peer reviewed,full text,M 90; VCC 1690; UGC 7786; NGC 4569,H I morphology plus projected phase space,galaxy/cluster,VIVA class and projected phase-space comparison,Sec. 2.1; Table 1; Secs. 4-5,"Yoon class III; provides a statistical stripping-stage context, not a unique orbit.",inferred,past strong ram pressure stripping,stage-scale only,Projected radius and line-of-sight velocity are degenerate with 3-D orbital state.,Direct for H I/CO sources; otherwise contextual.,"See component synthesis; keep compression, removal, DIG, AGN and feedback distinct.","This galaxy combines genuine gas removal, long-lived ionized tail emission and a central wind; Halpha outside the disk is not in-situ SFR, while gas fraction strongly departs from equilibrium expectations.",phase-space/contextual inference,very high,https://doi.org/10.3847/1538-4357/aa6579,https://ui.adsabs.harvard.edu/abs/2017ApJ...838...81Y/abstract,https://arxiv.org/abs/1704.00760
NGC4569,NGC4569,post-peak,Brown2021,"Brown, Toby (2021), VERTICO: the Virgo Environment Traced in CO survey.",10.3847/1538-4365/ac28f5,2021ApJS..257...21B,2111.00937,peer reviewed,full text,M 90; VCC 1690; UGC 7786; NGC 4569,CO(2-1),typically about 640 pc,VERTICO ACA survey,Sec. 2; Tables 1-2; Sec. 6,Provides resolved molecular-gas measurement and radial profiles; the survey paper alone does not identify this component's mechanism or orbit.,survey measurement,not assigned from this source,none,Survey selection is environmentally targeted and not Virgo-population complete.,Direct for H I/CO sources; otherwise contextual.,"See component synthesis; keep compression, removal, DIG, AGN and feedback distinct.","This galaxy combines genuine gas removal, long-lived ionized tail emission and a central wind; Halpha outside the disk is not in-situ SFR, while gas fraction strongly departs from equilibrium expectations.",survey-level measurement,very high,https://doi.org/10.3847/1538-4365/ac28f5,https://ui.adsabs.harvard.edu/abs/2021ApJS..257...21B/abstract,https://arxiv.org/abs/2111.00937
NGC4569,NGC4569,post-peak,Koppen2018,"Köppen, J (2018), Ram pressure stripping made easy: an analytical approach.",10.1093/mnras/sty1610,2018MNRAS.479.4367K,1806.05887,peer reviewed,full text,M 90; VCC 1690; UGC 7786; NGC 4569,H I deficiency and projected cluster context,galaxy/cluster,analytical peak/time-integrated pressure model,Secs. 7.2-7.3; Tables E1-E5,Analytical classification: past; compare with direct morphology before adoption.,model-derived,ram pressure,Tailored gas models and outer stellar populations both give about 300 Myr since peak/quenching (stellar uncertainty about 50 Myr). The far Halpha tail implies cloud survival at least about 0.5 Gyr under model assumptions.,Peak pressures are uncertain at roughly factor-of-two level; model assumptions can misclassify tidal systems.,Direct for H I/CO sources; otherwise contextual.,"See component synthesis; keep compression, removal, DIG, AGN and feedback distinct.","This galaxy combines genuine gas removal, long-lived ionized tail emission and a central wind; Halpha outside the disk is not in-situ SFR, while gas fraction strongly departs from equilibrium expectations.",analytical model inference,very high,https://doi.org/10.1093/mnras/sty1610,https://ui.adsabs.harvard.edu/abs/2018MNRAS.479.4367K/abstract,https://arxiv.org/abs/1806.05887
NGC4569,NGC4569,post-peak,Vollmer2004,"Vollmer, B. (2004), NGC 4569: Recent evidence for a past ram pressure stripping event.",10.1051/0004-6361:20034552,2004A&A...419...35V,astro-ph/0401567,peer reviewed,full text,M 90; VCC 1690; UGC 7786; NGC 4569,gas-dynamical simulation,NGC4569,NGC4569,Secs. 3-5,A strong near-core RPS event reproduces the truncated gas disk of NGC4569.,tailored model-derived,past strong ram pressure stripping,about 300 Myr after peak,Adopted ICM profile and orbit control the inferred peak pressure.,Direct for H I/CO sources; otherwise contextual.,"See component synthesis; keep compression, removal, DIG, AGN and feedback distinct.","This galaxy combines genuine gas removal, long-lived ionized tail emission and a central wind; Halpha outside the disk is not in-situ SFR, while gas fraction strongly departs from equilibrium expectations.",tailored dynamical modelling,very high,https://doi.org/10.1051/0004-6361:20034552,https://ui.adsabs.harvard.edu/abs/2004A&A...419...35V/abstract,https://arxiv.org/abs/astro-ph/0401567
NGC4569,NGC4569,post-peak,Chyzy2006,"Chyży, K. T. (2006), Large-scale magnetized outflows from the Virgo Cluster spiral NGC 4569. A galactic wind in a ram pressure wind.",10.1051/0004-6361:20053819,2006A&A...447..465C,astro-ph/0510106,peer reviewed,full text,M 90; VCC 1690; UGC 7786; NGC 4569,radio continuum and polarization,NGC4569 disk and extraplanar lobes,NGC4569 disk and extraplanar lobes,Secs. 3-5,Large magnetized lobes in NGC4569 trace a nuclear/starburst outflow distinct from the earlier outside-in stripping of the disk.,observed plus inferred,past strong ram pressure stripping,current/recent outflow; stripping clock separate,Radio aging and wind speed assumptions affect timescales.,Direct for H I/CO sources; otherwise contextual.,"See component synthesis; keep compression, removal, DIG, AGN and feedback distinct.","This galaxy combines genuine gas removal, long-lived ionized tail emission and a central wind; Halpha outside the disk is not in-situ SFR, while gas fraction strongly departs from equilibrium expectations.",direct radio observations,very high,https://doi.org/10.1051/0004-6361:20053819,https://ui.adsabs.harvard.edu/abs/2006A&A...447..465C/abstract,https://arxiv.org/abs/astro-ph/0510106
NGC4569,NGC4569,post-peak,CrowlKenney2008,"Crowl, Hugh H. (2008), The stellar populations of stripped spiral galaxies in the Virgo cluster.",10.1088/0004-6256/136/4/1623,2008AJ....136.1623C,0807.3747,peer reviewed,full text,M 90; VCC 1690; UGC 7786; NGC 4569,optical spectroscopy plus UV,truncated outer disks of ten Virgo spirals,truncated outer disks of ten Virgo spirals,Secs. 3-5; Tables 3-5,"Resolved outer-disk stellar populations yield galaxy-specific cessation ages from less than 200 to about 500 Myr, demonstrating rapid outside-in quenching.",model-derived from observations,past strong ram pressure stripping,component-specific values in Tables 3-5,"SFH priors, dust and aperture placement contribute uncertainty.",Direct for H I/CO sources; otherwise contextual.,"See component synthesis; keep compression, removal, DIG, AGN and feedback distinct.","This galaxy combines genuine gas removal, long-lived ionized tail emission and a central wind; Halpha outside the disk is not in-situ SFR, while gas fraction strongly departs from equilibrium expectations.",stellar-population modelling,very high,https://doi.org/10.1088/0004-6256/136/4/1623,https://ui.adsabs.harvard.edu/abs/2008AJ....136.1623C/abstract,https://arxiv.org/abs/0807.3747
NGC4569,NGC4569,post-peak,Vollmer2009,"Vollmer, B. (2009), A holistic view on ram pressure stripping in the Virgo cluster. The first complete model-based time sequence.",10.1051/0004-6361/200911892,2009A&A...502..427V,0905.1770,peer reviewed,full text,M 90; VCC 1690; UGC 7786; NGC 4569,"H I, radio and multiwavelength models",five Virgo spirals; tailored time sequence,five Virgo spirals; tailored time sequence,Secs. 2-3; Table 3,"Tailored simulations order NGC4501 and NGC4330 before pressure maximum and NGC4522, NGC4388 and NGC4569 after it.",model-derived,past strong ram pressure stripping,"approximately -250, -100, +50, +150 and +300 Myr relative to peak",Eye-fit/model-family times and local ICM normalization are not uniform statistical measurements.,Direct for H I/CO sources; otherwise contextual.,"See component synthesis; keep compression, removal, DIG, AGN and feedback distinct.","This galaxy combines genuine gas removal, long-lived ionized tail emission and a central wind; Halpha outside the disk is not in-situ SFR, while gas fraction strongly departs from equilibrium expectations.",tailored multiwavelength modelling,very high,https://doi.org/10.1051/0004-6361/200911892,https://ui.adsabs.harvard.edu/abs/2009A&A...502..427V/abstract,https://arxiv.org/abs/0905.1770
NGC4569,NGC4569,post-peak,Boselli2016,"Boselli, A. (2016), Spectacular tails of ionized gas in the Virgo cluster galaxy NGC 4569.",10.1051/0004-6361/201527795,2016A&A...587A..68B,1601.04978,peer reviewed,full text,M 90; VCC 1690; UGC 7786; NGC 4569,deep Halpha imaging,disk and approximately 85 kpc tail,disk and approximately 85 kpc tail,Secs. 3-6,NGC4569 has an exceptionally long ionized tail whose morphology and energetics favour ram-pressure removal over a purely nuclear wind.,observed plus inferred,past strong ram pressure stripping,roughly 300 Myr after peak in the associated stripping model,Ionization and survival of diffuse clouds require assumptions.,Direct for H I/CO sources; otherwise contextual.,"See component synthesis; keep compression, removal, DIG, AGN and feedback distinct.","This galaxy combines genuine gas removal, long-lived ionized tail emission and a central wind; Halpha outside the disk is not in-situ SFR, while gas fraction strongly departs from equilibrium expectations.",direct Halpha observations plus modelling,very high,https://doi.org/10.1051/0004-6361/201527795,https://ui.adsabs.harvard.edu/abs/2016A&A...587A..68B/abstract,https://arxiv.org/abs/1601.04978
NGC4569,NGC4569,post-peak,Wezgowiec2011,"Weżgowiec, M. (2011), Hot gas in Mach cones around Virgo cluster spiral galaxies.",10.1051/0004-6361/201016344,2011A&A...531A..44W,1104.2713,peer reviewed,full text,M 90; VCC 1690; UGC 7786; NGC 4569,XMM-Newton X-ray imaging/spectroscopy,"NGC4388, NGC4501 and NGC4569","NGC4388, NGC4501 and NGC4569",Secs. 3-5,"Hot extraplanar gas and pressure structures provide independent evidence for ISM-ICM interaction, but AGN/outflow components differ among galaxies.",observed plus inferred,past strong ram pressure stripping,current hot-gas state,"Projection, low counts and nuclear contamination limit Mach-cone interpretation.",Direct for H I/CO sources; otherwise contextual.,"See component synthesis; keep compression, removal, DIG, AGN and feedback distinct.","This galaxy combines genuine gas removal, long-lived ionized tail emission and a central wind; Halpha outside the disk is not in-situ SFR, while gas fraction strongly departs from equilibrium expectations.",direct X-ray observations,very high,https://doi.org/10.1051/0004-6361/201016344,https://ui.adsabs.harvard.edu/abs/2011A&A...531A..44W/abstract,https://arxiv.org/abs/1104.2713
NGC4569,NGC4569,post-peak,Sun2026,"Sun, M. (2026), A Virgo Environmental Survey Tracing Ionised Gas Emission (VESTIGE) XIX. The discovery of a spectacular 230 kpc Hα tail following NGC 4569 in the Virgo cluster.",10.1051/0004-6361/202556225,2026A&A...705A.139S,2507.02527,peer reviewed,full text,M 90; VCC 1690; UGC 7786; NGC 4569,VESTIGE Halpha imaging and spectroscopy,NGC4569 disk-to-230 kpc tail,NGC4569 disk-to-230 kpc tail,Secs. 3-7,A roughly 230 kpc ionized tail with smooth kinematic deceleration extends the known RPS debris of NGC4569; the nuclear wind is distinct.,observed plus model-derived,past strong ram pressure stripping,stripping about 300 Myr ago; cloud survival roughly 0.5 Gyr,Tail ionization and drag/deceleration depend on ambient-medium assumptions.,Direct for H I/CO sources; otherwise contextual.,"See component synthesis; keep compression, removal, DIG, AGN and feedback distinct.","This galaxy combines genuine gas removal, long-lived ionized tail emission and a central wind; Halpha outside the disk is not in-situ SFR, while gas fraction strongly departs from equilibrium expectations.",direct Halpha imaging and spectroscopy,very high,https://doi.org/10.1051/0004-6361/202556225,https://ui.adsabs.harvard.edu/abs/2026A&A...705A.139S/abstract,https://arxiv.org/abs/2507.02527
NGC4579,NGC4579,post-peak,Chung2009,"Chung, Aeree (2009), VLA imaging of Virgo spirals in atomic gas (VIVA). I. The atlas and the H I properties.",10.1088/0004-6256/138/6/1741,2009AJ....138.1741C,0909.0781,peer reviewed,full text,M 58; VCC 1727; UGC 7796; NGC 4579,H I 21-cm,resolved galaxy disk and tail,VLA imaging/atlas,Appendix pp. 14-26; Tables 1-4,"The H I disk is moderately and symmetrically truncated, without a clear current tail.",observed,old/slow gas depletion,No environmental clock.,H I morphology is direct; mechanism and viewing geometry remain interpretive.,Direct for H I/CO sources; otherwise contextual.,"See component synthesis; keep compression, removal, DIG, AGN and feedback distinct.",AGN/DIG and bar inflow contaminate SFR/metallicity diagnostics; gas-based deficits should be interpreted separately from central emission.,direct resolved observations,moderate-low,https://doi.org/10.1088/0004-6256/138/6/1741,https://ui.adsabs.harvard.edu/abs/2009AJ....138.1741C/abstract,https://arxiv.org/abs/0909.0781
NGC4579,NGC4579,post-peak,Yoon2017,"Yoon, Hyein (2017), A history of H I stripping in Virgo: a phase-space view of VIVA galaxies.",10.3847/1538-4357/aa6579,2017ApJ...838...81Y,1704.00760,peer reviewed,full text,M 58; VCC 1727; UGC 7796; NGC 4579,H I morphology plus projected phase space,galaxy/cluster,VIVA class and projected phase-space comparison,Sec. 2.1; Table 1; Secs. 4-5,"Yoon class IV; provides a statistical stripping-stage context, not a unique orbit.",inferred,old/slow gas depletion,stage-scale only,Projected radius and line-of-sight velocity are degenerate with 3-D orbital state.,Direct for H I/CO sources; otherwise contextual.,"See component synthesis; keep compression, removal, DIG, AGN and feedback distinct.",AGN/DIG and bar inflow contaminate SFR/metallicity diagnostics; gas-based deficits should be interpreted separately from central emission.,phase-space/contextual inference,moderate-low,https://doi.org/10.3847/1538-4357/aa6579,https://ui.adsabs.harvard.edu/abs/2017ApJ...838...81Y/abstract,https://arxiv.org/abs/1704.00760
NGC4579,NGC4579,post-peak,Brown2021,"Brown, Toby (2021), VERTICO: the Virgo Environment Traced in CO survey.",10.3847/1538-4365/ac28f5,2021ApJS..257...21B,2111.00937,peer reviewed,full text,M 58; VCC 1727; UGC 7796; NGC 4579,CO(2-1),typically about 640 pc,VERTICO ACA survey,Sec. 2; Tables 1-2; Sec. 6,Provides resolved molecular-gas measurement and radial profiles; the survey paper alone does not identify this component's mechanism or orbit.,survey measurement,not assigned from this source,none,Survey selection is environmentally targeted and not Virgo-population complete.,Direct for H I/CO sources; otherwise contextual.,"See component synthesis; keep compression, removal, DIG, AGN and feedback distinct.",AGN/DIG and bar inflow contaminate SFR/metallicity diagnostics; gas-based deficits should be interpreted separately from central emission.,survey-level measurement,moderate-low,https://doi.org/10.3847/1538-4365/ac28f5,https://ui.adsabs.harvard.edu/abs/2021ApJS..257...21B/abstract,https://arxiv.org/abs/2111.00937
NGC4579,NGC4579,post-peak,Koppen2018,"Köppen, J (2018), Ram pressure stripping made easy: an analytical approach.",10.1093/mnras/sty1610,2018MNRAS.479.4367K,1806.05887,peer reviewed,full text,M 58; VCC 1727; UGC 7796; NGC 4579,H I deficiency and projected cluster context,galaxy/cluster,analytical peak/time-integrated pressure model,Secs. 7.2-7.3; Tables E1-E5,Analytical classification: past; compare with direct morphology before adoption.,model-derived,ram pressure,No environmental clock.,Peak pressures are uncertain at roughly factor-of-two level; model assumptions can misclassify tidal systems.,Direct for H I/CO sources; otherwise contextual.,"See component synthesis; keep compression, removal, DIG, AGN and feedback distinct.",AGN/DIG and bar inflow contaminate SFR/metallicity diagnostics; gas-based deficits should be interpreted separately from central emission.,analytical model inference,moderate-low,https://doi.org/10.1093/mnras/sty1610,https://ui.adsabs.harvard.edu/abs/2018MNRAS.479.4367K/abstract,https://arxiv.org/abs/1806.05887
NGC4580,NGC4580,post-peak,Chung2009,"Chung, Aeree (2009), VLA imaging of Virgo spirals in atomic gas (VIVA). I. The atlas and the H I properties.",10.1088/0004-6256/138/6/1741,2009AJ....138.1741C,0909.0781,peer reviewed,full text,VCC 1730; UGC 7794; NGC 4580,H I 21-cm,resolved galaxy disk and tail,VLA imaging/atlas,Appendix pp. 14-26; Tables 1-4,A severely truncated H I disk sits inside a regular stellar disk with no present tail.,observed,past ram pressure stripping/backsplash candidate,"Outer-disk quenching is about 475+/-100 Myr. Backsplash status is a phase-space/model inference, not directly observed.",H I morphology is direct; mechanism and viewing geometry remain interpretive.,Direct for H I/CO sources; otherwise contextual.,"See component synthesis; keep compression, removal, DIG, AGN and feedback distinct.",The galaxy is a strong post-event test of how metallicity and SFE evolve for roughly half a Gyr after abrupt outside-in gas loss.,direct resolved observations,high for past stripping; moderate for backsplash,https://doi.org/10.1088/0004-6256/138/6/1741,https://ui.adsabs.harvard.edu/abs/2009AJ....138.1741C/abstract,https://arxiv.org/abs/0909.0781
NGC4580,NGC4580,post-peak,Yoon2017,"Yoon, Hyein (2017), A history of H I stripping in Virgo: a phase-space view of VIVA galaxies.",10.3847/1538-4357/aa6579,2017ApJ...838...81Y,1704.00760,peer reviewed,full text,VCC 1730; UGC 7794; NGC 4580,H I morphology plus projected phase space,galaxy/cluster,VIVA class and projected phase-space comparison,Sec. 2.1; Table 1; Secs. 4-5,"Yoon class III; provides a statistical stripping-stage context, not a unique orbit.",inferred,past ram pressure stripping/backsplash candidate,stage-scale only,Projected radius and line-of-sight velocity are degenerate with 3-D orbital state.,Direct for H I/CO sources; otherwise contextual.,"See component synthesis; keep compression, removal, DIG, AGN and feedback distinct.",The galaxy is a strong post-event test of how metallicity and SFE evolve for roughly half a Gyr after abrupt outside-in gas loss.,phase-space/contextual inference,high for past stripping; moderate for backsplash,https://doi.org/10.3847/1538-4357/aa6579,https://ui.adsabs.harvard.edu/abs/2017ApJ...838...81Y/abstract,https://arxiv.org/abs/1704.00760
NGC4580,NGC4580,post-peak,Brown2021,"Brown, Toby (2021), VERTICO: the Virgo Environment Traced in CO survey.",10.3847/1538-4365/ac28f5,2021ApJS..257...21B,2111.00937,peer reviewed,full text,VCC 1730; UGC 7794; NGC 4580,CO(2-1),typically about 640 pc,VERTICO ACA survey,Sec. 2; Tables 1-2; Sec. 6,Provides resolved molecular-gas measurement and radial profiles; the survey paper alone does not identify this component's mechanism or orbit.,survey measurement,not assigned from this source,none,Survey selection is environmentally targeted and not Virgo-population complete.,Direct for H I/CO sources; otherwise contextual.,"See component synthesis; keep compression, removal, DIG, AGN and feedback distinct.",The galaxy is a strong post-event test of how metallicity and SFE evolve for roughly half a Gyr after abrupt outside-in gas loss.,survey-level measurement,high for past stripping; moderate for backsplash,https://doi.org/10.3847/1538-4365/ac28f5,https://ui.adsabs.harvard.edu/abs/2021ApJS..257...21B/abstract,https://arxiv.org/abs/2111.00937
NGC4580,NGC4580,post-peak,Koppen2018,"Köppen, J (2018), Ram pressure stripping made easy: an analytical approach.",10.1093/mnras/sty1610,2018MNRAS.479.4367K,1806.05887,peer reviewed,full text,VCC 1730; UGC 7794; NGC 4580,H I deficiency and projected cluster context,galaxy/cluster,analytical peak/time-integrated pressure model,Secs. 7.2-7.3; Tables E1-E5,Analytical classification: past; compare with direct morphology before adoption.,model-derived,ram pressure,"Outer-disk quenching is about 475+/-100 Myr. Backsplash status is a phase-space/model inference, not directly observed.",Peak pressures are uncertain at roughly factor-of-two level; model assumptions can misclassify tidal systems.,Direct for H I/CO sources; otherwise contextual.,"See component synthesis; keep compression, removal, DIG, AGN and feedback distinct.",The galaxy is a strong post-event test of how metallicity and SFE evolve for roughly half a Gyr after abrupt outside-in gas loss.,analytical model inference,high for past stripping; moderate for backsplash,https://doi.org/10.1093/mnras/sty1610,https://ui.adsabs.harvard.edu/abs/2018MNRAS.479.4367K/abstract,https://arxiv.org/abs/1806.05887
NGC4580,NGC4580,post-peak,CrowlKenney2008,"Crowl, Hugh H. (2008), The stellar populations of stripped spiral galaxies in the Virgo cluster.",10.1088/0004-6256/136/4/1623,2008AJ....136.1623C,0807.3747,peer reviewed,full text,VCC 1730; UGC 7794; NGC 4580,optical spectroscopy plus UV,truncated outer disks of ten Virgo spirals,truncated outer disks of ten Virgo spirals,Secs. 3-5; Tables 3-5,"Resolved outer-disk stellar populations yield galaxy-specific cessation ages from less than 200 to about 500 Myr, demonstrating rapid outside-in quenching.",model-derived from observations,past ram pressure stripping/backsplash candidate,component-specific values in Tables 3-5,"SFH priors, dust and aperture placement contribute uncertainty.",Direct for H I/CO sources; otherwise contextual.,"See component synthesis; keep compression, removal, DIG, AGN and feedback distinct.",The galaxy is a strong post-event test of how metallicity and SFE evolve for roughly half a Gyr after abrupt outside-in gas loss.,stellar-population modelling,high for past stripping; moderate for backsplash,https://doi.org/10.1088/0004-6256/136/4/1623,https://ui.adsabs.harvard.edu/abs/2008AJ....136.1623C/abstract,https://arxiv.org/abs/0807.3747
NGC4606,NGC4606,post-peak,Chung2009,"Chung, Aeree (2009), VLA imaging of Virgo spirals in atomic gas (VIVA). I. The atlas and the H I properties.",10.1088/0004-6256/138/6/1741,2009AJ....138.1741C,0909.0781,peer reviewed,full text,VCC 1859; UGC 7839; NGC 4606,H I 21-cm,resolved galaxy disk and tail,VLA imaging/atlas,Appendix pp. 14-26; Tables 1-4,H I occupies only a small fraction of the stellar disk and is strongly deficient.,observed,past severe gas stripping,No direct clock; Köppen treats it as a past stripper.,H I morphology is direct; mechanism and viewing geometry remain interpretive.,Direct for H I/CO sources; otherwise contextual.,"See component synthesis; keep compression, removal, DIG, AGN and feedback distinct.","Tidal inflow and gas stripping can offset one another in SFR and metallicity, making an integrated post-peak residual non-unique.",direct resolved observations,moderate,https://doi.org/10.1088/0004-6256/138/6/1741,https://ui.adsabs.harvard.edu/abs/2009AJ....138.1741C/abstract,https://arxiv.org/abs/0909.0781
NGC4606,NGC4606,post-peak,Yoon2017,"Yoon, Hyein (2017), A history of H I stripping in Virgo: a phase-space view of VIVA galaxies.",10.3847/1538-4357/aa6579,2017ApJ...838...81Y,1704.00760,peer reviewed,full text,VCC 1859; UGC 7839; NGC 4606,H I morphology plus projected phase space,galaxy/cluster,VIVA class and projected phase-space comparison,Sec. 2.1; Table 1; Secs. 4-5,"Yoon class III; provides a statistical stripping-stage context, not a unique orbit.",inferred,past severe gas stripping,stage-scale only,Projected radius and line-of-sight velocity are degenerate with 3-D orbital state.,Direct for H I/CO sources; otherwise contextual.,"See component synthesis; keep compression, removal, DIG, AGN and feedback distinct.","Tidal inflow and gas stripping can offset one another in SFR and metallicity, making an integrated post-peak residual non-unique.",phase-space/contextual inference,moderate,https://doi.org/10.3847/1538-4357/aa6579,https://ui.adsabs.harvard.edu/abs/2017ApJ...838...81Y/abstract,https://arxiv.org/abs/1704.00760
NGC4606,NGC4606,post-peak,Brown2021,"Brown, Toby (2021), VERTICO: the Virgo Environment Traced in CO survey.",10.3847/1538-4365/ac28f5,2021ApJS..257...21B,2111.00937,peer reviewed,full text,VCC 1859; UGC 7839; NGC 4606,CO(2-1),typically about 640 pc,VERTICO ACA survey,Sec. 2; Tables 1-2; Sec. 6,Provides resolved molecular-gas measurement and radial profiles; the survey paper alone does not identify this component's mechanism or orbit.,survey measurement,not assigned from this source,none,Survey selection is environmentally targeted and not Virgo-population complete.,Direct for H I/CO sources; otherwise contextual.,"See component synthesis; keep compression, removal, DIG, AGN and feedback distinct.","Tidal inflow and gas stripping can offset one another in SFR and metallicity, making an integrated post-peak residual non-unique.",survey-level measurement,moderate,https://doi.org/10.3847/1538-4365/ac28f5,https://ui.adsabs.harvard.edu/abs/2021ApJS..257...21B/abstract,https://arxiv.org/abs/2111.00937
NGC4606,NGC4606,post-peak,Koppen2018,"Köppen, J (2018), Ram pressure stripping made easy: an analytical approach.",10.1093/mnras/sty1610,2018MNRAS.479.4367K,1806.05887,peer reviewed,full text,VCC 1859; UGC 7839; NGC 4606,H I deficiency and projected cluster context,galaxy/cluster,analytical peak/time-integrated pressure model,Secs. 7.2-7.3; Tables E1-E5,Analytical classification: past; compare with direct morphology before adoption.,model-derived,ram pressure,No direct clock; Köppen treats it as a past stripper.,Peak pressures are uncertain at roughly factor-of-two level; model assumptions can misclassify tidal systems.,Direct for H I/CO sources; otherwise contextual.,"See component synthesis; keep compression, removal, DIG, AGN and feedback distinct.","Tidal inflow and gas stripping can offset one another in SFR and metallicity, making an integrated post-peak residual non-unique.",analytical model inference,moderate,https://doi.org/10.1093/mnras/sty1610,https://ui.adsabs.harvard.edu/abs/2018MNRAS.479.4367K/abstract,https://arxiv.org/abs/1806.05887
NGC4606,NGC4606,post-peak,Edler2024,"Edler, H. W. (2024), ViCTORIA project: The LOFAR view of environmental effects in Virgo cluster star-forming galaxies.",10.1051/0004-6361/202348301,2024A&A...683A.149E,2311.01904,peer reviewed,full text,VCC 1859; UGC 7839; NGC 4606,LOFAR radio continuum,resolved Virgo-galaxy survey,resolved Virgo-galaxy survey,Secs. 3-6; Tables 1-3,Low-frequency asymmetries identify candidate ongoing RPS and retain signatures after H I morphology has partly relaxed.,survey observation plus inferred,past severe gas stripping,current/recent radio state,"Radio morphology can also reflect tides, star formation and viewing angle.",Direct for H I/CO sources; otherwise contextual.,"See component synthesis; keep compression, removal, DIG, AGN and feedback distinct.","Tidal inflow and gas stripping can offset one another in SFR and metallicity, making an integrated post-peak residual non-unique.",direct radio survey observations,moderate,https://doi.org/10.1051/0004-6361/202348301,https://ui.adsabs.harvard.edu/abs/2024A&A...683A.149E/abstract,https://arxiv.org/abs/2311.01904
NGC4607,NGC4607,post-peak,Chung2009,"Chung, Aeree (2009), VLA imaging of Virgo spirals in atomic gas (VIVA). I. The atlas and the H I properties.",10.1088/0004-6256/138/6/1741,2009AJ....138.1741C,0909.0781,peer reviewed,full text,VCC 1868; UGC 7843; NGC 4607,H I 21-cm,resolved galaxy disk and tail,VLA imaging/atlas,Appendix pp. 14-26; Tables 1-4,The edge-on H I disk is truncated and deficient.,observed,past or ongoing ram pressure stripping,No tailored time.,H I morphology is direct; mechanism and viewing geometry remain interpretive.,Direct for H I/CO sources; otherwise contextual.,"See component synthesis; keep compression, removal, DIG, AGN and feedback distinct.",Radio evidence can persist or reveal current pressure after H I truncation; gas mass and SFR clocks may therefore be asynchronous.,direct resolved observations,moderate,https://doi.org/10.1088/0004-6256/138/6/1741,https://ui.adsabs.harvard.edu/abs/2009AJ....138.1741C/abstract,https://arxiv.org/abs/0909.0781
NGC4607,NGC4607,post-peak,Yoon2017,"Yoon, Hyein (2017), A history of H I stripping in Virgo: a phase-space view of VIVA galaxies.",10.3847/1538-4357/aa6579,2017ApJ...838...81Y,1704.00760,peer reviewed,full text,VCC 1868; UGC 7843; NGC 4607,H I morphology plus projected phase space,galaxy/cluster,VIVA class and projected phase-space comparison,Sec. 2.1; Table 1; Secs. 4-5,"Yoon class III; provides a statistical stripping-stage context, not a unique orbit.",inferred,past or ongoing ram pressure stripping,stage-scale only,Projected radius and line-of-sight velocity are degenerate with 3-D orbital state.,Direct for H I/CO sources; otherwise contextual.,"See component synthesis; keep compression, removal, DIG, AGN and feedback distinct.",Radio evidence can persist or reveal current pressure after H I truncation; gas mass and SFR clocks may therefore be asynchronous.,phase-space/contextual inference,moderate,https://doi.org/10.3847/1538-4357/aa6579,https://ui.adsabs.harvard.edu/abs/2017ApJ...838...81Y/abstract,https://arxiv.org/abs/1704.00760
NGC4607,NGC4607,post-peak,Brown2021,"Brown, Toby (2021), VERTICO: the Virgo Environment Traced in CO survey.",10.3847/1538-4365/ac28f5,2021ApJS..257...21B,2111.00937,peer reviewed,full text,VCC 1868; UGC 7843; NGC 4607,CO(2-1),typically about 640 pc,VERTICO ACA survey,Sec. 2; Tables 1-2; Sec. 6,Provides resolved molecular-gas measurement and radial profiles; the survey paper alone does not identify this component's mechanism or orbit.,survey measurement,not assigned from this source,none,Survey selection is environmentally targeted and not Virgo-population complete.,Direct for H I/CO sources; otherwise contextual.,"See component synthesis; keep compression, removal, DIG, AGN and feedback distinct.",Radio evidence can persist or reveal current pressure after H I truncation; gas mass and SFR clocks may therefore be asynchronous.,survey-level measurement,moderate,https://doi.org/10.3847/1538-4365/ac28f5,https://ui.adsabs.harvard.edu/abs/2021ApJS..257...21B/abstract,https://arxiv.org/abs/2111.00937
NGC4607,NGC4607,post-peak,Koppen2018,"Köppen, J (2018), Ram pressure stripping made easy: an analytical approach.",10.1093/mnras/sty1610,2018MNRAS.479.4367K,1806.05887,peer reviewed,full text,VCC 1868; UGC 7843; NGC 4607,H I deficiency and projected cluster context,galaxy/cluster,analytical peak/time-integrated pressure model,Secs. 7.2-7.3; Tables E1-E5,Analytical classification: past; compare with direct morphology before adoption.,model-derived,ram pressure,No tailored time.,Peak pressures are uncertain at roughly factor-of-two level; model assumptions can misclassify tidal systems.,Direct for H I/CO sources; otherwise contextual.,"See component synthesis; keep compression, removal, DIG, AGN and feedback distinct.",Radio evidence can persist or reveal current pressure after H I truncation; gas mass and SFR clocks may therefore be asynchronous.,analytical model inference,moderate,https://doi.org/10.1093/mnras/sty1610,https://ui.adsabs.harvard.edu/abs/2018MNRAS.479.4367K/abstract,https://arxiv.org/abs/1806.05887
NGC4607,NGC4607,post-peak,Edler2024,"Edler, H. W. (2024), ViCTORIA project: The LOFAR view of environmental effects in Virgo cluster star-forming galaxies.",10.1051/0004-6361/202348301,2024A&A...683A.149E,2311.01904,peer reviewed,full text,VCC 1868; UGC 7843; NGC 4607,LOFAR radio continuum,resolved Virgo-galaxy survey,resolved Virgo-galaxy survey,Secs. 3-6; Tables 1-3,Low-frequency asymmetries identify candidate ongoing RPS and retain signatures after H I morphology has partly relaxed.,survey observation plus inferred,past or ongoing ram pressure stripping,current/recent radio state,"Radio morphology can also reflect tides, star formation and viewing angle.",Direct for H I/CO sources; otherwise contextual.,"See component synthesis; keep compression, removal, DIG, AGN and feedback distinct.",Radio evidence can persist or reveal current pressure after H I truncation; gas mass and SFR clocks may therefore be asynchronous.,direct radio survey observations,moderate,https://doi.org/10.1051/0004-6361/202348301,https://ui.adsabs.harvard.edu/abs/2024A&A...683A.149E/abstract,https://arxiv.org/abs/2311.01904
NGC4689,NGC4689,post-peak,Chung2009,"Chung, Aeree (2009), VLA imaging of Virgo spirals in atomic gas (VIVA). I. The atlas and the H I properties.",10.1088/0004-6256/138/6/1741,2009AJ....138.1741C,0909.0781,peer reviewed,full text,VCC 2058; UGC 7965; NGC 4689,H I 21-cm,resolved galaxy disk and tail,VLA imaging/atlas,Appendix pp. 14-26; Tables 1-4,The H I disk is mildly and symmetrically truncated with no clear current wind feature.,observed,old/slow gas depletion,No direct clock.,H I morphology is direct; mechanism and viewing geometry remain interpretive.,Direct for H I/CO sources; otherwise contextual.,"See component synthesis; keep compression, removal, DIG, AGN and feedback distinct.",This is a slow-processing comparison where gas and SFR may evolve together more nearly than in active strippers; resolved cloud physics remains an internal confounder.,direct resolved observations,moderate-low,https://doi.org/10.1088/0004-6256/138/6/1741,https://ui.adsabs.harvard.edu/abs/2009AJ....138.1741C/abstract,https://arxiv.org/abs/0909.0781
NGC4689,NGC4689,post-peak,Yoon2017,"Yoon, Hyein (2017), A history of H I stripping in Virgo: a phase-space view of VIVA galaxies.",10.3847/1538-4357/aa6579,2017ApJ...838...81Y,1704.00760,peer reviewed,full text,VCC 2058; UGC 7965; NGC 4689,H I morphology plus projected phase space,galaxy/cluster,VIVA class and projected phase-space comparison,Sec. 2.1; Table 1; Secs. 4-5,"Yoon class IV; provides a statistical stripping-stage context, not a unique orbit.",inferred,old/slow gas depletion,stage-scale only,Projected radius and line-of-sight velocity are degenerate with 3-D orbital state.,Direct for H I/CO sources; otherwise contextual.,"See component synthesis; keep compression, removal, DIG, AGN and feedback distinct.",This is a slow-processing comparison where gas and SFR may evolve together more nearly than in active strippers; resolved cloud physics remains an internal confounder.,phase-space/contextual inference,moderate-low,https://doi.org/10.3847/1538-4357/aa6579,https://ui.adsabs.harvard.edu/abs/2017ApJ...838...81Y/abstract,https://arxiv.org/abs/1704.00760
NGC4689,NGC4689,post-peak,Brown2021,"Brown, Toby (2021), VERTICO: the Virgo Environment Traced in CO survey.",10.3847/1538-4365/ac28f5,2021ApJS..257...21B,2111.00937,peer reviewed,full text,VCC 2058; UGC 7965; NGC 4689,CO(2-1),typically about 640 pc,VERTICO ACA survey,Sec. 2; Tables 1-2; Sec. 6,Provides resolved molecular-gas measurement and radial profiles; the survey paper alone does not identify this component's mechanism or orbit.,survey measurement,not assigned from this source,none,Survey selection is environmentally targeted and not Virgo-population complete.,Direct for H I/CO sources; otherwise contextual.,"See component synthesis; keep compression, removal, DIG, AGN and feedback distinct.",This is a slow-processing comparison where gas and SFR may evolve together more nearly than in active strippers; resolved cloud physics remains an internal confounder.,survey-level measurement,moderate-low,https://doi.org/10.3847/1538-4365/ac28f5,https://ui.adsabs.harvard.edu/abs/2021ApJS..257...21B/abstract,https://arxiv.org/abs/2111.00937
NGC4689,NGC4689,post-peak,Koppen2018,"Köppen, J (2018), Ram pressure stripping made easy: an analytical approach.",10.1093/mnras/sty1610,2018MNRAS.479.4367K,1806.05887,peer reviewed,full text,VCC 2058; UGC 7965; NGC 4689,H I deficiency and projected cluster context,galaxy/cluster,analytical peak/time-integrated pressure model,Secs. 7.2-7.3; Tables E1-E5,Analytical classification: past; compare with direct morphology before adoption.,model-derived,ram pressure,No direct clock.,Peak pressures are uncertain at roughly factor-of-two level; model assumptions can misclassify tidal systems.,Direct for H I/CO sources; otherwise contextual.,"See component synthesis; keep compression, removal, DIG, AGN and feedback distinct.",This is a slow-processing comparison where gas and SFR may evolve together more nearly than in active strippers; resolved cloud physics remains an internal confounder.,analytical model inference,moderate-low,https://doi.org/10.1093/mnras/sty1610,https://ui.adsabs.harvard.edu/abs/2018MNRAS.479.4367K/abstract,https://arxiv.org/abs/1806.05887
NGC4698,NGC4698,post-peak,Chung2009,"Chung, Aeree (2009), VLA imaging of Virgo spirals in atomic gas (VIVA). I. The atlas and the H I properties.",10.1088/0004-6256/138/6/1741,2009AJ....138.1741C,0909.0781,peer reviewed,full text,VCC 2070; UGC 7970; NGC 4698,H I 21-cm,resolved galaxy disk and tail,VLA imaging/atlas,Appendix pp. 14-26; Tables 1-4,"The H I disk extends to roughly twice the stellar disk and is mostly regular; two short SE tails and NW compression are only tentative weak/incipient RPS indicators, not a classic post-stripping remnant.",observed,ancient external accretion plus uncertain weak cluster stripping,No tailored RPS clock. The polar event is older than 5 Gyr; Köppen's past-strip label is analytical and carries at least factor-of-two pressure uncertainty.,H I morphology is direct; mechanism and viewing geometry remain interpretive.,Direct for H I/CO sources; otherwise contextual.,"See component synthesis; keep compression, removal, DIG, AGN and feedback distinct.",The ancient polar component may cause central chemical/kinematic decoupling but is not evidence for current dilution. Very low SFR and uncertain gas processing make either FMR projection non-unique.,direct resolved observations,high for ancient accretion; low for adopted post-peak ICM status,https://doi.org/10.1088/0004-6256/138/6/1741,https://ui.adsabs.harvard.edu/abs/2009AJ....138.1741C/abstract,https://arxiv.org/abs/0909.0781
NGC4698,NGC4698,post-peak,Yoon2017,"Yoon, Hyein (2017), A history of H I stripping in Virgo: a phase-space view of VIVA galaxies.",10.3847/1538-4357/aa6579,2017ApJ...838...81Y,1704.00760,peer reviewed,full text,VCC 2070; UGC 7970; NGC 4698,H I morphology plus projected phase space,galaxy/cluster,VIVA class and projected phase-space comparison,Sec. 2.1; Table 1; Secs. 4-5,"Yoon class I; provides a statistical stripping-stage context, not a unique orbit.",inferred,ancient external accretion plus uncertain weak cluster stripping,stage-scale only,Projected radius and line-of-sight velocity are degenerate with 3-D orbital state.,Direct for H I/CO sources; otherwise contextual.,"See component synthesis; keep compression, removal, DIG, AGN and feedback distinct.",The ancient polar component may cause central chemical/kinematic decoupling but is not evidence for current dilution. Very low SFR and uncertain gas processing make either FMR projection non-unique.,phase-space/contextual inference,high for ancient accretion; low for adopted post-peak ICM status,https://doi.org/10.3847/1538-4357/aa6579,https://ui.adsabs.harvard.edu/abs/2017ApJ...838...81Y/abstract,https://arxiv.org/abs/1704.00760
NGC4698,NGC4698,post-peak,Brown2021,"Brown, Toby (2021), VERTICO: the Virgo Environment Traced in CO survey.",10.3847/1538-4365/ac28f5,2021ApJS..257...21B,2111.00937,peer reviewed,full text,VCC 2070; UGC 7970; NGC 4698,CO(2-1),typically about 640 pc,VERTICO ACA survey,Sec. 2; Tables 1-2; Sec. 6,Provides resolved molecular-gas measurement and radial profiles; the survey paper alone does not identify this component's mechanism or orbit.,survey measurement,not assigned from this source,none,Survey selection is environmentally targeted and not Virgo-population complete.,Direct for H I/CO sources; otherwise contextual.,"See component synthesis; keep compression, removal, DIG, AGN and feedback distinct.",The ancient polar component may cause central chemical/kinematic decoupling but is not evidence for current dilution. Very low SFR and uncertain gas processing make either FMR projection non-unique.,survey-level measurement,high for ancient accretion; low for adopted post-peak ICM status,https://doi.org/10.3847/1538-4365/ac28f5,https://ui.adsabs.harvard.edu/abs/2021ApJS..257...21B/abstract,https://arxiv.org/abs/2111.00937
NGC4698,NGC4698,post-peak,Koppen2018,"Köppen, J (2018), Ram pressure stripping made easy: an analytical approach.",10.1093/mnras/sty1610,2018MNRAS.479.4367K,1806.05887,peer reviewed,full text,VCC 2070; UGC 7970; NGC 4698,H I deficiency and projected cluster context,galaxy/cluster,analytical peak/time-integrated pressure model,Secs. 7.2-7.3; Tables E1-E5,Analytical classification: past; compare with direct morphology before adoption.,model-derived,ram pressure,No tailored RPS clock. The polar event is older than 5 Gyr; Köppen's past-strip label is analytical and carries at least factor-of-two pressure uncertainty.,Peak pressures are uncertain at roughly factor-of-two level; model assumptions can misclassify tidal systems.,Direct for H I/CO sources; otherwise contextual.,"See component synthesis; keep compression, removal, DIG, AGN and feedback distinct.",The ancient polar component may cause central chemical/kinematic decoupling but is not evidence for current dilution. Very low SFR and uncertain gas processing make either FMR projection non-unique.,analytical model inference,high for ancient accretion; low for adopted post-peak ICM status,https://doi.org/10.1093/mnras/sty1610,https://ui.adsabs.harvard.edu/abs/2018MNRAS.479.4367K/abstract,https://arxiv.org/abs/1806.05887
NGC4698,NGC4698,post-peak,Bertola1999,"Bertola, F. (1999), The bulge-disk orthogonal decoupling in galaxies: NGC 4698.",10.1086/312111,1999ApJ...519L.127B,astro-ph/9904087,peer reviewed,full text,VCC 2070; UGC 7970; NGC 4698,stellar and ionized-gas kinematics,nuclear and main-disk axes,nuclear and main-disk axes,pp. L128-L130,"NGC4698 contains orthogonally rotating/structured central components, demonstrating external acquisition rather than a simple axisymmetric disk history.",observed plus inferred,ancient external accretion plus uncertain weak cluster stripping,ancient; no Virgo clock,Structural decoupling does not by itself identify cluster processing.,Direct for H I/CO sources; otherwise contextual.,"See component synthesis; keep compression, removal, DIG, AGN and feedback distinct.",The ancient polar component may cause central chemical/kinematic decoupling but is not evidence for current dilution. Very low SFR and uncertain gas processing make either FMR projection non-unique.,direct stellar and gas kinematics,high for ancient accretion; low for adopted post-peak ICM status,https://doi.org/10.1086/312111,https://ui.adsabs.harvard.edu/abs/1999ApJ...519L.127B/abstract,https://arxiv.org/abs/astro-ph/9904087
NGC4698,NGC4698,post-peak,Corsini2012,"Corsini, E. M. (2012), Polar bulges and polar nuclear discs: the case of NGC 4698.",10.1111/j.1745-3933.2012.01261.x,2012MNRAS.423L..79C,1204.2265,peer reviewed,full text,VCC 2070; UGC 7970; NGC 4698,HST/UKIRT photometry and stellar populations,polar bulge and nuclear disk,polar bulge and nuclear disk,Secs. 2-4,The polar stellar+gas nuclear disk in NGC4698 is an ancient externally acquired component whose star formation ended more than 5 Gyr ago.,observed plus inferred,ancient external accretion plus uncertain weak cluster stripping,>5 Gyr for polar component,"This is an assembly clock, not a current Virgo-processing clock.",Direct for H I/CO sources; otherwise contextual.,"See component synthesis; keep compression, removal, DIG, AGN and feedback distinct.",The ancient polar component may cause central chemical/kinematic decoupling but is not evidence for current dilution. Very low SFR and uncertain gas processing make either FMR projection non-unique.,direct stellar and ionized-gas kinematics,high for ancient accretion; low for adopted post-peak ICM status,https://doi.org/10.1111/j.1745-3933.2012.01261.x,https://ui.adsabs.harvard.edu/abs/2012MNRAS.423L..79C/abstract,https://arxiv.org/abs/1204.2265
NGC4698,NGC4698,post-peak,Brown2026,"Brown, Toby (2026), MAUVE-MUSE: Ionization and Kinematic Signatures of Environmental Effects on Virgo Cluster Disks.",10.3847/1538-4357/ae632e,2026ApJ..1004...73B,2604.20056,peer reviewed,full text,VCC 2070; UGC 7970; NGC 4698,MUSE emission-line ratios and velocity dispersion,resolved spaxels in 12 early-release MAUVE galaxies,resolved spaxels in 12 early-release MAUVE galaxies,Secs. 3-6; Table 2,Non-HII excitation and high-dispersion gas are more prevalent than in field controls; diffuse ionized gas dominates much of the excess and shocks are secondary.,observed survey comparison,ancient external accretion plus uncertain weak cluster stripping,current ionized-gas state,Early-release subset; excitation fractions depend on selections and spatial resolution.,Direct for H I/CO sources; otherwise contextual.,"See component synthesis; keep compression, removal, DIG, AGN and feedback distinct.",The ancient polar component may cause central chemical/kinematic decoupling but is not evidence for current dilution. Very low SFR and uncertain gas processing make either FMR projection non-unique.,direct resolved ionized-gas observations,high for ancient accretion; low for adopted post-peak ICM status,https://doi.org/10.3847/1538-4357/ae632e,https://ui.adsabs.harvard.edu/abs/2026ApJ..1004...73B/abstract,https://arxiv.org/abs/2604.20056
NGC4698,NGC4698,post-peak,Huang2026,"Huang, Rongjun (2026), MAUVE-MUSE: when metallicity follows or fights star formation - a mass-dependent inversion in Virgo galaxies.",10.1093/mnras/stag1019,2026MNRAS.549g1019H,,peer reviewed,full text or accepted manuscript,VCC 2070; UGC 7970; NGC 4698,MUSE metallicity and Sigma_SFR,resolved HII-region spaxels in 14 MAUVE galaxies,resolved HII-region spaxels in 14 MAUVE galaxies,Secs. 3-6; Figs. 3-6,The residual metallicity-SFR relation changes sign with calibration and within galaxies; NGC4383 is a robust 0.1-0.2 dex low-metallicity outlier and NGC4192 changes internal sign.,observed analysis,ancient external accretion plus uncertain weak cluster stripping,current resolved state,"Strong-line calibration, DIG/HII selection and hierarchical sampling dominate interpretation.",Direct for H I/CO sources; otherwise contextual.,"See component synthesis; keep compression, removal, DIG, AGN and feedback distinct.",The ancient polar component may cause central chemical/kinematic decoupling but is not evidence for current dilution. Very low SFR and uncertain gas processing make either FMR projection non-unique.,direct resolved metallicity analysis,high for ancient accretion; low for adopted post-peak ICM status,https://doi.org/10.1093/mnras/stag1019,https://ui.adsabs.harvard.edu/abs/2026MNRAS.549g1019H/abstract,
