zone,time_Myr,Sigma_HI,Sigma_H2,young_Halpha_Lref,continuing_Halpha_Lref,F_SF,F_NSF,F_ND,I_SF_apparent,I_NSF_Halpha,J_NSF_Halpha
inner,0.0,2.4,8.0,8.026355340395725,2.0,0.6534349421495421,0.3465650578504579,0.0,0.011449955987078944,4.8631040463179145e+38,1.685381935144964e+38
inner,2.0,2.3654510849577175,7.975395224458851,8.022014980239403,1.9966694429018774,0.6530385566155774,0.3469614433844226,0.0,0.01144741192839297,4.860897074560082e+38,1.6865438651324833e+38
inner,4.0,2.3313995147198514,7.950812279646557,8.010970950574416,1.9933444321090465,0.6523614814979977,0.34763851850200234,0.0,0.011439507991080379,4.85818851127042e+38,1.688893456661497e+38
inner,6.0,2.2978381298183206,7.9262520711357745,7.9954406979292525,1.9900249583853646,0.6514952061783799,0.34850479382162014,0.0,0.011428017653250008,4.85514158640529e+38,1.6920401175449493e+38
inner,8.0,2.2647598738483166,7.9017154869861,7.976910917599296,1.9867110125100689,0.6505008441612139,0.3494991558387861,0.0,0.011414130029273316,4.8518654009401204e+38,1.6957228618719854e+38
inner,10.0,2.232157791984668,7.877203398012602,7.956378461934451,1.983402585277752,0.6494193299135171,0.35058067008648286,0.0,0.011398642432860167,4.848433067365049e+38,1.6997669136263005e+38
inner,12.0,2.200025029519565,7.852716658050435,7.93451182608174,1.9800996674983362,0.6482781339476414,0.35172186605235856,0.0,0.011382089514880872,4.844893668590764e+38,1.7040550419420007e+38
inner,14.0,2.16835483042133,7.828256104215583,7.911759395202549,1.9768022499970477,0.6470957166660393,0.35290428333396073,0.0,0.011364829849605837,4.841280196697532e+38,1.7085085182344392e+38
inner,16.0,2.137140535913934,7.803822557161794,7.888422004837843,1.9735103236143914,0.6458844968363534,0.3541155031636466,0.0,0.011347103982707909,4.8376148479643095e+38,1.7130744159988094e+38
inner,18.0,2.1063755830769724,7.779416821333741,7.864701579659844,1.9702238792061253,0.6446528366216555,0.3553471633783445,0.0,0.011329073343632132,4.83391256593602e+38,1.7177171183242996e+38
inner,20.0,2.076053503465779,7.755039685216498,7.840733737085375,1.966942907643235,0.6434063719471914,0.3565936280528086,0.0,0.011310846328922066,4.8301834173587086e+38,1.722412628956455e+38
inner,22.0,2.0461679217514157,7.730691921581357,7.816609642213334,1.9636673998119083,0.6421489054564076,0.35785109454359243,0.0,0.011292495785459732,4.826434187793964e+38,1.7271447568446846e+38
inner,24.0,2.016712554380235,7.706374287728046,7.792390657708047,1.9603973466135105,0.6408830064804931,0.3591169935195069,0.0,0.011274070728925122,4.822669454255429e+38,1.7319025551505706e+38
inner,26.0,1.9876812082527409,7.682087525723402,7.768118163989255,1.9571327389645583,0.6396104144276208,0.3603895855723792,0.0,0.011255604198196408,4.818892306762468e+38,1.7366786013520523e+38
inner,28.0,1.9590677794214637,7.657832362636551,7.74382014198065,1.9538735677966952,0.6383323101256235,0.3616676898743765,0.0,0.011237118519794578,4.815104833943895e+38,1.7414678417954318e+38
inner,30.0,1.9308662518075868,7.633609510770649,7.719515585735343,1.9506198240566652,0.6370494983985975,0.3629505016014025,0.0,0.011218628836396124,4.811308449948881e+38,1.746266815268013e+38
inner,32.0,1.9030706959360408,7.609419667891216,7.695217460383219,1.94737149870629,0.6357625309413112,0.3642374690586888,0.0,0.011200145471841819,4.807504114571393e+38,1.7510731311807167e+38
inner,34.0,1.875675267688811,7.585263517451139,7.670934684977311,1.944128582722441,0.634471789025315,0.365528210974685,0.0,0.011181675516315976,4.803692481491743e+38,1.7558851188322223e+38
inner,36.0,1.84867420707619,7.561141728812368,7.646673461709271,1.9408910670970163,0.6331775391731248,0.3668224608268752,0.0,0.011163223888852944,4.799873998119271e+38,1.760701591649043e+38
inner,38.0,1.8220618370257173,7.53705495746437,7.622438166981924,1.9376589428369149,0.6318799706380203,0.36812002936197974,0.0,0.011144794049528664,4.796048972842652e+38,1.7655216887043303e+38
inner,40.0,1.7958325621885562,7.513003845239379,7.598231948784757,1.9344322009640118,0.6305792206364768,0.36942077936352324,0.0,0.011126388476857712,4.7922176203297565e+38,1.770344768181827e+38
inner,42.0,1.7699808677630495,7.488989020524488,7.5740571271973165,1.931210832515133,0.629275391335845,0.370724608664155,0.0,0.011108008987822115,4.7883800920431165e+38,1.775170335757915e+38
inner,44.0,1.7445013183352118,7.46501109847063,7.54991546292426,1.9279948285420307,0.6279685612915258,0.3720314387084742,0.0,0.011089656952425557,4.7845364967970254e+38,1.7799979964566005e+38
inner,46.0,1.7193885567359146,7.441070681198504,7.525808337368387,1.9247841801113585,0.6266587931473491,0.37334120685265093,0.0,0.011071333437553989,4.780686914606714e+38,1.784827422283947e+38
inner,48.0,1.6946373029145225,7.417168358001465,7.50173687340476,1.9215788783046464,0.6253461388201464,0.37465386117985355,0.0,0.011053039303454061,4.776831406018957e+38,1.7896583304701908e+38
inner,50.0,1.6702423528287407,7.3933047055454475,7.477702016404608,1.9183789142182763,0.6240306429905418,0.3759693570094582,0.0,0.011034775268453362,4.7729700183988655e+38,1.794490468842843e+38
inner,52.0,1.6461985773504484,7.369480288065959,7.453704588612896,1.9151842789634572,0.6227123454533727,0.37728765454662727,0.0,0.01101654195239446,4.769102790166162e+38,1.7993236059935672e+38
inner,54.0,1.622500921187279,7.345695657562162,7.429745325663326,1.9119949636662,0.6213912827003348,0.37860871729966517,0.0,0.01099833990580123,4.765229753650156e+38,1.8041575246676852e+38
inner,56.0,1.5991444018197272,7.3219513539881325,7.405824901118777,1.9088109594672933,0.6200674889857003,0.3799325110142997,0.0,0.010980169629481564,4.761350937014263e+38,1.808992017320118e+38
inner,58.0,1.5761241084535558,7.29824790544129,7.381943942984021,1.9056322575222793,0.6187409970440003,0.3812590029559997,0.0,0.010962031587719516,4.757466365553489e+38,1.8138268831276265e+38
inner,60.0,1.5534352009872832,7.274585828348067,7.358103044836362,1.902458849001428,0.617411838573374,0.382588161426626,0.0,0.010943926217169846,4.7535760625697384e+38,1.8186619259801762e+38
inner,62.0,1.531072908994533,7.2509656276468535,7.334302773347658,1.899290725089714,0.6160800445611445,0.3839199554388555,0.0,0.01092585393287151,4.749680049962521e+38,1.823496953130432e+38
inner,64.0,1.5090325307210362,7.2273877969682525,7.310543673386517,1.896127876986791,0.6147456455031576,0.3852543544968424,0.0,0.01090781513232928,4.7457783486279326e+38,1.828331774285745e+38
inner,66.0,1.487309432096069,7.203852818812674,7.286826271497552,1.8929702959069676,0.6134086715515882,0.3865913284484118,0.0,0.010889810198299803,4.741870978728582e+38,1.833166200997653e+38
inner,68.0,1.465899045758122,7.180361164725339,7.263151078291894,1.8898179730791835,0.6120691526145774,0.3879308473854226,0.0,0.010871839500708603,4.73795795987643e+38,1.8380000462513717e+38
inner,70.0,1.444796870094597,7.15691329546869,7.239518590107007,1.8866708997469843,0.6107271184234273,0.3892728815765727,0.0,0.010853903397983785,4.7340393112569315e+38,1.842833124189759e+38
inner,72.0,1.4239984682953246,7.133509661192281,7.215929290175891,1.8835290671684974,0.6093825985779464,0.3906174014220536,0.0,0.01083600223799811,4.730115051713761e+38,1.8476652499277717e+38
inner,74.0,1.40349946741971,7.110150701600158,7.19238364946657,1.8803924666164082,0.6080356225770747,0.39196437742292534,0.0,0.010818136358747848,4.7261851998068304e+38,1.8524962394277282e+38
inner,76.0,1.3832955574773051,7.086836846115783,7.168882127299739,1.8772610893779353,0.606686219839589,0.39331378016041096,0.0,0.010800306088854477,4.722249773852339e+38,1.8573259094155095e+38
inner,78.0,1.3633824905216176,7.063568514044521,7.145425171816921,1.8741349267548069,0.6053344197181211,0.3946655802818789,0.0,0.010782511747946963,4.7183087919507456e+38,1.862154077324332e+38
inner,80.0,1.3437560797569648,7.040346114733746,7.122013220347591,1.8710139700632356,0.6039802515086643,0.3960197484913357,0.0,0.010764753646963289,4.714362272006503e+38,1.8669805612570574e+38
inner,82.0,1.324412198658184,7.017170047730588,7.098646699707817,1.867898210633895,0.6026237444570357,0.3973762555429643,0.0,0.010747032088397184,4.710410231742316e+38,1.8718051799610285e+38
inner,84.0,1.3053467801030159,6.99404070293734,7.075326026452203,1.8647876398118965,0.601264927763278,0.398735072236722,0.0,0.010729347366507446,4.706452688709671e+38,1.8766277528113652e+38
inner,86.0,1.2865558155169758,6.970958460764605,7.052051607093782,1.861682248956763,0.5999038305846675,0.40009616941533255,0.0,0.010711699767501566,4.702489660296759e+38,1.8814480997999416e+38
inner,88.0,1.2680353540305382,6.947923692282151,7.028823838301657,1.8585820294424071,0.5985404820377762,0.4014595179622238,0.0,0.0106940895697014,4.698521163734763e+38,1.8862660415282646e+38
inner,90.0,1.2497815016484501,6.924936759367574,7.005643107082996,1.8554869726571057,0.5971749111998883,0.4028250888001117,0.0,0.010676517043696215,4.694547216102952e+38,1.891081399202989e+38
inner,92.0,1.231790420431005,6.901998014852747,6.982509790953816,1.852397070003477,0.5958071471099745,0.4041928528900255,0.0,0.010658982452486655,4.6905678343329305e+38,1.8958939946332154e+38
inner,94.0,1.2140583276871018,6.879107802668119,6.959424258101516,1.8493123128984563,0.5944372187693616,0.4055627812306384,0.0,0.010641486051621938,4.6865830352123765e+38,1.9007036502290583e+38
inner,96.0,1.1965814951789195,6.856266457984883,6.936386867541178,1.8462326927732715,0.5930651551421903,0.40693484485780973,0.0,0.010624028089331947,4.682592835388379e+38,1.9055101890010613e+38
inner,98.0,1.179356248338043,6.833474307355045,6.9133979692669945,1.8431582010734204,0.5916909851557223,0.40830901484427773,0.0,0.010606608806655236,4.6785972513705296e+38,1.9103134345602465e+38
inner,100.0,1.1623789654928698,6.810731668849426,6.890457904399734,1.8400888292586466,0.5903147377005399,0.4096852622994601,0.0,0.010589228437563785,4.6745962995337515e+38,1.915113211118571e+38
inner,102.0,1.145646077107141,6.788038852193629,6.867567005330891,1.8370245688029148,0.5889364416306666,0.4110635583693334,0.0,0.010571887209084922,4.670589996121048e+38,1.919909343489729e+38
inner,104.0,1.1291540650294334,6.76539615890199,6.844725595863905,1.8339654111943886,0.5875561257636278,0.4124438742363722,0.0,0.010554585341420713,4.6665783572461514e+38,1.924701657090208e+38
inner,106.0,1.1128994617534542,6.742803882409563,6.821933991352811,1.8309113479354062,0.5861738188804653,0.41382618111953473,0.0,0.010537323048065275,4.662561398895991e+38,1.9294899779404834e+38
inner,108.0,1.096878849688987,6.720262308202136,6.799192498838452,1.8278623705424564,0.5847895497257136,0.4152104502742864,0.0,0.010520100535919844,4.658539136933216e+38,1.934274132666426e+38
inner,110.0,1.0810888604433282,6.697771713944345,6.776501417182491,1.8248184705461556,0.5834033470073468,0.41659665299265325,0.0,0.010502918005406073,4.6545115870985985e+38,1.9390539485007985e+38
inner,112.0,1.0655261741130722,6.675332369605881,6.753861037199254,1.8217796394912242,0.5820152393966974,0.4179847606033026,0.0,0.010485775650577364,4.650478765013342e+38,1.9438292532848443e+38
inner,114.0,1.0501875185860885,6.652944537585833,6.731271641785536,1.8187458689364628,0.5806252555283522,0.4193747444716478,0.0,0.01046867365922851,4.646440686181481e+38,1.9485998754700265e+38
inner,116.0,1.0350696688535486,6.630608472835191,6.708733506048409,1.8157171504547291,0.5792334240000268,0.42076657599997325,0.0,0.010451612213003551,4.642397365992058e+38,1.9533656441197728e+38
inner,118.0,1.020169446331855,6.608324422977538,6.686246897431091,1.812693475632914,0.5778397733724203,0.4221602266275797,0.0,0.010434591487501945,4.6383488197214575e+38,1.9581263889113774e+38
inner,120.0,1.0054837181943335,6.586092628427953,6.663812075836942,1.809674836071919,0.5764443321690536,0.42355566783094645,0.0,0.010417611652383162,4.634295062535533e+38,1.9628819401378954e+38
inner,122.0,0.9910093967125443,6.563913322510153,6.641429293751571,1.8066612233866326,0.5750471288760863,0.42495287112391367,0.0,0.010400672871469572,4.630236109491838e+38,1.9676321287101765e+38
inner,124.0,0.9767434386070755,6.5417867315719045,6.619098796363148,1.8036526292059059,0.573648191942122,0.426351808057878,0.0,0.01038377530284782,4.626171975541712e+38,1.9723767861588943e+38
inner,126.0,0.9626828444076827,6.5197130750987125,6.596820821680916,1.8006490451725312,0.5722475497779947,0.42775245022200525,0.0,0.010366919098968617,4.6221026755324264e+38,1.9771157446366815e+38
inner,128.0,0.9488246578226395,6.497692565825843,6.574595600651937,1.7976504629432177,0.5708452307565408,0.4291547692434592,0.0,0.010350104406744984,4.618028224209235e+38,1.9818488369202957e+38
inner,130.0,0.9351659651171658,6.475725409848664,6.552423357276112,1.7946568741885682,0.5694412632123574,0.43055873678764256,0.0,0.010333331367649032,4.6139486362174356e+38,1.9865758964128454e+38
inner,132.0,0.9217038945008045,6.453811806731363,6.530304308719483,1.7916682705930564,0.5680356754415448,0.43196432455845524,0.0,0.01031660011780719,4.609863926104389e+38,1.9912967571460715e+38
inner,134.0,0.9084356155236175,6.4319519496140485,6.5082386654258695,1.7886846438550041,0.5666284957014375,0.4333715042985625,0.0,0.010299910788094028,4.605774108321501e+38,1.996011253782659e+38
inner,136.0,0.895358338481072,6.410146025318262,6.4862266312268275,1.785705985686557,0.5652197522103202,0.43478024778967983,0.0,0.010283263504224626,4.6016791972261785e+38,2.000719221618613e+38
inner,138.0,0.8824693138274965,6.388394214450919,6.464268403449994,1.7827322878136627,0.5638094731471318,0.4361905268528682,0.0,0.010266658386845505,4.5975792070837875e+38,2.0054204965856694e+38
inner,140.0,0.8697658315979766,6.366696691506711,6.442364173025812,1.7797635419760476,0.5623976866511577,0.43760231334884225,0.0,0.010250095551624157,4.593474152069554e+38,2.0101149152537487e+38
inner,142.0,0.8572452208385773,6.345053624968981,6.420514124592677,1.7767997399271935,0.5609844208217087,0.43901557917829126,0.0,0.010233575109337244,4.589364046270427e+38,2.014802314833438e+38
inner,144.0,0.8449048490447629,6.32346517740911,6.398718436600525,1.773840873434315,0.5595697037177898,0.4404302962822102,0.0,0.010217097165957381,4.585248903686986e+38,2.0194825331785388e+38
inner,146.0,0.8327421216079047,6.30193150558441,6.376977281412861,1.7708869342783367,0.5581535633577566,0.44184643664224343,0.0,0.010200661822738604,4.581128738235206e+38,2.0241554087886024e+38
inner,148.0,0.8207544812697541,6.2804527605345735,6.355290825407294,1.76793791425387,0.5567360277189607,0.4432639722810393,0.0,0.010184269176300534,4.57700356374832e+38,2.0288207808115536e+38
inner,150.0,0.8089394075847702,6.2590290876766845,6.333659229074575,1.764993805169191,0.5553171247373876,0.4446828752626124,0.0,0.010167919318711215,4.572873393978591e+38,2.033478489046301e+38
inner,152.0,0.7972944163901866,6.23766062689881,6.31208264711615,1.7620545988462164,0.5538968823072794,0.4461031176927206,0.0,0.010151612337568698,4.568738242599068e+38,2.0381283739454052e+38
inner,154.0,0.7858170592837073,6.216347512652206,6.290561228540263,1.759120287120483,0.5524753282807524,0.4475246717192476,0.0,0.010135348316081344,4.564598123205314e+38,2.0427702766177518e+38
inner,156.0,0.7745049231087203,6.195089874042141,6.269095116756641,1.7561908618411226,0.5510524904674021,0.4489475095325979,0.0,0.010119127333146892,4.560453049317146e+38,2.047404038831275e+38
inner,158.0,0.7633556294469235,6.173887834917378,6.2476844496697606,1.7532663148708412,0.5496283966339004,0.4503716033660996,0.0,0.010102949463430311,4.5563030343803125e+38,2.052029503015686e+38
inner,160.0,0.7523668341182527,6.152741513958306,6.2263293597707285,1.750346638085895,0.5482030745035846,0.45179692549641537,0.0,0.01008681477744043,4.5521480917681606e+38,2.056646512265229e+38
inner,162.0,0.7415362266880099,6.131651024763773,6.205029974227782,1.7474318233760688,0.5467765517560357,0.4532234482439643,0.0,0.010070723341605385,4.547988234783307e+38,2.0612549103414706e+38
inner,164.0,0.7308615299810856,6.110616475936615,6.183786414975457,1.7445218626446537,0.5453488560266508,0.45465114397334916,0.0,0.010054675218346885,4.54382347665925e+38,2.0658545416760887e+38
inner,166.0,0.7203404996031736,6.089637971167909,6.162598798802418,1.741616747808423,0.5439200149062058,0.4560799850937942,0.0,0.010038670466153374,4.539653830561972e+38,2.07044525137369e+38
inner,168.0,0.7099709234688797,6.068715609319966,6.14146723743798,1.7387164707976117,0.542490055940412,0.457509944059588,0.0,0.010022709139651972,4.535479309591552e+38,2.0750268852146497e+38
inner,170.0,0.6997506213366226,6.047849484508095,6.120391837637336,1.7358210235558929,0.5410590066294634,0.4589409933705366,0.0,0.010006791289679377,4.531299926783711e+38,2.079599289657956e+38
inner,172.0,0.6896774443502295,6.027039686181128,6.099372701265515,1.7329303980403554,0.5396268944275793,0.4603731055724207,0.0,0.009990916963351597,4.5271156951113685e+38,2.084162311844069e+38
inner,174.0,0.6797492745871319,6.006286299200755,6.078409925380079,1.7300445862214826,0.5381937467425375,0.4618062532574625,0.0,0.009975086204132629,4.522926627486182e+38,2.0887157995978043e+38
inner,176.0,0.6699640246130636,5.985589403919667,6.0575036023126065,1.7271635800831282,0.5367595909352035,0.46324040906479647,0.0,0.009959299051902095,4.518732736760035e+38,2.093259601431206e+38
inner,178.0,0.660319637043171,5.964949076258527,6.036653819748925,1.7242873716224958,0.5353244543190515,0.4646755456809485,0.0,0.009943555543021749,4.5145340357265495e+38,2.0977935665464492e+38
inner,180.0,0.6508140841094396,5.9443653877818,6.015860660808173,1.7214159528501156,0.5338883641596799,0.4661116358403201,0.0,0.009927855710400996,4.510330537122548e+38,2.1023175448387405e+38
inner,182.0,0.6414453672343488,5.923838405772425,5.995124204120656,1.7185493157898224,0.5324513476743211,0.4675486523256789,0.0,0.00991219958356139,4.506122253629522e+38,2.106831386899234e+38
inner,184.0,0.6322115166106634,5.903368193305397,5.974444523904561,1.7156874524787336,0.5310134320313467,0.46898656796865335,0.0,0.00989658718870008,4.501909197875054e+38,2.1113349440179346e+38
inner,186.0,0.6231105907872742,5.8829548093202195,5.9538216900415,1.712830354967227,0.5295746443497652,0.4704253556502348,0.0,0.009881018548752316,4.497691382434239e+38,2.115828068186623e+38
inner,188.0,0.614140676261001,5.862598308692289,5.933255768150931,1.709978015318919,0.5281350116987165,0.47186498830128354,0.0,0.00986549368345292,4.493468819831111e+38,2.1203106121017897e+38
inner,190.0,0.6052998870742712,5.842298742303199,5.9127468196634725,1.707130425610642,0.5266945610969609,0.4733054389030391,0.0,0.00985001260939684,4.489241522539998e+38,2.1247824291675412e+38
inner,192.0,0.5965863644185911,5.82205615710999,5.892294901893104,1.7042875779324227,0.5252533195123643,0.4747466804876357,0.0,0.009834575340098715,4.48500950298692e+38,2.1292433734985412e+38
inner,194.0,0.5879982762437237,5.801870596213362,5.871900068108291,1.7014494643874603,0.5238113138613767,0.4761886861386233,0.0,0.009819181886051534,4.4807727735509306e+38,2.1336932999229327e+38
inner,196.0,0.5795338168724934,5.781742098924862,5.851562367602038,1.698616077092104,0.522368571008509,0.477631428991491,0.0,0.009803832254784338,4.476531346565444e+38,2.1381320639852568e+38
inner,198.0,0.5711912066211362,5.761670700833053,5.831281845760902,1.6957874081758317,0.520925117765805,0.47907488223419503,0.0,0.009788526450919046,4.472285234319595e+38,2.1425595219493895e+38
inner,200.0,0.5629686914251143,5.741656433868706,5.811058544132949,1.6929634497812283,0.5194809808923091,0.4805190191076909,0.0,0.009773264476226378,4.4680344490595e+38,2.146975530801443e+38
inner,202.0,0.554864542470318,5.721699326368988,5.790892500494712,1.6901441940639625,0.518036187093531,0.48196381290646895,0.0,0.009758046329680855,4.4637790029895684e+38,2.1513799482526887e+38
inner,204.0,0.5468770558295756,5.701799403140704,5.770783748917119,1.6873296331927674,0.5165907630209071,0.4834092369790929,0.0,0.009742872007514993,4.459518908273811e+38,2.1557726327424804e+38
inner,206.0,0.5390045521043966,5.681956685522575,5.750732319830452,1.684519759349416,0.5151447352712581,0.48485526472874185,0.0,0.009727741503272604,4.455254177037045e+38,2.1601534434411296e+38
inner,208.0,0.5312453760718724,5.662171191446578,5.730738240088308,1.6817145647287015,0.5136981303862447,0.4863018696137553,0.0,0.009712654807861225,4.4509848213662e+38,2.16452224025283e+38
inner,210.0,0.5235978963366588,5.642442935498369,5.710801533030612,1.6789140415384147,0.5122509748518185,0.4877490251481815,0.0,0.009697611909603818,4.446710853311497e+38,2.168878883818521e+38
inner,212.0,0.5160605049879701,5.62277192897678,5.690922218545674,1.676118181999323,0.5108032950976739,0.48919670490232614,0.0,0.009682612794289494,4.442432284887714e+38,2.1732232355187815e+38
inner,214.0,0.508631617261509,5.603158179952436,5.671100313131309,1.6733269783451479,0.5093551174966929,0.49064488250330707,0.0,0.009667657445223594,4.438149128075367e+38,2.1775551574766927e+38
inner,216.0,0.5013096712062646,5.583601693325468,5.651335829955033,1.670540422822544,0.5079064683643912,0.49209353163560876,0.0,0.009652745843276841,4.4338613948219246e+38,2.181874512560707e+38
inner,218.0,0.4940931273561064,5.564102470882377,5.631628778913371,1.667758507691078,0.5064573739583618,0.49354262604163823,0.0,0.009637877966933824,4.429569097042961e+38,2.186181164387471e+38
inner,220.0,0.48698046840610576,5.5446605113520055,5.611979166690236,1.6649812252232055,0.5050078604777144,0.4949921395222856,0.0,0.009623053792340585,4.42527224662334e+38,2.1904749773246784e+38
inner,222.0,0.4799701988935167,5.525275810460701,5.59238699681445,1.6622085677042513,0.5035579540625157,0.4964420459374843,0.0,0.009608273293351576,4.420970855418369e+38,2.1947558164938857e+38
inner,224.0,0.4730608448833503,5.5059483609866104,5.5728522697163925,1.6594405274323876,0.5021076807932264,0.49789231920677357,0.0,0.009593536441575769,4.416664935254935e+38,2.1990235477733142e+38
inner,226.0,0.4662509536584732,5.486678152813173,5.553374982783787,1.6566770967186113,0.500657066690138,0.499342933309862,0.0,0.009578843206422081,4.412354497932636e+38,2.2032780378006457e+38
inner,228.0,0.4595390934141692,5.4674651729817985,5.5339551304166426,1.6539182678867246,0.4992061377128072,0.5007938622871928,0.0,0.00956419355514405,4.408039555224892e+38,2.2075191539757933e+38
inner,230.0,0.4529238529570969,5.448309405743737,5.514592704081377,1.6511640332733122,0.49775491975949027,0.5022450802405097,0.0,0.00954958745288381,4.40372011888006e+38,2.211746764463663e+38
inner,232.0,0.446403841408581,5.429210832611177,5.495287692364087,1.6484143852277207,0.4963034386665748,0.5036965613334252,0.0,0.009535024862715343,4.3993962006225155e+38,2.2159607381968967e+38
inner,234.0,0.43997768791217534,5.410169432407555,5.476040081023063,1.6456693161120368,0.49485172020801294,0.5051482797919871,0.0,0.009520505745687052,4.395067812153754e+38,2.220160944878601e+38
inner,236.0,0.43364404134543477,5.39118518131711,5.456849853040456,1.642928818301067,0.493399790094752,0.506600209905248,0.0,0.009506030060863662,4.390734965153415e+38,2.224347254985032e+38
inner,238.0,0.4274015700358367,5.3722580529336765,5.437716988673195,1.6401928841823155,0.4919476739741656,0.5080523260258344,0.0,0.00949159776536741,4.3863976712803965e+38,2.2285195397683087e+38
inner,240.0,0.42124896148079244,5.353388018308746,5.418641465503108,1.6374615061559636,0.49049539742948367,0.5095046025705163,0.0,0.009477208814418589,4.3820559421738665e+38,2.232677671259065e+38
inner,242.0,0.41518492207168844,5.334575045998784,5.399623258486301,1.6347346766348485,0.4890429859792228,0.5109570140207772,0.0,0.009462863161375464,4.377709789454302e+38,2.2368215222690955e+38
inner,244.0,0.4092081768219004,5.315819102111837,5.380662340001773,1.632012388044442,0.48759046507661596,0.512409534923384,0.0,0.009448560757773514,4.373359224724523e+38,2.240950966393984e+38
inner,246.0,0.40331746909872246,5.297120150353426,5.361758679899301,1.629294632822829,0.4861378601090429,0.5138621398909571,0.0,0.009434301553364041,4.369004259570703e+38,2.2450658780157078e+38
inner,248.0,0.3975115603591558,5.278478152071741,5.342912245546589,1.6265814034206885,0.4846851963974603,0.5153148036025397,0.0,0.009420085496152171,4.36464490556336e+38,2.2491661323052083e+38
inner,250.0,0.39178922988950016,5.259893066302142,5.324123001875692,1.6238726923012698,0.4832324991958309,0.5167675008041691,0.0,0.009405912532434219,4.360281174258383e+38,2.253251605224972e+38
inner,252.0,0.3861492745486944,5.241364849810987,5.305390911428754,1.6211684919403742,0.4817797936905557,0.5182202063094443,0.0,0.009391782606834473,4.355913077197971e+38,2.2573221735315387e+38
inner,254.0,0.380590508515352,5.222893457138783,5.286715934403033,1.6184687948263319,0.4803271049999045,0.5196728950000955,0.0,0.009377695662341357,4.351540625911637e+38,2.261377714778028e+38
inner,256.0,0.3751117630384371,5.204478840642685,5.2680980286952375,1.6157735934599824,0.4788744581734474,0.5211255418265526,0.0,0.009363651640343034,4.347163831917151e+38,2.265418107316618e+38
inner,258.0,0.36971188619153056,5.186120950538343,5.249537149945191,1.6130828803546537,0.47742187819148785,0.5225781218085122,0.0,0.00934965048066238,4.342782706721522e+38,2.2694432303010198e+38
inner,260.0,0.3643897426306334,5.167819734941097,5.23103325157883,1.6103966480361411,0.47596938996449534,0.5240306100355047,0.0,0.00933569212159147,4.338397261821899e+38,2.2734529636888926e+38
inner,262.0,0.3591442133554563,5.149575139906563,5.212586284850543,1.6077148890426862,0.47451701833254056,0.5254829816674594,0.0,0.00932177649992539,4.3340075087065404e+38,2.27744718824427e+38
inner,264.0,0.35397419547414594,5.131387109470578,5.194196198884865,1.605037595924957,0.4730647880647296,0.5269352119352704,0.0,0.009307903550995634,4.329613458855711e+38,2.281425785539933e+38
inner,266.0,0.3488786019713975,5.113255585688536,5.175862940717519,1.6023647612460261,0.4716127238586415,0.5283872761413585,0.0,0.009294073208702807,4.3252151237426225e+38,2.285388637959773e+38
inner,268.0,0.3438563614799057,5.095180508674129,5.157586455335848,1.5996963775813515,0.47016085033976496,0.529839149660235,0.0,0.00928028540554891,4.320812514834315e+38,2.2893356287011154e+38
inner,270.0,0.3389064180551068,5.07716181663748,5.139366685718618,1.5970324375187541,0.4687091920609382,0.5312908079390618,0.0,0.009266540072669055,4.316405643592566e+38,2.2932666417770206e+38
inner,272.0,0.3340277309531609,5.059199445922699,5.12120357287521,1.594372933658399,0.4672577735017892,0.5327422264982108,0.0,0.009252837139862623,4.3119945214747825e+38,2.297181562018563e+38
inner,274.0,0.3292192744121329,5.041293331044864,5.103097055884207,1.5917178586127736,0.4658066190681779,0.5341933809318221,0.0,0.00923917653562397,4.307579159934864e+38,2.301080275077063e+38
inner,276.0,0.3244800374363219,5.023443404726412,5.085047071931397,1.589067205006668,0.46435575309163946,0.5356442469083605,0.0,0.0092255581871726,4.3031595704240805e+38,2.3049626674263106e+38
inner,278.0,0.31980902358369506,5.005649597932998,5.06705355634718,1.5864209654771535,0.4629051998288304,0.5370948001711696,0.0,0.00921198202048282,4.298735764391931e+38,2.308828626364744e+38
inner,280.0,0.3152052507563833,4.987911839908782,5.049116442643416,1.5837791326735633,0.4614549834609757,0.5385450165390243,0.0,0.00919844796031296,4.294307753287007e+38,2.3126780400176113e+38
inner,282.0,0.31066775099419014,4.970230058211171,5.031235662549676,1.5811416992574712,0.4600051280933176,0.5399948719066824,0.0,0.00918495593023403,4.289875548557821e+38,2.316510797339089e+38
inner,284.0,0.3061955702710755,4.9526041787450374,5.013411146048976,1.5785086579026713,0.45855565775456775,0.5414443422454323,0.0,0.009171505852658007,4.285439161653644e+38,2.3203267881143737e+38
inner,286.0,0.3017877682945678,4.935034125796398,4.995642821412919,1.5758800012951584,0.45710659639635987,0.5428934036036401,0.0,0.009158097648865555,4.2809986040253526e+38,2.3241259029617555e+38
inner,288.0,0.29744341830806403,4.917519822065567,4.977930615236314,1.573255722133107,0.45565796789270474,0.5443420321072953,0.0,0.00914473123903334,4.276553887126212e+38,2.3279080333346348e+38
inner,290.0,0.293161606895976,4.900061188699817,4.960274452471269,1.5706358131268505,0.45420979603945,0.54579020396055,0.0,0.00913140654226087,4.272105022412731e+38,2.3316730715235346e+38
inner,292.0,0.28894143379168097,4.882658145325503,4.9426742564607355,1.568020266998863,0.4527621045537382,0.5472378954462618,0.0,0.009118123476596915,4.267652021345426e+38,2.3354209106580558e+38
inner,294.0,0.28478201168823764,4.86531061007972,4.925129948971546,1.5654090764837363,0.4513149170734704,0.5486850829265296,0.0,0.009104881959065432,4.263194895389644e+38,2.3391514447088248e+38
inner,296.0,0.28068246605182634,4.848018499641443,4.907641450226931,1.562802234328162,0.4498682571567706,0.5501317428432294,0.0,0.009091681905691129,4.258733656016332e+38,2.342864568489383e+38
inner,298.0,0.27664193493787503,4.830781729262199,4.890208678938561,1.5601997332909103,0.448422148281455,0.551577851718545,0.0,0.009078523231524548,4.254268314702836e+38,2.3465601776580654e+38
inner,300.0,0.2726595688098329,4.813600212796255,4.872831552338037,1.5576015661428098,0.4469766138444997,0.5530233861555003,0.0,0.009065405850666746,4.249798882933647e+38,2.3502381687198285e+38
inner,302.0,0.2687345303605511,4.79647386273034,4.85550998620795,1.5550077256667278,0.4455316771615164,0.5544683228384836,0.0,0.009052329676293557,4.245325372201201e+38,2.353898439028061e+38
inner,304.0,0.26486599433623687,4.779402590212897,4.838243894912414,1.5524182046575503,0.4440873614662262,0.5559126385337738,0.0,0.009039294620679459,4.240847794006602e+38,2.357540886786344e+38
inner,306.0,0.2610531473629401,4.76238630508289,4.821033191427148,1.549832995922162,0.4426436899099391,0.5573563100900609,0.0,0.009026300595221028,4.2363661598604e+38,2.3611654110501937e+38
inner,308.0,0.257295187775539,4.7454249158981465,4.803877787369088,1.5472520922794253,0.4412006855610362,0.5587993144389638,0.0,0.009013347510460007,4.231880481283307e+38,2.364771911728744e+38
inner,310.0,0.25359132544918683,4.728518329963275,4.786777593025519,1.544675486560162,0.43975837140445373,0.5602416285955463,0.0,0.00900043527610595,4.227390769806968e+38,2.3683602895864355e+38
inner,312.0,0.2499407816331853,4.711666453357129,4.769732517382777,1.5421031716071325,0.4383167703411701,0.5616832296588299,0.0,0.00898756380105856,4.222897036974658e+38,2.3719304462446285e+38
inner,314.0,0.24634278878724927,4.694869190959853,4.752742468154486,1.5395351402750157,0.43687590518769825,0.5631240948123017,0.0,0.008974732993429563,4.218399294342016e+38,2.3754822841832003e+38
inner,316.0,0.24279659042012863,4.678126446479495,4.735807351809356,1.5369713854303897,0.435435798675578,0.564564201324422,0.0,0.008961942760564258,4.2138975534777644e+38,2.3790157067421095e+38
inner,318.0,0.2393014409305532,4.661438122478214,4.718927073598558,1.5344118999517113,0.4339964734508752,0.5660035265491248,0.0,0.008949193009062703,4.20939182596441e+38,2.3825306181229155e+38
inner,320.0,0.2358566054504676,4.6448041203980575,4.702101537582651,1.5318566767292974,0.4325579520736801,0.5674420479263199,0.0,0.008936483644800522,4.204882123398959e+38,2.3860269233902777e+38
inner,322.0,0.23246135969052206,4.628224340586359,4.685330646658103,1.5293057086653037,0.43112025701761336,0.5688797429823866,0.0,0.008923814572949357,4.200368457393582e+38,2.389504528473385e+38
inner,324.0,0.22911498978778821,4.611698682320708,4.668614302583389,1.5267589886737063,0.4296834106693327,0.5703165893306673,0.0,0.008911185697996994,4.1958508395763326e+38,2.392963340167391e+38
inner,326.0,0.2258167921556667,4.595227043833551,4.65195240600468,1.5242165096802816,0.4282474353280429,0.5717525646719571,0.0,0.008898596923767127,4.191329281591826e+38,2.396403266134798e+38
inner,328.0,0.22256607333595552,4.57880932233639,4.635344856481123,1.521678264622586,0.42681235320501154,0.5731876467949885,0.0,0.008886048153438773,4.186803795101885e+38,2.3998242149067767e+38
inner,330.0,0.2193621498530479,4.562445414043599,4.618791552509736,1.519144246449937,0.42537818642308645,0.5746218135769136,0.0,0.008873539289565378,4.182274391786243e+38,2.4032260958844943e+38
inner,332.0,0.21620434807022904,4.546135214195877,4.602292391549895,1.5166144481233939,0.42394495701621737,0.5760550429837826,0.0,0.008861070234093582,4.177741083343184e+38,2.4066088193403722e+38
inner,334.0,0.21309200404804135,4.529878617083313,4.585847270047446,1.5140888626157376,0.42251268692898103,0.577487313071019,0.0,0.008848640888381658,4.173203881490209e+38,2.409972296419328e+38
inner,336.0,0.21002446340468908,4.513675516068101,4.569456083458436,1.511567482911451,0.421081398016111,0.578918601983889,0.0,0.008836251153217648,4.1686627979646856e+38,2.413316439139963e+38
inner,338.0,0.2070010811784517,4.497525803606885,4.5531187262724595,1.5090503020066999,0.4196511120420299,0.5803488879579701,0.0,0.008823900928837159,4.164117844524485e+38,2.4166411603957245e+38
inner,340.0,0.20402122169207884,4.481429371272748,4.536835092035642,1.5065373129093136,0.41822185068038653,0.5817781493196135,0.0,0.008811590114940877,4.15956903294861e+38,2.4199463739560165e+38
inner,342.0,0.20108425841913624,4.465386109776866,4.520605073373264,1.5040285086387652,0.4167936355135964,0.5832063644864036,0.0,0.008799318610711749,4.155016375037859e+38,2.4232319944673054e+38
inner,344.0,0.19818957385227665,4.449395908989795,4.504428562012009,1.5015238822261525,0.41536648803238585,0.5846335119676142,0.0,0.008787086314831917,4.1504598826154036e+38,2.426497937454135e+38
inner,346.0,0.19533655937340647,4.433458657962445,4.488305448801893,1.499023426714178,0.41394042963534183,0.5860595703646582,0.0,0.008774893125499275,4.145899567527459e+38,2.429744119320165e+38
inner,348.0,0.19252461512572167,4.417574244946692,4.472235623737791,1.4965271351571305,0.41251548162846263,0.5874845183715374,0.0,0.008762738940443835,4.141335441643853e+38,2.432970457349117e+38
inner,350.0,0.18975314988758554,4.401742557415686,4.456218975980681,1.4940350006208651,0.41109166522471674,0.5889083347752833,0.0,0.008750623656943712,4.136767516858653e+38,2.4361768697057132e+38
inner,352.0,0.18702158094822238,4.385963482083817,4.440255393878506,1.4915470161827844,0.40966900154360153,0.5903309984563985,0.0,0.008738547171840912,4.13219580509077e+38,2.439363275436576e+38
inner,354.0,0.1843293339852001,4.370236904926369,4.424344764986719,1.4890631749318188,0.40824751161070916,0.5917524883892908,0.0,0.008726509381556774,4.127620318284539e+38,2.442529594471073e+38
inner,356.0,0.18167584294367714,4.3545627111988585,4.408486976088504,1.4865834699684075,0.40682721635729613,0.5931727836427039,0.0,0.00871451018210718,4.12304106841033e+38,2.445675747622143e+38
inner,358.0,0.1790605499173871,4.338940785456063,4.392681913214659,1.48410789440448,0.405408136619855,0.594591863380145,0.0,0.008702549469117492,4.118458067465101e+38,2.448801656587065e+38
inner,360.0,0.17648290503133696,4.323371011570737,4.376929461663184,1.4816364413634358,0.4039902931396939,0.5960097068603061,0.0,0.008690627137837213,4.113871327473007e+38,2.451907243948205e+38
inner,362.0,0.17394236632619411,4.30785327275204,4.361229506018528,1.4791691039801256,0.402573706562517,0.597426293437483,0.0,0.008678743083154401,4.10928086048596e+38,2.4549924331737174e+38
inner,364.0,0.17143839964433694,4.2923874515636555,4.345581930170543,1.4767058754008333,0.40115839743801107,0.5988416025619889,0.0,0.008666897199609797,4.104686678584185e+38,2.458057148618201e+38
inner,366.0,0.1689704785175465,4.276973429941623,4.329986617333136,1.4742467487832556,0.3997443862194361,0.6002556137805639,0.0,0.00865508938141077,4.1000887938768005e+38,2.4611013155233307e+38
inner,368.0,0.16653808405631462,4.261611089211878,4.314443450062605,1.4717917172964834,0.3983316932632204,0.6016683067367796,0.0,0.008643319522444919,4.095487218502357e+38,2.4641248600184363e+38
inner,370.0,0.16414070484074544,4.246300310107524,4.298952310275701,1.4693407741209834,0.3969203388285596,0.6030796611714404,0.0,0.008631587516293516,4.090881964629399e+38,2.4671277091210543e+38
inner,372.0,0.16177783681302746,4.231040972785797,4.283513079267374,1.4668939124485785,0.39551034307702115,0.6044896569229788,0.0,0.008619893256244654,4.086273044457002e+38,2.470109790737429e+38
inner,374.0,0.15944898317145348,4.215832956844777,4.26812563772826,1.4644511254824293,0.3941017260721523,0.6058982739278477,0.0,0.008608236635306184,4.081660470215316e+38,2.473071033662987e+38
inner,376.0,0.15715365426596647,4.200676141339823,4.252789865761851,1.4620124064370146,0.3926945077790922,0.6073054922209078,0.0,0.008596617546218417,4.0770442541660975e+38,2.476011367582766e+38
inner,378.0,0.15489136749520852,4.185570404799735,4.237505642901419,1.4595777485381136,0.3912887080641909,0.6087112919358091,0.0,0.00858503588146658,4.072424408603246e+38,2.478930723071805e+38
inner,380.0,0.15266164720505226,4.170515625242661,4.222272848126655,1.457147145022786,0.38988434669463035,0.6101156533053697,0.0,0.008573491533293074,4.067800945853302e+38,2.4818290315954882e+38
inner,382.0,0.150464024588593,4.155511680191733,4.207091359880024,1.4547205891393535,0.38848144333805124,0.6115185566619488,0.0,0.008561984393709483,4.0631738782760004e+38,2.4847062255098723e+38
inner,384.0,0.14829803758758003,4.140558446690463,4.191961056082863,1.4522980741473819,0.3870800175621839,0.6129199824378161,0.0,0.008550514354508378,4.058543218264756e+38,2.4875622380619517e+38
inner,386.0,0.14616323079526733,4.125655801317869,4.176881814151232,1.4498795933176611,0.3856800888344851,0.6143199111655149,0.0,0.008539081307274904,4.05390897824718e+38,2.4903970033898908e+38
inner,388.0,0.1440591553606627,4.110803620203375,4.161853511011477,1.4474651399321876,0.3842816765217779,0.6157183234782221,0.0,0.00852768514339816,4.049271170685589e+38,2.4932104565232284e+38
inner,390.0,0.14198536889415497,4.096001779041438,4.146876023115565,1.4450547072841444,0.3828847998898973,0.6171152001101027,0.0,0.008516325754082357,4.0446298080774895e+38,2.4960025333830263e+38
inner,392.0,0.1399414353745003,4.081250153105967,4.131949226456145,1.442648288677884,0.3814894781033398,0.6185105218966602,0.0,0.008505003030357788,4.0399849029560786e+38,2.498773170781992e+38
inner,394.0,0.1379269250571467,4.066548617264474,4.117072996581385,1.4402458774289086,0.3800957302249196,0.6199042697750804,0.0,0.008493716863091572,4.035336467890725e+38,2.501522306424552e+38
inner,396.0,0.13594141438387894,4.051897045992016,4.1022472086095405,1.4378474668638523,0.37870357521542597,0.621296424784574,0.0,0.008482467142998234,4.030684515487454e+38,2.5042498789068982e+38
inner,398.0,0.1339844858937638,4.037295313384889,4.087471737243311,1.4354530503204619,0.3773130319332898,0.6226869680667102,0.0,0.008471253760650046,4.026029058389435e+38,2.506955827716989e+38
inner,400.0,0.1320557281353773,4.022743293174105,4.072746456783933,1.4330626211475785,0.3759241191342514,0.6240758808657486,0.0,0.008460076606487218,4.0213701092774265e+38,2.5096400932345016e+38
inner,402.0,0.1301547355802957,4.008240858738643,4.05807124114506,1.4306761727051198,0.37453685547103566,0.6254631445289643,0.0,0.008448935570827876,4.016707680870267e+38,2.512302616730761e+38
inner,404.0,0.1282811085378314,3.993787883118482,4.0434459638664055,1.4282936983640608,0.3731512594930301,0.6268487405069699,0.0,0.008437830543877842,4.012041785925329e+38,2.5149433403686266e+38
inner,406.0,0.12643445307099666,3.9793842390274112,4.028870498127147,1.4259151915064157,0.37176734964596836,0.6282326503540316,0.0,0.00842676141574027,4.0073724372389715e+38,2.517562207202334e+38
inner,408.0,0.12461438091367696,3.9650297988656336,4.014344716759145,1.4235406455252193,0.3703851442716204,0.6296148557283796,0.0,0.00841572807642505,4.002699647647002e+38,2.5201591611773027e+38
inner,410.0,0.12282050938899645,3.950724434732153,3.9998684922598917,1.4211700538245093,0.3690046616074847,0.6309953383925153,0.0,0.008404730415858087,3.998023430025109e+38,2.5227341471298982e+38
inner,412.0,0.12105246132885884,3.936468018436961,3.9854416968052906,1.4188034098193072,0.3676259197864873,0.6323740802135127,0.0,0.008393768323890357,3.9933437972893175e+38,2.5252871107871683e+38
inner,414.0,0.11930986499464638,3.922260421513011,3.97106420226219,1.4164407069356,0.36624893683668513,0.6337510631633149,0.0,0.008382841690306822,3.988660762396419e+38,2.527817998766529e+38
inner,416.0,0.11759235399906048,3.908101515228,3.9567358802007258,1.4140819386103227,0.36487373068097506,0.6351262693190249,0.0,0.008371950404835165,3.983974338344408e+38,2.5303267585754146e+38
inner,418.0,0.11589956722908734,3.893991170595945,3.9424566019064495,1.4117270982913401,0.36350031913680647,0.6364996808631935,0.0,0.008361094357154361,3.9792845381729075e+38,2.5328133386108963e+38
inner,420.0,0.1142311487700727,3.879929258388569,3.9282262383922557,1.4093761794374269,0.3621287199158998,0.6378712800841002,0.0,0.008350273436903075,3.974591374963586e+38,2.5352776881592465e+38
inner,422.0,0.11258674783088955,3.8659156491464923,3.9140446604101076,1.4070291755182518,0.36075895062397045,0.6392410493760295,0.0,0.008339487533687908,3.969894861840593e+38,2.5377197573954885e+38
inner,424.0,0.11096601867018278,3.8519502131902343,3.899911738462565,1.4046860800143577,0.3593910287604569,0.6406089712395431,0.0,0.008328736537091486,3.9651950119709496e+38,2.540139497382878e+38
inner,426.0,0.10936862052367594,3.838032820631031,3.8858273428141175,1.4023468864171449,0.3580249717182541,0.6419750282817459,0.0,0.008318020336680365,3.9604918385649716e+38,2.5425368600723716e+38
inner,428.0,0.10779421753252423,3.8241633413814666,3.871791343502334,1.4000115882288513,0.35666079678345197,0.643339203216548,0.0,0.008307338822012842,3.955785354876673e+38,2.5449117983020484e+38
inner,430.0,0.10624247867269905,3.810341645165924,3.857803610348806,1.3976801789625366,0.35529852113507854,0.6447014788649215,0.0,0.008296691882646538,3.951075574204158e+38,2.54726426579649e+38
inner,432.0,0.10471307768538882,3.7965676015308603,3.8438640129699246,1.395352652142062,0.3539381618448496,0.6460618381551504,0.0,0.008286079408145896,3.9463625098900194e+38,2.5495942171661188e+38
inner,434.0,0.10320569300840199,3.7828410798548995,3.8299724207874606,1.393029001302074,0.3525797358769214,0.6474202641230786,0.0,0.008275501288089482,3.94164617532173e+38,2.5519016079065175e+38
inner,436.0,0.10172000770855734,3.7691619493587614,3.816128703038971,1.3907092199879854,0.35122326008764915,0.6487767399123509,0.0,0.008264957412077207,3.9369265839320266e+38,2.5541863943976884e+38
inner,438.0,0.10025570941504765,3.7555300791150126,3.802332728788025,1.3883933017559578,0.349868751225352,0.650131248774648,0.0,0.008254447669737316,3.9322037491992884e+38,2.556448533903286e+38
inner,440.0,0.09881249025376257,3.7419453380576546,3.788584366934256,1.386081240172883,0.3485162259300807,0.6514837740699193,0.0,0.008243971950733314,3.92747768464791e+38,2.5586879845698088e+38
inner,442.0,0.09739004678255686,3.7284075949915416,3.7748834862232408,1.3837730288163668,0.34716570073339226,0.6528342992666077,0.0,0.008233530144770731,3.922748403848684e+38,2.56090470542576e+38
inner,444.0,0.09598807992745084,3.714916718601642,3.7612299552562094,1.3814686612747094,0.345817192058129,0.654182807941871,0.0,0.008223122141603733,3.918015920419153e+38,2.5630986563807556e+38
inner,446.0,0.09460629491974865,3.7014725774621304,3.747623642499588,1.3791681311468882,0.3444707162182026,0.6555292837817974,0.0,0.008212747831041619,3.913280248023981e+38,2.565269798224615e+38
inner,448.0,0.09324440123406219,3.688075040045334,3.7340644162943777,1.3768714320425401,0.3431262894183831,0.6568737105816169,0.0,0.008202407102955188,3.908541400375317e+38,2.5674180926264035e+38
inner,450.0,0.09190211252722714,3.6747239747305094,3.7205521448653625,1.3745785575819445,0.34178392775409405,0.658216072245906,0.0,0.008192099847282966,3.903799391233119e+38,2.5695435021334227e+38
inner,452.0,0.09057914657809822,3.6614192498124782,3.7070866963301756,1.3722895013960035,0.34044364721121134,0.6595563527887887,0.0,0.008181825954037315,3.899054234405546e+38,2.571645990170204e+38
inner,454.0,0.08927522522821107,3.6481607335101027,3.693667938708192,1.3700042571262268,0.3391054636658687,0.6608945363341313,0.0,0.008171585313310404,3.8943059437492584e+38,2.5737255210374178e+38
inner,456.0,0.08799007432329854,3.6349482939746194,3.6802957399292673,1.3677228184247117,0.33776939288426655,0.6622306071157334,0.0,0.008161377815280082,3.8895545331697885e+38,2.5757820599107823e+38
inner,458.0,0.08672342365564865,3.6217817992978203,3.6669699678423355,1.3654451789541273,0.3364354505224876,0.6635645494775124,0.0,0.008151203350215606,3.8848000166218595e+38,2.577815572839917e+38
inner,460.0,0.08547500690729247,3.6086611175200964,3.6536904902238443,1.3631713323876957,0.3351036521263171,0.6648963478736829,0.0,0.008141061808483245,3.88004240810972e+38,2.5798260267471623e+38
inner,462.0,0.08424456159400971,3.595586116638331,3.640457174786047,1.3609012724091754,0.33377401313106725,0.6662259868689328,0.0,0.008130953080551818,3.875281721687463e+38,2.581813389426367e+38
inner,464.0,0.08303182901014065,3.582556664613663,3.6272698891851514,1.358634992712842,0.33244654886140834,0.6675534511385917,0.0,0.008120877056998039,3.870517971459365e+38,2.5837776295416402e+38
inner,466.0,0.08183655417419204,3.5695726293791017,3.6141285010293127,1.3563724870034732,0.331121274531204,0.668878725468796,0.0,0.008110833628511813,3.865751171580182e+38,2.585718716626057e+38
inner,468.0,0.08065848577522651,3.5566338788470135,3.6010328778865066,1.3541137489963293,0.3297982052433517,0.6702017947566483,0.0,0.00810082268590139,3.860981336255468e+38,2.587636621080337e+38
inner,470.0,0.0794973761200234,3.5437402809164733,3.5879828872922372,1.3518587724171367,0.32847735598962835,0.6715226440103716,0.0,0.008090844120098419,3.856208479741892e+38,2.589531314171491e+38
inner,472.0,0.07835298108100049,3.530891703480481,3.574978396757132,1.3496075510020702,0.3271587416505426,0.6728412583494574,0.0,0.008080897822162892,3.8514326163475286e+38,2.591402768031414e+38
inner,474.0,0.07722506004488505,3.5180880144330513,3.562019273774378,1.3473600784977353,0.32584237699518837,0.6741576230048116,0.0,0.00807098368328798,3.846653760432161e+38,2.593250955655466e+38
inner,476.0,0.07611337586212427,3.5053290816761775,3.5491053858270476,1.3451163486611515,0.32452827668110873,0.6754717233188913,0.0,0.008061101594804759,3.841871926407583e+38,2.5950758509009986e+38
inner,478.0,0.07501769479702351,3.492614773126663,3.5362366003952754,1.3428763552597343,0.3232164552541603,0.6767835447458397,0.0,0.008051251448186855,3.837087128737873e+38,2.596877428485854e+38
inner,480.0,0.07393778647860258,3.4799449567228344,3.523412784963315,1.3406400920712787,0.321906927148386,0.678093072851614,0.0,0.008041433135054971,3.832299381939692e+38,2.5986556639868266e+38
inner,482.0,0.07287342385215936,3.4673195004311346,3.510633807026464,1.3384075528839408,0.32059970668589033,0.6794002933141097,0.0,0.008031646547181305,3.827508700582559e+38,2.6004105338380974e+38
inner,484.0,0.07182438313153083,3.454738272252586,3.4978995340978725,1.3361787314962215,0.31929480807672284,0.6807051919232772,0.0,0.008021891576493904,3.8227150992891346e+38,2.60214201532962e+38
inner,486.0,0.07079044375204101,3.4422011402291464,3.485209833715209,1.3339536217169488,0.3179922454187629,0.6820077545812371,0.0,0.00801216811508087,3.817918592735475e+38,2.6038500866054784e+38
inner,488.0,0.06977138832412653,3.4297079724499406,3.4725645734472304,1.3317322173652608,0.3166920326976139,0.6833079673023861,0.0,0.00800247605519454,3.813119195651329e+38,2.605534726662219e+38
inner,490.0,0.06876700258762973,3.417258637057383,3.4599636209002096,1.3295145122705887,0.3153941837864983,0.6846058162135017,0.0,0.0079928152892555,3.808316922820369e+38,2.60719591534713e+38
inner,492.0,0.06777707536674955,3.4048530022531813,3.4474068437242584,1.3273005002726388,0.31409871244616117,0.6859012875538388,0.0,0.007983185709856584,3.803511789080468e+38,2.608833633356498e+38
inner,494.0,0.06680139852564114,3.3924909363042324,3.4348941096195302,1.3250901752213764,0.31280563232477665,0.6871943676752233,0.0,0.007973587209766686,3.798703809323957e+38,2.6104478622338393e+38
inner,496.0,0.06583976692465447,3.38017230754841,3.4224252863423077,1.3228835309770084,0.31151495695786124,0.6884850430421388,0.0,0.007964019681934597,3.793892998497862e+38,2.6120385843680697e+38
inner,498.0,0.064891978377203,3.36789698440024,3.410000241710979,1.3206805614099657,0.3102266997681903,0.6897733002318097,0.0,0.007954483019492668,3.789079371604156e+38,2.6136057829916702e+38
inner,500.0,0.06395783360725316,3.3556648353564746,3.397618843611904,1.3184812604008875,0.30894087406572135,0.6910591259342787,0.0,0.007944977115760412,3.784262943700008e+38,2.615149442178808e+38
inner,502.0,0.06303713620742589,3.3434757290015553,3.3852809600051654,1.3162856218406025,0.3076574930475211,0.6923425069524789,0.0,0.007935501864248051,3.7794437298979995e+38,2.6166695468434086e+38
inner,504.0,0.06212969259770124,3.33132953401298,3.3729864589302236,1.3140936396301135,0.3063765697976989,0.6936234302023011,0.0,0.00792605715865994,3.774621745366379e+38,2.6181660827372247e+38
inner,506.0,0.06123531198471746,3.319226119166561,3.3607352085114526,1.3119053076805796,0.3050981172873435,0.6949018827126565,0.0,0.007916642892897929,3.769797005329277e+38,2.619639036447849e+38
inner,508.0,0.060353806321655934,3.3071653533415937,3.3485270769635838,1.3097206199132994,0.3038221483744671,0.6961778516255329,0.0,0.007907258961064648,3.7649695250669294e+38,2.6210883953966977e+38
inner,510.0,0.059484990268703755,3.295147105525912,3.3363619325970357,1.3075395702596946,0.30254867580395217,0.6974513241960478,0.0,0.007897905257466694,3.760139319915902e+38,2.6225141478369727e+38
inner,512.0,0.05862868115408524,3.283171244820863,3.3242396438231494,1.3053621526612922,0.3012777122075049,0.6987222877924951,0.0,0.007888581676617776,3.7553064052693085e+38,2.623916282851582e+38
inner,514.0,0.0577846989356546,3.271237640446171,3.3121600791593275,1.3031883610697088,0.3000092701036129,0.6999907298963871,0.0,0.007879288113241753,3.750470796577002e+38,2.6252947903510203e+38
inner,516.0,0.05695286616304135,3.2593461617447193,3.300123107234062,1.301018189446633,0.29874336189750816,0.7012566381024918,0.0,0.007870024462275593,3.745632509345807e+38,2.626649661071241e+38
inner,518.0,0.056133007940340776,3.2474966781872348,3.288128596791884,1.298851631763809,0.29747999988113527,0.7025200001188647,0.0,0.007860790618872293,3.740791559139701e+38,2.6279808865714702e+38
inner,520.0,0.05532495188934137,3.235689059376879,3.2761764166981977,1.2966886820030195,0.296219196233124,0.703780803766876,0.0,0.007851586478403704,3.7359479615800225e+38,2.6292884592320103e+38
inner,522.0,0.054528528113281696,3.223923175053753,3.264266435944041,1.2945293341560693,0.2949609630187676,0.7050390369812324,0.0,0.007842411936463269,3.731101732345657e+38,2.63057237225199e+38
inner,524.0,0.05374356916112898,3.212198895099314,3.2523985236507373,1.2923735822247686,0.29370531219000506,0.7062946878099949,0.0,0.00783326688886873,3.726252887173234e+38,2.6318326196471115e+38
inner,526.0,0.05296990999237195,3.2005160895407037,3.2405725490744675,1.2902214202209161,0.29245225558540966,0.7075477444145903,0.0,0.007824151231664743,3.7214014418572955e+38,2.6330691962473338e+38
inner,528.0,0.052207387942320375,3.1888746285549874,3.2287883816107463,1.2880728421662828,0.29120180493018144,0.7087981950698186,0.0,0.007815064861125404,3.716547412250499e+38,2.6342820976945582e+38
inner,530.0,0.05145584268790425,3.1772743824733185,3.2170458907988135,1.2859278420925948,0.28995397183614513,0.7100460281638549,0.0,0.007806007673756769,3.711690814263769e+38,2.6354713204402536e+38
inner,532.0,0.050715116213965315,3.1657152217850064,3.2053449463259387,1.2837864140415172,0.28870876780175236,0.7112912321982476,0.0,0.007796979566299256,3.706831663866485e+38,2.6366368617430724e+38
inner,534.0,0.04998505278003375,3.1541970171415197,3.1936854180316385,1.2816485520646375,0.28746620421209,0.71253379578791,0.0,0.007787980435729985,3.701969977086638e+38,2.6377787196664245e+38
inner,536.0,0.04926549888758318,3.1427196393603887,3.182067175911809,1.279514250223449,0.28622629233889185,0.7137737076611081,0.0,0.0077790101792651,3.697105770010996e+38,2.638896893076025e+38
inner,538.0,0.048556303247757025,3.1312829594290488,3.170490090122785,1.2773835025893334,0.2849890433405564,0.7150109566594436,0.0,0.007770068694361975,3.6922390587852644e+38,2.6399913816374155e+38
inner,540.0,0.04785731674955951,3.1198868485085884,3.1589540309852997,1.2752563032435467,0.2837544682621692,0.7162455317378308,0.0,0.007761155878721377,3.6873698596142385e+38,2.6410621858134504e+38
inner,542.0,0.04716839242850445,3.1085311779374343,3.147458868988384,1.2731326462772,0.2825225780355295,0.7174774219644705,0.0,0.00775227163028962,3.682498188761944e+38,2.6421093068617516e+38
inner,544.0,0.046489385435715506,3.0972158192349495,3.1360044747931712,1.2710125257912448,0.28129338347918265,0.7187066165208174,0.0,0.007743415847260551,3.677624062551795e+38,2.6431327468321435e+38
inner,546.0,0.04582015300747116,3.0859406441049675,3.1245907192366342,1.2688959358964564,0.2800668952984562,0.7199331047015438,0.0,0.007734588428077592,3.672747497366729e+38,2.644132508564054e+38
inner,548.0,0.04516055443518803,3.0747055244392443,3.113217473335243,1.266782870713417,0.2788431240855026,0.7211568759144974,0.0,0.007725789271435653,3.667868509649331e+38,2.6451085956838754e+38
inner,550.0,0.04451045103583651,3.0635103323208406,3.1018846082885383,1.2646733243724995,0.2776220803193441,0.7223779196806559,0.0,0.007717018276283011,3.662987115901991e+38,2.646061012602326e+38
inner,552.0,0.04386970612278203,3.052354940027439,3.0905919954826504,1.262567291013852,0.2764037743659249,0.7235962256340751,0.0,0.007708275341823148,3.658103332687002e+38,2.6469897645117457e+38
inner,554.0,0.04323818497704621,3.0412392200345812,3.079339506493725,1.2604647647873801,0.2751882164781666,0.7248117835218334,0.0,0.0076995603675165045,3.653217176626706e+38,2.6478948573833998e+38
inner,556.0,0.04261575481898185,3.0301630450188477,3.06812701309129,1.2583657398527321,0.27397541679602955,0.7260245832039705,0.0,0.007690873253082218,3.648328664403598e+38,2.64877629796472e+38
inner,558.0,0.042002284780355295,3.019126287860955,3.056954387241542,1.2562702103792815,0.27276538534657657,0.7272346146534234,0.0,0.007682213898499765,3.643437812760445e+38,2.649634093776554e+38
inner,560.0,0.041397645876831035,3.0081288216488025,3.045821501110576,1.2541781705461121,0.271558132044045,0.728441867955955,0.0,0.0076735822040105905,3.638544638500394e+38,2.6504682531103523e+38
inner,562.0,0.04080171098085223,2.997170519680442,3.0347282270675295,1.2520896145420009,0.27035366668992045,0.7296463333100796,0.0,0.007664978070119667,3.633649158487087e+38,2.651278785025359e+38
inner,564.0,0.04021435479491173,2.9862512554669878,3.0236744376876774,1.2500045365654016,0.2691519989730158,0.7308480010269842,0.0,0.007656401397597016,3.6287513896447405e+38,2.6520656993457497e+38
inner,566.0,0.03963545382520773,2.975370902735459,3.0126600057554422,1.24792293082443,0.26795313846955626,0.7320468615304437,0.0,0.007647852087479169,3.623851348958262e+38,2.65282900665776e+38
inner,568.0,0.039064886355678806,2.964529335431567,3.0016848042673563,1.2458447915368462,0.266757094643268,0.733242905356732,0.0,0.007639330041070575,3.618949053473331e+38,2.6535687183067802e+38
inner,570.0,0.03850253242241266,2.9537264277224304,2.9907487064349447,1.2437701129300403,0.26556387684547067,0.7344361231545293,0.0,0.007630835159944986,3.614044520296497e+38,2.65428484639443e+38
inner,572.0,0.03794827378842322,2.9429620539992403,2.979851585687557,1.2416988892410141,0.2643734943151762,0.7356265056848238,0.0,0.007622367345946796,3.609137766595245e+38,2.6549774037755893e+38
inner,574.0,0.037401993918790934,2.9322360888798547,2.968993315675124,1.2396311147163679,0.26318595617919094,0.7368140438208091,0.0,0.007613926501192275,3.604228809598095e+38,2.655646404055433e+38
inner,576.0,0.036863577956160826,2.9215484072113465,2.9581737702708675,1.2375667836122817,0.26200127145222296,0.737998728547777,0.0,0.007605512528070868,3.5993176665946576e+38,2.6562918615864088e+38
inner,578.0,0.03633291269659334,2.910898884072482,2.947392823573936,1.2355058901945013,0.26081944903699394,0.7391805509630061,0.0,0.00759712532924632,3.594404354935722e+38,2.6569137914652153e+38
inner,580.0,0.03580988656576282,2.9002873947761505,2.936650349911991,1.2334484287383216,0.2596404977243548,0.7403595022756452,0.0,0.007588764807657874,3.5894888920333046e+38,2.6575122095297346e+38
inner,582.0,0.03529438959549853,2.889713814871731,2.9259462238437255,1.2313943935285703,0.25846442619340637,0.7415355738065936,0.0,0.0075804308665213755,3.584571295360718e+38,2.6580871323559547e+38
inner,584.0,0.03478631340066349,2.879178020147413,2.915280320161337,1.2293437788595927,0.2572912430116254,0.7427087569883746,0.0,0.0075721234093303,3.579651582452635e+38,2.658638577254865e+38
inner,586.0,0.034285551156366105,2.8686798866324534,2.9046525138929313,1.227296579035236,0.25612095663499324,0.7438790433650068,0.0,0.007563842339856823,3.5747297709051266e+38,2.6591665622693156e+38
inner,588.0,0.033791997575499805,2.8582192905993855,2.8940626803048772,1.2252527883688322,0.25495357540813046,0.7450464245918695,0.0,0.007555587562152772,3.569805878375718e+38,2.659671106170867e+38
inner,590.0,0.03330554888660608,2.847796108566171,2.8835106949041056,1.223212401183184,0.25378910756443496,0.746210892435565,0.0,0.007547358980550599,3.564879922583432e+38,2.6601522284566108e+38
inner,592.0,0.032826102812056106,2.8374102172983093,2.8729964334403526,1.2211754118105478,0.25262756122622565,0.7473724387737744,0.0,0.007539156499664265,3.559951921308828e+38,2.6606099493459628e+38
inner,594.0,0.032353558546546514,2.827061493810884,2.8625197719083513,1.2191418145926185,0.25146894440488843,0.7485310555951116,0.0,0.007530980024390122,3.55502189239403e+38,2.6610442897774344e+38
inner,596.0,0.031887816735904795,2.816749815370567,2.8520805865499708,1.2171116038805139,0.25031326500102913,0.7496867349989709,0.0,0.007522829459907747,3.550089853742773e+38,2.6614552714053938e+38
inner,598.0,0.031428779456199527,2.806475059497571,2.8416787538563026,1.215084774034758,0.24916053080462852,0.7508394691953715,0.0,0.007514704711680738,3.545155823320406e+38,2.6618429165967743e+38
inner,600.0,0.030976350193151668,2.7962371039675538,2.8313141505696957,1.2130613194252668,0.24801074949520308,0.7519892505047969,0.0,0.007506605685457461,3.540219819153935e+38,2.6622072484277953e+38
inner,602.0,0.030530433821842007,2.7860358268134755,2.820986653685745,1.211041234431332,0.2468639286419696,0.7531360713580304,0.0,0.0074985322872717875,3.535281859332026e+38,2.6625482906806353e+38
inner,604.0,0.030090936586710828,2.7758711063274046,2.8106961404552284,1.2090245134416047,0.24572007570401366,0.7542799242959863,0.0,0.007490484423443792,3.530341962005022e+38,2.662866067840092e+38
inner,606.0,0.02965776608184542,2.765742821062284,2.8004424883859915,1.207011150854081,0.24457919803046257,0.7554208019695374,0.0,0.007482462000580392,3.525400145384954e+38,2.6631606050902264e+38
inner,608.0,0.029230831231551437,2.755650849833647,2.7902255752447944,1.205001141076086,0.24344130286066368,0.7565586971393363,0.0,0.007474464925575981,3.52045642774554e+38,2.6634319283109675e+38
inner,610.0,0.028810042271203873,2.7455950717212914,2.780045279059103,1.2029944785242577,0.24230639732436432,0.7576936026756357,0.0,0.007466493105613014,3.515510827422186e+38,2.663680064074721e+38
inner,612.0,0.028395310728373712,2.7355753660709072,2.769901478118838,1.2009911576245318,0.24117448844189904,0.758825511558101,0.0,0.007458546448162585,3.5105633628119796e+38,2.6639050396429277e+38
inner,614.0,0.0279865494042263,2.725591612495659,2.759794050978074,1.1989911728121274,0.24004558312437796,0.759954416875622,0.0,0.007450624860984921,3.505614052373687e+38,2.6641068829626317e+38
inner,616.0,0.02758367235518745,2.7156436908777337,2.7497228764567065,1.1969945185315296,0.2389196881738821,0.7610803118261179,0.0,0.0074427282521298994,3.500662914627727e+38,2.6642856226629972e+38
inner,618.0,0.027186594874873484,2.705731481369838,2.739687833642058,1.195001189236475,0.23779681028365995,0.76220318971634,0.0,0.007434856529937533,3.495709968156163e+38,2.6644412880518332e+38
inner,620.0,0.026795233476281422,2.6958548643966567,2.7296888018904535,1.1930111793899367,0.23667695603833128,0.7633230439616687,0.0,0.007427009603038364,3.490755231602678e+38,2.664573909112076e+38
inner,622.0,0.02640950587423552,2.686013720656272,2.719725660828742,1.1910244834641084,0.23556013191409086,0.7644398680859091,0.0,0.007419187380353903,3.4857987236725355e+38,2.6646835164982634e+38
inner,624.0,0.026029330968086514,2.6762079311215445,2.7097982903557964,1.1890410959403888,0.23444634427892175,0.7655536557210783,0.0,0.007411389771096994,3.4808404631325684e+38,2.6647701415329888e+38
inner,626.0,0.025654628824659905,2.666437377041449,2.699906570643947,1.187061011309367,0.23333559939280668,0.7666644006071933,0.0,0.007403616684772176,3.475880468811127e+38,2.6648338162033326e+38
inner,628.0,0.02528532066144971,2.6567019399423764,2.6900503821403943,1.1850842240708064,0.2322279034079482,0.7677720965920518,0.0,0.007395868031175996,3.4709187595980424e+38,2.664874573157273e+38
inner,630.0,0.024921328830054174,2.647001501629394,2.6802296055685666,1.1831107287336302,0.23112326236898917,0.7688767376310108,0.0,0.007388143720397301,3.465955354444584e+38,2.664892445700085e+38
inner,632.0,0.024562576799849876,2.6373359441874746,2.670444121929453,1.1811405198159057,0.23002168221324004,0.76997831778676,0.0,0.007380443662817523,3.4609902723634055e+38,2.6648874677907152e+38
inner,634.0,0.024208989141900897,2.6277051499826825,2.66069381250289,1.1791735918448292,0.22892316877090835,0.7710768312290917,0.0,0.0073727677691109135,3.456023532428494e+38,2.6648596740381347e+38
inner,636.0,0.0238604915130996,2.618109001663323,2.650978558848809,1.1772099393567104,0.22782772776533233,0.7721722722346677,0.0,0.007365115950244766,3.45105515377511e+38,2.6648090996976875e+38
inner,638.0,0.02351701064053578,2.608547382161061,2.641298242808446,1.1752495568969579,0.22673536481321865,0.7732646351867813,0.0,0.007357488117479599,3.446085155599724e+38,2.6647357806674038e+38
inner,640.0,0.023178474306090643,2.599020174692002,2.6316527465055266,1.1732924390200636,0.2256460854248843,0.7743539145751157,0.0,0.007349884182369332,3.441113557159957e+38,2.6646397534843143e+38
inner,642.0,0.02284481133125279,2.589527262757739,2.6220419523473946,1.1713385802895875,0.22455989500450113,0.7754401049954989,0.0,0.007342304056761427,3.436140377774488e+38,2.664521055320722e+38
inner,644.0,0.022515951562152615,2.5800685301463626,2.6124657430261213,1.1693879752781435,0.22347679885034522,0.7765232011496548,0.0,0.007334747652797023,3.431165636823002e+38,2.6643797239804914e+38
inner,646.0,0.022191825854812223,2.570643860933443,2.6029240015195776,1.1674406185673825,0.2223968021550502,0.7776031978449498,0.0,0.0073272148829110016,3.426189353746093e+38,2.6642157978952836e+38
inner,648.0,0.021872366060607624,2.5612531394829765,2.5934166110924615,1.1654965047479793,0.22131991000586249,0.7786800899941375,0.0,0.0073197056598321,3.421211548045185e+38,2.664029316120807e+38
inner,650.0,0.021557505011940276,2.5518962504482965,2.5839434552973057,1.1635556284196167,0.2202461273849028,0.7797538726150972,0.0,0.00731221989658293,3.4162322392824436e+38,2.6638203183330307e+38
inner,652.0,0.02124717650811482,2.5425730787729592,2.5745044179754397,1.1616179841909697,0.21917545916942893,0.7808245408305711,0.0,0.0073047575064800275,3.411251447080676e+38,2.6635888448243896e+38
inner,654.0,0.02094131530142014,2.533283509691593,2.56509938325793,1.1596835666796927,0.21810791013210373,0.7818920898678963,0.0,0.007297318403133871,3.406269191123239e+38,2.6633349364999777e+38
inner,656.0,0.020639857083410804,2.52402742873072,2.5557282355664785,1.1577523705124022,0.21704348494126613,0.7829565150587339,0.0,0.007289902500448836,3.401285491153928e+38,2.6630586348737137e+38
inner,658.0,0.02034273847138597,2.5148047217095457,2.5463908596142977,1.155824390324663,0.21598218816120585,0.7840178118387942,0.0,0.007282509712623191,3.396300366976881e+38,2.6627599820645077e+38
inner,660.0,0.020049896995062936,2.5056152747407188,2.5370871404069475,1.1538996207609733,0.21492402425244084,0.7850759757475592,0.0,0.007275139954149049,3.3913138384564516e+38,2.662439020792399e+38
inner,662.0,0.01976127108344254,2.4964589742310643,2.527816963243145,1.1519780564747502,0.21386899757200029,0.7861310024279997,0.0,0.007267793139812257,3.3863259255171064e+38,2.6620957943746867e+38
inner,664.0,0.019476800051863644,2.487335706882284,2.5185802137155484,1.1500596921283135,0.2128171123737086,0.7871828876262914,0.0,0.007260469184692362,3.381336648143295e+38,2.6617303467220444e+38
inner,666.0,0.01919642408924391,2.478245359691634,2.509376777711502,1.148144522392872,0.21176837280847494,0.7882316271915251,0.0,0.007253168004162442,3.3763460263793317e+38,2.6613427223346203e+38
inner,668.0,0.018920084245504367,2.4691878199525665,2.500206541413757,1.1462325419485089,0.21072278292458435,0.7892772170754156,0.0,0.007245889513889017,3.3713540803292562e+38,2.6609329662981225e+38
inner,670.0,0.018647722419174888,2.4601629752553547,2.491069391301168,1.144323745484166,0.20968034666799407,0.7903196533320059,0.0,0.007238633629831897,3.3663608301567116e+38,2.660501124279896e+38
inner,672.0,0.018379281345178165,2.4511707134876803,2.4819652141493522,1.1424181276976297,0.2086410678826327,0.7913589321173673,0.0,0.007231400268243977,3.361366296084793e+38,2.660047242524972e+38
inner,674.0,0.018114704582789513,2.4422109228352045,2.472893897031332,1.1405156832955161,0.20760495031070114,0.7923950496892989,0.0,0.007224189345671119,3.3563704983959154e+38,2.659571367852128e+38
inner,676.0,0.01785393650376998,2.433283491782103,2.4638553273181363,1.138616406993256,0.20657199759297895,0.793428002407021,0.0,0.0072170007789519024,3.3513734574316547e+38,2.6590735476499097e+38
inner,678.0,0.017596922280670377,2.424388309111585,2.45484939267939,1.136720293515081,0.20554221326913358,0.7944577867308664,0.0,0.007209834485217422,3.3463751935926094e+38,2.6585538298726593e+38
inner,680.0,0.017343607875303493,2.41552526390638,2.4458759810838675,1.1348273375940077,0.20451560077803133,0.7954843992219687,0.0,0.007202690381891063,3.3413757273382325e+38,2.6580122630365225e+38
inner,682.0,0.017093940027382445,2.406694245549205,2.436934980800023,1.132937533971824,0.203492163458054,0.796507836541946,0.0,0.007195568386688226,3.3363750791866757e+38,2.6574488962154427e+38
inner,684.0,0.016847866243322483,2.397895143723202,2.4280262803964945,1.1310508773990742,0.20247190454741593,0.7975280954525841,0.0,0.007188468417616116,3.331373269714619e+38,2.656863779037148e+38
inner,686.0,0.016605334785204033,2.3891278484123593,2.4191497687425887,1.1291673626350445,0.20145482718448715,0.7985451728155128,0.0,0.007181390392973386,3.326370319557113e+38,2.6562569616791273e+38
inner,688.0,0.016366294659894587,2.3803922499019006,2.4103053350087316,1.1272869844477482,0.20044093440811728,0.7995590655918827,0.0,0.007174334231349914,3.3213662494073895e+38,2.6556284948645886e+38
inner,690.0,0.016130695608327233,2.37168823877866,2.401492868666902,1.1254097376139114,0.19943022915796393,0.8005697708420361,0.0,0.007167299851626441,3.316361080016696e+38,2.6549784298584135e+38
inner,692.0,0.015898488094933477,2.363015705931425,2.3927122594910393,1.1235356169189583,0.1984227142748234,0.8015772857251766,0.0,0.007160287172974268,3.3113548321940977e+38,2.6543068184630923e+38
inner,694.0,0.015669623297228232,2.354374542551266,2.3839633975574266,1.1216646171569966,0.1974183925009647,0.8025816074990353,0.0,0.007153296114854935,3.3063475268063054e+38,2.653613713014664e+38
inner,696.0,0.015444053095544686,2.3457646401318386,2.3752461732450567,1.119796733130804,0.19641726648046764,0.8035827335195324,0.0,0.007146326597019823,3.3013391847774764e+38,2.652899166378629e+38
inner,698.0,0.015221730062916992,2.3371858904696663,2.3665604772359647,1.1179319596518125,0.19541933875956152,0.8045806612404385,0.0,0.007139378539509826,3.2963298270890172e+38,2.652163231945862e+38
inner,700.0,0.015002607455108546,2.3286381856644005,2.3579062005155493,1.1160702915400942,0.19442461178696913,0.8055753882130309,0.0,0.007132451862654947,3.2913194747793857e+38,2.6514059636285123e+38
inner,702.0,0.014786639200783856,2.3201214181190637,2.349283234372868,1.1142117236243478,0.1934330879142525,0.8065669120857475,0.0,0.0071255464870739384,3.2863081489438775e+38,2.650627415855892e+38
inner,704.0,0.014573779891821874,2.3116354805402684,2.3406914704009103,1.1123562507418836,0.19244476939616195,0.807555230603838,0.0,0.0071186623336738555,3.281295870734436e+38,2.6498276435703687e+38
inner,706.0,0.014363984773768759,2.303180265938417,2.3321308004968486,1.1105038677386088,0.19145965839098766,0.8085403416090123,0.0,0.0071117993236496655,3.276282661359409e+38,2.649006702223221e+38
inner,708.0,0.014157209736428103,2.294755667627881,2.323601116862272,1.1086545694690142,0.19047775696091396,0.809522243039086,0.0,0.007104957378483812,3.271268542083364e+38,2.6481646477705257e+38
inner,710.0,0.013953411304586593,2.2863615792271657,2.3151023120034013,1.1068083507961586,0.18949906707237818,0.8105009329276218,0.0,0.007098136419945766,3.266253534226835e+38,2.6473015366689915e+38
inner,712.0,0.013752546628873184,2.277997894659049,2.306634278731275,1.1049652065916558,0.18852359059642843,0.8114764094035716,0.0,0.007091336370091596,3.261237659166113e+38,2.6464174258718264e+38
inner,714.0,0.013554573476749866,2.269664508150709,2.2981969101619284,1.1031251317356596,0.18755132930908958,0.8124486706909104,0.0,0.007084557151263465,3.2562209383330145e+38,2.6455123728245666e+38
inner,716.0,0.013359450223632115,2.2613613142338242,2.2897900997165395,1.1012881211168497,0.186582284891726,0.813417715108274,0.0,0.007077798686089188,3.2512033932146326e+38,2.6445864354609137e+38
inner,718.0,0.01316713584413716,2.2530882077446646,2.281413741121571,1.0994541696324176,0.1856164589314121,0.8143835410685879,0.0,0.007071060897481735,3.2461850453531104e+38,2.6436396721985606e+38
inner,720.0,0.01297758990345829,2.2448450838241607,2.273067728408881,1.0976232721880528,0.1846538529213022,0.8153461470786978,0.0,0.007064343708638725,3.2411659163453908e+38,2.6426721419350113e+38
inner,722.0,0.012790772548863223,2.236631837917955,2.264751955915823,1.0957954236979275,0.18369446826100466,0.8163055317389953,0.0,0.007057647043041939,3.236146027842966e+38,2.6416839040433897e+38
inner,724.0,0.01260664450131496,2.2284483657764373,2.2564663182853226,1.0939706190846838,0.18273830625695786,0.8172616937430421,0.0,0.00705097082445678,3.231125401551624e+38,2.6406750183682476e+38
inner,726.0,0.012425167047213217,2.2202945634547646,2.2482107104659463,1.0921488532794188,0.18178536812280943,0.8182146318771906,0.0,0.007044314976931756,3.226104059231199e+38,2.6396455452213657e+38
inner,728.0,0.012246302030254745,2.212170327312861,2.239985027711938,1.0903301212216707,0.18083565497979714,0.8191643450202029,0.0,0.00703767942479795,3.221082022695294e+38,2.638595545377541e+38
inner,730.0,0.01207001184341083,2.2040755540154064,2.231789165583255,1.0885144178594048,0.17988916785713294,0.8201108321428671,0.0,0.007031064092668471,3.2160593138110313e+38,2.6375250800703827e+38
inner,732.0,0.011896259421020272,2.1960101405318033,2.223623019945569,1.0867017381489996,0.17894590769238905,0.821054092307611,0.0,0.0070244689054378764,3.2110359544987673e+38,2.6364342109880886e+38
inner,734.0,0.011725008230996196,2.1879739841361348,2.215486486970274,1.0848920770552324,0.1780058753318876,0.8219941246681124,0.0,0.00701789378828164,3.2060119667318286e+38,2.6353230002692228e+38
inner,736.0,0.01155622226714505,2.1799669824071017,2.207379463134455,1.0830854295512657,0.1770690715310903,0.8229309284689097,0.0,0.007011338666655575,3.2009873725362243e+38,2.634191510498491e+38
inner,738.0,0.011389866041596166,2.171989033227947,2.1993018452208553,1.0812817906186332,0.17613549695499364,0.8238645030450064,0.0,0.007004803466295214,3.1959621939903696e+38,2.6330398047025043e+38
inner,740.0,0.011225904577340299,2.1640400347863658,2.1912535303178227,1.0794811552472252,0.17520515217852328,0.8247948478214767,0.0,0.0069982881132152775,3.1909364532247894e+38,2.631867946345543e+38
inner,742.0,0.011064303400875592,2.1561198855744004,2.1832344158192436,1.0776835184352762,0.1742780376869334,0.8257219623130666,0.0,0.006991792533709029,3.1859101724218348e+38,2.6306759993253175e+38
inner,744.0,0.010905028534959392,2.148228484388322,2.175244399424459,1.075888875189349,0.17335415387620667,0.8266458461237933,0.0,0.006985316654347692,3.1808833738153783e+38,2.62946402796872e+38
inner,746.0,0.010748046491464401,2.1403657303284955,2.1672833791381674,1.0740972205243224,0.17243350105345678,0.8275664989465432,0.0,0.0069788604019798296,3.1758560796905213e+38,2.6282320970275786e+38
inner,748.0,0.010593324264337692,2.1325315227992347,2.1593512532703136,1.0723085494633768,0.17151607943733427,0.8284839205626657,0.0,0.006972423703730721,3.1708283123832817e+38,2.626980271674402e+38
inner,750.0,0.010440829322661046,2.124725761508642,2.1514479204359644,1.0705228570379806,0.170601889158432,0.829398110841568,0.0,0.006966006487001764,3.165800094280289e+38,2.6257086174981296e+38
inner,752.0,0.01029052960381122,2.1169483464684338,2.1435732795551656,1.0687401382878752,0.16969093025969695,0.830309069740303,0.0,0.006959608679469764,3.160771447818468e+38,2.624417200499863e+38
inner,754.0,0.010142393506718651,2.109199177993757,2.1357272298527934,1.0669603882610637,0.16878320269683922,0.8312167973031608,0.0,0.006953230209086381,3.155742395484726e+38,2.623106087088619e+38
inner,756.0,0.009996389885223226,2.1014781567029854,2.1279096708583825,1.0651836020137944,0.16787870633874657,0.8321212936612534,0.0,0.006946871004077441,3.1507129598156224e+38,2.6217753440770526e+38
inner,758.0,0.009852488041525673,2.0937851835175145,2.120120502405952,1.0634097746105489,0.1669774409679008,0.8330225590320992,0.0,0.006940530992942251,3.1456831633970494e+38,2.6204250386771992e+38
inner,760.0,0.009710657719733269,2.086120159661533,2.1123596246338097,1.061638901124028,0.16607940628079376,0.8339205937192062,0.0,0.006934210104452984,3.1406530288638992e+38,2.619055238496206e+38
inner,762.0,0.009570869099498374,2.078482986661791,2.104626937984348,1.059870976635137,0.16518460188834805,0.834815398111652,0.0,0.006927908267654009,3.1356225788997294e+38,2.6176660115320628e+38
inner,764.0,0.009433092789748635,2.070873566347348,2.0969223432038255,1.0581059962329737,0.16429302731633855,0.8357069726836615,0.0,0.006921625411861167,3.1305918362364246e+38,2.6162574261693275e+38
inner,766.0,0.009297299822507389,2.0632918008493184,2.0892457413421397,1.056343955014814,0.1634046820058156,0.8365953179941844,0.0,0.006915361466661144,3.1255608236538532e+38,2.6148295511748603e+38
inner,768.0,0.009163461646803041,2.055737592600602,2.0815970337525833,1.054584848086097,0.16251956531353018,0.8374804346864698,0.0,0.006909116361910777,3.120529563979517e+38,2.613382455693546e+38
inner,770.0,0.009031550122666121,2.048210844335598,2.0739761220915915,1.0528286705604142,0.16163767651236194,0.8383623234876381,0.0,0.006902890027736335,3.115498080088207e+38,2.6119162092440247e+38
inner,772.0,0.008901537515212743,2.040711459089918,2.06638290831848,1.0510754175594932,0.16075901479174814,0.8392409852082519,0.0,0.006896682394532842,3.110466394901643e+38,2.6104308817144143e+38
inner,774.0,0.008773396488813255,2.0332393402000806,2.0588172946951637,1.0493250842131858,0.15988357925811392,0.8401164207418861,0.0,0.006890493392963381,3.1054345313881137e+38,2.6089265433580384e+38
inner,776.0,0.00864710010134481,2.0257943913031995,2.0512791837858764,1.0475776656594535,0.15901136893530576,0.8409886310646942,0.0,0.006884322953958381,3.1004025125621145e+38,2.6074032647891513e+38
inner,778.0,0.008522621798526697,2.0183765163366583,2.043768478456866,1.045833157044355,0.15814238276502568,0.8418576172349743,0.0,0.006878171008714885,3.0953703614839808e+38,2.6058611169786654e+38
inner,780.0,0.008399935408337196,2.010985619537781,2.036285081876095,1.044091553522032,0.15727661960726746,0.8427233803927325,0.0,0.006872037488695884,3.090338101259516e+38,2.6043001712498777e+38
inner,782.0,0.008279015135510822,2.0036216054434837,2.028828897512914,1.0423528502546957,0.15641407824075482,0.8435859217592452,0.0,0.006865922325629527,3.085305755039609e+38,2.6027204992741923e+38
inner,784.0,0.008159835556114768,1.9962843788899267,2.0213998291377355,1.0406170424126138,0.1555547573633802,0.8444452426366198,0.0,0.006859825451508452,3.0802733460198674e+38,2.6011221730668597e+38
inner,786.0,0.008042371612203433,1.9889738450121481,2.0139977808216964,1.0388841251740963,0.15469865559264628,0.8453013444073537,0.0,0.00685374679858904,3.0752408974402204e+38,2.599505264982695e+38
inner,788.0,0.0079265986065499,1.9816899092436948,2.0066226569363104,1.0371540937254835,0.15384577146610923,0.8461542285338908,0.0,0.00684768629939068,3.0702084325845387e+38,2.5978698477118163e+38
inner,790.0,0.007812492197453247,1.9744324773162405,1.9992743621531024,1.0354269432611314,0.15299610344182168,0.8470038965581783,0.0,0.0068416438866950174,3.0651759747802372e+38,2.5962159942753735e+38
inner,792.0,0.007700028393620622,1.9672014552591977,1.9919528014432544,1.0337026689833984,0.15214964989878066,0.8478503501012193,0.0,0.0068356194935452206,3.0601435473978887e+38,2.5945437780212872e+38
inner,794.0,0.00758918354912297,1.959996749399317,1.9846578800772139,1.031981266102633,0.15130640913737248,0.8486935908626275,0.0,0.006829613053245254,3.0551111738508086e+38,2.5928532726199796e+38
inner,796.0,0.007479934358423415,1.9528182663602818,1.9773895036243172,1.0302627298371592,0.1504663793798231,0.8495336206201769,0.0,0.006823624499359097,3.0500788775946648e+38,2.591144552060121e+38
inner,798.0,0.007372257851477157,1.945665913062294,1.9701475779523947,1.0285470554132639,0.14962955877064776,0.8503704412293522,0.0,0.006817653765710024,3.0450466821270614e+38,2.5894176906443643e+38
inner,800.0,0.00726613138890195,1.9385395967216497,1.9629320092273617,1.026834238065184,0.14879594537710306,0.8512040546228969,0.0,0.006811700786379801,3.0400146109871335e+38,2.5876727629850966e+38
inner,802.0,0.007161532657218102,1.931439224850306,1.9557427039128128,1.0251242730350925,0.14796553718963912,0.8520344628103609,0.0,0.006805765495707986,3.0349826877551233e+38,2.585909844000182e+38
inner,804.0,0.007058439664156953,1.9243647052554456,1.9485795687695984,1.0234171555730849,0.1471383321223544,0.8528616678776456,0.0,0.006799847828291125,3.0299509360519666e+38,2.5841290089087137e+38
inner,806.0,0.00695683073403694,1.9173159460390263,1.9414425108553974,1.0217128809371678,0.1463143280134518,0.8536856719865482,0.0,0.006793947718981986,3.0249193795388692e+38,2.582330333226772e+38
inner,808.0,0.006856684503206198,1.9102928555973295,1.9343314375242808,1.0200114443932435,0.14549352262569437,0.8545064773743056,0.0,0.006788065102888814,3.019888041916875e+38,2.5805138927631782e+38
inner,810.0,0.006757979915550779,1.9032953426204955,1.9272462564262682,1.0183128412150984,0.1446759136468646,0.8553240863531354,0.0,0.006782199915374538,3.0148569469264388e+38,2.5786797636152594e+38
inner,812.0,0.006660696218067525,1.8963233160920572,1.9201868755068745,1.0166170666843892,0.14386149869022302,0.856138501309777,0.0,0.006776352092056013,3.0098261183469903e+38,2.576828022164616e+38
inner,814.0,0.006564812956500663,1.8893766852884624,1.9131532030066531,1.01492411609063,0.14305027529496894,0.8569497247050311,0.0,0.006770521568803236,3.0047955799964936e+38,2.574958745072889e+38
inner,816.0,0.006470309971041241,1.8824553597785916,1.9061451474607303,1.013233984731179,0.1422422409267028,0.8577577590732972,0.0,0.0067647082817385564,2.9997653557310073e+38,2.5730720092775412e+38
inner,818.0,0.006377167392088434,1.8755592494232671,1.899162617698324,1.0115466679112264,0.1414373929778876,0.8585626070221124,0.0,0.006758912167235906,2.994735469444235e+38,2.5711678919876323e+38
inner,820.0,0.006285365636071903,1.8686882643747587,1.8922055228422747,1.0098621609437795,0.14063572876831443,0.8593642712316856,0.0,0.006753133161920014,2.989705945067076e+38,2.5692464706796056e+38
inner,822.0,0.006194885401334266,1.861842315076279,1.8852737723085486,1.008180459149651,0.13983724554556587,0.8601627544544341,0.0,0.006747371202665623,2.9846768065671742e+38,2.5673078230930847e+38
inner,824.0,0.006105707664072862,1.855021312261476,1.8783672758057492,1.0065015578574463,0.13904194048548302,0.860958059514517,0.0,0.006741626226596712,2.979648077948454e+38,2.5653520272266612e+38
inner,826.0,0.0060178136743399184,1.8482251669539156,1.8714859433346118,1.0048254524035496,0.13824981069263265,0.8617501893073674,0.0,0.006735898171085647,2.974619783250668e+38,2.563379161333703e+38
inner,828.0,0.005931184952100312,1.8414537904665627,1.8646296851875015,1.0031521381321111,0.13746085320077406,0.8625391467992259,0.0,0.006730186973752484,2.969591946548921e+38,2.561389303918159e+38
inner,830.0,0.0058458032833460715,1.8347070944012531,1.8577984119478952,1.0014816103950346,0.13667506497332904,0.863324935026671,0.0,0.006724492572464097,2.9645645919532134e+38,2.559382533730377e+38
inner,832.0,0.005761650716266814,1.82798499064816,1.8509920344898652,0.9998138645519644,0.1358924429038515,0.8641075570961485,0.0,0.006718814905333408,2.9595377436079567e+38,2.557358929762919e+38
inner,834.0,0.005678709557475311,1.821287391385255,1.8442104639775503,0.998148895970272,0.13511298381649728,0.8648870161835027,0.0,0.006713153910718607,2.9545114256915064e+38,2.555318571246394e+38
inner,836.0,0.005596962368287391,1.8146142090777662,1.83745361186463,0.9964867000250434,0.13433668446649705,0.865663315533503,0.0,0.006707509527222338,2.9494856624156806e+38,2.5532615376452884e+38
inner,838.0,0.005516391961055386,1.8079653564776266,1.8307213898937804,0.9948272720990667,0.13356354154062755,0.8664364584593724,0.0,0.006701881693690886,2.9444604780252725e+38,2.551187908653808e+38
inner,840.0,0.005436981395554368,1.8013407466229212,1.824013710096138,0.993170607582819,0.1327935516576857,0.8672064483423143,0.0,0.006696270349213398,2.93943589679757e+38,2.549097764191726e+38
inner,842.0,0.005358713975420419,1.794740292837324,1.8173304847907452,0.9915167018744532,0.13202671136896127,0.8679732886310387,0.0,0.006690675433121068,2.9344119430418585e+38,2.5469911844002384e+38
inner,844.0,0.005281573244640131,1.7881639087295362,1.8106716265840026,0.9898655503797855,0.1312630171587128,0.8687369828412872,0.0,0.006685096884986345,2.929388641098935e+38,2.5448682496378273e+38
inner,846.0,0.005205542984090689,1.7816115081927162,1.8040370483691057,0.9882171485122834,0.13050246544464206,0.8694975345553579,0.0,0.00667953464462211,2.924366015340605e+38,2.5427290404761322e+38
inner,848.0,0.005130607208129731,1.7750830054039042,1.7974266633254858,0.9865714916930514,0.1297450525783702,0.8702549474216298,0.0,0.006673988652080898,2.9193440901691844e+38,2.540573637695829e+38
inner,850.0,0.005056750161234317,1.7685783148234417,1.7908403849182344,0.9849285753508195,0.12899077484591492,0.8710092251540851,0.0,0.006668458847654048,2.9143228900169942e+38,2.538402122282516e+38
inner,852.0,0.004983956314688262,1.7620973511943905,1.7842781268975365,0.9832883949219302,0.12823962846816706,0.871760371531833,0.0,0.006662945171870932,2.9093024393458545e+38,2.53621457542261e+38
inner,854.0,0.004912210363317175,1.7556400295419439,1.7777398032980893,0.9816509458503258,0.12749160960136874,0.8725083903986313,0.0,0.006657447565498144,2.904282762646572e+38,2.5340110784992506e+38
inner,856.0,0.004841497222270482,1.7492062651728326,1.7712253284385189,0.9800162235875355,0.12674671433759155,0.8732532856624085,0.0,0.0066519659695386795,2.899263884438428e+38,2.5317917130882147e+38
inner,858.0,0.004771802023849786,1.7427959736747296,1.7647346169207914,0.9783842235926631,0.12600493870521556,0.8739950612947844,0.0,0.006646500325231129,2.894245829268657e+38,2.529556560953834e+38
inner,860.0,0.00470311011438288,1.7364090709156492,1.7582675836296235,0.9767549413323742,0.1252662786694092,0.8747337213305908,0.0,0.0066410505740488405,2.8892286217119295e+38,2.52730570404493e+38
inner,862.0,0.004635407051142749,1.7300454730433426,1.751824143731888,0.9751283722808837,0.12453073013260751,0.8754692698673925,0.0,0.006635616657699206,2.884212286369826e+38,2.5250392244907543e+38
inner,864.0,0.004568678599310947,1.7237050964846885,1.7454042126760085,0.9735045119199434,0.12379828893499512,0.8762017110650049,0.0,0.006630198518122692,2.8791968478703125e+38,2.5227572045969363e+38
inner,866.0,0.0045029107289846606,1.7173878579450803,1.7390077061913574,0.9718833557388286,0.12306895085498393,0.8769310491450161,0.0,0.006624796097492184,2.8741823308672015e+38,2.520459726841443e+38
inner,868.0,0.00443808961222688,1.7110936744078118,1.7326345402876497,0.9702648992343269,0.12234271160969645,0.8776572883903035,0.0,0.006619409338212075,2.8691687600396313e+38,2.5181468738705525e+38
inner,870.0,0.004374201620159022,1.7048224631334568,1.726284631254327,0.9686491379107249,0.12161956685544584,0.8783804331445542,0.0,0.006614038182917511,2.8641561600915164e+38,2.515818728494829e+38
inner,872.0,0.004311233320095402,1.698574141659245,1.7199578956599446,0.9670360672797954,0.12089951218821882,0.8791004878117812,0.0,0.006608682574473527,2.859144555751014e+38,2.5134753736851145e+38
inner,874.0,0.004249171472718972,1.692348627798436,1.7136542503515506,0.9654256828607858,0.12018254314415666,0.8798174568558433,0.0,0.006603342455974273,2.8541339717699796e+38,2.511116892568531e+38
inner,876.0,0.004188003029297698,1.6861458396396902,1.707373612454061,0.9638179801804049,0.11946865520003769,0.8805313447999623,0.0,0.006598017770742203,2.8491244329234196e+38,2.5087433684244885e+38
inner,878.0,0.00412771512894102,1.6799656955464353,1.7011158993696383,0.9622129547728108,0.11875784377376086,0.8812421562262391,0.0,0.006592708462327227,2.8441159640089433e+38,2.50635488468071e+38
inner,880.0,0.004068295095895801,1.6738081141562293,1.6948810287770557,0.9606106021795988,0.11805010422482665,0.8819498957751734,0.0,0.006587414474505951,2.8391085898462078e+38,2.5039515249092626e+38
inner,882.0,0.004009730436881198,1.6676730143801226,1.6886689186310666,0.9590109179497882,0.11734543185482149,0.8826545681451785,0.0,0.006582135751280818,2.8341023352763637e+38,2.5015333728226005e+38
inner,884.0,0.003952008838461923,1.6615603154020149,1.682479487161768,0.9574138976398108,0.11664382190790024,0.8833561780920998,0.0,0.006576872236879321,2.8290972251614987e+38,2.4991005122696262e+38
inner,886.0,0.003895118164459269,1.6554699366780115,1.6763126528739623,0.9558195368134981,0.1159452695712695,0.8840547304287305,0.0,0.006571623875753192,2.824093284384073e+38,2.4966530272317498e+38
inner,888.0,0.0038390464533994547,1.649401797935774,1.6701683345465117,0.9542278310420688,0.11524976997567071,0.8847502300243293,0.0,0.006566390612577575,2.8190905378463565e+38,2.494191001818974e+38
inner,890.0,0.0037837819159986744,1.6433558191738704,1.6640464512316948,0.952638775904117,0.1145573181958639,0.8854426818041361,0.0,0.006561172392250226,2.8140890104698606e+38,2.491714520265981e+38
inner,892.0,0.0037293129326843575,1.6373319206611228,1.657946922254559,0.9510523669856,0.11386790925111057,0.8861320907488894,0.0,0.006555969159890708,2.8090887271947666e+38,2.489223666928235e+38
inner,894.0,0.003675628051152109,1.6313300229359515,1.6518696672122686,0.9494685998798248,0.11318153810565745,0.8868184618943425,0.0,0.00655078086083959,2.8040897129793574e+38,2.486718526278102e+38
inner,896.0,0.0036227159839578244,1.6253500468057172,1.6458146059734509,0.9478874701874377,0.11249819966922003,0.88750180033078,0.0,0.006545607440657592,2.7990919927994376e+38,2.4841991829009716e+38
inner,898.0,0.0035705656061444588,1.6193919133460588,1.6397816586775393,0.9463089735164105,0.11181788879746546,0.8881821112025345,0.0,0.006540448845124825,2.7940955916477533e+38,2.4816657214913964e+38
inner,900.0,0.003519165952902967,1.6134555439002343,1.6337707457341177,0.9447331054820294,0.11114060029249595,0.888859399707504,0.0,0.006535305020239981,2.7891005345334173e+38,2.479118226849252e+38
inner,902.0,0.0034685062172669103,1.6075408600784535,1.6277817878222571,0.943159861706882,0.11046632890333252,0.8895336710966675,0.0,0.0065301759122194875,2.784106846481318e+38,2.4765567838758924e+38
inner,904.0,0.003418575747840251,1.6016477837572107,1.6218147058898513,0.941589237820846,0.10979506932639782,0.8902049306736022,0.0,0.006525061467496714,2.779114552531536e+38,2.473981477570335e+38
inner,906.0,0.00336936404655786,1.5957762370786184,1.6158694211529532,0.9400212294610759,0.10912681620599818,0.8908731837940018,0.0,0.0065199616327212126,2.7741236777387553e+38,2.47139239302545e+38
inner,908.0,0.0033208607664782564,1.5899261424497333,1.6099458550951076,0.9384558322719921,0.1084615641348079,0.8915384358651921,0.0,0.006514876354757852,2.769134247171667e+38,2.468789615424164e+38
inner,910.0,0.0032730557096081296,1.5840974225418858,1.6040439294666777,0.9368930419052681,0.10779930765435053,0.8922006923456495,0.0,0.006509805580686046,2.7641462859123814e+38,2.4661732300356825e+38
inner,912.0,0.003225938824758168,1.5782900002900024,1.598163566284177,0.9353328540198185,0.10714004125548215,0.8928599587445178,0.0,0.006504749257798932,2.7591598190558263e+38,2.4635433222117164e+38
inner,914.0,0.0031795002054297635,1.5725037988919335,1.5923046878295937,0.9337752642817869,0.10648375937887278,0.8935162406211272,0.0,0.00649970733360259,2.7541748717091453e+38,2.4608999773827306e+38
inner,916.0,0.003133730087732134,1.566738741807771,1.5864672166497131,0.9322202683645344,0.1058304564154886,0.8941695435845114,0.0,0.006494679755815217,2.749191468991099e+38,2.4582432810542035e+38
inner,918.0,0.0030886188483294254,1.5609947527591708,1.5806510755554457,0.9306678619486268,0.10518012670707333,0.8948198732929267,0.0,0.006489666472366362,2.7442096360314636e+38,2.4555733188029024e+38
inner,920.0,0.003044157002417373,1.5552717557286704,1.57485618762114,0.9291180407218229,0.10453276454662941,0.8954672354533706,0.0,0.0064846674313960755,2.7392293979704134e+38,2.452890176273167e+38
inner,922.0,0.0030003352017290846,1.5495696749590064,1.5690824761839073,0.927570800379063,0.10388836417889902,0.896111635821101,0.0,0.0064796825812541555,2.7342507799579226e+38,2.450193939173215e+38
inner,924.0,0.00295714423256954,1.5438884349524309,1.5633298648429375,0.9260261366224561,0.1032469198008441,0.8967530801991559,0.0,0.006474711870499343,2.7292738071531462e+38,2.4474846932714607e+38
inner,926.0,0.002914575013878365,1.538227960470024,1.5575982774588133,0.9244840451612687,0.10260842556212735,0.8973915744378727,0.0,0.006469755247898483,2.7242985047238076e+38,2.44476252439284e+38
inner,928.0,0.002872618595320514,1.5325881765310077,1.5518876381528266,0.9229445217119122,0.10197287556559043,0.8980271244344096,0.0,0.006464812662425808,2.7193248978455834e+38,2.442027518415164e+38
inner,930.0,0.0028312661554044274,1.526969008412058,1.546197871306291,0.9214075619979316,0.10134026386773454,0.8986597361322655,0.0,0.00645988406326208,2.7143530117014848e+38,2.439279761265476e+38
inner,932.0,0.0027905089996272787,1.5213703816466142,1.5405289015598511,0.9198731617499937,0.10071058447919834,0.8992894155208017,0.0,0.0064549693997938175,2.709382871481232e+38,2.436519338916429e+38
inner,934.0,0.002750338558646926,1.51579222202419,1.5348806538127961,0.9183413167058742,0.1000838313652368,0.8999161686347632,0.0,0.006450068621612495,2.7044145023806397e+38,2.4337463373826747e+38
inner,936.0,0.002710746386480174,1.510234455589679,1.5292530532223663,0.916812022610447,0.0994599984461979,0.9005400015538021,0.0,0.0064451816785137915,2.6994479296009826e+38,2.4309608427172766e+38
inner,938.0,0.002671724158726975,1.5046970086426645,1.5236460252030617,0.9152852752156724,0.09883907959800076,0.9011609204019992,0.0,0.0064403085204967556,2.6944831783483743e+38,2.428162941008125e+38
inner,940.0,0.0026332636708201952,1.4991798077367253,1.5180594954259496,0.9137610702805841,0.09822106865261182,0.9017789313473882,0.0,0.0064354490977630435,2.6895202738331354e+38,2.42535271837438e+38
inner,942.0,0.0025953568363005722,1.4936827796787395,1.512493389817968,0.9122394035712784,0.09760595939852079,0.9023940406014792,0.0,0.006430603360716121,2.684559241269162e+38,2.4225302609629206e+38
inner,944.0,0.0025579956851165078,1.4882058515281895,1.5069476345612318,0.9107202708609028,0.09699374558121598,0.903006254418784,0.0,0.0064257712599605,2.679600105873294e+38,2.41969565494482e+38
inner,946.0,0.002521172361948335,1.4827489505964666,1.5014221560923364,0.9092036679296428,0.09638442090365928,0.9036155790963407,0.0,0.006420952746300923,2.6746428928646768e+38,2.4168489865118266e+38
inner,948.0,0.002484879124556709,1.4773120044461732,1.4959168811016599,0.9076895905647117,0.09577797902675966,0.9042220209732403,0.0,0.006416147770741637,2.6696876274641246e+38,2.413990341872866e+38
inner,950.0,0.002449108342154771,1.4718949408904254,1.490431736532666,0.906178034560338,0.0951744135698478,0.9048255864301522,0.0,0.006411356284485524,2.664734334893484e+38,2.4111198072505585e+38
inner,952.0,0.0024138524938037502,1.466497687992152,1.4849666495812028,0.904668995717754,0.09457371811114679,0.9054262818888532,0.0,0.006406578238933429,2.65978304037499e+38,2.4082374688777566e+38
inner,954.0,0.002379104166831656,1.4611201740633997,1.4795215476948058,0.9031624698451844,0.09397588618824604,0.906024113811754,0.0,0.006401813585683297,2.6548337691306236e+38,2.405343412994092e+38
inner,956.0,0.0023448560552747364,1.4557623276646292,1.4740963585719957,0.9016584527578341,0.09338091129857096,0.906619088701429,0.0,0.006397062276529458,2.6498865463814673e+38,2.402437725842543e+38
inner,958.0,0.002311100958341375,1.4504240776040185,1.4686910101615793,0.9001569402778766,0.09278878689985448,0.9072112131001455,0.0,0.00639232426346181,2.644941397347058e+38,2.3995204936660186e+38
inner,960.0,0.0022778317788980946,1.4451053529367583,1.4633054306619446,0.8986579282344431,0.09219950641060559,0.9078004935893944,0.0,0.006387599498665086,2.63999834724474e+38,2.3965918027039605e+38
inner,962.0,0.0022450415219773608,1.4398060829643546,1.457939548520363,0.8971614124636105,0.09161306321057927,0.9083869367894207,0.0,0.006382887934518037,2.6350574212890163e+38,2.3936517391889594e+38
inner,964.0,0.002212723293306862,1.4345261972339254,1.452593292432283,0.8956673888083893,0.09102945064124346,0.9089705493587565,0.0,0.006378189523592712,2.630118644690893e+38,2.3907003893433894e+38
inner,966.0,0.0021808702978599716,1.4292656255374985,1.447266591340629,0.8941758531187128,0.09044866200624635,0.9095513379937537,0.0,0.006373504218653674,2.6251820426572308e+38,2.3877378393760593e+38
inner,968.0,0.0021494758384270544,1.42402429791131,1.4419593744350971,0.8926868012514257,0.08987069057188313,0.9101293094281169,0.0,0.006368831972657207,2.620247640390087e+38,2.3847641754788826e+38
inner,970.0,0.002118533314207365,1.4188021446351016,1.436671571151452,0.8912002290702715,0.08929552956756004,0.91070447043244,0.0,0.006364172738750632,2.6153154630860632e+38,2.3817794838235647e+38
inner,972.0,0.0020880362194212005,1.4135990962314182,1.4314031111708208,0.8897161324458822,0.08872317218626036,0.9112768278137396,0.0,0.006359526470271433,2.6103855359356417e+38,2.3787838505583e+38
inner,974.0,0.002057978141942038,1.4084150834649056,1.426153924418992,0.8882345072557664,0.08815361158500645,0.9118463884149935,0.0,0.006354893120746594,2.605457884122534e+38,2.3757773618045036e+38
inner,976.0,0.0020283527619483588,1.4032500373416057,1.4209239410657069,0.8867553493842972,0.08758684088532276,0.9124131591146772,0.0,0.0063502726438917885,2.6005325328230165e+38,2.372760103653542e+38
inner,978.0,0.001999153850594887,1.3981038891082551,1.4157130915239577,0.8852786547227023,0.08702285317369718,0.9129771468263028,0.0,0.006345664993610642,2.595609507205269e+38,2.369732162163492e+38
inner,980.0,0.001970375268702948,1.3929765702515828,1.4105213064492808,0.8838044191690506,0.08646164150204116,0.9135383584979588,0.0,0.006341070123993998,2.5906888324287097e+38,2.366693623355917e+38
inner,982.0,0.0019420109654696843,1.3878680124976044,1.4053485167390527,0.8823326386282427,0.08590319888814957,0.9140968011118504,0.0,0.006336487989319133,2.5857705336433358e+38,2.363644573212656e+38
inner,984.0,0.001914054977195854,1.3827781478109207,1.4001946535317826,0.8808633090119986,0.08534751831615894,0.9146524816838411,0.0,0.006331918544048996,2.5808546359890547e+38,2.3605850976726352e+38
inner,986.0,0.0018865014260319387,1.3777069083940154,1.39505964820641,0.8793964262388457,0.0847945927370044,0.9152054072629956,0.0,0.006327361742831505,2.5759411645950192e+38,2.3575152826286996e+38
inner,988.0,0.0018593445187423047,1.3726542266865511,1.3899434323815978,0.877931986234109,0.08424441506887592,0.9157555849311241,0.0,0.006322817540498796,2.571030144578957e+38,2.3544352139244553e+38
inner,990.0,0.0018325785454871544,1.3676200353646664,1.3848459379150277,0.8764699849298985,0.08369697819767374,0.9163030218023263,0.0,0.006318285892066431,2.566121601046505e+38,2.351344977351136e+38
inner,992.0,0.0018061978786220107,1.3626042673402734,1.3797670969026936,0.8750104182650986,0.08315227497746192,0.9168477250225381,0.0,0.006313766752732701,2.5612155590905366e+38,2.3482446586444867e+38
inner,994.0,0.0017801969715144847,1.3576068557603558,1.3747068416781982,0.8735532821853565,0.08261029823092092,0.9173897017690791,0.0,0.006309260077877889,2.5563120437904946e+38,2.3451343434816667e+38
inner,996.0,0.0017545703573780757,1.3526277340062662,1.3696651048120478,0.8720985726430712,0.0820710407498001,0.9179289592501999,0.0,0.006304765823063482,2.5514110802117142e+38,2.3420141174781674e+38
inner,998.0,0.0017293126481227581,1.3476668356930255,1.3646418191109473,0.8706462855973817,0.08153449529536716,0.9184655047046328,0.0,0.00630028394403149,2.5465126934047554e+38,2.3388840661847525e+38
inner,1000.0,0.0017044185332221176,1.3427240946686176,1.3596369176170944,0.8691964170141564,0.08100065459885775,0.9189993454011423,0.0,0.006295814396703684,2.541616908404724e+38,2.3357442750844166e+38
outer,0.0,8.0,4.0,4.013177670197862,0.05,0.9363438533824255,0.0,0.06365614661757443,0.003919456068258356,,0.0
outer,2.0,7.800138903514253,3.955784801360654,4.005366439667085,0.04900993366533776,0.9359724415534051,0.0,0.06402755844659494,0.0039127764967488085,,0.0
outer,4.0,7.6052708642645666,3.9120255321439674,3.9855860504329534,0.04803947195761616,0.935258230250951,0.0,0.06474176974904897,0.003895759739048735,,0.0
outer,6.0,7.4152711425141895,3.8687183545171133,3.9579326230421974,0.04708822667921244,0.9343075080831212,0.0,0.06569249191687873,0.0038719538657128565,,0.0
outer,8.0,7.230018114853939,3.825859438594336,3.9251506011620023,0.04615581731933179,0.9331897734792489,0.0,0.06681022652075112,0.00384373719797367,,0.0
outer,10.0,7.049393196348124,3.7834449632621894,3.889078375126509,0.04524187090179798,0.9319512208385542,0.0,0.06804877916144579,0.003812702839418431,,0.0
outer,12.0,6.873280764625461,3.741471116972241,3.8509469926002273,0.044346021835857875,0.9306228932457782,0.0,0.06937710675422183,0.0037799171851340225,,0.0
outer,14.0,6.701568085866406,3.699934098502185,3.8115803905802745,0.0434679117699403,0.9292257993406428,0.0,0.07077420065935727,0.0037460934958247374,,0.0
outer,16.0,6.5341452426395135,3.658830117686301,3.771529615167668,0.04260718944831057,0.9277742160019591,0.0,0.07222578399804094,0.003711708349279119,,0.0
outer,18.0,6.370905063540631,3.618155396116159,3.7311627920069204,0.0417635105705636,0.9262778638925875,0.0,0.07372213610741248,0.0036770797264417407,,0.0
outer,20.0,6.211743054589903,3.5779061678124355,3.690725435501913,0.0409365376538991,0.9247433614174492,0.0,0.07525663858255079,0.0036424193530365558,,0.0
outer,22.0,6.056557332342645,3.538078679868714,3.6503808755095006,0.04012593989812393,0.9231752063008545,0.0,0.07682479369914551,0.0036078677760681146,,0.0
outer,24.0,5.905248558671296,3.4986691930680833,3.6102373563707504,0.039331393053327675,0.9215764428876896,0.0,0.07842355711231044,0.003573517866352131,,0.0
outer,26.0,5.757719877176681,3.4596739824733582,3.570366202134104,0.038552579290178315,0.9199491179516603,0.0,0.08005088204833966,0.003539430564333396,,0.0
outer,28.0,5.613876851187892,3.4210893379916913,3.5308139932592666,0.03778918707278628,0.9182945930428532,0.0,0.08170540695714673,0.0035056454284205325,,0.0
outer,30.0,5.473627403311096,3.3829115649143597,3.49161072908829,0.0370409110340859,0.9166137589906636,0.0,0.08338624100933645,0.003472187701120238,,0.0
outer,32.0,5.336881756488573,3.345136984432463,3.452775299487834,0.03630745185368455,0.9149071834268097,0.0,0.08509281657319029,0.0034390730423746007,,0.0
outer,34.0,5.20355237653025,3.307761934129255,3.4143191527670913,0.03558851613813049,0.9131752123435251,0.0,0.08682478765647489,0.0034063107002031247,,0.0
outer,36.0,5.073553916080956,3.270782768449823,3.3762487545155366,0.03488381630355155,0.9114180400569318,0.0,0.08858195994306811,0.003373905634568158,,0.0
outer,38.0,4.946803159987519,3.234195859148794,3.3385672359626146,0.03419307046061779,0.9096357574300584,0.0,0.09036424256994163,0.003341859940072729,,0.0
outer,40.0,4.823218972030737,3.1979975957167417,3.3012754990505955,0.03351600230178197,0.9078283851262892,0.0,0.0921716148737109,0.003310173799000116,,0.0
outer,42.0,4.702722242988122,3.1621843857859386,3.2643729573244418,0.03285234099075284,0.9059958965511297,0.0,0.09400410344887039,0.003278846119768604,,0.0
outer,44.0,4.585235839994182,3.1267526555160905,3.2278580326958006,0.03220182105415707,0.9041382336891854,0.0,0.09586176631081456,0.003247874964672819,,0.0
outer,46.0,4.470684557165809,3.0916988499606646,3.1917284885580144,0.0315641822753463,0.9022553180453483,0.0,0.09774468195465175,0.003217257836485797,,0.0
outer,48.0,4.358995067461177,3.057019433414414,3.155981653197622,0.030939169590307042,0.9003470582122379,0.0,0.09965294178776207,0.0031869918705225366,,0.0
outer,50.0,4.250095875741334,3.022710889742676,3.120614569663291,0.030326532985631673,0.8984133551127713,0.0,0.10158664488722863,0.0031570739633781436,,0.0
outer,52.0,4.143917273004432,2.988769722693014,3.085624096331753,0.02972602739850972,0.8964541056406914,0.0,0.10354589435930855,0.0031275008592467957,,0.0
outer,54.0,4.040391291763321,2.9551924561897547,3.051006974419224,0.029137412618699482,0.8944692051971862,0.0,0.1055307948028138,0.0030982692078243136,,0.0
outer,56.0,3.93945166253791,2.92197563461195,3.0167598733301304,0.028560453192440743,0.8924585494668535,0.0,0.10754145053314645,0.003069375603173268,,0.0
outer,58.0,3.8410337714344815,2.8891158230552954,2.982879421144387,0.027994918328270103,0.8904220356695218,0.0,0.10957796433047823,0.0030408166098325573,,0.0
outer,60.0,3.745074618784772,2.856609607578502,2.9493622251374934,0.02744058180470132,0.8883595634508609,0.0,0.11164043654913913,0.0030125887803790397,,0.0
outer,62.0,3.651512778818364,2.82445359543462,2.9162048856143903,0.026897221879733726,0.8862710355240182,0.0,0.1137289644759818,0.00298468866725949,,0.0
outer,64.0,3.5602883603425695,2.792644415287792,2.8834040052565135,0.026364621202152428,0.8841563581395694,0.0,0.11584364186043061,0.0029571128307806015,,0.0
outer,66.0,3.471342968404631,2.7611787174159064,2.8509561954564933,0.02584256672458496,0.8820154414370004,0.0,0.11798455856299961,0.0029298578445214624,,0.0
outer,68.0,3.3846196669117017,2.7300531738995946,2.818858080629048,0.02533084961827948,0.8798481997143465,0.0,0.12015180028565353,0.0029029202990155704,,0.0
outer,70.0,3.300062942184677,2.699264478798025,2.787106301160835,0.024829265189570477,0.8776545516411965,0.0,0.12234544835880345,0.0028762968042697207,,0.0
outer,72.0,3.217618667422551,2.668809348311913,2.7556975154436696,0.024337612797998585,0.8754344204323858,0.0,0.12456557956761416,0.0028499839915000127,,0.0
outer,74.0,3.137234068054541,2.6386845209341696,2.724628401289167,0.02385569577605172,0.873187733994297,0.0,0.1268122660057029,0.0028239785143396295,,0.0
outer,76.0,3.058857687957813,2.6088867575885915,2.6938956569247066,0.023383321350495465,0.8709144250519427,0.0,0.12908557494805722,0.002798277049689129,,0.0
outer,78.0,2.9824393565191754,2.57941284175699,2.66349600170488,0.022920300565261176,0.8686144312624413,0.0,0.1313855687375587,0.0027728762983237057,,0.0
outer,80.0,2.9079301565196545,2.550259579595134,2.6334261766284466,0.022466448205861078,0.8662876953187254,0.0,0.1337123046812746,0.0027477729853341614,,0.0
outer,82.0,2.835282392821406,2.5214238000378897,2.603682944721296,0.022021582725299967,0.8639341650461051,0.0,0.1360658349538949,0.0027229638604531047,,0.0
outer,84.0,2.764449561836903,2.492902354893913,2.574263091326086,0.021585526171453987,0.8615537934934717,0.0,0.13844620650652828,0.002698445698300979,,0.0
outer,86.0,2.6953863217608705,2.464692118930248,2.545163424325914,0.021158104115887442,0.8591465390203465,0.0,0.14085346097965346,0.0026742152985751925,,0.0
outer,88.0,2.628048463545894,2.4367899899471746,2.5163807743205084,0.02073914558407907,0.8567123653805884,0.0,0.14328763461941157,0.002650269486198028,,0.0
outer,90.0,2.5623928826031483,2.4091928888436343,2.48791199476742,0.020328482987029956,0.8542512418032983,0.0,0.14574875819670174,0.0026266051114339287,,0.0
outer,92.0,2.4983775512101056,2.381897759673563,2.4597539620966846,0.019925952054225708,0.8517631430712675,0.0,0.14823685692873245,0.0026032190499833555,,0.0
outer,94.0,2.4359614916075776,2.354901569693441,2.43190357580477,0.019531391767926058,0.8492480495971967,0.0,0.15075195040280331,0.0025801082030581,,0.0
outer,96.0,2.3751047497688593,2.3282013094013663,2.4043577585317712,0.019144644298755606,0.8467059474978148,0.0,0.1532940525021852,0.0025572694974414496,,0.0
outer,98.0,2.3157683698241955,2.3017939925679474,2.3771134561246265,0.01876555494256998,0.8441368286659716,0.0,0.15586317133402833,0.002534699885535511,,0.0
outer,100.0,2.2579143691241863,2.2756766562593045,2.3501676376883127,0.018393972058572117,0.8415406908407355,0.0,0.15845930915926454,0.0025123963453973735,,0.0
outer,102.0,2.2015057139261756,2.249846360852462,2.3235172956264205,0.018029747008653917,0.8389175376754967,0.0,0.1610824623245033,0.00249035588076528,,0.0
outer,104.0,2.1465062956880607,2.224300190043395,2.297159445672144,0.01767273409793901,0.8362673788040637,0.0,0.16373262119593635,0.0024685755210756715,,0.0
outer,106.0,2.0928809079543385,2.199035250848008,2.271091126910457,0.01732279051650287,0.8335902299047167,0.0,0.1664097700952834,0.002447052321471789,,0.0
outer,108.0,2.040595223819609,2.174048673596289,2.245309401792095,0.016979776282246957,0.8308861127621866,0.0,0.1691138872378134,0.0024257833628043113,,0.0
outer,110.0,1.9896157739550882,2.149337611919898,2.2198113561398247,0.01664355418490398,0.8281550553275088,0.0,0.17184494467249117,0.002404765751624486,,0.0
outer,112.0,1.9399099251840877,2.12489924273343,2.1945940991474253,0.016313989731151973,0.825397091775709,0.0,0.17460290822429098,0.00238399662017007,,0.0
outer,114.0,1.8914458595927286,2.1007307662095793,2.169654763371719,0.0159909510908152,0.8226122625612677,0.0,0.1773877374387322,0.002363473126344411,,0.0
outer,116.0,1.8441925541625248,2.0768294057484527,2.1449905047179825,0.015674309044130266,0.8198006144713144,0.0,0.1801993855286857,0.002343192453688914,,0.0
outer,118.0,1.7981197609118036,2.0531924079412307,2.1205985024190106,0.015363936930056563,0.8169622006764972,0.0,0.18303779932350278,0.002323151811349158,,0.0
outer,120.0,1.753197987533238,2.029817042528411,2.0964759590081012,0.015059710595610107,0.8140970807794801,0.0,0.18590291922052,0.0023033484340348786,,0.0
outer,122.0,1.7093984785151135,2.0067006023528298,2.0726201002862124,0.014761508346200712,0.8112053208610106,0.0,0.1887946791389894,0.0022837795819740537,,0.0
outer,124.0,1.6666931967342262,1.9838404033076762,2.0490281752835116,0.014469210896952531,0.8082869935235141,0.0,0.19171300647648593,0.002264442540861257,,0.0
outer,126.0,1.6250548055086467,1.9612337842796863,2.0256974562155614,0.014182701324988521,0.8053421779321586,0.0,0.19465782206784144,0.0022453346218005285,,0.0
outer,128.0,1.5844566510988478,1.9388781070877157,2.002625238434331,0.013901865022659707,0.8023709598533455,0.0,0.19762904014665444,0.0022264531612428964,,0.0
outer,130.0,1.5448727456460039,1.9167707564168734,1.9798088403742558,0.01362658965170063,0.7993734316905772,0.0,0.20062656830942288,0.0022077955209187836,,0.0
outer,132.0,1.5062777505365346,1.8949091397483964,1.9572456034935362,0.013356765098292518,0.7963496925176523,0.0,0.2036503074823477,0.0021893590877654395,,0.0
outer,134.0,1.4686469601822447,1.8732906872854436,1.934932892210875,0.0130922834290163,0.7932998481091507,0.0,0.2067001518908494,0.002171141273849591,,0.0
outer,136.0,1.4319562862056847,1.8519128518749755,1.9128680938378226,0.012833038847677794,0.790224010968154,0.0,0.20977598903184608,0.0021531395162854776,,0.0
outer,138.0,1.3961822420205938,1.8307731089258867,1.8910486185069273,0.012578927652987827,0.7871223003511689,0.0,0.21287769964883108,0.0021353512771484185,,0.0
outer,140.0,1.3613019277975735,1.8098689563235504,1.869471899095858,0.012329848197080325,0.7839948422902079,0.0,0.21600515770979217,0.0021177740433841004,,0.0
outer,142.0,1.3272930158053502,1.7891979143409291,1.8481353911476595,0.012085700844851823,0.7808417696119848,0.0,0.21915823038801518,0.0021004053267137165,,0.0
outer,144.0,1.294133736118259,1.7687575255464056,1.8270365727873228,0.01184638793410609,0.7776632219541973,0.0,0.22233677804580265,0.002083242663535123,,0.0
outer,146.0,1.2618028626807851,1.7485453547084755,1.8061729446348103,0.011611813736487942,0.7744593457788487,0.0,0.22554065422115127,0.002066283614820152,,0.0
outer,148.0,1.2302796997202554,1.728558988697446,1.7855420297147004,0.011381884419190637,0.7712302943825833,0.0,0.22876970561741677,0.002049525766008237,,0.0
outer,150.0,1.1995440684989749,1.7087960363842796,1.7651413733626002,0.011156508007421491,0.7679762279039979,0.0,0.2320237720960021,0.0020329667268964807,,0.0
outer,152.0,1.1695762943973274,1.6892541285367106,1.744968543128464,0.010935594347610739,0.764697313327902,0.0,0.23530268667209803,0.0020166041315263093,,0.0
outer,154.0,1.1403571943195792,1.66993091771277,1.7250211286769705,0.010719055071348897,0.7613937244864948,0.0,0.23860627551350516,0.0020004356380668507,,0.0
outer,156.0,1.111868064414314,1.6508240781518402,1.7052967416850788,0.010506803560038237,0.7580656420574339,0.0,0.24193435794256618,0.001984458928695158,,0.0
outer,158.0,1.0840906681016478,1.6319313056633602,1.685793015736911,0.010298754910244172,0.7547132535587684,0.0,0.24528674644123155,0.00196867170947342,,0.0
outer,160.0,1.0570072243995527,1.6132503175133037,1.6665076062160782,0.01009482589973277,0.7513367533407178,0.0,0.2486632466592822,0.0019530717102232717,,0.0
outer,162.0,1.0306003965418213,1.5947788523085378,1.6474381901955804,0.009894934954180734,0.7479363425742691,0.0,0.2520636574257309,0.0019376566843973347,,0.0
outer,164.0,1.0048532808803845,1.5765146698791779,1.6285824663253934,0.009699002114544596,0.7445122292365776,0.0,0.2554877707634224,0.001922424408948103,,0.0
outer,166.0,0.9797493960648778,1.5584555511590439,1.6099381547178726,0.009506949005076029,0.7410646280931533,0.0,0.2589353719068467,0.001907372684194297,,0.0
outer,168.0,0.9552726724925308,1.540599298064321,1.5915029968310688,0.009318698801970499,0.7375937606768164,0.0,0.26240623932318363,0.0018924993336847892,,0.0
outer,170.0,0.9314074420216277,1.522943733370527,1.5732747553500803,0.009134176202636733,0.7340998552634104,0.0,0.2659001447365896,0.0018778022040602197,,0.0
outer,172.0,0.9081384279419493,1.5054867005878807,1.5552512140665404,0.008953307395574662,0.730583146844262,0.0,0.26941685315573805,0.001863279164912412,,0.0
outer,174.0,0.8854507351957841,1.4882260638351714,1.5374301777563444,0.008776020030849844,0.7270438770953778,0.0,0.2729561229046223,0.0018489281086416863,,0.0
outer,176.0,0.8633298408432416,1.4711597077122123,1.5198094720557147,0.008602243191152527,0.7234822943433732,0.0,0.27651770565662676,0.0018347469503121826,,0.0
outer,178.0,0.841761584765767,1.454285537170975,1.5023869433357049,0.008431907363429775,0.7198986535281291,0.0,0.2801013464718709,0.0018207336275052868,,0.0
outer,180.0,0.820732160601909,1.437601477385484,1.4851604585752265,0.008264944411079327,0.7162932161621708,0.0,0.2837067838378292,0.0018068861001712673,,0.0
outer,182.0,0.8002281069095323,1.4211054736205577,1.4681279052327028,0.008101287546694038,0.7126662502867768,0.0,0.28733374971322323,0.0017932023504792017,,0.0
outer,184.0,0.7802362985488256,1.404795491099474,1.4512871911164207,0.007940871305346034,0.7090180304248115,0.0,0.2909819695751885,0.0017796803826653105,,0.0
outer,186.0,0.760743938280582,1.3886695148706405,1.434636244253683,0.007783631518399866,0.7053488375302935,0.0,0.29465116246970646,0.001766318222879767,,0.0
outer,188.0,0.7417385485743769,1.3727255496733406,1.418173012758827,0.007629505287844195,0.7016589589347024,0.0,0.2983410410652975,0.0017531139190320871,,0.0
outer,190.0,0.7232079636213992,1.356961619802632,1.401895464700197,0.0074784309611317535,0.6979486882900353,0.0,0.3020513117099647,0.001740065540635172,,0.0
outer,192.0,0.7051403215468245,1.3413757689734649,1.3858015879661518,0.007330348106517508,0.6942183255086247,0.0,0.3057816744913753,0.0017271711786481095,,0.0
outer,194.0,0.6875240568167418,1.325966060184089,1.3698893901301679,0.007185197488885147,0.6904681766997313,0.0,0.30953182330026874,0.0017144289453177941,,0.0
outer,196.0,0.6703478928347764,1.310730575578815,1.3541568983151244,0.00704292104605225,0.6866985541029282,0.0,0.3133014458970718,0.0017018369740194569,,0.0
outer,198.0,0.653600834723668,1.2956674163101938,1.33860215905683,0.006903461865544642,0.6829097760182955,0.0,0.3170902239817045,0.0016893934190961872,,0.0
outer,200.0,0.6372721622871841,1.2807747024006721,1.323223238166861,0.0067667641618306355,0.6791021667334454,0.0,0.32089783326655463,0.001677096455697513,,0.0
outer,202.0,0.6213514231478641,1.2660505726037907,1.3080182205947806,0.006632773254006086,0.6752760564474034,0.0,0.3247239435525966,0.0016649442796171235,,0.0
outer,204.0,0.6058284260562001,1.2514931842649728,1.2929852102897925,0.006501435543921296,0.6714317811913673,0.0,0.32856821880863274,0.0016529351071297997,,0.0
outer,206.0,0.590693234366972,1.2371007131819671,1.2781223300619005,0.006372698494741038,0.6675696827463764,0.0,0.3324303172536236,0.001641067174827627,,0.0
outer,208.0,0.57593615967856,1.2228713534649898,1.263427721442619,0.006246510609929121,0.6636901085579169,0.0,0.3363098914420831,0.0016293387394555573,,0.0
outer,210.0,0.5615477556311665,1.2088033173966268,1.2488995445453093,0.006122821412649096,0.6597934116475003,0.0,0.34020658835249973,0.0016177480777463907,,0.0
outer,212.0,0.5475188118599721,1.1948948352915365,1.234535977925176,0.006001581425572836,0.6558799505212449,0.0,0.3441200494787551,0.0016062934862552387,,0.0
outer,214.0,0.5338403480993587,1.1811441553560083,1.2203352184389928,0.00588274215108896,0.6519500890755017,0.0,0.34804991092449833,0.0015949732811935283,,0.0
outer,216.0,0.520503608434425,1.167549543547416,1.2062954811045983,0.005766256051903126,0.6480041964995609,0.0,0.3519958035004392,0.001583785798262624,,0.0
outer,218.0,0.5075000556961135,1.1541092834336195,1.1924149989602144,0.005652076532022493,0.6440426471754814,0.0,0.3559573528245186,0.0015727293924871057,,0.0
outer,220.0,0.49482136599636306,1.1408216760523502,1.1786920229236386,0.005540157918116694,0.6400658205750889,0.0,0.3599341794249111,0.0015618024380477833,,0.0
outer,222.0,0.482459423399787,1.1276850397706217,1.1651248216513468,0.005430455441247898,0.636074101154184,0.0,0.3639258988458161,0.001551003328114486,,0.0
outer,224.0,0.4704063147284666,1.1146977101442157,1.1517116813975607,0.005322925218962641,0.6320678782440128,0.0,0.36793212175598716,0.001540330474678697,,0.0
outer,226.0,0.4586543244965354,1.1018580397772626,1.138450905873311,0.005217524237738252,0.6280475459400472,0.0,0.37195245405995286,0.0015297823083860744,,0.0
outer,228.0,0.44719592997130947,1.0891643981819776,1.1253408161055523,0.005114210335776874,0.6240135029881279,0.0,0.37598649701187215,0.001519357278368919,,0.0
outer,230.0,0.4360237963578058,1.0766151716385655,1.112379750296352,0.005012942186140188,0.6199661526680245,0.0,0.38003384733197554,0.0015090538520786357,,0.0
outer,232.0,0.42513077210356215,1.0642087630553436,1.0995660636822073,0.004913679280218078,0.6159059026744691,0.0,0.38409409732553096,0.0014988705151182415,,0.0
outer,234.0,0.41450988432075603,1.0519435918291093,1.0868981283935115,0.004816381911524652,0.6118331649957187,0.0,0.3881668350042813,0.0014888057710749608,,0.0
outer,236.0,0.40415433432269016,1.0398180937057848,1.0743743333142202,0.0047210111598151175,0.6077483557897128,0.0,0.39225164421028724,0.001478858141352962,,0.0
outer,238.0,0.3940574932717901,1.0278307206413684,1.0619930839417364,0.0046275288755171645,0.6036518952578793,0.0,0.3963481047421207,0.0014690261650062758,,0.0
outer,240.0,0.3842128979363245,1.0159799406632286,1.0497528022470606,0.004535897664470626,0.5995442075166617,0.0,0.40045579248333824,0.0014593083985719399,,0.0
outer,242.0,0.37461424655313447,1.0042642377317545,1.0376519265352255,0.004446080872969317,0.5954257204668258,0.0,0.40457427953317415,0.0014497034159034114,,0.0
outer,244.0,0.36525539479372315,0.9926821116024076,1.0256889113060554,0.004358042573099065,0.5912968656606179,0.0,0.4087031343393821,0.0014402098080042935,,0.0
outer,246.0,0.3561303518311221,0.9812320776881852,1.013862227115268,0.004271747548366062,0.58715807816684,0.0,0.41284192183316,0.0014308261828624024,,0.0
outer,248.0,0.34723327650501923,0.969912666922531,1.0021703604359598,0.004187161279609798,0.5830097964339175,0.0,0.4169902035660825,0.00142155116528423,,0.0
outer,250.0,0.33855847358269026,0.9587224256227086,0.9906118135204917,0.0041042499311949405,0.578852462151026,0.0,0.421147537848974,0.0014123833967298292,,0.0
outer,252.0,0.3301003901133432,0.9476599153536689,0.9791851042627999,0.004022980337476622,0.574686520107355,0.0,0.425313479892645,0.0014033215351481544,,0.0
outer,254.0,0.32185361187354,0.9367237127924248,0.9678887660611656,0.003943319989533747,0.5705124180495826,0.0,0.4294875819504174,0.001394364254812904,,0.0
outer,256.0,0.313812859901422,0.9259124095929612,0.9567213476814578,0.0038652370221649874,0.5663306065376379,0.0,0.4336693934623621,0.001385510246158888,,0.0
outer,258.0,0.3059729871175187,0.9152246122516944,0.9456814131208766,0.003788700201142274,0.5621415387988298,0.0,0.4378584612011703,0.0013767582156189566,,0.0
outer,260.0,0.2983289750299778,0.9046589419735052,0.9347675414722149,0.003713678910716694,0.5579456705804197,0.0,0.44205432941958034,0.0013681068854615214,,0.0
outer,262.0,0.29087593052210786,0.8942140345383607,0.9239783267886647,0.0036401431413717795,0.5537434600007227,0.0,0.4462565399992773,0.0013595549936287,,0.0
outer,264.0,0.2836090827201753,0.883888540168541,0.9133123779491811,0.003568063477819303,0.5495353673988154,0.0,0.45046463260118463,0.0013511012935751095,,0.0
outer,266.0,0.2765237799394539,0.8736811233964935,0.9027683185244278,0.003497411087232768,0.5453218551829344,0.0,0.45467814481706564,0.00134274455410734,,0.0
outer,268.0,0.26961548670656854,0.8635904629333211,0.8923447866433183,0.0034281577077138956,0.5411033876776513,0.0,0.4588966123223487,0.0013344835592241373,,0.0
outer,270.0,0.2628797808562295,0.8536152515379289,0.8820404348601731,0.003360275636987488,0.5368804309699076,0.0,0.46311956903009244,0.0013263171079573113,,0.0
outer,272.0,0.25631235070049707,0.843754195886838,0.8718539300225083,0.0032937377213201474,0.5326534527539952,0.0,0.4673465472460047,0.0013182440142134096,,0.0
outer,274.0,0.249908992268767,0.8340060164446802,0.861783953139469,0.0032285173446584235,0.5284229221755721,0.0,0.471577077824428,0.001310263106616163,,0.0
outer,276.0,0.2436656066167065,0.8243694473353892,0.8518291992509236,0.003164588417982037,0.5241893096747956,0.0,0.47581069032520434,0.0013023732283497435,,0.0
outer,278.0,0.23757819720242151,0.8148432362140989,0.8419883772972374,0.003101925368867916,0.5199530868286704,0.0,0.4800469131713296,0.0012945732370028419,,0.0
outer,280.0,0.23164286732817374,0.8054261441397589,0.8322602099897284,0.003040503131260899,0.515714726192689,0.0,0.484285273807311,0.001286862004413594,,0.0
outer,282.0,0.22585581764600982,0.7961169454484818,0.8226434336818308,0.0029802971354469686,0.5114747011418653,0.0,0.48852529885813467,0.001279238416515377,,0.0
outer,284.0,0.22021334372570772,0.786914427627629,0.8131367982409669,0.0029212832982250417,0.5072334857112439,0.0,0.4927665142887561,0.001271701373183486,,0.0
outer,286.0,0.21471183368348112,0.777817391190647,0.8037390669211467,0.002863438013273368,0.5029915544359793,0.0,0.4970084455640207,0.0012642497880827259,,0.0
outer,288.0,0.20934776586992548,0.7688246495526618,0.7944490162363013,0.0028067381417066863,0.4987493821910751,0.0,0.5012506178089249,0.001256882588515911,,0.0
outer,290.0,0.20411770661572487,0.7599350289068422,0.7852654358343621,0.002751161002820362,0.4945074440308742,0.0,0.5054925559691258,0.00124959871527332,,0.0
outer,292.0,0.199018308033678,0.7511473681015365,0.7761871283720947,0.002696684365017801,0.49026621502839185,0.0,0.5097337849716082,0.0012423971224830928,,0.0
outer,294.0,0.19404630587563435,0.7424605185181958,0.7672129093906986,0.0026432864369175186,0.48602617011458404,0.0,0.513973829885416,0.0012352767774626077,,0.0
outer,296.0,0.18919851744297023,0.7338733439500832,0.7583416071921762,0.0025909458586362917,0.48178778391764066,0.0,0.5182122160823593,0.001228236660570837,,0.0
outer,298.0,0.18447183954926658,0.7253847204817834,0.7495720627164851,0.0025396416932449255,0.47755153060239763,0.0,0.5224484693976024,0.0012212757650617056,,0.0
outer,300.0,0.17986324653388416,0.7169935363695132,0.7409031294194761,0.0024893534183931974,0.47331788370995853,0.0,0.5266821162900415,0.0012143930969384569,,0.0
outer,302.0,0.17536978832516562,0.708698691922241,0.7323336731516268,0.0024400609181006484,0.4690873159976171,0.0,0.5309126840023829,0.0012075876748090478,,0.0
outer,304.0,0.17098858855202298,0.7004990993836205,0.7238625720375759,0.0023917444747099184,0.4648602992791724,0.0,0.5351397007208276,0.0012008585297425738,,0.0
outer,306.0,0.16671684270270326,0.692393682814742,0.7154887163564633,0.0023443847609994246,0.4606373042657266,0.0,0.5393626957342734,0.0011942047051267425,,0.0
outer,308.0,0.16255181632955282,0.6843813779777074,0.7072110084230863,0.00229796283245221,0.4564188004070593,0.0,0.5435811995929407,0.0011876252565264052,,0.0
outer,310.0,0.15849084329863103,0.6764611322200309,0.6990283624698671,0.00225246011967789,0.452205255733662,0.0,0.547794744266338,0.001181119251543149,,0.0
outer,312.0,0.15453132408305412,0.6686319043598721,0.6909397045296493,0.002207858420984643,0.4479971366995311,0.0,0.5520028633004689,0.0011746857696759698,,0.0
outer,314.0,0.15067072409897492,0.6608926645720999,0.6829439723193144,0.0021641398950982948,0.4437949080258,0.0,0.5562050919742,0.0011683239021830238,,0.0
outer,316.0,0.14690657208313465,0.6532423942751957,0.6750401151242333,0.0021212870540255695,0.4395990325453055,0.0,0.5604009674546945,0.0011620327519444714,,0.0
outer,318.0,0.14323645851094743,0.6456800860189932,0.6672270936835485,0.002079282756058658,0.4354099710481719,0.0,0.5645900289518281,0.001155811433326417,,0.0
outer,320.0,0.13965803405410585,0.6382047433732616,0.659503880076294,0.0020381101989183107,0.431228182128502,0.0,0.568771817871498,0.0011496590720459548,,0.0
outer,322.0,0.13616900807671858,0.6308153808171291,0.6518694576083546,0.001997752913032695,0.42705412203225956,0.0,0.5729458779677404,0.0011435748050373244,,0.0
outer,324.0,0.13276714716901994,0.623511023629354,0.6443228207002667,0.0019581947549493534,0.42288824450643014,0.0,0.5771117554935699,0.0011375577803191793,,0.0
outer,326.0,0.12945027371770926,0.6162907077794381,0.6368629747758625,0.0019194199008776038,0.41873100064954216,0.0,0.5812689993504578,0.0011316071568629777,,0.0
outer,328.0,0.12621626451200912,0.6091534798195906,0.6294889361517614,0.001881412840358811,0.41458283876363355,0.0,0.5854171612363664,0.0011257221044624986,,0.0
outer,330.0,0.12306304938454603,0.6020983967775357,0.6221997319277062,0.0018441583700620008,0.41044420420774475,0.0,0.5895557957922553,0.0011199018036044833,,0.0
outer,332.0,0.11998860988618659,0.5951245260501709,0.6149943998777483,0.0018076415877023213,0.40631553925301744,0.0,0.5936844607469826,0.0011141454453404104,,0.0
outer,334.0,0.11699097799397991,0.5882309452980705,0.6078719883422827,0.001771847886079932,0.40219728293948265,0.0,0.5978027170605174,0.0011084522311594063,,0.0
outer,336.0,0.11406823485137775,0.5814167423408397,0.6008315561209316,0.0017367629472369282,0.39808987093461135,0.0,0.6019101290653887,0.0011028213728622891,,0.0
outer,338.0,0.11121850953992904,0.5746810150533135,0.5938721723662767,0.0017023727367299674,0.3939937353937075,0.0,0.6060062646062925,0.0010972520924367552,,0.0
outer,340.0,0.10843997788165899,0.568022871262604,0.5869929164784442,0.0016686634980163041,0.3899093048222191,0.0,0.6100906951777809,0.001091743621933704,,0.0
outer,342.0,0.10573086127136912,0.5614414286459929,0.580192878000536,0.001635621746950991,0.38583700394003784,0.0,0.6141629960599622,0.0010862952033447036,,0.0
outer,344.0,0.10308942553810937,0.5549358146296695,0.5734711565149136,0.0016032342663930385,0.38177725354786507,0.0,0.6182227464521349,0.0010809060884806022,,0.0
outer,346.0,0.10051397983509279,0.5485051662883116,0.5668268615403261,0.0015714881009183856,0.37773047039570773,0.0,0.6222695296042923,0.0010755755388512762,,0.0
outer,348.0,0.09800287555734433,0.5421486302455094,0.5602591124298905,0.0015403705516375539,0.37369706705358174,0.0,0.6263029329464183,0.001070302825546524,,0.0
outer,350.0,0.09555450528638848,0.5358653625750296,0.5537670382699141,0.001509869171115925,0.3696774517844811,0.0,0.6303225482155189,0.0010650872291181042,,0.0
outer,352.0,0.0931673017613021,0.5296545287029185,0.5473497777795666,0.0014799717583946,0.3656720284196874,0.0,0.6343279715803126,0.0010599280394629088,,0.0
outer,354.0,0.09083973687547309,0.5235153033104416,0.5410064792113901,0.0014506663541098527,0.36168119623647477,0.0,0.6383188037635252,0.00105482455570728,,0.0
outer,356.0,0.08857032069842195,0.5174468702378575,0.5347363002526564,0.0014219412357092253,0.3577053498382803,0.0,0.6422946501617197,0.0010497760860924646,,0.0
outer,358.0,0.08635760052206187,0.511448422389025,0.5285384079275608,0.0013937849127623509,0.3537448790373926,0.0,0.6462551209626074,0.0010447819478612058,,0.0
outer,360.0,0.08420015993078472,0.5055191616368399,0.5224119785002554,0.0013661861223646281,0.34980016874022346,0.0,0.6501998312597765,0.0010398414671454663,,0.0
outer,362.0,0.08209661789477944,0.4996582987294972,0.5163561973787174,0.001339133824631909,0.3458715988352131,0.0,0.6541284011647869,0.0010349539788552862,,0.0
outer,364.0,0.08004562788600172,0.4938650531975796,0.5103702590194503,0.001312617198284398,0.34195954408342655,0.0,0.6580404559165735,0.001030118826568768,,0.0
outer,366.0,0.07804587701622845,0.488138653261967,0.5044533668330174,0.001286625636317997,0.3380643740118924,0.0,0.6619356259881076,0.0010253353624231892,,0.0
outer,368.0,0.07609608519664651,0.4824783357425639,0.49860473309040143,0.0012611487417613608,0.334186452809733,0.0,0.665813547190267,0.0010206029470072354,,0.0
outer,370.0,0.07419500431843722,0.4768833459678416,0.49282357883019007,0.0012361763235169696,0.33032613922713594,0.0,0.6696738607728641,0.001015920949254356,,0.0
outer,372.0,0.07234141745383123,0.4713529376851935,0.4871091337665838,0.0012116983922845557,0.3264837864772101,0.0,0.6735162135227899,0.0010112887463372272,,0.0
outer,374.0,0.07053413807712428,0.46588637297209745,0.48146063619822327,0.00118770515656525,0.3226597421407723,0.0,0.6773402578592277,0.0010067057235633398,,0.0
outer,376.0,0.06877200930515291,0.4604829221480848,0.4758773329178305,0.0011641870187448506,0.3188543480741042,0.0,0.6811456519258958,0.001002171274271678,,0.0
outer,378.0,0.06705390315674589,0.45514186368750803,0.47035847912266526,0.001141134571254649,0.31506794031971963,0.0,0.6849320596802804,0.000997684799730511,,0.0
outer,380.0,0.06537871983067638,0.44986248413310864,0.46490333832578823,0.0011185385928082802,0.31130084902017907,0.0,0.6886991509798209,0.00099324570903628,,0.0
outer,382.0,0.06374538700165217,0.4446440780103768,0.45951118226813015,0.0010963900447130811,0.30755339833498496,0.0,0.692446601665015,0.0009888534190135739,,0.0
outer,384.0,0.06215285913389487,0.4394859477427025,0.4541812908313642,0.0010746800672544962,0.3038259063605925,0.0,0.6961740936394075,0.0009845073541161968,,0.0
outer,386.0,0.06060011681186684,0.4343874035673102,0.44891295195157327,0.0010533999761520717,0.3001186850535634,0.0,0.6998813149464366,0.0009802069463293148,,0.0
outer,388.0,0.05908616608771881,0.42934776345197684,0.4437054615337138,0.0010325412590856283,0.29643204015689284,0.0,0.7035679598431072,0.0009759516350726778,,0.0
outer,390.0,0.05761003784504002,0.42436635301252723,0.438558123366869,0.0010120955722902195,0.292766271129533,0.0,0.707233728870467,0.0009717408671049167,,0.0
outer,392.0,0.05617078717850311,0.4194425054311013,0.4334702490402873,0.0009920547372185143,0.289121671079138,0.0,0.710878328920862,0.0009675740964289005,,0.0
outer,394.0,0.05476749278900773,0.4145755613751925,0.4284411578602041,0.0009724107372692696,0.28549852669805054,0.0,0.7145014733019495,0.0009634507841981539,,0.0
outer,396.0,0.05339925639393446,0.40976486891744823,0.42347017676743964,0.0009531557145805819,0.28189711820254826,0.0,0.7181028817974517,0.0009593703986243257,,0.0
outer,398.0,0.05206520215213252,0.40500978345623184,0.41855664025577105,0.0009342819668866387,0.2783177192753665,0.0,0.7216822807246335,0.0009553324148857068,,0.0
outer,400.0,0.05076447610327288,0.40030966763693976,0.4136998902910734,0.000915781944436709,0.2747605970115119,0.0,0.7252394029884881,0.0009513363150367828,,0.0
outer,402.0,0.049496245621207274,0.39566389127407026,0.4088992762312259,0.0008976482469751434,0.27122601186737716,0.0,0.7287739881326228,0.0009473815879188244,,0.0
outer,404.0,0.048259698880984504,0.391071831274037,0.4041541547467761,0.0008798736207811697,0.2677142176131666,0.0,0.7322857823868334,0.0009434677290714975,,0.0
outer,406.0,0.047054044339181325,0.38653287155872584,0.39946388974236213,0.000862450955767314,0.26422546128864066,0.0,0.7357745387113593,0.0009395942406455,,0.0
outer,408.0,0.04587851022721658,0.3820464029897877,0.39482785227888456,0.000845373282635264,0.2607599831621813,0.0,0.7392400168378187,0.0009357606313162045,,0.0
outer,410.0,0.04473234405732359,0.37761182329366483,0.39024542049642574,0.0008286337700880628,0.2573180166931842,0.0,0.7426819833068158,0.0009319664161983102,,0.0
outer,412.0,0.04361481214086431,0.37322853698734204,0.3857159795379077,0.0008122257220974935,0.25389978849777295,0.0,0.746100211502227,0.0009282111167614874,,0.0
outer,414.0,0.042525199118677665,0.36889595530482366,0.3812389214734917,0.000796142575225585,0.2505055183178385,0.0,0.7494944816821615,0.000924494260747021,,0.0
outer,416.0,0.041462807503160976,0.3646134961243256,0.376813645225705,0.0007803778959991416,0.24713541899339475,0.0,0.7528645810066052,0.0009208153820854258,,0.0
outer,418.0,0.04042695723179105,0.36038058389618244,0.3724395564952993,0.000764925378336276,0.2437896964382461,0.0,0.7562103035617539,0.0009171740208150505,,0.0
outer,420.0,0.039416985231800046,0.3561966495714598,0.368116067687828,0.0007497788410238852,0.24046854961895703,0.0,0.759531450381043,0.000913569723001638,,0.0
outer,422.0,0.038432244995726304,0.3520611305312724,0.3638425978409429,0.0007349322252450893,0.23717217053711248,0.0,0.7628278294628875,0.0009100020406588528,,0.0
outer,424.0,0.03747210616756944,0.3479734705167979,0.35961857255240287,0.0007203795921556176,0.23390074421485596,0.0,0.766099255785144,0.0009064705316697597,,0.0
outer,426.0,0.036535954139284364,0.34393311955998535,0.35544342390879086,0.0007061151205081981,0.23065444868369134,0.0,0.7693455513163087,0.0009029747597092466,,0.0
outer,428.0,0.03562318965735555,0.33993953391495013,0.35131659041493263,0.0006921331043239751,0.22743345497652623,0.0,0.7725665450234738,0.0008995142941673882,,0.0
outer,430.0,0.034733228439200715,0.3359921759900527,0.3472375169240138,0.0006784279506100467,0.224237927122944,0.0,0.775762072877056,0.0008960887100737315,,0.0
outer,432.0,0.03386550079915715,0.3320905142806548,0.3432056545683889,0.0006649941771221884,0.2210680221476755,0.0,0.7789319778523245,0.000892697588022512,,0.0
outer,434.0,0.033019451283812326,0.3282340233025485,0.3392204606910789,0.0006518264101718868,0.217923890072254,0.0,0.782076109927746,0.0008893405140987747,,0.0
outer,436.0,0.03219453831644478,0.32442218352605356,0.33528139877795077,0.000638919382476788,0.21480567391982008,0.0,0.7851943260801799,0.0008860170798054087,,0.0
outer,438.0,0.031390233850347636,0.32065448131077556,0.3313879383905742,0.0006262679310537193,0.21171350972305547,0.0,0.7882864902769445,0.0008827268819910752,,0.0
outer,440.0,0.030606023030813334,0.31693040884102364,0.3275395550997515,0.0006138669951534218,0.20864752653521268,0.0,0.7913524734647873,0.000879469522779022,,0.0
outer,442.0,0.029841403865562548,0.31324946406187926,0.3237357304197139,0.0006017116142361888,0.20560784644420904,0.0,0.794392153555791,0.0008762446094967852,,0.0
outer,444.0,0.029095886903406865,0.3096111506159131,0.3199759517429808,0.0005897969259875781,0.2025945845897532,0.0,0.7974054154102468,0.0008730517546067616,,0.0
outer,446.0,0.02836899492093935,0.3060149777805432,0.316259712275876,0.0005781181643734268,0.1996078491834684,0.0,0.8003921508165316,0.0008698905756376457,,0.0
outer,448.0,0.027660262617052147,0.3024604604060309,0.3125865109746948,0.0005666706577333694,0.1966477415319745,0.0,0.8033522584680255,0.0008667606951167268,,0.0
outer,450.0,0.026969236315086187,0.2989471188541082,0.3089558524825193,0.0005554498269121153,0.19371435606289356,0.0,0.8062856439371064,0.0008636617405030273,,0.0
outer,452.0,0.026295473672421653,0.29547447893723294,0.30536724706667523,0.0005444511834277226,0.19080778035373447,0.0,0.8091922196462655,0.0008605933441212934,,0.0
outer,454.0,0.025638543397323854,0.2920420718584639,0.3018202105568243,0.0005336703276761463,0.1879280951636182,0.0,0.8120719048363818,0.0008575551430968068,,0.0
outer,456.0,0.024998024972863044,0.28864943415195454,0.2983142642836892,0.0005231029471713402,0.18507537446779843,0.0,0.8149246255322016,0.0008545467792910317,,0.0
outer,458.0,0.02437350838773124,0.2852961076240565,0.29484893501840387,0.0005127448148202011,0.1822496854949336,0.0,0.8177503145050664,0.0008515678992380684,,0.0
outer,460.0,0.023764593873784164,0.28198163929503134,0.2914237549124869,0.0005025917872316793,0.1794510887670655,0.0,0.8205489112329345,0.0008486181540819184,,0.0
outer,462.0,0.02317089165014005,0.27870558134136164,0.28803826143842776,0.0004926398030593628,0.17667963814225052,0.0,0.8233203618577495,0.0008456971995145564,,0.0
outer,464.0,0.02259202167367136,0.27546749103866,0.2846919973308873,0.00048288488137688884,0.1739353808598041,0.0,0.8260646191401959,0.0008428046957147815,,0.0
outer,466.0,0.02202761339573015,0.27226693070516833,0.2813845105285027,0.0004733231200855162,0.17121835758809945,0.0,0.8287816424119006,0.0008399403072878641,,0.0
outer,468.0,0.021477305524950818,0.2691034676458443,0.2781153541162935,0.0004639506943532372,0.1685286024748739,0.0,0.8314713975251261,0.0008371037032059597,,0.0
outer,470.0,0.020940745795978797,0.26597667409702724,0.27488408626866223,0.0004547638550847908,0.16586614319998638,0.0,0.8341338568000136,0.0008342945567492954,,0.0
outer,472.0,0.0204175907439771,0.2628861271716821,0.27169027019298786,0.0004457589274219777,0.1632310010305762,0.0,0.8367689989694238,0.0008315125454481155,,0.0
outer,474.0,0.01990750548476603,0.2598314088052131,0.2685334740738031,0.0004369323092736645,0.16062319087856425,0.0,0.8393768091214358,0.0008287573510253739,,0.0
outer,476.0,0.019410163500455865,0.2568121057018443,0.26541327101755335,0.00042828046987490305,0.15804272136044228,0.0,0.8419572786395577,0.0008260286593401775,,0.0
outer,478.0,0.01892524643043478,0.25382780928156123,0.26232923899793054,0.00041979994837457353,0.15548959485929248,0.0,0.8445104051407075,0.0008233261603319619,,0.0
outer,480.0,0.018452443867578563,0.25087811562760787,0.25928096080177737,0.00041148735245100153,0.15296380758898087,0.0,0.8470361924110191,0.0008206495479653864,,0.0
outer,482.0,0.017991453159551574,0.24796262543453632,0.25626802397555803,0.0004033393569549807,0.15046534966046177,0.0,0.8495346503395382,0.000817998520175966,,0.0
outer,484.0,0.017541979215071574,0.2450809439568014,0.2532900207723886,0.0003953527025796721,0.1479942051501384,0.0,0.8520057948498616,0.0008153727788163998,,0.0
outer,486.0,0.017103734315014784,0.24223268095789818,0.25034654809962353,0.0003875241945568346,0.14555035217021617,0.0,0.8544496478297838,0.0008127720296036069,,0.0
outer,488.0,0.01667643792823982,0.2394174506600342,0.24743720746699233,0.00037985070137887836,0.14313376294098634,0.0,0.8568662370590137,0.0008101959820664654,,0.0
outer,490.0,0.016259816532012996,0.2366348716943352,0.24456160493528242,0.00037232915354621694,0.14074440386498166,0.0,0.8592555961350183,0.0008076443494942304,,0.0
outer,492.0,0.015853603436919855,0.23388456705157645,0.2417193510655628,0.00036495654233942916,0.13838223560293916,0.0,0.8616177643970608,0.0008051168488856378,,0.0
outer,494.0,0.015457538616150733,0.2311661640334373,0.23891006086894329,0.000357729918615729,0.1360472131515068,0.0,0.8639527868484932,0.0008026132008986789,,0.0
outer,496.0,0.015071368539051394,0.22847929420427146,0.23613335375686548,0.00035064639162927125,0.1337392859226323,0.0,0.8662607140773677,0.0008001331298010406,,0.0
outer,498.0,0.014694846008831948,0.2258235933433913,0.2333888534919189,0.0003437031278748124,0.13145839782456714,0.0,0.8685416021754329,0.000797676363421206,,0.0
outer,500.0,0.014327730004330146,0.22319870139785886,0.23067618813918,0.00033689734995427336,0.1292044873444267,0.0,0.8707955126555733,0.0007952426331001958,,0.0
outer,502.0,0.013969785525728006,0.22060426243578074,0.22799499001806697,0.00033022633546574056,0.12697748763223538,0.0,0.8730225123677646,0.0007928316736439649,,0.0
outer,504.0,0.013620783444122672,0.21803992460010033,0.2253448956547061,0.00032368741591447026,0.12477732658639629,0.0,0.8752226734136037,0.0007904432232764251,,0.0
outer,506.0,0.013280500354855507,0.21550534006288471,0.22272554573480602,0.00031727797564545584,0.12260392694052014,0.0,0.8773960730594799,0.0007880770235930955,,0.0
outer,508.0,0.012948718434505414,0.2130001649800999,0.2201365850570341,0.0003109954507971287,0.12045720635154566,0.0,0.8795427936484543,0.0007857328195153774,,0.0
outer,510.0,0.012625225301454726,0.21052405944687108,0.21757766248689073,0.0003048373282757819,0.11833707748908906,0.0,0.8816629225109109,0.0007834103592454385,,0.0
outer,512.0,0.012309813879938687,0.20807668745322203,0.2150484309110757,0.00029880114475029716,0.11624344812595422,0.0,0.8837565518740458,0.0007811093942217055,,0.0
outer,514.0,0.01200228226749119,0.2056577168402903,0.2125485471923445,0.00029288448566678113,0.11417622122974191,0.0,0.8858237787702581,0.0007788296790749487,,0.0
outer,516.0,0.011702433605702155,0.20326681925701315,0.21007767212484751,0.00028708498428271014,0.11213529505548858,0.0,0.8878647049445114,0.0007765709715849709,,0.0
outer,518.0,0.01141007595420375,0.20090367011727925,0.20763547038994815,0.0002814003207202033,0.11012056323927388,0.0,0.8898794367607261,0.0007743330326378582,,0.0
outer,520.0,0.011125022167804642,0.19856794855754292,0.20522161051251667,0.0002758282210380386,0.10813191489272755,0.0,0.8918680851072724,0.0007721156261838338,,0.0
outer,522.0,0.010847089776693936,0.19625933739489476,0.20283576481769305,0.000270366456322048,0.10616923469837436,0.0,0.8938307653016256,0.0007699185191956602,,0.0
outer,524.0,0.010576100869637766,0.19397752308558583,0.200477609388116,0.0002650128417935201,0.10423240300575021,0.0,0.8957675969942498,0.0007677414816276168,,0.0
outer,526.0,0.010311881980094053,0.19172219568400012,0.1981468240216131,0.0002597652359352616,0.10232129592822703,0.0,0.897678704071773,0.0007655842863750271,,0.0
outer,528.0,0.010054263975172404,0.18949304880207132,0.19584309218934756,0.0002546215396349595,0.10043578544048049,0.0,0.8995642145595195,0.0007634467092343418,,0.0
outer,530.0,0.009803081947368012,0.187289779569139,0.19356610099441718,0.00024957969534551087,0.09857573947653919,0.0,0.9014242605234608,0.0007613285288637553,,0.0
outer,532.0,0.00955817510900044,0.18511208859224054,0.19131554113090118,0.0002446376862619738,0.09674102202835111,0.0,0.9032589779716489,0.0007592295267443615,,0.0
outer,534.0,0.009319386689289492,0.1829596799168344,0.18909110684335056,0.00023979353551482107,0.09493149324480354,0.0,0.9050685067551965,0.0007571494871418453,,0.0
outer,536.0,0.009086563834002479,0.18083226098795036,0.18689249588671805,0.00023504530537916382,0.09314700953113775,0.0,0.9068529904688623,0.0007550881970686877,,0.0
outer,538.0,0.008859557507608548,0.17872954261176205,0.18471940948672208,0.0002303910964996376,0.09138742364869401,0.0,0.908612576351306,0.0007530454462468858,,0.0
outer,540.0,0.008638222397877404,0.17665123891757864,0.1825715523006419,0.0002258290471306333,0.08965258481492655,0.0,0.9103474151850734,0.000751021027071193,,0.0
outer,542.0,0.00842241682286146,0.17459706732025082,0.18044863237853936,0.00022135733239157557,0.08794233880363034,0.0,0.9120576611963697,0.0007490147345728499,,0.0
outer,544.0,0.008212002640201827,0.17256674848298695,0.17835036112490227,0.00021697416353694474,0.0862565280453178,0.0,0.9137434719546822,0.0007470263663838149,,0.0
outer,546.0,0.0080068451587,0.17056000628057538,0.17627645326070585,0.0002126777872407563,0.0845949917276867,0.0,0.9154050082723133,0.0007450557227014979,,0.0
outer,548.0,0.00780681305209883,0.16857656776300914,0.17422662678588816,0.0002084664848952056,0.08295756589612435,0.0,0.9170424341038756,0.0007431026062539503,,0.0
outer,550.0,0.007611778275017369,0.16661616311950855,0.17220060294223521,0.00020433857192320333,0.08134408355418654,0.0,0.9186559164458135,0.0007411668222655635,,0.0
outer,552.0,0.007421615980985945,0.16467852564293828,0.17019810617667178,0.00020029239710452103,0.07975437476399849,0.0,0.9202456252360015,0.0007392481784232175,,0.0
outer,554.0,0.007236204442528948,0.16276339169461396,0.1682188641049531,0.00019632634191528122,0.0781882667465198,0.0,0.9218117332534802,0.0007373464848429039,,0.0
outer,556.0,0.007055424973244086,0.16087050066949557,0.16626260747575522,0.00019243881988052715,0.07664558398162091,0.0,0.9233544160183791,0.0007354615540368046,,0.0
outer,558.0,0.006879161851828403,0.15899959496176294,0.1643290701351578,0.00018862827593961028,0.0751261483079152,0.0,0.9248738516920848,0.0007335932008808318,,0.0
outer,560.0,0.006707302248002237,0.15715041993076945,0.16241798899151713,0.00018489318582414662,0.07362977902229628,0.0,0.9263702209777037,0.0007317412425826036,,0.0
outer,562.0,0.006539736150283853,0.1553227238673709,0.16052910398072456,0.0001812320554482878,0.07215629297912751,0.0,0.9278437070208725,0.0007299054986498692,,0.0
outer,564.0,0.006376356295568454,0.1535162579606243,0.15866215803184638,0.0001776434203110681,0.07070550468903203,0.0,0.929294495310968,0.0007280857908593731,,0.0
outer,566.0,0.006217058100466437,0.15173077626485426,0.156816897033142,0.00017412584491058317,0.06927722641723666,0.0,0.9307227735827633,0.0007262819432261411,,0.0
outer,568.0,0.006061739594357088,0.14996603566708255,0.1549930697984558,0.00017067792216977153,0.06787126828141854,0.0,0.9321287317185815,0.0007244937819731917,,0.0
outer,570.0,0.005910301354114681,0.14822179585481698,0.15319042803397945,0.0001672982728735636,0.06648743834900683,0.0,0.9335125616509932,0.0007227211355016794,,0.0
outer,572.0,0.005762646440465358,0.14649781928419597,0.1514087263053799,0.00016398554511717867,0.06512554273389515,0.0,0.9348744572661049,0.0007209638343614327,,0.0
outer,574.0,0.005618680335933973,0.14479387114848555,0.14964772200529117,0.0001607384137653435,0.0637853856925179,0.0,0.9362146143074821,0.0007192217112219148,,0.0
outer,576.0,0.005478310884341142,0.14310971934692465,0.14790717532116385,0.0001575555799222221,0.06246676971924647,0.0,0.9375332302807535,0.0007174946008435798,,0.0
outer,578.0,0.005341448231811861,0.14144513445391574,0.14618684920347091,0.00015443577041183846,0.061169495641062666,0.0,0.9388305043589373,0.0007157823400496287,,0.0
outer,580.0,0.005208004769257891,0.13979988968855603,0.14448650933426435,0.0001513777372687908,0.0598933627114675,0.0,0.9401066372885325,0.0007140847676981577,,0.0
outer,582.0,0.005077895076297028,0.13817376088450703,0.14280592409607967,0.00014838025723904721,0.05863816870358474,0.0,0.9413618312964153,0.0007124017246546855,,0.0
outer,584.0,0.004951035866573493,0.13656652646019835,0.14114486454118574,0.00014544213129062921,0.05740371000241917,0.0,0.9425962899975808,0.0007107330537650815,,0.0
outer,586.0,0.0048273459344442896,0.13497796738936238,0.13950310436117433,0.00014256218413398163,0.0561897816962329,0.0,0.9438102183037671,0.000709078599828846,,0.0
outer,588.0,0.004706746102997531,0.1334078671718957,0.13788041985688715,0.0001397392637518422,0.0549961776670006,0.0,0.9450038223329994,0.0007074382095727774,,0.0
outer,590.0,0.004589159173369395,0.13185601180504544,0.13627658990867716,0.00013697224093841843,0.053822690679909524,0.0,0.9461773093200905,0.0007058117316250077,,0.0
outer,592.0,0.004474509875327238,0.1303221897549152,0.1346913959469993,0.00013426000884769103,0.05266911247186956,0.0,0.9473308875281304,0.0007041990164893847,,0.0
outer,594.0,0.00436272481908734,0.12880619192828907,0.13312462192332908,0.00013160148255065993,0.051535233838999384,0.0,0.9484647661610006,0.0007025999165202269,,0.0
outer,596.0,0.004253732448336294,0.12730781164476876,0.13157605428140345,0.000128995598601359,0.05042084472305741,0.0,0.9495791552769426,0.000701014285897418,,0.0
outer,598.0,0.004147462994426105,0.12582684460922164,0.13004548192878246,0.00012644131461146278,0.049325734296785884,0.0,0.9506742657032141,0.0006994419806018568,,0.0
outer,600.0,0.004043848431713599,0.12436308888453605,0.12853269620872707,0.00012393760883331792,0.04824969104813959,0.0,0.9517503089518604,0.0006978828583912484,,0.0
outer,602.0,0.003942822434015541,0.12291634486468073,0.1270374908723909,0.00012148347975122987,0.047192502863371066,0.0,0.9528074971366289,0.000696336778776221,,0.0
outer,604.0,0.003844320332151674,0.121486415248065,0.12555966205132166,0.00011907794568084354,0.046153957108943766,0.0,0.9538460428910562,0.0006948036029967968,,0.0
outer,606.0,0.0037482790725483894,0.12007310501119645,0.12409900823026888,0.00011672004437645677,0.04513384071224935,0.0,0.9548661592877506,0.0006932831939991691,,0.0
outer,608.0,0.003654637176876625,0.11867622138263337,0.12265533022029598,0.00011440883264610847,0.044131940241102674,0.0,0.9558680597588973,0.000691775416412826,,0.0
outer,610.0,0.0035633347026981094,0.11729557381722852,0.12122843113219237,0.00011214338597429017,0.0431480419819944,0.0,0.9568519580180056,0.0006902801365279656,,0.0
outer,612.0,0.0034743132050947378,0.1159309739706612,0.11981811635018262,0.00010992279815212657,0.042181932017074986,0.0,0.957818067982925,0.0006887972222732593,,0.0
outer,614.0,0.003387515699256596,0.1145822356742543,0.11842419350592948,0.00010774618091488075,0.0412333962998529,0.0,0.9587666037001471,0.0006873265431938965,,0.0
outer,616.0,0.0033028866240045842,0.11324917491007382,0.11704647245282808,0.00010561266358663572,0.04030222072958667,0.0,0.9596977792704133,0.0006858679704299506,,0.0
outer,618.0,0.0032203718062243742,0.11193160978630744,0.11568476524058775,0.00010352139273201303,0.03938819122435078,0.0,0.9606118087756492,0.0006844213766950483,,0.0
outer,620.0,0.003139918426188902,0.11062936051291945,0.11433888609009876,0.00010147153181478671,0.038491093792761166,0.0,0.9615089062072388,0.0006829866362553329,,0.0
outer,622.0,0.003061474983747164,0.10934224937757842,0.11300865136858029,9.946226086325818e-05,0.037610714604343065,0.0,0.9623892853956569,0.000681563624908713,,0.0
outer,624.0,0.002984991265357738,0.10807010072185576,0.11169387956500748,9.749277614225604e-05,0.036746840058525354,0.0,0.9632531599414746,0.0006801522199644248,,0.0
outer,626.0,0.0029104183119458924,0.10681274091769136,0.11039439126581418,9.556228983163188e-05,0.035899256852251815,0.0,0.9641007431477482,0.0006787523002228487,,0.0
outer,628.0,0.0028377083875636777,0.10556999834412396,0.10911000913086832,9.367002971112117e-05,0.03506775204619228,0.0,0.9649322479538077,0.0006773637459556423,,0.0
outer,630.0,0.0027668149488330194,0.10434170336428297,0.1078405578697169,9.181523885144536e-05,0.03425211312954701,0.0,0.965747886870453,0.0006759864388861149,,0.0
outer,632.0,0.0026976926151521547,0.10312768830263933,0.10658586421809833,8.999717531152956e-05,0.03345212808343101,0.0,0.966547871916569,0.000674620262169915,,0.0
outer,634.0,0.002630297139646427,0.10192778742251242,0.1053457569147187,8.821511184171678e-05,0.03266758544283277,0.0,0.9673324145571672,0.000673265100375944,,0.0
outer,636.0,0.0025645853808447952,0.10074183690383054,0.1041200666782892,8.646833559285778e-05,0.031898274357136436,0.0,0.9681017256428636,0.0006719208394675814,,0.0
outer,638.0,0.0025005152750639265,0.0995696748211414,0.10290862618482173,8.475614783116253e-05,0.031143984649203427,0.0,0.9688560153507966,0.0006705873667841412,,0.0
outer,640.0,0.0024380458094822232,0.0984111411218711,0.10171127004518081,8.30778636586967e-05,0.030404506873007997,0.0,0.969595493126992,0.0006692645710225964,,0.0
outer,642.0,0.00237713699588652,0.09726607760482794,0.10052783478288754,8.143281173941404e-05,0.029679632369820408,0.0,0.9703203676301796,0.000667952342219566,,0.0
outer,644.0,0.0023177498450746817,0.09613432789894891,0.09935815881217433,7.982033403061238e-05,0.02896915332293737,0.0,0.9710308466770626,0.0006666505717335391,,0.0
outer,646.0,0.0022598463418976454,0.09501573744228618,0.09820208241628688,7.823978551970833e-05,0.028272862810954535,0.0,0.9717271371890455,0.0006653591522273724,,0.0
outer,648.0,0.0022033894209250253,0.09391015346123067,0.09705944772603066,7.669053396622315e-05,0.02759055485958306,0.0,0.9724094451404169,0.0006640779776509985,,0.0
outer,650.0,0.0021483429427186294,0.09281742494997043,0.09593009869855983,7.517195964887862e-05,0.026922024492007424,0.0,0.9730779755079926,0.0006628069432243979,,0.0
outer,652.0,0.0020946716706987316,0.09173740265018132,0.09481388109640543,7.368345511769981e-05,0.02626706777778609,0.0,0.9737329322222139,0.0006615459454208178,,0.0
outer,654.0,0.002042341248588297,0.09066993903094732,0.09371064246674059,7.222442495102717e-05,0.02562548188029845,0.0,0.9743745181197015,0.000660294881950193,,0.0
outer,656.0,0.001991318178420682,0.08961488826890773,0.09262023212088004,7.079428551734017e-05,0.024997065102738247,0.0,0.9750029348972618,0.0006590536517428304,,0.0
outer,658.0,0.001941569799096788,0.08857210622862932,0.09154250111401097,6.939246474179645e-05,0.0243816169326585,0.0,0.9756183830673415,0.0006578221549333055,,0.0
outer,660.0,0.0018930642654779019,0.08754145044320051,0.09047730222515371,6.80184018773947e-05,0.02377893808507303,0.0,0.976221061914927,0.0006566002928445852,,0.0
outer,662.0,0.0018457705280008493,0.08652278009504559,0.0894244899373489,6.667154728066797e-05,0.02318883054411891,0.0,0.9768111694558811,0.000655387967972373,,0.0
outer,664.0,0.0017996583128024343,0.08551595599695586,0.08838392041806858,6.535136219181939e-05,0.022611097603286168,0.0,0.9773889023967138,0.000654185083969683,,0.0
outer,666.0,0.0017546981023403869,0.08452084057333623,0.08735545149984969,6.405731851921057e-05,0.02204554390422364,0.0,0.9779544560957764,0.0006529915456316033,,0.0
outer,668.0,0.0017108611164984864,0.08353729784166411,0.08633894266114618,6.278889862811847e-05,0.021491975474126068,0.0,0.9785080245258739,0.0006518072588803054,,0.0
outer,670.0,0.00166811929416371,0.08256519339415899,0.08533425500739901,6.154559513367405e-05,0.020950199761713972,0.0,0.979049800238286,0.0006506321307502385,,0.0
outer,672.0,0.001626445275263634,0.08160439437965947,0.08434125125231999,6.032691069790202e-05,0.020420025671814446,0.0,0.9795799743281856,0.0006494660693735293,,0.0
outer,674.0,0.0015858123832526029,0.08065476948570652,0.08335979569938809,5.913235783077864e-05,0.019901263598552155,0.0,0.9800987364014478,0.000648308983965617,,0.0
outer,676.0,0.001546194608035411,0.0797161889208299,0.08238975422355575,5.796145869522957e-05,0.019393725457164446,0.0,0.9806062745428356,0.0006471607848110417,,0.0
outer,678.0,0.001507566589317623,0.07878852439703592,0.08143099425316283,5.6813744915988295e-05,0.018897224714449212,0.0,0.9811027752855508,0.0006460213832494643,,0.0
outer,680.0,0.0014699036003718363,0.077871649112494,0.08048338475205566,5.5688757392240165e-05,0.018411576417859288,0.0,0.9815884235821407,0.0006448906916618761,,0.0
outer,682.0,0.0014331815322095015,0.07696543773442026,0.07954679620190928,5.458604611397554e-05,0.017936597223256467,0.0,0.9820634027767435,0.0006437686234569922,,0.0
outer,684.0,0.0013973768781481877,0.07606976638215554,0.07862110058475061,5.350516998198022e-05,0.01747210542133837,0.0,0.9825278945786616,0.0006426550930578344,,0.0
outer,686.0,0.0013624667187643724,0.07518451261043621,0.07770617136568012,5.244569663138941e-05,0.017017920962752453,0.0,0.9829820790372475,0.0006415500158885094,,0.0
outer,688.0,0.0013284287072221747,0.07430955539285462,0.07680188347578969,5.140720225873649e-05,0.016573865481911643,0.0,0.9834261345180884,0.0006404533083611635,,0.0
outer,690.0,0.0012952410549686042,0.07344477510550879,0.07590811329527543,5.038927145242553e-05,0.01613976231952774,0.0,0.9838602376804723,0.000639364887863124,,0.0
outer,692.0,0.00126288251778618,0.07259005351083744,0.07502473863674172,4.939149702656148e-05,0.015715436543877526,0.0,0.9842845634561225,0.0006382846727442152,,0.0
outer,694.0,0.001231332382194002,0.07174527374163939,0.07415163872869579,4.841347985807009e-05,0.015300714970818308,0.0,0.9846992850291817,0.0006372125823042595,,0.0
outer,696.0,0.0012005704521885398,0.07091032028527523,0.07328869419923018,4.745482872704364e-05,0.014895426182570337,0.0,0.9851045738174297,0.0006361485367807334,,0.0
outer,698.0,0.0011705770363156915,0.07008507896804853,0.0724357870598906,4.6515160160247455e-05,0.014499400545282093,0.0,0.9855005994547179,0.0006350924573366087,,0.0
outer,700.0,0.0011413329350658057,0.06926943693976564,0.0715928006897281,4.559409827772581e-05,0.014112470225397189,0.0,0.9858875297746028,0.0006340442660483682,,0.0
outer,702.0,0.0011128194285836106,0.0684632826584713,0.07075961981953252,4.469127464244468e-05,0.013734469204840671,0.0,0.9862655307951593,0.0006330038858941752,,0.0
outer,704.0,0.0010850182646851905,0.06766650587535797,0.06993613051624556,4.3806328112912085e-05,0.013365233295042911,0.0,0.9866347667049571,0.00063197124074222,,0.0
outer,706.0,0.0010579116471743104,0.06687899761984815,0.06912222016755211,4.293890469871686e-05,0.013004600149821077,0.0,0.9869953998501789,0.0006309462553392029,,0.0
outer,708.0,0.0010314822244506482,0.06610065018484633,0.06831777746664675,4.208865741892745e-05,0.012652409277135623,0.0,0.9873475907228644,0.0006299288552990043,,0.0
outer,710.0,0.0010057130784026157,0.06533135711215918,0.06752269239717391,4.125524616329523e-05,0.01230850204974232,0.0,0.9876914979502577,0.0006289189670915142,,0.0
outer,712.0,0.000980587713577664,0.06457101317808302,0.06673685621834084,4.043833755620557e-05,0.011972721714760604,0.0,0.9880272782852394,0.0006279165180315772,,0.0
outer,714.0,0.0009560900466231538,0.0638195143791548,0.06596016145019896,3.963760482332346e-05,0.01164491340217566,0.0,0.9883550865978243,0.0006269214362681386,,0.0
outer,716.0,0.0009322043959910025,0.06307675791806694,0.0651925018590948,3.885272766087908e-05,0.011324924132297465,0.0,0.9886750758677025,0.0006259336507735056,,0.0
outer,718.0,0.0009089154718995536,0.062342642189742364,0.06443377244328598,3.8083392107542366e-05,0.011012602822195072,0.0,0.9889873971778049,0.0006249530913327801,,0.0
outer,720.0,0.0008862083665462157,0.06161706676756891,0.06368386941872192,3.732929041883396e-05,0.010707800291128056,0.0,0.9892921997088719,0.0006239796885334286,,0.0
outer,722.0,0.0008640685445646183,0.060899932389791425,0.06294269020498712,3.659012094402364e-05,0.010410369264996278,0.0,0.9895896307350037,0.0006230133737549769,,0.0
outer,724.0,0.0008424818337201776,0.06019114094605915,0.0622101334114049,3.586558800546568e-05,0.010120164379827323,0.0,0.9898798356201727,0.0006220540791589018,,0.0
outer,726.0,0.0008214344158380982,0.05949059546412688,0.06148609882329981,3.5155401780324144e-05,0.009837042184325462,0.0,0.9901629578156745,0.000621101737678575,,0.0
outer,728.0,0.0008009128179580321,0.058798200096708914,0.060770487388417865,3.4459278184639654e-05,0.009560861141500565,0.0,0.9904391388584994,0.000620156283009455,,0.0
outer,730.0,0.0007809039037097096,0.058113860108482567,0.06006320120350096,3.377693875969222e-05,0.009291481629400966,0.0,0.990708518370599,0.0006192176495993123,,0.0
outer,732.0,0.0007613948649040321,0.057437481863241345,0.05936414350101607,3.310811056061382e-05,0.00902876594097024,0.0,0.9909712340590298,0.000618285772638653,,0.0
outer,734.0,0.0007423732133342389,0.056768972811194626,0.05867321863603548,3.2452526047207056e-05,0.008772578283049892,0.0,0.9912274217169501,0.0006173605880512494,,0.0
outer,736.0,0.0007238267727819106,0.05610824147641279,0.05799033207326727,3.180992297692526e-05,0.008522784774549486,0.0,0.9914772152254505,0.0006164420324848073,,0.0
outer,738.0,0.0007057436712226693,0.05545519744441674,0.057315390374234894,3.118004429997222e-05,0.008279253443806533,0.0,0.9917207465561935,0.0006155300433017517,,0.0
outer,740.0,0.0006881123332266147,0.054809751349908814,0.056648301184602665,3.0562638056478614e-05,0.008041854225156242,0.0,0.9919581457748438,0.0006146245585701738,,0.0
outer,742.0,0.0006709214725486103,0.054171814864645076,0.05598897322164724,2.9957457275714904e-05,0.007810458954734867,0.0,0.9921895410452651,0.0006137255170548416,,0.0
outer,744.0,0.0006541600849036848,0.0535413006854461,0.055337316261872035,2.936425987729954e-05,0.007584941365536446,0.0,0.9924150586344636,0.000612832858208387,,0.0
outer,746.0,0.0006378174409229275,0.05291812252234527,0.054693241128763836,2.8782808574363806e-05,0.007365177081745111,0.0,0.9926348229182549,0.0006119465221626078,,0.0
outer,748.0,0.000621883079285354,0.052302195086873345,0.05405665968068978,2.8212870778633692e-05,0.007151043612365404,0.0,0.9928489563876346,0.0006110664497198496,,0.0
outer,750.0,0.0006063468000213663,0.051693434080477066,0.05342748479893293,2.765421850739168e-05,0.006942420344170364,0.0,0.9930575796558296,0.0006101925823445512,,0.0
outer,752.0,0.0005911986579835047,0.05109175618307058,0.052805630375865005,2.7106628292280454e-05,0.006739188533990137,0.0,0.9932608114660099,0.0006093248621548784,,0.0
outer,754.0,0.0005764289564803183,0.05049707904171869,0.052191011303255104,2.6569881089912648e-05,0.006541231300361661,0.0,0.9934587686996383,0.0006084632319144798,,0.0
outer,756.0,0.0005620282410692821,0.04990932125944932,0.051583543460712006,2.6043762194250634e-05,0.006348433614560389,0.0,0.9936515663854396,0.0006076076350243915,,0.0
outer,758.0,0.0005479872935047744,0.0493284023841951,0.050983143704259555,2.552806115072109e-05,0.006160682291036279,0.0,0.9938393177089637,0.0006067580155149656,,0.0
outer,760.0,0.0005342971258372595,0.04875424289786143,0.05038972985504295,2.5022571672030544e-05,0.0059778659772734555,0.0,0.9940221340227265,0.0006059143180379696,,0.0
outer,762.0,0.0005209489746598825,0.04818676420552011,0.04980322068816441,2.4527091555647528e-05,0.005799875143094213,0.0,0.9942001248569058,0.0006050764878588387,,0.0
outer,764.0,0.0005079342954988005,0.04762588862472752,0.049223535921647625,2.4041422602919038e-05,0.005626602069429998,0.0,0.99437339793057,0.000604244470848905,,0.0
outer,766.0,0.0004952447573436624,0.047071539374965034,0.04865059620552841,2.356537053978827e-05,0.005457940836576691,0.0,0.9945420591634233,0.0006034182134778788,,0.0
outer,768.0,0.0004828722373147224,0.04652364056720089,0.04808432311107065,2.3098744939082565e-05,0.0052937873119569545,0.0,0.994706212688043,0.0006025976628063122,,0.0
outer,770.0,0.0004708088154631918,0.0459821171935723,0.04752463912010658,2.264135914433985e-05,0.005134039137408175,0.0,0.9948659608625918,0.0006017827664782229,,0.0
outer,772.0,0.0004590467697014883,0.04544689511718567,0.046971467614498885,2.2193030195143704e-05,0.004978595716015777,0.0,0.9950214042839842,0.0006009734727138383,,0.0
outer,774.0,0.0004475785708601402,0.04491790106203457,0.04642473286572455,2.1753578753936607e-05,0.0048273581985125436,0.0,0.9951726418014875,0.0006001697303023629,,0.0
outer,776.0,0.0004363968778681865,0.04439506260303336,0.045884360024577964,2.1322829034282694e-05,0.00468022946926161,0.0,0.9953197705307384,0.0005993714885949364,,0.0
outer,778.0,0.0004254945330539751,0.04387830815616528,0.04535027511099239,2.0900608730550646e-05,0.004537114131843656,0.0,0.9954628858681563,0.0005985786974976081,,0.0
outer,780.0,0.00041486455756336796,0.04336756696874444,0.04482240500397893,2.048674894898934e-05,0.004397918494266073,0.0,0.9956020815057339,0.0005977913074644766,,0.0
outer,782.0,0.00040450014689240695,0.04286276910978905,0.044300677431680445,2.0081084140167906e-05,0.004262550553813305,0.0,0.9957374494461867,0.0005970092694908662,,0.0
outer,784.0,0.0003943946665315861,0.042363845460506144,0.04378502096154073,1.9683452032753915e-05,0.004130919981556791,0.0,0.9958690800184432,0.0005962325351065687,,0.0
outer,786.0,0.0003845416477189446,0.041870727704885397,0.04327536499058596,1.9293693568602533e-05,0.004002938106540732,0.0,0.9959970618934593,0.0005954610563693404,,0.0
outer,788.0,0.00037493478329925174,0.041383348320401116,0.04277163973581839,1.8911652839131288e-05,0.0038785178996646463,0.0,0.9961214821003354,0.0005946947858582552,,0.0
outer,790.0,0.00036556792368664753,0.04090164056882174,0.042273776224720644,1.8537177022954413e-05,0.0037575739572771605,0.0,0.9962424260427228,0.0005939336766672994,,0.0
outer,792.0,0.0003564350729281438,0.04042553848712475,0.04178170628586906,1.8170116324752393e-05,0.00364002248449935,0.0,0.9963599775155006,0.0005931776823990619,,0.0
outer,794.0,0.0003475303848654688,0.039954976878516096,0.04129536253965506,1.78103239153517e-05,0.0035257812782951703,0.0,0.9964742187217048,0.0005924267571584034,,0.0
outer,796.0,0.00033884815939280315,0.039489891303553674,0.0408146783891137,1.7457655872991323e-05,0.0034147697103042995,0.0,0.9965852302896957,0.0005916808555463056,,0.0
outer,798.0,0.0003303828388080004,0.03903021807137225,0.04033958801085731,1.711197112575197e-05,0.0033069087094544924,0.0,0.9966930912905455,0.0005909399326537508,,0.0
outer,800.0,0.0003221290042549704,0.03857589423101012,0.03987002634611404,1.6773131395125595e-05,0.003202120744369097,0.0,0.9967978792556309,0.0005902039440556954,,0.0
outer,802.0,0.000314081372254938,0.038126857562835376,0.03940592909186925,1.6441001140701998e-05,0.003100329805585056,0.0,0.9968996701944149,0.000589472845805178,,0.0
outer,804.0,0.00030623479132436005,0.03768304657007093,0.038947232692109014,1.6115447505950957e-05,0.0030014613875974927,0.0,0.9969985386124025,0.0005887465944274252,,0.0
outer,806.0,0.00029858423867733887,0.03724440047041753,0.03849387432916476,1.5796340265077764e-05,0.002905442470745423,0.0,0.9970945575292546,0.0005880251469140378,,0.0
outer,808.0,0.0002911248170104121,0.036810859187773035,0.03804579191515735,1.548355177093131e-05,0.0028122015029526937,0.0,0.9971877984970473,0.0005873084607173705,,0.0
outer,810.0,0.00028385175136767305,0.03638236334404718,0.03760292408353978,1.517695690394334e-05,0.0027216683813398035,0.0,0.9972783316186602,0.0005865964937448277,,0.0
outer,812.0,0.00027676038608420527,0.035958854251070975,0.037165210180737665,1.4876433022079068e-05,0.0026337744337194824,0.0,0.9973662255662805,0.0005858892043533405,,0.0
outer,814.0,0.0002698461818058794,0.035540273902599,0.0367325902578856,1.4581859911778687e-05,0.002548452399989909,0.0,0.9974515476000101,0.0005851865513439528,,0.0
outer,816.0,0.0002631047125836021,0.035126564966404386,0.03630500506265927,1.4293119739870436e-05,0.0024656364134402198,0.0,0.9975343635865598,0.0005844884939562602,,0.0
outer,818.0,0.00025653166304016146,0.034717670776464614,0.035882396031201504,1.4010097006435602e-05,0.002385261981978859,0.0,0.9976147380180211,0.0005837949918632362,,0.0
outer,820.0,0.00025012282560784666,0.034313535325237524,0.03546470528014128,1.3732678498607128e-05,0.0023072659692996433,0.0,0.9976927340307004,0.0005831060051659633,,0.0
outer,822.0,0.0002438740978350846,0.033914103256026736,0.035051875598705234,1.3460753245282893e-05,0.002231586575997868,0.0,0.9977684134240021,0.0005824214943882803,,0.0
outer,824.0,0.00023778147976036062,0.03351931985543465,0.03464385044091963,1.3194212472735897e-05,0.0021581633206463335,0.0,0.9978418366793537,0.0005817414204718324,,0.0
outer,826.0,0.00023184107135174666,0.033129131045903114,0.03424057391790279,1.2932949561103176e-05,0.002086937020845503,0.0,0.9979130629791545,0.0005810657447709791,,0.0
outer,828.0,0.00022604907001039793,0.03274348337833971,0.03384199079024612,1.267686000173652e-05,0.002017849774258007,0.0,0.997982150225742,0.0005803944290477702,,0.0
outer,830.0,0.00022040176813641532,0.032362324024829345,0.03344804646048303,1.2425841355397594e-05,0.0019508449396385963,0.0,0.9980491550603614,0.0005797274354670285,,0.0
outer,832.0,0.00021489555075552273,0.03198560077143013,0.03305868696564514,1.217979321128094e-05,0.0018858671178703101,0.0,0.9981141328821297,0.0005790647265915211,,0.0
outer,834.0,0.0002095268932050344,0.031613262011052176,0.03267385896990401,1.1938617146848207e-05,0.001822862133017411,0.0,0.9981771378669826,0.0005784062653771665,,0.0
outer,836.0,0.00020429235887763284,0.03124525673641869,0.03229350975729793,1.1702216688457898e-05,0.0017617770134050748,0.0,0.9982382229865949,0.0005777520151683088,,0.0
outer,838.0,0.00019918859702151498,0.03088153453310856,0.03191758722454284,1.1470497272774587e-05,0.0017025599727356067,0.0,0.9982974400272644,0.0005771019396930544,,0.0
outer,840.0,0.00019421234059549287,0.030522045572678933,0.031546039873925937,1.124336620894241e-05,0.0016451603912507329,0.0,0.9983548396087493,0.0005764560030586098,,0.0
outer,842.0,0.00018936040417768312,0.030166740605867656,0.031178816806281765,1.1020732641507357e-05,0.0015895287969484029,0.0,0.9984104712030516,0.0005758141697468966,,0.0
outer,844.0,0.0001846296819264412,0.02981557095587389,0.03081586771404904,1.080250751407397e-05,0.0015356168468643183,0.0,0.9984643831531357,0.0005751764046099048,,0.0
outer,846.0,0.00018001714559223676,0.02946848851171645,0.030457142874407747,1.0588603533681547e-05,0.0014833773084252933,0.0,0.9985166226915747,0.0005745426728652787,,0.0
outer,848.0,0.00017551984257919948,0.0291254457216691,0.03010259314249583,1.0378935135885876e-05,0.0014327640408828834,0.0,0.9985672359591171,0.0005739129400920863,,0.0
outer,850.0,0.00017113489405508897,0.02878639558677141,0.02975216994470382,1.0173418450532209e-05,0.0013837319768357226,0.0,0.9986162680231643,0.0005732871722265128,,0.0
outer,852.0,0.00016685949310848628,0.0284512916544147,0.029405825272047086,9.971971268206142e-06,0.0013362371038485588,0.0,0.9986637628961514,0.0005726653355573113,,0.0
outer,854.0,0.00016269090295202156,0.028120088012002324,0.029063511673614918,9.774513007348746e-06,0.0012902364461727656,0.0,0.9987097635538272,0.0005720473967220288,,0.0
outer,856.0,0.00015862645517049045,0.02779273928068286,0.028725182250094808,9.580964682022852e-06,0.0012456880465786524,0.0,0.9987543119534213,0.0005714333227026251,,0.0
outer,858.0,0.00015466354801273782,0.027469200609156138,0.028390790647372165,9.391248870317682e-06,0.0012025509483041263,0.0,0.9987974490516959,0.0005708230808213623,,0.0
outer,860.0,0.00015079964472621265,0.027149427667550612,0.028060291050203526,9.20528968337896e-06,0.0011607851771262556,0.0,0.9988392148228737,0.0005702166387369131,,0.0
outer,862.0,0.00014703227193313246,0.026833376641371552,0.027733638175963093,9.023012735052423e-06,0.0011203517235626181,0.0,0.9988796482764374,0.0005696139644403309,,0.0
outer,864.0,0.00014335901804721422,0.026521004225519434,0.027410787268461644,8.84434511212833e-06,0.0010812125252079863,0.0,0.998918787474792,0.0005690150262510206,,0.0
outer,866.0,0.0001397775317299595,0.026212267618377163,0.027091694091836746,8.669215345175278e-06,0.0010433304492111217,0.0,0.9989566695507889,0.000568419792813048,,0.0
outer,868.0,0.00013628552038550692,0.025907124515966044,0.026776314924513756,8.497553379951375e-06,0.001006669274898342,0.0,0.9989933307251017,0.0005678282330911586,,0.0
outer,870.0,0.0001328807486930847,0.025605533106169087,0.0264646065532366,8.329290549381678e-06,0.0009711936765476326,0.0,0.9990288063234524,0.0005672403163670663,,0.0
outer,872.0,0.0001295610371761289,0.025307452063021176,0.02615652626716748,8.164359546090404e-06,0.0009368692063187467,0.0,0.9990631307936813,0.0005666560122357099,,0.0
outer,874.0,0.00012632426080714748,0.025012840541065468,0.02585203185205509,8.00269439547716e-06,0.0009036622773432867,0.0,0.9990963377226567,0.0005660752906017311,,0.0
outer,876.0,0.0001231683476474388,0.0247216581697749,0.025551081584470035,7.84423042932612e-06,0.0008715401469802098,0.0,0.9991284598530198,0.0005654981216754599,,0.0
outer,878.0,0.0001200912775207945,0.02443386504803825,0.02525363422610699,7.688904259937948e-06,0.0008404709002384214,0.0,0.9991595290997616,0.0005649244759698016,,0.0
outer,880.0,0.00011709108072033452,0.02414942173871021,0.024959649018153004,7.5366537547738255e-06,0.0008104234333728977,0.0,0.9991895765666271,0.0005643543242964223,,0.0
outer,882.0,0.00011416583674765116,0.02386828926322422,0.024669085675720525,7.387418011601682e-06,0.0007813674376561108,0.0,0.9992186325623439,0.0005637876377622243,,0.0
outer,884.0,0.00011131367308345141,0.023590429096267965,0.024381904382345346,7.2411373341344005e-06,0.0007532733833283123,0.0,0.9992467266166717,0.0005632243877660466,,0.0
outer,886.0,0.00010853276398891194,0.023315803160520284,0.024098065784547866,7.097753208150557e-06,0.0007261125037302252,0.0,0.9992738874962698,0.0005626645459951796,,0.0
outer,888.0,0.00010582132933698038,0.02304437382144902,0.023817530986457325,6.957208278087933e-06,0.0006998567796202559,0.0,0.9993001432203797,0.0005621080844222345,,0.0
outer,890.0,0.00010317763347287189,0.022776103882169284,0.02354026154449853,6.81944632410057e-06,0.0006744789236802218,0.0,0.9993255210763198,0.0005615549753013344,,0.0
outer,892.0,0.00010059998410303534,0.02251095657836101,0.023266219462139776,6.684412239570012e-06,0.000649952365209594,0.0,0.9993500476347904,0.0005610051911654344,,0.0
outer,894.0,9.808673121187521e-05,0.022248895573245442,0.02299536718470163,6.552052009061965e-06,0.0006262512350132532,0.0,0.9993737487649867,0.0005604587048225975,,0.0
outer,896.0,9.563626600553656e-05,0.02198988495261992,0.02272766759422605,6.42231268671939e-06,0.0006033503504825344,0.0,0.9993966496495175,0.0005599154893530003,,0.0
outer,898.0,9.324701988207796e-05,0.0217338892199499,0.022463084004404516,6.295142375083492e-06,0.0005812252008720042,0.0,0.999418774799128,0.0005593755181061652,,0.0
outer,900.0,9.091746342737044e-05,0.0214808732915181,0.02220158015556526,6.170490204333978e-06,0.0005598519327750795,0.0,0.9994401480672249,0.0005588387646970428,,0.0
outer,902.0,8.864610543608334e-05,0.021230802491629622,0.02194312020971832,6.048306311940497e-06,0.0005392073357970428,0.0,0.999460792664203,0.0005583052030035253,,0.0
outer,904.0,8.643149195712753e-05,0.020983642547872643,0.021687668745657966,5.928541822716952e-06,0.0005192688284286762,0.0,0.9994807311715713,0.0005577748071636483,,0.0
outer,906.0,8.427220536294625e-05,0.020739359586434154,0.02143519075412206,5.811148829270762e-06,0.0005000144441221765,0.0,0.9994999855558778,0.0005572475515717497,,0.0
outer,908.0,8.216686344205731e-05,0.02049792012746971,0.02118565163300719,5.696080372839307e-06,0.0004814228175675783,0.0,0.9995185771824324,0.0005567234108762949,,0.0
outer,910.0,8.011411851426681e-05,0.020259291080527094,0.020939017182639463,5.583290424505739e-06,0.00046347317117312326,0.0,0.9995365268288269,0.0005562023599766272,,0.0
outer,912.0,7.811265656798554e-05,0.020023439740022807,0.02069525360109999,5.4727338667868385e-06,0.00044614530174857947,0.0,0.9995538546982514,0.0005556843740202401,,0.0
outer,914.0,7.616119641909905e-05,0.019790333780770983,0.020454327479604427,5.364366475585401e-06,0.0004294195673925083,0.0,0.9995705804326075,0.0005551694283999375,,0.0
outer,916.0,7.425848889085063e-05,0.019559941253564264,0.020216205797936253,5.258144902500047e-06,0.0004132768745840343,0.0,0.999586723125416,0.0005546574987504611,,0.0
outer,918.0,7.240331601421303e-05,0.019332230580805743,0.01998085591993283,5.154026657485226e-06,0.0003976986654774528,0.0,0.9996023013345225,0.0005541485609468958,,0.0
outer,920.0,7.059449024823747e-05,0.019107170552191494,0.01974824558902369,5.051970091854672e-06,0.00038266690540267323,0.0,0.9996173330945973,0.0005536425911009365,,0.0
outer,922.0,6.883085371987935e-05,0.01888473032044335,0.01951834292382073,4.951934381621349e-06,0.00036816407056861067,0.0,0.9996318359294314,0.0005531395655585355,,0.0
outer,924.0,6.711127748281624e-05,0.018664879397090873,0.019291116413759333,4.853879511167356e-06,0.0003541731359706368,0.0,0.9996458268640294,0.0005526394608970785,,0.0
outer,926.0,6.54346607947819e-05,0.01844758764830244,0.019066534914790077,4.7577662572370865e-06,0.00034067756350097955,0.0,0.999659322436499,0.000552142253923092,,0.0
outer,928.0,6.379993041295456e-05,0.01823282529076452,0.018844567645120398,4.66355617324744e-06,0.00032766129026207125,0.0,0.9996723387097379,0.0005516479216696993,,0.0
outer,930.0,6.220603990694864e-05,0.018020562887608726,0.018625184181005505,4.571211573908664e-06,0.00031510871708240185,0.0,0.9996848912829176,0.0005511564413933469,,0.0
outer,932.0,6.065196898896881e-05,0.017810771344386193,0.018408354452588253,4.480695520149759e-06,0.00030300469723287815,0.0,0.9996969953027671,0.0005506677905718654,,0.0
outer,934.0,5.913672286069948e-05,0.01760342190508851,0.0181940487397871,4.391971804342318e-06,0.00029133452534380044,0.0,0.9997086654746562,0.0005501819469023222,,0.0
outer,936.0,5.765933157651035e-05,0.0173984861482148,0.017982237668231704,4.3050049358170176e-06,0.00028008392652212333,0.0,0.9997199160734779,0.0005496988882973426,,0.0
outer,938.0,5.6218849422570695e-05,0.017195935982884526,0.017772892205245885,4.219760126666868e-06,0.00026923904566578116,0.0,0.9997307609543342,0.0005492185928838468,,0.0
outer,940.0,5.481435431147546e-05,0.01699574364499517,0.017565983655876805,4.136203277831611e-06,0.00025878643697596626,0.0,0.999741213563024,0.0005487410390004674,,0.0
outer,942.0,5.3444947191994264e-05,0.016797881693424662,0.01736148365897053,4.0543009654576005e-06,0.0002487130536655835,0.0,0.9997512869463344,0.0005482662051944414,,0.0
outer,944.0,5.2109751473567427e-05,0.016602323006277758,0.01715936418329284,3.974020427527839e-06,0.00023900623786154984,0.0,0.9997609937621385,0.0005477940702200226,,0.0
outer,946.0,5.080791246517908e-05,0.016409040777175875,0.016959597523695132,3.895329550756727e-06,0.00022965371070071683,0.0,0.9997703462892993,0.0005473246130360238,,0.0
outer,948.0,4.953859682824869e-05,0.016218008511590182,0.016762156297324866,3.818196857744345e-06,0.0002206435626176395,0.0,0.9997793564373824,0.000546857812802871,,0.0
outer,950.0,4.8300992043191317e-05,0.01602920002321694,0.016567013439879725,3.74259149438503e-06,0.0002119642438217495,0.0,0.9997880357561783,0.0005463936488812229,,0.0
outer,952.0,4.709430588930364e-05,0.015842589430395133,0.016374142201905507,3.6684832175253545e-06,0.00020360455496337693,0.0,0.9997963954450366,0.0005459321008297266,,0.0
outer,954.0,4.591776593764473e-05,0.015658151152565532,0.016183516145136738,3.5958423828664513e-06,0.00019555363798673397,0.0,0.9998044463620133,0.0005454731484020975,,0.0
outer,956.0,4.4770619056585555e-05,0.015475859906770778,0.015995109138879793,3.524639933105892e-06,0.00018780096716741745,0.0,0.9998121990328326,0.0005450167715452183,,0.0
outer,958.0,4.365213092971113e-05,0.015295690704196256,0.015808895356438032,3.454847386314408e-06,0.00018033634033298718,0.0,0.999819663659667,0.0005445629503974673,,0.0
outer,960.0,4.2561585585767215e-05,0.015117618846750934,0.015624849271578332,3.386436824542695e-06,0.00017314987026506579,0.0,0.9998268501297349,0.0005441116652861912,,0.0
outer,962.0,4.1498284940349305e-05,0.014941619923687897,0.015442945655038627,3.3193808826538923e-06,0.00016623197628062858,0.0,0.9998337680237194,0.0005436628967253833,,0.0
outer,964.0,4.04615483490423e-05,0.014767669808264206,0.015263159571076016,3.253652737377147e-06,0.0001595733759902629,0.0,0.9998404266240097,0.0005432166254144324,,0.0
outer,966.0,3.945071217172348e-05,0.014595744654439335,0.015085466374054805,3.1892260965779743e-06,0.0001531650772323978,0.0,0.9998468349227676,0.000542772832234544,,0.0
outer,968.0,3.846512934775039e-05,0.014425820893612114,0.014909841705074289,3.126075188741013e-06,0.00014699837017961848,0.0,0.9998530016298204,0.0005423314982488937,,0.0
outer,970.0,3.750416898176197e-05,0.014257875231395375,0.014736261488635546,3.064174752661107e-06,0.00014106481961717598,0.0,0.9998589351803828,0.0005418926046990298,,0.0
outer,972.0,3.6567215939826774e-05,0.01409188464442809,0.014564701929346916,3.0035000273384683e-06,0.00013535625738991808,0.0,0.9998646437426101,0.0005414561330029078,,0.0
outer,974.0,3.565367045568118e-05,0.013927826377224553,0.014395139508667795,2.9440267420739713e-06,0.00012986477501575333,0.0,0.9998701352249842,0.0005410220647539073,,0.0
outer,976.0,3.4762947746804454e-05,0.013765677939060071,0.014227550981690148,2.8857311067605167e-06,0.00012458271646409447,0.0,0.9998754172835359,0.0005405903817181976,,0.0
outer,978.0,3.389447764008527e-05,0.013605417100892764,0.01406191337395731,2.8285898023666945e-06,0.00011950267109639423,0.0,0.9998804973289036,0.0005401610658329678,,0.0
outer,980.0,3.30477042068404e-05,0.013447021892321245,0.01389820397831992,2.7725799716088475e-06,0.00011461746676677542,0.0,0.9998853825332332,0.0005397340992045517,,0.0
outer,982.0,3.222208540695094e-05,0.01329047059857741,0.013736400351828064,2.7176792098078743e-06,0.00010992016308020158,0.0,0.9998900798369198,0.0005393094641077424,,0.0
outer,984.0,3.141709274188963e-05,0.013135741757554319,0.013576480312659735,2.663865555927031e-06,0.0001054040448070781,0.0,0.9998945959551929,0.0005388871429806212,,0.0
outer,986.0,3.063221091641608e-05,0.012982814156868477,0.013418421937084826,2.611117483787239e-06,0.00010106261544939876,0.0,0.9998989373845506,0.0005384671184272429,,0.0
outer,988.0,2.9866937508723893e-05,0.012831666830956202,0.013262203556464309,2.559413893456321e-06,9.688959095932592e-05,0.0,0.9999031104090407,0.0005380493732127261,,0.0
outer,990.0,2.9120782648828245e-05,0.012682279058203811,0.013107803754284431,2.5087341028087645e-06,9.287889360554136e-05,0.0,0.9999071211063945,0.0005376338902618925,,0.0
outer,992.0,2.8393268704988514e-05,0.012534630358110987,0.012955201363225135,2.459057839252565e-06,8.902464598570248e-05,0.0,0.9999109753540143,0.0005372206526584482,,0.0
outer,994.0,2.7683929977964343e-05,0.012388700488487201,0.012804375462262664,2.4103652316199417e-06,8.532116518300548e-05,0.0,0.999914678834817,0.0005368096436426768,,0.0
outer,996.0,2.699231240291053e-05,0.012244469442680619,0.012655305373805733,2.3626368022185937e-06,8.176295706385783e-05,0.0,0.9999182370429361,0.0005364008466113664,,0.0
outer,998.0,2.63179732587191e-05,0.01210191744683915,0.012507970660864922,2.315853459040381e-06,7.834471071566096e-05,0.0,0.9999216552892843,0.0005359942451113376,,0.0
outer,1000.0,2.566048088462279e-05,0.011961024957203421,0.012362351124255046,2.2699964881242426e-06,7.506129301948494e-05,0.0,0.9999249387069805,0.0005355898228450778,,0.0
