GALID,stage,variable,bin_left,bin_right,center,N_usable,N_SF,eligible_usable,survivor_support,f_SF,sum_Sigma_SFR_SF,mean_Sigma_SFR_SF_galaxy,mean_Sigma_SFR_all_HII_galaxy
NGC4298,close-to-peak,log_sigma_star,5.75,6.0,5.875,0,0,False,False,,0.0,,
NGC4298,close-to-peak,log_sigma_star,6.0,6.25,6.125,0,0,False,False,,0.0,,
NGC4298,close-to-peak,log_sigma_star,6.25,6.5,6.375,0,0,False,False,,0.0,,
NGC4298,close-to-peak,log_sigma_star,6.5,6.75,6.625,0,0,False,False,,0.0,,
NGC4298,close-to-peak,log_sigma_star,6.75,7.0,6.875,0,0,False,False,,0.0,,
NGC4298,close-to-peak,log_sigma_star,7.0,7.25,7.125,2265,232,True,True,0.10242825607064018,0.5317897289067408,0.0022921971073566415,0.00023478575227670677
NGC4298,close-to-peak,log_sigma_star,7.25,7.5,7.375,23880,7226,True,True,0.3025963149078727,29.63578534344775,0.004101271151874862,0.0012410295369952994
NGC4298,close-to-peak,log_sigma_star,7.5,7.75,7.625,62892,30689,True,True,0.48796349297207914,164.42295016157087,0.0053577161250471135,0.002614369874730822
NGC4298,close-to-peak,log_sigma_star,7.75,8.0,7.875,72593,47274,True,True,0.6512198145826733,396.1251638312766,0.0083793451755992,0.005456795611577929
NGC4298,close-to-peak,log_sigma_star,8.0,8.25,8.125,43490,32884,True,True,0.75612784548172,458.59352645839067,0.013945795111859588,0.010544804011459892
NGC4298,close-to-peak,log_sigma_star,8.25,8.5,8.375,18714,14639,True,True,0.7822485839478466,303.2000324685573,0.020711799471859915,0.016201775807874175
NGC4298,close-to-peak,log_sigma_star,8.5,8.75,8.625,6293,4254,True,True,0.6759891943429207,99.29355562963977,0.023341221351584337,0.015778413416437275
NGC4298,close-to-peak,log_sigma_star,8.75,9.0,8.875,2184,1072,True,True,0.4908424908424908,45.537316770270635,0.042478840270774844,0.020850419766607432
NGC4298,close-to-peak,log_sigma_star,9.0,9.25,9.125,395,130,True,True,0.3291139240506329,18.314575487789988,0.1408813499060768,0.046366013893139206
NGC4298,close-to-peak,log_sigma_star,9.25,9.5,9.375,14,2,False,False,,0.1747511860197557,0.08737559300987785,
NGC4298,close-to-peak,log_sigma_star,9.5,9.75,9.625,0,0,False,False,,0.0,,
NGC4298,close-to-peak,log_sigma_star,9.75,10.0,9.875,0,0,False,False,,0.0,,
NGC4298,close-to-peak,log_sigma_star,10.0,10.25,10.125,0,0,False,False,,0.0,,
NGC4298,close-to-peak,log_sigma_star,10.25,10.5,10.375,0,0,False,False,,0.0,,
NGC4298,close-to-peak,log_sigma_star,10.5,10.75,10.625,0,0,False,False,,0.0,,
NGC4298,close-to-peak,log_sigma_star,10.75,11.0,10.875,0,0,False,False,,0.0,,
NGC4298,close-to-peak,log_sigma_star,11.0,11.25,11.125,0,0,False,False,,0.0,,
NGC4298,close-to-peak,radius_re,0.0,0.25,0.125,6475,3880,True,True,0.5992277992277992,131.8652442221412,0.03398588768611887,0.02036528868295617
NGC4298,close-to-peak,radius_re,0.25,0.5,0.375,19279,15048,True,True,0.7805384096685513,258.07146859388786,0.01714988494111429,0.013386143917935986
NGC4298,close-to-peak,radius_re,0.5,0.75,0.625,32355,24736,True,True,0.7645186215422655,407.333496927554,0.01646723386673488,0.01258950693641026
NGC4298,close-to-peak,radius_re,0.75,1.0,0.875,45078,29804,True,True,0.6611650916189715,304.80369454967865,0.010226939154129602,0.0067616951628217455
NGC4298,close-to-peak,radius_re,1.0,1.25,1.125,55395,34260,True,True,0.6184673707013268,212.4011314626864,0.006199682763067321,0.003834301497656583
NGC4298,close-to-peak,radius_re,1.25,1.5,1.375,44824,22272,True,True,0.49687667321077994,137.03281280717624,0.006152694540552095,0.0030571303945916527
NGC4298,close-to-peak,radius_re,1.5,1.75,1.625,20485,7606,True,True,0.37129607029533807,62.494138570929,0.008216426317503156,0.0030507268035601174
NGC4298,close-to-peak,radius_re,1.75,2.0,1.875,8803,796,True,True,0.09042371918664092,1.8274599318167428,0.0022958039344431443,0.00020759513027567226
NGC4298,close-to-peak,radius_re,2.0,2.25,2.125,26,0,False,False,,0.0,,
NGC4298,close-to-peak,radius_re,2.25,2.5,2.375,0,0,False,False,,0.0,,
NGC4298,close-to-peak,radius_re,2.5,2.75,2.625,0,0,False,False,,0.0,,
NGC4298,close-to-peak,radius_re,2.75,3.0,2.875,0,0,False,False,,0.0,,
NGC4298,close-to-peak,radius_re,3.0,3.25,3.125,0,0,False,False,,0.0,,
NGC4298,close-to-peak,radius_re,3.25,3.5,3.375,0,0,False,False,,0.0,,
NGC4298,close-to-peak,radius_re,3.5,3.75,3.625,0,0,False,False,,0.0,,
NGC4298,close-to-peak,radius_re,3.75,4.0,3.875,0,0,False,False,,0.0,,
NGC4298,close-to-peak,radius_re,4.0,4.25,4.125,0,0,False,False,,0.0,,
NGC4298,close-to-peak,radius_re,4.25,4.5,4.375,0,0,False,False,,0.0,,
NGC4298,close-to-peak,radius_re,4.5,4.75,4.625,0,0,False,False,,0.0,,
NGC4298,close-to-peak,radius_re,4.75,5.0,4.875,0,0,False,False,,0.0,,
NGC4298,close-to-peak,radius_re,5.0,5.25,5.125,0,0,False,False,,0.0,,
NGC4298,close-to-peak,radius_re,5.25,5.5,5.375,0,0,False,False,,0.0,,
NGC4298,close-to-peak,radius_re,5.5,5.75,5.625,0,0,False,False,,0.0,,
NGC4298,close-to-peak,radius_re,5.75,6.0,5.875,0,0,False,False,,0.0,,
NGC4298,close-to-peak,radius_re,6.0,6.25,6.125,0,0,False,False,,0.0,,
NGC4298,close-to-peak,radius_re,6.25,6.5,6.375,0,0,False,False,,0.0,,
NGC4298,close-to-peak,radius_re,6.5,6.75,6.625,0,0,False,False,,0.0,,
NGC4298,close-to-peak,radius_re,6.75,7.0,6.875,0,0,False,False,,0.0,,
NGC4298,close-to-peak,radius_re,7.0,7.25,7.125,0,0,False,False,,0.0,,
NGC4298,close-to-peak,radius_re,7.25,7.5,7.375,0,0,False,False,,0.0,,
NGC4298,close-to-peak,radius_re,7.5,7.75,7.625,0,0,False,False,,0.0,,
NGC4298,close-to-peak,radius_re,7.75,8.0,7.875,0,0,False,False,,0.0,,
NGC4424,close-to-peak,log_sigma_star,5.75,6.0,5.875,0,0,False,False,,0.0,,
NGC4424,close-to-peak,log_sigma_star,6.0,6.25,6.125,0,0,False,False,,0.0,,
NGC4424,close-to-peak,log_sigma_star,6.25,6.5,6.375,0,0,False,False,,0.0,,
NGC4424,close-to-peak,log_sigma_star,6.5,6.75,6.625,0,0,False,False,,0.0,,
NGC4424,close-to-peak,log_sigma_star,6.75,7.0,6.875,0,0,False,False,,0.0,,
NGC4424,close-to-peak,log_sigma_star,7.0,7.25,7.125,1889,0,True,False,0.0,0.0,,0.0
NGC4424,close-to-peak,log_sigma_star,7.25,7.5,7.375,21903,0,True,False,0.0,0.0,,0.0
NGC4424,close-to-peak,log_sigma_star,7.5,7.75,7.625,54066,24,True,True,0.0004439018976806126,0.02511002973404543,0.0010462512389185596,4.644329104066406e-07
NGC4424,close-to-peak,log_sigma_star,7.75,8.0,7.875,40478,434,True,True,0.010721873610356243,2.4642777458539795,0.005678059322244192,6.087943440520726e-05
NGC4424,close-to-peak,log_sigma_star,8.0,8.25,8.125,17413,2629,True,True,0.15097915350600127,46.07385259783521,0.017525238721124083,0.00264594570710591
NGC4424,close-to-peak,log_sigma_star,8.25,8.5,8.375,6587,3852,True,True,0.5847882192196752,215.44405185016677,0.05593043921343893,0.03270746194780124
NGC4424,close-to-peak,log_sigma_star,8.5,8.75,8.625,1966,1836,True,True,0.9338758901322483,243.02194798461358,0.13236489541645619,0.12361238452930497
NGC4424,close-to-peak,log_sigma_star,8.75,9.0,8.875,218,218,True,True,1.0,40.04244831005717,0.18368095555072095,0.18368095555072095
NGC4424,close-to-peak,log_sigma_star,9.0,9.25,9.125,1,1,False,False,,0.0402916066368964,0.0402916066368964,
NGC4424,close-to-peak,log_sigma_star,9.25,9.5,9.375,0,0,False,False,,0.0,,
NGC4424,close-to-peak,log_sigma_star,9.5,9.75,9.625,0,0,False,False,,0.0,,
NGC4424,close-to-peak,log_sigma_star,9.75,10.0,9.875,0,0,False,False,,0.0,,
NGC4424,close-to-peak,log_sigma_star,10.0,10.25,10.125,0,0,False,False,,0.0,,
NGC4424,close-to-peak,log_sigma_star,10.25,10.5,10.375,0,0,False,False,,0.0,,
NGC4424,close-to-peak,log_sigma_star,10.5,10.75,10.625,0,0,False,False,,0.0,,
NGC4424,close-to-peak,log_sigma_star,10.75,11.0,10.875,0,0,False,False,,0.0,,
NGC4424,close-to-peak,log_sigma_star,11.0,11.25,11.125,0,0,False,False,,0.0,,
NGC4424,close-to-peak,radius_re,0.0,0.25,0.125,2934,2775,True,True,0.9458077709611452,379.84673483040183,0.13688170624518986,0.12946378146912127
NGC4424,close-to-peak,radius_re,0.25,0.5,0.375,8820,5012,True,True,0.5682539682539682,163.46005010175708,0.03261373705142799,0.018532885499065427
NGC4424,close-to-peak,radius_re,0.5,0.75,0.625,14677,1088,True,True,0.07412959051577298,3.4210422705040444,0.0031443403221544527,0.00023308866052354325
NGC4424,close-to-peak,radius_re,0.75,1.0,0.875,20558,119,True,True,0.00578850082692869,0.3841529222347035,0.0032281758170983484,1.868629838674499e-05
NGC4424,close-to-peak,radius_re,1.0,1.25,1.125,26429,0,True,False,0.0,0.0,,0.0
NGC4424,close-to-peak,radius_re,1.25,1.5,1.375,31889,0,True,False,0.0,0.0,,0.0
NGC4424,close-to-peak,radius_re,1.5,1.75,1.625,25616,0,True,False,0.0,0.0,,0.0
NGC4424,close-to-peak,radius_re,1.75,2.0,1.875,10783,0,True,False,0.0,0.0,,0.0
NGC4424,close-to-peak,radius_re,2.0,2.25,2.125,2749,0,True,False,0.0,0.0,,0.0
NGC4424,close-to-peak,radius_re,2.25,2.5,2.375,66,0,True,False,0.0,0.0,,0.0
NGC4424,close-to-peak,radius_re,2.5,2.75,2.625,0,0,False,False,,0.0,,
NGC4424,close-to-peak,radius_re,2.75,3.0,2.875,0,0,False,False,,0.0,,
NGC4424,close-to-peak,radius_re,3.0,3.25,3.125,0,0,False,False,,0.0,,
NGC4424,close-to-peak,radius_re,3.25,3.5,3.375,0,0,False,False,,0.0,,
NGC4424,close-to-peak,radius_re,3.5,3.75,3.625,0,0,False,False,,0.0,,
NGC4424,close-to-peak,radius_re,3.75,4.0,3.875,0,0,False,False,,0.0,,
NGC4424,close-to-peak,radius_re,4.0,4.25,4.125,0,0,False,False,,0.0,,
NGC4424,close-to-peak,radius_re,4.25,4.5,4.375,0,0,False,False,,0.0,,
NGC4424,close-to-peak,radius_re,4.5,4.75,4.625,0,0,False,False,,0.0,,
NGC4424,close-to-peak,radius_re,4.75,5.0,4.875,0,0,False,False,,0.0,,
NGC4424,close-to-peak,radius_re,5.0,5.25,5.125,0,0,False,False,,0.0,,
NGC4424,close-to-peak,radius_re,5.25,5.5,5.375,0,0,False,False,,0.0,,
NGC4424,close-to-peak,radius_re,5.5,5.75,5.625,0,0,False,False,,0.0,,
NGC4424,close-to-peak,radius_re,5.75,6.0,5.875,0,0,False,False,,0.0,,
NGC4424,close-to-peak,radius_re,6.0,6.25,6.125,0,0,False,False,,0.0,,
NGC4424,close-to-peak,radius_re,6.25,6.5,6.375,0,0,False,False,,0.0,,
NGC4424,close-to-peak,radius_re,6.5,6.75,6.625,0,0,False,False,,0.0,,
NGC4424,close-to-peak,radius_re,6.75,7.0,6.875,0,0,False,False,,0.0,,
NGC4424,close-to-peak,radius_re,7.0,7.25,7.125,0,0,False,False,,0.0,,
NGC4424,close-to-peak,radius_re,7.25,7.5,7.375,0,0,False,False,,0.0,,
NGC4424,close-to-peak,radius_re,7.5,7.75,7.625,0,0,False,False,,0.0,,
NGC4424,close-to-peak,radius_re,7.75,8.0,7.875,0,0,False,False,,0.0,,
NGC4501,close-to-peak,log_sigma_star,5.75,6.0,5.875,0,0,False,False,,0.0,,
NGC4501,close-to-peak,log_sigma_star,6.0,6.25,6.125,0,0,False,False,,0.0,,
NGC4501,close-to-peak,log_sigma_star,6.25,6.5,6.375,0,0,False,False,,0.0,,
NGC4501,close-to-peak,log_sigma_star,6.5,6.75,6.625,0,0,False,False,,0.0,,
NGC4501,close-to-peak,log_sigma_star,6.75,7.0,6.875,0,0,False,False,,0.0,,
NGC4501,close-to-peak,log_sigma_star,7.0,7.25,7.125,2232,82,True,True,0.036738351254480286,0.38262462338145925,0.0046661539436763325,0.00017142680259025952
NGC4501,close-to-peak,log_sigma_star,7.25,7.5,7.375,14173,1006,True,True,0.07098003245607847,3.928852220561084,0.003905419702347002,0.00027720681722719846
NGC4501,close-to-peak,log_sigma_star,7.5,7.75,7.625,57181,11147,True,True,0.194942375964044,74.17546562821953,0.006654298522312687,0.0012972047643136624
NGC4501,close-to-peak,log_sigma_star,7.75,8.0,7.875,146892,45894,True,True,0.31243362470386404,374.12129701570007,0.00815185638679784,0.002546914038992594
NGC4501,close-to-peak,log_sigma_star,8.0,8.25,8.125,171345,68606,True,True,0.40039686013598297,724.7609526320219,0.01056410448987001,0.004229834267892392
NGC4501,close-to-peak,log_sigma_star,8.25,8.5,8.375,105525,55139,True,True,0.5225207296849088,1038.2940143742583,0.018830483221934716,0.00983931783344476
NGC4501,close-to-peak,log_sigma_star,8.5,8.75,8.625,73107,45149,True,True,0.6175742404968061,1194.3736289754975,0.026454043920695863,0.016337336082392896
NGC4501,close-to-peak,log_sigma_star,8.75,9.0,8.875,48266,23257,True,True,0.4818505780466581,752.0457494998859,0.032336318076273206,0.015581273556952843
NGC4501,close-to-peak,log_sigma_star,9.0,9.25,9.125,20067,1274,True,True,0.06348731748642049,42.399708610491764,0.033280775989396987,0.0021129071914332866
NGC4501,close-to-peak,log_sigma_star,9.25,9.5,9.375,6902,53,True,True,0.0076789336424224865,5.058189570634812,0.09543753906858135,0.0007328585295037398
NGC4501,close-to-peak,log_sigma_star,9.5,9.75,9.625,3104,0,True,False,0.0,0.0,,0.0
NGC4501,close-to-peak,log_sigma_star,9.75,10.0,9.875,1175,0,True,False,0.0,0.0,,0.0
NGC4501,close-to-peak,log_sigma_star,10.0,10.25,10.125,420,0,True,False,0.0,0.0,,0.0
NGC4501,close-to-peak,log_sigma_star,10.25,10.5,10.375,119,0,True,False,0.0,0.0,,0.0
NGC4501,close-to-peak,log_sigma_star,10.5,10.75,10.625,51,0,True,False,0.0,0.0,,0.0
NGC4501,close-to-peak,log_sigma_star,10.75,11.0,10.875,17,0,False,False,,0.0,,
NGC4501,close-to-peak,log_sigma_star,11.0,11.25,11.125,0,0,False,False,,0.0,,
NGC4501,close-to-peak,radius_re,0.0,0.25,0.125,8951,44,True,True,0.004915651882471232,4.986329991048652,0.11332568161474209,0.0005570696001618424
NGC4501,close-to-peak,radius_re,0.25,0.5,0.375,26850,1849,True,True,0.06886405959031658,72.63402546076156,0.039282869367637405,0.002705177857011604
NGC4501,close-to-peak,radius_re,0.5,0.75,0.625,44746,24411,True,True,0.5455459705895499,840.9269433774622,0.03444868884426948,0.01879334339108439
NGC4501,close-to-peak,radius_re,0.75,1.0,0.875,62614,34465,True,True,0.5504360047273773,872.2144262576011,0.025307251596042392,0.013930022459156116
NGC4501,close-to-peak,radius_re,1.0,1.25,1.125,80520,49189,True,True,0.6108917039244908,904.245599539863,0.01838308563987605,0.011230074509933718
NGC4501,close-to-peak,radius_re,1.25,1.5,1.375,98326,39953,True,True,0.406331997640502,603.6464875109957,0.015108915163091525,0.006139235680399851
NGC4501,close-to-peak,radius_re,1.5,1.75,1.625,116281,46780,True,True,0.40230132179805816,482.7646423270426,0.010319894021527205,0.004151707005676272
NGC4501,close-to-peak,radius_re,1.75,2.0,1.875,108305,43158,True,True,0.39848575781358203,367.3186372047011,0.008511020835180062,0.0033915205872739125
NGC4501,close-to-peak,radius_re,2.0,2.25,2.125,68411,10243,True,True,0.14972738302319802,57.94158722941093,0.005656700891282918,0.000846963020996783
NGC4501,close-to-peak,radius_re,2.25,2.5,2.375,30793,1447,True,True,0.046991199298541876,2.7931607962236504,0.0019303115385097792,9.070765421438802e-05
NGC4501,close-to-peak,radius_re,2.5,2.75,2.625,4612,68,True,True,0.014744145706851692,0.06864345554205414,0.0010094625815007963,1.488366338726239e-05
NGC4501,close-to-peak,radius_re,2.75,3.0,2.875,167,0,True,False,0.0,0.0,,0.0
NGC4501,close-to-peak,radius_re,3.0,3.25,3.125,0,0,False,False,,0.0,,
NGC4501,close-to-peak,radius_re,3.25,3.5,3.375,0,0,False,False,,0.0,,
NGC4501,close-to-peak,radius_re,3.5,3.75,3.625,0,0,False,False,,0.0,,
NGC4501,close-to-peak,radius_re,3.75,4.0,3.875,0,0,False,False,,0.0,,
NGC4501,close-to-peak,radius_re,4.0,4.25,4.125,0,0,False,False,,0.0,,
NGC4501,close-to-peak,radius_re,4.25,4.5,4.375,0,0,False,False,,0.0,,
NGC4501,close-to-peak,radius_re,4.5,4.75,4.625,0,0,False,False,,0.0,,
NGC4501,close-to-peak,radius_re,4.75,5.0,4.875,0,0,False,False,,0.0,,
NGC4501,close-to-peak,radius_re,5.0,5.25,5.125,0,0,False,False,,0.0,,
NGC4501,close-to-peak,radius_re,5.25,5.5,5.375,0,0,False,False,,0.0,,
NGC4501,close-to-peak,radius_re,5.5,5.75,5.625,0,0,False,False,,0.0,,
NGC4501,close-to-peak,radius_re,5.75,6.0,5.875,0,0,False,False,,0.0,,
NGC4501,close-to-peak,radius_re,6.0,6.25,6.125,0,0,False,False,,0.0,,
NGC4501,close-to-peak,radius_re,6.25,6.5,6.375,0,0,False,False,,0.0,,
NGC4501,close-to-peak,radius_re,6.5,6.75,6.625,0,0,False,False,,0.0,,
NGC4501,close-to-peak,radius_re,6.75,7.0,6.875,0,0,False,False,,0.0,,
NGC4501,close-to-peak,radius_re,7.0,7.25,7.125,0,0,False,False,,0.0,,
NGC4501,close-to-peak,radius_re,7.25,7.5,7.375,0,0,False,False,,0.0,,
NGC4501,close-to-peak,radius_re,7.5,7.75,7.625,0,0,False,False,,0.0,,
NGC4501,close-to-peak,radius_re,7.75,8.0,7.875,0,0,False,False,,0.0,,
NGC4654,close-to-peak,log_sigma_star,5.75,6.0,5.875,0,0,False,False,,0.0,,
NGC4654,close-to-peak,log_sigma_star,6.0,6.25,6.125,0,0,False,False,,0.0,,
NGC4654,close-to-peak,log_sigma_star,6.25,6.5,6.375,0,0,False,False,,0.0,,
NGC4654,close-to-peak,log_sigma_star,6.5,6.75,6.625,2090,1655,True,True,0.7918660287081339,2.274420882970237,0.0013742724368400224,0.0010882396569235585
NGC4654,close-to-peak,log_sigma_star,6.75,7.0,6.875,17548,9943,True,True,0.5666172783223159,22.69311099617843,0.002282320325473039,0.0012932021310792358
NGC4654,close-to-peak,log_sigma_star,7.0,7.25,7.125,79681,31399,True,True,0.3940588095028928,93.33188583456833,0.002972447715996316,0.001171319208275101
NGC4654,close-to-peak,log_sigma_star,7.25,7.5,7.375,139298,65136,True,True,0.46760183204353256,294.58514942671434,0.004522616516622365,0.0021147837688029573
NGC4654,close-to-peak,log_sigma_star,7.5,7.75,7.625,128565,77694,True,True,0.6043168825107922,638.2327355641542,0.008214697860377302,0.0049642806017512866
NGC4654,close-to-peak,log_sigma_star,7.75,8.0,7.875,80423,64198,True,True,0.7982542307548836,1056.641434462154,0.016459102066453065,0.013138547858972607
NGC4654,close-to-peak,log_sigma_star,8.0,8.25,8.125,47077,41517,True,True,0.8818956178176179,1002.359169044231,0.024143342944919693,0.02129190834259258
NGC4654,close-to-peak,log_sigma_star,8.25,8.5,8.375,26077,21164,True,True,0.811596425969245,586.1271694287027,0.02769453645004265,0.022476786801729598
NGC4654,close-to-peak,log_sigma_star,8.5,8.75,8.625,9202,6413,True,True,0.6969137144099109,267.02530286977503,0.04163812612970139,0.029018181142118564
NGC4654,close-to-peak,log_sigma_star,8.75,9.0,8.875,2568,1560,True,True,0.6074766355140186,209.0045871989668,0.13397729948651718,0.08138807912732351
NGC4654,close-to-peak,log_sigma_star,9.0,9.25,9.125,316,102,True,True,0.3227848101265823,34.796951313852155,0.3411465815083545,0.11011693453750682
NGC4654,close-to-peak,log_sigma_star,9.25,9.5,9.375,32,0,False,False,,0.0,,
NGC4654,close-to-peak,log_sigma_star,9.5,9.75,9.625,5,0,False,False,,0.0,,
NGC4654,close-to-peak,log_sigma_star,9.75,10.0,9.875,1,0,False,False,,0.0,,
NGC4654,close-to-peak,log_sigma_star,10.0,10.25,10.125,0,0,False,False,,0.0,,
NGC4654,close-to-peak,log_sigma_star,10.25,10.5,10.375,0,0,False,False,,0.0,,
NGC4654,close-to-peak,log_sigma_star,10.5,10.75,10.625,0,0,False,False,,0.0,,
NGC4654,close-to-peak,log_sigma_star,10.75,11.0,10.875,0,0,False,False,,0.0,,
NGC4654,close-to-peak,log_sigma_star,11.0,11.25,11.125,0,0,False,False,,0.0,,
NGC4654,close-to-peak,radius_re,0.0,0.25,0.125,10080,6633,True,True,0.6580357142857143,490.1768743512696,0.07389972476274229,0.04862865816976881
NGC4654,close-to-peak,radius_re,0.25,0.5,0.375,30249,23241,True,True,0.7683229197659427,482.1697328370934,0.020746514041439415,0.015940022243283856
NGC4654,close-to-peak,radius_re,0.5,0.75,0.625,50421,45590,True,True,0.9041867475853315,870.6239377514892,0.01909681811255734,0.01726708985842187
NGC4654,close-to-peak,radius_re,0.75,1.0,0.875,70582,52335,True,True,0.741477997223088,766.6178601829962,0.014648282414884804,0.010861379107746963
NGC4654,close-to-peak,radius_re,1.0,1.25,1.125,90513,55570,True,True,0.6139449581828025,699.3187951812805,0.012584466352011527,0.007726169668238601
NGC4654,close-to-peak,radius_re,1.25,1.5,1.375,109794,66674,True,True,0.6072645135435452,677.8653699797411,0.010166862194854683,0.006173974625022689
NGC4654,close-to-peak,radius_re,1.5,1.75,1.625,107272,46258,True,True,0.43122156760384817,156.2689380108865,0.0033782035109794304,0.0014567542136893737
NGC4654,close-to-peak,radius_re,1.75,2.0,1.875,56493,21871,True,True,0.38714531003841185,56.45846122171835,0.0025814302602404256,0.0009993886184433177
NGC4654,close-to-peak,radius_re,2.0,2.25,2.125,7479,2609,True,True,0.34884342826581094,7.571947505791999,0.002902241282403986,0.00101242779860837
NGC4654,close-to-peak,radius_re,2.25,2.5,2.375,0,0,False,False,,0.0,,
NGC4654,close-to-peak,radius_re,2.5,2.75,2.625,0,0,False,False,,0.0,,
NGC4654,close-to-peak,radius_re,2.75,3.0,2.875,0,0,False,False,,0.0,,
NGC4654,close-to-peak,radius_re,3.0,3.25,3.125,0,0,False,False,,0.0,,
NGC4654,close-to-peak,radius_re,3.25,3.5,3.375,0,0,False,False,,0.0,,
NGC4654,close-to-peak,radius_re,3.5,3.75,3.625,0,0,False,False,,0.0,,
NGC4654,close-to-peak,radius_re,3.75,4.0,3.875,0,0,False,False,,0.0,,
NGC4654,close-to-peak,radius_re,4.0,4.25,4.125,0,0,False,False,,0.0,,
NGC4654,close-to-peak,radius_re,4.25,4.5,4.375,0,0,False,False,,0.0,,
NGC4654,close-to-peak,radius_re,4.5,4.75,4.625,0,0,False,False,,0.0,,
NGC4654,close-to-peak,radius_re,4.75,5.0,4.875,0,0,False,False,,0.0,,
NGC4654,close-to-peak,radius_re,5.0,5.25,5.125,0,0,False,False,,0.0,,
NGC4654,close-to-peak,radius_re,5.25,5.5,5.375,0,0,False,False,,0.0,,
NGC4654,close-to-peak,radius_re,5.5,5.75,5.625,0,0,False,False,,0.0,,
NGC4654,close-to-peak,radius_re,5.75,6.0,5.875,0,0,False,False,,0.0,,
NGC4654,close-to-peak,radius_re,6.0,6.25,6.125,0,0,False,False,,0.0,,
NGC4654,close-to-peak,radius_re,6.25,6.5,6.375,0,0,False,False,,0.0,,
NGC4654,close-to-peak,radius_re,6.5,6.75,6.625,0,0,False,False,,0.0,,
NGC4654,close-to-peak,radius_re,6.75,7.0,6.875,0,0,False,False,,0.0,,
NGC4654,close-to-peak,radius_re,7.0,7.25,7.125,0,0,False,False,,0.0,,
NGC4654,close-to-peak,radius_re,7.25,7.5,7.375,0,0,False,False,,0.0,,
NGC4654,close-to-peak,radius_re,7.5,7.75,7.625,0,0,False,False,,0.0,,
NGC4654,close-to-peak,radius_re,7.75,8.0,7.875,0,0,False,False,,0.0,,
NGC4694,close-to-peak,log_sigma_star,5.75,6.0,5.875,0,0,False,False,,0.0,,
NGC4694,close-to-peak,log_sigma_star,6.0,6.25,6.125,0,0,False,False,,0.0,,
NGC4694,close-to-peak,log_sigma_star,6.25,6.5,6.375,0,0,False,False,,0.0,,
NGC4694,close-to-peak,log_sigma_star,6.5,6.75,6.625,0,0,False,False,,0.0,,
NGC4694,close-to-peak,log_sigma_star,6.75,7.0,6.875,0,0,False,False,,0.0,,
NGC4694,close-to-peak,log_sigma_star,7.0,7.25,7.125,485,0,True,False,0.0,0.0,,0.0
NGC4694,close-to-peak,log_sigma_star,7.25,7.5,7.375,6976,0,True,False,0.0,0.0,,0.0
NGC4694,close-to-peak,log_sigma_star,7.5,7.75,7.625,20119,0,True,False,0.0,0.0,,0.0
NGC4694,close-to-peak,log_sigma_star,7.75,8.0,7.875,19165,0,True,False,0.0,0.0,,0.0
NGC4694,close-to-peak,log_sigma_star,8.0,8.25,8.125,16832,27,True,True,0.001604087452471483,0.14437854713887377,0.0053473535977360655,8.577622810056663e-06
NGC4694,close-to-peak,log_sigma_star,8.25,8.5,8.375,10923,126,True,True,0.011535292502059874,2.499288112169739,0.01983561993785507,0.00022880967794284892
NGC4694,close-to-peak,log_sigma_star,8.5,8.75,8.625,5755,287,True,True,0.04986967854039965,6.313031948868428,0.02199662699954156,0.0010969647174402133
NGC4694,close-to-peak,log_sigma_star,8.75,9.0,8.875,2343,310,True,True,0.13230900554844216,26.292367182279666,0.08481408768477311,0.011221667598070707
NGC4694,close-to-peak,log_sigma_star,9.0,9.25,9.125,466,290,True,True,0.6223175965665236,58.27855662319091,0.20096054007996866,0.12506128030727662
NGC4694,close-to-peak,log_sigma_star,9.25,9.5,9.375,26,18,False,False,,6.440681090287567,0.35781561612708707,
NGC4694,close-to-peak,log_sigma_star,9.5,9.75,9.625,0,0,False,False,,0.0,,
NGC4694,close-to-peak,log_sigma_star,9.75,10.0,9.875,0,0,False,False,,0.0,,
NGC4694,close-to-peak,log_sigma_star,10.0,10.25,10.125,0,0,False,False,,0.0,,
NGC4694,close-to-peak,log_sigma_star,10.25,10.5,10.375,0,0,False,False,,0.0,,
NGC4694,close-to-peak,log_sigma_star,10.5,10.75,10.625,0,0,False,False,,0.0,,
NGC4694,close-to-peak,log_sigma_star,10.75,11.0,10.875,0,0,False,False,,0.0,,
NGC4694,close-to-peak,log_sigma_star,11.0,11.25,11.125,0,0,False,False,,0.0,,
NGC4694,close-to-peak,radius_re,0.0,0.25,0.125,1247,550,True,True,0.4410585404971933,89.45324434778101,0.16264226245051092,0.0717347588995838
NGC4694,close-to-peak,radius_re,0.25,0.5,0.375,3735,143,True,True,0.038286479250334675,3.2094325310683205,0.0224435841333449,0.0008592858182244499
NGC4694,close-to-peak,radius_re,0.5,0.75,0.625,6228,345,True,True,0.05539499036608863,7.239806296425807,0.02098494578674147,0.001162460869689436
NGC4694,close-to-peak,radius_re,0.75,1.0,0.875,8721,0,True,False,0.0,0.0,,0.0
NGC4694,close-to-peak,radius_re,1.0,1.25,1.125,11193,20,True,True,0.001786831055123738,0.06582032866004058,0.0032910164330020287,5.880490365410576e-06
NGC4694,close-to-peak,radius_re,1.25,1.5,1.375,11651,0,True,False,0.0,0.0,,0.0
NGC4694,close-to-peak,radius_re,1.5,1.75,1.625,10307,0,True,False,0.0,0.0,,0.0
NGC4694,close-to-peak,radius_re,1.75,2.0,1.875,9654,0,True,False,0.0,0.0,,0.0
NGC4694,close-to-peak,radius_re,2.0,2.25,2.125,7964,0,True,False,0.0,0.0,,0.0
NGC4694,close-to-peak,radius_re,2.25,2.5,2.375,5571,0,True,False,0.0,0.0,,0.0
NGC4694,close-to-peak,radius_re,2.5,2.75,2.625,4106,0,True,False,0.0,0.0,,0.0
NGC4694,close-to-peak,radius_re,2.75,3.0,2.875,2176,0,True,False,0.0,0.0,,0.0
NGC4694,close-to-peak,radius_re,3.0,3.25,3.125,537,0,True,False,0.0,0.0,,0.0
NGC4694,close-to-peak,radius_re,3.25,3.5,3.375,0,0,False,False,,0.0,,
NGC4694,close-to-peak,radius_re,3.5,3.75,3.625,0,0,False,False,,0.0,,
NGC4694,close-to-peak,radius_re,3.75,4.0,3.875,0,0,False,False,,0.0,,
NGC4694,close-to-peak,radius_re,4.0,4.25,4.125,0,0,False,False,,0.0,,
NGC4694,close-to-peak,radius_re,4.25,4.5,4.375,0,0,False,False,,0.0,,
NGC4694,close-to-peak,radius_re,4.5,4.75,4.625,0,0,False,False,,0.0,,
NGC4694,close-to-peak,radius_re,4.75,5.0,4.875,0,0,False,False,,0.0,,
NGC4694,close-to-peak,radius_re,5.0,5.25,5.125,0,0,False,False,,0.0,,
NGC4694,close-to-peak,radius_re,5.25,5.5,5.375,0,0,False,False,,0.0,,
NGC4694,close-to-peak,radius_re,5.5,5.75,5.625,0,0,False,False,,0.0,,
NGC4694,close-to-peak,radius_re,5.75,6.0,5.875,0,0,False,False,,0.0,,
NGC4694,close-to-peak,radius_re,6.0,6.25,6.125,0,0,False,False,,0.0,,
NGC4694,close-to-peak,radius_re,6.25,6.5,6.375,0,0,False,False,,0.0,,
NGC4694,close-to-peak,radius_re,6.5,6.75,6.625,0,0,False,False,,0.0,,
NGC4694,close-to-peak,radius_re,6.75,7.0,6.875,0,0,False,False,,0.0,,
NGC4694,close-to-peak,radius_re,7.0,7.25,7.125,0,0,False,False,,0.0,,
NGC4694,close-to-peak,radius_re,7.25,7.5,7.375,0,0,False,False,,0.0,,
NGC4694,close-to-peak,radius_re,7.5,7.75,7.625,0,0,False,False,,0.0,,
NGC4694,close-to-peak,radius_re,7.75,8.0,7.875,0,0,False,False,,0.0,,
IC3392,post-peak,log_sigma_star,5.75,6.0,5.875,0,0,False,False,,0.0,,
IC3392,post-peak,log_sigma_star,6.0,6.25,6.125,0,0,False,False,,0.0,,
IC3392,post-peak,log_sigma_star,6.25,6.5,6.375,0,0,False,False,,0.0,,
IC3392,post-peak,log_sigma_star,6.5,6.75,6.625,0,0,False,False,,0.0,,
IC3392,post-peak,log_sigma_star,6.75,7.0,6.875,0,0,False,False,,0.0,,
IC3392,post-peak,log_sigma_star,7.0,7.25,7.125,0,0,False,False,,0.0,,
IC3392,post-peak,log_sigma_star,7.25,7.5,7.375,459,0,True,False,0.0,0.0,,0.0
IC3392,post-peak,log_sigma_star,7.5,7.75,7.625,10886,0,True,False,0.0,0.0,,0.0
IC3392,post-peak,log_sigma_star,7.75,8.0,7.875,17522,319,True,True,0.01820568428261614,6.275590896330844,0.019672698734579448,0.0003581549421487755
IC3392,post-peak,log_sigma_star,8.0,8.25,8.125,18962,5474,True,True,0.2886826284147242,76.99769193559581,0.01406607452239602,0.004060631364602669
IC3392,post-peak,log_sigma_star,8.25,8.5,8.375,6793,5838,True,True,0.8594141027528338,103.24050786406536,0.017684225396379816,0.015198072701908635
IC3392,post-peak,log_sigma_star,8.5,8.75,8.625,1729,1667,True,True,0.9641411220358589,32.136763929273016,0.019278202717020406,0.018586907998422796
IC3392,post-peak,log_sigma_star,8.75,9.0,8.875,572,488,True,True,0.8531468531468531,15.157193955395739,0.03105982367908963,0.026498590831111432
IC3392,post-peak,log_sigma_star,9.0,9.25,9.125,106,101,True,True,0.9528301886792453,5.495666755529932,0.05441254213395972,0.05184591278801823
IC3392,post-peak,log_sigma_star,9.25,9.5,9.375,1,1,False,False,,0.06687258444910159,0.06687258444910159,
IC3392,post-peak,log_sigma_star,9.5,9.75,9.625,0,0,False,False,,0.0,,
IC3392,post-peak,log_sigma_star,9.75,10.0,9.875,0,0,False,False,,0.0,,
IC3392,post-peak,log_sigma_star,10.0,10.25,10.125,0,0,False,False,,0.0,,
IC3392,post-peak,log_sigma_star,10.25,10.5,10.375,0,0,False,False,,0.0,,
IC3392,post-peak,log_sigma_star,10.5,10.75,10.625,0,0,False,False,,0.0,,
IC3392,post-peak,log_sigma_star,10.75,11.0,10.875,0,0,False,False,,0.0,,
IC3392,post-peak,log_sigma_star,11.0,11.25,11.125,0,0,False,False,,0.0,,
IC3392,post-peak,radius_re,0.0,0.25,0.125,1646,1543,True,True,0.9374240583232077,41.32869307745213,0.026784635824661132,0.02510856201546302
IC3392,post-peak,radius_re,0.25,0.5,0.375,4907,4786,True,True,0.9753413490931323,83.40485923331019,0.017426840625430463,0.01699711824603835
IC3392,post-peak,radius_re,0.5,0.75,0.625,8210,5897,True,True,0.7182704019488428,98.27216967149411,0.016664773557994592,0.011969813601887225
IC3392,post-peak,radius_re,0.75,1.0,0.875,11465,1662,True,True,0.14496293065852595,16.3645659383834,0.009846309228870878,0.0014273498419872133
IC3392,post-peak,radius_re,1.0,1.25,1.125,12274,0,True,False,0.0,0.0,,0.0
IC3392,post-peak,radius_re,1.25,1.5,1.375,10200,0,True,False,0.0,0.0,,0.0
IC3392,post-peak,radius_re,1.5,1.75,1.625,6831,0,True,False,0.0,0.0,,0.0
IC3392,post-peak,radius_re,1.75,2.0,1.875,1487,0,True,False,0.0,0.0,,0.0
IC3392,post-peak,radius_re,2.0,2.25,2.125,10,0,False,False,,0.0,,
IC3392,post-peak,radius_re,2.25,2.5,2.375,0,0,False,False,,0.0,,
IC3392,post-peak,radius_re,2.5,2.75,2.625,0,0,False,False,,0.0,,
IC3392,post-peak,radius_re,2.75,3.0,2.875,0,0,False,False,,0.0,,
IC3392,post-peak,radius_re,3.0,3.25,3.125,0,0,False,False,,0.0,,
IC3392,post-peak,radius_re,3.25,3.5,3.375,0,0,False,False,,0.0,,
IC3392,post-peak,radius_re,3.5,3.75,3.625,0,0,False,False,,0.0,,
IC3392,post-peak,radius_re,3.75,4.0,3.875,0,0,False,False,,0.0,,
IC3392,post-peak,radius_re,4.0,4.25,4.125,0,0,False,False,,0.0,,
IC3392,post-peak,radius_re,4.25,4.5,4.375,0,0,False,False,,0.0,,
IC3392,post-peak,radius_re,4.5,4.75,4.625,0,0,False,False,,0.0,,
IC3392,post-peak,radius_re,4.75,5.0,4.875,0,0,False,False,,0.0,,
IC3392,post-peak,radius_re,5.0,5.25,5.125,0,0,False,False,,0.0,,
IC3392,post-peak,radius_re,5.25,5.5,5.375,0,0,False,False,,0.0,,
IC3392,post-peak,radius_re,5.5,5.75,5.625,0,0,False,False,,0.0,,
IC3392,post-peak,radius_re,5.75,6.0,5.875,0,0,False,False,,0.0,,
IC3392,post-peak,radius_re,6.0,6.25,6.125,0,0,False,False,,0.0,,
IC3392,post-peak,radius_re,6.25,6.5,6.375,0,0,False,False,,0.0,,
IC3392,post-peak,radius_re,6.5,6.75,6.625,0,0,False,False,,0.0,,
IC3392,post-peak,radius_re,6.75,7.0,6.875,0,0,False,False,,0.0,,
IC3392,post-peak,radius_re,7.0,7.25,7.125,0,0,False,False,,0.0,,
IC3392,post-peak,radius_re,7.25,7.5,7.375,0,0,False,False,,0.0,,
IC3392,post-peak,radius_re,7.5,7.75,7.625,0,0,False,False,,0.0,,
IC3392,post-peak,radius_re,7.75,8.0,7.875,0,0,False,False,,0.0,,
NGC4064,post-peak,log_sigma_star,5.75,6.0,5.875,0,0,False,False,,0.0,,
NGC4064,post-peak,log_sigma_star,6.0,6.25,6.125,0,0,False,False,,0.0,,
NGC4064,post-peak,log_sigma_star,6.25,6.5,6.375,0,0,False,False,,0.0,,
NGC4064,post-peak,log_sigma_star,6.5,6.75,6.625,0,0,False,False,,0.0,,
NGC4064,post-peak,log_sigma_star,6.75,7.0,6.875,116,0,True,False,0.0,0.0,,0.0
NGC4064,post-peak,log_sigma_star,7.0,7.25,7.125,2735,0,True,False,0.0,0.0,,0.0
NGC4064,post-peak,log_sigma_star,7.25,7.5,7.375,18292,0,True,False,0.0,0.0,,0.0
NGC4064,post-peak,log_sigma_star,7.5,7.75,7.625,35134,0,True,False,0.0,0.0,,0.0
NGC4064,post-peak,log_sigma_star,7.75,8.0,7.875,31345,0,True,False,0.0,0.0,,0.0
NGC4064,post-peak,log_sigma_star,8.0,8.25,8.125,20221,11,True,False,0.0005439889224073982,0.5140414914007225,0.04673104467279296,2.542117063452463e-05
NGC4064,post-peak,log_sigma_star,8.25,8.5,8.375,12062,463,True,True,0.03838501077764882,22.99813695393613,0.049672002060337214,0.0019066603344334379
NGC4064,post-peak,log_sigma_star,8.5,8.75,8.625,6328,1374,True,True,0.21713021491782553,135.27873933005338,0.0984561421616109,0.02137780330753056
NGC4064,post-peak,log_sigma_star,8.75,9.0,8.875,1855,1169,True,True,0.630188679245283,184.4374962143051,0.15777373499940556,0.09942722167887068
NGC4064,post-peak,log_sigma_star,9.0,9.25,9.125,304,243,True,True,0.7993421052631579,63.04633400976368,0.2594499341965584,0.20738925661106475
NGC4064,post-peak,log_sigma_star,9.25,9.5,9.375,14,13,False,False,,4.968093337152499,0.38216102593480766,
NGC4064,post-peak,log_sigma_star,9.5,9.75,9.625,0,0,False,False,,0.0,,
NGC4064,post-peak,log_sigma_star,9.75,10.0,9.875,0,0,False,False,,0.0,,
NGC4064,post-peak,log_sigma_star,10.0,10.25,10.125,0,0,False,False,,0.0,,
NGC4064,post-peak,log_sigma_star,10.25,10.5,10.375,0,0,False,False,,0.0,,
NGC4064,post-peak,log_sigma_star,10.5,10.75,10.625,0,0,False,False,,0.0,,
NGC4064,post-peak,log_sigma_star,10.75,11.0,10.875,0,0,False,False,,0.0,,
NGC4064,post-peak,log_sigma_star,11.0,11.25,11.125,0,0,False,False,,0.0,,
NGC4064,post-peak,radius_re,0.0,0.25,0.125,5452,2580,True,True,0.4732208363903155,397.6022433472401,0.1541093966462171,0.07292777757652974
NGC4064,post-peak,radius_re,0.25,0.5,0.375,16350,693,True,True,0.04238532110091743,13.640597989371388,0.019683402582065496,0.0008342873387994732
NGC4064,post-peak,radius_re,0.5,0.75,0.625,26951,0,True,False,0.0,0.0,,0.0
NGC4064,post-peak,radius_re,0.75,1.0,0.875,37326,0,True,False,0.0,0.0,,0.0
NGC4064,post-peak,radius_re,1.0,1.25,1.125,32327,0,True,False,0.0,0.0,,0.0
NGC4064,post-peak,radius_re,1.25,1.5,1.375,9491,0,True,False,0.0,0.0,,0.0
NGC4064,post-peak,radius_re,1.5,1.75,1.625,509,0,True,False,0.0,0.0,,0.0
NGC4064,post-peak,radius_re,1.75,2.0,1.875,0,0,False,False,,0.0,,
NGC4064,post-peak,radius_re,2.0,2.25,2.125,0,0,False,False,,0.0,,
NGC4064,post-peak,radius_re,2.25,2.5,2.375,0,0,False,False,,0.0,,
NGC4064,post-peak,radius_re,2.5,2.75,2.625,0,0,False,False,,0.0,,
NGC4064,post-peak,radius_re,2.75,3.0,2.875,0,0,False,False,,0.0,,
NGC4064,post-peak,radius_re,3.0,3.25,3.125,0,0,False,False,,0.0,,
NGC4064,post-peak,radius_re,3.25,3.5,3.375,0,0,False,False,,0.0,,
NGC4064,post-peak,radius_re,3.5,3.75,3.625,0,0,False,False,,0.0,,
NGC4064,post-peak,radius_re,3.75,4.0,3.875,0,0,False,False,,0.0,,
NGC4064,post-peak,radius_re,4.0,4.25,4.125,0,0,False,False,,0.0,,
NGC4064,post-peak,radius_re,4.25,4.5,4.375,0,0,False,False,,0.0,,
NGC4064,post-peak,radius_re,4.5,4.75,4.625,0,0,False,False,,0.0,,
NGC4064,post-peak,radius_re,4.75,5.0,4.875,0,0,False,False,,0.0,,
NGC4064,post-peak,radius_re,5.0,5.25,5.125,0,0,False,False,,0.0,,
NGC4064,post-peak,radius_re,5.25,5.5,5.375,0,0,False,False,,0.0,,
NGC4064,post-peak,radius_re,5.5,5.75,5.625,0,0,False,False,,0.0,,
NGC4064,post-peak,radius_re,5.75,6.0,5.875,0,0,False,False,,0.0,,
NGC4064,post-peak,radius_re,6.0,6.25,6.125,0,0,False,False,,0.0,,
NGC4064,post-peak,radius_re,6.25,6.5,6.375,0,0,False,False,,0.0,,
NGC4064,post-peak,radius_re,6.5,6.75,6.625,0,0,False,False,,0.0,,
NGC4064,post-peak,radius_re,6.75,7.0,6.875,0,0,False,False,,0.0,,
NGC4064,post-peak,radius_re,7.0,7.25,7.125,0,0,False,False,,0.0,,
NGC4064,post-peak,radius_re,7.25,7.5,7.375,0,0,False,False,,0.0,,
NGC4064,post-peak,radius_re,7.5,7.75,7.625,0,0,False,False,,0.0,,
NGC4064,post-peak,radius_re,7.75,8.0,7.875,0,0,False,False,,0.0,,
NGC4293,post-peak,log_sigma_star,5.75,6.0,5.875,0,0,False,False,,0.0,,
NGC4293,post-peak,log_sigma_star,6.0,6.25,6.125,0,0,False,False,,0.0,,
NGC4293,post-peak,log_sigma_star,6.25,6.5,6.375,0,0,False,False,,0.0,,
NGC4293,post-peak,log_sigma_star,6.5,6.75,6.625,0,0,False,False,,0.0,,
NGC4293,post-peak,log_sigma_star,6.75,7.0,6.875,0,0,False,False,,0.0,,
NGC4293,post-peak,log_sigma_star,7.0,7.25,7.125,122,0,True,False,0.0,0.0,,0.0
NGC4293,post-peak,log_sigma_star,7.25,7.5,7.375,1422,0,True,False,0.0,0.0,,0.0
NGC4293,post-peak,log_sigma_star,7.5,7.75,7.625,30782,0,True,False,0.0,0.0,,0.0
NGC4293,post-peak,log_sigma_star,7.75,8.0,7.875,75925,0,True,False,0.0,0.0,,0.0
NGC4293,post-peak,log_sigma_star,8.0,8.25,8.125,72234,61,True,True,0.0008444776697953872,0.9333655048421939,0.015301073849872032,1.2921415190107067e-05
NGC4293,post-peak,log_sigma_star,8.25,8.5,8.375,42758,294,True,True,0.0068759062631554325,4.229065913410062,0.014384577936768917,9.890700952827686e-05
NGC4293,post-peak,log_sigma_star,8.5,8.75,8.625,18662,116,True,True,0.006215839674204265,3.188848065876581,0.027490069533418805,0.00017087386485245854
NGC4293,post-peak,log_sigma_star,8.75,9.0,8.875,7761,0,True,False,0.0,0.0,,0.0
NGC4293,post-peak,log_sigma_star,9.0,9.25,9.125,2968,0,True,False,0.0,0.0,,0.0
NGC4293,post-peak,log_sigma_star,9.25,9.5,9.375,901,0,True,False,0.0,0.0,,0.0
NGC4293,post-peak,log_sigma_star,9.5,9.75,9.625,180,0,True,False,0.0,0.0,,0.0
NGC4293,post-peak,log_sigma_star,9.75,10.0,9.875,51,0,True,False,0.0,0.0,,0.0
NGC4293,post-peak,log_sigma_star,10.0,10.25,10.125,24,0,False,False,,0.0,,
NGC4293,post-peak,log_sigma_star,10.25,10.5,10.375,7,0,False,False,,0.0,,
NGC4293,post-peak,log_sigma_star,10.5,10.75,10.625,0,0,False,False,,0.0,,
NGC4293,post-peak,log_sigma_star,10.75,11.0,10.875,0,0,False,False,,0.0,,
NGC4293,post-peak,log_sigma_star,11.0,11.25,11.125,0,0,False,False,,0.0,,
NGC4293,post-peak,radius_re,0.0,0.25,0.125,13192,0,True,False,0.0,0.0,,0.0
NGC4293,post-peak,radius_re,0.25,0.5,0.375,39504,33,True,True,0.0008353584447144593,0.28104330096379354,0.0085164636655695,7.114299842137341e-06
NGC4293,post-peak,radius_re,0.5,0.75,0.625,65299,438,True,True,0.006707606548339178,8.070236183165042,0.018425196765216992,0.00012358897047680734
NGC4293,post-peak,radius_re,0.75,1.0,0.875,65477,0,True,False,0.0,0.0,,0.0
NGC4293,post-peak,radius_re,1.0,1.25,1.125,45456,0,True,False,0.0,0.0,,0.0
NGC4293,post-peak,radius_re,1.25,1.5,1.375,19159,0,True,False,0.0,0.0,,0.0
NGC4293,post-peak,radius_re,1.5,1.75,1.625,5638,0,True,False,0.0,0.0,,0.0
NGC4293,post-peak,radius_re,1.75,2.0,1.875,72,0,True,False,0.0,0.0,,0.0
NGC4293,post-peak,radius_re,2.0,2.25,2.125,0,0,False,False,,0.0,,
NGC4293,post-peak,radius_re,2.25,2.5,2.375,0,0,False,False,,0.0,,
NGC4293,post-peak,radius_re,2.5,2.75,2.625,0,0,False,False,,0.0,,
NGC4293,post-peak,radius_re,2.75,3.0,2.875,0,0,False,False,,0.0,,
NGC4293,post-peak,radius_re,3.0,3.25,3.125,0,0,False,False,,0.0,,
NGC4293,post-peak,radius_re,3.25,3.5,3.375,0,0,False,False,,0.0,,
NGC4293,post-peak,radius_re,3.5,3.75,3.625,0,0,False,False,,0.0,,
NGC4293,post-peak,radius_re,3.75,4.0,3.875,0,0,False,False,,0.0,,
NGC4293,post-peak,radius_re,4.0,4.25,4.125,0,0,False,False,,0.0,,
NGC4293,post-peak,radius_re,4.25,4.5,4.375,0,0,False,False,,0.0,,
NGC4293,post-peak,radius_re,4.5,4.75,4.625,0,0,False,False,,0.0,,
NGC4293,post-peak,radius_re,4.75,5.0,4.875,0,0,False,False,,0.0,,
NGC4293,post-peak,radius_re,5.0,5.25,5.125,0,0,False,False,,0.0,,
NGC4293,post-peak,radius_re,5.25,5.5,5.375,0,0,False,False,,0.0,,
NGC4293,post-peak,radius_re,5.5,5.75,5.625,0,0,False,False,,0.0,,
NGC4293,post-peak,radius_re,5.75,6.0,5.875,0,0,False,False,,0.0,,
NGC4293,post-peak,radius_re,6.0,6.25,6.125,0,0,False,False,,0.0,,
NGC4293,post-peak,radius_re,6.25,6.5,6.375,0,0,False,False,,0.0,,
NGC4293,post-peak,radius_re,6.5,6.75,6.625,0,0,False,False,,0.0,,
NGC4293,post-peak,radius_re,6.75,7.0,6.875,0,0,False,False,,0.0,,
NGC4293,post-peak,radius_re,7.0,7.25,7.125,0,0,False,False,,0.0,,
NGC4293,post-peak,radius_re,7.25,7.5,7.375,0,0,False,False,,0.0,,
NGC4293,post-peak,radius_re,7.5,7.75,7.625,0,0,False,False,,0.0,,
NGC4293,post-peak,radius_re,7.75,8.0,7.875,0,0,False,False,,0.0,,
NGC4380,post-peak,log_sigma_star,5.75,6.0,5.875,0,0,False,False,,0.0,,
NGC4380,post-peak,log_sigma_star,6.0,6.25,6.125,0,0,False,False,,0.0,,
NGC4380,post-peak,log_sigma_star,6.25,6.5,6.375,0,0,False,False,,0.0,,
NGC4380,post-peak,log_sigma_star,6.5,6.75,6.625,0,0,False,False,,0.0,,
NGC4380,post-peak,log_sigma_star,6.75,7.0,6.875,0,0,False,False,,0.0,,
NGC4380,post-peak,log_sigma_star,7.0,7.25,7.125,0,0,False,False,,0.0,,
NGC4380,post-peak,log_sigma_star,7.25,7.5,7.375,7225,1284,True,True,0.17771626297577856,2.968682025933968,0.0023120576525965486,0.00041089024580400943
NGC4380,post-peak,log_sigma_star,7.5,7.75,7.625,60914,8242,True,True,0.135305512690022,23.5653847905314,0.002859182818555132,0.0003868631971391043
NGC4380,post-peak,log_sigma_star,7.75,8.0,7.875,96316,27427,True,True,0.2847605797582956,74.14353475792062,0.00270330458154084,0.0007697945799028264
NGC4380,post-peak,log_sigma_star,8.0,8.25,8.125,46777,12960,True,True,0.27705923851465464,59.02474685710769,0.004554378615517569,0.0012618326711227245
NGC4380,post-peak,log_sigma_star,8.25,8.5,8.375,15044,4779,True,True,0.31766817335814945,31.36222171384096,0.006562507159205055,0.0020846996619144484
NGC4380,post-peak,log_sigma_star,8.5,8.75,8.625,4503,1080,True,True,0.23984010659560293,9.192872689940437,0.008511919157352256,0.0020414995980325198
NGC4380,post-peak,log_sigma_star,8.75,9.0,8.875,1713,284,True,True,0.16579100992410975,3.765289080247256,0.01325806014171569,0.00219806718052963
NGC4380,post-peak,log_sigma_star,9.0,9.25,9.125,819,19,True,False,0.0231990231990232,0.3235859246086849,0.017030838137299206,0.0003950988090460133
NGC4380,post-peak,log_sigma_star,9.25,9.5,9.375,271,0,True,False,0.0,0.0,,0.0
NGC4380,post-peak,log_sigma_star,9.5,9.75,9.625,85,0,True,False,0.0,0.0,,0.0
NGC4380,post-peak,log_sigma_star,9.75,10.0,9.875,22,0,False,False,,0.0,,
NGC4380,post-peak,log_sigma_star,10.0,10.25,10.125,6,0,False,False,,0.0,,
NGC4380,post-peak,log_sigma_star,10.25,10.5,10.375,0,0,False,False,,0.0,,
NGC4380,post-peak,log_sigma_star,10.5,10.75,10.625,0,0,False,False,,0.0,,
NGC4380,post-peak,log_sigma_star,10.75,11.0,10.875,0,0,False,False,,0.0,,
NGC4380,post-peak,log_sigma_star,11.0,11.25,11.125,0,0,False,False,,0.0,,
NGC4380,post-peak,radius_re,0.0,0.25,0.125,7884,1641,True,True,0.20814307458143075,15.685321384126905,0.0095583920683284,0.0019895131131566343
NGC4380,post-peak,radius_re,0.25,0.5,0.375,23623,7683,True,True,0.3252338822334166,45.02076464007041,0.005859789748805208,0.0019058021690754948
NGC4380,post-peak,radius_re,0.5,0.75,0.625,39220,9269,True,True,0.2363335033146354,39.37931524037806,0.004248496627508692,0.0010040620917995426
NGC4380,post-peak,radius_re,0.75,1.0,0.875,52829,14979,True,True,0.2835374510212194,40.35997073030198,0.0026944369270513373,0.0007639737782335835
NGC4380,post-peak,radius_re,1.0,1.25,1.125,59156,17299,True,True,0.2924301845966597,55.15823048088597,0.003188521329607837,0.0009324198810076065
NGC4380,post-peak,radius_re,1.25,1.5,1.375,45643,5204,True,True,0.11401529259689328,8.74271536436768,0.0016799991092174634,0.00019154558999994918
NGC4380,post-peak,radius_re,1.5,1.75,1.625,5340,0,True,False,0.0,0.0,,0.0
NGC4380,post-peak,radius_re,1.75,2.0,1.875,0,0,False,False,,0.0,,
NGC4380,post-peak,radius_re,2.0,2.25,2.125,0,0,False,False,,0.0,,
NGC4380,post-peak,radius_re,2.25,2.5,2.375,0,0,False,False,,0.0,,
NGC4380,post-peak,radius_re,2.5,2.75,2.625,0,0,False,False,,0.0,,
NGC4380,post-peak,radius_re,2.75,3.0,2.875,0,0,False,False,,0.0,,
NGC4380,post-peak,radius_re,3.0,3.25,3.125,0,0,False,False,,0.0,,
NGC4380,post-peak,radius_re,3.25,3.5,3.375,0,0,False,False,,0.0,,
NGC4380,post-peak,radius_re,3.5,3.75,3.625,0,0,False,False,,0.0,,
NGC4380,post-peak,radius_re,3.75,4.0,3.875,0,0,False,False,,0.0,,
NGC4380,post-peak,radius_re,4.0,4.25,4.125,0,0,False,False,,0.0,,
NGC4380,post-peak,radius_re,4.25,4.5,4.375,0,0,False,False,,0.0,,
NGC4380,post-peak,radius_re,4.5,4.75,4.625,0,0,False,False,,0.0,,
NGC4380,post-peak,radius_re,4.75,5.0,4.875,0,0,False,False,,0.0,,
NGC4380,post-peak,radius_re,5.0,5.25,5.125,0,0,False,False,,0.0,,
NGC4380,post-peak,radius_re,5.25,5.5,5.375,0,0,False,False,,0.0,,
NGC4380,post-peak,radius_re,5.5,5.75,5.625,0,0,False,False,,0.0,,
NGC4380,post-peak,radius_re,5.75,6.0,5.875,0,0,False,False,,0.0,,
NGC4380,post-peak,radius_re,6.0,6.25,6.125,0,0,False,False,,0.0,,
NGC4380,post-peak,radius_re,6.25,6.5,6.375,0,0,False,False,,0.0,,
NGC4380,post-peak,radius_re,6.5,6.75,6.625,0,0,False,False,,0.0,,
NGC4380,post-peak,radius_re,6.75,7.0,6.875,0,0,False,False,,0.0,,
NGC4380,post-peak,radius_re,7.0,7.25,7.125,0,0,False,False,,0.0,,
NGC4380,post-peak,radius_re,7.25,7.5,7.375,0,0,False,False,,0.0,,
NGC4380,post-peak,radius_re,7.5,7.75,7.625,0,0,False,False,,0.0,,
NGC4380,post-peak,radius_re,7.75,8.0,7.875,0,0,False,False,,0.0,,
NGC4394,post-peak,log_sigma_star,5.75,6.0,5.875,0,0,False,False,,0.0,,
NGC4394,post-peak,log_sigma_star,6.0,6.25,6.125,0,0,False,False,,0.0,,
NGC4394,post-peak,log_sigma_star,6.25,6.5,6.375,0,0,False,False,,0.0,,
NGC4394,post-peak,log_sigma_star,6.5,6.75,6.625,0,0,False,False,,0.0,,
NGC4394,post-peak,log_sigma_star,6.75,7.0,6.875,0,0,False,False,,0.0,,
NGC4394,post-peak,log_sigma_star,7.0,7.25,7.125,0,0,False,False,,0.0,,
NGC4394,post-peak,log_sigma_star,7.25,7.5,7.375,41,0,False,False,,0.0,,
NGC4394,post-peak,log_sigma_star,7.5,7.75,7.625,7228,2425,True,True,0.33550083010514664,7.369137640830955,0.0030388196457034867,0.0010195265136733473
NGC4394,post-peak,log_sigma_star,7.75,8.0,7.875,48390,13908,True,True,0.2874147551146931,55.44231273889616,0.003986361284073639,0.0011457390522607183
NGC4394,post-peak,log_sigma_star,8.0,8.25,8.125,55238,12258,True,True,0.22191245157319237,53.10713065733158,0.0043324466191329404,0.0009614238505617796
NGC4394,post-peak,log_sigma_star,8.25,8.5,8.375,28124,1839,True,True,0.06538899160859053,15.07297136330407,0.008196286766342615,0.0005359469265859789
NGC4394,post-peak,log_sigma_star,8.5,8.75,8.625,17701,0,True,False,0.0,0.0,,0.0
NGC4394,post-peak,log_sigma_star,8.75,9.0,8.875,9891,0,True,False,0.0,0.0,,0.0
NGC4394,post-peak,log_sigma_star,9.0,9.25,9.125,4739,0,True,False,0.0,0.0,,0.0
NGC4394,post-peak,log_sigma_star,9.25,9.5,9.375,1975,0,True,False,0.0,0.0,,0.0
NGC4394,post-peak,log_sigma_star,9.5,9.75,9.625,809,0,True,False,0.0,0.0,,0.0
NGC4394,post-peak,log_sigma_star,9.75,10.0,9.875,336,0,True,False,0.0,0.0,,0.0
NGC4394,post-peak,log_sigma_star,10.0,10.25,10.125,148,0,True,False,0.0,0.0,,0.0
NGC4394,post-peak,log_sigma_star,10.25,10.5,10.375,74,0,True,False,0.0,0.0,,0.0
NGC4394,post-peak,log_sigma_star,10.5,10.75,10.625,27,0,False,False,,0.0,,
NGC4394,post-peak,log_sigma_star,10.75,11.0,10.875,2,0,False,False,,0.0,,
NGC4394,post-peak,log_sigma_star,11.0,11.25,11.125,0,0,False,False,,0.0,,
NGC4394,post-peak,radius_re,0.0,0.25,0.125,9455,0,True,False,0.0,0.0,,0.0
NGC4394,post-peak,radius_re,0.25,0.5,0.375,28229,0,True,False,0.0,0.0,,0.0
NGC4394,post-peak,radius_re,0.5,0.75,0.625,46802,3229,True,True,0.06899277808640657,10.856615567432332,0.0033622222259003815,0.00023196905190872894
NGC4394,post-peak,radius_re,0.75,1.0,0.875,44954,14313,True,True,0.3183921341816079,74.8801467060855,0.0052316178792765665,0.0016657059818055233
NGC4394,post-peak,radius_re,1.0,1.25,1.125,37677,11395,True,True,0.30243915386044534,41.12389622330867,0.003608942187214451,0.0010914854214324036
NGC4394,post-peak,radius_re,1.25,1.5,1.375,7606,1493,True,True,0.19629240073626084,4.130893903536286,0.002766841194598986,0.0005431099005438188
NGC4394,post-peak,radius_re,1.5,1.75,1.625,0,0,False,False,,0.0,,
NGC4394,post-peak,radius_re,1.75,2.0,1.875,0,0,False,False,,0.0,,
NGC4394,post-peak,radius_re,2.0,2.25,2.125,0,0,False,False,,0.0,,
NGC4394,post-peak,radius_re,2.25,2.5,2.375,0,0,False,False,,0.0,,
NGC4394,post-peak,radius_re,2.5,2.75,2.625,0,0,False,False,,0.0,,
NGC4394,post-peak,radius_re,2.75,3.0,2.875,0,0,False,False,,0.0,,
NGC4394,post-peak,radius_re,3.0,3.25,3.125,0,0,False,False,,0.0,,
NGC4394,post-peak,radius_re,3.25,3.5,3.375,0,0,False,False,,0.0,,
NGC4394,post-peak,radius_re,3.5,3.75,3.625,0,0,False,False,,0.0,,
NGC4394,post-peak,radius_re,3.75,4.0,3.875,0,0,False,False,,0.0,,
NGC4394,post-peak,radius_re,4.0,4.25,4.125,0,0,False,False,,0.0,,
NGC4394,post-peak,radius_re,4.25,4.5,4.375,0,0,False,False,,0.0,,
NGC4394,post-peak,radius_re,4.5,4.75,4.625,0,0,False,False,,0.0,,
NGC4394,post-peak,radius_re,4.75,5.0,4.875,0,0,False,False,,0.0,,
NGC4394,post-peak,radius_re,5.0,5.25,5.125,0,0,False,False,,0.0,,
NGC4394,post-peak,radius_re,5.25,5.5,5.375,0,0,False,False,,0.0,,
NGC4394,post-peak,radius_re,5.5,5.75,5.625,0,0,False,False,,0.0,,
NGC4394,post-peak,radius_re,5.75,6.0,5.875,0,0,False,False,,0.0,,
NGC4394,post-peak,radius_re,6.0,6.25,6.125,0,0,False,False,,0.0,,
NGC4394,post-peak,radius_re,6.25,6.5,6.375,0,0,False,False,,0.0,,
NGC4394,post-peak,radius_re,6.5,6.75,6.625,0,0,False,False,,0.0,,
NGC4394,post-peak,radius_re,6.75,7.0,6.875,0,0,False,False,,0.0,,
NGC4394,post-peak,radius_re,7.0,7.25,7.125,0,0,False,False,,0.0,,
NGC4394,post-peak,radius_re,7.25,7.5,7.375,0,0,False,False,,0.0,,
NGC4394,post-peak,radius_re,7.5,7.75,7.625,0,0,False,False,,0.0,,
NGC4394,post-peak,radius_re,7.75,8.0,7.875,0,0,False,False,,0.0,,
NGC4405,post-peak,log_sigma_star,5.75,6.0,5.875,0,0,False,False,,0.0,,
NGC4405,post-peak,log_sigma_star,6.0,6.25,6.125,0,0,False,False,,0.0,,
NGC4405,post-peak,log_sigma_star,6.25,6.5,6.375,0,0,False,False,,0.0,,
NGC4405,post-peak,log_sigma_star,6.5,6.75,6.625,0,0,False,False,,0.0,,
NGC4405,post-peak,log_sigma_star,6.75,7.0,6.875,0,0,False,False,,0.0,,
NGC4405,post-peak,log_sigma_star,7.0,7.25,7.125,0,0,False,False,,0.0,,
NGC4405,post-peak,log_sigma_star,7.25,7.5,7.375,2742,0,True,False,0.0,0.0,,0.0
NGC4405,post-peak,log_sigma_star,7.5,7.75,7.625,13012,0,True,False,0.0,0.0,,0.0
NGC4405,post-peak,log_sigma_star,7.75,8.0,7.875,26557,255,True,True,0.009601988176375344,2.6135873297654753,0.010249362077511667,9.841425348365686e-05
NGC4405,post-peak,log_sigma_star,8.0,8.25,8.125,22414,3305,True,True,0.14745248505398412,73.48915966871817,0.02223575179083757,0.0032787168586025776
NGC4405,post-peak,log_sigma_star,8.25,8.5,8.375,8445,5325,True,True,0.6305506216696269,152.00889483954506,0.028546271331369964,0.017999869134345182
NGC4405,post-peak,log_sigma_star,8.5,8.75,8.625,3783,3220,True,True,0.8511763150938408,127.13896695752004,0.03948415122904349,0.033607974347745186
NGC4405,post-peak,log_sigma_star,8.75,9.0,8.875,1449,1208,True,True,0.8336783988957902,71.5954879936669,0.05926778807422756,0.04941027466781704
NGC4405,post-peak,log_sigma_star,9.0,9.25,9.125,245,227,True,True,0.926530612244898,19.42188366012217,0.08555895885516374,0.07927299453111089
NGC4405,post-peak,log_sigma_star,9.25,9.5,9.375,28,28,False,True,,3.325870855697188,0.11878110198918528,
NGC4405,post-peak,log_sigma_star,9.5,9.75,9.625,1,1,False,False,,0.17915990935017348,0.17915990935017348,
NGC4405,post-peak,log_sigma_star,9.75,10.0,9.875,0,0,False,False,,0.0,,
NGC4405,post-peak,log_sigma_star,10.0,10.25,10.125,0,0,False,False,,0.0,,
NGC4405,post-peak,log_sigma_star,10.25,10.5,10.375,0,0,False,False,,0.0,,
NGC4405,post-peak,log_sigma_star,10.5,10.75,10.625,0,0,False,False,,0.0,,
NGC4405,post-peak,log_sigma_star,10.75,11.0,10.875,0,0,False,False,,0.0,,
NGC4405,post-peak,log_sigma_star,11.0,11.25,11.125,0,0,False,False,,0.0,,
NGC4405,post-peak,radius_re,0.0,0.25,0.125,1162,1003,True,True,0.8631669535283993,74.48841839585953,0.07426562153126573,0.06410363028903573
NGC4405,post-peak,radius_re,0.25,0.5,0.375,3486,3125,True,True,0.8964429145152036,133.45300117897307,0.04270496037727138,0.038282559144857446
NGC4405,post-peak,radius_re,0.5,0.75,0.625,5798,4820,True,True,0.8313211452224906,143.05157099270428,0.02967874916861085,0.02467257174762061
NGC4405,post-peak,radius_re,0.75,1.0,0.875,8129,4351,True,True,0.5352441874769345,97.49537496018232,0.022407578708384814,0.011993526259094885
NGC4405,post-peak,radius_re,1.0,1.25,1.125,10439,270,True,True,0.02586454641249162,1.2846456866660059,0.004757946987651873,0.00012306214069029658
NGC4405,post-peak,radius_re,1.25,1.5,1.375,12789,0,True,False,0.0,0.0,,0.0
NGC4405,post-peak,radius_re,1.5,1.75,1.625,14935,0,True,False,0.0,0.0,,0.0
NGC4405,post-peak,radius_re,1.75,2.0,1.875,14835,0,True,False,0.0,0.0,,0.0
NGC4405,post-peak,radius_re,2.0,2.25,2.125,5897,0,True,False,0.0,0.0,,0.0
NGC4405,post-peak,radius_re,2.25,2.5,2.375,1198,0,True,False,0.0,0.0,,0.0
NGC4405,post-peak,radius_re,2.5,2.75,2.625,8,0,False,False,,0.0,,
NGC4405,post-peak,radius_re,2.75,3.0,2.875,0,0,False,False,,0.0,,
NGC4405,post-peak,radius_re,3.0,3.25,3.125,0,0,False,False,,0.0,,
NGC4405,post-peak,radius_re,3.25,3.5,3.375,0,0,False,False,,0.0,,
NGC4405,post-peak,radius_re,3.5,3.75,3.625,0,0,False,False,,0.0,,
NGC4405,post-peak,radius_re,3.75,4.0,3.875,0,0,False,False,,0.0,,
NGC4405,post-peak,radius_re,4.0,4.25,4.125,0,0,False,False,,0.0,,
NGC4405,post-peak,radius_re,4.25,4.5,4.375,0,0,False,False,,0.0,,
NGC4405,post-peak,radius_re,4.5,4.75,4.625,0,0,False,False,,0.0,,
NGC4405,post-peak,radius_re,4.75,5.0,4.875,0,0,False,False,,0.0,,
NGC4405,post-peak,radius_re,5.0,5.25,5.125,0,0,False,False,,0.0,,
NGC4405,post-peak,radius_re,5.25,5.5,5.375,0,0,False,False,,0.0,,
NGC4405,post-peak,radius_re,5.5,5.75,5.625,0,0,False,False,,0.0,,
NGC4405,post-peak,radius_re,5.75,6.0,5.875,0,0,False,False,,0.0,,
NGC4405,post-peak,radius_re,6.0,6.25,6.125,0,0,False,False,,0.0,,
NGC4405,post-peak,radius_re,6.25,6.5,6.375,0,0,False,False,,0.0,,
NGC4405,post-peak,radius_re,6.5,6.75,6.625,0,0,False,False,,0.0,,
NGC4405,post-peak,radius_re,6.75,7.0,6.875,0,0,False,False,,0.0,,
NGC4405,post-peak,radius_re,7.0,7.25,7.125,0,0,False,False,,0.0,,
NGC4405,post-peak,radius_re,7.25,7.5,7.375,0,0,False,False,,0.0,,
NGC4405,post-peak,radius_re,7.5,7.75,7.625,0,0,False,False,,0.0,,
NGC4405,post-peak,radius_re,7.75,8.0,7.875,0,0,False,False,,0.0,,
NGC4419,post-peak,log_sigma_star,5.75,6.0,5.875,0,0,False,False,,0.0,,
NGC4419,post-peak,log_sigma_star,6.0,6.25,6.125,0,0,False,False,,0.0,,
NGC4419,post-peak,log_sigma_star,6.25,6.5,6.375,0,0,False,False,,0.0,,
NGC4419,post-peak,log_sigma_star,6.5,6.75,6.625,0,0,False,False,,0.0,,
NGC4419,post-peak,log_sigma_star,6.75,7.0,6.875,0,0,False,False,,0.0,,
NGC4419,post-peak,log_sigma_star,7.0,7.25,7.125,961,0,True,False,0.0,0.0,,0.0
NGC4419,post-peak,log_sigma_star,7.25,7.5,7.375,11071,0,True,False,0.0,0.0,,0.0
NGC4419,post-peak,log_sigma_star,7.5,7.75,7.625,24256,0,True,False,0.0,0.0,,0.0
NGC4419,post-peak,log_sigma_star,7.75,8.0,7.875,28631,7,True,False,0.00024449023785407426,0.17396270138255995,0.02485181448322285,6.076026034108482e-06
NGC4419,post-peak,log_sigma_star,8.0,8.25,8.125,27367,454,True,True,0.016589322907150948,6.056802736051408,0.013340975189540546,0.00022131774531557744
NGC4419,post-peak,log_sigma_star,8.25,8.5,8.375,20408,2659,True,True,0.1302920423363387,40.41272781993189,0.01519846852949676,0.0019802395050927033
NGC4419,post-peak,log_sigma_star,8.5,8.75,8.625,10204,1997,True,True,0.19570756566052527,57.56249225746325,0.02882448285301114,0.005641169370586363
NGC4419,post-peak,log_sigma_star,8.75,9.0,8.875,4858,532,True,True,0.10951008645533142,22.49107075419701,0.04227644878608461,0.0046296975615885165
NGC4419,post-peak,log_sigma_star,9.0,9.25,9.125,3473,100,True,True,0.028793550244745177,12.228592416334845,0.12228592416334845,0.003521045901622472
NGC4419,post-peak,log_sigma_star,9.25,9.5,9.375,1634,14,True,False,0.008567931456548347,2.751929917595678,0.19656642268540558,0.0016841676362274653
NGC4419,post-peak,log_sigma_star,9.5,9.75,9.625,711,0,True,False,0.0,0.0,,0.0
NGC4419,post-peak,log_sigma_star,9.75,10.0,9.875,227,0,True,False,0.0,0.0,,0.0
NGC4419,post-peak,log_sigma_star,10.0,10.25,10.125,80,0,True,False,0.0,0.0,,0.0
NGC4419,post-peak,log_sigma_star,10.25,10.5,10.375,22,0,False,False,,0.0,,
NGC4419,post-peak,log_sigma_star,10.5,10.75,10.625,1,0,False,False,,0.0,,
NGC4419,post-peak,log_sigma_star,10.75,11.0,10.875,0,0,False,False,,0.0,,
NGC4419,post-peak,log_sigma_star,11.0,11.25,11.125,0,0,False,False,,0.0,,
NGC4419,post-peak,radius_re,0.0,0.25,0.125,793,0,True,False,0.0,0.0,,0.0
NGC4419,post-peak,radius_re,0.25,0.5,0.375,2375,58,True,True,0.024421052631578948,13.819539961981565,0.2382679303789925,0.005818753668202764
NGC4419,post-peak,radius_re,0.5,0.75,0.625,3960,329,True,True,0.08308080808080807,10.422737014603307,0.03168005171611947,0.0026320042966169964
NGC4419,post-peak,radius_re,0.75,1.0,0.875,5555,1212,True,True,0.21818181818181817,53.162686038661924,0.0438636023421303,0.009570240511010247
NGC4419,post-peak,radius_re,1.0,1.25,1.125,7135,863,True,True,0.12095304835318851,14.7330923071764,0.017071949371003942,0.002064904317754226
NGC4419,post-peak,radius_re,1.25,1.5,1.375,8713,1080,True,True,0.12395271433490188,24.308340738995245,0.02250772290647708,0.0027898933477556805
NGC4419,post-peak,radius_re,1.5,1.75,1.625,10310,1164,True,True,0.11290009699321048,17.72933400792693,0.015231386604748222,0.001719625025017161
NGC4419,post-peak,radius_re,1.75,2.0,1.875,11877,1028,True,True,0.08655384356318936,7.205663933552195,0.007009400713572174,0.0006066905728342338
NGC4419,post-peak,radius_re,2.0,2.25,2.125,13488,29,True,True,0.00215005931198102,0.2961846000590532,0.010213262071001835,2.1959119221460054e-05
NGC4419,post-peak,radius_re,2.25,2.5,2.375,15058,0,True,False,0.0,0.0,,0.0
NGC4419,post-peak,radius_re,2.5,2.75,2.625,15701,0,True,False,0.0,0.0,,0.0
NGC4419,post-peak,radius_re,2.75,3.0,2.875,13512,0,True,False,0.0,0.0,,0.0
NGC4419,post-peak,radius_re,3.0,3.25,3.125,12437,0,True,False,0.0,0.0,,0.0
NGC4419,post-peak,radius_re,3.25,3.5,3.375,9320,0,True,False,0.0,0.0,,0.0
NGC4419,post-peak,radius_re,3.5,3.75,3.625,3226,0,True,False,0.0,0.0,,0.0
NGC4419,post-peak,radius_re,3.75,4.0,3.875,405,0,True,False,0.0,0.0,,0.0
NGC4419,post-peak,radius_re,4.0,4.25,4.125,39,0,False,False,,0.0,,
NGC4419,post-peak,radius_re,4.25,4.5,4.375,0,0,False,False,,0.0,,
NGC4419,post-peak,radius_re,4.5,4.75,4.625,0,0,False,False,,0.0,,
NGC4419,post-peak,radius_re,4.75,5.0,4.875,0,0,False,False,,0.0,,
NGC4419,post-peak,radius_re,5.0,5.25,5.125,0,0,False,False,,0.0,,
NGC4419,post-peak,radius_re,5.25,5.5,5.375,0,0,False,False,,0.0,,
NGC4419,post-peak,radius_re,5.5,5.75,5.625,0,0,False,False,,0.0,,
NGC4419,post-peak,radius_re,5.75,6.0,5.875,0,0,False,False,,0.0,,
NGC4419,post-peak,radius_re,6.0,6.25,6.125,0,0,False,False,,0.0,,
NGC4419,post-peak,radius_re,6.25,6.5,6.375,0,0,False,False,,0.0,,
NGC4419,post-peak,radius_re,6.5,6.75,6.625,0,0,False,False,,0.0,,
NGC4419,post-peak,radius_re,6.75,7.0,6.875,0,0,False,False,,0.0,,
NGC4419,post-peak,radius_re,7.0,7.25,7.125,0,0,False,False,,0.0,,
NGC4419,post-peak,radius_re,7.25,7.5,7.375,0,0,False,False,,0.0,,
NGC4419,post-peak,radius_re,7.5,7.75,7.625,0,0,False,False,,0.0,,
NGC4419,post-peak,radius_re,7.75,8.0,7.875,0,0,False,False,,0.0,,
NGC4450,post-peak,log_sigma_star,5.75,6.0,5.875,0,0,False,False,,0.0,,
NGC4450,post-peak,log_sigma_star,6.0,6.25,6.125,0,0,False,False,,0.0,,
NGC4450,post-peak,log_sigma_star,6.25,6.5,6.375,0,0,False,False,,0.0,,
NGC4450,post-peak,log_sigma_star,6.5,6.75,6.625,0,0,False,False,,0.0,,
NGC4450,post-peak,log_sigma_star,6.75,7.0,6.875,0,0,False,False,,0.0,,
NGC4450,post-peak,log_sigma_star,7.0,7.25,7.125,0,0,False,False,,0.0,,
NGC4450,post-peak,log_sigma_star,7.25,7.5,7.375,1209,0,True,False,0.0,0.0,,0.0
NGC4450,post-peak,log_sigma_star,7.5,7.75,7.625,34857,966,True,True,0.027713228332903003,1.5503356230369167,0.001604902301280452,4.447702392738666e-05
NGC4450,post-peak,log_sigma_star,7.75,8.0,7.875,145897,4415,True,True,0.030261074593720228,13.601886237505674,0.003080834934882372,9.322937577541468e-05
NGC4450,post-peak,log_sigma_star,8.0,8.25,8.125,134659,6619,True,True,0.049153788458253814,52.36214714274608,0.007910884898435729,0.00038884996281530446
NGC4450,post-peak,log_sigma_star,8.25,8.5,8.375,69201,2402,True,True,0.034710481062412396,22.220244190721672,0.009250726141016517,0.00032109715453131706
NGC4450,post-peak,log_sigma_star,8.5,8.75,8.625,41704,1916,True,True,0.0459428352196432,73.01058827644727,0.03810573500858417,0.0017506855044227717
NGC4450,post-peak,log_sigma_star,8.75,9.0,8.875,26537,844,True,True,0.031804650111165546,15.704555402277592,0.018607293130660653,0.0005917984475365561
NGC4450,post-peak,log_sigma_star,9.0,9.25,9.125,10506,24,True,True,0.002284408909194746,0.3319166217896,0.013829859241233334,3.159305366358272e-05
NGC4450,post-peak,log_sigma_star,9.25,9.5,9.375,4440,0,True,False,0.0,0.0,,0.0
NGC4450,post-peak,log_sigma_star,9.5,9.75,9.625,1568,0,True,False,0.0,0.0,,0.0
NGC4450,post-peak,log_sigma_star,9.75,10.0,9.875,691,0,True,False,0.0,0.0,,0.0
NGC4450,post-peak,log_sigma_star,10.0,10.25,10.125,242,0,True,False,0.0,0.0,,0.0
NGC4450,post-peak,log_sigma_star,10.25,10.5,10.375,88,0,True,False,0.0,0.0,,0.0
NGC4450,post-peak,log_sigma_star,10.5,10.75,10.625,37,0,False,False,,0.0,,
NGC4450,post-peak,log_sigma_star,10.75,11.0,10.875,15,0,False,False,,0.0,,
NGC4450,post-peak,log_sigma_star,11.0,11.25,11.125,1,0,False,False,,0.0,,
NGC4450,post-peak,radius_re,0.0,0.25,0.125,11061,0,True,False,0.0,0.0,,0.0
NGC4450,post-peak,radius_re,0.25,0.5,0.375,33205,802,True,True,0.024152989007679565,21.63287962738187,0.02697366537080034,0.0006514946431977676
NGC4450,post-peak,radius_re,0.5,0.75,0.625,55212,2118,True,True,0.03836122582047381,69.31535084061485,0.032726794542311075,0.001255439955817845
NGC4450,post-peak,radius_re,0.75,1.0,0.875,77451,1744,True,True,0.022517462653806924,10.780247732848068,0.006181334709201874,0.00013918797346513368
NGC4450,post-peak,radius_re,1.0,1.25,1.125,99224,7687,True,True,0.07747117632830766,66.2427499829564,0.008617503575251255,0.0006676081389881117
NGC4450,post-peak,radius_re,1.25,1.5,1.375,103738,1587,True,True,0.015298154967321521,6.035464774763097,0.003803065390524951,5.8179883695107846e-05
NGC4450,post-peak,radius_re,1.5,1.75,1.625,63908,3157,True,True,0.04939913625837141,4.723409131856785,0.001496170139960971,7.390951260963863e-05
NGC4450,post-peak,radius_re,1.75,2.0,1.875,24333,91,True,True,0.0037397772572227016,0.05157140410374609,0.0005667187264147922,2.1194018042882544e-06
NGC4450,post-peak,radius_re,2.0,2.25,2.125,3520,0,True,False,0.0,0.0,,0.0
NGC4450,post-peak,radius_re,2.25,2.5,2.375,0,0,False,False,,0.0,,
NGC4450,post-peak,radius_re,2.5,2.75,2.625,0,0,False,False,,0.0,,
NGC4450,post-peak,radius_re,2.75,3.0,2.875,0,0,False,False,,0.0,,
NGC4450,post-peak,radius_re,3.0,3.25,3.125,0,0,False,False,,0.0,,
NGC4450,post-peak,radius_re,3.25,3.5,3.375,0,0,False,False,,0.0,,
NGC4450,post-peak,radius_re,3.5,3.75,3.625,0,0,False,False,,0.0,,
NGC4450,post-peak,radius_re,3.75,4.0,3.875,0,0,False,False,,0.0,,
NGC4450,post-peak,radius_re,4.0,4.25,4.125,0,0,False,False,,0.0,,
NGC4450,post-peak,radius_re,4.25,4.5,4.375,0,0,False,False,,0.0,,
NGC4450,post-peak,radius_re,4.5,4.75,4.625,0,0,False,False,,0.0,,
NGC4450,post-peak,radius_re,4.75,5.0,4.875,0,0,False,False,,0.0,,
NGC4450,post-peak,radius_re,5.0,5.25,5.125,0,0,False,False,,0.0,,
NGC4450,post-peak,radius_re,5.25,5.5,5.375,0,0,False,False,,0.0,,
NGC4450,post-peak,radius_re,5.5,5.75,5.625,0,0,False,False,,0.0,,
NGC4450,post-peak,radius_re,5.75,6.0,5.875,0,0,False,False,,0.0,,
NGC4450,post-peak,radius_re,6.0,6.25,6.125,0,0,False,False,,0.0,,
NGC4450,post-peak,radius_re,6.25,6.5,6.375,0,0,False,False,,0.0,,
NGC4450,post-peak,radius_re,6.5,6.75,6.625,0,0,False,False,,0.0,,
NGC4450,post-peak,radius_re,6.75,7.0,6.875,0,0,False,False,,0.0,,
NGC4450,post-peak,radius_re,7.0,7.25,7.125,0,0,False,False,,0.0,,
NGC4450,post-peak,radius_re,7.25,7.5,7.375,0,0,False,False,,0.0,,
NGC4450,post-peak,radius_re,7.5,7.75,7.625,0,0,False,False,,0.0,,
NGC4450,post-peak,radius_re,7.75,8.0,7.875,0,0,False,False,,0.0,,
NGC4457,post-peak,log_sigma_star,5.75,6.0,5.875,0,0,False,False,,0.0,,
NGC4457,post-peak,log_sigma_star,6.0,6.25,6.125,0,0,False,False,,0.0,,
NGC4457,post-peak,log_sigma_star,6.25,6.5,6.375,0,0,False,False,,0.0,,
NGC4457,post-peak,log_sigma_star,6.5,6.75,6.625,0,0,False,False,,0.0,,
NGC4457,post-peak,log_sigma_star,6.75,7.0,6.875,0,0,False,False,,0.0,,
NGC4457,post-peak,log_sigma_star,7.0,7.25,7.125,0,0,False,False,,0.0,,
NGC4457,post-peak,log_sigma_star,7.25,7.5,7.375,2516,0,True,False,0.0,0.0,,0.0
NGC4457,post-peak,log_sigma_star,7.5,7.75,7.625,17402,0,True,False,0.0,0.0,,0.0
NGC4457,post-peak,log_sigma_star,7.75,8.0,7.875,69012,0,True,False,0.0,0.0,,0.0
NGC4457,post-peak,log_sigma_star,8.0,8.25,8.125,67887,265,True,True,0.003903545597831691,6.7916032151645735,0.02562869137797952,0.00010004276540669897
NGC4457,post-peak,log_sigma_star,8.25,8.5,8.375,45079,1729,True,True,0.038354888085361256,78.51889745466737,0.04541289615654562,0.0017418065497164393
NGC4457,post-peak,log_sigma_star,8.5,8.75,8.625,26724,2678,True,True,0.10020954946864243,132.75250012785884,0.04957150863624303,0.004967538546918831
NGC4457,post-peak,log_sigma_star,8.75,9.0,8.875,12248,792,True,True,0.06466361854996734,49.249676276993554,0.06218393469317368,0.004021038232935464
NGC4457,post-peak,log_sigma_star,9.0,9.25,9.125,5436,137,True,True,0.02520235467255335,13.853530619005424,0.10112066145259434,0.002548478774651476
NGC4457,post-peak,log_sigma_star,9.25,9.5,9.375,2714,3,True,False,0.001105379513633014,0.9004371715319122,0.3001457238439707,0.0003317749342416773
NGC4457,post-peak,log_sigma_star,9.5,9.75,9.625,1144,0,True,False,0.0,0.0,,0.0
NGC4457,post-peak,log_sigma_star,9.75,10.0,9.875,586,0,True,False,0.0,0.0,,0.0
NGC4457,post-peak,log_sigma_star,10.0,10.25,10.125,269,0,True,False,0.0,0.0,,0.0
NGC4457,post-peak,log_sigma_star,10.25,10.5,10.375,126,0,True,False,0.0,0.0,,0.0
NGC4457,post-peak,log_sigma_star,10.5,10.75,10.625,56,0,True,False,0.0,0.0,,0.0
NGC4457,post-peak,log_sigma_star,10.75,11.0,10.875,18,0,False,False,,0.0,,
NGC4457,post-peak,log_sigma_star,11.0,11.25,11.125,0,0,False,False,,0.0,,
NGC4457,post-peak,radius_re,0.0,0.25,0.125,1495,0,True,False,0.0,0.0,,0.0
NGC4457,post-peak,radius_re,0.25,0.5,0.375,4469,0,True,False,0.0,0.0,,0.0
NGC4457,post-peak,radius_re,0.5,0.75,0.625,7439,178,True,True,0.023927947304745262,15.873787933204484,0.08917858389440722,0.00213386045613718
NGC4457,post-peak,radius_re,0.75,1.0,0.875,10428,1072,True,True,0.10280015343306483,67.01204398176131,0.06251123505761316,0.006426164555213014
NGC4457,post-peak,radius_re,1.0,1.25,1.125,13395,1103,True,True,0.08234415826801045,44.62593678763513,0.04045869155723947,0.003331536900905945
NGC4457,post-peak,radius_re,1.25,1.5,1.375,16389,1671,True,True,0.10195863078894381,98.28723639780867,0.058819411369125475,0.005997146647007668
NGC4457,post-peak,radius_re,1.5,1.75,1.625,19251,1221,True,True,0.06342527660900732,48.806317623365324,0.03997241410595031,0.0025352614213996843
NGC4457,post-peak,radius_re,1.75,2.0,1.875,22152,167,True,True,0.00753882267966775,4.268924009471711,0.025562419218393476,0.0001927105457507995
NGC4457,post-peak,radius_re,2.0,2.25,2.125,25303,192,True,True,0.007588033039560527,3.1923981319750516,0.016627073604036726,0.0001261667838586354
NGC4457,post-peak,radius_re,2.25,2.5,2.375,28051,0,True,False,0.0,0.0,,0.0
NGC4457,post-peak,radius_re,2.5,2.75,2.625,29866,0,True,False,0.0,0.0,,0.0
NGC4457,post-peak,radius_re,2.75,3.0,2.875,25239,0,True,False,0.0,0.0,,0.0
NGC4457,post-peak,radius_re,3.0,3.25,3.125,21059,0,True,False,0.0,0.0,,0.0
NGC4457,post-peak,radius_re,3.25,3.5,3.375,13884,0,True,False,0.0,0.0,,0.0
NGC4457,post-peak,radius_re,3.5,3.75,3.625,7158,0,True,False,0.0,0.0,,0.0
NGC4457,post-peak,radius_re,3.75,4.0,3.875,2971,0,True,False,0.0,0.0,,0.0
NGC4457,post-peak,radius_re,4.0,4.25,4.125,1290,0,True,False,0.0,0.0,,0.0
NGC4457,post-peak,radius_re,4.25,4.5,4.375,1305,0,True,False,0.0,0.0,,0.0
NGC4457,post-peak,radius_re,4.5,4.75,4.625,73,0,True,False,0.0,0.0,,0.0
NGC4457,post-peak,radius_re,4.75,5.0,4.875,0,0,False,False,,0.0,,
NGC4457,post-peak,radius_re,5.0,5.25,5.125,0,0,False,False,,0.0,,
NGC4457,post-peak,radius_re,5.25,5.5,5.375,0,0,False,False,,0.0,,
NGC4457,post-peak,radius_re,5.5,5.75,5.625,0,0,False,False,,0.0,,
NGC4457,post-peak,radius_re,5.75,6.0,5.875,0,0,False,False,,0.0,,
NGC4457,post-peak,radius_re,6.0,6.25,6.125,0,0,False,False,,0.0,,
NGC4457,post-peak,radius_re,6.25,6.5,6.375,0,0,False,False,,0.0,,
NGC4457,post-peak,radius_re,6.5,6.75,6.625,0,0,False,False,,0.0,,
NGC4457,post-peak,radius_re,6.75,7.0,6.875,0,0,False,False,,0.0,,
NGC4457,post-peak,radius_re,7.0,7.25,7.125,0,0,False,False,,0.0,,
NGC4457,post-peak,radius_re,7.25,7.5,7.375,0,0,False,False,,0.0,,
NGC4457,post-peak,radius_re,7.5,7.75,7.625,0,0,False,False,,0.0,,
NGC4457,post-peak,radius_re,7.75,8.0,7.875,0,0,False,False,,0.0,,
NGC4569,post-peak,log_sigma_star,5.75,6.0,5.875,0,0,False,False,,0.0,,
NGC4569,post-peak,log_sigma_star,6.0,6.25,6.125,0,0,False,False,,0.0,,
NGC4569,post-peak,log_sigma_star,6.25,6.5,6.375,0,0,False,False,,0.0,,
NGC4569,post-peak,log_sigma_star,6.5,6.75,6.625,0,0,False,False,,0.0,,
NGC4569,post-peak,log_sigma_star,6.75,7.0,6.875,0,0,False,False,,0.0,,
NGC4569,post-peak,log_sigma_star,7.0,7.25,7.125,3112,0,True,False,0.0,0.0,,0.0
NGC4569,post-peak,log_sigma_star,7.25,7.5,7.375,59758,1089,True,True,0.018223501455872017,4.536426119046415,0.004165680550088535,7.591328556923618e-05
NGC4569,post-peak,log_sigma_star,7.5,7.75,7.625,171315,5288,True,True,0.030867116131103524,23.65594867516465,0.004473515256271682,0.00013808451492960133
NGC4569,post-peak,log_sigma_star,7.75,8.0,7.875,218005,1871,True,True,0.008582371963945781,14.098748627371537,0.007535408138627225,6.467167554584315e-05
NGC4569,post-peak,log_sigma_star,8.0,8.25,8.125,83475,8211,True,True,0.09836477987421384,209.61802546496443,0.025528927714646744,0.002511147355075944
NGC4569,post-peak,log_sigma_star,8.25,8.5,8.375,54461,19066,True,True,0.3500853822001065,668.6631973880393,0.0350709743726025,0.012277835467362688
NGC4569,post-peak,log_sigma_star,8.5,8.75,8.625,30813,9263,True,True,0.30061986823743225,576.6307835065006,0.062250975224711284,0.018713879969704365
NGC4569,post-peak,log_sigma_star,8.75,9.0,8.875,10432,665,True,True,0.06374616564417178,62.567171274068485,0.09408597184070448,0.00599761994575043
NGC4569,post-peak,log_sigma_star,9.0,9.25,9.125,5141,3,True,False,0.000583544057576347,0.34004010963876224,0.11334670321292074,6.614279510576975e-05
NGC4569,post-peak,log_sigma_star,9.25,9.5,9.375,2445,0,True,False,0.0,0.0,,0.0
NGC4569,post-peak,log_sigma_star,9.5,9.75,9.625,547,0,True,False,0.0,0.0,,0.0
NGC4569,post-peak,log_sigma_star,9.75,10.0,9.875,224,0,True,False,0.0,0.0,,0.0
NGC4569,post-peak,log_sigma_star,10.0,10.25,10.125,109,0,True,False,0.0,0.0,,0.0
NGC4569,post-peak,log_sigma_star,10.25,10.5,10.375,16,0,False,False,,0.0,,
NGC4569,post-peak,log_sigma_star,10.5,10.75,10.625,0,0,False,False,,0.0,,
NGC4569,post-peak,log_sigma_star,10.75,11.0,10.875,0,0,False,False,,0.0,,
NGC4569,post-peak,log_sigma_star,11.0,11.25,11.125,0,0,False,False,,0.0,,
NGC4569,post-peak,radius_re,0.0,0.25,0.125,12420,35,True,True,0.002818035426731079,0.7027958679733627,0.020079881942096076,5.65858186774044e-05
NGC4569,post-peak,radius_re,0.25,0.5,0.375,37881,9107,True,True,0.24041076001161532,231.62253725508236,0.02543346187054819,0.00611447789802493
NGC4569,post-peak,radius_re,0.5,0.75,0.625,63309,18675,True,True,0.29498175614841493,884.624942124386,0.04736947481255079,0.01397313086803434
NGC4569,post-peak,radius_re,0.75,1.0,0.875,88515,10083,True,True,0.11391289611930182,408.39077968233744,0.04050290386614474,0.004613803080634214
NGC4569,post-peak,radius_re,1.0,1.25,1.125,113725,875,True,True,0.007693998681028797,4.726960180581581,0.0054022402063789495,4.1564829022480375e-05
NGC4569,post-peak,radius_re,1.25,1.5,1.375,131815,1441,True,True,0.010931988013503775,3.827654119719162,0.0026562485216649286,2.903807699972812e-05
NGC4569,post-peak,radius_re,1.5,1.75,1.625,103225,4436,True,True,0.042974085735044805,21.735479078709844,0.004899792398266421,0.000210564098607022
NGC4569,post-peak,radius_re,1.75,2.0,1.875,63432,804,True,True,0.012674990541051836,4.479192856004446,0.005571135393040356,7.061408840970561e-05
NGC4569,post-peak,radius_re,2.0,2.25,2.125,22403,0,True,False,0.0,0.0,,0.0
NGC4569,post-peak,radius_re,2.25,2.5,2.375,3128,0,True,False,0.0,0.0,,0.0
NGC4569,post-peak,radius_re,2.5,2.75,2.625,0,0,False,False,,0.0,,
NGC4569,post-peak,radius_re,2.75,3.0,2.875,0,0,False,False,,0.0,,
NGC4569,post-peak,radius_re,3.0,3.25,3.125,0,0,False,False,,0.0,,
NGC4569,post-peak,radius_re,3.25,3.5,3.375,0,0,False,False,,0.0,,
NGC4569,post-peak,radius_re,3.5,3.75,3.625,0,0,False,False,,0.0,,
NGC4569,post-peak,radius_re,3.75,4.0,3.875,0,0,False,False,,0.0,,
NGC4569,post-peak,radius_re,4.0,4.25,4.125,0,0,False,False,,0.0,,
NGC4569,post-peak,radius_re,4.25,4.5,4.375,0,0,False,False,,0.0,,
NGC4569,post-peak,radius_re,4.5,4.75,4.625,0,0,False,False,,0.0,,
NGC4569,post-peak,radius_re,4.75,5.0,4.875,0,0,False,False,,0.0,,
NGC4569,post-peak,radius_re,5.0,5.25,5.125,0,0,False,False,,0.0,,
NGC4569,post-peak,radius_re,5.25,5.5,5.375,0,0,False,False,,0.0,,
NGC4569,post-peak,radius_re,5.5,5.75,5.625,0,0,False,False,,0.0,,
NGC4569,post-peak,radius_re,5.75,6.0,5.875,0,0,False,False,,0.0,,
NGC4569,post-peak,radius_re,6.0,6.25,6.125,0,0,False,False,,0.0,,
NGC4569,post-peak,radius_re,6.25,6.5,6.375,0,0,False,False,,0.0,,
NGC4569,post-peak,radius_re,6.5,6.75,6.625,0,0,False,False,,0.0,,
NGC4569,post-peak,radius_re,6.75,7.0,6.875,0,0,False,False,,0.0,,
NGC4569,post-peak,radius_re,7.0,7.25,7.125,0,0,False,False,,0.0,,
NGC4569,post-peak,radius_re,7.25,7.5,7.375,0,0,False,False,,0.0,,
NGC4569,post-peak,radius_re,7.5,7.75,7.625,0,0,False,False,,0.0,,
NGC4569,post-peak,radius_re,7.75,8.0,7.875,0,0,False,False,,0.0,,
NGC4580,post-peak,log_sigma_star,5.75,6.0,5.875,0,0,False,False,,0.0,,
NGC4580,post-peak,log_sigma_star,6.0,6.25,6.125,0,0,False,False,,0.0,,
NGC4580,post-peak,log_sigma_star,6.25,6.5,6.375,0,0,False,False,,0.0,,
NGC4580,post-peak,log_sigma_star,6.5,6.75,6.625,0,0,False,False,,0.0,,
NGC4580,post-peak,log_sigma_star,6.75,7.0,6.875,0,0,False,False,,0.0,,
NGC4580,post-peak,log_sigma_star,7.0,7.25,7.125,0,0,False,False,,0.0,,
NGC4580,post-peak,log_sigma_star,7.25,7.5,7.375,0,0,False,False,,0.0,,
NGC4580,post-peak,log_sigma_star,7.5,7.75,7.625,1110,6,True,False,0.005405405405405406,0.29689318354005984,0.04948219725667664,0.00026747133652257643
NGC4580,post-peak,log_sigma_star,7.75,8.0,7.875,16268,56,True,True,0.0034423407917383822,1.4440660601701087,0.025786893931609083,8.87672768730089e-05
NGC4580,post-peak,log_sigma_star,8.0,8.25,8.125,40924,2109,True,True,0.05153455185221386,34.575997274988616,0.016394498470833862,0.0008448831315362286
NGC4580,post-peak,log_sigma_star,8.25,8.5,8.375,26486,12044,True,True,0.4547308011779808,216.54437397448157,0.017979439884961937,0.008175805103620084
NGC4580,post-peak,log_sigma_star,8.5,8.75,8.625,10240,7361,True,True,0.71884765625,137.53586191721416,0.018684399119306368,0.013431236515352945
NGC4580,post-peak,log_sigma_star,8.75,9.0,8.875,2879,815,True,True,0.28308440430705106,14.13825215002954,0.017347548650342996,0.004910820475869934
NGC4580,post-peak,log_sigma_star,9.0,9.25,9.125,700,34,True,True,0.04857142857142857,0.6303116490376374,0.01853857791287169,0.0009004452129109105
NGC4580,post-peak,log_sigma_star,9.25,9.5,9.375,91,0,True,False,0.0,0.0,,0.0
NGC4580,post-peak,log_sigma_star,9.5,9.75,9.625,7,0,False,False,,0.0,,
NGC4580,post-peak,log_sigma_star,9.75,10.0,9.875,0,0,False,False,,0.0,,
NGC4580,post-peak,log_sigma_star,10.0,10.25,10.125,0,0,False,False,,0.0,,
NGC4580,post-peak,log_sigma_star,10.25,10.5,10.375,0,0,False,False,,0.0,,
NGC4580,post-peak,log_sigma_star,10.5,10.75,10.625,0,0,False,False,,0.0,,
NGC4580,post-peak,log_sigma_star,10.75,11.0,10.875,0,0,False,False,,0.0,,
NGC4580,post-peak,log_sigma_star,11.0,11.25,11.125,0,0,False,False,,0.0,,
NGC4580,post-peak,radius_re,0.0,0.25,0.125,2968,631,True,True,0.2126010781671159,12.56606733832793,0.019914528269933326,0.004233850181377335
NGC4580,post-peak,radius_re,0.25,0.5,0.375,8803,5609,True,True,0.6371691468817449,87.87774422309349,0.015667274776803974,0.009982704103498068
NGC4580,post-peak,radius_re,0.5,0.75,0.625,14856,12979,True,True,0.8736537425955843,279.7196960384907,0.02155171400250333,0.018828735597636693
NGC4580,post-peak,radius_re,0.75,1.0,0.875,20650,3206,True,True,0.1552542372881356,25.002248609549532,0.007798580352323622,0.0012107626445302436
NGC4580,post-peak,radius_re,1.0,1.25,1.125,25852,0,True,False,0.0,0.0,,0.0
NGC4580,post-peak,radius_re,1.25,1.5,1.375,19226,0,True,False,0.0,0.0,,0.0
NGC4580,post-peak,radius_re,1.5,1.75,1.625,5385,0,True,False,0.0,0.0,,0.0
NGC4580,post-peak,radius_re,1.75,2.0,1.875,965,0,True,False,0.0,0.0,,0.0
NGC4580,post-peak,radius_re,2.0,2.25,2.125,0,0,False,False,,0.0,,
NGC4580,post-peak,radius_re,2.25,2.5,2.375,0,0,False,False,,0.0,,
NGC4580,post-peak,radius_re,2.5,2.75,2.625,0,0,False,False,,0.0,,
NGC4580,post-peak,radius_re,2.75,3.0,2.875,0,0,False,False,,0.0,,
NGC4580,post-peak,radius_re,3.0,3.25,3.125,0,0,False,False,,0.0,,
NGC4580,post-peak,radius_re,3.25,3.5,3.375,0,0,False,False,,0.0,,
NGC4580,post-peak,radius_re,3.5,3.75,3.625,0,0,False,False,,0.0,,
NGC4580,post-peak,radius_re,3.75,4.0,3.875,0,0,False,False,,0.0,,
NGC4580,post-peak,radius_re,4.0,4.25,4.125,0,0,False,False,,0.0,,
NGC4580,post-peak,radius_re,4.25,4.5,4.375,0,0,False,False,,0.0,,
NGC4580,post-peak,radius_re,4.5,4.75,4.625,0,0,False,False,,0.0,,
NGC4580,post-peak,radius_re,4.75,5.0,4.875,0,0,False,False,,0.0,,
NGC4580,post-peak,radius_re,5.0,5.25,5.125,0,0,False,False,,0.0,,
NGC4580,post-peak,radius_re,5.25,5.5,5.375,0,0,False,False,,0.0,,
NGC4580,post-peak,radius_re,5.5,5.75,5.625,0,0,False,False,,0.0,,
NGC4580,post-peak,radius_re,5.75,6.0,5.875,0,0,False,False,,0.0,,
NGC4580,post-peak,radius_re,6.0,6.25,6.125,0,0,False,False,,0.0,,
NGC4580,post-peak,radius_re,6.25,6.5,6.375,0,0,False,False,,0.0,,
NGC4580,post-peak,radius_re,6.5,6.75,6.625,0,0,False,False,,0.0,,
NGC4580,post-peak,radius_re,6.75,7.0,6.875,0,0,False,False,,0.0,,
NGC4580,post-peak,radius_re,7.0,7.25,7.125,0,0,False,False,,0.0,,
NGC4580,post-peak,radius_re,7.25,7.5,7.375,0,0,False,False,,0.0,,
NGC4580,post-peak,radius_re,7.5,7.75,7.625,0,0,False,False,,0.0,,
NGC4580,post-peak,radius_re,7.75,8.0,7.875,0,0,False,False,,0.0,,
NGC4606,post-peak,log_sigma_star,5.75,6.0,5.875,0,0,False,False,,0.0,,
NGC4606,post-peak,log_sigma_star,6.0,6.25,6.125,0,0,False,False,,0.0,,
NGC4606,post-peak,log_sigma_star,6.25,6.5,6.375,0,0,False,False,,0.0,,
NGC4606,post-peak,log_sigma_star,6.5,6.75,6.625,0,0,False,False,,0.0,,
NGC4606,post-peak,log_sigma_star,6.75,7.0,6.875,0,0,False,False,,0.0,,
NGC4606,post-peak,log_sigma_star,7.0,7.25,7.125,2411,0,True,False,0.0,0.0,,0.0
NGC4606,post-peak,log_sigma_star,7.25,7.5,7.375,15046,0,True,False,0.0,0.0,,0.0
NGC4606,post-peak,log_sigma_star,7.5,7.75,7.625,19036,0,True,False,0.0,0.0,,0.0
NGC4606,post-peak,log_sigma_star,7.75,8.0,7.875,22173,0,True,False,0.0,0.0,,0.0
NGC4606,post-peak,log_sigma_star,8.0,8.25,8.125,12968,121,True,True,0.009330660086366441,2.4208213621340113,0.02000678811681001,0.00018667653933790958
NGC4606,post-peak,log_sigma_star,8.25,8.5,8.375,5752,498,True,True,0.08657858136300417,12.769146720028832,0.025640856867527775,0.0022199490125223978
NGC4606,post-peak,log_sigma_star,8.5,8.75,8.625,2057,837,True,True,0.40690325717063686,49.20039256117595,0.058781831016936625,0.02391851850324548
NGC4606,post-peak,log_sigma_star,8.75,9.0,8.875,287,269,True,True,0.9372822299651568,31.628625130274614,0.11757853208280526,0.11020426874660144
NGC4606,post-peak,log_sigma_star,9.0,9.25,9.125,26,26,False,True,,5.866864379605136,0.22564862998481294,
NGC4606,post-peak,log_sigma_star,9.25,9.5,9.375,1,1,False,False,,0.3792188242263548,0.3792188242263548,
NGC4606,post-peak,log_sigma_star,9.5,9.75,9.625,0,0,False,False,,0.0,,
NGC4606,post-peak,log_sigma_star,9.75,10.0,9.875,0,0,False,False,,0.0,,
NGC4606,post-peak,log_sigma_star,10.0,10.25,10.125,0,0,False,False,,0.0,,
NGC4606,post-peak,log_sigma_star,10.25,10.5,10.375,0,0,False,False,,0.0,,
NGC4606,post-peak,log_sigma_star,10.5,10.75,10.625,0,0,False,False,,0.0,,
NGC4606,post-peak,log_sigma_star,10.75,11.0,10.875,0,0,False,False,,0.0,,
NGC4606,post-peak,log_sigma_star,11.0,11.25,11.125,0,0,False,False,,0.0,,
NGC4606,post-peak,radius_re,0.0,0.25,0.125,2531,1303,True,True,0.5148162781509285,95.42026438499417,0.07323120827704847,0.03770061808968557
NGC4606,post-peak,radius_re,0.25,0.5,0.375,7562,449,True,True,0.05937582650092568,6.844804592450729,0.015244553658019442,0.0009051579730826142
NGC4606,post-peak,radius_re,0.5,0.75,0.625,12630,0,True,False,0.0,0.0,,0.0
NGC4606,post-peak,radius_re,0.75,1.0,0.875,15405,0,True,False,0.0,0.0,,0.0
NGC4606,post-peak,radius_re,1.0,1.25,1.125,12620,0,True,False,0.0,0.0,,0.0
NGC4606,post-peak,radius_re,1.25,1.5,1.375,11816,0,True,False,0.0,0.0,,0.0
NGC4606,post-peak,radius_re,1.5,1.75,1.625,10303,0,True,False,0.0,0.0,,0.0
NGC4606,post-peak,radius_re,1.75,2.0,1.875,5840,0,True,False,0.0,0.0,,0.0
NGC4606,post-peak,radius_re,2.0,2.25,2.125,1050,0,True,False,0.0,0.0,,0.0
NGC4606,post-peak,radius_re,2.25,2.5,2.375,0,0,False,False,,0.0,,
NGC4606,post-peak,radius_re,2.5,2.75,2.625,0,0,False,False,,0.0,,
NGC4606,post-peak,radius_re,2.75,3.0,2.875,0,0,False,False,,0.0,,
NGC4606,post-peak,radius_re,3.0,3.25,3.125,0,0,False,False,,0.0,,
NGC4606,post-peak,radius_re,3.25,3.5,3.375,0,0,False,False,,0.0,,
NGC4606,post-peak,radius_re,3.5,3.75,3.625,0,0,False,False,,0.0,,
NGC4606,post-peak,radius_re,3.75,4.0,3.875,0,0,False,False,,0.0,,
NGC4606,post-peak,radius_re,4.0,4.25,4.125,0,0,False,False,,0.0,,
NGC4606,post-peak,radius_re,4.25,4.5,4.375,0,0,False,False,,0.0,,
NGC4606,post-peak,radius_re,4.5,4.75,4.625,0,0,False,False,,0.0,,
NGC4606,post-peak,radius_re,4.75,5.0,4.875,0,0,False,False,,0.0,,
NGC4606,post-peak,radius_re,5.0,5.25,5.125,0,0,False,False,,0.0,,
NGC4606,post-peak,radius_re,5.25,5.5,5.375,0,0,False,False,,0.0,,
NGC4606,post-peak,radius_re,5.5,5.75,5.625,0,0,False,False,,0.0,,
NGC4606,post-peak,radius_re,5.75,6.0,5.875,0,0,False,False,,0.0,,
NGC4606,post-peak,radius_re,6.0,6.25,6.125,0,0,False,False,,0.0,,
NGC4606,post-peak,radius_re,6.25,6.5,6.375,0,0,False,False,,0.0,,
NGC4606,post-peak,radius_re,6.5,6.75,6.625,0,0,False,False,,0.0,,
NGC4606,post-peak,radius_re,6.75,7.0,6.875,0,0,False,False,,0.0,,
NGC4606,post-peak,radius_re,7.0,7.25,7.125,0,0,False,False,,0.0,,
NGC4606,post-peak,radius_re,7.25,7.5,7.375,0,0,False,False,,0.0,,
NGC4606,post-peak,radius_re,7.5,7.75,7.625,0,0,False,False,,0.0,,
NGC4606,post-peak,radius_re,7.75,8.0,7.875,0,0,False,False,,0.0,,
NGC4698,post-peak,log_sigma_star,5.75,6.0,5.875,0,0,False,False,,0.0,,
NGC4698,post-peak,log_sigma_star,6.0,6.25,6.125,0,0,False,False,,0.0,,
NGC4698,post-peak,log_sigma_star,6.25,6.5,6.375,0,0,False,False,,0.0,,
NGC4698,post-peak,log_sigma_star,6.5,6.75,6.625,0,0,False,False,,0.0,,
NGC4698,post-peak,log_sigma_star,6.75,7.0,6.875,0,0,False,False,,0.0,,
NGC4698,post-peak,log_sigma_star,7.0,7.25,7.125,0,0,False,False,,0.0,,
NGC4698,post-peak,log_sigma_star,7.25,7.5,7.375,2518,0,True,False,0.0,0.0,,0.0
NGC4698,post-peak,log_sigma_star,7.5,7.75,7.625,21673,1050,True,True,0.04844737692059244,1.376485011971548,0.0013109381066395696,6.351151257193503e-05
NGC4698,post-peak,log_sigma_star,7.75,8.0,7.875,44578,2637,True,True,0.059154740006281126,6.229482788637135,0.002362337045368652,0.00013974343372598894
NGC4698,post-peak,log_sigma_star,8.0,8.25,8.125,56790,2118,True,True,0.037295298468040146,5.9447276778618345,0.002806764720425795,0.0001046791279778453
NGC4698,post-peak,log_sigma_star,8.25,8.5,8.375,55079,676,True,True,0.01227328019753445,3.86313697568524,0.005714699668173432,7.013811027224968e-05
NGC4698,post-peak,log_sigma_star,8.5,8.75,8.625,25795,54,True,True,0.002093428959100601,0.2028867997880162,0.0037571629590373366,7.865353742508865e-06
NGC4698,post-peak,log_sigma_star,8.75,9.0,8.875,9696,0,True,False,0.0,0.0,,0.0
NGC4698,post-peak,log_sigma_star,9.0,9.25,9.125,4435,0,True,False,0.0,0.0,,0.0
NGC4698,post-peak,log_sigma_star,9.25,9.5,9.375,1846,0,True,False,0.0,0.0,,0.0
NGC4698,post-peak,log_sigma_star,9.5,9.75,9.625,814,0,True,False,0.0,0.0,,0.0
NGC4698,post-peak,log_sigma_star,9.75,10.0,9.875,320,0,True,False,0.0,0.0,,0.0
NGC4698,post-peak,log_sigma_star,10.0,10.25,10.125,137,0,True,False,0.0,0.0,,0.0
NGC4698,post-peak,log_sigma_star,10.25,10.5,10.375,63,0,True,False,0.0,0.0,,0.0
NGC4698,post-peak,log_sigma_star,10.5,10.75,10.625,0,0,False,False,,0.0,,
NGC4698,post-peak,log_sigma_star,10.75,11.0,10.875,0,0,False,False,,0.0,,
NGC4698,post-peak,log_sigma_star,11.0,11.25,11.125,0,0,False,False,,0.0,,
NGC4698,post-peak,radius_re,0.0,0.25,0.125,3094,0,True,False,0.0,0.0,,0.0
NGC4698,post-peak,radius_re,0.25,0.5,0.375,9251,0,True,False,0.0,0.0,,0.0
NGC4698,post-peak,radius_re,0.5,0.75,0.625,15446,0,True,False,0.0,0.0,,0.0
NGC4698,post-peak,radius_re,0.75,1.0,0.875,21615,0,True,False,0.0,0.0,,0.0
NGC4698,post-peak,radius_re,1.0,1.25,1.125,27782,94,True,True,0.003383485710172054,0.3119058505139438,0.003318147345893019,1.1226904129074359e-05
NGC4698,post-peak,radius_re,1.25,1.5,1.375,33942,1042,True,True,0.030699428436745037,5.057655303344045,0.004853795876529793,0.00014900875915809452
NGC4698,post-peak,radius_re,1.5,1.75,1.625,39137,2084,True,True,0.053248843805094925,5.92475492554424,0.0028429726130250674,0.0001513850046131344
NGC4698,post-peak,radius_re,1.75,2.0,1.875,38042,2013,True,True,0.05291519899058935,4.6636445882725654,0.002316763332475194,0.0001225919927520258
NGC4698,post-peak,radius_re,2.0,2.25,2.125,27013,806,True,True,0.029837485655054972,1.1456031279907308,0.0014213438312540084,4.2409326175942355e-05
NGC4698,post-peak,radius_re,2.25,2.5,2.375,8270,496,True,True,0.05997581620314389,0.5131554582782507,0.0010345876174964732,6.205023679301702e-05
NGC4698,post-peak,radius_re,2.5,2.75,2.625,152,0,True,False,0.0,0.0,,0.0
NGC4698,post-peak,radius_re,2.75,3.0,2.875,0,0,False,False,,0.0,,
NGC4698,post-peak,radius_re,3.0,3.25,3.125,0,0,False,False,,0.0,,
NGC4698,post-peak,radius_re,3.25,3.5,3.375,0,0,False,False,,0.0,,
NGC4698,post-peak,radius_re,3.5,3.75,3.625,0,0,False,False,,0.0,,
NGC4698,post-peak,radius_re,3.75,4.0,3.875,0,0,False,False,,0.0,,
NGC4698,post-peak,radius_re,4.0,4.25,4.125,0,0,False,False,,0.0,,
NGC4698,post-peak,radius_re,4.25,4.5,4.375,0,0,False,False,,0.0,,
NGC4698,post-peak,radius_re,4.5,4.75,4.625,0,0,False,False,,0.0,,
NGC4698,post-peak,radius_re,4.75,5.0,4.875,0,0,False,False,,0.0,,
NGC4698,post-peak,radius_re,5.0,5.25,5.125,0,0,False,False,,0.0,,
NGC4698,post-peak,radius_re,5.25,5.5,5.375,0,0,False,False,,0.0,,
NGC4698,post-peak,radius_re,5.5,5.75,5.625,0,0,False,False,,0.0,,
NGC4698,post-peak,radius_re,5.75,6.0,5.875,0,0,False,False,,0.0,,
NGC4698,post-peak,radius_re,6.0,6.25,6.125,0,0,False,False,,0.0,,
NGC4698,post-peak,radius_re,6.25,6.5,6.375,0,0,False,False,,0.0,,
NGC4698,post-peak,radius_re,6.5,6.75,6.625,0,0,False,False,,0.0,,
NGC4698,post-peak,radius_re,6.75,7.0,6.875,0,0,False,False,,0.0,,
NGC4698,post-peak,radius_re,7.0,7.25,7.125,0,0,False,False,,0.0,,
NGC4698,post-peak,radius_re,7.25,7.5,7.375,0,0,False,False,,0.0,,
NGC4698,post-peak,radius_re,7.5,7.75,7.625,0,0,False,False,,0.0,,
NGC4698,post-peak,radius_re,7.75,8.0,7.875,0,0,False,False,,0.0,,
NGC4189,pre-peak,log_sigma_star,5.75,6.0,5.875,0,0,False,False,,0.0,,
NGC4189,pre-peak,log_sigma_star,6.0,6.25,6.125,0,0,False,False,,0.0,,
NGC4189,pre-peak,log_sigma_star,6.25,6.5,6.375,0,0,False,False,,0.0,,
NGC4189,pre-peak,log_sigma_star,6.5,6.75,6.625,0,0,False,False,,0.0,,
NGC4189,pre-peak,log_sigma_star,6.75,7.0,6.875,0,0,False,False,,0.0,,
NGC4189,pre-peak,log_sigma_star,7.0,7.25,7.125,305,305,True,True,1.0,0.5906297348739986,0.0019364909340131103,0.0019364909340131103
NGC4189,pre-peak,log_sigma_star,7.25,7.5,7.375,9467,6962,True,True,0.7353966409633463,38.75447117904204,0.005566571556886246,0.00409363802461625
NGC4189,pre-peak,log_sigma_star,7.5,7.75,7.625,32276,24926,True,True,0.7722766142025034,194.72820323979218,0.007812252396685877,0.006033219830207962
NGC4189,pre-peak,log_sigma_star,7.75,8.0,7.875,38709,28962,True,True,0.7481980934666357,407.427575803221,0.014067660237663869,0.010525396569356506
NGC4189,pre-peak,log_sigma_star,8.0,8.25,8.125,26638,16506,True,True,0.6196411141977626,375.8079806390709,0.02276796199194662,0.014107965336702112
NGC4189,pre-peak,log_sigma_star,8.25,8.5,8.375,9109,2824,True,True,0.31002305412229664,69.55510732572654,0.024629995511942827,0.007635866431630974
NGC4189,pre-peak,log_sigma_star,8.5,8.75,8.625,2865,166,True,True,0.05794066317626527,2.289185385935755,0.013790273409251538,0.0007990175867140507
NGC4189,pre-peak,log_sigma_star,8.75,9.0,8.875,1074,17,True,False,0.015828677839851025,0.3024266528998818,0.017789803111757752,0.00028158906229039274
NGC4189,pre-peak,log_sigma_star,9.0,9.25,9.125,309,1,True,False,0.003236245954692557,0.15113340584703724,0.15113340584703724,0.0004891048732913826
NGC4189,pre-peak,log_sigma_star,9.25,9.5,9.375,121,1,True,False,0.008264462809917356,0.8641466294510813,0.8641466294510813,0.0071417076814138955
NGC4189,pre-peak,log_sigma_star,9.5,9.75,9.625,43,1,False,False,,1.7577120123161758,1.7577120123161758,
NGC4189,pre-peak,log_sigma_star,9.75,10.0,9.875,1,0,False,False,,0.0,,
NGC4189,pre-peak,log_sigma_star,10.0,10.25,10.125,0,0,False,False,,0.0,,
NGC4189,pre-peak,log_sigma_star,10.25,10.5,10.375,0,0,False,False,,0.0,,
NGC4189,pre-peak,log_sigma_star,10.5,10.75,10.625,0,0,False,False,,0.0,,
NGC4189,pre-peak,log_sigma_star,10.75,11.0,10.875,0,0,False,False,,0.0,,
NGC4189,pre-peak,log_sigma_star,11.0,11.25,11.125,0,0,False,False,,0.0,,
NGC4189,pre-peak,radius_re,0.0,0.25,0.125,4578,188,True,True,0.04106596767147226,5.446997693074582,0.028973391984439267,0.0011898203785658764
NGC4189,pre-peak,radius_re,0.25,0.5,0.375,13742,4530,True,True,0.32964633968854606,35.29008486769507,0.007790305710307963,0.002568045762457799
NGC4189,pre-peak,radius_re,0.5,0.75,0.625,22923,12640,True,True,0.5514112463464642,189.28093858516144,0.014974757799458975,0.008257249861936109
NGC4189,pre-peak,radius_re,0.75,1.0,0.875,30386,23950,True,True,0.7881919304943066,257.93753625987705,0.010769834499368561,0.00848869664516149
NGC4189,pre-peak,radius_re,1.0,1.25,1.125,26174,20604,True,True,0.787193398028578,311.80413055406484,0.015133184360030326,0.011912742819365203
NGC4189,pre-peak,radius_re,1.25,1.5,1.375,17879,14336,True,True,0.8018345545052855,253.38397682369765,0.017674663561920875,0.014172155983203627
NGC4189,pre-peak,radius_re,1.5,1.75,1.625,5235,4423,True,True,0.8448901623686724,39.08490722460576,0.008836741402804828,0.007466075878625742
NGC4189,pre-peak,radius_re,1.75,2.0,1.875,0,0,False,False,,0.0,,
NGC4189,pre-peak,radius_re,2.0,2.25,2.125,0,0,False,False,,0.0,,
NGC4189,pre-peak,radius_re,2.25,2.5,2.375,0,0,False,False,,0.0,,
NGC4189,pre-peak,radius_re,2.5,2.75,2.625,0,0,False,False,,0.0,,
NGC4189,pre-peak,radius_re,2.75,3.0,2.875,0,0,False,False,,0.0,,
NGC4189,pre-peak,radius_re,3.0,3.25,3.125,0,0,False,False,,0.0,,
NGC4189,pre-peak,radius_re,3.25,3.5,3.375,0,0,False,False,,0.0,,
NGC4189,pre-peak,radius_re,3.5,3.75,3.625,0,0,False,False,,0.0,,
NGC4189,pre-peak,radius_re,3.75,4.0,3.875,0,0,False,False,,0.0,,
NGC4189,pre-peak,radius_re,4.0,4.25,4.125,0,0,False,False,,0.0,,
NGC4189,pre-peak,radius_re,4.25,4.5,4.375,0,0,False,False,,0.0,,
NGC4189,pre-peak,radius_re,4.5,4.75,4.625,0,0,False,False,,0.0,,
NGC4189,pre-peak,radius_re,4.75,5.0,4.875,0,0,False,False,,0.0,,
NGC4189,pre-peak,radius_re,5.0,5.25,5.125,0,0,False,False,,0.0,,
NGC4189,pre-peak,radius_re,5.25,5.5,5.375,0,0,False,False,,0.0,,
NGC4189,pre-peak,radius_re,5.5,5.75,5.625,0,0,False,False,,0.0,,
NGC4189,pre-peak,radius_re,5.75,6.0,5.875,0,0,False,False,,0.0,,
NGC4189,pre-peak,radius_re,6.0,6.25,6.125,0,0,False,False,,0.0,,
NGC4189,pre-peak,radius_re,6.25,6.5,6.375,0,0,False,False,,0.0,,
NGC4189,pre-peak,radius_re,6.5,6.75,6.625,0,0,False,False,,0.0,,
NGC4189,pre-peak,radius_re,6.75,7.0,6.875,0,0,False,False,,0.0,,
NGC4189,pre-peak,radius_re,7.0,7.25,7.125,0,0,False,False,,0.0,,
NGC4189,pre-peak,radius_re,7.25,7.5,7.375,0,0,False,False,,0.0,,
NGC4189,pre-peak,radius_re,7.5,7.75,7.625,0,0,False,False,,0.0,,
NGC4189,pre-peak,radius_re,7.75,8.0,7.875,0,0,False,False,,0.0,,
NGC4254,pre-peak,log_sigma_star,5.75,6.0,5.875,0,0,False,False,,0.0,,
NGC4254,pre-peak,log_sigma_star,6.0,6.25,6.125,0,0,False,False,,0.0,,
NGC4254,pre-peak,log_sigma_star,6.25,6.5,6.375,0,0,False,False,,0.0,,
NGC4254,pre-peak,log_sigma_star,6.5,6.75,6.625,185,185,True,True,1.0,0.6963166803536309,0.0037638739478574644,0.0037638739478574644
NGC4254,pre-peak,log_sigma_star,6.75,7.0,6.875,3296,2178,True,True,0.6608009708737864,14.125970173437317,0.006485753064020806,0.004285791921552584
NGC4254,pre-peak,log_sigma_star,7.0,7.25,7.125,22080,14972,True,True,0.6780797101449275,104.54085844576959,0.006982424421972321,0.004734640328159854
NGC4254,pre-peak,log_sigma_star,7.25,7.5,7.375,79209,54119,True,True,0.6832430658132282,704.912446913383,0.013025230453507695,0.008899398387978423
NGC4254,pre-peak,log_sigma_star,7.5,7.75,7.625,151022,106105,True,True,0.7025797565917549,1663.1631191969166,0.01567469128878862,0.01101272079032801
NGC4254,pre-peak,log_sigma_star,7.75,8.0,7.875,142002,100196,True,True,0.7055956958352699,2806.638724037427,0.028011484730302877,0.019764783059657096
NGC4254,pre-peak,log_sigma_star,8.0,8.25,8.125,105221,83748,True,True,0.7959247678695317,3782.1524449222334,0.045161107667314244,0.035944844136838024
NGC4254,pre-peak,log_sigma_star,8.25,8.5,8.375,73457,55768,True,True,0.759192452727446,3719.9076899672764,0.06670326513354032,0.050640615461661605
NGC4254,pre-peak,log_sigma_star,8.5,8.75,8.625,36987,28677,True,True,0.7753264660556412,2393.85254732019,0.08347639388081703,0.06472145746668262
NGC4254,pre-peak,log_sigma_star,8.75,9.0,8.875,14460,12740,True,True,0.8810511756569848,1258.2926544553957,0.09876708433715822,0.08701885577146581
NGC4254,pre-peak,log_sigma_star,9.0,9.25,9.125,6231,5020,True,True,0.8056491734874017,635.3397324800593,0.12656169969722297,0.10196432875622842
NGC4254,pre-peak,log_sigma_star,9.25,9.5,9.375,2787,1776,True,True,0.6372443487621098,297.65551037040325,0.16759882340675858,0.10680140307513572
NGC4254,pre-peak,log_sigma_star,9.5,9.75,9.625,781,505,True,True,0.646606914212548,150.09147438011883,0.29721084035667095,0.19217858435354523
NGC4254,pre-peak,log_sigma_star,9.75,10.0,9.875,131,34,True,True,0.2595419847328244,10.59765650664145,0.31169577960710143,0.08089814127207214
NGC4254,pre-peak,log_sigma_star,10.0,10.25,10.125,18,0,False,False,,0.0,,
NGC4254,pre-peak,log_sigma_star,10.25,10.5,10.375,6,0,False,False,,0.0,,
NGC4254,pre-peak,log_sigma_star,10.5,10.75,10.625,3,0,False,False,,0.0,,
NGC4254,pre-peak,log_sigma_star,10.75,11.0,10.875,0,0,False,False,,0.0,,
NGC4254,pre-peak,log_sigma_star,11.0,11.25,11.125,0,0,False,False,,0.0,,
NGC4254,pre-peak,radius_re,0.0,0.25,0.125,8913,6366,True,True,0.7142376304274655,934.5526558721878,0.14680374738802823,0.10485276067229751
NGC4254,pre-peak,radius_re,0.25,0.5,0.375,26724,23147,True,True,0.866150276904655,2120.4137000311966,0.09160641551955746,0.07934492216850758
NGC4254,pre-peak,radius_re,0.5,0.75,0.625,44549,34119,True,True,0.7658757772340569,2278.9283760721705,0.06679352783118411,0.051155545041912734
NGC4254,pre-peak,radius_re,0.75,1.0,0.875,62216,43714,True,True,0.7026166902404526,2494.686030754551,0.05706835409147072,0.04009717806921935
NGC4254,pre-peak,radius_re,1.0,1.25,1.125,79197,54289,True,True,0.6854931373663143,2254.3634598562753,0.04152523457525973,0.02846526332886694
NGC4254,pre-peak,radius_re,1.25,1.5,1.375,92286,62843,True,True,0.6809591920768047,2348.3669738233307,0.03736879165258391,0.025446622172629985
NGC4254,pre-peak,radius_re,1.5,1.75,1.625,93488,69898,True,True,0.7476681499229848,1680.3577937215962,0.024040141259000204,0.017974047939003895
NGC4254,pre-peak,radius_re,1.75,2.0,1.875,87995,64250,True,True,0.7301551224501392,1467.1854497941176,0.022835571203021286,0.01667350928796088
NGC4254,pre-peak,radius_re,2.0,2.25,2.125,67134,49094,True,True,0.731283701254208,685.489861444918,0.01396280322330464,0.010210770421022404
NGC4254,pre-peak,radius_re,2.25,2.5,2.375,41581,30839,True,True,0.7416608547172988,756.3304975283886,0.024525130436408075,0.018189329201519652
NGC4254,pre-peak,radius_re,2.5,2.75,2.625,18086,14540,True,True,0.8039367466548711,380.01940836383153,0.026136135375779336,0.021011799644135326
NGC4254,pre-peak,radius_re,2.75,3.0,2.875,10921,9551,True,True,0.8745536123065654,114.89530860204198,0.012029662716159772,0.010520584983247136
NGC4254,pre-peak,radius_re,3.0,3.25,3.125,4734,3321,True,True,0.7015209125475285,26.21674501939274,0.007894232164827684,0.005537968952131969
NGC4254,pre-peak,radius_re,3.25,3.5,3.375,52,52,True,True,1.0,0.16088496560696838,0.0030939416462878533,0.0030939416462878533
NGC4254,pre-peak,radius_re,3.5,3.75,3.625,0,0,False,False,,0.0,,
NGC4254,pre-peak,radius_re,3.75,4.0,3.875,0,0,False,False,,0.0,,
NGC4254,pre-peak,radius_re,4.0,4.25,4.125,0,0,False,False,,0.0,,
NGC4254,pre-peak,radius_re,4.25,4.5,4.375,0,0,False,False,,0.0,,
NGC4254,pre-peak,radius_re,4.5,4.75,4.625,0,0,False,False,,0.0,,
NGC4254,pre-peak,radius_re,4.75,5.0,4.875,0,0,False,False,,0.0,,
NGC4254,pre-peak,radius_re,5.0,5.25,5.125,0,0,False,False,,0.0,,
NGC4254,pre-peak,radius_re,5.25,5.5,5.375,0,0,False,False,,0.0,,
NGC4254,pre-peak,radius_re,5.5,5.75,5.625,0,0,False,False,,0.0,,
NGC4254,pre-peak,radius_re,5.75,6.0,5.875,0,0,False,False,,0.0,,
NGC4254,pre-peak,radius_re,6.0,6.25,6.125,0,0,False,False,,0.0,,
NGC4254,pre-peak,radius_re,6.25,6.5,6.375,0,0,False,False,,0.0,,
NGC4254,pre-peak,radius_re,6.5,6.75,6.625,0,0,False,False,,0.0,,
NGC4254,pre-peak,radius_re,6.75,7.0,6.875,0,0,False,False,,0.0,,
NGC4254,pre-peak,radius_re,7.0,7.25,7.125,0,0,False,False,,0.0,,
NGC4254,pre-peak,radius_re,7.25,7.5,7.375,0,0,False,False,,0.0,,
NGC4254,pre-peak,radius_re,7.5,7.75,7.625,0,0,False,False,,0.0,,
NGC4254,pre-peak,radius_re,7.75,8.0,7.875,0,0,False,False,,0.0,,
NGC4294,pre-peak,log_sigma_star,5.75,6.0,5.875,0,0,False,False,,0.0,,
NGC4294,pre-peak,log_sigma_star,6.0,6.25,6.125,0,0,False,False,,0.0,,
NGC4294,pre-peak,log_sigma_star,6.25,6.5,6.375,443,0,True,False,0.0,0.0,,0.0
NGC4294,pre-peak,log_sigma_star,6.5,6.75,6.625,1191,184,True,True,0.15449202350965574,0.6932992057368925,0.0037679304659613724,0.0005821152021300525
NGC4294,pre-peak,log_sigma_star,6.75,7.0,6.875,17014,4581,True,True,0.26924885388503583,5.987048124659736,0.0013069303917615663,0.00035188951008932265
NGC4294,pre-peak,log_sigma_star,7.0,7.25,7.125,33403,13082,True,True,0.39164146932910215,28.02482602540119,0.002142243236921051,0.0008389912889680924
NGC4294,pre-peak,log_sigma_star,7.25,7.5,7.375,34061,21764,True,True,0.6389712574498694,99.30773408085878,0.00456293576919954,0.0029155848061084167
NGC4294,pre-peak,log_sigma_star,7.5,7.75,7.625,19830,14606,True,True,0.7365607665153807,138.57607961307542,0.009487613283107998,0.006988203712207535
NGC4294,pre-peak,log_sigma_star,7.75,8.0,7.875,11120,8592,True,True,0.7726618705035971,165.4211955101239,0.019252932438329134,0.014876006790478768
NGC4294,pre-peak,log_sigma_star,8.0,8.25,8.125,5169,3706,True,True,0.7169665312439544,97.00387932079413,0.02617481902881655,0.01876646920502885
NGC4294,pre-peak,log_sigma_star,8.25,8.5,8.375,1180,962,True,True,0.8152542372881356,27.225596214211954,0.02830103556570889,0.023072539164586403
NGC4294,pre-peak,log_sigma_star,8.5,8.75,8.625,35,35,False,True,,1.0825780626943464,0.030930801791267042,
NGC4294,pre-peak,log_sigma_star,8.75,9.0,8.875,0,0,False,False,,0.0,,
NGC4294,pre-peak,log_sigma_star,9.0,9.25,9.125,0,0,False,False,,0.0,,
NGC4294,pre-peak,log_sigma_star,9.25,9.5,9.375,0,0,False,False,,0.0,,
NGC4294,pre-peak,log_sigma_star,9.5,9.75,9.625,0,0,False,False,,0.0,,
NGC4294,pre-peak,log_sigma_star,9.75,10.0,9.875,0,0,False,False,,0.0,,
NGC4294,pre-peak,log_sigma_star,10.0,10.25,10.125,0,0,False,False,,0.0,,
NGC4294,pre-peak,log_sigma_star,10.25,10.5,10.375,0,0,False,False,,0.0,,
NGC4294,pre-peak,log_sigma_star,10.5,10.75,10.625,0,0,False,False,,0.0,,
NGC4294,pre-peak,log_sigma_star,10.75,11.0,10.875,0,0,False,False,,0.0,,
NGC4294,pre-peak,log_sigma_star,11.0,11.25,11.125,0,0,False,False,,0.0,,
NGC4294,pre-peak,radius_re,0.0,0.25,0.125,1881,1362,True,True,0.7240829346092504,37.229469604009076,0.027334412337745282,0.019792381501333906
NGC4294,pre-peak,radius_re,0.25,0.5,0.375,5636,4076,True,True,0.723207948899929,80.082674631816,0.019647368653536803,0.01420913318520511
NGC4294,pre-peak,radius_re,0.5,0.75,0.625,9376,6919,True,True,0.73794795221843,136.56475089293906,0.019737642851992927,0.014565353124246913
NGC4294,pre-peak,radius_re,0.75,1.0,0.875,13138,9017,True,True,0.6863297305525955,93.61321439711216,0.010381858089953662,0.00712537786551318
NGC4294,pre-peak,radius_re,1.0,1.25,1.125,16858,11387,True,True,0.6754656542887649,96.3099847858323,0.008457889240874006,0.005713013689988866
NGC4294,pre-peak,radius_re,1.25,1.5,1.375,20413,14529,True,True,0.7117523147014158,80.85193988468241,0.005564866121872284,0.0039608063432460885
NGC4294,pre-peak,radius_re,1.5,1.75,1.625,22827,12395,True,True,0.5429973277259386,25.556221716080884,0.0020618170000872033,0.0011195611213072627
NGC4294,pre-peak,radius_re,1.75,2.0,1.875,18885,5618,True,True,0.2974847762774689,9.705531038291536,0.0017275776145054354,0.0005139280401531128
NGC4294,pre-peak,radius_re,2.0,2.25,2.125,10036,1707,True,True,0.170087684336389,3.050450451118451,0.0017870242830219398,0.0003039508221520976
NGC4294,pre-peak,radius_re,2.25,2.5,2.375,3693,502,True,True,0.13593284592472243,0.35799875567446704,0.0007131449316224443,9.693982011223045e-05
NGC4294,pre-peak,radius_re,2.5,2.75,2.625,703,0,True,False,0.0,0.0,,0.0
NGC4294,pre-peak,radius_re,2.75,3.0,2.875,0,0,False,False,,0.0,,
NGC4294,pre-peak,radius_re,3.0,3.25,3.125,0,0,False,False,,0.0,,
NGC4294,pre-peak,radius_re,3.25,3.5,3.375,0,0,False,False,,0.0,,
NGC4294,pre-peak,radius_re,3.5,3.75,3.625,0,0,False,False,,0.0,,
NGC4294,pre-peak,radius_re,3.75,4.0,3.875,0,0,False,False,,0.0,,
NGC4294,pre-peak,radius_re,4.0,4.25,4.125,0,0,False,False,,0.0,,
NGC4294,pre-peak,radius_re,4.25,4.5,4.375,0,0,False,False,,0.0,,
NGC4294,pre-peak,radius_re,4.5,4.75,4.625,0,0,False,False,,0.0,,
NGC4294,pre-peak,radius_re,4.75,5.0,4.875,0,0,False,False,,0.0,,
NGC4294,pre-peak,radius_re,5.0,5.25,5.125,0,0,False,False,,0.0,,
NGC4294,pre-peak,radius_re,5.25,5.5,5.375,0,0,False,False,,0.0,,
NGC4294,pre-peak,radius_re,5.5,5.75,5.625,0,0,False,False,,0.0,,
NGC4294,pre-peak,radius_re,5.75,6.0,5.875,0,0,False,False,,0.0,,
NGC4294,pre-peak,radius_re,6.0,6.25,6.125,0,0,False,False,,0.0,,
NGC4294,pre-peak,radius_re,6.25,6.5,6.375,0,0,False,False,,0.0,,
NGC4294,pre-peak,radius_re,6.5,6.75,6.625,0,0,False,False,,0.0,,
NGC4294,pre-peak,radius_re,6.75,7.0,6.875,0,0,False,False,,0.0,,
NGC4294,pre-peak,radius_re,7.0,7.25,7.125,0,0,False,False,,0.0,,
NGC4294,pre-peak,radius_re,7.25,7.5,7.375,0,0,False,False,,0.0,,
NGC4294,pre-peak,radius_re,7.5,7.75,7.625,0,0,False,False,,0.0,,
NGC4294,pre-peak,radius_re,7.75,8.0,7.875,0,0,False,False,,0.0,,
NGC4321,pre-peak,log_sigma_star,5.75,6.0,5.875,0,0,False,False,,0.0,,
NGC4321,pre-peak,log_sigma_star,6.0,6.25,6.125,0,0,False,False,,0.0,,
NGC4321,pre-peak,log_sigma_star,6.25,6.5,6.375,0,0,False,False,,0.0,,
NGC4321,pre-peak,log_sigma_star,6.5,6.75,6.625,0,0,False,False,,0.0,,
NGC4321,pre-peak,log_sigma_star,6.75,7.0,6.875,0,0,False,False,,0.0,,
NGC4321,pre-peak,log_sigma_star,7.0,7.25,7.125,0,0,False,False,,0.0,,
NGC4321,pre-peak,log_sigma_star,7.25,7.5,7.375,8598,5382,True,True,0.6259595254710397,22.84405681360696,0.004244529322483642,0.0026569035605497745
NGC4321,pre-peak,log_sigma_star,7.5,7.75,7.625,92263,44272,True,True,0.47984565860637524,294.27163603076866,0.006646901789636083,0.0031894869669398204
NGC4321,pre-peak,log_sigma_star,7.75,8.0,7.875,263425,129942,True,True,0.4932789218942773,1911.3952753329932,0.01470960332558367,0.007255937269936389
NGC4321,pre-peak,log_sigma_star,8.0,8.25,8.125,253422,136360,True,True,0.5380748317036406,3562.539303915895,0.026125984921647805,0.014057734939807495
NGC4321,pre-peak,log_sigma_star,8.25,8.5,8.375,118342,47157,True,True,0.398480674654814,1972.933985790083,0.04183756358101836,0.016671460561677873
NGC4321,pre-peak,log_sigma_star,8.5,8.75,8.625,34093,5022,True,True,0.14730296541812102,308.8947685983816,0.06150831712432927,0.009060357510291895
NGC4321,pre-peak,log_sigma_star,8.75,9.0,8.875,12741,3471,True,True,0.2724275959500824,599.6529522730115,0.17276086207807878,0.047064826330194764
NGC4321,pre-peak,log_sigma_star,9.0,9.25,9.125,3598,2296,True,True,0.6381322957198443,872.4214066985661,0.37997448026941033,0.2424739874092735
NGC4321,pre-peak,log_sigma_star,9.25,9.5,9.375,1895,1221,True,True,0.6443271767810026,530.1448815565692,0.4341890921839224,0.2797598319559732
NGC4321,pre-peak,log_sigma_star,9.5,9.75,9.625,838,173,True,True,0.2064439140811456,59.24000182405314,0.34242775620839966,0.07069212628168632
NGC4321,pre-peak,log_sigma_star,9.75,10.0,9.875,326,6,True,False,0.018404907975460124,1.245784098889617,0.2076306831482695,0.0038214236162258186
NGC4321,pre-peak,log_sigma_star,10.0,10.25,10.125,131,0,True,False,0.0,0.0,,0.0
NGC4321,pre-peak,log_sigma_star,10.25,10.5,10.375,50,0,True,False,0.0,0.0,,0.0
NGC4321,pre-peak,log_sigma_star,10.5,10.75,10.625,11,0,False,False,,0.0,,
NGC4321,pre-peak,log_sigma_star,10.75,11.0,10.875,1,0,False,False,,0.0,,
NGC4321,pre-peak,log_sigma_star,11.0,11.25,11.125,0,0,False,False,,0.0,,
NGC4321,pre-peak,radius_re,0.0,0.25,0.125,52356,11794,True,True,0.22526549010619604,2315.534551179823,0.1963315712379026,0.04422672761822567
NGC4321,pre-peak,radius_re,0.25,0.5,0.375,154502,52354,True,True,0.33885645493262223,1443.2735486948409,0.027567588889002577,0.009341455441967359
NGC4321,pre-peak,radius_re,0.5,0.75,0.625,242934,137175,True,True,0.5646595371582405,3484.3193781992945,0.025400542213955126,0.014342658410100252
NGC4321,pre-peak,radius_re,0.75,1.0,0.875,243194,110950,True,True,0.4562201370099591,2145.152988989079,0.019334411798008825,0.008820747999494555
NGC4321,pre-peak,radius_re,1.0,1.25,1.125,87436,55833,True,True,0.6385584884944416,682.2303620156902,0.012219124209977793,0.007802625486249258
NGC4321,pre-peak,radius_re,1.25,1.5,1.375,9312,7196,True,True,0.772766323024055,65.07322385409024,0.009042971630640669,0.006988103936221031
NGC4321,pre-peak,radius_re,1.5,1.75,1.625,0,0,False,False,,0.0,,
NGC4321,pre-peak,radius_re,1.75,2.0,1.875,0,0,False,False,,0.0,,
NGC4321,pre-peak,radius_re,2.0,2.25,2.125,0,0,False,False,,0.0,,
NGC4321,pre-peak,radius_re,2.25,2.5,2.375,0,0,False,False,,0.0,,
NGC4321,pre-peak,radius_re,2.5,2.75,2.625,0,0,False,False,,0.0,,
NGC4321,pre-peak,radius_re,2.75,3.0,2.875,0,0,False,False,,0.0,,
NGC4321,pre-peak,radius_re,3.0,3.25,3.125,0,0,False,False,,0.0,,
NGC4321,pre-peak,radius_re,3.25,3.5,3.375,0,0,False,False,,0.0,,
NGC4321,pre-peak,radius_re,3.5,3.75,3.625,0,0,False,False,,0.0,,
NGC4321,pre-peak,radius_re,3.75,4.0,3.875,0,0,False,False,,0.0,,
NGC4321,pre-peak,radius_re,4.0,4.25,4.125,0,0,False,False,,0.0,,
NGC4321,pre-peak,radius_re,4.25,4.5,4.375,0,0,False,False,,0.0,,
NGC4321,pre-peak,radius_re,4.5,4.75,4.625,0,0,False,False,,0.0,,
NGC4321,pre-peak,radius_re,4.75,5.0,4.875,0,0,False,False,,0.0,,
NGC4321,pre-peak,radius_re,5.0,5.25,5.125,0,0,False,False,,0.0,,
NGC4321,pre-peak,radius_re,5.25,5.5,5.375,0,0,False,False,,0.0,,
NGC4321,pre-peak,radius_re,5.5,5.75,5.625,0,0,False,False,,0.0,,
NGC4321,pre-peak,radius_re,5.75,6.0,5.875,0,0,False,False,,0.0,,
NGC4321,pre-peak,radius_re,6.0,6.25,6.125,0,0,False,False,,0.0,,
NGC4321,pre-peak,radius_re,6.25,6.5,6.375,0,0,False,False,,0.0,,
NGC4321,pre-peak,radius_re,6.5,6.75,6.625,0,0,False,False,,0.0,,
NGC4321,pre-peak,radius_re,6.75,7.0,6.875,0,0,False,False,,0.0,,
NGC4321,pre-peak,radius_re,7.0,7.25,7.125,0,0,False,False,,0.0,,
NGC4321,pre-peak,radius_re,7.25,7.5,7.375,0,0,False,False,,0.0,,
NGC4321,pre-peak,radius_re,7.5,7.75,7.625,0,0,False,False,,0.0,,
NGC4321,pre-peak,radius_re,7.75,8.0,7.875,0,0,False,False,,0.0,,
NGC4351,pre-peak,log_sigma_star,5.75,6.0,5.875,0,0,False,False,,0.0,,
NGC4351,pre-peak,log_sigma_star,6.0,6.25,6.125,0,0,False,False,,0.0,,
NGC4351,pre-peak,log_sigma_star,6.25,6.5,6.375,0,0,False,False,,0.0,,
NGC4351,pre-peak,log_sigma_star,6.5,6.75,6.625,0,0,False,False,,0.0,,
NGC4351,pre-peak,log_sigma_star,6.75,7.0,6.875,1550,0,True,False,0.0,0.0,,0.0
NGC4351,pre-peak,log_sigma_star,7.0,7.25,7.125,4306,801,True,True,0.18601950766372505,1.3768882836391336,0.0017189616524833128,0.00031976040028776906
NGC4351,pre-peak,log_sigma_star,7.25,7.5,7.375,18021,2384,True,True,0.13229010598745908,5.15354507475833,0.0021617219273315142,0.0002859744228821003
NGC4351,pre-peak,log_sigma_star,7.5,7.75,7.625,31195,10174,True,True,0.32614200993749,37.369115263129146,0.0036730013036297567,0.0011979200276688298
NGC4351,pre-peak,log_sigma_star,7.75,8.0,7.875,14261,8650,True,True,0.6065493303414908,52.17598434953051,0.006031905705148036,0.003658648366140559
NGC4351,pre-peak,log_sigma_star,8.0,8.25,8.125,6066,4943,True,True,0.8148697659083416,59.70336052542886,0.012078365471460422,0.009842294844284349
NGC4351,pre-peak,log_sigma_star,8.25,8.5,8.375,2483,2381,True,True,0.9589206604913412,69.93240570402351,0.02937102297523037,0.02816448075071426
NGC4351,pre-peak,log_sigma_star,8.5,8.75,8.625,397,395,True,True,0.9949622166246851,29.713231403771008,0.07522337064245825,0.07484441159640053
NGC4351,pre-peak,log_sigma_star,8.75,9.0,8.875,3,3,False,False,,1.0256337757593559,0.3418779252531186,
NGC4351,pre-peak,log_sigma_star,9.0,9.25,9.125,0,0,False,False,,0.0,,
NGC4351,pre-peak,log_sigma_star,9.25,9.5,9.375,0,0,False,False,,0.0,,
NGC4351,pre-peak,log_sigma_star,9.5,9.75,9.625,0,0,False,False,,0.0,,
NGC4351,pre-peak,log_sigma_star,9.75,10.0,9.875,0,0,False,False,,0.0,,
NGC4351,pre-peak,log_sigma_star,10.0,10.25,10.125,0,0,False,False,,0.0,,
NGC4351,pre-peak,log_sigma_star,10.25,10.5,10.375,0,0,False,False,,0.0,,
NGC4351,pre-peak,log_sigma_star,10.5,10.75,10.625,0,0,False,False,,0.0,,
NGC4351,pre-peak,log_sigma_star,10.75,11.0,10.875,0,0,False,False,,0.0,,
NGC4351,pre-peak,log_sigma_star,11.0,11.25,11.125,0,0,False,False,,0.0,,
NGC4351,pre-peak,radius_re,0.0,0.25,0.125,2859,2767,True,True,0.9678209164043372,102.36878547798736,0.03699630844885701,0.03580580114655032
NGC4351,pre-peak,radius_re,0.25,0.5,0.375,8568,6855,True,True,0.8000700280112045,59.22489400639969,0.008639663604142915,0.0069123359017740065
NGC4351,pre-peak,radius_re,0.5,0.75,0.625,14282,7682,True,True,0.5378798487606777,48.732015595654914,0.0063436625352323505,0.003412128245039554
NGC4351,pre-peak,radius_re,0.75,1.0,0.875,18588,7787,True,True,0.4189261889391005,33.45039237957175,0.004295671295694331,0.0017995692048403138
NGC4351,pre-peak,radius_re,1.0,1.25,1.125,20446,2948,True,True,0.14418468160031303,8.95182387840762,0.003036575264046004,0.0004378276376018595
NGC4351,pre-peak,radius_re,1.25,1.5,1.375,10896,1670,True,True,0.15326725403817915,3.6744800455104762,0.0022002874524014826,0.0003372320159242361
NGC4351,pre-peak,radius_re,1.5,1.75,1.625,2577,22,True,True,0.008537058595265812,0.04777299650804571,0.002171499841274805,1.853822138457342e-05
NGC4351,pre-peak,radius_re,1.75,2.0,1.875,66,0,True,False,0.0,0.0,,0.0
NGC4351,pre-peak,radius_re,2.0,2.25,2.125,0,0,False,False,,0.0,,
NGC4351,pre-peak,radius_re,2.25,2.5,2.375,0,0,False,False,,0.0,,
NGC4351,pre-peak,radius_re,2.5,2.75,2.625,0,0,False,False,,0.0,,
NGC4351,pre-peak,radius_re,2.75,3.0,2.875,0,0,False,False,,0.0,,
NGC4351,pre-peak,radius_re,3.0,3.25,3.125,0,0,False,False,,0.0,,
NGC4351,pre-peak,radius_re,3.25,3.5,3.375,0,0,False,False,,0.0,,
NGC4351,pre-peak,radius_re,3.5,3.75,3.625,0,0,False,False,,0.0,,
NGC4351,pre-peak,radius_re,3.75,4.0,3.875,0,0,False,False,,0.0,,
NGC4351,pre-peak,radius_re,4.0,4.25,4.125,0,0,False,False,,0.0,,
NGC4351,pre-peak,radius_re,4.25,4.5,4.375,0,0,False,False,,0.0,,
NGC4351,pre-peak,radius_re,4.5,4.75,4.625,0,0,False,False,,0.0,,
NGC4351,pre-peak,radius_re,4.75,5.0,4.875,0,0,False,False,,0.0,,
NGC4351,pre-peak,radius_re,5.0,5.25,5.125,0,0,False,False,,0.0,,
NGC4351,pre-peak,radius_re,5.25,5.5,5.375,0,0,False,False,,0.0,,
NGC4351,pre-peak,radius_re,5.5,5.75,5.625,0,0,False,False,,0.0,,
NGC4351,pre-peak,radius_re,5.75,6.0,5.875,0,0,False,False,,0.0,,
NGC4351,pre-peak,radius_re,6.0,6.25,6.125,0,0,False,False,,0.0,,
NGC4351,pre-peak,radius_re,6.25,6.5,6.375,0,0,False,False,,0.0,,
NGC4351,pre-peak,radius_re,6.5,6.75,6.625,0,0,False,False,,0.0,,
NGC4351,pre-peak,radius_re,6.75,7.0,6.875,0,0,False,False,,0.0,,
NGC4351,pre-peak,radius_re,7.0,7.25,7.125,0,0,False,False,,0.0,,
NGC4351,pre-peak,radius_re,7.25,7.5,7.375,0,0,False,False,,0.0,,
NGC4351,pre-peak,radius_re,7.5,7.75,7.625,0,0,False,False,,0.0,,
NGC4351,pre-peak,radius_re,7.75,8.0,7.875,0,0,False,False,,0.0,,
NGC4383,pre-peak,log_sigma_star,5.75,6.0,5.875,0,0,False,False,,0.0,,
NGC4383,pre-peak,log_sigma_star,6.0,6.25,6.125,0,0,False,False,,0.0,,
NGC4383,pre-peak,log_sigma_star,6.25,6.5,6.375,0,0,False,False,,0.0,,
NGC4383,pre-peak,log_sigma_star,6.5,6.75,6.625,0,0,False,False,,0.0,,
NGC4383,pre-peak,log_sigma_star,6.75,7.0,6.875,0,0,False,False,,0.0,,
NGC4383,pre-peak,log_sigma_star,7.0,7.25,7.125,611,0,True,False,0.0,0.0,,0.0
NGC4383,pre-peak,log_sigma_star,7.25,7.5,7.375,6239,856,True,True,0.1372014745952877,2.8383708884412604,0.0033158538416369863,0.00045494003661504414
NGC4383,pre-peak,log_sigma_star,7.5,7.75,7.625,13446,1800,True,True,0.13386880856760375,9.96231131812781,0.005534617398959894,0.0007409126370762911
NGC4383,pre-peak,log_sigma_star,7.75,8.0,7.875,12508,2696,True,True,0.21554205308602495,38.80429847948364,0.014393285786158621,0.00310235836900253
NGC4383,pre-peak,log_sigma_star,8.0,8.25,8.125,7799,2904,True,True,0.3723554301833568,77.56674378561914,0.02671031122094323,0.00994572942500566
NGC4383,pre-peak,log_sigma_star,8.25,8.5,8.375,4865,2528,True,True,0.5196300102774923,189.14449403537435,0.07481981567854998,0.038878621590005005
NGC4383,pre-peak,log_sigma_star,8.5,8.75,8.625,3109,1971,True,True,0.6339659054358314,367.63253780185096,0.18652082080256263,0.11824784104273109
NGC4383,pre-peak,log_sigma_star,8.75,9.0,8.875,2024,1262,True,True,0.6235177865612648,471.919273474354,0.3739455415803122,0.23316169638060968
NGC4383,pre-peak,log_sigma_star,9.0,9.25,9.125,819,446,True,True,0.5445665445665445,319.47492291072734,0.7163114863469223,0.39007927095326905
NGC4383,pre-peak,log_sigma_star,9.25,9.5,9.375,120,56,True,True,0.4666666666666667,83.11572493062157,1.4842093737610995,0.692631041088513
NGC4383,pre-peak,log_sigma_star,9.5,9.75,9.625,9,2,False,False,,6.726295365933058,3.363147682966529,
NGC4383,pre-peak,log_sigma_star,9.75,10.0,9.875,0,0,False,False,,0.0,,
NGC4383,pre-peak,log_sigma_star,10.0,10.25,10.125,0,0,False,False,,0.0,,
NGC4383,pre-peak,log_sigma_star,10.25,10.5,10.375,0,0,False,False,,0.0,,
NGC4383,pre-peak,log_sigma_star,10.5,10.75,10.625,0,0,False,False,,0.0,,
NGC4383,pre-peak,log_sigma_star,10.75,11.0,10.875,0,0,False,False,,0.0,,
NGC4383,pre-peak,log_sigma_star,11.0,11.25,11.125,0,0,False,False,,0.0,,
NGC4383,pre-peak,radius_re,0.0,0.25,0.125,532,322,True,True,0.6052631578947368,382.3460946598019,1.1874102318627389,0.7186956666537629
NGC4383,pre-peak,radius_re,0.25,0.5,0.375,1607,996,True,True,0.6197884256378344,307.03777863724827,0.3082708620855906,0.19106271228204622
NGC4383,pre-peak,radius_re,0.5,0.75,0.625,2678,1554,True,True,0.5802837938760269,484.2684601097909,0.31162706570771614,0.18083213596332745
NGC4383,pre-peak,radius_re,0.75,1.0,0.875,3726,2087,True,True,0.5601180891035964,185.1483506569521,0.0887150697925022,0.04969091536686852
NGC4383,pre-peak,radius_re,1.0,1.25,1.125,4802,2275,True,True,0.4737609329446064,110.2867890329687,0.04847770946504119,0.02296684486317549
NGC4383,pre-peak,radius_re,1.25,1.5,1.375,5879,2096,True,True,0.3565232182343936,59.48762653250418,0.028381501208255812,0.010118664149090692
NGC4383,pre-peak,radius_re,1.5,1.75,1.625,6899,2106,True,True,0.3052616321205972,21.402744312715377,0.010162746587234272,0.003102296610047163
NGC4383,pre-peak,radius_re,1.75,2.0,1.875,7741,1725,True,True,0.2228394264306937,9.538199703383475,0.005529391132396217,0.001232166348454137
NGC4383,pre-peak,radius_re,2.0,2.25,2.125,7963,784,True,True,0.0984553560215999,5.919560768270117,0.007550460163609843,0.0007433832435351145
NGC4383,pre-peak,radius_re,2.25,2.5,2.375,6332,498,True,True,0.0786481364497789,1.594088507780946,0.0032009809393191684,0.0002517511856887154
NGC4383,pre-peak,radius_re,2.5,2.75,2.625,2670,78,True,True,0.029213483146067417,0.15528006911712533,0.0019907701168862223,5.815732925735031e-05
NGC4383,pre-peak,radius_re,2.75,3.0,2.875,695,0,True,False,0.0,0.0,,0.0
NGC4383,pre-peak,radius_re,3.0,3.25,3.125,25,0,False,False,,0.0,,
NGC4383,pre-peak,radius_re,3.25,3.5,3.375,0,0,False,False,,0.0,,
NGC4383,pre-peak,radius_re,3.5,3.75,3.625,0,0,False,False,,0.0,,
NGC4383,pre-peak,radius_re,3.75,4.0,3.875,0,0,False,False,,0.0,,
NGC4383,pre-peak,radius_re,4.0,4.25,4.125,0,0,False,False,,0.0,,
NGC4383,pre-peak,radius_re,4.25,4.5,4.375,0,0,False,False,,0.0,,
NGC4383,pre-peak,radius_re,4.5,4.75,4.625,0,0,False,False,,0.0,,
NGC4383,pre-peak,radius_re,4.75,5.0,4.875,0,0,False,False,,0.0,,
NGC4383,pre-peak,radius_re,5.0,5.25,5.125,0,0,False,False,,0.0,,
NGC4383,pre-peak,radius_re,5.25,5.5,5.375,0,0,False,False,,0.0,,
NGC4383,pre-peak,radius_re,5.5,5.75,5.625,0,0,False,False,,0.0,,
NGC4383,pre-peak,radius_re,5.75,6.0,5.875,0,0,False,False,,0.0,,
NGC4383,pre-peak,radius_re,6.0,6.25,6.125,0,0,False,False,,0.0,,
NGC4383,pre-peak,radius_re,6.25,6.5,6.375,0,0,False,False,,0.0,,
NGC4383,pre-peak,radius_re,6.5,6.75,6.625,0,0,False,False,,0.0,,
NGC4383,pre-peak,radius_re,6.75,7.0,6.875,0,0,False,False,,0.0,,
NGC4383,pre-peak,radius_re,7.0,7.25,7.125,0,0,False,False,,0.0,,
NGC4383,pre-peak,radius_re,7.25,7.5,7.375,0,0,False,False,,0.0,,
NGC4383,pre-peak,radius_re,7.5,7.75,7.625,0,0,False,False,,0.0,,
NGC4383,pre-peak,radius_re,7.75,8.0,7.875,0,0,False,False,,0.0,,
NGC4535,pre-peak,log_sigma_star,5.75,6.0,5.875,0,0,False,False,,0.0,,
NGC4535,pre-peak,log_sigma_star,6.0,6.25,6.125,0,0,False,False,,0.0,,
NGC4535,pre-peak,log_sigma_star,6.25,6.5,6.375,0,0,False,False,,0.0,,
NGC4535,pre-peak,log_sigma_star,6.5,6.75,6.625,0,0,False,False,,0.0,,
NGC4535,pre-peak,log_sigma_star,6.75,7.0,6.875,0,0,False,False,,0.0,,
NGC4535,pre-peak,log_sigma_star,7.0,7.25,7.125,0,0,False,False,,0.0,,
NGC4535,pre-peak,log_sigma_star,7.25,7.5,7.375,3153,1485,True,True,0.4709800190294957,9.28571685480408,0.006253007983033051,0.0029450418188404948
NGC4535,pre-peak,log_sigma_star,7.5,7.75,7.625,43615,18114,True,True,0.41531583170927433,116.31752550616683,0.006421415783712423,0.0026669156369635866
NGC4535,pre-peak,log_sigma_star,7.75,8.0,7.875,168412,71253,True,True,0.42308742844927916,747.5934397289869,0.010492097732432135,0.004439074648653225
NGC4535,pre-peak,log_sigma_star,8.0,8.25,8.125,176352,58650,True,True,0.33257348938486664,1100.8559439327341,0.01876992231769368,0.006242378560678269
NGC4535,pre-peak,log_sigma_star,8.25,8.5,8.375,55676,14379,True,True,0.25826208779366333,467.482088377913,0.03251144644119292,0.008396474035094349
NGC4535,pre-peak,log_sigma_star,8.5,8.75,8.625,19007,2393,True,True,0.12590098384805598,139.31803139996768,0.05821898512326271,0.00732982750565411
NGC4535,pre-peak,log_sigma_star,8.75,9.0,8.875,5173,291,True,True,0.05625362458921322,30.701682659872837,0.10550406412327436,0.005934986015826955
NGC4535,pre-peak,log_sigma_star,9.0,9.25,9.125,1909,185,True,True,0.09690937663698271,23.529329301397716,0.127185563791339,0.012325473704241863
NGC4535,pre-peak,log_sigma_star,9.25,9.5,9.375,556,151,True,True,0.2715827338129496,67.06399003430579,0.44413238433315094,0.12061868711206077
NGC4535,pre-peak,log_sigma_star,9.5,9.75,9.625,134,13,True,False,0.09701492537313433,9.236389931992615,0.7104915332302012,0.06892828307457176
NGC4535,pre-peak,log_sigma_star,9.75,10.0,9.875,36,0,False,False,,0.0,,
NGC4535,pre-peak,log_sigma_star,10.0,10.25,10.125,4,0,False,False,,0.0,,
NGC4535,pre-peak,log_sigma_star,10.25,10.5,10.375,0,0,False,False,,0.0,,
NGC4535,pre-peak,log_sigma_star,10.5,10.75,10.625,0,0,False,False,,0.0,,
NGC4535,pre-peak,log_sigma_star,10.75,11.0,10.875,0,0,False,False,,0.0,,
NGC4535,pre-peak,log_sigma_star,11.0,11.25,11.125,0,0,False,False,,0.0,,
NGC4535,pre-peak,radius_re,0.0,0.25,0.125,18508,1088,True,True,0.0587853901015777,115.55460464836358,0.10620827633121653,0.006243494956146725
NGC4535,pre-peak,radius_re,0.25,0.5,0.375,55431,5166,True,True,0.0931969475564215,71.55938340935829,0.01385199059414601,0.0012909632409546696
NGC4535,pre-peak,radius_re,0.5,0.75,0.625,91386,22225,True,True,0.24319917711684502,524.6833715260065,0.023607800743577344,0.005741397714376452
NGC4535,pre-peak,radius_re,0.75,1.0,0.875,120798,35669,True,True,0.29527806751767416,391.7585593436069,0.01098316631651033,0.0032430881251643813
NGC4535,pre-peak,radius_re,1.0,1.25,1.125,115042,58030,True,True,0.5044244710627424,1037.8452990745675,0.017884633794150742,0.009021446941765333
NGC4535,pre-peak,radius_re,1.25,1.5,1.375,58238,40619,True,True,0.6974655723067413,552.8906211246377,0.013611625621621352,0.00949364025420924
NGC4535,pre-peak,radius_re,1.5,1.75,1.625,13877,3780,True,True,0.27239316855228074,16.681609745715512,0.0044131242713533105,0.0012021049034889033
NGC4535,pre-peak,radius_re,1.75,2.0,1.875,747,337,True,True,0.45113788487282463,0.4106888558853441,0.0012186612934283207,0.0005497842782936334
NGC4535,pre-peak,radius_re,2.0,2.25,2.125,0,0,False,False,,0.0,,
NGC4535,pre-peak,radius_re,2.25,2.5,2.375,0,0,False,False,,0.0,,
NGC4535,pre-peak,radius_re,2.5,2.75,2.625,0,0,False,False,,0.0,,
NGC4535,pre-peak,radius_re,2.75,3.0,2.875,0,0,False,False,,0.0,,
NGC4535,pre-peak,radius_re,3.0,3.25,3.125,0,0,False,False,,0.0,,
NGC4535,pre-peak,radius_re,3.25,3.5,3.375,0,0,False,False,,0.0,,
NGC4535,pre-peak,radius_re,3.5,3.75,3.625,0,0,False,False,,0.0,,
NGC4535,pre-peak,radius_re,3.75,4.0,3.875,0,0,False,False,,0.0,,
NGC4535,pre-peak,radius_re,4.0,4.25,4.125,0,0,False,False,,0.0,,
NGC4535,pre-peak,radius_re,4.25,4.5,4.375,0,0,False,False,,0.0,,
NGC4535,pre-peak,radius_re,4.5,4.75,4.625,0,0,False,False,,0.0,,
NGC4535,pre-peak,radius_re,4.75,5.0,4.875,0,0,False,False,,0.0,,
NGC4535,pre-peak,radius_re,5.0,5.25,5.125,0,0,False,False,,0.0,,
NGC4535,pre-peak,radius_re,5.25,5.5,5.375,0,0,False,False,,0.0,,
NGC4535,pre-peak,radius_re,5.5,5.75,5.625,0,0,False,False,,0.0,,
NGC4535,pre-peak,radius_re,5.75,6.0,5.875,0,0,False,False,,0.0,,
NGC4535,pre-peak,radius_re,6.0,6.25,6.125,0,0,False,False,,0.0,,
NGC4535,pre-peak,radius_re,6.25,6.5,6.375,0,0,False,False,,0.0,,
NGC4535,pre-peak,radius_re,6.5,6.75,6.625,0,0,False,False,,0.0,,
NGC4535,pre-peak,radius_re,6.75,7.0,6.875,0,0,False,False,,0.0,,
NGC4535,pre-peak,radius_re,7.0,7.25,7.125,0,0,False,False,,0.0,,
NGC4535,pre-peak,radius_re,7.25,7.5,7.375,0,0,False,False,,0.0,,
NGC4535,pre-peak,radius_re,7.5,7.75,7.625,0,0,False,False,,0.0,,
NGC4535,pre-peak,radius_re,7.75,8.0,7.875,0,0,False,False,,0.0,,
NGC4567_8,pre-peak,log_sigma_star,5.75,6.0,5.875,0,0,False,False,,0.0,,
NGC4567_8,pre-peak,log_sigma_star,6.0,6.25,6.125,0,0,False,False,,0.0,,
NGC4567_8,pre-peak,log_sigma_star,6.25,6.5,6.375,0,0,False,False,,0.0,,
NGC4567_8,pre-peak,log_sigma_star,6.5,6.75,6.625,0,0,False,False,,0.0,,
NGC4567_8,pre-peak,log_sigma_star,6.75,7.0,6.875,0,0,False,False,,0.0,,
NGC4567_8,pre-peak,log_sigma_star,7.0,7.25,7.125,0,0,False,False,,0.0,,
NGC4567_8,pre-peak,log_sigma_star,7.25,7.5,7.375,8614,0,True,False,0.0,0.0,,0.0
NGC4567_8,pre-peak,log_sigma_star,7.5,7.75,7.625,36078,4145,True,True,0.11488996064083375,24.787369771413697,0.0059800650835738715,0.0006870494420814263
NGC4567_8,pre-peak,log_sigma_star,7.75,8.0,7.875,88255,29315,True,True,0.332162483711971,385.3549742453715,0.013145317217989819,0.004366381216309235
NGC4567_8,pre-peak,log_sigma_star,8.0,8.25,8.125,100400,51144,True,True,0.509402390438247,938.6313810336819,0.01835271744552014,0.009348918137785676
NGC4567_8,pre-peak,log_sigma_star,8.25,8.5,8.375,102174,62777,True,True,0.6144126685849629,1881.0873568778618,0.02996459462666043,0.018410626547633074
NGC4567_8,pre-peak,log_sigma_star,8.5,8.75,8.625,58704,44296,True,True,0.7545652766421368,2545.022565451284,0.057454907112409345,0.04335347787972343
NGC4567_8,pre-peak,log_sigma_star,8.75,9.0,8.875,22393,20184,True,True,0.901353101415621,2610.68614272746,0.12934433921558958,0.11658492130252578
NGC4567_8,pre-peak,log_sigma_star,9.0,9.25,9.125,7971,7065,True,True,0.8863379751599548,1536.048405058443,0.21741661784266708,0.19270460482479526
NGC4567_8,pre-peak,log_sigma_star,9.25,9.5,9.375,2035,1074,True,True,0.5277641277641277,329.4960639298124,0.30679335561435045,0.16191452772963755
NGC4567_8,pre-peak,log_sigma_star,9.5,9.75,9.625,606,162,True,True,0.26732673267326734,156.9217212343002,0.9686526002117297,0.25894673471006635
NGC4567_8,pre-peak,log_sigma_star,9.75,10.0,9.875,199,58,True,True,0.2914572864321608,86.2167841360779,1.4864962782082398,0.43325017153807993
NGC4567_8,pre-peak,log_sigma_star,10.0,10.25,10.125,40,19,False,False,,30.827842628749984,1.6225180330921045,
NGC4567_8,pre-peak,log_sigma_star,10.25,10.5,10.375,15,2,False,False,,3.453695583430367,1.7268477917151834,
NGC4567_8,pre-peak,log_sigma_star,10.5,10.75,10.625,1,0,False,False,,0.0,,
NGC4567_8,pre-peak,log_sigma_star,10.75,11.0,10.875,0,0,False,False,,0.0,,
NGC4567_8,pre-peak,log_sigma_star,11.0,11.25,11.125,0,0,False,False,,0.0,,
NGC4567_8,pre-peak,radius_re,0.0,0.25,0.125,14843,11683,True,True,0.7871050326753352,1368.429517229401,0.11712997665234966,0.09219359410020891
NGC4567_8,pre-peak,radius_re,0.25,0.5,0.375,44507,37315,True,True,0.8384074415260521,3104.9451084029815,0.08320903412576662,0.06976307341323795
NGC4567_8,pre-peak,radius_re,0.5,0.75,0.625,74147,55437,True,True,0.7476634253577353,2595.6756441205152,0.046822079912702985,0.03500715664990513
NGC4567_8,pre-peak,radius_re,0.75,1.0,0.875,98669,52224,True,True,0.5292847804274899,2184.1633102584265,0.04182298005243617,0.022136266813876967
NGC4567_8,pre-peak,radius_re,1.0,1.25,1.125,81987,29202,True,True,0.3561784185297669,857.5547050888638,0.02936630042767152,0.01045964244439806
NGC4567_8,pre-peak,radius_re,1.25,1.5,1.375,54476,20458,True,True,0.3755415228724576,277.04108682071706,0.013541943827388653,0.005085562207590812
NGC4567_8,pre-peak,radius_re,1.5,1.75,1.625,35584,10042,True,True,0.28220548561151076,122.91375288985483,0.012239967425797135,0.003454185951266154
NGC4567_8,pre-peak,radius_re,1.75,2.0,1.875,18412,3234,True,True,0.17564631761894417,16.400974202038633,0.005071420594322397,0.0008907763524896064
NGC4567_8,pre-peak,radius_re,2.0,2.25,2.125,4265,646,True,True,0.15146541617819462,1.4102036650874221,0.0021829778097328515,0.0003306456424589501
NGC4567_8,pre-peak,radius_re,2.25,2.5,2.375,595,0,True,False,0.0,0.0,,0.0
NGC4567_8,pre-peak,radius_re,2.5,2.75,2.625,0,0,False,False,,0.0,,
NGC4567_8,pre-peak,radius_re,2.75,3.0,2.875,0,0,False,False,,0.0,,
NGC4567_8,pre-peak,radius_re,3.0,3.25,3.125,0,0,False,False,,0.0,,
NGC4567_8,pre-peak,radius_re,3.25,3.5,3.375,0,0,False,False,,0.0,,
NGC4567_8,pre-peak,radius_re,3.5,3.75,3.625,0,0,False,False,,0.0,,
NGC4567_8,pre-peak,radius_re,3.75,4.0,3.875,0,0,False,False,,0.0,,
NGC4567_8,pre-peak,radius_re,4.0,4.25,4.125,0,0,False,False,,0.0,,
NGC4567_8,pre-peak,radius_re,4.25,4.5,4.375,0,0,False,False,,0.0,,
NGC4567_8,pre-peak,radius_re,4.5,4.75,4.625,0,0,False,False,,0.0,,
NGC4567_8,pre-peak,radius_re,4.75,5.0,4.875,0,0,False,False,,0.0,,
NGC4567_8,pre-peak,radius_re,5.0,5.25,5.125,0,0,False,False,,0.0,,
NGC4567_8,pre-peak,radius_re,5.25,5.5,5.375,0,0,False,False,,0.0,,
NGC4567_8,pre-peak,radius_re,5.5,5.75,5.625,0,0,False,False,,0.0,,
NGC4567_8,pre-peak,radius_re,5.75,6.0,5.875,0,0,False,False,,0.0,,
NGC4567_8,pre-peak,radius_re,6.0,6.25,6.125,0,0,False,False,,0.0,,
NGC4567_8,pre-peak,radius_re,6.25,6.5,6.375,0,0,False,False,,0.0,,
NGC4567_8,pre-peak,radius_re,6.5,6.75,6.625,0,0,False,False,,0.0,,
NGC4567_8,pre-peak,radius_re,6.75,7.0,6.875,0,0,False,False,,0.0,,
NGC4567_8,pre-peak,radius_re,7.0,7.25,7.125,0,0,False,False,,0.0,,
NGC4567_8,pre-peak,radius_re,7.25,7.5,7.375,0,0,False,False,,0.0,,
NGC4567_8,pre-peak,radius_re,7.5,7.75,7.625,0,0,False,False,,0.0,,
NGC4567_8,pre-peak,radius_re,7.75,8.0,7.875,0,0,False,False,,0.0,,
