stage,variable,bin_left,bin_right,center,category,line,N_gal_support,mean_line_surface,in_fixed_reliable_range
close-to-peak,log_sigma_star,5.75,6.0,5.875,SF,HA6562,0,,False
close-to-peak,log_sigma_star,5.75,6.0,5.875,SF,OIII5006,0,,False
close-to-peak,log_sigma_star,5.75,6.0,5.875,SF,NII6583,0,,False
close-to-peak,log_sigma_star,5.75,6.0,5.875,SF,SII_SUM,0,,False
close-to-peak,log_sigma_star,5.75,6.0,5.875,SF,HB4861,0,,False
close-to-peak,log_sigma_star,5.75,6.0,5.875,NSF,HA6562,0,,False
close-to-peak,log_sigma_star,5.75,6.0,5.875,NSF,OIII5006,0,,False
close-to-peak,log_sigma_star,5.75,6.0,5.875,NSF,NII6583,0,,False
close-to-peak,log_sigma_star,5.75,6.0,5.875,NSF,SII_SUM,0,,False
close-to-peak,log_sigma_star,5.75,6.0,5.875,NSF,HB4861,0,,False
close-to-peak,log_sigma_star,6.0,6.25,6.125,SF,HA6562,0,,False
close-to-peak,log_sigma_star,6.0,6.25,6.125,SF,OIII5006,0,,False
close-to-peak,log_sigma_star,6.0,6.25,6.125,SF,NII6583,0,,False
close-to-peak,log_sigma_star,6.0,6.25,6.125,SF,SII_SUM,0,,False
close-to-peak,log_sigma_star,6.0,6.25,6.125,SF,HB4861,0,,False
close-to-peak,log_sigma_star,6.0,6.25,6.125,NSF,HA6562,0,,False
close-to-peak,log_sigma_star,6.0,6.25,6.125,NSF,OIII5006,0,,False
close-to-peak,log_sigma_star,6.0,6.25,6.125,NSF,NII6583,0,,False
close-to-peak,log_sigma_star,6.0,6.25,6.125,NSF,SII_SUM,0,,False
close-to-peak,log_sigma_star,6.0,6.25,6.125,NSF,HB4861,0,,False
close-to-peak,log_sigma_star,6.25,6.5,6.375,SF,HA6562,0,,False
close-to-peak,log_sigma_star,6.25,6.5,6.375,SF,OIII5006,0,,False
close-to-peak,log_sigma_star,6.25,6.5,6.375,SF,NII6583,0,,False
close-to-peak,log_sigma_star,6.25,6.5,6.375,SF,SII_SUM,0,,False
close-to-peak,log_sigma_star,6.25,6.5,6.375,SF,HB4861,0,,False
close-to-peak,log_sigma_star,6.25,6.5,6.375,NSF,HA6562,0,,False
close-to-peak,log_sigma_star,6.25,6.5,6.375,NSF,OIII5006,0,,False
close-to-peak,log_sigma_star,6.25,6.5,6.375,NSF,NII6583,0,,False
close-to-peak,log_sigma_star,6.25,6.5,6.375,NSF,SII_SUM,0,,False
close-to-peak,log_sigma_star,6.25,6.5,6.375,NSF,HB4861,0,,False
close-to-peak,log_sigma_star,6.5,6.75,6.625,SF,HA6562,1,5.876881279962507e+38,False
close-to-peak,log_sigma_star,6.5,6.75,6.625,SF,OIII5006,1,1.076820214495228e+38,False
close-to-peak,log_sigma_star,6.5,6.75,6.625,SF,NII6583,1,1.5677372784620558e+38,False
close-to-peak,log_sigma_star,6.5,6.75,6.625,SF,SII_SUM,1,2.667433538262227e+38,False
close-to-peak,log_sigma_star,6.5,6.75,6.625,SF,HB4861,1,2.054853594392482e+38,False
close-to-peak,log_sigma_star,6.5,6.75,6.625,NSF,HA6562,0,,False
close-to-peak,log_sigma_star,6.5,6.75,6.625,NSF,OIII5006,0,,False
close-to-peak,log_sigma_star,6.5,6.75,6.625,NSF,NII6583,0,,False
close-to-peak,log_sigma_star,6.5,6.75,6.625,NSF,SII_SUM,0,,False
close-to-peak,log_sigma_star,6.5,6.75,6.625,NSF,HB4861,0,,False
close-to-peak,log_sigma_star,6.75,7.0,6.875,SF,HA6562,1,5.9764914247524334e+38,False
close-to-peak,log_sigma_star,6.75,7.0,6.875,SF,OIII5006,1,1.4776185190675677e+38,False
close-to-peak,log_sigma_star,6.75,7.0,6.875,SF,NII6583,1,1.5454655265440039e+38,False
close-to-peak,log_sigma_star,6.75,7.0,6.875,SF,SII_SUM,1,2.2534617260942986e+38,False
close-to-peak,log_sigma_star,6.75,7.0,6.875,SF,HB4861,1,2.0896823163470023e+38,False
close-to-peak,log_sigma_star,6.75,7.0,6.875,NSF,HA6562,1,1.9444518128716515e+38,False
close-to-peak,log_sigma_star,6.75,7.0,6.875,NSF,OIII5006,1,7.804724359840985e+37,False
close-to-peak,log_sigma_star,6.75,7.0,6.875,NSF,NII6583,1,7.232195465395168e+37,False
close-to-peak,log_sigma_star,6.75,7.0,6.875,NSF,SII_SUM,1,1.1808017249032073e+38,False
close-to-peak,log_sigma_star,6.75,7.0,6.875,NSF,HB4861,1,6.7987825624882845e+37,False
close-to-peak,log_sigma_star,7.0,7.25,7.125,SF,HA6562,3,1.3072144529221378e+39,True
close-to-peak,log_sigma_star,7.0,7.25,7.125,SF,OIII5006,3,1.7151329313503878e+38,True
close-to-peak,log_sigma_star,7.0,7.25,7.125,SF,NII6583,3,4.102688964068001e+38,True
close-to-peak,log_sigma_star,7.0,7.25,7.125,SF,SII_SUM,3,4.154499249365197e+38,True
close-to-peak,log_sigma_star,7.0,7.25,7.125,SF,HB4861,3,4.5706799053221546e+38,True
close-to-peak,log_sigma_star,7.0,7.25,7.125,NSF,HA6562,1,1.4749497706050257e+38,True
close-to-peak,log_sigma_star,7.0,7.25,7.125,NSF,OIII5006,1,5.788605334558662e+37,True
close-to-peak,log_sigma_star,7.0,7.25,7.125,NSF,NII6583,1,5.553039050685211e+37,True
close-to-peak,log_sigma_star,7.0,7.25,7.125,NSF,SII_SUM,1,9.29476282158803e+37,True
close-to-peak,log_sigma_star,7.0,7.25,7.125,NSF,HB4861,1,5.161331029511142e+37,True
close-to-peak,log_sigma_star,7.25,7.5,7.375,SF,HA6562,3,1.2647790502263624e+39,True
close-to-peak,log_sigma_star,7.25,7.5,7.375,SF,OIII5006,3,1.6756401627653222e+38,True
close-to-peak,log_sigma_star,7.25,7.5,7.375,SF,NII6583,3,3.8313395267077326e+38,True
close-to-peak,log_sigma_star,7.25,7.5,7.375,SF,SII_SUM,3,3.7462533411141186e+38,True
close-to-peak,log_sigma_star,7.25,7.5,7.375,SF,HB4861,3,4.422304371420842e+38,True
close-to-peak,log_sigma_star,7.25,7.5,7.375,NSF,HA6562,4,1.7583755106418528e+38,True
close-to-peak,log_sigma_star,7.25,7.5,7.375,NSF,OIII5006,4,6.071845911087216e+37,True
close-to-peak,log_sigma_star,7.25,7.5,7.375,NSF,NII6583,4,8.962843962092126e+37,True
close-to-peak,log_sigma_star,7.25,7.5,7.375,NSF,SII_SUM,4,1.027964086280757e+38,True
close-to-peak,log_sigma_star,7.25,7.5,7.375,NSF,HB4861,4,6.149040890915153e+37,True
close-to-peak,log_sigma_star,7.5,7.75,7.625,SF,HA6562,4,1.407825593892963e+39,True
close-to-peak,log_sigma_star,7.5,7.75,7.625,SF,OIII5006,4,1.619192041291712e+38,True
close-to-peak,log_sigma_star,7.5,7.75,7.625,SF,NII6583,4,4.352460222127351e+38,True
close-to-peak,log_sigma_star,7.5,7.75,7.625,SF,SII_SUM,4,4.248234763487933e+38,True
close-to-peak,log_sigma_star,7.5,7.75,7.625,SF,HB4861,4,4.9224671115138494e+38,True
close-to-peak,log_sigma_star,7.5,7.75,7.625,NSF,HA6562,5,2.6123631562970947e+38,True
close-to-peak,log_sigma_star,7.5,7.75,7.625,NSF,OIII5006,5,8.728904518820842e+37,True
close-to-peak,log_sigma_star,7.5,7.75,7.625,NSF,NII6583,5,1.313203621999558e+38,True
close-to-peak,log_sigma_star,7.5,7.75,7.625,NSF,SII_SUM,5,1.5020077004743694e+38,True
close-to-peak,log_sigma_star,7.5,7.75,7.625,NSF,HB4861,5,9.168587577059065e+37,True
close-to-peak,log_sigma_star,7.75,8.0,7.875,SF,HA6562,4,2.2522771418230634e+39,True
close-to-peak,log_sigma_star,7.75,8.0,7.875,SF,OIII5006,4,2.3643909640062783e+38,True
close-to-peak,log_sigma_star,7.75,8.0,7.875,SF,NII6583,4,6.984805593102342e+38,True
close-to-peak,log_sigma_star,7.75,8.0,7.875,SF,SII_SUM,4,6.50111173210471e+38,True
close-to-peak,log_sigma_star,7.75,8.0,7.875,SF,HB4861,4,7.875094901479235e+38,True
close-to-peak,log_sigma_star,7.75,8.0,7.875,NSF,HA6562,5,3.2124852947540417e+38,True
close-to-peak,log_sigma_star,7.75,8.0,7.875,NSF,OIII5006,5,9.006069689169778e+37,True
close-to-peak,log_sigma_star,7.75,8.0,7.875,NSF,NII6583,5,1.6910005638064321e+38,True
close-to-peak,log_sigma_star,7.75,8.0,7.875,NSF,SII_SUM,5,1.8067340191994534e+38,True
close-to-peak,log_sigma_star,7.75,8.0,7.875,NSF,HB4861,5,1.1259768048754968e+38,True
close-to-peak,log_sigma_star,8.0,8.25,8.125,SF,HA6562,5,3.01741318062995e+39,True
close-to-peak,log_sigma_star,8.0,8.25,8.125,SF,OIII5006,5,2.9279982992072915e+38,True
close-to-peak,log_sigma_star,8.0,8.25,8.125,SF,NII6583,5,9.467028504569657e+38,True
close-to-peak,log_sigma_star,8.0,8.25,8.125,SF,SII_SUM,5,8.485063715334416e+38,True
close-to-peak,log_sigma_star,8.0,8.25,8.125,SF,HB4861,5,1.0550398902030173e+39,True
close-to-peak,log_sigma_star,8.0,8.25,8.125,NSF,HA6562,5,4.720466260335703e+38,True
close-to-peak,log_sigma_star,8.0,8.25,8.125,NSF,OIII5006,5,1.1348210435947517e+38,True
close-to-peak,log_sigma_star,8.0,8.25,8.125,NSF,NII6583,5,2.523453342578738e+38,True
close-to-peak,log_sigma_star,8.0,8.25,8.125,NSF,SII_SUM,5,2.533591417469533e+38,True
close-to-peak,log_sigma_star,8.0,8.25,8.125,NSF,HB4861,5,1.6534493996622288e+38,True
close-to-peak,log_sigma_star,8.25,8.5,8.375,SF,HA6562,5,5.798329105413897e+39,True
close-to-peak,log_sigma_star,8.25,8.5,8.375,SF,OIII5006,5,5.2858435335273584e+38,True
close-to-peak,log_sigma_star,8.25,8.5,8.375,SF,NII6583,5,1.8159950321591124e+39,True
close-to-peak,log_sigma_star,8.25,8.5,8.375,SF,SII_SUM,5,1.5251055269578567e+39,True
close-to-peak,log_sigma_star,8.25,8.5,8.375,SF,HB4861,5,2.0273953533883574e+39,True
close-to-peak,log_sigma_star,8.25,8.5,8.375,NSF,HA6562,5,8.396688704509503e+38,True
close-to-peak,log_sigma_star,8.25,8.5,8.375,NSF,OIII5006,5,1.94802527588708e+38,True
close-to-peak,log_sigma_star,8.25,8.5,8.375,NSF,NII6583,5,4.458260589037421e+38,True
close-to-peak,log_sigma_star,8.25,8.5,8.375,NSF,SII_SUM,5,4.17754457095272e+38,True
close-to-peak,log_sigma_star,8.25,8.5,8.375,NSF,HB4861,5,2.940356543361121e+38,True
close-to-peak,log_sigma_star,8.5,8.75,8.625,SF,HA6562,5,9.892378077292832e+39,True
close-to-peak,log_sigma_star,8.5,8.75,8.625,SF,OIII5006,5,8.67081808646253e+38,True
close-to-peak,log_sigma_star,8.5,8.75,8.625,SF,NII6583,5,3.135794681316722e+39,True
close-to-peak,log_sigma_star,8.5,8.75,8.625,SF,SII_SUM,5,2.549841813217415e+39,True
close-to-peak,log_sigma_star,8.5,8.75,8.625,SF,HB4861,5,3.4588734535988886e+39,True
close-to-peak,log_sigma_star,8.5,8.75,8.625,NSF,HA6562,5,2.0774799980076462e+39,True
close-to-peak,log_sigma_star,8.5,8.75,8.625,NSF,OIII5006,5,3.39915258120489e+38,True
close-to-peak,log_sigma_star,8.5,8.75,8.625,NSF,NII6583,5,9.071701132232553e+38,True
close-to-peak,log_sigma_star,8.5,8.75,8.625,NSF,SII_SUM,5,8.013007299642155e+38,True
close-to-peak,log_sigma_star,8.5,8.75,8.625,NSF,HB4861,5,7.266293742593623e+38,True
close-to-peak,log_sigma_star,8.75,9.0,8.875,SF,HA6562,5,1.915521549159116e+40,True
close-to-peak,log_sigma_star,8.75,9.0,8.875,SF,OIII5006,5,1.5803397691929436e+39,True
close-to-peak,log_sigma_star,8.75,9.0,8.875,SF,NII6583,5,5.900023621234535e+39,True
close-to-peak,log_sigma_star,8.75,9.0,8.875,SF,SII_SUM,5,4.865524082039982e+39,True
close-to-peak,log_sigma_star,8.75,9.0,8.875,SF,HB4861,5,6.697627794262634e+39,True
close-to-peak,log_sigma_star,8.75,9.0,8.875,NSF,HA6562,4,7.497118004210505e+39,True
close-to-peak,log_sigma_star,8.75,9.0,8.875,NSF,OIII5006,4,8.26188192933519e+38,True
close-to-peak,log_sigma_star,8.75,9.0,8.875,NSF,NII6583,4,2.771119698379118e+39,True
close-to-peak,log_sigma_star,8.75,9.0,8.875,NSF,SII_SUM,4,2.141672763121821e+39,True
close-to-peak,log_sigma_star,8.75,9.0,8.875,NSF,HB4861,4,2.6215303403579984e+39,True
close-to-peak,log_sigma_star,9.0,9.25,9.125,SF,HA6562,4,3.5931446227473866e+40,True
close-to-peak,log_sigma_star,9.0,9.25,9.125,SF,OIII5006,4,2.4786740714870232e+39,True
close-to-peak,log_sigma_star,9.0,9.25,9.125,SF,NII6583,4,1.0400608109800668e+40,True
close-to-peak,log_sigma_star,9.0,9.25,9.125,SF,SII_SUM,4,8.349535276801391e+39,True
close-to-peak,log_sigma_star,9.0,9.25,9.125,SF,HB4861,4,1.256344273687896e+40,True
close-to-peak,log_sigma_star,9.0,9.25,9.125,NSF,HA6562,4,2.0805794451031364e+40,True
close-to-peak,log_sigma_star,9.0,9.25,9.125,NSF,OIII5006,4,1.8806825733991553e+39,True
close-to-peak,log_sigma_star,9.0,9.25,9.125,NSF,NII6583,4,6.839314816611257e+39,True
close-to-peak,log_sigma_star,9.0,9.25,9.125,NSF,SII_SUM,4,5.3062533513950083e+39,True
close-to-peak,log_sigma_star,9.0,9.25,9.125,NSF,HB4861,4,7.274842698662261e+39,True
close-to-peak,log_sigma_star,9.25,9.5,9.375,SF,HA6562,1,1.9150389690311207e+40,True
close-to-peak,log_sigma_star,9.25,9.5,9.375,SF,OIII5006,1,2.5819265632034726e+39,True
close-to-peak,log_sigma_star,9.25,9.5,9.375,SF,NII6583,1,7.227970883797642e+39,True
close-to-peak,log_sigma_star,9.25,9.5,9.375,SF,SII_SUM,1,2.9823986643403225e+39,True
close-to-peak,log_sigma_star,9.25,9.5,9.375,SF,HB4861,1,6.695940451157756e+39,True
close-to-peak,log_sigma_star,9.25,9.5,9.375,NSF,HA6562,1,1.4270298306386756e+39,True
close-to-peak,log_sigma_star,9.25,9.5,9.375,NSF,OIII5006,1,1.0564256151686299e+39,True
close-to-peak,log_sigma_star,9.25,9.5,9.375,NSF,NII6583,1,1.7512270813614315e+39,True
close-to-peak,log_sigma_star,9.25,9.5,9.375,NSF,SII_SUM,1,8.026136643553472e+38,True
close-to-peak,log_sigma_star,9.25,9.5,9.375,NSF,HB4861,1,4.996984522597682e+38,True
close-to-peak,log_sigma_star,9.5,9.75,9.625,SF,HA6562,0,,False
close-to-peak,log_sigma_star,9.5,9.75,9.625,SF,OIII5006,0,,False
close-to-peak,log_sigma_star,9.5,9.75,9.625,SF,NII6583,0,,False
close-to-peak,log_sigma_star,9.5,9.75,9.625,SF,SII_SUM,0,,False
close-to-peak,log_sigma_star,9.5,9.75,9.625,SF,HB4861,0,,False
close-to-peak,log_sigma_star,9.5,9.75,9.625,NSF,HA6562,1,2.285798777433889e+39,False
close-to-peak,log_sigma_star,9.5,9.75,9.625,NSF,OIII5006,1,1.975004414201084e+39,False
close-to-peak,log_sigma_star,9.5,9.75,9.625,NSF,NII6583,1,3.249732250685001e+39,False
close-to-peak,log_sigma_star,9.5,9.75,9.625,NSF,SII_SUM,1,1.495361050161268e+39,False
close-to-peak,log_sigma_star,9.5,9.75,9.625,NSF,HB4861,1,7.996234758116843e+38,False
close-to-peak,log_sigma_star,9.75,10.0,9.875,SF,HA6562,0,,False
close-to-peak,log_sigma_star,9.75,10.0,9.875,SF,OIII5006,0,,False
close-to-peak,log_sigma_star,9.75,10.0,9.875,SF,NII6583,0,,False
close-to-peak,log_sigma_star,9.75,10.0,9.875,SF,SII_SUM,0,,False
close-to-peak,log_sigma_star,9.75,10.0,9.875,SF,HB4861,0,,False
close-to-peak,log_sigma_star,9.75,10.0,9.875,NSF,HA6562,1,3.819409055960431e+39,False
close-to-peak,log_sigma_star,9.75,10.0,9.875,NSF,OIII5006,1,3.397475501278883e+39,False
close-to-peak,log_sigma_star,9.75,10.0,9.875,NSF,NII6583,1,6.979393908041288e+39,False
close-to-peak,log_sigma_star,9.75,10.0,9.875,NSF,SII_SUM,1,3.3511067631590055e+39,False
close-to-peak,log_sigma_star,9.75,10.0,9.875,NSF,HB4861,1,1.3355142178499936e+39,False
close-to-peak,log_sigma_star,10.0,10.25,10.125,SF,HA6562,0,,False
close-to-peak,log_sigma_star,10.0,10.25,10.125,SF,OIII5006,0,,False
close-to-peak,log_sigma_star,10.0,10.25,10.125,SF,NII6583,0,,False
close-to-peak,log_sigma_star,10.0,10.25,10.125,SF,SII_SUM,0,,False
close-to-peak,log_sigma_star,10.0,10.25,10.125,SF,HB4861,0,,False
close-to-peak,log_sigma_star,10.0,10.25,10.125,NSF,HA6562,1,8.110123055122874e+39,False
close-to-peak,log_sigma_star,10.0,10.25,10.125,NSF,OIII5006,1,8.186011810326156e+39,False
close-to-peak,log_sigma_star,10.0,10.25,10.125,NSF,NII6583,1,1.6093229065578468e+40,False
close-to-peak,log_sigma_star,10.0,10.25,10.125,NSF,SII_SUM,1,7.955257824967216e+39,False
close-to-peak,log_sigma_star,10.0,10.25,10.125,NSF,HB4861,1,2.835707361931071e+39,False
close-to-peak,log_sigma_star,10.25,10.5,10.375,SF,HA6562,0,,False
close-to-peak,log_sigma_star,10.25,10.5,10.375,SF,OIII5006,0,,False
close-to-peak,log_sigma_star,10.25,10.5,10.375,SF,NII6583,0,,False
close-to-peak,log_sigma_star,10.25,10.5,10.375,SF,SII_SUM,0,,False
close-to-peak,log_sigma_star,10.25,10.5,10.375,SF,HB4861,0,,False
close-to-peak,log_sigma_star,10.25,10.5,10.375,NSF,HA6562,1,1.5543417817993577e+40,False
close-to-peak,log_sigma_star,10.25,10.5,10.375,NSF,OIII5006,1,2.4555219213938574e+40,False
close-to-peak,log_sigma_star,10.25,10.5,10.375,NSF,NII6583,1,3.047510613591052e+40,False
close-to-peak,log_sigma_star,10.25,10.5,10.375,NSF,SII_SUM,1,1.3902273215929225e+40,False
close-to-peak,log_sigma_star,10.25,10.5,10.375,NSF,HB4861,1,5.434761474822922e+39,False
close-to-peak,log_sigma_star,10.5,10.75,10.625,SF,HA6562,0,,False
close-to-peak,log_sigma_star,10.5,10.75,10.625,SF,OIII5006,0,,False
close-to-peak,log_sigma_star,10.5,10.75,10.625,SF,NII6583,0,,False
close-to-peak,log_sigma_star,10.5,10.75,10.625,SF,SII_SUM,0,,False
close-to-peak,log_sigma_star,10.5,10.75,10.625,SF,HB4861,0,,False
close-to-peak,log_sigma_star,10.5,10.75,10.625,NSF,HA6562,1,3.667811088544956e+40,False
close-to-peak,log_sigma_star,10.5,10.75,10.625,NSF,OIII5006,1,6.461153507853947e+40,False
close-to-peak,log_sigma_star,10.5,10.75,10.625,NSF,NII6583,1,7.198777436463162e+40,False
close-to-peak,log_sigma_star,10.5,10.75,10.625,NSF,SII_SUM,1,3.204193629216946e+40,False
close-to-peak,log_sigma_star,10.5,10.75,10.625,NSF,HB4861,1,1.2824514295611714e+40,False
close-to-peak,log_sigma_star,10.75,11.0,10.875,SF,HA6562,0,,False
close-to-peak,log_sigma_star,10.75,11.0,10.875,SF,OIII5006,0,,False
close-to-peak,log_sigma_star,10.75,11.0,10.875,SF,NII6583,0,,False
close-to-peak,log_sigma_star,10.75,11.0,10.875,SF,SII_SUM,0,,False
close-to-peak,log_sigma_star,10.75,11.0,10.875,SF,HB4861,0,,False
close-to-peak,log_sigma_star,10.75,11.0,10.875,NSF,HA6562,0,,False
close-to-peak,log_sigma_star,10.75,11.0,10.875,NSF,OIII5006,0,,False
close-to-peak,log_sigma_star,10.75,11.0,10.875,NSF,NII6583,0,,False
close-to-peak,log_sigma_star,10.75,11.0,10.875,NSF,SII_SUM,0,,False
close-to-peak,log_sigma_star,10.75,11.0,10.875,NSF,HB4861,0,,False
close-to-peak,log_sigma_star,11.0,11.25,11.125,SF,HA6562,0,,False
close-to-peak,log_sigma_star,11.0,11.25,11.125,SF,OIII5006,0,,False
close-to-peak,log_sigma_star,11.0,11.25,11.125,SF,NII6583,0,,False
close-to-peak,log_sigma_star,11.0,11.25,11.125,SF,SII_SUM,0,,False
close-to-peak,log_sigma_star,11.0,11.25,11.125,SF,HB4861,0,,False
close-to-peak,log_sigma_star,11.0,11.25,11.125,NSF,HA6562,0,,False
close-to-peak,log_sigma_star,11.0,11.25,11.125,NSF,OIII5006,0,,False
close-to-peak,log_sigma_star,11.0,11.25,11.125,NSF,NII6583,0,,False
close-to-peak,log_sigma_star,11.0,11.25,11.125,NSF,SII_SUM,0,,False
close-to-peak,log_sigma_star,11.0,11.25,11.125,NSF,HB4861,0,,False
close-to-peak,radius_re,0.0,0.25,0.125,SF,HA6562,5,2.0900725674610447e+40,True
close-to-peak,radius_re,0.0,0.25,0.125,SF,OIII5006,5,2.0783992587064017e+39,True
close-to-peak,radius_re,0.0,0.25,0.125,SF,NII6583,5,6.966174411717041e+39,True
close-to-peak,radius_re,0.0,0.25,0.125,SF,SII_SUM,5,5.289857229187111e+39,True
close-to-peak,radius_re,0.0,0.25,0.125,SF,HB4861,5,7.307946040073575e+39,True
close-to-peak,radius_re,0.0,0.25,0.125,NSF,HA6562,5,6.504770306265471e+39,True
close-to-peak,radius_re,0.0,0.25,0.125,NSF,OIII5006,5,1.2888840050922761e+39,True
close-to-peak,radius_re,0.0,0.25,0.125,NSF,NII6583,5,3.094117201255219e+39,True
close-to-peak,radius_re,0.0,0.25,0.125,NSF,SII_SUM,5,2.3083029185508634e+39,True
close-to-peak,radius_re,0.0,0.25,0.125,NSF,HB4861,5,2.2745469093807715e+39,True
close-to-peak,radius_re,0.25,0.5,0.375,SF,HA6562,5,5.327909534015232e+39,True
close-to-peak,radius_re,0.25,0.5,0.375,SF,OIII5006,5,5.3197845550634715e+38,True
close-to-peak,radius_re,0.25,0.5,0.375,SF,NII6583,5,1.7060829762946114e+39,True
close-to-peak,radius_re,0.25,0.5,0.375,SF,SII_SUM,5,1.4625802131843803e+39,True
close-to-peak,radius_re,0.25,0.5,0.375,SF,HB4861,5,1.8629132187905665e+39,True
close-to-peak,radius_re,0.25,0.5,0.375,NSF,HA6562,5,1.276927237497113e+39,True
close-to-peak,radius_re,0.25,0.5,0.375,NSF,OIII5006,5,3.690465164714111e+38,True
close-to-peak,radius_re,0.25,0.5,0.375,NSF,NII6583,5,7.769448732912906e+38,True
close-to-peak,radius_re,0.25,0.5,0.375,NSF,SII_SUM,5,6.7427588798622105e+38,True
close-to-peak,radius_re,0.25,0.5,0.375,NSF,HB4861,5,4.469406448551784e+38,True
close-to-peak,radius_re,0.5,0.75,0.625,SF,HA6562,5,3.8395455827768356e+39,True
close-to-peak,radius_re,0.5,0.75,0.625,SF,OIII5006,5,3.2993417490755437e+38,True
close-to-peak,radius_re,0.5,0.75,0.625,SF,NII6583,5,1.1654992371920673e+39,True
close-to-peak,radius_re,0.5,0.75,0.625,SF,SII_SUM,5,9.402504143296411e+38,True
close-to-peak,radius_re,0.5,0.75,0.625,SF,HB4861,5,1.3424984555163742e+39,True
close-to-peak,radius_re,0.5,0.75,0.625,NSF,HA6562,5,8.029638186854072e+38,True
close-to-peak,radius_re,0.5,0.75,0.625,NSF,OIII5006,5,2.0563387209502337e+38,True
close-to-peak,radius_re,0.5,0.75,0.625,NSF,NII6583,5,4.743069645630111e+38,True
close-to-peak,radius_re,0.5,0.75,0.625,NSF,SII_SUM,5,3.843197638639497e+38,True
close-to-peak,radius_re,0.5,0.75,0.625,NSF,HB4861,5,2.810510371874914e+38,True
close-to-peak,radius_re,0.75,1.0,0.875,SF,HA6562,4,2.826373521966196e+39,True
close-to-peak,radius_re,0.75,1.0,0.875,SF,OIII5006,4,2.288986391346271e+38,True
close-to-peak,radius_re,0.75,1.0,0.875,SF,NII6583,4,8.715171711609286e+38,True
close-to-peak,radius_re,0.75,1.0,0.875,SF,SII_SUM,4,6.7502846801937686e+38,True
close-to-peak,radius_re,0.75,1.0,0.875,SF,HB4861,4,9.88242490197969e+38,True
close-to-peak,radius_re,0.75,1.0,0.875,NSF,HA6562,5,4.97190820062621e+38,True
close-to-peak,radius_re,0.75,1.0,0.875,NSF,OIII5006,5,1.3350005841660278e+38,True
close-to-peak,radius_re,0.75,1.0,0.875,NSF,NII6583,5,2.918704767037129e+38,True
close-to-peak,radius_re,0.75,1.0,0.875,NSF,SII_SUM,5,2.4587785818781145e+38,True
close-to-peak,radius_re,0.75,1.0,0.875,NSF,HB4861,5,1.741884933873398e+38,True
close-to-peak,radius_re,1.0,1.25,1.125,SF,HA6562,4,2.348447494321697e+39,True
close-to-peak,radius_re,1.0,1.25,1.125,SF,OIII5006,4,2.5855104366246497e+38,True
close-to-peak,radius_re,1.0,1.25,1.125,SF,NII6583,4,7.266738927212897e+38,True
close-to-peak,radius_re,1.0,1.25,1.125,SF,SII_SUM,4,6.173123540636745e+38,True
close-to-peak,radius_re,1.0,1.25,1.125,SF,HB4861,4,8.211354875250678e+38,True
close-to-peak,radius_re,1.0,1.25,1.125,NSF,HA6562,5,3.5748916004182346e+38,True
close-to-peak,radius_re,1.0,1.25,1.125,NSF,OIII5006,5,1.0800205993411169e+38,True
close-to-peak,radius_re,1.0,1.25,1.125,NSF,NII6583,5,2.012762597435736e+38,True
close-to-peak,radius_re,1.0,1.25,1.125,NSF,SII_SUM,5,1.9070914124675048e+38,True
close-to-peak,radius_re,1.0,1.25,1.125,NSF,HB4861,5,1.2527208643980606e+38,True
close-to-peak,radius_re,1.25,1.5,1.375,SF,HA6562,3,2.594926767218052e+39,True
close-to-peak,radius_re,1.25,1.5,1.375,SF,OIII5006,3,3.577284556824066e+38,True
close-to-peak,radius_re,1.25,1.5,1.375,SF,NII6583,3,7.646994644362867e+38,True
close-to-peak,radius_re,1.25,1.5,1.375,SF,SII_SUM,3,6.7358858149834384e+38,True
close-to-peak,radius_re,1.25,1.5,1.375,SF,HB4861,3,9.073170514748422e+38,True
close-to-peak,radius_re,1.25,1.5,1.375,NSF,HA6562,5,3.2857501305268627e+38,True
close-to-peak,radius_re,1.25,1.5,1.375,NSF,OIII5006,5,1.2512027181515711e+38,True
close-to-peak,radius_re,1.25,1.5,1.375,NSF,NII6583,5,1.6239452973069717e+38,True
close-to-peak,radius_re,1.25,1.5,1.375,NSF,SII_SUM,5,1.7183375006856003e+38,True
close-to-peak,radius_re,1.25,1.5,1.375,NSF,HB4861,5,1.1502302083409805e+38,True
close-to-peak,radius_re,1.5,1.75,1.625,SF,HA6562,3,2.3893223673378537e+39,True
close-to-peak,radius_re,1.5,1.75,1.625,SF,OIII5006,3,2.0625482108106235e+38,True
close-to-peak,radius_re,1.5,1.75,1.625,SF,NII6583,3,7.215407771732348e+38,True
close-to-peak,radius_re,1.5,1.75,1.625,SF,SII_SUM,3,5.9736726761017444e+38,True
close-to-peak,radius_re,1.5,1.75,1.625,SF,HB4861,3,8.354274011670805e+38,True
close-to-peak,radius_re,1.5,1.75,1.625,NSF,HA6562,4,2.2873315055228307e+38,True
close-to-peak,radius_re,1.5,1.75,1.625,NSF,OIII5006,4,7.508880283529591e+37,True
close-to-peak,radius_re,1.5,1.75,1.625,NSF,NII6583,4,1.2477454069197599e+38,True
close-to-peak,radius_re,1.5,1.75,1.625,NSF,SII_SUM,4,1.279618259657632e+38,True
close-to-peak,radius_re,1.5,1.75,1.625,NSF,HB4861,4,8.012483586071239e+37,True
close-to-peak,radius_re,1.75,2.0,1.875,SF,HA6562,3,1.5192029810903232e+39,True
close-to-peak,radius_re,1.75,2.0,1.875,SF,OIII5006,3,1.4053134210044146e+38,True
close-to-peak,radius_re,1.75,2.0,1.875,SF,NII6583,3,4.564132609755995e+38,True
close-to-peak,radius_re,1.75,2.0,1.875,SF,SII_SUM,3,4.329195899012198e+38,True
close-to-peak,radius_re,1.75,2.0,1.875,SF,HB4861,3,5.311898535280842e+38,True
close-to-peak,radius_re,1.75,2.0,1.875,NSF,HA6562,3,2.0095475862806167e+38,True
close-to-peak,radius_re,1.75,2.0,1.875,NSF,OIII5006,3,6.808173250650556e+37,True
close-to-peak,radius_re,1.75,2.0,1.875,NSF,NII6583,3,9.236999885670513e+37,True
close-to-peak,radius_re,1.75,2.0,1.875,NSF,SII_SUM,3,1.1492623264600359e+38,True
close-to-peak,radius_re,1.75,2.0,1.875,NSF,HB4861,3,7.182044011839325e+37,True
close-to-peak,radius_re,2.0,2.25,2.125,SF,HA6562,2,1.1369186540583441e+39,True
close-to-peak,radius_re,2.0,2.25,2.125,SF,OIII5006,2,1.531906131171104e+38,True
close-to-peak,radius_re,2.0,2.25,2.125,SF,NII6583,2,3.558611927145318e+38,True
close-to-peak,radius_re,2.0,2.25,2.125,SF,SII_SUM,2,3.529321258272044e+38,True
close-to-peak,radius_re,2.0,2.25,2.125,SF,HB4861,2,3.9752400491550444e+38,True
close-to-peak,radius_re,2.0,2.25,2.125,NSF,HA6562,2,2.5662708193081816e+38,True
close-to-peak,radius_re,2.0,2.25,2.125,NSF,OIII5006,2,9.137831907853205e+37,True
close-to-peak,radius_re,2.0,2.25,2.125,NSF,NII6583,2,1.0508020512153888e+38,True
close-to-peak,radius_re,2.0,2.25,2.125,NSF,SII_SUM,2,1.3944011800442657e+38,True
close-to-peak,radius_re,2.0,2.25,2.125,NSF,HB4861,2,8.972974892685936e+37,True
close-to-peak,radius_re,2.25,2.5,2.375,SF,HA6562,1,5.489929514071017e+38,True
close-to-peak,radius_re,2.25,2.5,2.375,SF,OIII5006,1,5.888351048753526e+37,True
close-to-peak,radius_re,2.25,2.5,2.375,SF,NII6583,1,2.104166435952287e+38,True
close-to-peak,radius_re,2.25,2.5,2.375,SF,SII_SUM,1,1.595982368646975e+38,True
close-to-peak,radius_re,2.25,2.5,2.375,SF,HB4861,1,1.919555774150703e+38,True
close-to-peak,radius_re,2.25,2.5,2.375,NSF,HA6562,1,2.04716409948023e+38,True
close-to-peak,radius_re,2.25,2.5,2.375,NSF,OIII5006,1,6.071694139145327e+37,True
close-to-peak,radius_re,2.25,2.5,2.375,NSF,NII6583,1,1.1459344890314861e+38,True
close-to-peak,radius_re,2.25,2.5,2.375,NSF,SII_SUM,1,9.339691350890827e+37,True
close-to-peak,radius_re,2.25,2.5,2.375,NSF,HB4861,1,7.157916431749048e+37,True
close-to-peak,radius_re,2.5,2.75,2.625,SF,HA6562,0,,False
close-to-peak,radius_re,2.5,2.75,2.625,SF,OIII5006,0,,False
close-to-peak,radius_re,2.5,2.75,2.625,SF,NII6583,0,,False
close-to-peak,radius_re,2.5,2.75,2.625,SF,SII_SUM,0,,False
close-to-peak,radius_re,2.5,2.75,2.625,SF,HB4861,0,,False
close-to-peak,radius_re,2.5,2.75,2.625,NSF,HA6562,0,,False
close-to-peak,radius_re,2.5,2.75,2.625,NSF,OIII5006,0,,False
close-to-peak,radius_re,2.5,2.75,2.625,NSF,NII6583,0,,False
close-to-peak,radius_re,2.5,2.75,2.625,NSF,SII_SUM,0,,False
close-to-peak,radius_re,2.5,2.75,2.625,NSF,HB4861,0,,False
close-to-peak,radius_re,2.75,3.0,2.875,SF,HA6562,0,,False
close-to-peak,radius_re,2.75,3.0,2.875,SF,OIII5006,0,,False
close-to-peak,radius_re,2.75,3.0,2.875,SF,NII6583,0,,False
close-to-peak,radius_re,2.75,3.0,2.875,SF,SII_SUM,0,,False
close-to-peak,radius_re,2.75,3.0,2.875,SF,HB4861,0,,False
close-to-peak,radius_re,2.75,3.0,2.875,NSF,HA6562,0,,False
close-to-peak,radius_re,2.75,3.0,2.875,NSF,OIII5006,0,,False
close-to-peak,radius_re,2.75,3.0,2.875,NSF,NII6583,0,,False
close-to-peak,radius_re,2.75,3.0,2.875,NSF,SII_SUM,0,,False
close-to-peak,radius_re,2.75,3.0,2.875,NSF,HB4861,0,,False
close-to-peak,radius_re,3.0,3.25,3.125,SF,HA6562,0,,False
close-to-peak,radius_re,3.0,3.25,3.125,SF,OIII5006,0,,False
close-to-peak,radius_re,3.0,3.25,3.125,SF,NII6583,0,,False
close-to-peak,radius_re,3.0,3.25,3.125,SF,SII_SUM,0,,False
close-to-peak,radius_re,3.0,3.25,3.125,SF,HB4861,0,,False
close-to-peak,radius_re,3.0,3.25,3.125,NSF,HA6562,0,,False
close-to-peak,radius_re,3.0,3.25,3.125,NSF,OIII5006,0,,False
close-to-peak,radius_re,3.0,3.25,3.125,NSF,NII6583,0,,False
close-to-peak,radius_re,3.0,3.25,3.125,NSF,SII_SUM,0,,False
close-to-peak,radius_re,3.0,3.25,3.125,NSF,HB4861,0,,False
close-to-peak,radius_re,3.25,3.5,3.375,SF,HA6562,0,,False
close-to-peak,radius_re,3.25,3.5,3.375,SF,OIII5006,0,,False
close-to-peak,radius_re,3.25,3.5,3.375,SF,NII6583,0,,False
close-to-peak,radius_re,3.25,3.5,3.375,SF,SII_SUM,0,,False
close-to-peak,radius_re,3.25,3.5,3.375,SF,HB4861,0,,False
close-to-peak,radius_re,3.25,3.5,3.375,NSF,HA6562,0,,False
close-to-peak,radius_re,3.25,3.5,3.375,NSF,OIII5006,0,,False
close-to-peak,radius_re,3.25,3.5,3.375,NSF,NII6583,0,,False
close-to-peak,radius_re,3.25,3.5,3.375,NSF,SII_SUM,0,,False
close-to-peak,radius_re,3.25,3.5,3.375,NSF,HB4861,0,,False
close-to-peak,radius_re,3.5,3.75,3.625,SF,HA6562,0,,False
close-to-peak,radius_re,3.5,3.75,3.625,SF,OIII5006,0,,False
close-to-peak,radius_re,3.5,3.75,3.625,SF,NII6583,0,,False
close-to-peak,radius_re,3.5,3.75,3.625,SF,SII_SUM,0,,False
close-to-peak,radius_re,3.5,3.75,3.625,SF,HB4861,0,,False
close-to-peak,radius_re,3.5,3.75,3.625,NSF,HA6562,0,,False
close-to-peak,radius_re,3.5,3.75,3.625,NSF,OIII5006,0,,False
close-to-peak,radius_re,3.5,3.75,3.625,NSF,NII6583,0,,False
close-to-peak,radius_re,3.5,3.75,3.625,NSF,SII_SUM,0,,False
close-to-peak,radius_re,3.5,3.75,3.625,NSF,HB4861,0,,False
close-to-peak,radius_re,3.75,4.0,3.875,SF,HA6562,0,,False
close-to-peak,radius_re,3.75,4.0,3.875,SF,OIII5006,0,,False
close-to-peak,radius_re,3.75,4.0,3.875,SF,NII6583,0,,False
close-to-peak,radius_re,3.75,4.0,3.875,SF,SII_SUM,0,,False
close-to-peak,radius_re,3.75,4.0,3.875,SF,HB4861,0,,False
close-to-peak,radius_re,3.75,4.0,3.875,NSF,HA6562,0,,False
close-to-peak,radius_re,3.75,4.0,3.875,NSF,OIII5006,0,,False
close-to-peak,radius_re,3.75,4.0,3.875,NSF,NII6583,0,,False
close-to-peak,radius_re,3.75,4.0,3.875,NSF,SII_SUM,0,,False
close-to-peak,radius_re,3.75,4.0,3.875,NSF,HB4861,0,,False
close-to-peak,radius_re,4.0,4.25,4.125,SF,HA6562,0,,False
close-to-peak,radius_re,4.0,4.25,4.125,SF,OIII5006,0,,False
close-to-peak,radius_re,4.0,4.25,4.125,SF,NII6583,0,,False
close-to-peak,radius_re,4.0,4.25,4.125,SF,SII_SUM,0,,False
close-to-peak,radius_re,4.0,4.25,4.125,SF,HB4861,0,,False
close-to-peak,radius_re,4.0,4.25,4.125,NSF,HA6562,0,,False
close-to-peak,radius_re,4.0,4.25,4.125,NSF,OIII5006,0,,False
close-to-peak,radius_re,4.0,4.25,4.125,NSF,NII6583,0,,False
close-to-peak,radius_re,4.0,4.25,4.125,NSF,SII_SUM,0,,False
close-to-peak,radius_re,4.0,4.25,4.125,NSF,HB4861,0,,False
close-to-peak,radius_re,4.25,4.5,4.375,SF,HA6562,0,,False
close-to-peak,radius_re,4.25,4.5,4.375,SF,OIII5006,0,,False
close-to-peak,radius_re,4.25,4.5,4.375,SF,NII6583,0,,False
close-to-peak,radius_re,4.25,4.5,4.375,SF,SII_SUM,0,,False
close-to-peak,radius_re,4.25,4.5,4.375,SF,HB4861,0,,False
close-to-peak,radius_re,4.25,4.5,4.375,NSF,HA6562,0,,False
close-to-peak,radius_re,4.25,4.5,4.375,NSF,OIII5006,0,,False
close-to-peak,radius_re,4.25,4.5,4.375,NSF,NII6583,0,,False
close-to-peak,radius_re,4.25,4.5,4.375,NSF,SII_SUM,0,,False
close-to-peak,radius_re,4.25,4.5,4.375,NSF,HB4861,0,,False
close-to-peak,radius_re,4.5,4.75,4.625,SF,HA6562,0,,False
close-to-peak,radius_re,4.5,4.75,4.625,SF,OIII5006,0,,False
close-to-peak,radius_re,4.5,4.75,4.625,SF,NII6583,0,,False
close-to-peak,radius_re,4.5,4.75,4.625,SF,SII_SUM,0,,False
close-to-peak,radius_re,4.5,4.75,4.625,SF,HB4861,0,,False
close-to-peak,radius_re,4.5,4.75,4.625,NSF,HA6562,0,,False
close-to-peak,radius_re,4.5,4.75,4.625,NSF,OIII5006,0,,False
close-to-peak,radius_re,4.5,4.75,4.625,NSF,NII6583,0,,False
close-to-peak,radius_re,4.5,4.75,4.625,NSF,SII_SUM,0,,False
close-to-peak,radius_re,4.5,4.75,4.625,NSF,HB4861,0,,False
close-to-peak,radius_re,4.75,5.0,4.875,SF,HA6562,0,,False
close-to-peak,radius_re,4.75,5.0,4.875,SF,OIII5006,0,,False
close-to-peak,radius_re,4.75,5.0,4.875,SF,NII6583,0,,False
close-to-peak,radius_re,4.75,5.0,4.875,SF,SII_SUM,0,,False
close-to-peak,radius_re,4.75,5.0,4.875,SF,HB4861,0,,False
close-to-peak,radius_re,4.75,5.0,4.875,NSF,HA6562,0,,False
close-to-peak,radius_re,4.75,5.0,4.875,NSF,OIII5006,0,,False
close-to-peak,radius_re,4.75,5.0,4.875,NSF,NII6583,0,,False
close-to-peak,radius_re,4.75,5.0,4.875,NSF,SII_SUM,0,,False
close-to-peak,radius_re,4.75,5.0,4.875,NSF,HB4861,0,,False
close-to-peak,radius_re,5.0,5.25,5.125,SF,HA6562,0,,False
close-to-peak,radius_re,5.0,5.25,5.125,SF,OIII5006,0,,False
close-to-peak,radius_re,5.0,5.25,5.125,SF,NII6583,0,,False
close-to-peak,radius_re,5.0,5.25,5.125,SF,SII_SUM,0,,False
close-to-peak,radius_re,5.0,5.25,5.125,SF,HB4861,0,,False
close-to-peak,radius_re,5.0,5.25,5.125,NSF,HA6562,0,,False
close-to-peak,radius_re,5.0,5.25,5.125,NSF,OIII5006,0,,False
close-to-peak,radius_re,5.0,5.25,5.125,NSF,NII6583,0,,False
close-to-peak,radius_re,5.0,5.25,5.125,NSF,SII_SUM,0,,False
close-to-peak,radius_re,5.0,5.25,5.125,NSF,HB4861,0,,False
close-to-peak,radius_re,5.25,5.5,5.375,SF,HA6562,0,,False
close-to-peak,radius_re,5.25,5.5,5.375,SF,OIII5006,0,,False
close-to-peak,radius_re,5.25,5.5,5.375,SF,NII6583,0,,False
close-to-peak,radius_re,5.25,5.5,5.375,SF,SII_SUM,0,,False
close-to-peak,radius_re,5.25,5.5,5.375,SF,HB4861,0,,False
close-to-peak,radius_re,5.25,5.5,5.375,NSF,HA6562,0,,False
close-to-peak,radius_re,5.25,5.5,5.375,NSF,OIII5006,0,,False
close-to-peak,radius_re,5.25,5.5,5.375,NSF,NII6583,0,,False
close-to-peak,radius_re,5.25,5.5,5.375,NSF,SII_SUM,0,,False
close-to-peak,radius_re,5.25,5.5,5.375,NSF,HB4861,0,,False
close-to-peak,radius_re,5.5,5.75,5.625,SF,HA6562,0,,False
close-to-peak,radius_re,5.5,5.75,5.625,SF,OIII5006,0,,False
close-to-peak,radius_re,5.5,5.75,5.625,SF,NII6583,0,,False
close-to-peak,radius_re,5.5,5.75,5.625,SF,SII_SUM,0,,False
close-to-peak,radius_re,5.5,5.75,5.625,SF,HB4861,0,,False
close-to-peak,radius_re,5.5,5.75,5.625,NSF,HA6562,0,,False
close-to-peak,radius_re,5.5,5.75,5.625,NSF,OIII5006,0,,False
close-to-peak,radius_re,5.5,5.75,5.625,NSF,NII6583,0,,False
close-to-peak,radius_re,5.5,5.75,5.625,NSF,SII_SUM,0,,False
close-to-peak,radius_re,5.5,5.75,5.625,NSF,HB4861,0,,False
close-to-peak,radius_re,5.75,6.0,5.875,SF,HA6562,0,,False
close-to-peak,radius_re,5.75,6.0,5.875,SF,OIII5006,0,,False
close-to-peak,radius_re,5.75,6.0,5.875,SF,NII6583,0,,False
close-to-peak,radius_re,5.75,6.0,5.875,SF,SII_SUM,0,,False
close-to-peak,radius_re,5.75,6.0,5.875,SF,HB4861,0,,False
close-to-peak,radius_re,5.75,6.0,5.875,NSF,HA6562,0,,False
close-to-peak,radius_re,5.75,6.0,5.875,NSF,OIII5006,0,,False
close-to-peak,radius_re,5.75,6.0,5.875,NSF,NII6583,0,,False
close-to-peak,radius_re,5.75,6.0,5.875,NSF,SII_SUM,0,,False
close-to-peak,radius_re,5.75,6.0,5.875,NSF,HB4861,0,,False
close-to-peak,radius_re,6.0,6.25,6.125,SF,HA6562,0,,False
close-to-peak,radius_re,6.0,6.25,6.125,SF,OIII5006,0,,False
close-to-peak,radius_re,6.0,6.25,6.125,SF,NII6583,0,,False
close-to-peak,radius_re,6.0,6.25,6.125,SF,SII_SUM,0,,False
close-to-peak,radius_re,6.0,6.25,6.125,SF,HB4861,0,,False
close-to-peak,radius_re,6.0,6.25,6.125,NSF,HA6562,0,,False
close-to-peak,radius_re,6.0,6.25,6.125,NSF,OIII5006,0,,False
close-to-peak,radius_re,6.0,6.25,6.125,NSF,NII6583,0,,False
close-to-peak,radius_re,6.0,6.25,6.125,NSF,SII_SUM,0,,False
close-to-peak,radius_re,6.0,6.25,6.125,NSF,HB4861,0,,False
close-to-peak,radius_re,6.25,6.5,6.375,SF,HA6562,0,,False
close-to-peak,radius_re,6.25,6.5,6.375,SF,OIII5006,0,,False
close-to-peak,radius_re,6.25,6.5,6.375,SF,NII6583,0,,False
close-to-peak,radius_re,6.25,6.5,6.375,SF,SII_SUM,0,,False
close-to-peak,radius_re,6.25,6.5,6.375,SF,HB4861,0,,False
close-to-peak,radius_re,6.25,6.5,6.375,NSF,HA6562,0,,False
close-to-peak,radius_re,6.25,6.5,6.375,NSF,OIII5006,0,,False
close-to-peak,radius_re,6.25,6.5,6.375,NSF,NII6583,0,,False
close-to-peak,radius_re,6.25,6.5,6.375,NSF,SII_SUM,0,,False
close-to-peak,radius_re,6.25,6.5,6.375,NSF,HB4861,0,,False
close-to-peak,radius_re,6.5,6.75,6.625,SF,HA6562,0,,False
close-to-peak,radius_re,6.5,6.75,6.625,SF,OIII5006,0,,False
close-to-peak,radius_re,6.5,6.75,6.625,SF,NII6583,0,,False
close-to-peak,radius_re,6.5,6.75,6.625,SF,SII_SUM,0,,False
close-to-peak,radius_re,6.5,6.75,6.625,SF,HB4861,0,,False
close-to-peak,radius_re,6.5,6.75,6.625,NSF,HA6562,0,,False
close-to-peak,radius_re,6.5,6.75,6.625,NSF,OIII5006,0,,False
close-to-peak,radius_re,6.5,6.75,6.625,NSF,NII6583,0,,False
close-to-peak,radius_re,6.5,6.75,6.625,NSF,SII_SUM,0,,False
close-to-peak,radius_re,6.5,6.75,6.625,NSF,HB4861,0,,False
close-to-peak,radius_re,6.75,7.0,6.875,SF,HA6562,0,,False
close-to-peak,radius_re,6.75,7.0,6.875,SF,OIII5006,0,,False
close-to-peak,radius_re,6.75,7.0,6.875,SF,NII6583,0,,False
close-to-peak,radius_re,6.75,7.0,6.875,SF,SII_SUM,0,,False
close-to-peak,radius_re,6.75,7.0,6.875,SF,HB4861,0,,False
close-to-peak,radius_re,6.75,7.0,6.875,NSF,HA6562,0,,False
close-to-peak,radius_re,6.75,7.0,6.875,NSF,OIII5006,0,,False
close-to-peak,radius_re,6.75,7.0,6.875,NSF,NII6583,0,,False
close-to-peak,radius_re,6.75,7.0,6.875,NSF,SII_SUM,0,,False
close-to-peak,radius_re,6.75,7.0,6.875,NSF,HB4861,0,,False
close-to-peak,radius_re,7.0,7.25,7.125,SF,HA6562,0,,False
close-to-peak,radius_re,7.0,7.25,7.125,SF,OIII5006,0,,False
close-to-peak,radius_re,7.0,7.25,7.125,SF,NII6583,0,,False
close-to-peak,radius_re,7.0,7.25,7.125,SF,SII_SUM,0,,False
close-to-peak,radius_re,7.0,7.25,7.125,SF,HB4861,0,,False
close-to-peak,radius_re,7.0,7.25,7.125,NSF,HA6562,0,,False
close-to-peak,radius_re,7.0,7.25,7.125,NSF,OIII5006,0,,False
close-to-peak,radius_re,7.0,7.25,7.125,NSF,NII6583,0,,False
close-to-peak,radius_re,7.0,7.25,7.125,NSF,SII_SUM,0,,False
close-to-peak,radius_re,7.0,7.25,7.125,NSF,HB4861,0,,False
close-to-peak,radius_re,7.25,7.5,7.375,SF,HA6562,0,,False
close-to-peak,radius_re,7.25,7.5,7.375,SF,OIII5006,0,,False
close-to-peak,radius_re,7.25,7.5,7.375,SF,NII6583,0,,False
close-to-peak,radius_re,7.25,7.5,7.375,SF,SII_SUM,0,,False
close-to-peak,radius_re,7.25,7.5,7.375,SF,HB4861,0,,False
close-to-peak,radius_re,7.25,7.5,7.375,NSF,HA6562,0,,False
close-to-peak,radius_re,7.25,7.5,7.375,NSF,OIII5006,0,,False
close-to-peak,radius_re,7.25,7.5,7.375,NSF,NII6583,0,,False
close-to-peak,radius_re,7.25,7.5,7.375,NSF,SII_SUM,0,,False
close-to-peak,radius_re,7.25,7.5,7.375,NSF,HB4861,0,,False
close-to-peak,radius_re,7.5,7.75,7.625,SF,HA6562,0,,False
close-to-peak,radius_re,7.5,7.75,7.625,SF,OIII5006,0,,False
close-to-peak,radius_re,7.5,7.75,7.625,SF,NII6583,0,,False
close-to-peak,radius_re,7.5,7.75,7.625,SF,SII_SUM,0,,False
close-to-peak,radius_re,7.5,7.75,7.625,SF,HB4861,0,,False
close-to-peak,radius_re,7.5,7.75,7.625,NSF,HA6562,0,,False
close-to-peak,radius_re,7.5,7.75,7.625,NSF,OIII5006,0,,False
close-to-peak,radius_re,7.5,7.75,7.625,NSF,NII6583,0,,False
close-to-peak,radius_re,7.5,7.75,7.625,NSF,SII_SUM,0,,False
close-to-peak,radius_re,7.5,7.75,7.625,NSF,HB4861,0,,False
close-to-peak,radius_re,7.75,8.0,7.875,SF,HA6562,0,,False
close-to-peak,radius_re,7.75,8.0,7.875,SF,OIII5006,0,,False
close-to-peak,radius_re,7.75,8.0,7.875,SF,NII6583,0,,False
close-to-peak,radius_re,7.75,8.0,7.875,SF,SII_SUM,0,,False
close-to-peak,radius_re,7.75,8.0,7.875,SF,HB4861,0,,False
close-to-peak,radius_re,7.75,8.0,7.875,NSF,HA6562,0,,False
close-to-peak,radius_re,7.75,8.0,7.875,NSF,OIII5006,0,,False
close-to-peak,radius_re,7.75,8.0,7.875,NSF,NII6583,0,,False
close-to-peak,radius_re,7.75,8.0,7.875,NSF,SII_SUM,0,,False
close-to-peak,radius_re,7.75,8.0,7.875,NSF,HB4861,0,,False
post-peak,log_sigma_star,5.75,6.0,5.875,SF,HA6562,0,,False
post-peak,log_sigma_star,5.75,6.0,5.875,SF,OIII5006,0,,False
post-peak,log_sigma_star,5.75,6.0,5.875,SF,NII6583,0,,False
post-peak,log_sigma_star,5.75,6.0,5.875,SF,SII_SUM,0,,False
post-peak,log_sigma_star,5.75,6.0,5.875,SF,HB4861,0,,False
post-peak,log_sigma_star,5.75,6.0,5.875,NSF,HA6562,0,,False
post-peak,log_sigma_star,5.75,6.0,5.875,NSF,OIII5006,0,,False
post-peak,log_sigma_star,5.75,6.0,5.875,NSF,NII6583,0,,False
post-peak,log_sigma_star,5.75,6.0,5.875,NSF,SII_SUM,0,,False
post-peak,log_sigma_star,5.75,6.0,5.875,NSF,HB4861,0,,False
post-peak,log_sigma_star,6.0,6.25,6.125,SF,HA6562,0,,False
post-peak,log_sigma_star,6.0,6.25,6.125,SF,OIII5006,0,,False
post-peak,log_sigma_star,6.0,6.25,6.125,SF,NII6583,0,,False
post-peak,log_sigma_star,6.0,6.25,6.125,SF,SII_SUM,0,,False
post-peak,log_sigma_star,6.0,6.25,6.125,SF,HB4861,0,,False
post-peak,log_sigma_star,6.0,6.25,6.125,NSF,HA6562,0,,False
post-peak,log_sigma_star,6.0,6.25,6.125,NSF,OIII5006,0,,False
post-peak,log_sigma_star,6.0,6.25,6.125,NSF,NII6583,0,,False
post-peak,log_sigma_star,6.0,6.25,6.125,NSF,SII_SUM,0,,False
post-peak,log_sigma_star,6.0,6.25,6.125,NSF,HB4861,0,,False
post-peak,log_sigma_star,6.25,6.5,6.375,SF,HA6562,0,,False
post-peak,log_sigma_star,6.25,6.5,6.375,SF,OIII5006,0,,False
post-peak,log_sigma_star,6.25,6.5,6.375,SF,NII6583,0,,False
post-peak,log_sigma_star,6.25,6.5,6.375,SF,SII_SUM,0,,False
post-peak,log_sigma_star,6.25,6.5,6.375,SF,HB4861,0,,False
post-peak,log_sigma_star,6.25,6.5,6.375,NSF,HA6562,0,,False
post-peak,log_sigma_star,6.25,6.5,6.375,NSF,OIII5006,0,,False
post-peak,log_sigma_star,6.25,6.5,6.375,NSF,NII6583,0,,False
post-peak,log_sigma_star,6.25,6.5,6.375,NSF,SII_SUM,0,,False
post-peak,log_sigma_star,6.25,6.5,6.375,NSF,HB4861,0,,False
post-peak,log_sigma_star,6.5,6.75,6.625,SF,HA6562,0,,False
post-peak,log_sigma_star,6.5,6.75,6.625,SF,OIII5006,0,,False
post-peak,log_sigma_star,6.5,6.75,6.625,SF,NII6583,0,,False
post-peak,log_sigma_star,6.5,6.75,6.625,SF,SII_SUM,0,,False
post-peak,log_sigma_star,6.5,6.75,6.625,SF,HB4861,0,,False
post-peak,log_sigma_star,6.5,6.75,6.625,NSF,HA6562,0,,False
post-peak,log_sigma_star,6.5,6.75,6.625,NSF,OIII5006,0,,False
post-peak,log_sigma_star,6.5,6.75,6.625,NSF,NII6583,0,,False
post-peak,log_sigma_star,6.5,6.75,6.625,NSF,SII_SUM,0,,False
post-peak,log_sigma_star,6.5,6.75,6.625,NSF,HB4861,0,,False
post-peak,log_sigma_star,6.75,7.0,6.875,SF,HA6562,0,,False
post-peak,log_sigma_star,6.75,7.0,6.875,SF,OIII5006,0,,False
post-peak,log_sigma_star,6.75,7.0,6.875,SF,NII6583,0,,False
post-peak,log_sigma_star,6.75,7.0,6.875,SF,SII_SUM,0,,False
post-peak,log_sigma_star,6.75,7.0,6.875,SF,HB4861,0,,False
post-peak,log_sigma_star,6.75,7.0,6.875,NSF,HA6562,0,,False
post-peak,log_sigma_star,6.75,7.0,6.875,NSF,OIII5006,0,,False
post-peak,log_sigma_star,6.75,7.0,6.875,NSF,NII6583,0,,False
post-peak,log_sigma_star,6.75,7.0,6.875,NSF,SII_SUM,0,,False
post-peak,log_sigma_star,6.75,7.0,6.875,NSF,HB4861,0,,False
post-peak,log_sigma_star,7.0,7.25,7.125,SF,HA6562,0,,True
post-peak,log_sigma_star,7.0,7.25,7.125,SF,OIII5006,0,,True
post-peak,log_sigma_star,7.0,7.25,7.125,SF,NII6583,0,,True
post-peak,log_sigma_star,7.0,7.25,7.125,SF,SII_SUM,0,,True
post-peak,log_sigma_star,7.0,7.25,7.125,SF,HB4861,0,,True
post-peak,log_sigma_star,7.0,7.25,7.125,NSF,HA6562,0,,True
post-peak,log_sigma_star,7.0,7.25,7.125,NSF,OIII5006,0,,True
post-peak,log_sigma_star,7.0,7.25,7.125,NSF,NII6583,0,,True
post-peak,log_sigma_star,7.0,7.25,7.125,NSF,SII_SUM,0,,True
post-peak,log_sigma_star,7.0,7.25,7.125,NSF,HB4861,0,,True
post-peak,log_sigma_star,7.25,7.5,7.375,SF,HA6562,1,2.282452233435462e+39,True
post-peak,log_sigma_star,7.25,7.5,7.375,SF,OIII5006,1,1.0536758991218957e+38,True
post-peak,log_sigma_star,7.25,7.5,7.375,SF,NII6583,1,7.781707146431458e+38,True
post-peak,log_sigma_star,7.25,7.5,7.375,SF,SII_SUM,1,4.457090864060954e+38,True
post-peak,log_sigma_star,7.25,7.5,7.375,SF,HB4861,1,7.980602214809297e+38,True
post-peak,log_sigma_star,7.25,7.5,7.375,NSF,HA6562,2,1.148376492748358e+38,True
post-peak,log_sigma_star,7.25,7.5,7.375,NSF,OIII5006,2,1.351231371505011e+38,True
post-peak,log_sigma_star,7.25,7.5,7.375,NSF,NII6583,2,1.096130902547712e+38,True
post-peak,log_sigma_star,7.25,7.5,7.375,NSF,SII_SUM,2,6.342572007543149e+37,True
post-peak,log_sigma_star,7.25,7.5,7.375,NSF,HB4861,2,4.0721645523862896e+37,True
post-peak,log_sigma_star,7.5,7.75,7.625,SF,HA6562,5,1.0098811240322182e+39,True
post-peak,log_sigma_star,7.5,7.75,7.625,SF,OIII5006,5,7.996233095945414e+37,True
post-peak,log_sigma_star,7.5,7.75,7.625,SF,NII6583,5,3.53137947381661e+38,True
post-peak,log_sigma_star,7.5,7.75,7.625,SF,SII_SUM,5,2.4500538689523217e+38,True
post-peak,log_sigma_star,7.5,7.75,7.625,SF,HB4861,5,3.5310528812315274e+38,True
post-peak,log_sigma_star,7.5,7.75,7.625,NSF,HA6562,8,1.8508225899233262e+38,True
post-peak,log_sigma_star,7.5,7.75,7.625,NSF,OIII5006,8,1.0046919363997288e+38,True
post-peak,log_sigma_star,7.5,7.75,7.625,NSF,NII6583,8,1.2729373035227948e+38,True
post-peak,log_sigma_star,7.5,7.75,7.625,NSF,SII_SUM,8,9.265513555662193e+37,True
post-peak,log_sigma_star,7.5,7.75,7.625,NSF,HB4861,8,6.486927626068906e+37,True
post-peak,log_sigma_star,7.75,8.0,7.875,SF,HA6562,8,2.581383882273239e+39,True
post-peak,log_sigma_star,7.75,8.0,7.875,SF,OIII5006,8,1.3009210214533404e+38,True
post-peak,log_sigma_star,7.75,8.0,7.875,SF,NII6583,8,6.313097682510057e+38,True
post-peak,log_sigma_star,7.75,8.0,7.875,SF,SII_SUM,8,4.4627214688915246e+38,True
post-peak,log_sigma_star,7.75,8.0,7.875,SF,HB4861,8,9.025817770186139e+38,True
post-peak,log_sigma_star,7.75,8.0,7.875,NSF,HA6562,12,1.941740755902319e+38,True
post-peak,log_sigma_star,7.75,8.0,7.875,NSF,OIII5006,12,7.177623192120436e+37,True
post-peak,log_sigma_star,7.75,8.0,7.875,NSF,NII6583,12,1.3896302529893782e+38,True
post-peak,log_sigma_star,7.75,8.0,7.875,NSF,SII_SUM,12,1.0501243923516025e+38,True
post-peak,log_sigma_star,7.75,8.0,7.875,NSF,HB4861,12,6.83984325565005e+37,True
post-peak,log_sigma_star,8.0,8.25,8.125,SF,HA6562,12,3.1876621033508437e+39,True
post-peak,log_sigma_star,8.0,8.25,8.125,SF,OIII5006,12,2.0880355207940274e+38,True
post-peak,log_sigma_star,8.0,8.25,8.125,SF,NII6583,12,9.60025096088107e+38,True
post-peak,log_sigma_star,8.0,8.25,8.125,SF,SII_SUM,12,6.485941032456778e+38,True
post-peak,log_sigma_star,8.0,8.25,8.125,SF,HB4861,12,1.1145671690037901e+39,True
post-peak,log_sigma_star,8.0,8.25,8.125,NSF,HA6562,13,2.6728175310775396e+38,True
post-peak,log_sigma_star,8.0,8.25,8.125,NSF,OIII5006,13,9.415450510255197e+37,True
post-peak,log_sigma_star,8.0,8.25,8.125,NSF,NII6583,13,1.8359357783645455e+38,True
post-peak,log_sigma_star,8.0,8.25,8.125,NSF,SII_SUM,13,1.358540167261799e+38,True
post-peak,log_sigma_star,8.0,8.25,8.125,NSF,HB4861,13,9.399280745186148e+37,True
post-peak,log_sigma_star,8.25,8.5,8.375,SF,HA6562,13,4.4273015856796885e+39,True
post-peak,log_sigma_star,8.25,8.5,8.375,SF,OIII5006,13,3.279784570933298e+38,True
post-peak,log_sigma_star,8.25,8.5,8.375,SF,NII6583,13,1.433147973905603e+39,True
post-peak,log_sigma_star,8.25,8.5,8.375,SF,SII_SUM,13,9.912487833887052e+38,True
post-peak,log_sigma_star,8.25,8.5,8.375,SF,HB4861,13,1.5480075474404482e+39,True
post-peak,log_sigma_star,8.25,8.5,8.375,NSF,HA6562,13,5.434423514281092e+38,True
post-peak,log_sigma_star,8.25,8.5,8.375,NSF,OIII5006,13,1.683870340150381e+38,True
post-peak,log_sigma_star,8.25,8.5,8.375,NSF,NII6583,13,3.3397158763945573e+38,True
post-peak,log_sigma_star,8.25,8.5,8.375,NSF,SII_SUM,13,2.4235017581370823e+38,True
post-peak,log_sigma_star,8.25,8.5,8.375,NSF,HB4861,13,1.905398885163514e+38,True
post-peak,log_sigma_star,8.5,8.75,8.625,SF,HA6562,12,7.579699961597906e+39,True
post-peak,log_sigma_star,8.5,8.75,8.625,SF,OIII5006,12,5.565277694561605e+38,True
post-peak,log_sigma_star,8.5,8.75,8.625,SF,NII6583,12,2.4170603488476042e+39,True
post-peak,log_sigma_star,8.5,8.75,8.625,SF,SII_SUM,12,1.7290122863098133e+39,True
post-peak,log_sigma_star,8.5,8.75,8.625,SF,HB4861,12,2.650244741817446e+39,True
post-peak,log_sigma_star,8.5,8.75,8.625,NSF,HA6562,13,1.1106109243579975e+39,True
post-peak,log_sigma_star,8.5,8.75,8.625,NSF,OIII5006,13,2.9297876842720914e+38,True
post-peak,log_sigma_star,8.5,8.75,8.625,NSF,NII6583,13,6.289468638576041e+38,True
post-peak,log_sigma_star,8.5,8.75,8.625,NSF,SII_SUM,13,4.629425437197912e+38,True
post-peak,log_sigma_star,8.5,8.75,8.625,NSF,HB4861,13,3.892033507681253e+38,True
post-peak,log_sigma_star,8.75,9.0,8.875,SF,HA6562,10,1.2326511750090388e+40,True
post-peak,log_sigma_star,8.75,9.0,8.875,SF,OIII5006,10,9.032358774412195e+38,True
post-peak,log_sigma_star,8.75,9.0,8.875,SF,NII6583,10,3.963829561682601e+39,True
post-peak,log_sigma_star,8.75,9.0,8.875,SF,SII_SUM,10,2.8377690659488616e+39,True
post-peak,log_sigma_star,8.75,9.0,8.875,SF,HB4861,10,4.309969143388242e+39,True
post-peak,log_sigma_star,8.75,9.0,8.875,NSF,HA6562,12,2.6798044133150678e+39,True
post-peak,log_sigma_star,8.75,9.0,8.875,NSF,OIII5006,12,5.776209422523726e+38,True
post-peak,log_sigma_star,8.75,9.0,8.875,NSF,NII6583,12,1.3906246183021597e+39,True
post-peak,log_sigma_star,8.75,9.0,8.875,NSF,SII_SUM,12,9.955478351612234e+38,True
post-peak,log_sigma_star,8.75,9.0,8.875,NSF,HB4861,12,9.383988943491114e+38,True
post-peak,log_sigma_star,9.0,9.25,9.125,SF,HA6562,7,1.9022289486955888e+40,True
post-peak,log_sigma_star,9.0,9.25,9.125,SF,OIII5006,7,1.594027769674579e+39,True
post-peak,log_sigma_star,9.0,9.25,9.125,SF,NII6583,7,6.524040541620144e+39,True
post-peak,log_sigma_star,9.0,9.25,9.125,SF,SII_SUM,7,4.543346959856947e+39,True
post-peak,log_sigma_star,9.0,9.25,9.125,SF,HB4861,7,6.651150170264289e+39,True
post-peak,log_sigma_star,9.0,9.25,9.125,NSF,HA6562,10,6.42900510461461e+39,True
post-peak,log_sigma_star,9.0,9.25,9.125,NSF,OIII5006,10,1.1467412284989662e+39,True
post-peak,log_sigma_star,9.0,9.25,9.125,NSF,NII6583,10,2.9585797826733353e+39,True
post-peak,log_sigma_star,9.0,9.25,9.125,NSF,SII_SUM,10,2.0332864605696595e+39,True
post-peak,log_sigma_star,9.0,9.25,9.125,NSF,HB4861,10,2.2499587665403397e+39,True
post-peak,log_sigma_star,9.25,9.5,9.375,SF,HA6562,0,,True
post-peak,log_sigma_star,9.25,9.5,9.375,SF,OIII5006,0,,True
post-peak,log_sigma_star,9.25,9.5,9.375,SF,NII6583,0,,True
post-peak,log_sigma_star,9.25,9.5,9.375,SF,SII_SUM,0,,True
post-peak,log_sigma_star,9.25,9.5,9.375,SF,HB4861,0,,True
post-peak,log_sigma_star,9.25,9.5,9.375,NSF,HA6562,9,3.569336987209008e+39,True
post-peak,log_sigma_star,9.25,9.5,9.375,NSF,OIII5006,9,2.2303347322234136e+39,True
post-peak,log_sigma_star,9.25,9.5,9.375,NSF,NII6583,9,4.2165732895498163e+39,True
post-peak,log_sigma_star,9.25,9.5,9.375,NSF,SII_SUM,9,2.5698250859768303e+39,True
post-peak,log_sigma_star,9.25,9.5,9.375,NSF,HB4861,9,1.250754963461794e+39,True
post-peak,log_sigma_star,9.5,9.75,9.625,SF,HA6562,0,,False
post-peak,log_sigma_star,9.5,9.75,9.625,SF,OIII5006,0,,False
post-peak,log_sigma_star,9.5,9.75,9.625,SF,NII6583,0,,False
post-peak,log_sigma_star,9.5,9.75,9.625,SF,SII_SUM,0,,False
post-peak,log_sigma_star,9.5,9.75,9.625,SF,HB4861,0,,False
post-peak,log_sigma_star,9.5,9.75,9.625,NSF,HA6562,8,9.481626244623506e+39,False
post-peak,log_sigma_star,9.5,9.75,9.625,NSF,OIII5006,8,7.26294586550913e+39,False
post-peak,log_sigma_star,9.5,9.75,9.625,NSF,NII6583,8,1.2024266966231423e+40,False
post-peak,log_sigma_star,9.5,9.75,9.625,NSF,SII_SUM,8,7.38556150172195e+39,False
post-peak,log_sigma_star,9.5,9.75,9.625,NSF,HB4861,8,3.31891292129967e+39,False
post-peak,log_sigma_star,9.75,10.0,9.875,SF,HA6562,0,,False
post-peak,log_sigma_star,9.75,10.0,9.875,SF,OIII5006,0,,False
post-peak,log_sigma_star,9.75,10.0,9.875,SF,NII6583,0,,False
post-peak,log_sigma_star,9.75,10.0,9.875,SF,SII_SUM,0,,False
post-peak,log_sigma_star,9.75,10.0,9.875,SF,HB4861,0,,False
post-peak,log_sigma_star,9.75,10.0,9.875,NSF,HA6562,7,4.433248703190849e+40,False
post-peak,log_sigma_star,9.75,10.0,9.875,NSF,OIII5006,7,3.9510968709161405e+40,False
post-peak,log_sigma_star,9.75,10.0,9.875,NSF,NII6583,7,5.273817016288335e+40,False
post-peak,log_sigma_star,9.75,10.0,9.875,NSF,SII_SUM,7,3.088734776963878e+40,False
post-peak,log_sigma_star,9.75,10.0,9.875,NSF,HB4861,7,1.550507230919467e+40,False
post-peak,log_sigma_star,10.0,10.25,10.125,SF,HA6562,0,,False
post-peak,log_sigma_star,10.0,10.25,10.125,SF,OIII5006,0,,False
post-peak,log_sigma_star,10.0,10.25,10.125,SF,NII6583,0,,False
post-peak,log_sigma_star,10.0,10.25,10.125,SF,SII_SUM,0,,False
post-peak,log_sigma_star,10.0,10.25,10.125,SF,HB4861,0,,False
post-peak,log_sigma_star,10.0,10.25,10.125,NSF,HA6562,6,7.260397359428064e+40,False
post-peak,log_sigma_star,10.0,10.25,10.125,NSF,OIII5006,6,2.831049513461051e+40,False
post-peak,log_sigma_star,10.0,10.25,10.125,NSF,NII6583,6,6.838171207910911e+40,False
post-peak,log_sigma_star,10.0,10.25,10.125,NSF,SII_SUM,6,3.676122264650456e+40,False
post-peak,log_sigma_star,10.0,10.25,10.125,NSF,HB4861,6,2.5388412540119624e+40,False
post-peak,log_sigma_star,10.25,10.5,10.375,SF,HA6562,0,,False
post-peak,log_sigma_star,10.25,10.5,10.375,SF,OIII5006,0,,False
post-peak,log_sigma_star,10.25,10.5,10.375,SF,NII6583,0,,False
post-peak,log_sigma_star,10.25,10.5,10.375,SF,SII_SUM,0,,False
post-peak,log_sigma_star,10.25,10.5,10.375,SF,HB4861,0,,False
post-peak,log_sigma_star,10.25,10.5,10.375,NSF,HA6562,4,2.7572215628957577e+40,False
post-peak,log_sigma_star,10.25,10.5,10.375,NSF,OIII5006,4,1.9104313189412508e+40,False
post-peak,log_sigma_star,10.25,10.5,10.375,NSF,NII6583,4,3.548004571963703e+40,False
post-peak,log_sigma_star,10.25,10.5,10.375,NSF,SII_SUM,4,2.847586073546112e+40,False
post-peak,log_sigma_star,10.25,10.5,10.375,NSF,HB4861,4,9.640634835299842e+39,False
post-peak,log_sigma_star,10.5,10.75,10.625,SF,HA6562,0,,False
post-peak,log_sigma_star,10.5,10.75,10.625,SF,OIII5006,0,,False
post-peak,log_sigma_star,10.5,10.75,10.625,SF,NII6583,0,,False
post-peak,log_sigma_star,10.5,10.75,10.625,SF,SII_SUM,0,,False
post-peak,log_sigma_star,10.5,10.75,10.625,SF,HB4861,0,,False
post-peak,log_sigma_star,10.5,10.75,10.625,NSF,HA6562,1,1.8676340481667036e+41,False
post-peak,log_sigma_star,10.5,10.75,10.625,NSF,OIII5006,1,7.524986354487094e+40,False
post-peak,log_sigma_star,10.5,10.75,10.625,NSF,NII6583,1,2.0056900235139227e+41,False
post-peak,log_sigma_star,10.5,10.75,10.625,NSF,SII_SUM,1,1.600458681161298e+41,False
post-peak,log_sigma_star,10.5,10.75,10.625,NSF,HB4861,1,6.530188979603851e+40,False
post-peak,log_sigma_star,10.75,11.0,10.875,SF,HA6562,0,,False
post-peak,log_sigma_star,10.75,11.0,10.875,SF,OIII5006,0,,False
post-peak,log_sigma_star,10.75,11.0,10.875,SF,NII6583,0,,False
post-peak,log_sigma_star,10.75,11.0,10.875,SF,SII_SUM,0,,False
post-peak,log_sigma_star,10.75,11.0,10.875,SF,HB4861,0,,False
post-peak,log_sigma_star,10.75,11.0,10.875,NSF,HA6562,0,,False
post-peak,log_sigma_star,10.75,11.0,10.875,NSF,OIII5006,0,,False
post-peak,log_sigma_star,10.75,11.0,10.875,NSF,NII6583,0,,False
post-peak,log_sigma_star,10.75,11.0,10.875,NSF,SII_SUM,0,,False
post-peak,log_sigma_star,10.75,11.0,10.875,NSF,HB4861,0,,False
post-peak,log_sigma_star,11.0,11.25,11.125,SF,HA6562,0,,False
post-peak,log_sigma_star,11.0,11.25,11.125,SF,OIII5006,0,,False
post-peak,log_sigma_star,11.0,11.25,11.125,SF,NII6583,0,,False
post-peak,log_sigma_star,11.0,11.25,11.125,SF,SII_SUM,0,,False
post-peak,log_sigma_star,11.0,11.25,11.125,SF,HB4861,0,,False
post-peak,log_sigma_star,11.0,11.25,11.125,NSF,HA6562,0,,False
post-peak,log_sigma_star,11.0,11.25,11.125,NSF,OIII5006,0,,False
post-peak,log_sigma_star,11.0,11.25,11.125,NSF,NII6583,0,,False
post-peak,log_sigma_star,11.0,11.25,11.125,NSF,SII_SUM,0,,False
post-peak,log_sigma_star,11.0,11.25,11.125,NSF,HB4861,0,,False
post-peak,radius_re,0.0,0.25,0.125,SF,HA6562,7,1.0832481834099796e+40,True
post-peak,radius_re,0.0,0.25,0.125,SF,OIII5006,7,7.6130402666296e+38,True
post-peak,radius_re,0.0,0.25,0.125,SF,NII6583,7,3.393606804728012e+39,True
post-peak,radius_re,0.0,0.25,0.125,SF,SII_SUM,7,2.5750103661256286e+39,True
post-peak,radius_re,0.0,0.25,0.125,SF,HB4861,7,3.787581060874049e+39,True
post-peak,radius_re,0.0,0.25,0.125,NSF,HA6562,13,1.211207043007815e+40,True
post-peak,radius_re,0.0,0.25,0.125,NSF,OIII5006,13,5.116307979204728e+39,True
post-peak,radius_re,0.0,0.25,0.125,NSF,NII6583,13,1.1453209118643417e+40,True
post-peak,radius_re,0.0,0.25,0.125,NSF,SII_SUM,13,7.109656999026888e+39,True
post-peak,radius_re,0.0,0.25,0.125,NSF,HB4861,13,4.236939877590407e+39,True
post-peak,radius_re,0.25,0.5,0.375,SF,HA6562,10,8.485817132490551e+39,True
post-peak,radius_re,0.25,0.5,0.375,SF,OIII5006,10,1.0118862346792759e+39,True
post-peak,radius_re,0.25,0.5,0.375,SF,NII6583,10,3.1063059541206435e+39,True
post-peak,radius_re,0.25,0.5,0.375,SF,SII_SUM,10,1.9060201943355855e+39,True
post-peak,radius_re,0.25,0.5,0.375,SF,HB4861,10,2.967068927444245e+39,True
post-peak,radius_re,0.25,0.5,0.375,NSF,HA6562,13,1.6379086738118448e+39,True
post-peak,radius_re,0.25,0.5,0.375,NSF,OIII5006,13,6.844785163523959e+38,True
post-peak,radius_re,0.25,0.5,0.375,NSF,NII6583,13,1.3342852621039188e+39,True
post-peak,radius_re,0.25,0.5,0.375,NSF,SII_SUM,13,9.318166905431638e+38,True
post-peak,radius_re,0.25,0.5,0.375,NSF,HB4861,13,5.740478291706078e+38,True
post-peak,radius_re,0.5,0.75,0.625,SF,HA6562,10,6.058106890494294e+39,True
post-peak,radius_re,0.5,0.75,0.625,SF,OIII5006,10,5.141002662948001e+38,True
post-peak,radius_re,0.5,0.75,0.625,SF,NII6583,10,2.109442558401437e+39,True
post-peak,radius_re,0.5,0.75,0.625,SF,SII_SUM,10,1.4690385223331223e+39,True
post-peak,radius_re,0.5,0.75,0.625,SF,HB4861,10,2.1182191924805198e+39,True
post-peak,radius_re,0.5,0.75,0.625,NSF,HA6562,13,8.62977465056569e+38,True
post-peak,radius_re,0.5,0.75,0.625,NSF,OIII5006,13,3.361476599177338e+38,True
post-peak,radius_re,0.5,0.75,0.625,NSF,NII6583,13,6.523419591090925e+38,True
post-peak,radius_re,0.5,0.75,0.625,NSF,SII_SUM,13,4.6986820241906e+38,True
post-peak,radius_re,0.5,0.75,0.625,NSF,HB4861,13,3.0266472707803897e+38,True
post-peak,radius_re,0.75,1.0,0.875,SF,HA6562,9,4.761445265742821e+39,True
post-peak,radius_re,0.75,1.0,0.875,SF,OIII5006,9,3.901015752934799e+38,True
post-peak,radius_re,0.75,1.0,0.875,SF,NII6583,9,1.6818036984075716e+39,True
post-peak,radius_re,0.75,1.0,0.875,SF,SII_SUM,9,1.0914052191517508e+39,True
post-peak,radius_re,0.75,1.0,0.875,SF,HB4861,9,1.6648410020079773e+39,True
post-peak,radius_re,0.75,1.0,0.875,NSF,HA6562,13,4.6492489228675775e+38,True
post-peak,radius_re,0.75,1.0,0.875,NSF,OIII5006,13,1.7919216226620736e+38,True
post-peak,radius_re,0.75,1.0,0.875,NSF,NII6583,13,3.4864767178123624e+38,True
post-peak,radius_re,0.75,1.0,0.875,NSF,SII_SUM,13,2.505380685026317e+38,True
post-peak,radius_re,0.75,1.0,0.875,NSF,HB4861,13,1.6329425924031583e+38,True
post-peak,radius_re,1.0,1.25,1.125,SF,HA6562,8,2.4945420917566893e+39,True
post-peak,radius_re,1.0,1.25,1.125,SF,OIII5006,8,2.634239564387164e+38,True
post-peak,radius_re,1.0,1.25,1.125,SF,NII6583,8,9.78111073146244e+38,True
post-peak,radius_re,1.0,1.25,1.125,SF,SII_SUM,8,6.847575716727617e+38,True
post-peak,radius_re,1.0,1.25,1.125,SF,HB4861,8,8.722175146002398e+38,True
post-peak,radius_re,1.0,1.25,1.125,NSF,HA6562,12,3.635365958736159e+38,True
post-peak,radius_re,1.0,1.25,1.125,NSF,OIII5006,12,1.373015082914224e+38,True
post-peak,radius_re,1.0,1.25,1.125,NSF,NII6583,12,2.5205846079895137e+38,True
post-peak,radius_re,1.0,1.25,1.125,NSF,SII_SUM,12,1.825909050151115e+38,True
post-peak,radius_re,1.0,1.25,1.125,NSF,HB4861,12,1.2769974376356041e+38,True
post-peak,radius_re,1.25,1.5,1.375,SF,HA6562,7,3.053625299368869e+39,True
post-peak,radius_re,1.25,1.5,1.375,SF,OIII5006,7,2.948735148971251e+38,True
post-peak,radius_re,1.25,1.5,1.375,SF,NII6583,7,1.2131117323623487e+39,True
post-peak,radius_re,1.25,1.5,1.375,SF,SII_SUM,7,8.030382088812218e+38,True
post-peak,radius_re,1.25,1.5,1.375,SF,HB4861,7,1.0677011536254775e+39,True
post-peak,radius_re,1.25,1.5,1.375,NSF,HA6562,8,2.877984930290634e+38,True
post-peak,radius_re,1.25,1.5,1.375,NSF,OIII5006,8,1.2997632027885827e+38,True
post-peak,radius_re,1.25,1.5,1.375,NSF,NII6583,8,2.0456190493663437e+38,True
post-peak,radius_re,1.25,1.5,1.375,NSF,SII_SUM,8,1.552506802748138e+38,True
post-peak,radius_re,1.25,1.5,1.375,NSF,HB4861,8,1.0101178631787322e+38,True
post-peak,radius_re,1.5,1.75,1.625,SF,HA6562,4,3.353181553761313e+39,True
post-peak,radius_re,1.5,1.75,1.625,SF,OIII5006,4,3.0742014579297287e+38,True
post-peak,radius_re,1.5,1.75,1.625,SF,NII6583,4,1.3000932637084727e+39,True
post-peak,radius_re,1.5,1.75,1.625,SF,SII_SUM,4,8.601841946599807e+38,True
post-peak,radius_re,1.5,1.75,1.625,SF,HB4861,4,1.1724411027137445e+39,True
post-peak,radius_re,1.5,1.75,1.625,NSF,HA6562,5,2.5776872286058207e+38,True
post-peak,radius_re,1.5,1.75,1.625,NSF,OIII5006,5,1.5887323157636455e+38,True
post-peak,radius_re,1.5,1.75,1.625,NSF,NII6583,5,1.9805143104588277e+38,True
post-peak,radius_re,1.5,1.75,1.625,NSF,SII_SUM,5,1.3966944760928808e+38,True
post-peak,radius_re,1.5,1.75,1.625,NSF,HB4861,5,9.031086170802957e+37,True
post-peak,radius_re,1.75,2.0,1.875,SF,HA6562,4,2.3879190333273242e+39,True
post-peak,radius_re,1.75,2.0,1.875,SF,OIII5006,4,3.3834664593958933e+38,True
post-peak,radius_re,1.75,2.0,1.875,SF,NII6583,4,8.733770732579008e+38,True
post-peak,radius_re,1.75,2.0,1.875,SF,SII_SUM,4,4.696622137791255e+38,True
post-peak,radius_re,1.75,2.0,1.875,SF,HB4861,4,8.349367249396228e+38,True
post-peak,radius_re,1.75,2.0,1.875,NSF,HA6562,4,1.881718801075564e+38,True
post-peak,radius_re,1.75,2.0,1.875,NSF,OIII5006,4,1.0989325652707723e+38,True
post-peak,radius_re,1.75,2.0,1.875,NSF,NII6583,4,1.56745360853426e+38,True
post-peak,radius_re,1.75,2.0,1.875,NSF,SII_SUM,4,1.108579734833492e+38,True
post-peak,radius_re,1.75,2.0,1.875,NSF,HB4861,4,6.607420673167591e+37,True
post-peak,radius_re,2.0,2.25,2.125,SF,HA6562,3,1.9869301751621523e+39,True
post-peak,radius_re,2.0,2.25,2.125,SF,OIII5006,3,2.2475253801404114e+38,True
post-peak,radius_re,2.0,2.25,2.125,SF,NII6583,3,8.518492410130917e+38,True
post-peak,radius_re,2.0,2.25,2.125,SF,SII_SUM,3,4.3324332737145154e+38,True
post-peak,radius_re,2.0,2.25,2.125,SF,HB4861,3,6.947308304762762e+38,True
post-peak,radius_re,2.0,2.25,2.125,NSF,HA6562,3,2.1521177581881548e+38,True
post-peak,radius_re,2.0,2.25,2.125,NSF,OIII5006,3,7.288911507836846e+37,True
post-peak,radius_re,2.0,2.25,2.125,NSF,NII6583,3,1.5031004786286874e+38,True
post-peak,radius_re,2.0,2.25,2.125,NSF,SII_SUM,3,9.924179967775888e+37,True
post-peak,radius_re,2.0,2.25,2.125,NSF,HB4861,3,7.576862827543432e+37,True
post-peak,radius_re,2.25,2.5,2.375,SF,HA6562,0,,True
post-peak,radius_re,2.25,2.5,2.375,SF,OIII5006,0,,True
post-peak,radius_re,2.25,2.5,2.375,SF,NII6583,0,,True
post-peak,radius_re,2.25,2.5,2.375,SF,SII_SUM,0,,True
post-peak,radius_re,2.25,2.5,2.375,SF,HB4861,0,,True
post-peak,radius_re,2.25,2.5,2.375,NSF,HA6562,2,1.0335165283300096e+38,True
post-peak,radius_re,2.25,2.5,2.375,NSF,OIII5006,2,5.307751395878677e+37,True
post-peak,radius_re,2.25,2.5,2.375,NSF,NII6583,2,9.83269217427523e+37,True
post-peak,radius_re,2.25,2.5,2.375,NSF,SII_SUM,2,7.709257294678274e+37,True
post-peak,radius_re,2.25,2.5,2.375,NSF,HB4861,2,3.6917123478372913e+37,True
post-peak,radius_re,2.5,2.75,2.625,SF,HA6562,0,,False
post-peak,radius_re,2.5,2.75,2.625,SF,OIII5006,0,,False
post-peak,radius_re,2.5,2.75,2.625,SF,NII6583,0,,False
post-peak,radius_re,2.5,2.75,2.625,SF,SII_SUM,0,,False
post-peak,radius_re,2.5,2.75,2.625,SF,HB4861,0,,False
post-peak,radius_re,2.5,2.75,2.625,NSF,HA6562,2,9.721859426288027e+37,False
post-peak,radius_re,2.5,2.75,2.625,NSF,OIII5006,2,4.735090312911301e+37,False
post-peak,radius_re,2.5,2.75,2.625,NSF,NII6583,2,1.0010309086457403e+38,False
post-peak,radius_re,2.5,2.75,2.625,NSF,SII_SUM,2,7.162848878919312e+37,False
post-peak,radius_re,2.5,2.75,2.625,NSF,HB4861,2,3.451796713480023e+37,False
post-peak,radius_re,2.75,3.0,2.875,SF,HA6562,0,,False
post-peak,radius_re,2.75,3.0,2.875,SF,OIII5006,0,,False
post-peak,radius_re,2.75,3.0,2.875,SF,NII6583,0,,False
post-peak,radius_re,2.75,3.0,2.875,SF,SII_SUM,0,,False
post-peak,radius_re,2.75,3.0,2.875,SF,HB4861,0,,False
post-peak,radius_re,2.75,3.0,2.875,NSF,HA6562,2,9.436836569634953e+37,False
post-peak,radius_re,2.75,3.0,2.875,NSF,OIII5006,2,5.592490239346482e+37,False
post-peak,radius_re,2.75,3.0,2.875,NSF,NII6583,2,1.0743224568236873e+38,False
post-peak,radius_re,2.75,3.0,2.875,NSF,SII_SUM,2,7.754100882925375e+37,False
post-peak,radius_re,2.75,3.0,2.875,NSF,HB4861,2,3.323040396750359e+37,False
post-peak,radius_re,3.0,3.25,3.125,SF,HA6562,0,,False
post-peak,radius_re,3.0,3.25,3.125,SF,OIII5006,0,,False
post-peak,radius_re,3.0,3.25,3.125,SF,NII6583,0,,False
post-peak,radius_re,3.0,3.25,3.125,SF,SII_SUM,0,,False
post-peak,radius_re,3.0,3.25,3.125,SF,HB4861,0,,False
post-peak,radius_re,3.0,3.25,3.125,NSF,HA6562,2,8.524428050932234e+37,False
post-peak,radius_re,3.0,3.25,3.125,NSF,OIII5006,2,5.128917881966677e+37,False
post-peak,radius_re,3.0,3.25,3.125,NSF,NII6583,2,9.955918480979042e+37,False
post-peak,radius_re,3.0,3.25,3.125,NSF,SII_SUM,2,7.064940069115222e+37,False
post-peak,radius_re,3.0,3.25,3.125,NSF,HB4861,2,3.049418968329047e+37,False
post-peak,radius_re,3.25,3.5,3.375,SF,HA6562,0,,False
post-peak,radius_re,3.25,3.5,3.375,SF,OIII5006,0,,False
post-peak,radius_re,3.25,3.5,3.375,SF,NII6583,0,,False
post-peak,radius_re,3.25,3.5,3.375,SF,SII_SUM,0,,False
post-peak,radius_re,3.25,3.5,3.375,SF,HB4861,0,,False
post-peak,radius_re,3.25,3.5,3.375,NSF,HA6562,1,9.7606301406071e+37,False
post-peak,radius_re,3.25,3.5,3.375,NSF,OIII5006,1,5.145582276154814e+37,False
post-peak,radius_re,3.25,3.5,3.375,NSF,NII6583,1,9.787927982880959e+37,False
post-peak,radius_re,3.25,3.5,3.375,NSF,SII_SUM,1,8.04507899099012e+37,False
post-peak,radius_re,3.25,3.5,3.375,NSF,HB4861,1,3.4128077414710097e+37,False
post-peak,radius_re,3.5,3.75,3.625,SF,HA6562,0,,False
post-peak,radius_re,3.5,3.75,3.625,SF,OIII5006,0,,False
post-peak,radius_re,3.5,3.75,3.625,SF,NII6583,0,,False
post-peak,radius_re,3.5,3.75,3.625,SF,SII_SUM,0,,False
post-peak,radius_re,3.5,3.75,3.625,SF,HB4861,0,,False
post-peak,radius_re,3.5,3.75,3.625,NSF,HA6562,1,8.138723382857405e+37,False
post-peak,radius_re,3.5,3.75,3.625,NSF,OIII5006,1,4.263176691594741e+37,False
post-peak,radius_re,3.5,3.75,3.625,NSF,NII6583,1,7.230283362420269e+37,False
post-peak,radius_re,3.5,3.75,3.625,NSF,SII_SUM,1,6.876392576879906e+37,False
post-peak,radius_re,3.5,3.75,3.625,NSF,HB4861,1,2.8457074765235658e+37,False
post-peak,radius_re,3.75,4.0,3.875,SF,HA6562,0,,False
post-peak,radius_re,3.75,4.0,3.875,SF,OIII5006,0,,False
post-peak,radius_re,3.75,4.0,3.875,SF,NII6583,0,,False
post-peak,radius_re,3.75,4.0,3.875,SF,SII_SUM,0,,False
post-peak,radius_re,3.75,4.0,3.875,SF,HB4861,0,,False
post-peak,radius_re,3.75,4.0,3.875,NSF,HA6562,0,,False
post-peak,radius_re,3.75,4.0,3.875,NSF,OIII5006,0,,False
post-peak,radius_re,3.75,4.0,3.875,NSF,NII6583,0,,False
post-peak,radius_re,3.75,4.0,3.875,NSF,SII_SUM,0,,False
post-peak,radius_re,3.75,4.0,3.875,NSF,HB4861,0,,False
post-peak,radius_re,4.0,4.25,4.125,SF,HA6562,0,,False
post-peak,radius_re,4.0,4.25,4.125,SF,OIII5006,0,,False
post-peak,radius_re,4.0,4.25,4.125,SF,NII6583,0,,False
post-peak,radius_re,4.0,4.25,4.125,SF,SII_SUM,0,,False
post-peak,radius_re,4.0,4.25,4.125,SF,HB4861,0,,False
post-peak,radius_re,4.0,4.25,4.125,NSF,HA6562,0,,False
post-peak,radius_re,4.0,4.25,4.125,NSF,OIII5006,0,,False
post-peak,radius_re,4.0,4.25,4.125,NSF,NII6583,0,,False
post-peak,radius_re,4.0,4.25,4.125,NSF,SII_SUM,0,,False
post-peak,radius_re,4.0,4.25,4.125,NSF,HB4861,0,,False
post-peak,radius_re,4.25,4.5,4.375,SF,HA6562,0,,False
post-peak,radius_re,4.25,4.5,4.375,SF,OIII5006,0,,False
post-peak,radius_re,4.25,4.5,4.375,SF,NII6583,0,,False
post-peak,radius_re,4.25,4.5,4.375,SF,SII_SUM,0,,False
post-peak,radius_re,4.25,4.5,4.375,SF,HB4861,0,,False
post-peak,radius_re,4.25,4.5,4.375,NSF,HA6562,0,,False
post-peak,radius_re,4.25,4.5,4.375,NSF,OIII5006,0,,False
post-peak,radius_re,4.25,4.5,4.375,NSF,NII6583,0,,False
post-peak,radius_re,4.25,4.5,4.375,NSF,SII_SUM,0,,False
post-peak,radius_re,4.25,4.5,4.375,NSF,HB4861,0,,False
post-peak,radius_re,4.5,4.75,4.625,SF,HA6562,0,,False
post-peak,radius_re,4.5,4.75,4.625,SF,OIII5006,0,,False
post-peak,radius_re,4.5,4.75,4.625,SF,NII6583,0,,False
post-peak,radius_re,4.5,4.75,4.625,SF,SII_SUM,0,,False
post-peak,radius_re,4.5,4.75,4.625,SF,HB4861,0,,False
post-peak,radius_re,4.5,4.75,4.625,NSF,HA6562,0,,False
post-peak,radius_re,4.5,4.75,4.625,NSF,OIII5006,0,,False
post-peak,radius_re,4.5,4.75,4.625,NSF,NII6583,0,,False
post-peak,radius_re,4.5,4.75,4.625,NSF,SII_SUM,0,,False
post-peak,radius_re,4.5,4.75,4.625,NSF,HB4861,0,,False
post-peak,radius_re,4.75,5.0,4.875,SF,HA6562,0,,False
post-peak,radius_re,4.75,5.0,4.875,SF,OIII5006,0,,False
post-peak,radius_re,4.75,5.0,4.875,SF,NII6583,0,,False
post-peak,radius_re,4.75,5.0,4.875,SF,SII_SUM,0,,False
post-peak,radius_re,4.75,5.0,4.875,SF,HB4861,0,,False
post-peak,radius_re,4.75,5.0,4.875,NSF,HA6562,0,,False
post-peak,radius_re,4.75,5.0,4.875,NSF,OIII5006,0,,False
post-peak,radius_re,4.75,5.0,4.875,NSF,NII6583,0,,False
post-peak,radius_re,4.75,5.0,4.875,NSF,SII_SUM,0,,False
post-peak,radius_re,4.75,5.0,4.875,NSF,HB4861,0,,False
post-peak,radius_re,5.0,5.25,5.125,SF,HA6562,0,,False
post-peak,radius_re,5.0,5.25,5.125,SF,OIII5006,0,,False
post-peak,radius_re,5.0,5.25,5.125,SF,NII6583,0,,False
post-peak,radius_re,5.0,5.25,5.125,SF,SII_SUM,0,,False
post-peak,radius_re,5.0,5.25,5.125,SF,HB4861,0,,False
post-peak,radius_re,5.0,5.25,5.125,NSF,HA6562,0,,False
post-peak,radius_re,5.0,5.25,5.125,NSF,OIII5006,0,,False
post-peak,radius_re,5.0,5.25,5.125,NSF,NII6583,0,,False
post-peak,radius_re,5.0,5.25,5.125,NSF,SII_SUM,0,,False
post-peak,radius_re,5.0,5.25,5.125,NSF,HB4861,0,,False
post-peak,radius_re,5.25,5.5,5.375,SF,HA6562,0,,False
post-peak,radius_re,5.25,5.5,5.375,SF,OIII5006,0,,False
post-peak,radius_re,5.25,5.5,5.375,SF,NII6583,0,,False
post-peak,radius_re,5.25,5.5,5.375,SF,SII_SUM,0,,False
post-peak,radius_re,5.25,5.5,5.375,SF,HB4861,0,,False
post-peak,radius_re,5.25,5.5,5.375,NSF,HA6562,0,,False
post-peak,radius_re,5.25,5.5,5.375,NSF,OIII5006,0,,False
post-peak,radius_re,5.25,5.5,5.375,NSF,NII6583,0,,False
post-peak,radius_re,5.25,5.5,5.375,NSF,SII_SUM,0,,False
post-peak,radius_re,5.25,5.5,5.375,NSF,HB4861,0,,False
post-peak,radius_re,5.5,5.75,5.625,SF,HA6562,0,,False
post-peak,radius_re,5.5,5.75,5.625,SF,OIII5006,0,,False
post-peak,radius_re,5.5,5.75,5.625,SF,NII6583,0,,False
post-peak,radius_re,5.5,5.75,5.625,SF,SII_SUM,0,,False
post-peak,radius_re,5.5,5.75,5.625,SF,HB4861,0,,False
post-peak,radius_re,5.5,5.75,5.625,NSF,HA6562,0,,False
post-peak,radius_re,5.5,5.75,5.625,NSF,OIII5006,0,,False
post-peak,radius_re,5.5,5.75,5.625,NSF,NII6583,0,,False
post-peak,radius_re,5.5,5.75,5.625,NSF,SII_SUM,0,,False
post-peak,radius_re,5.5,5.75,5.625,NSF,HB4861,0,,False
post-peak,radius_re,5.75,6.0,5.875,SF,HA6562,0,,False
post-peak,radius_re,5.75,6.0,5.875,SF,OIII5006,0,,False
post-peak,radius_re,5.75,6.0,5.875,SF,NII6583,0,,False
post-peak,radius_re,5.75,6.0,5.875,SF,SII_SUM,0,,False
post-peak,radius_re,5.75,6.0,5.875,SF,HB4861,0,,False
post-peak,radius_re,5.75,6.0,5.875,NSF,HA6562,0,,False
post-peak,radius_re,5.75,6.0,5.875,NSF,OIII5006,0,,False
post-peak,radius_re,5.75,6.0,5.875,NSF,NII6583,0,,False
post-peak,radius_re,5.75,6.0,5.875,NSF,SII_SUM,0,,False
post-peak,radius_re,5.75,6.0,5.875,NSF,HB4861,0,,False
post-peak,radius_re,6.0,6.25,6.125,SF,HA6562,0,,False
post-peak,radius_re,6.0,6.25,6.125,SF,OIII5006,0,,False
post-peak,radius_re,6.0,6.25,6.125,SF,NII6583,0,,False
post-peak,radius_re,6.0,6.25,6.125,SF,SII_SUM,0,,False
post-peak,radius_re,6.0,6.25,6.125,SF,HB4861,0,,False
post-peak,radius_re,6.0,6.25,6.125,NSF,HA6562,0,,False
post-peak,radius_re,6.0,6.25,6.125,NSF,OIII5006,0,,False
post-peak,radius_re,6.0,6.25,6.125,NSF,NII6583,0,,False
post-peak,radius_re,6.0,6.25,6.125,NSF,SII_SUM,0,,False
post-peak,radius_re,6.0,6.25,6.125,NSF,HB4861,0,,False
post-peak,radius_re,6.25,6.5,6.375,SF,HA6562,0,,False
post-peak,radius_re,6.25,6.5,6.375,SF,OIII5006,0,,False
post-peak,radius_re,6.25,6.5,6.375,SF,NII6583,0,,False
post-peak,radius_re,6.25,6.5,6.375,SF,SII_SUM,0,,False
post-peak,radius_re,6.25,6.5,6.375,SF,HB4861,0,,False
post-peak,radius_re,6.25,6.5,6.375,NSF,HA6562,0,,False
post-peak,radius_re,6.25,6.5,6.375,NSF,OIII5006,0,,False
post-peak,radius_re,6.25,6.5,6.375,NSF,NII6583,0,,False
post-peak,radius_re,6.25,6.5,6.375,NSF,SII_SUM,0,,False
post-peak,radius_re,6.25,6.5,6.375,NSF,HB4861,0,,False
post-peak,radius_re,6.5,6.75,6.625,SF,HA6562,0,,False
post-peak,radius_re,6.5,6.75,6.625,SF,OIII5006,0,,False
post-peak,radius_re,6.5,6.75,6.625,SF,NII6583,0,,False
post-peak,radius_re,6.5,6.75,6.625,SF,SII_SUM,0,,False
post-peak,radius_re,6.5,6.75,6.625,SF,HB4861,0,,False
post-peak,radius_re,6.5,6.75,6.625,NSF,HA6562,0,,False
post-peak,radius_re,6.5,6.75,6.625,NSF,OIII5006,0,,False
post-peak,radius_re,6.5,6.75,6.625,NSF,NII6583,0,,False
post-peak,radius_re,6.5,6.75,6.625,NSF,SII_SUM,0,,False
post-peak,radius_re,6.5,6.75,6.625,NSF,HB4861,0,,False
post-peak,radius_re,6.75,7.0,6.875,SF,HA6562,0,,False
post-peak,radius_re,6.75,7.0,6.875,SF,OIII5006,0,,False
post-peak,radius_re,6.75,7.0,6.875,SF,NII6583,0,,False
post-peak,radius_re,6.75,7.0,6.875,SF,SII_SUM,0,,False
post-peak,radius_re,6.75,7.0,6.875,SF,HB4861,0,,False
post-peak,radius_re,6.75,7.0,6.875,NSF,HA6562,0,,False
post-peak,radius_re,6.75,7.0,6.875,NSF,OIII5006,0,,False
post-peak,radius_re,6.75,7.0,6.875,NSF,NII6583,0,,False
post-peak,radius_re,6.75,7.0,6.875,NSF,SII_SUM,0,,False
post-peak,radius_re,6.75,7.0,6.875,NSF,HB4861,0,,False
post-peak,radius_re,7.0,7.25,7.125,SF,HA6562,0,,False
post-peak,radius_re,7.0,7.25,7.125,SF,OIII5006,0,,False
post-peak,radius_re,7.0,7.25,7.125,SF,NII6583,0,,False
post-peak,radius_re,7.0,7.25,7.125,SF,SII_SUM,0,,False
post-peak,radius_re,7.0,7.25,7.125,SF,HB4861,0,,False
post-peak,radius_re,7.0,7.25,7.125,NSF,HA6562,0,,False
post-peak,radius_re,7.0,7.25,7.125,NSF,OIII5006,0,,False
post-peak,radius_re,7.0,7.25,7.125,NSF,NII6583,0,,False
post-peak,radius_re,7.0,7.25,7.125,NSF,SII_SUM,0,,False
post-peak,radius_re,7.0,7.25,7.125,NSF,HB4861,0,,False
post-peak,radius_re,7.25,7.5,7.375,SF,HA6562,0,,False
post-peak,radius_re,7.25,7.5,7.375,SF,OIII5006,0,,False
post-peak,radius_re,7.25,7.5,7.375,SF,NII6583,0,,False
post-peak,radius_re,7.25,7.5,7.375,SF,SII_SUM,0,,False
post-peak,radius_re,7.25,7.5,7.375,SF,HB4861,0,,False
post-peak,radius_re,7.25,7.5,7.375,NSF,HA6562,0,,False
post-peak,radius_re,7.25,7.5,7.375,NSF,OIII5006,0,,False
post-peak,radius_re,7.25,7.5,7.375,NSF,NII6583,0,,False
post-peak,radius_re,7.25,7.5,7.375,NSF,SII_SUM,0,,False
post-peak,radius_re,7.25,7.5,7.375,NSF,HB4861,0,,False
post-peak,radius_re,7.5,7.75,7.625,SF,HA6562,0,,False
post-peak,radius_re,7.5,7.75,7.625,SF,OIII5006,0,,False
post-peak,radius_re,7.5,7.75,7.625,SF,NII6583,0,,False
post-peak,radius_re,7.5,7.75,7.625,SF,SII_SUM,0,,False
post-peak,radius_re,7.5,7.75,7.625,SF,HB4861,0,,False
post-peak,radius_re,7.5,7.75,7.625,NSF,HA6562,0,,False
post-peak,radius_re,7.5,7.75,7.625,NSF,OIII5006,0,,False
post-peak,radius_re,7.5,7.75,7.625,NSF,NII6583,0,,False
post-peak,radius_re,7.5,7.75,7.625,NSF,SII_SUM,0,,False
post-peak,radius_re,7.5,7.75,7.625,NSF,HB4861,0,,False
post-peak,radius_re,7.75,8.0,7.875,SF,HA6562,0,,False
post-peak,radius_re,7.75,8.0,7.875,SF,OIII5006,0,,False
post-peak,radius_re,7.75,8.0,7.875,SF,NII6583,0,,False
post-peak,radius_re,7.75,8.0,7.875,SF,SII_SUM,0,,False
post-peak,radius_re,7.75,8.0,7.875,SF,HB4861,0,,False
post-peak,radius_re,7.75,8.0,7.875,NSF,HA6562,0,,False
post-peak,radius_re,7.75,8.0,7.875,NSF,OIII5006,0,,False
post-peak,radius_re,7.75,8.0,7.875,NSF,NII6583,0,,False
post-peak,radius_re,7.75,8.0,7.875,NSF,SII_SUM,0,,False
post-peak,radius_re,7.75,8.0,7.875,NSF,HB4861,0,,False
pre-peak,log_sigma_star,5.75,6.0,5.875,SF,HA6562,0,,False
pre-peak,log_sigma_star,5.75,6.0,5.875,SF,OIII5006,0,,False
pre-peak,log_sigma_star,5.75,6.0,5.875,SF,NII6583,0,,False
pre-peak,log_sigma_star,5.75,6.0,5.875,SF,SII_SUM,0,,False
pre-peak,log_sigma_star,5.75,6.0,5.875,SF,HB4861,0,,False
pre-peak,log_sigma_star,5.75,6.0,5.875,NSF,HA6562,0,,False
pre-peak,log_sigma_star,5.75,6.0,5.875,NSF,OIII5006,0,,False
pre-peak,log_sigma_star,5.75,6.0,5.875,NSF,NII6583,0,,False
pre-peak,log_sigma_star,5.75,6.0,5.875,NSF,SII_SUM,0,,False
pre-peak,log_sigma_star,5.75,6.0,5.875,NSF,HB4861,0,,False
pre-peak,log_sigma_star,6.0,6.25,6.125,SF,HA6562,0,,False
pre-peak,log_sigma_star,6.0,6.25,6.125,SF,OIII5006,0,,False
pre-peak,log_sigma_star,6.0,6.25,6.125,SF,NII6583,0,,False
pre-peak,log_sigma_star,6.0,6.25,6.125,SF,SII_SUM,0,,False
pre-peak,log_sigma_star,6.0,6.25,6.125,SF,HB4861,0,,False
pre-peak,log_sigma_star,6.0,6.25,6.125,NSF,HA6562,0,,False
pre-peak,log_sigma_star,6.0,6.25,6.125,NSF,OIII5006,0,,False
pre-peak,log_sigma_star,6.0,6.25,6.125,NSF,NII6583,0,,False
pre-peak,log_sigma_star,6.0,6.25,6.125,NSF,SII_SUM,0,,False
pre-peak,log_sigma_star,6.0,6.25,6.125,NSF,HB4861,0,,False
pre-peak,log_sigma_star,6.25,6.5,6.375,SF,HA6562,0,,False
pre-peak,log_sigma_star,6.25,6.5,6.375,SF,OIII5006,0,,False
pre-peak,log_sigma_star,6.25,6.5,6.375,SF,NII6583,0,,False
pre-peak,log_sigma_star,6.25,6.5,6.375,SF,SII_SUM,0,,False
pre-peak,log_sigma_star,6.25,6.5,6.375,SF,HB4861,0,,False
pre-peak,log_sigma_star,6.25,6.5,6.375,NSF,HA6562,0,,False
pre-peak,log_sigma_star,6.25,6.5,6.375,NSF,OIII5006,0,,False
pre-peak,log_sigma_star,6.25,6.5,6.375,NSF,NII6583,0,,False
pre-peak,log_sigma_star,6.25,6.5,6.375,NSF,SII_SUM,0,,False
pre-peak,log_sigma_star,6.25,6.5,6.375,NSF,HB4861,0,,False
pre-peak,log_sigma_star,6.5,6.75,6.625,SF,HA6562,2,7.55661718667052e+38,False
pre-peak,log_sigma_star,6.5,6.75,6.625,SF,OIII5006,2,1.8187244012495995e+38,False
pre-peak,log_sigma_star,6.5,6.75,6.625,SF,NII6583,2,1.936911817493974e+38,False
pre-peak,log_sigma_star,6.5,6.75,6.625,SF,SII_SUM,2,3.43110870980057e+38,False
pre-peak,log_sigma_star,6.5,6.75,6.625,SF,HB4861,2,2.6421738414931854e+38,False
pre-peak,log_sigma_star,6.5,6.75,6.625,NSF,HA6562,1,1.4079691628619255e+38,False
pre-peak,log_sigma_star,6.5,6.75,6.625,NSF,OIII5006,1,5.132312113386051e+37,False
pre-peak,log_sigma_star,6.5,6.75,6.625,NSF,NII6583,1,2.1895067156801235e+37,False
pre-peak,log_sigma_star,6.5,6.75,6.625,NSF,SII_SUM,1,9.525148858191763e+37,False
pre-peak,log_sigma_star,6.5,6.75,6.625,NSF,HB4861,1,4.961855515476056e+37,False
pre-peak,log_sigma_star,6.75,7.0,6.875,SF,HA6562,2,9.594741881982625e+38,False
pre-peak,log_sigma_star,6.75,7.0,6.875,SF,OIII5006,2,1.9750532248990377e+38,False
pre-peak,log_sigma_star,6.75,7.0,6.875,SF,NII6583,2,2.9180440829346835e+38,False
pre-peak,log_sigma_star,6.75,7.0,6.875,SF,SII_SUM,2,3.461035446191497e+38,False
pre-peak,log_sigma_star,6.75,7.0,6.875,SF,HB4861,2,3.354804853840075e+38,False
pre-peak,log_sigma_star,6.75,7.0,6.875,NSF,HA6562,2,2.2000425202140557e+38,False
pre-peak,log_sigma_star,6.75,7.0,6.875,NSF,OIII5006,2,7.207027611396896e+37,False
pre-peak,log_sigma_star,6.75,7.0,6.875,NSF,NII6583,2,7.936412544183396e+37,False
pre-peak,log_sigma_star,6.75,7.0,6.875,NSF,SII_SUM,2,1.2524174840456704e+38,False
pre-peak,log_sigma_star,6.75,7.0,6.875,NSF,HB4861,2,7.692456364384799e+37,False
pre-peak,log_sigma_star,7.0,7.25,7.125,SF,HA6562,4,9.603640333524276e+38,True
pre-peak,log_sigma_star,7.0,7.25,7.125,SF,OIII5006,4,1.5608535598311538e+38,True
pre-peak,log_sigma_star,7.0,7.25,7.125,SF,NII6583,4,2.9008255968374146e+38,True
pre-peak,log_sigma_star,7.0,7.25,7.125,SF,SII_SUM,4,3.786769523135561e+38,True
pre-peak,log_sigma_star,7.0,7.25,7.125,SF,HB4861,4,3.3579196704267464e+38,True
pre-peak,log_sigma_star,7.0,7.25,7.125,NSF,HA6562,4,2.6407301757748675e+38,True
pre-peak,log_sigma_star,7.0,7.25,7.125,NSF,OIII5006,4,8.492633371168089e+37,True
pre-peak,log_sigma_star,7.0,7.25,7.125,NSF,NII6583,4,8.657297130154473e+37,True
pre-peak,log_sigma_star,7.0,7.25,7.125,NSF,SII_SUM,4,1.384206823122582e+38,True
pre-peak,log_sigma_star,7.0,7.25,7.125,NSF,HB4861,4,9.233373034035084e+37,True
pre-peak,log_sigma_star,7.25,7.5,7.375,SF,HA6562,7,1.500419447782399e+39,True
pre-peak,log_sigma_star,7.25,7.5,7.375,SF,OIII5006,7,2.3178826984924256e+38,True
pre-peak,log_sigma_star,7.25,7.5,7.375,SF,NII6583,7,4.398323750851303e+38,True
pre-peak,log_sigma_star,7.25,7.5,7.375,SF,SII_SUM,7,4.6640569704647926e+38,True
pre-peak,log_sigma_star,7.25,7.5,7.375,SF,HB4861,7,5.2462271476460005e+38,True
pre-peak,log_sigma_star,7.25,7.5,7.375,NSF,HA6562,7,3.433603295719311e+38,True
pre-peak,log_sigma_star,7.25,7.5,7.375,NSF,OIII5006,7,1.0060500220032245e+38,True
pre-peak,log_sigma_star,7.25,7.5,7.375,NSF,NII6583,7,1.2304054602967751e+38,True
pre-peak,log_sigma_star,7.25,7.5,7.375,NSF,SII_SUM,7,1.8026018361390172e+38,True
pre-peak,log_sigma_star,7.25,7.5,7.375,NSF,HB4861,7,1.2006707767119423e+38,True
pre-peak,log_sigma_star,7.5,7.75,7.625,SF,HA6562,8,1.9142147600247596e+39,True
pre-peak,log_sigma_star,7.5,7.75,7.625,SF,OIII5006,8,3.382201262735304e+38,True
pre-peak,log_sigma_star,7.5,7.75,7.625,SF,NII6583,8,5.569332072875688e+38,True
pre-peak,log_sigma_star,7.5,7.75,7.625,SF,SII_SUM,8,5.9534541074941005e+38,True
pre-peak,log_sigma_star,7.5,7.75,7.625,SF,HB4861,8,6.693071863945753e+38,True
pre-peak,log_sigma_star,7.5,7.75,7.625,NSF,HA6562,8,4.956247849186742e+38,True
pre-peak,log_sigma_star,7.5,7.75,7.625,NSF,OIII5006,8,1.567017379458599e+38,True
pre-peak,log_sigma_star,7.5,7.75,7.625,NSF,NII6583,8,1.9470054772914046e+38,True
pre-peak,log_sigma_star,7.5,7.75,7.625,NSF,SII_SUM,8,2.44832436440327e+38,True
pre-peak,log_sigma_star,7.5,7.75,7.625,NSF,HB4861,8,1.7335045193000115e+38,True
pre-peak,log_sigma_star,7.75,8.0,7.875,SF,HA6562,8,3.509917120364569e+39,True
pre-peak,log_sigma_star,7.75,8.0,7.875,SF,OIII5006,8,6.37885187867357e+38,True
pre-peak,log_sigma_star,7.75,8.0,7.875,SF,NII6583,8,9.880962393959038e+38,True
pre-peak,log_sigma_star,7.75,8.0,7.875,SF,SII_SUM,8,9.917691444366336e+38,True
pre-peak,log_sigma_star,7.75,8.0,7.875,SF,HB4861,8,1.2272440707834515e+39,True
pre-peak,log_sigma_star,7.75,8.0,7.875,NSF,HA6562,8,6.371409280048827e+38,True
pre-peak,log_sigma_star,7.75,8.0,7.875,NSF,OIII5006,8,1.8834828574246106e+38,True
pre-peak,log_sigma_star,7.75,8.0,7.875,NSF,NII6583,8,2.5512071039694963e+38,True
pre-peak,log_sigma_star,7.75,8.0,7.875,NSF,SII_SUM,8,3.139161237887273e+38,True
pre-peak,log_sigma_star,7.75,8.0,7.875,NSF,HB4861,8,2.2280979267617144e+38,True
pre-peak,log_sigma_star,8.0,8.25,8.125,SF,HA6562,8,5.371798926186647e+39,True
pre-peak,log_sigma_star,8.0,8.25,8.125,SF,OIII5006,8,8.899856141137074e+38,True
pre-peak,log_sigma_star,8.0,8.25,8.125,SF,NII6583,8,1.4962479968199233e+39,True
pre-peak,log_sigma_star,8.0,8.25,8.125,SF,SII_SUM,8,1.434381960609872e+39,True
pre-peak,log_sigma_star,8.0,8.25,8.125,SF,HB4861,8,1.8782518871401307e+39,True
pre-peak,log_sigma_star,8.0,8.25,8.125,NSF,HA6562,8,9.712314034224487e+38,True
pre-peak,log_sigma_star,8.0,8.25,8.125,NSF,OIII5006,8,2.757230387553964e+38,True
pre-peak,log_sigma_star,8.0,8.25,8.125,NSF,NII6583,8,3.862511658645408e+38,True
pre-peak,log_sigma_star,8.0,8.25,8.125,NSF,SII_SUM,8,4.622022144560758e+38,True
pre-peak,log_sigma_star,8.0,8.25,8.125,NSF,HB4861,8,3.3964926981466888e+38,True
pre-peak,log_sigma_star,8.25,8.5,8.375,SF,HA6562,8,8.535007056763419e+39,True
pre-peak,log_sigma_star,8.25,8.5,8.375,SF,OIII5006,8,1.5538433826100902e+39,True
pre-peak,log_sigma_star,8.25,8.5,8.375,SF,NII6583,8,2.2821409822060286e+39,True
pre-peak,log_sigma_star,8.25,8.5,8.375,SF,SII_SUM,8,2.145736479284806e+39,True
pre-peak,log_sigma_star,8.25,8.5,8.375,SF,HB4861,8,2.984268201665528e+39,True
pre-peak,log_sigma_star,8.25,8.5,8.375,NSF,HA6562,8,1.6733399912508318e+39,True
pre-peak,log_sigma_star,8.25,8.5,8.375,NSF,OIII5006,8,5.0793974851423675e+38,True
pre-peak,log_sigma_star,8.25,8.5,8.375,NSF,NII6583,8,6.332960677143958e+38,True
pre-peak,log_sigma_star,8.25,8.5,8.375,NSF,SII_SUM,8,7.48659722086726e+38,True
pre-peak,log_sigma_star,8.25,8.5,8.375,NSF,HB4861,8,5.852143803647814e+38,True
pre-peak,log_sigma_star,8.5,8.75,8.625,SF,HA6562,7,1.5614181525605382e+40,True
pre-peak,log_sigma_star,8.5,8.75,8.625,SF,OIII5006,7,3.251291000161925e+39,True
pre-peak,log_sigma_star,8.5,8.75,8.625,SF,NII6583,7,3.9596236834596294e+39,True
pre-peak,log_sigma_star,8.5,8.75,8.625,SF,SII_SUM,7,3.473972343587105e+39,True
pre-peak,log_sigma_star,8.5,8.75,8.625,SF,HB4861,7,5.459504029931945e+39,True
pre-peak,log_sigma_star,8.5,8.75,8.625,NSF,HA6562,6,3.557592149526691e+39,True
pre-peak,log_sigma_star,8.5,8.75,8.625,NSF,OIII5006,6,1.1169751648007082e+39,True
pre-peak,log_sigma_star,8.5,8.75,8.625,NSF,NII6583,6,1.3271943498121344e+39,True
pre-peak,log_sigma_star,8.5,8.75,8.625,NSF,SII_SUM,6,1.3422722214093168e+39,True
pre-peak,log_sigma_star,8.5,8.75,8.625,NSF,HB4861,6,1.2441477556029795e+39,True
pre-peak,log_sigma_star,8.75,9.0,8.875,SF,HA6562,5,3.5471198359697935e+40,True
pre-peak,log_sigma_star,8.75,9.0,8.875,SF,OIII5006,5,8.364844868366445e+39,True
pre-peak,log_sigma_star,8.75,9.0,8.875,SF,NII6583,5,8.733062340303291e+39,True
pre-peak,log_sigma_star,8.75,9.0,8.875,SF,SII_SUM,5,6.852696529318417e+39,True
pre-peak,log_sigma_star,8.75,9.0,8.875,SF,HB4861,5,1.2402516908985276e+40,True
pre-peak,log_sigma_star,8.75,9.0,8.875,NSF,HA6562,6,1.2395989880700805e+40,True
pre-peak,log_sigma_star,8.75,9.0,8.875,NSF,OIII5006,6,3.772641183979002e+39,True
pre-peak,log_sigma_star,8.75,9.0,8.875,NSF,NII6583,6,3.639792755169043e+39,True
pre-peak,log_sigma_star,8.75,9.0,8.875,NSF,SII_SUM,6,3.5589324771710605e+39,True
pre-peak,log_sigma_star,8.75,9.0,8.875,NSF,HB4861,6,4.3344087177558805e+39,True
pre-peak,log_sigma_star,9.0,9.25,9.125,SF,HA6562,5,6.292769005204908e+40,True
pre-peak,log_sigma_star,9.0,9.25,9.125,SF,OIII5006,5,1.4302915724477928e+40,True
pre-peak,log_sigma_star,9.0,9.25,9.125,SF,NII6583,5,1.4820171946108363e+40,True
pre-peak,log_sigma_star,9.0,9.25,9.125,SF,SII_SUM,5,1.149837477624228e+40,True
pre-peak,log_sigma_star,9.0,9.25,9.125,SF,HB4861,5,2.2002688829387766e+40,True
pre-peak,log_sigma_star,9.0,9.25,9.125,NSF,HA6562,6,3.358974511941171e+40,True
pre-peak,log_sigma_star,9.0,9.25,9.125,NSF,OIII5006,6,9.48854385213476e+39,True
pre-peak,log_sigma_star,9.0,9.25,9.125,NSF,NII6583,6,9.15735424195236e+39,True
pre-peak,log_sigma_star,9.0,9.25,9.125,NSF,SII_SUM,6,7.659530637780718e+39,True
pre-peak,log_sigma_star,9.0,9.25,9.125,NSF,HB4861,6,1.1744667250707477e+40,True
pre-peak,log_sigma_star,9.25,9.5,9.375,SF,HA6562,5,1.1384681063013634e+41,True
pre-peak,log_sigma_star,9.25,9.5,9.375,SF,OIII5006,5,3.1649018119740293e+40,True
pre-peak,log_sigma_star,9.25,9.5,9.375,SF,NII6583,5,2.8041541440272553e+40,True
pre-peak,log_sigma_star,9.25,9.5,9.375,SF,SII_SUM,5,1.9989460006336076e+40,True
pre-peak,log_sigma_star,9.25,9.5,9.375,SF,HB4861,5,3.9806577143404267e+40,True
pre-peak,log_sigma_star,9.25,9.5,9.375,NSF,HA6562,6,1.0071714150998867e+41,True
pre-peak,log_sigma_star,9.25,9.5,9.375,NSF,OIII5006,6,3.15240555339323e+40,True
pre-peak,log_sigma_star,9.25,9.5,9.375,NSF,NII6583,6,2.623988841617003e+40,True
pre-peak,log_sigma_star,9.25,9.5,9.375,NSF,SII_SUM,6,1.9173315335647594e+40,True
pre-peak,log_sigma_star,9.25,9.5,9.375,NSF,HB4861,6,3.5215783744751243e+40,True
pre-peak,log_sigma_star,9.5,9.75,9.625,SF,HA6562,3,1.075052477691402e+41,False
pre-peak,log_sigma_star,9.5,9.75,9.625,SF,OIII5006,3,7.862962159160125e+39,False
pre-peak,log_sigma_star,9.5,9.75,9.625,SF,NII6583,3,3.1219020618221847e+40,False
pre-peak,log_sigma_star,9.5,9.75,9.625,SF,SII_SUM,3,1.520085600659123e+40,False
pre-peak,log_sigma_star,9.5,9.75,9.625,SF,HB4861,3,3.7589247471727297e+40,False
pre-peak,log_sigma_star,9.5,9.75,9.625,NSF,HA6562,4,1.2272513347444656e+41,False
pre-peak,log_sigma_star,9.5,9.75,9.625,NSF,OIII5006,4,9.925070246787469e+39,False
pre-peak,log_sigma_star,9.5,9.75,9.625,NSF,NII6583,4,4.937772595171607e+40,False
pre-peak,log_sigma_star,9.5,9.75,9.625,NSF,SII_SUM,4,2.552626980453127e+40,False
pre-peak,log_sigma_star,9.5,9.75,9.625,NSF,HB4861,4,4.291088583022602e+40,False
pre-peak,log_sigma_star,9.75,10.0,9.875,SF,HA6562,2,1.804116020868928e+41,False
pre-peak,log_sigma_star,9.75,10.0,9.875,SF,OIII5006,2,2.1153664129958711e+40,False
pre-peak,log_sigma_star,9.75,10.0,9.875,SF,NII6583,2,6.121787244228704e+40,False
pre-peak,log_sigma_star,9.75,10.0,9.875,SF,SII_SUM,2,2.632423384045998e+40,False
pre-peak,log_sigma_star,9.75,10.0,9.875,SF,HB4861,2,6.308097975066175e+40,False
pre-peak,log_sigma_star,9.75,10.0,9.875,NSF,HA6562,3,1.190620575240675e+41,False
pre-peak,log_sigma_star,9.75,10.0,9.875,NSF,OIII5006,3,1.6985336338456266e+40,False
pre-peak,log_sigma_star,9.75,10.0,9.875,NSF,NII6583,3,4.577166197356655e+40,False
pre-peak,log_sigma_star,9.75,10.0,9.875,NSF,SII_SUM,3,2.0621704010447765e+40,False
pre-peak,log_sigma_star,9.75,10.0,9.875,NSF,HB4861,3,4.163009004338019e+40,False
pre-peak,log_sigma_star,10.0,10.25,10.125,SF,HA6562,0,,False
pre-peak,log_sigma_star,10.0,10.25,10.125,SF,OIII5006,0,,False
pre-peak,log_sigma_star,10.0,10.25,10.125,SF,NII6583,0,,False
pre-peak,log_sigma_star,10.0,10.25,10.125,SF,SII_SUM,0,,False
pre-peak,log_sigma_star,10.0,10.25,10.125,SF,HB4861,0,,False
pre-peak,log_sigma_star,10.0,10.25,10.125,NSF,HA6562,1,3.163754894979542e+40,False
pre-peak,log_sigma_star,10.0,10.25,10.125,NSF,OIII5006,1,1.2159600053329237e+40,False
pre-peak,log_sigma_star,10.0,10.25,10.125,NSF,NII6583,1,4.251372735432683e+40,False
pre-peak,log_sigma_star,10.0,10.25,10.125,NSF,SII_SUM,1,1.9540931490020153e+40,False
pre-peak,log_sigma_star,10.0,10.25,10.125,NSF,HB4861,1,1.106208005237601e+40,False
pre-peak,log_sigma_star,10.25,10.5,10.375,SF,HA6562,0,,False
pre-peak,log_sigma_star,10.25,10.5,10.375,SF,OIII5006,0,,False
pre-peak,log_sigma_star,10.25,10.5,10.375,SF,NII6583,0,,False
pre-peak,log_sigma_star,10.25,10.5,10.375,SF,SII_SUM,0,,False
pre-peak,log_sigma_star,10.25,10.5,10.375,SF,HB4861,0,,False
pre-peak,log_sigma_star,10.25,10.5,10.375,NSF,HA6562,1,8.166474479967886e+40,False
pre-peak,log_sigma_star,10.25,10.5,10.375,NSF,OIII5006,1,2.463635127108913e+40,False
pre-peak,log_sigma_star,10.25,10.5,10.375,NSF,NII6583,1,1.0443460054118318e+41,False
pre-peak,log_sigma_star,10.25,10.5,10.375,NSF,SII_SUM,1,4.557987646673716e+40,False
pre-peak,log_sigma_star,10.25,10.5,10.375,NSF,HB4861,1,2.855410657331425e+40,False
pre-peak,log_sigma_star,10.5,10.75,10.625,SF,HA6562,0,,False
pre-peak,log_sigma_star,10.5,10.75,10.625,SF,OIII5006,0,,False
pre-peak,log_sigma_star,10.5,10.75,10.625,SF,NII6583,0,,False
pre-peak,log_sigma_star,10.5,10.75,10.625,SF,SII_SUM,0,,False
pre-peak,log_sigma_star,10.5,10.75,10.625,SF,HB4861,0,,False
pre-peak,log_sigma_star,10.5,10.75,10.625,NSF,HA6562,0,,False
pre-peak,log_sigma_star,10.5,10.75,10.625,NSF,OIII5006,0,,False
pre-peak,log_sigma_star,10.5,10.75,10.625,NSF,NII6583,0,,False
pre-peak,log_sigma_star,10.5,10.75,10.625,NSF,SII_SUM,0,,False
pre-peak,log_sigma_star,10.5,10.75,10.625,NSF,HB4861,0,,False
pre-peak,log_sigma_star,10.75,11.0,10.875,SF,HA6562,0,,False
pre-peak,log_sigma_star,10.75,11.0,10.875,SF,OIII5006,0,,False
pre-peak,log_sigma_star,10.75,11.0,10.875,SF,NII6583,0,,False
pre-peak,log_sigma_star,10.75,11.0,10.875,SF,SII_SUM,0,,False
pre-peak,log_sigma_star,10.75,11.0,10.875,SF,HB4861,0,,False
pre-peak,log_sigma_star,10.75,11.0,10.875,NSF,HA6562,0,,False
pre-peak,log_sigma_star,10.75,11.0,10.875,NSF,OIII5006,0,,False
pre-peak,log_sigma_star,10.75,11.0,10.875,NSF,NII6583,0,,False
pre-peak,log_sigma_star,10.75,11.0,10.875,NSF,SII_SUM,0,,False
pre-peak,log_sigma_star,10.75,11.0,10.875,NSF,HB4861,0,,False
pre-peak,log_sigma_star,11.0,11.25,11.125,SF,HA6562,0,,False
pre-peak,log_sigma_star,11.0,11.25,11.125,SF,OIII5006,0,,False
pre-peak,log_sigma_star,11.0,11.25,11.125,SF,NII6583,0,,False
pre-peak,log_sigma_star,11.0,11.25,11.125,SF,SII_SUM,0,,False
pre-peak,log_sigma_star,11.0,11.25,11.125,SF,HB4861,0,,False
pre-peak,log_sigma_star,11.0,11.25,11.125,NSF,HA6562,0,,False
pre-peak,log_sigma_star,11.0,11.25,11.125,NSF,OIII5006,0,,False
pre-peak,log_sigma_star,11.0,11.25,11.125,NSF,NII6583,0,,False
pre-peak,log_sigma_star,11.0,11.25,11.125,NSF,SII_SUM,0,,False
pre-peak,log_sigma_star,11.0,11.25,11.125,NSF,HB4861,0,,False
pre-peak,radius_re,0.0,0.25,0.125,SF,HA6562,8,4.637287763693065e+40,True
pre-peak,radius_re,0.0,0.25,0.125,SF,OIII5006,8,1.5317156781390699e+40,True
pre-peak,radius_re,0.0,0.25,0.125,SF,NII6583,8,1.02797208436328e+40,True
pre-peak,radius_re,0.0,0.25,0.125,SF,SII_SUM,8,8.916216160553409e+39,True
pre-peak,radius_re,0.0,0.25,0.125,SF,HB4861,8,1.621429288004566e+40,True
pre-peak,radius_re,0.0,0.25,0.125,NSF,HA6562,8,4.476911600417894e+40,True
pre-peak,radius_re,0.0,0.25,0.125,NSF,OIII5006,8,1.6719397425570904e+40,True
pre-peak,radius_re,0.0,0.25,0.125,NSF,NII6583,8,1.0629292258265908e+40,True
pre-peak,radius_re,0.0,0.25,0.125,NSF,SII_SUM,8,8.73551967768098e+39,True
pre-peak,radius_re,0.0,0.25,0.125,NSF,HB4861,8,1.565369282589658e+40,True
pre-peak,radius_re,0.25,0.5,0.375,SF,HA6562,8,1.4228634161208609e+40,True
pre-peak,radius_re,0.25,0.5,0.375,SF,OIII5006,8,3.433307324924828e+39,True
pre-peak,radius_re,0.25,0.5,0.375,SF,NII6583,8,3.199870603712415e+39,True
pre-peak,radius_re,0.25,0.5,0.375,SF,SII_SUM,8,3.424304182573694e+39,True
pre-peak,radius_re,0.25,0.5,0.375,SF,HB4861,8,4.9750469095134925e+39,True
pre-peak,radius_re,0.25,0.5,0.375,NSF,HA6562,8,1.0195157164255144e+40,True
pre-peak,radius_re,0.25,0.5,0.375,NSF,OIII5006,8,3.3094295247380754e+39,True
pre-peak,radius_re,0.25,0.5,0.375,NSF,NII6583,8,2.474265523217658e+39,True
pre-peak,radius_re,0.25,0.5,0.375,NSF,SII_SUM,8,2.9214949446787656e+39,True
pre-peak,radius_re,0.25,0.5,0.375,NSF,HB4861,8,3.564883499993311e+39,True
pre-peak,radius_re,0.5,0.75,0.625,SF,HA6562,8,1.3386825935252407e+40,True
pre-peak,radius_re,0.5,0.75,0.625,SF,OIII5006,8,4.3457319187451966e+39,True
pre-peak,radius_re,0.5,0.75,0.625,SF,NII6583,8,2.924555763847594e+39,True
pre-peak,radius_re,0.5,0.75,0.625,SF,SII_SUM,8,2.9620020316871116e+39,True
pre-peak,radius_re,0.5,0.75,0.625,SF,HB4861,8,4.680708368969367e+39,True
pre-peak,radius_re,0.5,0.75,0.625,NSF,HA6562,8,3.732987884358003e+39,True
pre-peak,radius_re,0.5,0.75,0.625,NSF,OIII5006,8,1.1943743653809438e+39,True
pre-peak,radius_re,0.5,0.75,0.625,NSF,NII6583,8,1.052928786450642e+39,True
pre-peak,radius_re,0.5,0.75,0.625,NSF,SII_SUM,8,1.3298209741286054e+39,True
pre-peak,radius_re,0.5,0.75,0.625,NSF,HB4861,8,1.305301270761726e+39,True
pre-peak,radius_re,0.75,1.0,0.875,SF,HA6562,8,6.711493090153884e+39,True
pre-peak,radius_re,0.75,1.0,0.875,SF,OIII5006,8,1.3600667489865373e+39,True
pre-peak,radius_re,0.75,1.0,0.875,SF,NII6583,8,1.8001959199060798e+39,True
pre-peak,radius_re,0.75,1.0,0.875,SF,SII_SUM,8,1.7390561440322583e+39,True
pre-peak,radius_re,0.75,1.0,0.875,SF,HB4861,8,2.3466762856137265e+39,True
pre-peak,radius_re,0.75,1.0,0.875,NSF,HA6562,8,1.44016815630403e+39,True
pre-peak,radius_re,0.75,1.0,0.875,NSF,OIII5006,8,4.338035616749518e+38,True
pre-peak,radius_re,0.75,1.0,0.875,NSF,NII6583,8,5.119047677988087e+38,True
pre-peak,radius_re,0.75,1.0,0.875,NSF,SII_SUM,8,6.368364387681011e+38,True
pre-peak,radius_re,0.75,1.0,0.875,NSF,HB4861,8,5.035967414385077e+38,True
pre-peak,radius_re,1.0,1.25,1.125,SF,HA6562,8,5.048011971782851e+39,True
pre-peak,radius_re,1.0,1.25,1.125,SF,OIII5006,8,8.693586193888003e+38,True
pre-peak,radius_re,1.0,1.25,1.125,SF,NII6583,8,1.4468901196610435e+39,True
pre-peak,radius_re,1.0,1.25,1.125,SF,SII_SUM,8,1.403986023619522e+39,True
pre-peak,radius_re,1.0,1.25,1.125,SF,HB4861,8,1.765039664163544e+39,True
pre-peak,radius_re,1.0,1.25,1.125,NSF,HA6562,8,9.640333991226102e+38,True
pre-peak,radius_re,1.0,1.25,1.125,NSF,OIII5006,8,2.799952653475927e+38,True
pre-peak,radius_re,1.0,1.25,1.125,NSF,NII6583,8,3.687545786678475e+38,True
pre-peak,radius_re,1.0,1.25,1.125,NSF,SII_SUM,8,4.425720678459324e+38,True
pre-peak,radius_re,1.0,1.25,1.125,NSF,HB4861,8,3.3709417064157073e+38,True
pre-peak,radius_re,1.25,1.5,1.375,SF,HA6562,8,3.746001880221697e+39,True
pre-peak,radius_re,1.25,1.5,1.375,SF,OIII5006,8,5.9172157908771376e+38,True
pre-peak,radius_re,1.25,1.5,1.375,SF,NII6583,8,1.0922298118038633e+39,True
pre-peak,radius_re,1.25,1.5,1.375,SF,SII_SUM,8,1.0841372097397278e+39,True
pre-peak,radius_re,1.25,1.5,1.375,SF,HB4861,8,1.3097914255108324e+39,True
pre-peak,radius_re,1.25,1.5,1.375,NSF,HA6562,8,9.021829453026338e+38,True
pre-peak,radius_re,1.25,1.5,1.375,NSF,OIII5006,8,2.321354906096439e+38,True
pre-peak,radius_re,1.25,1.5,1.375,NSF,NII6583,8,3.4336052528589314e+38,True
pre-peak,radius_re,1.25,1.5,1.375,NSF,SII_SUM,8,3.955790978752611e+38,True
pre-peak,radius_re,1.25,1.5,1.375,NSF,HB4861,8,3.1545860409108634e+38,True
pre-peak,radius_re,1.5,1.75,1.625,SF,HA6562,7,2.320268057195724e+39,True
pre-peak,radius_re,1.5,1.75,1.625,SF,OIII5006,7,3.472756089018959e+38,True
pre-peak,radius_re,1.5,1.75,1.625,SF,NII6583,7,7.096345585169208e+38,True
pre-peak,radius_re,1.5,1.75,1.625,SF,SII_SUM,7,7.156271286049963e+38,True
pre-peak,radius_re,1.5,1.75,1.625,SF,HB4861,7,8.11282828929068e+38,True
pre-peak,radius_re,1.5,1.75,1.625,NSF,HA6562,6,5.630328763371533e+38,True
pre-peak,radius_re,1.5,1.75,1.625,NSF,OIII5006,6,1.6261095306080785e+38,True
pre-peak,radius_re,1.5,1.75,1.625,NSF,NII6583,6,2.0897875948567226e+38,True
pre-peak,radius_re,1.5,1.75,1.625,NSF,SII_SUM,6,2.6620741796592403e+38,True
pre-peak,radius_re,1.5,1.75,1.625,NSF,HB4861,6,1.9690696183735253e+38,True
pre-peak,radius_re,1.75,2.0,1.875,SF,HA6562,4,2.2147963541670172e+39,True
pre-peak,radius_re,1.75,2.0,1.875,SF,OIII5006,4,3.1735861240770912e+38,True
pre-peak,radius_re,1.75,2.0,1.875,SF,NII6583,4,6.621368995785981e+38,True
pre-peak,radius_re,1.75,2.0,1.875,SF,SII_SUM,4,6.057478312848781e+38,True
pre-peak,radius_re,1.75,2.0,1.875,SF,HB4861,4,7.744049434077101e+38,True
pre-peak,radius_re,1.75,2.0,1.875,NSF,HA6562,4,4.342636615191711e+38,True
pre-peak,radius_re,1.75,2.0,1.875,NSF,OIII5006,4,1.552508954271369e+38,True
pre-peak,radius_re,1.75,2.0,1.875,NSF,NII6583,4,1.6161197869628323e+38,True
pre-peak,radius_re,1.75,2.0,1.875,NSF,SII_SUM,4,2.325052486034984e+38,True
pre-peak,radius_re,1.75,2.0,1.875,NSF,HB4861,4,1.5184060500836417e+38,True
pre-peak,radius_re,2.0,2.25,2.125,SF,HA6562,3,1.762169521565425e+39,True
pre-peak,radius_re,2.0,2.25,2.125,SF,OIII5006,3,4.7895909426743316e+38,True
pre-peak,radius_re,2.0,2.25,2.125,SF,NII6583,3,4.5669346920109185e+38,True
pre-peak,radius_re,2.0,2.25,2.125,SF,SII_SUM,3,5.157218094128439e+38,True
pre-peak,radius_re,2.0,2.25,2.125,SF,HB4861,3,6.1614341642310906e+38,True
pre-peak,radius_re,2.0,2.25,2.125,NSF,HA6562,4,5.348987511199511e+38,True
pre-peak,radius_re,2.0,2.25,2.125,NSF,OIII5006,4,1.3769854523022898e+38,True
pre-peak,radius_re,2.0,2.25,2.125,NSF,NII6583,4,1.9194170698228057e+38,True
pre-peak,radius_re,2.0,2.25,2.125,NSF,SII_SUM,4,2.3921775216430105e+38,True
pre-peak,radius_re,2.0,2.25,2.125,NSF,HB4861,4,1.8704350485604125e+38,True
pre-peak,radius_re,2.25,2.5,2.375,SF,HA6562,3,2.1685013353573028e+39,True
pre-peak,radius_re,2.25,2.5,2.375,SF,OIII5006,3,4.547137829548611e+38,True
pre-peak,radius_re,2.25,2.5,2.375,SF,NII6583,3,6.132809082517781e+38,True
pre-peak,radius_re,2.25,2.5,2.375,SF,SII_SUM,3,6.175681399951474e+38,True
pre-peak,radius_re,2.25,2.5,2.375,SF,HB4861,3,7.582176662650061e+38,True
pre-peak,radius_re,2.25,2.5,2.375,NSF,HA6562,2,5.257686504600409e+38,True
pre-peak,radius_re,2.25,2.5,2.375,NSF,OIII5006,2,1.436666185246649e+38,True
pre-peak,radius_re,2.25,2.5,2.375,NSF,NII6583,2,1.823860747748066e+38,True
pre-peak,radius_re,2.25,2.5,2.375,NSF,SII_SUM,2,2.386314802768545e+38,True
pre-peak,radius_re,2.25,2.5,2.375,NSF,HB4861,2,1.8392294012390643e+38,True
pre-peak,radius_re,2.5,2.75,2.625,SF,HA6562,2,3.1150114971967615e+39,False
pre-peak,radius_re,2.5,2.75,2.625,SF,OIII5006,2,5.7240957886074656e+38,False
pre-peak,radius_re,2.5,2.75,2.625,SF,NII6583,2,9.216188424307416e+38,False
pre-peak,radius_re,2.5,2.75,2.625,SF,SII_SUM,2,8.55626651822518e+38,False
pre-peak,radius_re,2.5,2.75,2.625,SF,HB4861,2,1.0891648591597056e+39,False
pre-peak,radius_re,2.5,2.75,2.625,NSF,HA6562,2,5.00972079606186e+38,False
pre-peak,radius_re,2.5,2.75,2.625,NSF,OIII5006,2,1.1049787712473812e+38,False
pre-peak,radius_re,2.5,2.75,2.625,NSF,NII6583,2,1.673565692227093e+38,False
pre-peak,radius_re,2.5,2.75,2.625,NSF,SII_SUM,2,2.217941685210696e+38,False
pre-peak,radius_re,2.5,2.75,2.625,NSF,HB4861,2,1.752206207332241e+38,False
pre-peak,radius_re,2.75,3.0,2.875,SF,HA6562,1,2.5593617493682016e+39,False
pre-peak,radius_re,2.75,3.0,2.875,SF,OIII5006,1,4.1816608649597324e+38,False
pre-peak,radius_re,2.75,3.0,2.875,SF,NII6583,1,8.294028087875418e+38,False
pre-peak,radius_re,2.75,3.0,2.875,SF,SII_SUM,1,8.21736294860596e+38,False
pre-peak,radius_re,2.75,3.0,2.875,SF,HB4861,1,8.94881730548321e+38,False
pre-peak,radius_re,2.75,3.0,2.875,NSF,HA6562,2,4.235526731042165e+38,False
pre-peak,radius_re,2.75,3.0,2.875,NSF,OIII5006,2,8.006692884002865e+37,False
pre-peak,radius_re,2.75,3.0,2.875,NSF,NII6583,2,1.4459195183569292e+38,False
pre-peak,radius_re,2.75,3.0,2.875,NSF,SII_SUM,2,1.9714893232647853e+38,False
pre-peak,radius_re,2.75,3.0,2.875,NSF,HB4861,2,1.4821487243606657e+38,False
pre-peak,radius_re,3.0,3.25,3.125,SF,HA6562,1,1.5840477838977284e+39,False
pre-peak,radius_re,3.0,3.25,3.125,SF,OIII5006,1,3.0315247330476582e+38,False
pre-peak,radius_re,3.0,3.25,3.125,SF,NII6583,1,5.147428691998384e+38,False
pre-peak,radius_re,3.0,3.25,3.125,SF,SII_SUM,1,5.6257722471980556e+38,False
pre-peak,radius_re,3.0,3.25,3.125,SF,HB4861,1,5.538628615027015e+38,False
pre-peak,radius_re,3.0,3.25,3.125,NSF,HA6562,1,5.639217011150654e+38,False
pre-peak,radius_re,3.0,3.25,3.125,NSF,OIII5006,1,2.159426865236102e+38,False
pre-peak,radius_re,3.0,3.25,3.125,NSF,NII6583,1,2.499236224630117e+38,False
pre-peak,radius_re,3.0,3.25,3.125,NSF,SII_SUM,1,2.8865792089655633e+38,False
pre-peak,radius_re,3.0,3.25,3.125,NSF,HB4861,1,1.971754199703023e+38,False
pre-peak,radius_re,3.25,3.5,3.375,SF,HA6562,1,6.208268652329582e+38,False
pre-peak,radius_re,3.25,3.5,3.375,SF,OIII5006,1,1.2295543337105915e+38,False
pre-peak,radius_re,3.25,3.5,3.375,SF,NII6583,1,2.037182430165338e+38,False
pre-peak,radius_re,3.25,3.5,3.375,SF,SII_SUM,1,2.285885120012173e+38,False
pre-peak,radius_re,3.25,3.5,3.375,SF,HB4861,1,2.1707233050103413e+38,False
pre-peak,radius_re,3.25,3.5,3.375,NSF,HA6562,0,,False
pre-peak,radius_re,3.25,3.5,3.375,NSF,OIII5006,0,,False
pre-peak,radius_re,3.25,3.5,3.375,NSF,NII6583,0,,False
pre-peak,radius_re,3.25,3.5,3.375,NSF,SII_SUM,0,,False
pre-peak,radius_re,3.25,3.5,3.375,NSF,HB4861,0,,False
pre-peak,radius_re,3.5,3.75,3.625,SF,HA6562,0,,False
pre-peak,radius_re,3.5,3.75,3.625,SF,OIII5006,0,,False
pre-peak,radius_re,3.5,3.75,3.625,SF,NII6583,0,,False
pre-peak,radius_re,3.5,3.75,3.625,SF,SII_SUM,0,,False
pre-peak,radius_re,3.5,3.75,3.625,SF,HB4861,0,,False
pre-peak,radius_re,3.5,3.75,3.625,NSF,HA6562,0,,False
pre-peak,radius_re,3.5,3.75,3.625,NSF,OIII5006,0,,False
pre-peak,radius_re,3.5,3.75,3.625,NSF,NII6583,0,,False
pre-peak,radius_re,3.5,3.75,3.625,NSF,SII_SUM,0,,False
pre-peak,radius_re,3.5,3.75,3.625,NSF,HB4861,0,,False
pre-peak,radius_re,3.75,4.0,3.875,SF,HA6562,0,,False
pre-peak,radius_re,3.75,4.0,3.875,SF,OIII5006,0,,False
pre-peak,radius_re,3.75,4.0,3.875,SF,NII6583,0,,False
pre-peak,radius_re,3.75,4.0,3.875,SF,SII_SUM,0,,False
pre-peak,radius_re,3.75,4.0,3.875,SF,HB4861,0,,False
pre-peak,radius_re,3.75,4.0,3.875,NSF,HA6562,0,,False
pre-peak,radius_re,3.75,4.0,3.875,NSF,OIII5006,0,,False
pre-peak,radius_re,3.75,4.0,3.875,NSF,NII6583,0,,False
pre-peak,radius_re,3.75,4.0,3.875,NSF,SII_SUM,0,,False
pre-peak,radius_re,3.75,4.0,3.875,NSF,HB4861,0,,False
pre-peak,radius_re,4.0,4.25,4.125,SF,HA6562,0,,False
pre-peak,radius_re,4.0,4.25,4.125,SF,OIII5006,0,,False
pre-peak,radius_re,4.0,4.25,4.125,SF,NII6583,0,,False
pre-peak,radius_re,4.0,4.25,4.125,SF,SII_SUM,0,,False
pre-peak,radius_re,4.0,4.25,4.125,SF,HB4861,0,,False
pre-peak,radius_re,4.0,4.25,4.125,NSF,HA6562,0,,False
pre-peak,radius_re,4.0,4.25,4.125,NSF,OIII5006,0,,False
pre-peak,radius_re,4.0,4.25,4.125,NSF,NII6583,0,,False
pre-peak,radius_re,4.0,4.25,4.125,NSF,SII_SUM,0,,False
pre-peak,radius_re,4.0,4.25,4.125,NSF,HB4861,0,,False
pre-peak,radius_re,4.25,4.5,4.375,SF,HA6562,0,,False
pre-peak,radius_re,4.25,4.5,4.375,SF,OIII5006,0,,False
pre-peak,radius_re,4.25,4.5,4.375,SF,NII6583,0,,False
pre-peak,radius_re,4.25,4.5,4.375,SF,SII_SUM,0,,False
pre-peak,radius_re,4.25,4.5,4.375,SF,HB4861,0,,False
pre-peak,radius_re,4.25,4.5,4.375,NSF,HA6562,0,,False
pre-peak,radius_re,4.25,4.5,4.375,NSF,OIII5006,0,,False
pre-peak,radius_re,4.25,4.5,4.375,NSF,NII6583,0,,False
pre-peak,radius_re,4.25,4.5,4.375,NSF,SII_SUM,0,,False
pre-peak,radius_re,4.25,4.5,4.375,NSF,HB4861,0,,False
pre-peak,radius_re,4.5,4.75,4.625,SF,HA6562,0,,False
pre-peak,radius_re,4.5,4.75,4.625,SF,OIII5006,0,,False
pre-peak,radius_re,4.5,4.75,4.625,SF,NII6583,0,,False
pre-peak,radius_re,4.5,4.75,4.625,SF,SII_SUM,0,,False
pre-peak,radius_re,4.5,4.75,4.625,SF,HB4861,0,,False
pre-peak,radius_re,4.5,4.75,4.625,NSF,HA6562,0,,False
pre-peak,radius_re,4.5,4.75,4.625,NSF,OIII5006,0,,False
pre-peak,radius_re,4.5,4.75,4.625,NSF,NII6583,0,,False
pre-peak,radius_re,4.5,4.75,4.625,NSF,SII_SUM,0,,False
pre-peak,radius_re,4.5,4.75,4.625,NSF,HB4861,0,,False
pre-peak,radius_re,4.75,5.0,4.875,SF,HA6562,0,,False
pre-peak,radius_re,4.75,5.0,4.875,SF,OIII5006,0,,False
pre-peak,radius_re,4.75,5.0,4.875,SF,NII6583,0,,False
pre-peak,radius_re,4.75,5.0,4.875,SF,SII_SUM,0,,False
pre-peak,radius_re,4.75,5.0,4.875,SF,HB4861,0,,False
pre-peak,radius_re,4.75,5.0,4.875,NSF,HA6562,0,,False
pre-peak,radius_re,4.75,5.0,4.875,NSF,OIII5006,0,,False
pre-peak,radius_re,4.75,5.0,4.875,NSF,NII6583,0,,False
pre-peak,radius_re,4.75,5.0,4.875,NSF,SII_SUM,0,,False
pre-peak,radius_re,4.75,5.0,4.875,NSF,HB4861,0,,False
pre-peak,radius_re,5.0,5.25,5.125,SF,HA6562,0,,False
pre-peak,radius_re,5.0,5.25,5.125,SF,OIII5006,0,,False
pre-peak,radius_re,5.0,5.25,5.125,SF,NII6583,0,,False
pre-peak,radius_re,5.0,5.25,5.125,SF,SII_SUM,0,,False
pre-peak,radius_re,5.0,5.25,5.125,SF,HB4861,0,,False
pre-peak,radius_re,5.0,5.25,5.125,NSF,HA6562,0,,False
pre-peak,radius_re,5.0,5.25,5.125,NSF,OIII5006,0,,False
pre-peak,radius_re,5.0,5.25,5.125,NSF,NII6583,0,,False
pre-peak,radius_re,5.0,5.25,5.125,NSF,SII_SUM,0,,False
pre-peak,radius_re,5.0,5.25,5.125,NSF,HB4861,0,,False
pre-peak,radius_re,5.25,5.5,5.375,SF,HA6562,0,,False
pre-peak,radius_re,5.25,5.5,5.375,SF,OIII5006,0,,False
pre-peak,radius_re,5.25,5.5,5.375,SF,NII6583,0,,False
pre-peak,radius_re,5.25,5.5,5.375,SF,SII_SUM,0,,False
pre-peak,radius_re,5.25,5.5,5.375,SF,HB4861,0,,False
pre-peak,radius_re,5.25,5.5,5.375,NSF,HA6562,0,,False
pre-peak,radius_re,5.25,5.5,5.375,NSF,OIII5006,0,,False
pre-peak,radius_re,5.25,5.5,5.375,NSF,NII6583,0,,False
pre-peak,radius_re,5.25,5.5,5.375,NSF,SII_SUM,0,,False
pre-peak,radius_re,5.25,5.5,5.375,NSF,HB4861,0,,False
pre-peak,radius_re,5.5,5.75,5.625,SF,HA6562,0,,False
pre-peak,radius_re,5.5,5.75,5.625,SF,OIII5006,0,,False
pre-peak,radius_re,5.5,5.75,5.625,SF,NII6583,0,,False
pre-peak,radius_re,5.5,5.75,5.625,SF,SII_SUM,0,,False
pre-peak,radius_re,5.5,5.75,5.625,SF,HB4861,0,,False
pre-peak,radius_re,5.5,5.75,5.625,NSF,HA6562,0,,False
pre-peak,radius_re,5.5,5.75,5.625,NSF,OIII5006,0,,False
pre-peak,radius_re,5.5,5.75,5.625,NSF,NII6583,0,,False
pre-peak,radius_re,5.5,5.75,5.625,NSF,SII_SUM,0,,False
pre-peak,radius_re,5.5,5.75,5.625,NSF,HB4861,0,,False
pre-peak,radius_re,5.75,6.0,5.875,SF,HA6562,0,,False
pre-peak,radius_re,5.75,6.0,5.875,SF,OIII5006,0,,False
pre-peak,radius_re,5.75,6.0,5.875,SF,NII6583,0,,False
pre-peak,radius_re,5.75,6.0,5.875,SF,SII_SUM,0,,False
pre-peak,radius_re,5.75,6.0,5.875,SF,HB4861,0,,False
pre-peak,radius_re,5.75,6.0,5.875,NSF,HA6562,0,,False
pre-peak,radius_re,5.75,6.0,5.875,NSF,OIII5006,0,,False
pre-peak,radius_re,5.75,6.0,5.875,NSF,NII6583,0,,False
pre-peak,radius_re,5.75,6.0,5.875,NSF,SII_SUM,0,,False
pre-peak,radius_re,5.75,6.0,5.875,NSF,HB4861,0,,False
pre-peak,radius_re,6.0,6.25,6.125,SF,HA6562,0,,False
pre-peak,radius_re,6.0,6.25,6.125,SF,OIII5006,0,,False
pre-peak,radius_re,6.0,6.25,6.125,SF,NII6583,0,,False
pre-peak,radius_re,6.0,6.25,6.125,SF,SII_SUM,0,,False
pre-peak,radius_re,6.0,6.25,6.125,SF,HB4861,0,,False
pre-peak,radius_re,6.0,6.25,6.125,NSF,HA6562,0,,False
pre-peak,radius_re,6.0,6.25,6.125,NSF,OIII5006,0,,False
pre-peak,radius_re,6.0,6.25,6.125,NSF,NII6583,0,,False
pre-peak,radius_re,6.0,6.25,6.125,NSF,SII_SUM,0,,False
pre-peak,radius_re,6.0,6.25,6.125,NSF,HB4861,0,,False
pre-peak,radius_re,6.25,6.5,6.375,SF,HA6562,0,,False
pre-peak,radius_re,6.25,6.5,6.375,SF,OIII5006,0,,False
pre-peak,radius_re,6.25,6.5,6.375,SF,NII6583,0,,False
pre-peak,radius_re,6.25,6.5,6.375,SF,SII_SUM,0,,False
pre-peak,radius_re,6.25,6.5,6.375,SF,HB4861,0,,False
pre-peak,radius_re,6.25,6.5,6.375,NSF,HA6562,0,,False
pre-peak,radius_re,6.25,6.5,6.375,NSF,OIII5006,0,,False
pre-peak,radius_re,6.25,6.5,6.375,NSF,NII6583,0,,False
pre-peak,radius_re,6.25,6.5,6.375,NSF,SII_SUM,0,,False
pre-peak,radius_re,6.25,6.5,6.375,NSF,HB4861,0,,False
pre-peak,radius_re,6.5,6.75,6.625,SF,HA6562,0,,False
pre-peak,radius_re,6.5,6.75,6.625,SF,OIII5006,0,,False
pre-peak,radius_re,6.5,6.75,6.625,SF,NII6583,0,,False
pre-peak,radius_re,6.5,6.75,6.625,SF,SII_SUM,0,,False
pre-peak,radius_re,6.5,6.75,6.625,SF,HB4861,0,,False
pre-peak,radius_re,6.5,6.75,6.625,NSF,HA6562,0,,False
pre-peak,radius_re,6.5,6.75,6.625,NSF,OIII5006,0,,False
pre-peak,radius_re,6.5,6.75,6.625,NSF,NII6583,0,,False
pre-peak,radius_re,6.5,6.75,6.625,NSF,SII_SUM,0,,False
pre-peak,radius_re,6.5,6.75,6.625,NSF,HB4861,0,,False
pre-peak,radius_re,6.75,7.0,6.875,SF,HA6562,0,,False
pre-peak,radius_re,6.75,7.0,6.875,SF,OIII5006,0,,False
pre-peak,radius_re,6.75,7.0,6.875,SF,NII6583,0,,False
pre-peak,radius_re,6.75,7.0,6.875,SF,SII_SUM,0,,False
pre-peak,radius_re,6.75,7.0,6.875,SF,HB4861,0,,False
pre-peak,radius_re,6.75,7.0,6.875,NSF,HA6562,0,,False
pre-peak,radius_re,6.75,7.0,6.875,NSF,OIII5006,0,,False
pre-peak,radius_re,6.75,7.0,6.875,NSF,NII6583,0,,False
pre-peak,radius_re,6.75,7.0,6.875,NSF,SII_SUM,0,,False
pre-peak,radius_re,6.75,7.0,6.875,NSF,HB4861,0,,False
pre-peak,radius_re,7.0,7.25,7.125,SF,HA6562,0,,False
pre-peak,radius_re,7.0,7.25,7.125,SF,OIII5006,0,,False
pre-peak,radius_re,7.0,7.25,7.125,SF,NII6583,0,,False
pre-peak,radius_re,7.0,7.25,7.125,SF,SII_SUM,0,,False
pre-peak,radius_re,7.0,7.25,7.125,SF,HB4861,0,,False
pre-peak,radius_re,7.0,7.25,7.125,NSF,HA6562,0,,False
pre-peak,radius_re,7.0,7.25,7.125,NSF,OIII5006,0,,False
pre-peak,radius_re,7.0,7.25,7.125,NSF,NII6583,0,,False
pre-peak,radius_re,7.0,7.25,7.125,NSF,SII_SUM,0,,False
pre-peak,radius_re,7.0,7.25,7.125,NSF,HB4861,0,,False
pre-peak,radius_re,7.25,7.5,7.375,SF,HA6562,0,,False
pre-peak,radius_re,7.25,7.5,7.375,SF,OIII5006,0,,False
pre-peak,radius_re,7.25,7.5,7.375,SF,NII6583,0,,False
pre-peak,radius_re,7.25,7.5,7.375,SF,SII_SUM,0,,False
pre-peak,radius_re,7.25,7.5,7.375,SF,HB4861,0,,False
pre-peak,radius_re,7.25,7.5,7.375,NSF,HA6562,0,,False
pre-peak,radius_re,7.25,7.5,7.375,NSF,OIII5006,0,,False
pre-peak,radius_re,7.25,7.5,7.375,NSF,NII6583,0,,False
pre-peak,radius_re,7.25,7.5,7.375,NSF,SII_SUM,0,,False
pre-peak,radius_re,7.25,7.5,7.375,NSF,HB4861,0,,False
pre-peak,radius_re,7.5,7.75,7.625,SF,HA6562,0,,False
pre-peak,radius_re,7.5,7.75,7.625,SF,OIII5006,0,,False
pre-peak,radius_re,7.5,7.75,7.625,SF,NII6583,0,,False
pre-peak,radius_re,7.5,7.75,7.625,SF,SII_SUM,0,,False
pre-peak,radius_re,7.5,7.75,7.625,SF,HB4861,0,,False
pre-peak,radius_re,7.5,7.75,7.625,NSF,HA6562,0,,False
pre-peak,radius_re,7.5,7.75,7.625,NSF,OIII5006,0,,False
pre-peak,radius_re,7.5,7.75,7.625,NSF,NII6583,0,,False
pre-peak,radius_re,7.5,7.75,7.625,NSF,SII_SUM,0,,False
pre-peak,radius_re,7.5,7.75,7.625,NSF,HB4861,0,,False
pre-peak,radius_re,7.75,8.0,7.875,SF,HA6562,0,,False
pre-peak,radius_re,7.75,8.0,7.875,SF,OIII5006,0,,False
pre-peak,radius_re,7.75,8.0,7.875,SF,NII6583,0,,False
pre-peak,radius_re,7.75,8.0,7.875,SF,SII_SUM,0,,False
pre-peak,radius_re,7.75,8.0,7.875,SF,HB4861,0,,False
pre-peak,radius_re,7.75,8.0,7.875,NSF,HA6562,0,,False
pre-peak,radius_re,7.75,8.0,7.875,NSF,OIII5006,0,,False
pre-peak,radius_re,7.75,8.0,7.875,NSF,NII6583,0,,False
pre-peak,radius_re,7.75,8.0,7.875,NSF,SII_SUM,0,,False
pre-peak,radius_re,7.75,8.0,7.875,NSF,HB4861,0,,False
