time_Myr,case1_gas_ratio,case1_SFR_ratio,case2_gas_ratio,case2_SFR_ratio,case3_gas_ratio,case3_SFR_ratio
0.0,1.0,2.0,1.0,2.0,1.0,1.1
0.5,0.9998500224977502,1.9997000449955005,0.9988507471761885,1.997701494352377,0.9979871796642252,1.0977858976306478
1.0,0.9997000899820028,1.9994001799640055,0.99770298741035,1.9954059748207,0.995978712370609,1.0955765836076699
1.5,0.9995502024392637,1.9991004048785275,0.9965567187627704,1.9931134375255408,0.9939745887050094,1.0933720475755104
2.0,0.9994003598560433,1.9988007197120865,0.9954119392962553,1.9908238785925105,0.9919747992736444,1.091172279201009
2.5,0.9992505622188554,1.9985011244377109,0.9942686470761268,1.9885372941522537,0.9899793347030472,1.088977268173352
3.0,0.9991008095142186,1.9982016190284373,0.9931268401702211,1.9862536803404423,0.9879881856400228,1.086787004204025
3.5,0.998951101728655,1.99790220345731,0.9919865166488842,1.9839730332977683,0.9860013427516037,1.084601477026764
4.0,0.9988014388486909,1.9976028776973818,0.990847674584969,1.981695349169938,0.9840187967250068,1.0824206763975075
4.5,0.9986518208608566,1.9973036417217132,0.9897103120538324,1.9794206241076648,0.9820405382675892,1.0802445920943482
5.0,0.9985022477516865,1.997004495503373,0.9885744271333312,1.9771488542666624,0.9800665581068047,1.0780732139174851
5.5,0.9983527195077191,1.9967054390154382,0.9874400179038196,1.9748800358076393,0.9780968469901603,1.0759065316891765
6.0,0.9982032361154967,1.9964064722309933,0.9863070824481461,1.9726141648962923,0.9761313956851736,1.073744535253691
6.5,0.998053797561566,1.996107595123132,0.985175618851649,1.970351237703298,0.9741701949793282,1.0715872144772611
7.0,0.9979044038324772,1.9958088076649545,0.9840456252021548,1.9680912504043095,0.9722132356800318,1.069434559248035
7.5,0.9977550549147853,1.9955101098295707,0.9829170995899739,1.9658341991799477,0.9702605086145721,1.0672865594760295
8.0,0.9976057507950487,1.9952115015900973,0.9817900401078978,1.9635800802157957,0.9683120046300744,1.0651432050930818
8.5,0.9974564914598298,1.9949129829196597,0.9806644448511956,1.9613288897023913,0.9663677145934587,1.0630044860528047
9.0,0.9973072768956956,1.9946145537913913,0.9795403119176114,1.9590806238352227,0.9644276293913963,1.060870392330536
9.5,0.9971581070892166,1.9943162141784332,0.9784176394073598,1.9568352788147196,0.962491739930268,1.0587409139232948
10.0,0.9970089820269676,1.9940179640539353,0.9772964254231244,1.954592850846249,0.9605600371361207,1.056616040849733
10.5,0.9968599016955273,1.9937198033910546,0.976176668070053,1.952353336140106,0.9586325119546253,1.054495763150088
11.0,0.9967108660814785,1.993421732162957,0.9750583654557554,1.9501167309115108,0.956709155351034,1.0523800708861375
11.5,0.996561875171408,1.993123750342816,0.9739415156903002,1.9478830313806004,0.954789958310138,1.0502689541411518
12.0,0.9964129289519067,1.9928258579038134,0.9728261168862109,1.9456522337724218,0.9528749118362256,1.0481624030198482
12.5,0.9962640274095692,1.9925280548191384,0.971712167158463,1.943424334316926,0.9509640069530396,1.0460604076483437
13.0,0.9961151705309945,1.992230341061989,0.9705996646244814,1.9411993292489629,0.9490572347037354,1.043962958174109
13.5,0.9959663583027856,1.9919327166055711,0.9694886074041369,1.9389772148082738,0.9471545861508387,1.0418700447659226
14.0,0.9958175907115492,1.9916351814230984,0.9683789936197418,1.9367579872394836,0.9452560523762045,1.039781657613825
14.5,0.9956688677438963,1.9913377354877926,0.9672708213960493,1.9345416427920985,0.9433616244809738,1.0376977869290713
15.0,0.9955201893864418,1.9910403787728836,0.9661640888602474,1.9323281777204948,0.941471293585534,1.0356184229440875
15.5,0.9953715556258047,1.9907431112516094,0.9650587941419584,1.9301175882839168,0.9395850508294751,1.0335435559124226
16.0,0.9952229664486081,1.9904459328972162,0.9639549353732335,1.927909870746467,0.9377028873715494,1.0314731761087044
16.5,0.9950744218414787,1.9901488436829573,0.9628525106885515,1.925705021377103,0.9358247943896298,1.0294072738285929
17.0,0.9949259217910474,1.9898518435820949,0.9617515182248142,1.9235030364496284,0.9339507630806687,1.0273458393887356
17.5,0.9947774662839497,1.9895549325678994,0.9606519561213442,1.9213039122426885,0.9320807846606562,1.0252888631267218
18.0,0.9946290553068241,1.9892581106136482,0.9595538225198812,1.9191076450397624,0.9302148503645792,1.0232363354010372
18.5,0.9944806888463138,1.9889613776926276,0.9584571155645794,1.9169142311291587,0.9283529514463803,1.0211882465910185
19.0,0.994332366889066,1.988664733778132,0.9573618334020033,1.9147236668040066,0.9264950791789172,1.019144587096809
19.5,0.9941840894217314,1.9883681788434628,0.956267974181126,1.912535948362252,0.9246412248539209,1.017105347339313
20.0,0.9940358564309653,1.9880717128619305,0.9551755360533254,1.9103510721066508,0.9227913797819559,1.0150705177601516
20.5,0.9938876679034265,1.987775335806853,0.9540845171723804,1.9081690343447608,0.9209455352923785,1.0130400888216164
21.0,0.9937395238257782,1.9874790476515565,0.9529949156944693,1.9059898313889385,0.9191036827332971,1.011014051006627
21.5,0.9935914241846874,1.9871828483693748,0.9519067297781647,1.9038134595563294,0.9172658134715309,1.008992394818684
22.0,0.9934433689668252,1.9868867379336503,0.9508199575844329,1.9016399151688659,0.9154319188925697,1.0069751107818268
22.5,0.9932953581588664,1.9865907163177328,0.949734597276628,1.899469194553256,0.9136019904005338,1.0049621894405874
23.0,0.9931473917474901,1.9862947834949802,0.9486506470204914,1.8973012940409828,0.9117760194181331,1.0029536213599466
23.5,0.9929994697193796,1.9859989394387592,0.9475681049841462,1.8951362099682925,0.9099539973866275,1.0009493971252903
24.0,0.9928515920612215,1.985703184122443,0.9464869693380968,1.8929739386761937,0.9081359157657865,0.9989495073423652
24.5,0.9927037587597072,1.9854075175194144,0.9454072382552232,1.8908144765104464,0.906321766033849,0.9969539426372339
25.0,0.9925559698015314,1.9851119396030628,0.9443289099107799,1.8886578198215598,0.9045115396874837,0.9949626936562321
25.5,0.9924082251733932,1.9848164503467864,0.9432519824823917,1.8865039649647835,0.9027052282417493,0.9929757510659243
26.0,0.9922605248619956,1.9845210497239911,0.9421764541500508,1.8843529083001016,0.9009028232300542,0.9909931055530597
26.5,0.9921128688540457,1.9842257377080914,0.9411023230961142,1.8822046461922284,0.8991043162041172,0.989014747824529
27.0,0.9919652571362542,1.9839305142725083,0.9400295875053002,1.8800591750106004,0.8973096987339281,0.987040668607321
27.5,0.9918176896953361,1.9836353793906722,0.9389582455646854,1.8779164911293709,0.8955189624077075,0.9850708586484783
28.0,0.9916701665180105,1.983340333036021,0.9378882954637016,1.8757765909274031,0.8937320988318682,0.9831053087150551
28.5,0.9915226875910004,1.9830453751820007,0.9368197353941328,1.8736394707882655,0.8919490996309754,0.981144009594073
29.0,0.9913752529010322,1.9827505058020645,0.9357525635501125,1.871505127100225,0.8901699564477072,0.9791869520924781
29.5,0.9912278624348374,1.9824557248696748,0.9346867781281198,1.8693735562562397,0.888394660942816,0.9772341270370978
30.0,0.9910805161791504,1.9821610323583008,0.933622377326977,1.867244754653954,0.8866232047950892,0.9752855252745981
30.5,0.9909332141207101,1.9818664282414202,0.9325593593478467,1.8651187186956935,0.8848555797013097,0.9733411376714407
31.0,0.9907859562462595,1.981571912492519,0.9314977223942282,1.8629954447884565,0.8830917773762181,0.9714009551138401
31.5,0.9906387425425454,1.9812774850850907,0.9304374646719549,1.8608749293439097,0.8813317895524727,0.96946496850772
32.0,0.9904915729963182,1.9809831459926364,0.9293785843891909,1.8587571687783817,0.8795756079806113,0.9675331687786725
32.5,0.990344447594333,1.980688895188666,0.9283210797564279,1.8566421595128557,0.8778232244290124,0.9656055468719137
33.0,0.9901973663233485,1.980394732646697,0.9272649489864835,1.854529897972967,0.876074630683857,0.9636820937522428
33.5,0.9900503291701273,1.9801006583402545,0.9262101902944961,1.8524203805889923,0.8743298185490895,0.9617628004039985
34.0,0.989903336121436,1.979806672242872,0.9251568018979233,1.8503136037958465,0.8725887798463798,0.9598476578310179
34.5,0.9897563871640453,1.9795127743280907,0.9241047820165382,1.8482095640330765,0.8708515064150844,0.9579366570565928
35.0,0.9896094822847298,1.9792189645694596,0.9230541288724274,1.8461082577448549,0.8691179901122086,0.9560297891234295
35.5,0.989462621470268,1.978925242940536,0.9220048406899866,1.8440096813799731,0.8673882228123684,0.9541270450936052
36.0,0.9893158047074424,1.9786316094148848,0.9209569156959185,1.841913831391837,0.865662196407752,0.9522284160485273
36.5,0.9891690319830397,1.9783380639660795,0.9199103521192298,1.8398207042384596,0.8639399028080823,0.9503338930888906
37.0,0.9890223032838501,1.9780446065677002,0.9188651481912273,1.8377302963824547,0.8622213339405784,0.9484434673346364
37.5,0.9888756185966682,1.9777512371933363,0.9178213021455168,1.8356426042910337,0.8605064817499183,0.9465571299249101
38.0,0.9887289779082922,1.9774579558165843,0.9167788122179978,1.8335576244359957,0.8587953381982005,0.9446748720180207
38.5,0.9885823812055247,1.9771647624110493,0.9157376766468623,1.8314753532937247,0.8570878952649075,0.9427966847913983
39.0,0.9884358284751718,1.9768716569503435,0.9146978936725907,1.8293957873451814,0.8553841449468667,0.9409225594415533
39.5,0.9882893197040437,1.9765786394080873,0.9136594615379499,1.8273189230758997,0.8536840792582138,0.9390524871840352
40.0,0.9881428548789546,1.9762857097579092,0.9126223784879888,1.8252447569759775,0.8519876902303555,0.9371864592533911
40.5,0.987996433986723,1.975992867973446,0.9115866427700372,1.8231732855400744,0.8502949699119314,0.9353244669031247
41.0,0.9878500570141706,1.9757001140283412,0.9105522526337013,1.8211045052674026,0.8486059103687777,0.9334665014056556
41.5,0.9877037239481239,1.9754074478962478,0.9095192063308617,1.8190384126617234,0.846920503683889,0.931612554052278
42.0,0.9875574347754125,1.975114869550825,0.9084875021156698,1.8169750042313395,0.8452387419573819,0.9297626161531202
42.5,0.9874111894828705,1.974822378965741,0.9074571382445453,1.8149142764890906,0.8435606173064577,0.9279166790371035
43.0,0.9872649880573361,1.9745299761146722,0.9064281129761729,1.8128562259523457,0.8418861218653656,0.9260747340519022
43.5,0.9871188304856507,1.9742376609713015,0.9054004245714997,1.8108008491429994,0.8402152477853655,0.9242367725639021
44.0,0.9869727167546606,1.9739454335093212,0.904374071293732,1.808748142587464,0.8385479872346917,0.9224027859581609
44.5,0.9868266468512152,1.9736532937024305,0.9033490514083327,1.8066981028166653,0.8368843323985157,0.9205727656383673
45.0,0.9866806207621683,1.9733612415243367,0.9023253631830177,1.8046507263660354,0.8352242754789101,0.9187467030268012
45.5,0.9865346384743778,1.9730692769487557,0.9013030048877537,1.8026060097755074,0.8335678086948114,0.9169245895642926
46.0,0.9863886999747049,1.9727773999494098,0.9002819747947552,1.8005639495895105,0.831914924281984,0.9151064167101824
46.5,0.9862428052500154,1.9724856105000308,0.8992622711784808,1.7985245423569616,0.8302656144929839,0.9132921759422823
47.0,0.9860969542871787,1.9721939085743574,0.8982438923156313,1.7964877846312626,0.8286198715971219,0.9114818587568342
47.5,0.9859511470730683,1.9719022941461366,0.8972268364851461,1.7944536729702922,0.8269776878804278,0.9096754566684706
48.0,0.9858053835945614,1.9716107671891228,0.8962111019682009,1.7924222039364017,0.825339055645614,0.9078729612101756
48.5,0.9856596638385393,1.9713193276770786,0.8951966870482035,1.790393374096407,0.8237039672120395,0.9060743639332436
49.0,0.9855139877918873,1.9710279755837745,0.8941835900107931,1.7883671800215861,0.822072414915674,0.9042796564072414
49.5,0.9853683554414945,1.970736710882989,0.893171809143835,1.78634361828767,0.8204443911090615,0.9024888302199677
50.0,0.9852227667742541,1.9704455335485083,0.8921613427374195,1.784322685474839,0.8188198881612856,0.9007018769774142
50.5,0.9850772217770629,1.9701544435541258,0.8911521890838583,1.7823043781677166,0.8171988984579321,0.8989187883037254
51.0,0.9849317204368222,1.9698634408736444,0.890144346477681,1.780288692955362,0.815581414401055,0.8971395558411606
51.5,0.9847862627404365,1.969572525480873,0.8891378132156338,1.7782756264312676,0.8139674284091392,0.8953641712500532
52.0,0.9846408486748148,1.9692816973496297,0.888132587596675,1.77626517519335,0.8123569329170663,0.893592626208773
52.5,0.9844954782268698,1.9689909564537396,0.8871286679219732,1.7742573358439464,0.810749920376079,0.8918249124136869
53.0,0.9843501513835182,1.9687003027670364,0.886126052494904,1.772252104989808,0.8091463832537445,0.890061021579119
53.5,0.9842048681316806,1.9684097362633612,0.8851247396210469,1.7702494792420937,0.807546314033921,0.8883009454373131
54.0,0.9840596284582814,1.9681192569165629,0.884124727608183,1.768249455216366,0.8059497052167208,0.886544675738393
54.5,0.9839144323502491,1.9678288647004982,0.8831260147662914,1.7662520295325828,0.8043565493184764,0.8847922042503241
55.0,0.983769279794516,1.967538559589032,0.8821285994075478,1.7642571988150957,0.8027668388717047,0.8830435227588753
55.5,0.9836241707780184,1.967248341556037,0.8811324798463196,1.7622649596926392,0.8011805664250722,0.8812986230675794
56.0,0.9834791052876966,1.966958210575393,0.8801376543991646,1.7602753087983292,0.7995977245433602,0.8795574969976963
56.5,0.9833340833104944,1.9666681666209889,0.8791441213848277,1.7582882427696553,0.7980183058074297,0.8778201363881728
57.0,0.9831891048333603,1.9663782096667206,0.8781518791242375,1.756303758248475,0.7964423028141868,0.8760865330956056
57.5,0.9830441698432457,1.9660883396864914,0.8771609259405047,1.7543218518810093,0.794869708176548,0.8743566789942029
58.0,0.9828992783271069,1.9657985566542138,0.876171260158918,1.752342520317836,0.7933005145234056,0.8726305659757462
58.5,0.9827544302719035,1.965508860543807,0.8751828801069421,1.7503657602138842,0.7917347144995929,0.8709081859495522
59.0,0.982609625664599,1.965219251329198,0.8741957841142143,1.7483915682284286,0.79017230076585,0.8691895308424351
59.5,0.9824648644921612,1.9649297289843224,0.8732099705125425,1.746419941025085,0.7886132659987894,0.8674745925986684
60.0,0.9823201467415615,1.964640293483123,0.8722254376359009,1.7444508752718018,0.7870576028908616,0.8657633631799478
60.5,0.9821754723997753,1.9643509447995506,0.8712421838204292,1.7424843676408583,0.7855053041503207,0.8640558345653528
61.0,0.982030841453782,1.964061682907564,0.8702602074044281,1.7405204148088562,0.78395636250119,0.8623519987513091
61.5,0.9818862538905648,1.9637725077811297,0.869279506728357,1.738559013456714,0.7824107706832294,0.8606518477515525
62.0,0.9817417096971108,1.9634834193942217,0.868300080134832,1.736600160269664,0.7808685214518988,0.8589553735970887
62.5,0.9815972088604109,1.9631944177208218,0.8673219259686213,1.7346438519372427,0.7793296075783265,0.8572625683361592
63.0,0.9814527513674601,1.9629055027349203,0.8663450425766448,1.7326900851532896,0.777794021849274,0.8555734240342016
63.5,0.9813083372052573,1.9626166744105147,0.8653694283079687,1.7307388566159374,0.7762617570671029,0.8538879327738133
64.0,0.9811639663608052,1.9623279327216103,0.8643950815138051,1.7287901630276101,0.7747328060497403,0.8522060866547143
64.5,0.9810196388211103,1.9620392776422206,0.8634220005475075,1.726844001095015,0.7732071616306461,0.8505278777937108
65.0,0.9808753545731834,1.9617507091463668,0.8624501837645688,1.7249003675291377,0.7716848166587789,0.8488532983246568
65.5,0.9807311136040386,1.9614622272080773,0.8614796295226186,1.7229592590452372,0.7701657639985624,0.8471823403984187
66.0,0.9805869159006944,1.9611738318013887,0.8605103361814197,1.7210206723628394,0.7686499965298522,0.8455149961828375
66.5,0.980442761450173,1.960885522900346,0.8595423021028663,1.7190846042057326,0.7671375071479025,0.8438512578626929
67.0,0.9802986502395002,1.9605973004790005,0.8585755256509806,1.7171510513019612,0.7656282887633324,0.8421911176396658
67.5,0.9801545822557065,1.960309164511413,0.8576100051919102,1.7152200103838204,0.764122334302093,0.8405345677323024
68.0,0.9800105574858254,1.9600211149716509,0.8566457390939253,1.7132914781878505,0.7626196367054341,0.8388816003759776
68.5,0.979866575916895,1.95973315183379,0.8556827257274158,1.7113654514548315,0.7611201889298713,0.8372322078228586
69.0,0.9797226375359565,1.959445275071913,0.8547209634648889,1.7094419269297778,0.7596239839471527,0.835586382341868
69.5,0.9795787423300558,1.9591574846601116,0.8537604506809664,1.7075209013619328,0.7581310147442261,0.8339441162186487
70.0,0.9794348902862422,1.9588697805724844,0.8528011857523812,1.7056023715047623,0.7566412743232063,0.8323054017555269
70.5,0.9792910813915692,1.9585821627831383,0.8518431670579754,1.7036863341159507,0.7551547557013419,0.8306702312714762
71.0,0.9791473156330937,1.9582946312661873,0.8508863929786972,1.7017727859573943,0.7536714519109832,0.8290385971020816
71.5,0.979003592997877,1.958007185995754,0.8499308618975983,1.6998617237951965,0.7521913559995484,0.8274104915995034
72.0,0.978859913472984,1.957719826945968,0.8489765721998308,1.6979531443996616,0.7507144610294928,0.8257859071324422
72.5,0.9787162770454835,1.957432554090967,0.8480235222726449,1.6960470445452898,0.7492407600782741,0.8241648360861016
73.0,0.9785726837024482,1.9571453674048964,0.847071710505386,1.694143421010772,0.7477702462383222,0.8225472708621545
73.5,0.9784291334309548,1.9568582668619097,0.846121135289492,1.692242270578984,0.7463029126170048,0.8209332038787053
74.0,0.9782856262180838,1.9565712524361676,0.8451717950184905,1.690343590036981,0.7448387523365965,0.8193226275702562
74.5,0.9781421620509194,1.9562843241018388,0.8442236880879963,1.6884473761759926,0.7433777585342459,0.8177155343876705
75.0,0.97799874091655,1.9559974818331,0.8432768128957084,1.6865536257914169,0.7419199243619439,0.8161119167981383
75.5,0.9778553628020674,1.9557107256041348,0.8423311678414078,1.6846623356828156,0.7404652429864907,0.8145117672851399
76.0,0.977712027694568,1.955424055389136,0.8413867513269535,1.682773502653907,0.739013707589465,0.8129150783484116
76.5,0.9775687355811513,1.9551374711623026,0.840443561756282,1.680887123512564,0.737565311367191,0.8113218425039102
77.0,0.9774254864489211,1.9548509728978423,0.8395015975354023,1.6790031950708046,0.736120047530707,0.8097320522837778
77.5,0.9772822802849852,1.9545645605699704,0.838560857072395,1.67712171414479,0.7346779093057337,0.8081457002363072
78.0,0.9771391170764547,1.9542782341529095,0.8376213387774081,1.6752426775548162,0.7332388899326421,0.8065627789259063
78.5,0.976995996810445,1.95399199362089,0.8366830410626556,1.6733660821253111,0.731802982666422,0.8049832809330643
79.0,0.9768529194740754,1.9537058389481508,0.8357459623424142,1.6714919246848283,0.7303701807766502,0.8034071988543152
79.5,0.9767098850544689,1.9534197701089377,0.8348101010330207,1.6696202020660413,0.7289404775474593,0.8018345253022052
80.0,0.9765668935387524,1.9531337870775047,0.8338754555528691,1.6677509111057383,0.7275138662775061,0.8002652529052569
80.5,0.9764239449140566,1.9528478898281132,0.8329420243224084,1.6658840486448168,0.7260903402799398,0.7986993743079338
81.0,0.9762810391675161,1.9525620783350321,0.8320098057641396,1.6640196115282793,0.7246698928823714,0.7971368821706086
81.5,0.9761381762862695,1.952276352572539,0.8310787983026131,1.6621575966052262,0.7232525174268413,0.7955777691695255
82.0,0.975995356257459,1.951990712514918,0.8301490003644261,1.6602980007288521,0.7218382072697898,0.7940220279967688
82.5,0.9758525790682311,1.9517051581364622,0.8292204103782197,1.6584408207564394,0.7204269557820238,0.7924696513602262
83.0,0.9757098447057355,1.951419689411471,0.8282930267746769,1.6565860535493537,0.719018756348688,0.7909206319835568
83.5,0.9755671531571263,1.9511343063142526,0.8273668479865188,1.6547336959730377,0.7176136023692319,0.7893749626061551
84.0,0.9754245044095611,1.9508490088191222,0.8264418724485034,1.6528837448970068,0.71621148725738,0.7878326359831181
84.5,0.9752818984502016,1.9505637969004033,0.8255180985974218,1.6510361971948435,0.714812404441101,0.7862936448852111
85.0,0.9751393352662134,1.9502786705324269,0.8245955248720958,1.6491910497441915,0.7134163473625763,0.784757982098834
85.5,0.9749968148447657,1.9499936296895315,0.8236741497133755,1.647348299426751,0.7120233094781697,0.7832256404259867
86.0,0.9748543371730316,1.9497086743460632,0.822753971564137,1.645507943128274,0.7106332842583966,0.7816966126842363
86.5,0.9747119022381883,1.9494238044763765,0.8218349888692786,1.6436699777385573,0.7092462651878935,0.7801708917066829
87.0,0.9745695100274163,1.9491390200548326,0.8209172000757197,1.6418344001514393,0.7078622457653874,0.7786484703419262
87.5,0.9744271605279007,1.9488543210558014,0.8200006036323966,1.6400012072647931,0.7064812195036653,0.7771293414540319
88.0,0.9742848537268297,1.9485697074536594,0.8190851979902616,1.6381703959805232,0.705103179929544,0.7756134979224985
88.5,0.974142589611396,1.948285179222792,0.8181709816022786,1.6363419632045573,0.7037281205838392,0.7741009326422231
89.0,0.9740003681687956,1.9480007363375913,0.8172579529234216,1.6345159058468433,0.702356035021336,0.7725916385234697
89.5,0.9738581893862287,1.9477163787724574,0.8163461104106724,1.6326922208213448,0.7009869168107581,0.7710856084918339
90.0,0.9737160532508992,1.9474321065017983,0.8154354525230165,1.630870905046033,0.699620759534738,0.7695828354882118
90.5,0.9735739597500147,1.9471479195000294,0.814525977721442,1.629051955442884,0.6982575567897864,0.7680833124687652
91.0,0.973431908870787,1.946863817741574,0.8136176844689362,1.6272353689378725,0.6968973021862631,0.7665870324048895
91.5,0.9732899006004314,1.9465798012008628,0.8127105712304832,1.6254211424609664,0.6955399893483462,0.7650939882831809
92.0,0.9731479349261671,1.9462958698523343,0.8118046364730618,1.6236092729461236,0.6941856119140023,0.7636041731054026
92.5,0.9730060118352173,1.9460120236704346,0.8108998786656416,1.6217997573312832,0.6928341635349572,0.762117579888453
93.0,0.972864131314809,1.945728262629618,0.809996296279182,1.619992592558364,0.6914856378766661,0.7606342016643327
93.5,0.9727222933521726,1.9454445867043453,0.8090938877866285,1.618187775573257,0.690140028618283,0.7591540314801114
94.0,0.9725804979345432,1.9451609958690863,0.8081926516629103,1.6163853033258206,0.6887973294526323,0.7576770623978956
94.5,0.9724387450491587,1.9448774900983175,0.8072925863849383,1.6145851727698766,0.6874575340861783,0.7562032874947962
95.0,0.9722970346832617,1.9445940693665233,0.806393690431602,1.612787380863204,0.6861206362389964,0.7547326998628962
95.5,0.9721553668240981,1.9443107336481962,0.8054959622837672,1.6109919245675344,0.6847866296447429,0.7532652926092173
96.0,0.9720137414589178,1.9440274829178357,0.8045994004242729,1.6091988008485458,0.6834555080506266,0.7518010588556894
96.5,0.9718721585749746,1.943744317149949,0.8037040033379292,1.6074080066758585,0.6821272652173783,0.7503399917391163
97.0,0.971730618159526,1.943461236319052,0.8028097695115148,1.6056195390230297,0.6808018949192228,0.7488820844111451
97.5,0.9715891201998332,1.9431782403996665,0.8019166974337748,1.6038333948675496,0.6794793909438488,0.7474273300382337
98.0,0.9714476646831618,1.9428953293663236,0.8010247855954167,1.6020495711908334,0.6781597470923801,0.7459757218016182
98.5,0.9713062515967804,1.9426125031935608,0.8001340324891095,1.600268064978219,0.6768429571793468,0.7445272528972816
99.0,0.9711648809279619,1.9423297618559239,0.7992444366094802,1.5984888732189604,0.6755290150326559,0.7430819165359216
99.5,0.9710235526639831,1.9420471053279662,0.7983559964531115,1.596711992906223,0.6742179144935624,0.7416397059429187
100.0,0.9708822667921244,1.9417645335842488,0.7974687105185394,1.5949374210370788,0.6729096494166406,0.7402006143583046
100.5,0.9707410232996699,1.9414820465993399,0.7965825773062503,1.5931651546125005,0.6716042136697553,0.738764635036731
101.0,0.9705998221739078,1.9411996443478157,0.7956975953186791,1.5913951906373582,0.6703016011340334,0.7373317612474367
101.5,0.9704586634021302,1.9409173268042603,0.7948137630602059,1.5896275261204118,0.6690018057038342,0.7359019862742177
102.0,0.9703175469716325,1.940635093943265,0.7939310790371539,1.5878621580743078,0.6677048212867217,0.7344753034153939
102.5,0.9701764728697143,1.9403529457394286,0.793049541757787,1.586099083515574,0.6664106418034358,0.7330517059837794
103.0,0.9700354410836791,1.9400708821673582,0.7921691497323069,1.5843382994646138,0.6651192611878636,0.73163118730665
103.5,0.9698944516008339,1.9397889032016677,0.7912899014728509,1.5825798029457019,0.6638306733870113,0.7302137407257124
104.0,0.9697535044084895,1.939507008816979,0.7904117954934895,1.580823590986979,0.6625448723609757,0.7287993595970733
104.5,0.969612599493961,1.939225198987922,0.7895348303102232,1.5790696606204464,0.6612618520829155,0.7273880372912072
105.0,0.9694717368445667,1.9389434736891333,0.7886590044409802,1.5773180088819605,0.6599816065390238,0.7259797671929262
105.5,0.9693309164476289,1.9386618328952578,0.7877843164056153,1.5755686328112306,0.6587041297284993,0.7245745427013494
106.0,0.9691901382904741,1.9383802765809481,0.7869107647259048,1.5738215294518096,0.6574294156635183,0.7231723572298702
106.5,0.9690494023604319,1.9380988047208638,0.7860383479255468,1.5720766958510937,0.656157458369207,0.7217732042061278
107.0,0.9689087086448364,1.9378174172896727,0.7851670645301565,1.570334129060313,0.654888251883613,0.7203770770719744
107.5,0.9687680571310249,1.9375361142620497,0.7842969130672643,1.5685938261345287,0.6536217902576776,0.7189839692834454
108.0,0.9686274478063388,1.9372548956126776,0.7834278920663147,1.5668557841326294,0.6523580675552079,0.7175938743107287
108.5,0.9684868806581235,1.936973761316247,0.7825600000586614,1.5651200001173229,0.6510970778528488,0.7162067856381337
109.0,0.9683463556737275,1.936692711347455,0.7816932355775672,1.5633864711551344,0.6498388152400557,0.7148226967640613
109.5,0.9682058728405041,1.9364117456810082,0.7808275971581999,1.5616551943163999,0.6485832738190662,0.7134416012009729
110.0,0.9680654321458094,1.9361308642916188,0.7799630833376299,1.5599261666752597,0.647330447704873,0.7120634924753604
110.5,0.967925033577004,1.935850067154008,0.779099692654829,1.558199385309658,0.6460803310251959,0.7106883641277155
111.0,0.9677846771214519,1.9355693542429038,0.7782374236506666,1.5564748473013332,0.6448329179204543,0.7093162097124998
111.5,0.967644362766521,1.935288725533042,0.7773762748679081,1.5547525497358161,0.6435882025437402,0.7079470227981143
112.0,0.9675040904995832,1.9350081809991664,0.7765162448512115,1.553032489702423,0.6423461790607902,0.7065807969668693
112.5,0.9673638603080138,1.9347277206160276,0.7756573321471261,1.5513146642942521,0.6411068416499586,0.7052175258149544
113.0,0.967223672179192,1.934447344358384,0.7747995353040891,1.5495990706081781,0.6398701845021897,0.7038572029524087
113.5,0.9670835261005013,1.9341670522010026,0.7739428528724239,1.5478857057448479,0.638636201820991,0.7024998220030901
114.0,0.966943422059328,1.933886844118656,0.7730872834043367,1.5461745668086735,0.6374048878224058,0.7011453766046464
114.5,0.9668033600430632,1.9336067200861264,0.772232825453915,1.54446565090783,0.636176236734986,0.6997938604084847
115.0,0.9666633400391009,1.9333266800782019,0.7713794775771246,1.542758955154249,0.6349502427997654,0.698445267079742
115.5,0.9665233620348397,1.9330467240696794,0.7705272383318076,1.5410544766636152,0.6337269002702323,0.6970995902972555
116.0,0.9663834260176813,1.9327668520353627,0.7696761062776791,1.5393522125553583,0.6325062034123026,0.6957568237535329
116.5,0.9662435319750317,1.9324870639500633,0.768826079976326,1.537652159952652,0.6312881465042934,0.6944169611547228
117.0,0.9661036798943001,1.9322073597886003,0.7679771579912036,1.5359543159824072,0.6300727238368957,0.6930799962205854
117.5,0.9659638697629002,1.9319277395258003,0.7671293388876337,1.5342586777752674,0.6288599297131476,0.6917459226844624
118.0,0.9658241015682487,1.9316482031364974,0.7662826212328013,1.5325652424656027,0.6276497584484082,0.6904147342932491
118.5,0.9656843752977669,1.9313687505955337,0.7654370035957538,1.5308740071915077,0.6264422043703299,0.689086424807363
119.0,0.965544690938879,1.931089381877758,0.7645924845473973,1.5291849690947945,0.6252372618188332,0.6877609880007166
119.5,0.9654050484790135,1.930810096958027,0.7637490626604941,1.5274981253209883,0.624034925146079,0.6864384176606869
120.0,0.9652654479056029,1.9305308958112057,0.7629067365096611,1.5258134730193222,0.6228351887164423,0.6851187075880866
120.5,0.9651258892060828,1.9302517784121656,0.7620655046713669,1.5241310093427338,0.6216380469064865,0.6838018515971352
121.0,0.9649863723678931,1.9299727447357862,0.7612253657239296,1.5224507314478593,0.6204434941049364,0.68248784351543
121.5,0.9648468973784772,1.9296937947569544,0.7603863182475139,1.5207726364950278,0.619251524712652,0.6811766771839173
122.0,0.9647074642252824,1.9294149284505648,0.7595483608241298,1.5190967216482596,0.6180621331426025,0.6798683464568628
122.5,0.9645680728957596,1.9291361457915193,0.7587114920376286,1.517422984075257,0.6168753138198397,0.6785628452018237
123.0,0.9644287233773639,1.9288574467547277,0.7578757104737022,1.5157514209474043,0.6156910611814723,0.6772601672996196
123.5,0.9642894156575534,1.9285788313151069,0.7570410147198794,1.5140820294397588,0.6145093696766395,0.6759603066443035
124.0,0.9641501497237907,1.9283002994475813,0.756207403365524,1.512414806731048,0.6133302337664852,0.6746632571431338
124.5,0.9640109255635417,1.9280218511270835,0.755374875001833,1.510749750003666,0.612153647924132,0.6733690127165453
125.0,0.9638717431642765,1.927743486328553,0.7545434282218331,1.5090868564436661,0.610979606634655,0.6720775672981205
125.5,0.9637326025134683,1.9274652050269365,0.7537130616203789,1.5074261232407578,0.6098081043950565,0.6707889148345622
126.0,0.9635935035985947,1.9271870071971895,0.7528837737941507,1.5057675475883014,0.6086391357142398,0.6695030492856638
126.5,0.9634544464071368,1.9269088928142737,0.7520555633416521,1.5041111266833043,0.6074726951129834,0.6682199646242818
127.0,0.9633154309265795,1.926630861853159,0.7512284288632072,1.5024568577264144,0.6063087771239157,0.6669396548363073
127.5,0.963176457144411,1.926352914288822,0.7504023689609582,1.5008047379219165,0.6051473762914892,0.6656621139206381
128.0,0.9630375250481242,1.9260750500962485,0.7495773822388638,1.4991547644777277,0.6039884871719544,0.6643873358891499
128.5,0.9628986346252149,1.9257972692504297,0.7487534673026965,1.497506934605393,0.6028321043333355,0.6631153147666691
129.0,0.9627597858631829,1.9255195717263658,0.7479306227600397,1.4958612455200795,0.6016782223554036,0.661846044590944
129.5,0.9626209787495321,1.9252419574990642,0.7471088472202858,1.4942176944405716,0.6005268358296523,0.6605795194126175
130.0,0.9624822132717696,1.9249644265435393,0.7462881392946343,1.4925762785892687,0.5993779393592715,0.6593157332951988
130.5,0.9623434894174068,1.9246869788348135,0.7454684975960881,1.4909369951921763,0.5982315275591231,0.6580546803150354
131.0,0.9622048071739582,1.9244096143479164,0.744649920739453,1.489299841478906,0.597087595055715,0.6567963545612865
131.5,0.9620661665289425,1.924132333057885,0.7438324073413336,1.4876648146826672,0.5959461364871759,0.6555407501358935
132.0,0.9619275674698822,1.9238551349397643,0.7430159560201322,1.4860319120402643,0.5948071465032305,0.6542878611535536
132.5,0.9617890099843032,1.9235780199686063,0.742200565396046,1.484401130792092,0.5936706197651747,0.6530376817416922
133.0,0.9616504940597355,1.923300988119471,0.7413862340910642,1.4827724681821284,0.5925365509458497,0.6517902060404347
133.5,0.9615120196837126,1.9230240393674252,0.7405729607289673,1.4811459214579346,0.5914049347296175,0.6505454282025793
134.0,0.9613735868437716,1.9227471736875432,0.7397607439353227,1.4795214878706453,0.5902757658123365,0.6493033423935702
134.5,0.9612351955274538,1.9224703910549077,0.7389495823374839,1.4778991646749677,0.5891490389013359,0.6480639427914695
135.0,0.961096845722304,1.922193691444608,0.7381394745645877,1.4762789491291755,0.5880247487153908,0.6468272235869299
135.5,0.9609585374158707,1.9219170748317413,0.7373304192475518,1.4746608384951037,0.5869028899846983,0.6455931789831681
136.0,0.9608202705957058,1.9216405411914117,0.7365224150190723,1.4730448300381447,0.5857834574508519,0.6443618031959372
136.5,0.9606820452493658,1.9213640904987317,0.7357154605136222,1.4714309210272445,0.5846664458668176,0.6431330904534994
137.0,0.9605438613644102,1.9210877227288203,0.734909554367448,1.469819108734896,0.5835518499969085,0.6419070349965994
137.5,0.9604057189284023,1.9208114378568046,0.7341046952185681,1.4682093904371363,0.5824396646167611,0.6406836310784373
138.0,0.9602676179289094,1.9205352358578187,0.7333008817067703,1.4666017634135406,0.5813298845133102,0.6394628729646413
138.5,0.9601295583535026,1.920259116707005,0.7324981124736096,1.4649962249472193,0.5802225044847648,0.6382447549332413
139.0,0.9599915401897562,1.9199830803795124,0.7316963861624062,1.4633927723248124,0.5791175193405833,0.6370292712746417
139.5,0.9598535634252487,1.9197071268504975,0.7308957014182418,1.4617914028364836,0.5780149239014498,0.6358164162915948
140.0,0.9597156280475623,1.9194312560951245,0.7300960568879593,1.4601921137759186,0.5769147129992495,0.6346061842991745
140.5,0.9595777340442828,1.9191554680885656,0.7292974512201593,1.4585949024403186,0.5758168814770441,0.6333985696247486
141.0,0.9594398814029996,1.9188797628059993,0.7284998830651981,1.4569997661303962,0.5747214241890484,0.6321935666079532
141.5,0.959302070111306,1.918604140222612,0.7277033510751851,1.4554067021503703,0.5736283360006056,0.6309911696006661
142.0,0.9591643001567991,1.9183286003135982,0.726907853903981,1.453815707807962,0.5725376117881634,0.6297913729669798
142.5,0.9590265715270794,1.9180531430541587,0.7261133902071959,1.4522267804143918,0.5714492464392499,0.628594171083175
143.0,0.9588888842097516,1.9177777684195032,0.7253199586421852,1.4506399172843705,0.57036323485245,0.627399558337695
143.5,0.9587512381924236,1.9175024763848472,0.7245275578680501,1.4490551157361002,0.5692795719373809,0.626207529131119
144.0,0.9586136334627073,1.9172272669254147,0.7237361865456327,1.4474723730912653,0.5681982526146689,0.6250180778761358
144.5,0.9584760700082184,1.9169521400164369,0.7229458433375153,1.4458916866750307,0.5671192718159249,0.6238311989975175
145.0,0.9583385478165761,1.9166770956331523,0.7221565269080177,1.4443130538160354,0.5660426244837211,0.6226468869320932
145.5,0.9582010668754035,1.916402133750807,0.7213682359231952,1.4427364718463904,0.5649683055715675,0.6214651361287243
146.0,0.9580636271723271,1.9161272543446541,0.7205809690508354,1.4411619381016707,0.5638963100438874,0.6202859410482762
146.5,0.9579262286949775,1.915852457389955,0.7197947249604575,1.439589449920915,0.5628266328759948,0.6191092961635943
147.0,0.9577888714309888,1.9155777428619776,0.7190095023233085,1.438019004646617,0.56175926905407,0.6179351959594771
147.5,0.9576515553679987,1.9153031107359975,0.7182252998123622,1.4364505996247243,0.5606942135751367,0.6167636349326504
148.0,0.9575142804936492,1.9150285609872983,0.7174421161023159,1.4348842322046318,0.5596314614470383,0.6155946075917422
148.5,0.957377046795585,1.91475409359117,0.7166599498695894,1.4333198997391787,0.5585710076884147,0.6144281084572563
149.0,0.9572398542614553,1.9144797085229106,0.715878799792321,1.431757599584642,0.5575128473286782,0.6132641320615461
149.5,0.957102702878913,1.914205405757826,0.7150986645503674,1.4301973291007348,0.5564569754079915,0.6121026729487907
150.0,0.9569655926356141,1.9139311852712282,0.7143195428252995,1.428639085650599,0.5554033869772433,0.6109437256749677
150.5,0.9568285235192189,1.9136570470384378,0.7135414333004015,1.427082866600803,0.5543520770980257,0.6097872848078283
151.0,0.9566914955173911,1.9133829910347822,0.7127643346606682,1.4255286693213365,0.5533030408426106,0.6086333449268717
151.5,0.9565545086177982,1.9131090172355965,0.7119882455928026,1.4239764911856052,0.5522562732939275,0.6074819006233203
152.0,0.9564175628081115,1.912835125616223,0.7112131647852142,1.4224263295704285,0.551211769545539,0.606332946500093
152.5,0.9562806580760056,1.9125613161520112,0.710439090928016,1.420878181856032,0.5501695247016194,0.6051864771717814
153.0,0.9561437944091593,1.9122875888183186,0.7096660227130231,1.4193320454260463,0.5491295338769306,0.6040424872646237
153.5,0.9560069717952548,1.9120139435905097,0.70889395883375,1.4177879176675,0.5480917921967998,0.6029009714164798
154.0,0.9558701902219782,1.9117403804439563,0.7081228979854086,1.4162457959708172,0.5470562947970964,0.6017619242768061
154.5,0.9557334496770188,1.9114668993540376,0.707352838864906,1.414705677729812,0.5460230368242089,0.6006253405066299
155.0,0.9555967501480702,1.9111935002961404,0.7065837801708417,1.4131675603416833,0.5449920134350232,0.5994912147785256
155.5,0.9554600916228295,1.910920183245659,0.7058157206035067,1.4116314412070134,0.5439632197968985,0.5983595417765885
156.0,0.9553234740889974,1.9106469481779949,0.7050486588648803,1.4100973177297607,0.542936651087646,0.5972303161964106
156.5,0.9551868975342783,1.9103737950685566,0.7042825936586274,1.4085651873172549,0.5419123024955048,0.5961035327450553
157.0,0.9550503619463802,1.9101007238927603,0.7035175236900981,1.4070350473801962,0.5408901692191211,0.5949791861410333
157.5,0.954913867313015,1.90982773462603,0.7027534476663237,1.4055068953326475,0.5398702464675242,0.5938572711142767
158.0,0.9547774136218982,1.9095548272437963,0.7019903642960159,1.4039807285920318,0.5388525294601049,0.5927377824061154
158.5,0.9546410008607489,1.9092820017214978,0.7012282722895633,1.4024565445791266,0.5378370134265926,0.5916207147692519
159.0,0.9545046290172899,1.9090092580345799,0.7004671703590302,1.4009343407180603,0.5368236936070336,0.590506062967737
159.5,0.954368298079248,1.908736596158496,0.6997070572181543,1.3994141144363086,0.5358125652517678,0.5893938217769447
160.0,0.9542320080343532,1.9084640160687063,0.6989479315823441,1.3978958631646883,0.5348036236214072,0.588283985983548
160.5,0.9540957588703393,1.9081915177406785,0.6981897921686773,1.3963795843373545,0.5337968639868137,0.5871765503854951
161.0,0.9539595505749441,1.9079191011498882,0.6974326376958979,1.3948652753917958,0.5327922816290764,0.5860715097919841
161.5,0.9538233831359086,1.9076467662718173,0.6966764668844148,1.3933529337688295,0.53178987183949,0.5849688590234391
162.0,0.9536872565409781,1.9073745130819562,0.6959212784562989,1.3918425569125978,0.5307896299195325,0.5838685929114857
162.5,0.9535511707779009,1.9071023415558017,0.695167071135282,1.390334142270564,0.5297915511808429,0.5827707062989272
163.0,0.9534151258344293,1.9068302516688587,0.6944138436467531,1.3888276872935061,0.5287956309452,0.58167519403972
163.5,0.9532791216983194,1.9065582433966388,0.6936615947177578,1.3873231894355156,0.5278018645444995,0.5805820509989496
164.0,0.9531431583573309,1.9062863167146618,0.6929103230769955,1.385820646153991,0.5268102473207332,0.5794912720528066
164.5,0.9530072357992267,1.9060144715984535,0.6921600274548163,1.3843200549096326,0.5258207746259659,0.5784028520885626
165.0,0.9528713540117743,1.9057427080235485,0.6914107065832209,1.3828214131664418,0.5248334418223148,0.5773167860045464
165.5,0.952735512982744,1.905471025965488,0.690662359195857,1.381324718391714,0.5238482442819272,0.57623306871012
166.0,0.95259971269991,1.90519942539982,0.6899149840280165,1.379829968056033,0.5228651773869586,0.5751516951256544
166.5,0.9524639531510506,1.9049279063021012,0.6891685798166363,1.3783371596332725,0.5218842365295514,0.5740726601825066
167.0,0.9523282343239472,1.9046564686478944,0.6884231453002922,1.3768462906005845,0.5209054171118136,0.572995958822995
167.5,0.9521925562063852,1.9043851124127704,0.6876786792192002,1.3753573584384005,0.5199287145457963,0.5719215860003759
168.0,0.9520569187861536,1.9041138375723072,0.6869351803152124,1.3738703606304248,0.5189541242534731,0.5708495366788204
168.5,0.951921322051045,1.90384264410209,0.6861926473318152,1.3723852946636304,0.5179816416667181,0.5697798058333899
169.0,0.9517857659888558,1.9035715319777116,0.6854510790141277,1.3709021580282554,0.517011262227285,0.5687123884500136
169.5,0.9516502505873856,1.9033005011747712,0.6847104741088996,1.3694209482177992,0.5160429813867853,0.5676472795254639
170.0,0.9515147758344384,1.9030295516688769,0.6839708313645083,1.3679416627290166,0.5150767946066669,0.5665844740673336
170.5,0.9513793417178213,1.9027586834356427,0.6832321495309572,1.3664642990619145,0.5141126973581933,0.5655239670940126
171.0,0.9512439482253453,1.9024878964506906,0.6824944273598741,1.3649888547197482,0.513150685122422,0.5644657536346642
171.5,0.951108595344825,1.90221719068965,0.6817576636045082,1.3635153272090164,0.5121907533901835,0.5634098287292019
172.0,0.9509732830640785,1.901946566128157,0.6810218570197284,1.3620437140394568,0.5112328976620598,0.5623561874282659
172.5,0.9508380113709277,1.9016760227418554,0.6802870063620219,1.3605740127240438,0.510277113448364,0.5613048247932004
173.0,0.9507027802531983,1.9014055605063966,0.6795531103894903,1.3591062207789806,0.5093233962691187,0.5602557358960306
173.5,0.9505675896987195,1.901135179397439,0.6788201678618497,1.3576403357236995,0.5083717416540352,0.5592089158194388
174.0,0.950432439695324,1.900864879390648,0.6780881775404268,1.3561763550808537,0.5074221451424923,0.5581643596567416
174.5,0.9502973302308484,1.9005946604616968,0.677357138188158,1.354714276376316,0.5064746022835158,0.5571220625118675
175.0,0.9501622612931329,1.9003245225862657,0.6766270485695864,1.3532540971391729,0.5055291086357575,0.5560820194993333
175.5,0.950027232870021,1.900054465740042,0.6758979074508604,1.3517958149017208,0.504585659767474,0.5550442257442215
176.0,0.9498922449493605,1.899784489898721,0.6751697135997317,1.3503394271994633,0.5036442512565067,0.5540086763821575
176.5,0.9497572975190024,1.8995145950380048,0.6744424657855519,1.3488849315711038,0.5027048786902601,0.5529753665592863
177.0,0.9496223905668013,1.8992447811336026,0.6737161627792723,1.3474323255585445,0.5017675376656822,0.5519442914322504
177.5,0.9494875240806158,1.8989750481612315,0.6729908033534409,1.3459816067068817,0.5008322237892427,0.5509154461681671
178.0,0.9493526980483076,1.8987053960966152,0.6722663862821998,1.3445327725643996,0.49989893267691354,0.549888825944605
178.5,0.9492179124577426,1.8984358249154851,0.6715429103412842,1.3430858206825684,0.4989676599541475,0.5488644259495623
179.0,0.94908316729679,1.89816633459358,0.6708203743080192,1.3416407486160384,0.49803840125585797,0.5478422413814438
179.5,0.9489484625533227,1.8978969251066453,0.6700987769613191,1.3401975539226383,0.4971111522263988,0.5468222674490387
180.0,0.9488137982152174,1.8976275964304348,0.6693781170816842,1.3387562341633683,0.4961859085195435,0.5458044993714979
180.5,0.9486791742703543,1.8973583485407086,0.6686583934511987,1.3373167869023974,0.4952626657984647,0.5447889323783112
181.0,0.9485445907066171,1.8970891814132342,0.66793960485353,1.33587920970706,0.49434141973571444,0.5437755617092859
181.5,0.9484100475118934,1.8968200950237868,0.667221750073925,1.33444350014785,0.49342216601320366,0.5427643826145241
182.0,0.9482755446740743,1.8965510893481485,0.666504827899209,1.333009655798418,0.4925049003221815,0.5417553903543997
182.5,0.9481410821810545,1.896282164362109,0.6657888371177834,1.3315776742355667,0.4915896183632156,0.5407485801995372
183.0,0.9480066600207324,1.8960133200414648,0.6650737765196235,1.330147553039247,0.4906763158461718,0.539743947430789
183.5,0.94787227818101,1.89574455636202,0.6643596448962767,1.3287192897925535,0.489764988490194,0.5387414873392135
184.0,0.9477379366497929,1.8954758732995858,0.6636464410408605,1.327292882081721,0.4888556320236842,0.5377411952260527
184.5,0.9476036354149905,1.895207270829981,0.6629341637480599,1.3258683274961198,0.48794824218428234,0.5367430664027106
185.0,0.9474693744645155,1.894938748929031,0.6622228118141267,1.3244456236282534,0.4870428147188466,0.5357470961907312
185.5,0.9473351537862845,1.894670307572569,0.6615123840368753,1.3230247680737506,0.48613934538343284,0.5347532799217761
186.0,0.9472009733682177,1.8944019467364355,0.6608028792156833,1.3216057584313665,0.48523782994327547,0.533761612937603
186.5,0.9470668331982388,1.8941336663964776,0.6600942961514866,1.3201885923029733,0.48433826417276715,0.5327720905900439
187.0,0.9469327332642752,1.8938654665285504,0.6593866336467802,1.3187732672935604,0.48344064385543895,0.5317847082409829
187.5,0.9467986735542578,1.8935973471085157,0.6586798905056142,1.3173597810112283,0.48254496478394093,0.530799461262335
188.0,0.9466646540561214,1.8933293081122429,0.6579740655335924,1.3159481310671848,0.48165122276002204,0.5298163450360243
188.5,0.9465306747578042,1.8930613495156083,0.6572691575378704,1.3145383150757408,0.4807594135945107,0.5288353549539618
189.0,0.946396735647248,1.892793471294496,0.6565651653271538,1.3131303306543076,0.4798695331072951,0.5278564864180246
189.5,0.9462628367123982,1.8925256734247964,0.6558620877116952,1.3117241754233904,0.4789815771273036,0.526879734840034
190.0,0.9461289779412041,1.8922579558824082,0.6551599235032937,1.3103198470065873,0.478095541492485,0.5259050956417336
190.5,0.9459951593216184,1.8919903186432367,0.6544586715152911,1.3089173430305823,0.4772114220497894,0.5249325642547684
191.0,0.9458613808415972,1.8917227616831944,0.653758330562572,1.307516661125144,0.4763292146551483,0.5239621361206632
191.5,0.9457276424891007,1.8914552849782014,0.6530588994615594,1.3061177989231187,0.47544891517345567,0.5229938066908013
192.0,0.9455939442520922,1.8911878885041844,0.6523603770302151,1.3047207540604302,0.474570519478548,0.5220275714264029
192.5,0.945460286118539,1.890920572237078,0.6516627620880355,1.303325524176071,0.47369402345318556,0.5210634257985042
193.0,0.945326668076412,1.890653336152824,0.6509660534560517,1.3019321069121035,0.47281942298903257,0.5201013652879358
193.5,0.9451930901136854,1.8903861802273707,0.6502702499568256,1.3005404999136512,0.47194671398663834,0.5191413853853022
194.0,0.945059552218337,1.890119104436674,0.6495753504144495,1.299150700828899,0.4710758923554178,0.5181834815909596
194.5,0.9449260543783488,1.8898521087566975,0.6488813536545424,1.2977627073090847,0.47020695401363244,0.5172276494149958
195.0,0.9447925965817057,1.8895851931634113,0.64818825850425,1.2963765170085,0.469339894888371,0.5162738843772081
195.5,0.9446591788163966,1.8893183576327932,0.6474960637922413,1.2949921275844827,0.46847471091553095,0.5153221820070841
196.0,0.9445258010704138,1.8890516021408277,0.6468047683487073,1.2936095366974145,0.4676113980397987,0.5143725378437786
196.5,0.9443924633317535,1.888784926663507,0.6461143710053581,1.2922287420107161,0.46674995221463067,0.5134249474360938
197.0,0.9442591655884154,1.8885183311768308,0.6454248705954222,1.2908497411908444,0.46589036940223527,0.5124794063424588
197.5,0.9441259078284022,1.8882518156568044,0.6447362659536438,1.2894725319072875,0.4650326455735526,0.5115359101309079
198.0,0.9439926900397211,1.8879853800794422,0.644048555916281,1.288097111832562,0.46417677670823676,0.5105944543790605
198.5,0.9438595122103824,1.887719024420765,0.6433617393211033,1.2867234786422066,0.463322758794636,0.5096550346740997
199.0,0.9437263743284001,1.8874527486568002,0.6426758150073908,1.2853516300147816,0.4624705878297748,0.5087176466127523
199.5,0.9435932763817918,1.8871865527635836,0.6419907818159309,1.2839815636318619,0.4616202598193345,0.507782285801268
200.0,0.9434602183585787,1.8869204367171575,0.641306638589018,1.282613277178036,0.46077177077763487,0.5068489478553984
200.5,0.9433272002467856,1.8866544004935712,0.6406233841704494,1.2812467683408988,0.45992511672761527,0.5059176284003768
201.0,0.9431942220344407,1.8863884440688814,0.6399410174055249,1.2798820348110498,0.45908029370081604,0.5049883230708977
201.5,0.9430612837095762,1.8861225674191524,0.6392595371410448,1.2785190742820896,0.4582372977373602,0.5040610275110963
202.0,0.9429283852602275,1.885856770520455,0.6385789422253072,1.2771578844506144,0.4573961248859344,0.5031357373745279
202.5,0.9427955266744337,1.8855910533488673,0.6378992315081062,1.2757984630162125,0.4565567712037705,0.5022124483241476
203.0,0.9426627079402377,1.8853254158804753,0.6372204038407312,1.2744408076814624,0.4557192327566276,0.5012911560322905
203.5,0.9425299290456856,1.885059858091371,0.6365424580759627,1.2730849161519253,0.454883505618773,0.5003718561806504
204.0,0.9423971899788275,1.884794379957655,0.6358653930680722,1.2717307861361444,0.45404958587296396,0.4994545444602604
204.5,0.9422644907277167,1.8845289814554333,0.6351892076728203,1.2703784153456406,0.4532174696104295,0.49853921657147254
205.0,0.9421318312804104,1.884263662560821,0.6345139007474527,1.2690278014949055,0.45238715293085197,0.49762586822393723
205.5,0.9419992116249694,1.8839984232499387,0.6338394711507012,1.2676789423014023,0.4515586319423487,0.4967144951365836
206.0,0.9418666317494575,1.883733263498915,0.6331659177427791,1.2663318354855582,0.4507319027614539,0.49580509303759934
206.5,0.9417340916419428,1.8834681832838855,0.6324932393853815,1.264986478770763,0.4499069615131005,0.4948976576644106
207.0,0.9416015912904967,1.8832031825809934,0.6318214349416813,1.2636428698833626,0.4490838043306016,0.4939921847636618
207.5,0.9414691306831942,1.8829382613663883,0.6311505032763289,1.2623010065526579,0.4482624273556327,0.493088670091196
208.0,0.9413367098081136,1.8826734196162271,0.6304804432554503,1.2609608865109005,0.4474428267382139,0.4921871094120353
208.5,0.9412043286533371,1.8824086573066743,0.6298112537466429,1.2596225074932859,0.4466249986366909,0.4912874985003601
209.0,0.9410719872069507,1.8821439744139015,0.6291429336189771,1.2582858672379542,0.4458089392177179,0.49038983313948975
209.5,0.9409396854570433,1.8818793709140866,0.6284754817429912,1.2569509634859823,0.4449946446562395,0.4894941091218635
210.0,0.9408074233917081,1.8816148467834162,0.6278088969906919,1.2556177939813837,0.44418211113547224,0.4886003222490195
210.5,0.9406752009990411,1.8813504019980822,0.6271431782355501,1.2542863564711002,0.4433713348468872,0.48770846833157594
211.0,0.9405430182671426,1.8810860365342852,0.6264783243525014,1.2529566487050028,0.442562311990192,0.48681854318921125
211.5,0.9404108751841159,1.8808217503682318,0.6258143342179425,1.251628668435885,0.4417550387733131,0.4859305426506445
212.0,0.9402787717380683,1.8805575434761366,0.62515120670973,1.25030241341946,0.4409495114123778,0.48504446255361566
212.5,0.9401467079171106,1.8802934158342213,0.6244889407071781,1.2489778814143562,0.44014572613169656,0.48416029874486627
213.0,0.9400146837093568,1.8800293674187136,0.6238275350910574,1.2476550701821147,0.4393436791637454,0.48327804708011995
213.5,0.9398826991029248,1.8797653982058495,0.6231669887435918,1.2463339774871836,0.4385433667491484,0.4823977034240633
214.0,0.939750754085936,1.879501508171872,0.622507300548458,1.245014601096916,0.4377447851366596,0.4815192636503256
214.5,0.9396188486465156,1.8792376972930311,0.6218484693907829,1.2436969387815657,0.43694793058314596,0.4806427236414606
215.0,0.9394869827727916,1.8789739655455833,0.6211904941571416,1.2423809883142831,0.4361527993535693,0.4797680792889263
215.5,0.9393551564528964,1.8787103129057927,0.6205333737355558,1.2410667474711117,0.43535938772096927,0.4788953264930662
216.0,0.9392233696749657,1.8784467393499313,0.6198771070154918,1.2397542140309836,0.43456769196644573,0.47802446116309033
216.5,0.9390916224271384,1.8781832448542768,0.6192216928878589,1.2384433857757178,0.43377770837914076,0.47715547921705487
217.0,0.9389599146975576,1.8779198293951151,0.6185671302450066,1.2371342604900133,0.4329894332562224,0.4762883765818447
217.5,0.9388282464743692,1.8776564929487385,0.6179134179807244,1.2358268359614488,0.43220286290286614,0.47542314919315276
218.0,0.9386966177457234,1.8773932354914469,0.6172605549902381,1.2345211099804763,0.43141799363223843,0.4745597929954623
218.5,0.9385650284997735,1.877130056999547,0.6166085401702093,1.2332170803404185,0.43063482176547896,0.4736983039420269
219.0,0.9384334787246765,1.876866957449353,0.6159573724187326,1.2319147448374652,0.4298533436316835,0.47283867799485185
219.5,0.9383019684085929,1.8766039368171858,0.6153070506353344,1.2306141012706688,0.42907355556788673,0.47198091112467544
220.0,0.9381704975396866,1.8763409950793732,0.6146575737209707,1.2293151474419415,0.42829545391904533,0.4711249993109499
220.5,0.9380390661061255,1.876078132212251,0.6140089405780256,1.2280178811560511,0.42751903503802013,0.47027093854182217
221.0,0.9379076740960806,1.8758153481921611,0.6133611501103087,1.2267223002206173,0.4267442952855598,0.4694187248141158
221.5,0.9377763214977267,1.8755526429954534,0.612714201223054,1.225428402446108,0.42597123103028334,0.4685683541333117
222.0,0.937645008299242,1.875290016598484,0.6120680928229176,1.2241361856458353,0.4251998386486633,0.46771982251352967
222.5,0.9375137344888083,1.8750274689776165,0.6114228238179766,1.2228456476359533,0.4244301145250087,0.4668731259775096
223.0,0.9373825000546111,1.8747650001092222,0.6107783931177256,1.2215567862354513,0.4236620550514477,0.4660282605565925
223.5,0.9372513049848392,1.8745026099696784,0.610134799633077,1.220269599266154,0.4228956566279116,0.4651852222907028
224.0,0.9371201492676849,1.8742402985353699,0.6094920422763574,1.218984084552715,0.422130915662117,0.46434400722832875
224.5,0.9369890328913444,1.8739780657826888,0.6088501199613071,1.2177002399226142,0.4213678285695497,0.4635046114265047
225.0,0.9368579558440172,1.8737159116880344,0.6082090316030768,1.2164180632061536,0.42060639177344716,0.4626670309507919
225.5,0.9367269181139063,1.8734538362278126,0.6075687761182273,1.2151375522364547,0.4198466017047826,0.4618312618752609
226.0,0.9365959196892184,1.8731918393784368,0.6069293524247266,1.2138587048494531,0.41908845480224743,0.4609973002824722
226.5,0.9364649605581634,1.8729299211163268,0.6062907594419484,1.2125815188838969,0.41833194751223535,0.4601651422634589
227.0,0.9363340407089553,1.8726680814179106,0.6056529960906706,1.2113059921813412,0.4175770762888249,0.45933478391770743
227.5,0.9362031601298111,1.8724063202596222,0.6050160612930728,1.2100321225861457,0.4168238375937635,0.4585062213531399
228.0,0.9360723188089515,1.872144637617903,0.604379953972735,1.20875990794547,0.4160722278964507,0.45767945068609583
228.5,0.935941516734601,1.871883033469202,0.6037446730546361,1.2074893461092722,0.41532224367392123,0.4568544680413134
229.0,0.9358107538949874,1.8716215077899747,0.6031102174651507,1.2062204349303014,0.41457388141082874,0.45603126955191164
229.5,0.9356800302783417,1.8713600605566834,0.6024765861320489,1.2049531722640978,0.4138271375994298,0.4552098513593728
230.0,0.9355493458728992,1.8710986917457983,0.6018437779844936,1.2036875559689872,0.4130820087395667,0.4543902096135234
230.5,0.935418700666898,1.870837401333796,0.6012117919530389,1.2024235839060777,0.4123384913386515,0.4535723404725167
231.0,0.9352880946485802,1.8705761892971604,0.6005806269696283,1.2011612539392567,0.4115965819116494,0.45275624010281434
231.5,0.9351575278061913,1.8703150556123826,0.5999502819675926,1.1999005639351852,0.41085627698106264,0.45194190467916895
232.0,0.9350270001279801,1.8700540002559602,0.5993207558816489,1.1986415117632978,0.4101175730769141,0.45112933038460556
232.5,0.9348965116021992,1.8697930232043984,0.5986920476478979,1.1973840952957957,0.409380466736731,0.45031851341040413
233.0,0.9347660622171048,1.8695321244342096,0.5980641562038223,1.1961283124076445,0.40864495450552896,0.4495094499560819
233.5,0.9346356519609561,1.8692713039219122,0.5974370804882855,1.194874160976571,0.4079110329357949,0.44870213622937444
234.0,0.9345052808220164,1.869010561644033,0.5968108194415296,1.1936216388830592,0.40717869858747235,0.4478965684462196
234.5,0.9343749487885524,1.8687498975771049,0.596185372005173,1.192370744010346,0.4064479480279438,0.44709274283073824
235.0,0.934244655848834,1.868489311697668,0.5955607371222096,1.1911214742444192,0.4057187778320158,0.4462906556152174
235.5,0.9341144019911349,1.8682288039822699,0.5949369137370063,1.1898738274740126,0.4049911845819021,0.44549030304009235
236.0,0.9339841872037322,1.8679683744074644,0.5943139007953013,1.1886278015906027,0.4042651648672082,0.44469168135392906
236.5,0.9338540114749068,1.8677080229498135,0.5936916972442026,1.1873833944884051,0.4035407152849151,0.4438947868134066
237.0,0.9337238747929426,1.8674477495858852,0.5930703020321861,1.1861406040643723,0.4028178324393631,0.4430996156832994
237.5,0.9335937771461275,1.867187554292255,0.5924497141090936,1.1848994282181873,0.40209651294223636,0.44230616423646
238.0,0.9334637185227526,1.8669274370455051,0.5918299324261318,1.1836598648522636,0.40137675341254686,0.4415144287538016
238.5,0.9333336989111127,1.8666673978222255,0.5912109559358689,1.1824219118717378,0.40065855047661836,0.4407244055242802
239.0,0.9332037182995059,1.8664074365990118,0.5905927835922349,1.1811855671844698,0.3999419007680709,0.439936090844878
239.5,0.933073776676234,1.866147553352468,0.5899754143505183,1.1799508287010365,0.3992268009278046,0.4391494810205851
240.0,0.9329438740296025,1.865887748059205,0.589358847167365,1.17871769433473,0.3985132476039842,0.43836457236438264
240.5,0.9328140103479199,1.8656280206958398,0.5887430810007759,1.1774861620015518,0.3978012374520238,0.4375813611972262
241.0,0.9326841856194985,1.865368371238997,0.5881281148101066,1.1762562296202133,0.3970907671345699,0.43679984384802695
241.5,0.932554399832654,1.865108799665308,0.5875139475560638,1.1750278951121276,0.39638183332148724,0.436020016653636
242.0,0.9324246529757059,1.8648493059514117,0.5869005782007048,1.1738011564014097,0.39567443268984215,0.4352418759588264
242.5,0.9322949450369767,1.8645898900739535,0.5862880057074351,1.1725760114148702,0.3949685619238874,0.4344654181162762
243.0,0.932165276004793,1.864330552009586,0.5856762290410071,1.1713524580820143,0.3942642177150465,0.4336906394865512
243.5,0.9320356458674843,1.8640712917349687,0.5850652471675184,1.1701304943350368,0.3935613967618985,0.4329175364380884
244.0,0.9319060546133842,1.8638121092267683,0.5844550590544089,1.1689101181088177,0.3928600957701621,0.43214610534717834
244.5,0.9317765022308292,1.8635530044616584,0.5838456636704609,1.1676913273409217,0.3921603114526806,0.4313763425979487
245.0,0.9316469887081598,1.8632939774163195,0.583237059985796,1.166474119971592,0.39146204052940603,0.43060824458234664
245.5,0.9315175140337195,1.863035028067439,0.5826292469718738,1.1652584939437476,0.3907652797273843,0.42984180770012276
246.0,0.9313880781958559,1.8627761563917118,0.5820222236014903,1.1640444472029805,0.39007002578073935,0.42907702835881334
246.5,0.9312586811829195,1.862517362365839,0.5814159888487755,1.162831977697551,0.38937627543065834,0.4283139029737242
247.0,0.9311293229832647,1.8622586459665293,0.5808105416891931,1.1616210833783862,0.38868402542537595,0.4275524279679136
247.5,0.9310000035852494,1.8620000071704987,0.5802058810995367,1.1604117621990735,0.38799327252015947,0.42679259977217543
248.0,0.9308707229772346,1.8617414459544692,0.5796020060579302,1.1592040121158604,0.38730401347729315,0.4260344148250225
248.5,0.9307414811475851,1.8614829622951703,0.5789989155438242,1.1579978310876484,0.38661624506606374,0.42527786957267016
249.0,0.9306122780846693,1.8612245561693386,0.5783966085379959,1.1567932170759918,0.3859299640627446,0.4245229604690191
249.5,0.9304831137768589,1.8609662275537178,0.5777950840225463,1.1555901680450926,0.3852451672505809,0.423769683975639
250.0,0.9303539882125289,1.8607079764250578,0.5771943409808988,1.1543886819617977,0.38456185141977484,0.42301803656175235
250.5,0.9302249013800581,1.8604498027601162,0.5765943783977974,1.1531887567955947,0.38388001336747,0.42226801470421704
251.0,0.9300958532678288,1.8601917065356577,0.5759951952593052,1.1519903905186104,0.3831996498977368,0.4215196148875105
251.5,0.9299668438642266,1.8599336877284531,0.5753967905528026,1.1507935811056051,0.38252075782155726,0.42077283360371304
252.0,0.9298378731576407,1.8596757463152813,0.5747991632669855,1.149598326533971,0.38184333395681036,0.4200276673524914
252.5,0.9297089411364634,1.8594178822729268,0.5742023123918638,1.1484046247837276,0.3811673751282567,0.4192841126410824
253.0,0.9295800477890914,1.8591600955781828,0.5736062369187592,1.1472124738375185,0.38049287816752386,0.4185421659842763
253.5,0.9294511931039238,1.8589023862078475,0.573010935840304,1.146021871680608,0.37981983991309176,0.41780182390440096
254.0,0.9293223770693639,1.8586447541387279,0.5724164081504395,1.144832816300879,0.37914825721027734,0.4170630829313051
254.5,0.9291935996738183,1.8583871993476366,0.5718226528444132,1.1436453056888265,0.37847812691122007,0.4163259396023421
255.0,0.9290648609056968,1.8581297218113937,0.5712296689187791,1.1424593378375583,0.3778094458748673,0.4155903904623541
255.5,0.9289361607534132,1.8578723215068265,0.570637455371394,1.141274910742788,0.3771422109669593,0.4148564320636553
256.0,0.9288074992053844,1.8576149984107688,0.5700460112014165,1.140092022402833,0.37647641906001483,0.41412406096601634
256.5,0.9286788762500309,1.8573577525000617,0.5694553354093065,1.138910670818613,0.37581206703331604,0.4133932737366477
257.0,0.9285502918757763,1.8571005837515526,0.5688654269968213,1.1377308539936426,0.3751491517728943,0.41266406695018376
257.5,0.9284217460710484,1.8568434921420969,0.5682762849670155,1.136552569934031,0.37448767017151563,0.41193643718866724
258.0,0.9282932388242779,1.8565864776485559,0.5676879083242394,1.1353758166484789,0.37382761912866547,0.41121038104153207
258.5,0.9281647701238991,1.8563295402477982,0.5671002960741358,1.1342005921482716,0.37316899555053495,0.41048589510558847
259.0,0.92803633995835,1.8560726799167,0.5665134472236402,1.1330268944472803,0.372511796350006,0.4097629759850066
259.5,0.9279079483160718,1.8558158966321436,0.5659273607809776,1.1318547215619552,0.37185601844663685,0.4090416202913006
260.0,0.9277795951855092,1.8555591903710185,0.565342035755662,1.130684071511324,0.3712016587666477,0.40832182464331246
260.5,0.9276512805551105,1.855302561110221,0.564757471158494,1.129514942316988,0.37054871424290625,0.4076035856671969
261.0,0.9275230044133274,1.8550460088266547,0.5641736660015593,1.1283473320031185,0.3698971818149136,0.406886899996405
261.5,0.9273947667486149,1.8547895334972297,0.5635906192982267,1.1271812385964535,0.36924705842878935,0.40617176427166835
262.0,0.9272665675494316,1.8545331350988632,0.5630083300631477,1.1260166601262953,0.36859834103725764,0.4054581751409834
262.5,0.9271384068042398,1.8542768136084795,0.5624267973122528,1.1248535946245055,0.3679510265996331,0.4047461292595964
263.0,0.9270102845015048,1.8540205690030096,0.5618460200627517,1.1236920401255035,0.36730511208180594,0.40403562328998655
263.5,0.9268822006296957,1.8537644012593915,0.5612659973331311,1.1225319946662622,0.36666059445622845,0.40332665390185135
264.0,0.9267541551772851,1.8535083103545702,0.5606867281431519,1.1213734562863038,0.36601747070190016,0.4026192177720902
264.5,0.9266261481327486,1.8532522962654971,0.5601082115138493,1.1202164230276985,0.3653757378043544,0.4019133115847899
265.0,0.9264981794845657,1.8529963589691314,0.5595304464675299,1.1190608929350598,0.36473539275564326,0.4012089320312076
265.5,0.9263702492212194,1.8527404984424387,0.5589534320277709,1.1179068640555418,0.36409643255432445,0.40050607580975695
266.0,0.9262423573311958,1.8524847146623915,0.5583771672194174,1.1167543344388349,0.36345885420544644,0.3998047396259911
266.5,0.9261145038029845,1.852229007605969,0.5578016510685821,1.1156033021371643,0.3628226547205349,0.3991049201925884
267.0,0.9259866886250789,1.8519733772501579,0.5572268826026424,1.1144537652052848,0.36218783111757846,0.3984066142293363
267.5,0.9258589117859755,1.851717823571951,0.5566528608502395,1.113305721700479,0.3615543804210152,0.3977098184631167
268.0,0.9257311732741745,1.851462346548349,0.5560795848412763,1.1121591696825526,0.3609222996617175,0.3970145296278893
268.5,0.9256034730781795,1.851206946156359,0.5555070536069164,1.1110141072138329,0.36029158587698007,0.39632074446467813
269.0,0.9254758111864972,1.8509516223729945,0.5549352661795819,1.1098705323591638,0.35966223611050385,0.39562845972155425
269.5,0.9253481875876383,1.8506963751752765,0.5543642215929518,1.1087284431859037,0.3590342474123841,0.3949376721536225
270.0,0.9252206022701165,1.850441204540233,0.5537939188819608,1.1075878377639217,0.35840761683909506,0.3942483785230046
270.5,0.9250930552224492,1.8501861104448984,0.553224357082797,1.106448714165594,0.3577823414534772,0.39356057559882496
271.0,0.9249655464331572,1.8499310928663144,0.552655535232901,1.105311070465802,0.35715841832472295,0.3928742601571953
271.5,0.9248380758907646,1.8496761517815292,0.5520874523709633,1.1041749047419267,0.35653584452836307,0.3921894289811994
272.0,0.9247106435837992,1.8494212871675983,0.5515201075369243,1.1030402150738485,0.35591461714625305,0.3915060788608784
272.5,0.924583249500792,1.849166499001584,0.5509534997719708,1.1019069995439417,0.355294733266559,0.390824206593215
273.0,0.9244558936302775,1.848911787260555,0.5503876281185356,1.1007752562370712,0.35467618998374484,0.39014380898211937
273.5,0.9243285759607938,1.8486571519215875,0.5498224916202954,1.0996449832405908,0.35405898439855776,0.3894648828384136
274.0,0.9242012964808821,1.8484025929617642,0.5492580893221695,1.098516178644339,0.35344311361801517,0.3887874249798167
274.5,0.9240740551790874,1.8481481103581747,0.5486944202703177,1.0973888405406353,0.3528285747553911,0.38811143223093025
275.0,0.923946852043958,1.847893704087916,0.5481314835121394,1.0962629670242787,0.35221536493020256,0.38743690142322285
275.5,0.9238196870640454,1.8476393741280908,0.5475692780962711,1.0951385561925422,0.35160348126819574,0.38676382939501536
276.0,0.9236925602279051,1.8473851204558103,0.5470078030725858,1.0940156061451716,0.3509929209013334,0.38609221299146673
276.5,0.9235654715240955,1.847130943048191,0.5464470574921904,1.0928941149843807,0.3503836809677804,0.38542204906455846
277.0,0.9234384209411786,1.8468768418823571,0.5458870404074248,1.0917740808148495,0.34977575861189114,0.3847533344730803
277.5,0.9233114084677199,1.8466228169354397,0.5453277508718597,1.0906555017437194,0.34916915098419554,0.38408606608261514
278.0,0.9231844340922881,1.8463688681845762,0.544769187940296,1.089538375880592,0.3485638552413861,0.3834202407655248
278.5,0.9230574978034558,1.8461149956069116,0.5442113506687624,1.0884227013375247,0.34795986854630445,0.38275585540093493
279.0,0.9229305995897985,1.845861199179597,0.5436542381145133,1.0873084762290266,0.3473571880679277,0.38209290687472053
279.5,0.9228037394398956,1.8456074788797912,0.5430978493360286,1.0861956986720571,0.346755810981356,0.3814313920794916
280.0,0.9226769173423294,1.8453538346846587,0.5425421833930109,1.0850843667860217,0.34615573446779846,0.38077130791457836
280.5,0.922550133285686,1.845100266571372,0.5419872393463849,1.0839744786927699,0.34555695571456013,0.3801126512860162
281.0,0.922423387258555,1.84484677451711,0.541433016258295,1.08286603251659,0.3449594719150296,0.37945541910653263
281.5,0.9222966792495291,1.8445933584990581,0.5408795131921038,1.0817590263842076,0.3443632802686645,0.37879960829553094
282.0,0.9221700092472046,1.8443400184944092,0.5403267292123913,1.0806534584247827,0.34376837798097926,0.3781452157790772
282.5,0.9220433772401813,1.8440867544803625,0.5397746633849523,1.0795493267699046,0.34317476226353205,0.3774922384898853
283.0,0.921916783217062,1.843833566434124,0.5392233147767955,1.078446629553591,0.34258243033391145,0.37684067336730265
283.5,0.9217902271664538,1.8435804543329075,0.5386726824561414,1.0773453649122828,0.3419913794157231,0.3761905173572955
284.0,0.9216637090769662,1.8433274181539323,0.5381227654924214,1.0762455309848429,0.34140160673857756,0.37554176741243533
284.5,0.9215372289372126,1.8430744578744251,0.5375735629562759,1.0751471259125518,0.3408131095380762,0.3748944204918839
285.0,0.9214107867358099,1.8428215734716198,0.5370250739195521,1.0740501478391042,0.3402258850557994,0.3742484735613794
285.5,0.9212843824613784,1.842568764922757,0.5364772974553036,1.0729545949106072,0.33963993053929276,0.3736039235932221
286.0,0.9211580161025416,1.842316032205083,0.5359302326377882,1.0718604652755763,0.3390552432420546,0.3729607675662601
286.5,0.9210316876479265,1.842063375295853,0.5353838785424658,1.0707677570849317,0.33847182042352275,0.37231900246587507
287.0,0.9209053970861636,1.8418107941723272,0.5348382342459981,1.0696764684919962,0.33788965934906223,0.3716786252839685
287.5,0.9207791444058866,1.8415582888117732,0.5342932988262463,1.0685865976524926,0.337308757289952,0.37103963301894727
288.0,0.9206529295957331,1.8413058591914662,0.5337490713622691,1.0674981427245382,0.3367291115233725,0.37040202267570976
288.5,0.9205267526443432,1.8410535052886865,0.5332055509343221,1.0664111018686442,0.33615071933239216,0.3697657912656314
289.0,0.9204006135403617,1.8408012270807235,0.5326627366238557,1.0653254732477113,0.335573578005956,0.36913093580655165
289.5,0.9202745122724355,1.840549024544871,0.5321206275135134,1.0642412550270268,0.3349976848388716,0.3684974533227588
290.0,0.9201484488292158,1.8402968976584315,0.5315792226871308,1.0631584453742615,0.3344230371317969,0.36786534084497663
290.5,0.9200224231993566,1.8400448463987131,0.5310385212297337,1.0620770424594674,0.3338496321912279,0.3672345954103507
291.0,0.9198964353715159,1.8397928707430318,0.5304985222275362,1.0609970444550725,0.3332774673294855,0.36660521406243407
291.5,0.9197704853343547,1.8395409706687094,0.5299592247679403,1.0599184495358807,0.3327065398647032,0.36597719385117355
292.0,0.9196445730765374,1.8392891461530747,0.5294206279395328,1.0588412558790656,0.3321368471208146,0.36535053183289606
292.5,0.9195186985867319,1.8390373971734637,0.5288827308320851,1.0577654616641703,0.3315683864275403,0.3647252250702943
293.0,0.9193928618536096,1.8387857237072192,0.5283455325365509,1.0566910650731018,0.3310011551203764,0.3641012706324141
293.5,0.9192670628658453,1.8385341257316905,0.5278090321450649,1.0556180642901298,0.33043515054058104,0.36347866559463915
294.0,0.9191413016121167,1.8382826032242334,0.5272732287509416,1.0545464575018832,0.3298703700351622,0.3628574070386784
294.5,0.9190155780811057,1.8380311561622114,0.5267381214486728,1.0534762428973456,0.32930681095686565,0.36223749205255223
295.0,0.918889892261497,1.837779784522994,0.5262037093339271,1.0524074186678543,0.3287444706641621,0.36161891773057836
295.5,0.9187642441419788,1.8375284882839575,0.525669991503548,1.051339983007096,0.32818334652123526,0.36100168117335885
296.0,0.9186386337112429,1.8372772674224858,0.5251369670555521,1.0502739341111043,0.3276234358979687,0.3603857794877656
296.5,0.9185130609579844,1.8370261219159687,0.5246046350891282,1.0492092701782565,0.32706473616993437,0.35977120978692784
297.0,0.9183875258709014,1.8367750517418029,0.524072994704635,1.04814598940927,0.3265072447183801,0.35915796919021814
297.5,0.9182620284386962,1.8365240568773924,0.5235420450036001,1.0470840900072003,0.32595095893021686,0.3585460548232386
298.0,0.9181365686500739,1.8362731373001477,0.5230117850887183,1.0460235701774365,0.32539587619800703,0.3579354638178078
298.5,0.918011146493743,1.836022292987486,0.5224822140638503,1.0449644281277006,0.32484199391995194,0.35732619331194715
299.0,0.9178857619584155,1.835771523916831,0.5219533310340212,1.0439066620680424,0.32428930949987966,0.35671824044986766
299.5,0.9177604150328069,1.8355208300656138,0.5214251351054181,1.0428502702108362,0.323737820347233,0.3561116023819563
300.0,0.917635105705636,1.835270211411272,0.52089762538539,1.04179525077078,0.32318752387705707,0.35550627626476283
300.5,0.9175098339656249,1.8350196679312498,0.5203708009824454,1.0407416019648907,0.3226384175099877,0.35490225926098645
301.0,0.9173845998014991,1.8347691996029982,0.5198446610062507,1.0396893220125014,0.3220904986722386,0.3542995485394625
301.5,0.9172594032019875,1.834518806403975,0.5193192045676295,1.038638409135259,0.3215437647955901,0.35369814127514915
302.0,0.9171342441558226,1.8342684883116451,0.5187944307785601,1.0375888615571203,0.3209982133173763,0.353098034649114
302.5,0.9170091226517398,1.8340182453034797,0.5182703387521748,1.0365406775043495,0.32045384168047386,0.3524992258485213
303.0,0.9168840386784785,1.833768077356957,0.5177469276027578,1.0354938552055155,0.3199106473332892,0.3519017120666182
303.5,0.9167589922247807,1.8335179844495615,0.5172241964457442,1.0344483928914885,0.3193686277297475,0.3513054905027223
304.0,0.9166339832793927,1.8332679665587854,0.5167021443977182,1.0334042887954364,0.3188277803292797,0.3507105583622077
304.5,0.9165090118310635,1.833018023662127,0.5161807705764119,1.0323615411528237,0.3182881025968114,0.35011691285649255
305.0,0.9163840778685455,1.832768155737091,0.5156600741007031,1.0313201482014063,0.31774959200275077,0.3495245512030259
305.5,0.9162591813805948,1.8325183627611896,0.515140054090615,1.03028010818123,0.3172122460229763,0.34893347062527397
306.0,0.9161343223559708,1.8322686447119416,0.5146207096673134,1.0292414193346269,0.3166760621388257,0.3483436683527083
306.5,0.9160095007834361,1.8320190015668723,0.514102039953106,1.028204079906212,0.31614103783708336,0.34775514162079174
307.0,0.9158847166517566,1.8317694333035133,0.5135840440714412,1.0271680881428824,0.3156071706099691,0.34716788767096607
307.5,0.9157599699497021,1.8315199398994042,0.5130667211469055,1.026133442293811,0.315074457955126,0.34658190375063863
308.0,0.915635260666045,1.83127052133209,0.5125500703052234,1.0251001406104467,0.31454289737560914,0.34599718711317007
308.5,0.9155105887895617,1.8310211775791234,0.5120340906732546,1.0240681813465091,0.31401248637987345,0.3454137350178608
309.0,0.9153859543090317,1.8307719086180634,0.5115187813789932,1.0230375627579864,0.3134832224817623,0.34483154472993854
309.5,0.9152613572132378,1.8305227144264755,0.5110041415515668,1.0220082831031336,0.3129551032004957,0.3442506135205453
310.0,0.9151367974909663,1.8302735949819326,0.5104901703212338,1.0209803406424676,0.31242812606065884,0.34367093866672477
310.5,0.915012275131007,1.830024550262014,0.5099768668193827,1.0199537336387654,0.3119022885921904,0.34309251745140945
311.0,0.9148877901221526,1.8297755802443052,0.5094642301785304,1.0189284603570608,0.3113775883303707,0.3425153471634078
311.5,0.9147633424531997,1.8295266849063994,0.5089522595323208,1.0179045190646416,0.3108540228158107,0.3419394250973918
312.0,0.9146389321129478,1.8292778642258956,0.5084409540155236,1.0168819080310472,0.3103315895944401,0.34136474855388416
312.5,0.9145145590902002,1.8290291181804004,0.5079303127640321,1.0158606255280642,0.30981028621749584,0.34079131483924546
313.0,0.9143902233737631,1.8287804467475262,0.5074203349148627,1.0148406698297254,0.30929011024151076,0.34021912126566184
313.5,0.9142659249524464,1.8285318499048928,0.5069110196061526,1.0138220392123052,0.3087710592283021,0.33964816515113233
314.0,0.9141416638150632,1.8282833276301265,0.5064023659771588,1.0128047319543176,0.30825313074495997,0.339078443819456
314.5,0.9140174399504302,1.8280348799008603,0.5058943731682567,1.0117887463365134,0.30773632236383613,0.33850995460021976
315.0,0.9138932533473668,1.8277865066947336,0.5053870403209381,1.0107740806418761,0.30722063166253244,0.3379426948287857
315.5,0.9137691039946967,1.8275382079893934,0.5048803665778104,1.0097607331556209,0.3067060562238896,0.33737666184627857
316.0,0.9136449918812461,1.8272899837624923,0.504374351082595,1.00874870216519,0.30619259363597584,0.33681185299957345
316.5,0.9135209169958451,1.8270418339916903,0.5038689929801254,1.0077379859602509,0.3056802414920755,0.3362482656412831
317.0,0.9133968793273268,1.8267937586546537,0.5033642914163465,1.006728582832693,0.30516899739067793,0.3356858971297457
317.5,0.9132728788645281,1.8265457577290563,0.5028602455383127,1.0057204910766253,0.30465885893546596,0.33512474482901256
318.0,0.9131489155962886,1.8262978311925773,0.5023568544941857,1.0047137089883713,0.3041498237353051,0.3345648061088356
318.5,0.913024989511452,1.826049979022904,0.5018541174332349,1.0037082348664699,0.30364188940423176,0.33400607834465496
319.0,0.9129011005988646,1.8258022011977293,0.5013520335058348,1.0027040670116696,0.30313505356144255,0.33344855891758685
319.5,0.9127772488473767,1.8255544976947533,0.5008506018634629,1.0017012037269257,0.3026293138312829,0.3328922452144112
320.0,0.9126534342458412,1.8253068684916824,0.5003498216587001,1.0006996433174002,0.302124667843236,0.3323371346275596
320.5,0.9125296567831152,1.8250593135662303,0.4998496920452275,0.999699384090455,0.30162111323191154,0.33178322455510273
321.0,0.9124059164480586,1.8248118328961171,0.4993502121778258,0.9987004243556517,0.301118647637035,0.33123051240073853
321.5,0.9122822132295347,1.8245644264590695,0.49885138121237427,0.9977027624247485,0.3006172687034361,0.3306789955737797
322.0,0.9121585471164103,1.8243170942328206,0.4983531983058482,0.9967063966116964,0.300116974081038,0.3301286714891418
322.5,0.9120349180975554,1.8240698361951109,0.4978556626163184,0.9957113252326368,0.2996177614248464,0.3295795375673311
323.0,0.9119113261618434,1.823822652323687,0.4973587733029494,0.9947175466058988,0.2991196283949383,0.32903159123443215
323.5,0.9117877712981511,1.8235755425963023,0.4968625295259983,0.9937250590519966,0.29862257265645115,0.32848482992209627
324.0,0.9116642534953585,1.823328506990717,0.49636693044681285,0.9927338608936257,0.298126591879572,0.32793925106752925
324.5,0.9115407727423489,1.8230815454846978,0.4958719752278305,0.991743950455661,0.2976316837395264,0.3273948521134791
325.0,0.9114173290280092,1.8228346580560184,0.49537766303257685,0.9907553260651537,0.2971378459165678,0.3268516305082246
325.5,0.9112939223412293,1.8225878446824586,0.4948839930256642,0.9897679860513284,0.29664507609596613,0.3263095837055628
326.0,0.9111705526709029,1.8223411053418057,0.4943909643727901,0.9887819287455802,0.2961533719679975,0.3257687091647973
326.5,0.9110472200059263,1.8220944400118526,0.49389857624073596,0.9877971524814719,0.29566273122793324,0.3252290043507266
327.0,0.9109239243351999,1.8218478486703997,0.4934068277973658,0.9868136555947316,0.29517315157602875,0.32469046673363167
327.5,0.9108006656476269,1.8216013312952537,0.49291571821162455,0.9858314364232491,0.2946846307175133,0.3241530937892646
328.0,0.910677443932114,1.821354887864228,0.4924252466535369,0.9848504933070737,0.29419716636257864,0.3236168829988365
328.5,0.9105542591775715,1.821108518355143,0.49193541229420584,0.9838708245884117,0.2937107562263689,0.3230818318490058
329.0,0.9104311113729124,1.8208622227458249,0.4914462143058112,0.9828924286116224,0.29322539802896935,0.3225479378318663
329.5,0.9103080005070538,1.8206160010141077,0.4909576518616083,0.9819153037232166,0.2927410894953961,0.32201519844493576
330.0,0.9101849265689155,1.820369853137831,0.4904697241359264,0.9809394482718528,0.2922578283555852,0.32148361119114377
330.5,0.9100618895474208,1.8201237790948417,0.48998243030416755,0.9799648606083351,0.2917756123443821,0.3209531735788203
331.0,0.9099388894314965,1.819877778862993,0.48949576954280505,0.9789915390856101,0.29129443920153086,0.32042388312168396
331.5,0.9098159262100725,1.819631852420145,0.4890097410293821,0.9780194820587642,0.29081430667166397,0.31989573733883037
332.0,0.9096929998720822,1.8193859997441644,0.48852434394251054,0.9770486878850211,0.2903352125042911,0.31936873375472025
332.5,0.909570110406462,1.819140220812924,0.48803957746186893,0.9760791549237379,0.2898571544537894,0.3188428698991684
333.0,0.9094472578021522,1.8188945156043044,0.48755544076820195,0.9751108815364039,0.28938013027939236,0.3183181433073316
333.5,0.9093244420480957,1.8186488840961914,0.4870719330433185,0.974143866086637,0.2889041377451794,0.3177945515196974
334.0,0.9092016631332394,1.8184033262664787,0.48658905347009035,0.9731781069401807,0.2884291746200656,0.3172720920820722
334.5,0.9090789210465329,1.8181578420930657,0.48610680123245087,0.9722136024649017,0.28795523867779105,0.31675076254557016
335.0,0.9089562157769298,1.8179124315538595,0.4856251755153937,0.9712503510307874,0.28748232769691046,0.31623056046660153
335.5,0.9088335473133862,1.8176670946267723,0.4851441755049713,0.9702883510099426,0.28701043946078275,0.31571148340686106
336.0,0.9087109156448622,1.8174218312897243,0.4846638003882935,0.969327600776587,0.28653957175756084,0.3151935289333169
336.5,0.9085883207603209,1.8171766415206418,0.4841840493535262,0.9683680987070524,0.2860697223801808,0.3146766946181989
337.0,0.9084657626487287,1.8169315252974574,0.4837049215898902,0.9674098431797804,0.2856008891263522,0.3141609780389874
337.5,0.9083432412990554,1.8166864825981108,0.4832264162876593,0.9664528325753186,0.28513306979854725,0.313646376778402
338.0,0.9082207567002742,1.8164415134005485,0.4827485326381595,0.965497065276319,0.2846662622039905,0.3131328884243896
338.5,0.9080983088413612,1.8161966176827224,0.48227126983376717,0.9645425396675343,0.28420046415464895,0.31262051057011386
339.0,0.9079758977112964,1.8159517954225928,0.4817946270679083,0.9635892541358166,0.28373567346722145,0.31210924081394364
339.5,0.9078535232990628,1.8157070465981255,0.48131860353505634,0.9626372070701127,0.28327188796312863,0.31159907675944154
340.0,0.9077311855936463,1.8154623711872926,0.4808431984307315,0.961686396861463,0.28280910546850274,0.311090016015353
340.5,0.9076088845840369,1.8152177691680738,0.4803684109514989,0.9607368219029978,0.2823473238141771,0.3105820561955948
341.0,0.9074866202592274,1.8149732405184549,0.47989424029496774,0.9597884805899355,0.2818865408356764,0.31007519491924407
341.5,0.907364392608214,1.814728785216428,0.47942068565978946,0.9588413713195789,0.2814267543732063,0.30956942981052693
342.0,0.9072422016199962,1.8144844032399925,0.4789477462456565,0.957895492491313,0.2809679622716434,0.30906475849880777
342.5,0.9071200472835769,1.8142400945671537,0.47847542125330134,0.9569508425066027,0.280510162380525,0.3085611786185775
343.0,0.906997929587962,1.813995859175924,0.4780037098844944,0.9560074197689888,0.2800533525540392,0.3080586878094431
343.5,0.9068758485221611,1.8137516970443222,0.47753261134204356,0.9550652226840871,0.27959753065101467,0.3075572837161162
344.0,0.9067538040751868,1.8135076081503736,0.47706212482979204,0.9541242496595841,0.27914269453491086,0.307056963988402
344.5,0.9066317962360553,1.8132635924721106,0.4765922495526176,0.9531844991052352,0.2786888420738076,0.3065577262811884
345.0,0.9065098249937855,1.813019649987571,0.47612298471643083,0.9522459694328617,0.27823597114039555,0.30605956825443514
345.5,0.9063878903374003,1.8127757806748006,0.4756543295281741,0.9513086590563482,0.2777840796119659,0.3055624875731625
346.0,0.9062659922559255,1.812531984511851,0.47518628319582,0.95037256639164,0.2773331653704005,0.30506648190744057
346.5,0.9061441307383904,1.8122882614767808,0.4747188449283702,0.9494376898567404,0.27688322630216206,0.3045715489323783
347.0,0.9060223057738273,1.8120446115476545,0.47425201393585376,0.9485040278717075,0.2764342602982841,0.30407768632811255
347.5,0.9059005173512719,1.8118010347025437,0.47378578942932636,0.9475715788586527,0.2759862652543612,0.30358489177979736
348.0,0.9057787654597633,1.8115575309195266,0.4733201706208684,0.9466403412417368,0.27553923907053884,0.30309316297759276
348.5,0.9056570500883441,1.8113141001766881,0.4728551567235839,0.9457103134471678,0.2750931796515039,0.30260249761665436
349.0,0.9055353712260594,1.8110707424521189,0.4723907469515995,0.944781493903199,0.27464808490647485,0.3021128933971224
349.5,0.9054137288619586,1.8108274577239172,0.4719269405200623,0.9438538810401246,0.2742039527491915,0.3016243480241107
350.0,0.9052921229850935,1.810584245970187,0.47146373664513946,0.9429274732902789,0.2737607810979058,0.3011368592076964
350.5,0.9051705535845198,1.8103411071690396,0.47100113454401626,0.9420022690880325,0.27331856787537157,0.30065042466290876
351.0,0.9050490206492963,1.8100980412985925,0.4705391334348952,0.9410782668697903,0.2728773110088353,0.30016504210971884
351.5,0.9049275241684849,1.8098550483369698,0.4700777325369941,0.9401554650739882,0.27243700843002583,0.2996807092730284
352.0,0.9048060641311508,1.8096121282623017,0.46961693107054536,0.9392338621410907,0.27199765807514514,0.2991974238826597
352.5,0.9046846405263629,1.8093692810527258,0.4691567282567945,0.938313456513589,0.27155925788485846,0.2987151836733443
353.0,0.9045632533431929,1.8091265066863857,0.46869712331799857,0.9373942466359971,0.2711218058042846,0.29823398638471305
353.5,0.904441902570716,1.808883805141432,0.46823811547742517,0.9364762309548503,0.2706852997829865,0.29775382976128517
354.0,0.9043205881980105,1.808641176396021,0.46777970395935087,0.9355594079187017,0.2702497377749614,0.2972747115524576
354.5,0.9041993102141582,1.8083986204283165,0.4673218879890601,0.9346437759781202,0.26981511773863154,0.2967966295124947
355.0,0.9040780686082441,1.8081561372164883,0.4668646667928439,0.9337293335856878,0.26938143763683386,0.2963195814005173
355.5,0.9039568633693567,1.8079137267387133,0.46640803959799815,0.9328160791959963,0.26894869543681166,0.29584356498049286
356.0,0.903835694486587,1.807671388973174,0.4659520056328229,0.9319040112656458,0.268516889110204,0.2953685780212244
356.5,0.9037145619490301,1.8074291238980602,0.4654965641266206,0.9309931282532412,0.26808601663303655,0.2948946182963402
357.0,0.9035934657457841,1.8071869314915683,0.46504171430969504,0.9300834286193901,0.26765607598571245,0.2944216835842837
357.5,0.9034724058659502,1.8069448117319005,0.4645874554133498,0.9291749108266996,0.2672270651530023,0.29394977166830255
358.0,0.9033513822986333,1.8067027645972666,0.4641337866698874,0.9282675733397748,0.266798982124035,0.29347888033643854
358.5,0.903230395032941,1.806460790065882,0.46368070731260747,0.9273614146252149,0.2663718248922884,0.29300900738151725
359.0,0.9031094440579845,1.806218888115969,0.46322821657580576,0.9264564331516115,0.26594559145557944,0.2925401506011374
359.5,0.9029885293628782,1.8059770587257564,0.4627763136947729,0.9255526273895458,0.2655202798160555,0.2920723077976611
360.0,0.9028676509367398,1.8057353018734796,0.4623249979057928,0.9246499958115856,0.2650958879801844,0.29160547677820287
360.5,0.9027468087686903,1.8054936175373806,0.4618742684461418,0.9237485368922836,0.26467241395874536,0.29113965535461994
361.0,0.9026260028478539,1.8052520056957078,0.46142412455408693,0.9228482491081739,0.2642498557668195,0.29067484134350147
361.5,0.9025052331633581,1.8050104663267161,0.4609745654688849,0.9219491309377698,0.26382821142378077,0.2902110325661589
362.0,0.9023844997043333,1.8047689994086666,0.46052559043078073,0.9210511808615615,0.26340747895328664,0.28974822684861534
362.5,0.9022638024599139,1.8045276049198278,0.4600771986810066,0.9201543973620132,0.2629876563832684,0.2892864220215952
363.0,0.902143141419237,1.804286282838474,0.4596293894617803,0.9192587789235606,0.2625687417459224,0.28882561592051464
363.5,0.9020225165714431,1.8040450331428861,0.459182162016304,0.918364324032608,0.26215073307770087,0.288365806385471
364.0,0.9019019279056759,1.8038038558113518,0.4587355155887634,0.9174710311775268,0.26173362841930237,0.28790699126123265
364.5,0.9017813754110826,1.8035627508221652,0.45828944942432587,0.9165788988486517,0.2613174258156626,0.2874491683972289
365.0,0.9016608590768133,1.8033217181536265,0.4578439627691395,0.915687925538279,0.2609021233159456,0.2869923356475402
365.5,0.9015403788920215,1.803080757784043,0.4573990548703318,0.9147981097406636,0.2604877189735344,0.28653649087088784
366.0,0.9014199348458642,1.8028398696917285,0.4569547249760081,0.9139094499520162,0.2600742108460219,0.2860816319306241
366.5,0.9012995269275013,1.8025990538550025,0.4565109723352509,0.9130219446705018,0.2596615969952016,0.2856277566947218
367.0,0.9011791551260959,1.8023583102521918,0.4560677961981182,0.9121355923962364,0.2592498754870588,0.2851748630357647
367.5,0.9010588194308149,1.8021176388616298,0.4556251958156421,0.9112503916312842,0.2588390443917614,0.28472294883093757
368.0,0.900938519830828,1.801877039661656,0.4551831704398279,0.9103663408796558,0.25842910178365097,0.28427201196201607
368.5,0.900818256315308,1.801636512630616,0.45474171932365276,0.9094834386473055,0.25802004574123344,0.2838220503153568
369.0,0.9006980288734314,1.8013960577468628,0.45430084172106394,0.9086016834421279,0.25761187434717026,0.2833730617818873
369.5,0.9005778374943777,1.8011556749887554,0.4538605368869783,0.9077210737739566,0.25720458568826976,0.28292504425709675
370.0,0.9004576821673296,1.8009153643346592,0.4534208040772805,0.906841608154561,0.25679817785547737,0.28247799564102516
370.5,0.9003375628814732,1.8006751257629463,0.45298164254882217,0.9059632850976443,0.2563926489438675,0.28203191383825427
371.0,0.9002174796259976,1.8004349592519953,0.45254305155942004,0.9050861031188401,0.25598799705263414,0.2815867967578976
371.5,0.9000974323900957,1.8001948647801913,0.4521050303678553,0.9042100607357106,0.2555842202850821,0.2811426423135903
372.0,0.8999774211629628,1.7999548423259255,0.451667578233872,0.903335156467744,0.2551813167486181,0.28069944842347994
372.5,0.899857445933798,1.799714891867596,0.451230694418176,0.902461388836352,0.25477928455474175,0.28025721301021594
373.0,0.8997375066918037,1.7994750133836075,0.45079437818243345,0.9015887563648669,0.25437812181903713,0.27981593400094085
373.5,0.8996176034261854,1.7992352068523707,0.4503586287892699,0.9007172575785398,0.2539778266611634,0.2793756093272798
374.0,0.8994977361261515,1.798995472252303,0.4499234455022687,0.8998468910045374,0.25357839720484643,0.2789362369253311
374.5,0.8993779047809142,1.7987558095618283,0.44948882758597003,0.8989776551719401,0.2531798315778697,0.2784978147356567
375.0,0.8992581093796885,1.798516218759377,0.44905477430586954,0.8981095486117391,0.2527821279120657,0.27806034070327235
375.5,0.899138349911693,1.798276699823386,0.44862128492841696,0.8972425698568339,0.2523852843433072,0.2776238127776379
376.0,0.8990186263661493,1.7980372527322985,0.4481883587210153,0.8963767174420306,0.2519892990114983,0.27718822891264816
376.5,0.8988989387322821,1.7977978774645642,0.447755994952019,0.895511989904038,0.251594170060566,0.2767535870666226
377.0,0.8987792869993199,1.7975585739986397,0.4473241928907334,0.8946483857814668,0.25119989563845113,0.2763198852022963
377.5,0.8986596711564936,1.7973193423129872,0.4468929518074127,0.8937859036148253,0.25080647389710026,0.2758871212868103
378.0,0.8985400911930379,1.7970801823860758,0.44646227097325947,0.8929245419465189,0.25041390299245636,0.27545529329170204
378.5,0.8984205470981909,1.7968410941963817,0.446032149660423,0.892064299320846,0.25002218108445046,0.2750243991928955
379.0,0.8983010388611933,1.7966020777223866,0.44560258714199813,0.8912051742839963,0.24963130633699326,0.27459443697069263
379.5,0.8981815664712894,1.7963631329425789,0.4451735826920242,0.8903471653840483,0.24924127691796605,0.2741654046097627
380.0,0.8980621299177269,1.7961242598354539,0.4447451355854834,0.8894902711709668,0.24885209099921252,0.2737373000991338
380.5,0.8979427291897563,1.7958854583795125,0.44431724509830023,0.8886344901966005,0.24846374675653,0.27331012143218303
381.0,0.8978233642766316,1.7956467285532631,0.4438899105073395,0.887779821014679,0.24807624236966086,0.27288386660662695
381.5,0.8977040351676099,1.7954080703352198,0.4434631310904057,0.8869262621808114,0.24768957602228428,0.2724585336245127
382.0,0.8975847418519516,1.7951694837039032,0.4430369061262416,0.8860738122524832,0.24730374590200727,0.272034120492208
382.5,0.8974654843189205,1.794930968637841,0.44261123489452675,0.8852224697890535,0.24691875020035656,0.27161062522039225
383.0,0.897346262557783,1.794692525115566,0.4421861166758768,0.8843722333517536,0.24653458711277002,0.27118804582404704
383.5,0.8972270765578096,1.7944541531156193,0.4417615507518418,0.8835231015036836,0.24615125483858805,0.2707663803224469
384.0,0.8971079263082733,1.7942158526165466,0.4413375364049053,0.8826750728098106,0.24576875158104536,0.2703456267391499
384.5,0.8969888117984507,1.7939776235969014,0.4409140729184829,0.8818281458369658,0.24538707554726238,0.26992578310198867
385.0,0.8968697330176214,1.7937394660352428,0.44049115957692114,0.8809823191538423,0.245006224948237,0.26950684744306075
385.5,0.8967506899550683,1.7935013799101367,0.44006879566549645,0.8801375913309929,0.24462619799883611,0.26908881779871974
386.0,0.8966316826000775,1.793263365200155,0.4396469804704138,0.8792939609408276,0.24424699291778715,0.2686716922095659
386.5,0.8965127109419386,1.7930254218838773,0.4392257132788053,0.8784514265576105,0.2438686079276699,0.26825546872043693
387.0,0.8963937749699438,1.7927875499398875,0.4388049933787293,0.8776099867574586,0.24349104125490809,0.2678401453803989
387.5,0.8962748746733891,1.7925497493467781,0.43838482005916907,0.8767696401183381,0.24311429112976107,0.2674257202427372
388.0,0.8961560100415733,1.7923120200831466,0.43796519261003153,0.8759303852200631,0.24273835578631553,0.2670121913649471
388.5,0.8960371810637987,1.7920743621275974,0.43754611032214646,0.8750922206442929,0.24236323346247726,0.266599556808725
389.0,0.8959183877293706,1.7918367754587412,0.4371275724872644,0.8742551449745288,0.24198892239996284,0.26618781463995916
389.5,0.8957996300275979,1.7915992600551958,0.4367095783980564,0.8734191567961128,0.24161542084429138,0.26577696292872055
390.0,0.8956809079477919,1.7913618158955837,0.43629212734811246,0.8725842546962249,0.24124272704477645,0.2653669997492541
390.5,0.895562221479268,1.791124442958536,0.43587521863194,0.87175043726388,0.2408708392545176,0.2649579231799694
391.0,0.8954435706113444,1.7908871412226888,0.4354588515449634,0.8709177030899268,0.24049975573039242,0.2645497313034317
391.5,0.8953249553333422,1.7906499106666844,0.4350430253835221,0.8700860507670442,0.24012947473304827,0.26414242220635314
392.0,0.8952063756345864,1.7904127512691728,0.4346277394448697,0.8692554788897394,0.23975999452689412,0.2637359939795835
392.5,0.8950878315044046,1.7901756630088093,0.434212993027173,0.868425986054346,0.23939131338009242,0.2633304447181017
393.0,0.8949693229321279,1.7899386458642559,0.43379878542951045,0.8675975708590209,0.23902342956455097,0.2629257725210061
393.5,0.8948508499070906,1.7897016998141813,0.43338511595187096,0.8667702319037419,0.23865634135591499,0.2625219754915065
394.0,0.89473241241863,1.78946482483726,0.4329719838951532,0.8659439677903064,0.23829004703355872,0.26211905173691463
394.5,0.8946140104560869,1.7892280209121738,0.4325593885611637,0.8651187771223274,0.23792454488057757,0.26171699936863535
395.0,0.8944956440088049,1.7889912880176098,0.43214732925261645,0.8642946585052329,0.23755983318378004,0.26131581650215807
395.5,0.8943773130661311,1.7887546261322622,0.43173580527313105,0.8634716105462621,0.2371959102336797,0.2609155012570477
396.0,0.8942590176174158,1.7885180352348315,0.43132481592723176,0.8626496318544635,0.2368327743244871,0.2605160517569358
396.5,0.8941407576520124,1.7882815153040248,0.4309143605203466,0.8618287210406932,0.23647042375410193,0.26011746612951214
397.0,0.8940225331592773,1.7880450663185545,0.4305044383588059,0.8610088767176118,0.23610885682410476,0.25971974250651525
397.5,0.8939043441285706,1.7878086882571411,0.430095048749841,0.860190097499682,0.23574807183974947,0.2593228790237244
398.0,0.893786190549255,1.78757238109851,0.42968619100158334,0.8593723820031667,0.23538806710995502,0.25892687382095053
398.5,0.8936680724106969,1.7873361448213938,0.4292778644230633,0.8585557288461266,0.2350288409472975,0.25853172504202726
399.0,0.8935499897022656,1.7870999794045312,0.4288700683242089,0.8577401366484178,0.2346703916680025,0.2581374308348028
399.5,0.8934319424133337,1.7868638848266674,0.42846280201584447,0.8569256040316889,0.23431271759193684,0.2577439893511305
400.0,0.8933139305332767,1.7866278610665534,0.4280560648096901,0.8561121296193802,0.23395581704260104,0.2573513987468612
400.5,0.8931959540514738,1.7863919081029476,0.42764985601835953,0.8552997120367191,0.23359968834712128,0.25695965718183345
401.0,0.893078012957307,1.786156025914614,0.42724417495536,0.85448834991072,0.23324432983624152,0.2565687628198657
401.5,0.8929601072401617,1.7859202144803235,0.4268390209350905,0.853678041870181,0.23288973984431588,0.25617871382874746
402.0,0.8928422368894263,1.7856844737788526,0.4264343932728404,0.8528687865456808,0.23253591670930066,0.25578950838023073
402.5,0.8927244018944924,1.7854488037889849,0.426030291284789,0.852060582569578,0.2321828587727465,0.2554011446500212
403.0,0.8926066022447552,1.7852132044895104,0.42562671428800375,0.8512534285760075,0.2318305643797908,0.2550136208177699
403.5,0.8924888379296122,1.7849776758592244,0.42522366160043945,0.8504473232008789,0.23147903187914984,0.25462693506706485
404.0,0.8923711089384649,1.7847422178769299,0.4248211325409371,0.8496422650818742,0.23112825962311098,0.2542410855854221
404.5,0.8922534152607178,1.7845068305214355,0.42441912642922236,0.8488382528584447,0.2307782459675252,0.2538560705642777
405.0,0.8921357568857782,1.7842715137715564,0.4240176425859048,0.8480352851718096,0.23042898927179895,0.25347188819897887
405.5,0.8920181338030571,1.7840362676061141,0.42361668033247674,0.8472333606649535,0.23008048789888705,0.2530885366887758
406.0,0.8919005460019682,1.7838010920039364,0.4232162389913118,0.8464324779826236,0.22973274021528442,0.2527060142368129
406.5,0.8917829934719288,1.7835659869438576,0.4228163178856639,0.8456326357713277,0.2293857445910188,0.2523243190501207
407.0,0.891665476202359,1.783330952404718,0.42241691633966655,0.8448338326793331,0.22903949939964302,0.25194344933960733
407.5,0.8915479941826824,1.7830959883653648,0.4220180336783308,0.8440360673566616,0.22869400301822726,0.25156340332005
408.0,0.8914305474023254,1.7828610948046508,0.42161966922754496,0.8432393384550899,0.22834925382735166,0.25118417921008684
408.5,0.8913131358507181,1.7826262717014363,0.421221822314073,0.842443644628146,0.22800525021109858,0.2508057752322084
409.0,0.8911957595172932,1.7823915190345865,0.4208244922655536,0.8416489845311071,0.22766199055704497,0.2504281896127495
409.5,0.891078418391487,1.782156836782974,0.4204276784104988,0.8408553568209975,0.227319473256255,0.2500514205818805
410.0,0.8909611124627386,1.7819222249254771,0.42003138007829305,0.8400627601565861,0.22697769670327245,0.24967546637359972
410.5,0.8908438417204907,1.7816876834409814,0.4196355965991922,0.8392711931983844,0.22663665929611304,0.24930032522572437
411.0,0.8907266061541887,1.7814532123083775,0.41924032730432204,0.8384806546086441,0.2262963594362571,0.24892599537988283
411.5,0.8906094057532816,1.7812188115065632,0.41884557152567725,0.8376911430513545,0.22595679552864192,0.24855247508150613
412.0,0.8904922405072213,1.7809844810144426,0.4184513285961206,0.8369026571922412,0.22561796598165454,0.24817976257982002
412.5,0.8903751104054629,1.7807502208109258,0.4180575978493815,0.836115195698763,0.225279869207124,0.24780785612783643
413.0,0.8902580154374646,1.7805160308749293,0.41766437862005473,0.8353287572401095,0.22494250362031398,0.2474367539823454
413.5,0.890140955592688,1.780281911185376,0.41727167024359973,0.8345433404871995,0.22460586763991547,0.24706645440390704
414.0,0.8900239308605977,1.7800478617211954,0.4168794720563394,0.8337589441126788,0.2242699596880393,0.24669695565684327
414.5,0.8899069412306615,1.779813882461323,0.41648778339545856,0.8329755667909171,0.22393477819020868,0.24632825600922958
415.0,0.8897899866923502,1.7795799733847004,0.4160966035990033,0.8321932071980066,0.2236003215753519,0.2459603537328871
415.5,0.889673067235138,1.779346134470276,0.41570593200587974,0.8314118640117595,0.22326658827579496,0.24559324710337446
416.0,0.8895561828485021,1.7791123656970043,0.4153157679558527,0.8306315359117054,0.22293357672725417,0.2452269343999796
416.5,0.8894393335219228,1.7788786670438457,0.4149261107895449,0.8298522215790898,0.22260128536882884,0.24486141390571176
417.0,0.8893225192448839,1.7786450384897678,0.41453695984843564,0.8290739196968713,0.22226971264299403,0.24449668390729346
417.5,0.889205740006872,1.778411480013744,0.41414831447485967,0.8282966289497193,0.22193885699559313,0.24413274269515245
418.0,0.889088995797377,1.778177991594754,0.4137601740120064,0.8275203480240128,0.22160871687583072,0.24376958856341382
418.5,0.8889722866058918,1.7779445732117836,0.41337253780391814,0.8267450756078363,0.22127929073626515,0.2434072198098917
419.0,0.8888556124219127,1.7777112248438254,0.41298540519548965,0.8259708103909793,0.2209505770328014,0.24304563473608157
419.5,0.8887389732349389,1.7774779464698778,0.4125987755324669,0.8251975510649338,0.22062257422468376,0.24268483164715215
420.0,0.888622369034473,1.777244738068946,0.4122126481614454,0.8244252963228909,0.22029528077448862,0.2423248088519375
420.5,0.8885057998100208,1.7770115996200415,0.41182702242987,0.82365404485974,0.21996869514811743,0.24196556466292918
421.0,0.8883892655510905,1.776778531102181,0.41144189768603306,0.8228837953720661,0.21964281581478923,0.24160709739626818
421.5,0.8882727662471945,1.776545532494389,0.41105727327907365,0.8221145465581473,0.21931764124703362,0.241249405371737
422.0,0.8881563018878478,1.7763126037756956,0.41067314855897646,0.8213462971179529,0.21899316992068374,0.24089248691275214
422.5,0.8880398724625684,1.7760797449251369,0.4102895228765707,0.8205790457531414,0.21866940031486884,0.24053634034635574
423.0,0.8879234779608778,1.7758469559217556,0.4099063955835287,0.8198127911670574,0.21834633091200734,0.2401809640032081
423.5,0.8878071183723006,1.7756142367446013,0.40952376603236534,0.8190475320647307,0.2180239601977996,0.23982635621757958
424.0,0.8876907936863642,1.7753815873727283,0.4091416335764367,0.8182832671528734,0.21770228666122107,0.2394725153273432
424.5,0.8875745038925995,1.775149007785199,0.4087599975699385,0.817519995139877,0.21738130879451487,0.23911943967396637
425.0,0.8874582489805405,1.774916497961081,0.4083788573679062,0.8167577147358124,0.2170610250931849,0.2387671276025034
425.5,0.887342028939724,1.774684057879448,0.40799821232621253,0.8159964246524251,0.2167414340559888,0.2384155774615877
426.0,0.8872258437596905,1.774451687519381,0.4076180618015673,0.8152361236031346,0.21642253418493096,0.23806478760342406
426.5,0.8871096934299832,1.7742193868599665,0.4072384051515162,0.8144768103030324,0.2161043239852553,0.23771475638378087
427.0,0.8869935779401485,1.773987155880297,0.40685924173443916,0.8137184834688783,0.21578680196543842,0.23736548216198228
427.5,0.8868774972797362,1.7737549945594724,0.40648057090955,0.8129611418191,0.21546996663718262,0.2370169633009009
428.0,0.8867614514382989,1.7735229028765978,0.406102392036895,0.81220478407379,0.21515381651540882,0.23666919816694973
428.5,0.8866454404053924,1.7732908808107848,0.4057247044773517,0.8114494089547034,0.21483835011824973,0.23632218513007472
429.0,0.8865294641705759,1.7730589283411518,0.4053475075926281,0.8106950151852562,0.21452356596704275,0.23597592256374705
429.5,0.8864135227234113,1.7728270454468227,0.40497080074526143,0.8099416014905229,0.21420946258632312,0.23563040884495545
430.0,0.886297616053464,1.772595232106928,0.4045945832986168,0.8091891665972336,0.21389603850381714,0.23528564235419888
430.5,0.8861817441503025,1.772363488300605,0.4042188546168869,0.8084377092337738,0.213583292250435,0.2349416214754785
431.0,0.8860659070034982,1.7721318140069964,0.40384361406509,0.80768722813018,0.21327122236026405,0.23459834459629048
431.5,0.8859501046026258,1.7719002092052516,0.4034688610090695,0.806937722018139,0.21295982737056196,0.23425581010761817
432.0,0.8858343369372631,1.7716686738745262,0.40309459481549265,0.8061891896309853,0.21264910582174976,0.23391401640392476
432.5,0.8857186039969909,1.7714372079939817,0.4027208148518496,0.8054416297036991,0.21233905625740507,0.23357296188314558
433.0,0.8856029057713934,1.771205811542787,0.402347520486452,0.804695040972904,0.21202967722425525,0.2332326449466808
433.5,0.8854872422500577,1.7709744845001154,0.4019747110884323,0.8039494221768646,0.21172096727217057,0.23289306399938764
434.0,0.885371613422574,1.770743226845148,0.40160238602774256,0.8032047720554851,0.21141292495415756,0.23255421744957333
434.5,0.8852560192785358,1.7705120385570716,0.4012305446751533,0.8024610893503066,0.2111055488263519,0.23221610370898713
435.0,0.8851404598075396,1.7702809196150793,0.40085918640225265,0.8017183728045053,0.210798837448012,0.23187872119281322
435.5,0.885024934999185,1.77004986999837,0.4004883105814449,0.8009766211628898,0.21049278938151206,0.23154206831966329
436.0,0.8849094448430748,1.7698188896861495,0.4001179165859499,0.8002358331718998,0.21018740319233534,0.2312061435115689
436.5,0.884793989328815,1.76958797865763,0.39974800378980174,0.7994960075796035,0.20988267744906752,0.2308709451939743
437.0,0.8846785684460143,1.7693571368920287,0.3993785715678476,0.7987571431356952,0.20957861072338993,0.23053647179572895
437.5,0.8845631821842852,1.7691263643685704,0.399009619295747,0.798019238591494,0.20927520159007282,0.23020272174908013
438.0,0.8844478305332428,1.7688956610664857,0.39864114634997067,0.7972822926999413,0.2089724486269688,0.22986969348966568
438.5,0.8843325134825053,1.7686650269650106,0.3982731521077989,0.7965463042155978,0.20867035041500606,0.22953738545650668
439.0,0.8842172310216942,1.7684344620433885,0.3979056359473216,0.7958112718946432,0.20836890553818171,0.2292057960919999
439.5,0.8841019831404343,1.7682039662808686,0.39753859724743634,0.7950771944948727,0.20806811258355526,0.2288749238419108
440.0,0.883986769828353,1.767973539656706,0.3971720353878475,0.794344070775695,0.20776797014124193,0.22854476715536615
440.5,0.8838715910750814,1.7677431821501628,0.3968059497490656,0.7936118994981312,0.207468476804406,0.2282153244848466
441.0,0.8837564468702532,1.7675128937405065,0.3964403397124057,0.7928806794248114,0.20716963116925421,0.22788659428617966
441.5,0.8836413372035055,1.767282674407011,0.3960752046599868,0.7921504093199736,0.20687143183502935,0.2275585750185323
442.0,0.8835262620644784,1.7670525241289567,0.39571054397473066,0.7914210879494613,0.20657387740400346,0.2272312651444038
442.5,0.883411221442815,1.76682244288563,0.3953463570403605,0.790692714080721,0.20627696648147145,0.22690466312961863
443.0,0.8832962153281619,1.7665924306563239,0.3949826432414003,0.7899652864828006,0.20598069767574448,0.22657876744331895
443.5,0.8831812437101685,1.766362487420337,0.39461940196317385,0.7892388039263477,0.20568506959814342,0.22625357655795778
444.0,0.8830663065784872,1.7661326131569743,0.39425663259180316,0.7885132651836063,0.20539008086299246,0.22592908894929173
444.5,0.8829514039227737,1.7659028078455474,0.3938943345142079,0.7877886690284158,0.20509573008761245,0.22560530309637372
445.0,0.8828365357326869,1.7656730714653739,0.3935325071181043,0.7870650142362086,0.20480201589231456,0.22528221748154603
445.5,0.8827217019978886,1.7654434039957771,0.39317114979200385,0.7863422995840077,0.20450893690039368,0.22495983059043306
446.0,0.8826069027080438,1.7652138054160875,0.3928102619252126,0.7856205238504252,0.20421649173812217,0.2246381409119344
446.5,0.8824921378528203,1.7649842757056406,0.39244984290783025,0.7848996858156605,0.20392467903474318,0.22431714693821753
447.0,0.8823774074218896,1.7647548148437793,0.3920898921307482,0.7841797842614964,0.2036334974224644,0.22399684716471085
447.5,0.8822627114049258,1.7645254228098517,0.3917304089856497,0.7834608179712994,0.20334294553645155,0.2236772400900967
448.0,0.8821480497916063,1.7642960995832127,0.39137139286500827,0.7827427857300165,0.203053022014822,0.22335832421630422
448.5,0.8820334225716115,1.764066845143223,0.39101284316208634,0.7820256863241727,0.2027637254986385,0.22304009804850236
449.0,0.881918829734625,1.76383765946925,0.3906547592709351,0.7813095185418703,0.20247505463190263,0.22272256009509292
449.5,0.8818042712703335,1.763608542540667,0.3902971405863924,0.7805942811727848,0.20218700806154852,0.2224057088677034
450.0,0.8816897471684266,1.7633794943368533,0.38993998650408285,0.7798799730081657,0.20189958443743664,0.22208954288118032
450.5,0.8815752574185972,1.7631505148371944,0.3895832964204158,0.7791665928408316,0.20161278241234723,0.22177406065358196
451.0,0.8814608020105412,1.7629216040210824,0.3892270697325849,0.7784541394651698,0.20132660064197408,0.2214592607061715
451.5,0.8813463809339577,1.7626927618679153,0.38887130583856705,0.7777426116771341,0.20104103778491844,0.2211451415634103
452.0,0.8812319941785487,1.7624639883570974,0.38851600413712123,0.7770320082742425,0.2007560925026823,0.22083170175295055
452.5,0.8811176417340195,1.762235283468039,0.38816116402778733,0.7763223280555747,0.20047176345966258,0.22051893980562887
453.0,0.8810033235900783,1.7620066471801565,0.38780678491088555,0.7756135698217711,0.20018804932314452,0.220206854255459
453.5,0.8808890397364364,1.7617780794728728,0.3874528661875152,0.7749057323750304,0.1999049487632956,0.21989544363962518
454.0,0.8807747901628085,1.761549580325617,0.3870994072595534,0.7741988145191068,0.19962246045315932,0.21958470649847528
454.5,0.8806605748589118,1.7613211497178236,0.38674640752965445,0.7734928150593089,0.19934058306864882,0.21927464137551372
455.0,0.8805463938144671,1.7610927876289342,0.386393866401249,0.772787732802498,0.19905931528854093,0.21896524681739504
455.5,0.8804322470191982,1.7608644940383964,0.38604178327854216,0.7720835665570843,0.19877865579446977,0.21865652137391675
456.0,0.8803181344628317,1.7606362689256634,0.3856901575665135,0.771380315133027,0.19849860327092056,0.21834846359801263
456.5,0.8802040561350977,1.7604081122701953,0.3853389886709154,0.7706779773418309,0.19821915640522367,0.21804107204574605
457.0,0.8800900120257289,1.7601800240514578,0.3849882759982725,0.769976551996545,0.1979403138875482,0.21773434527630306
457.5,0.8799760021244614,1.7599520042489227,0.3846380189558802,0.7692760379117604,0.19766207441089603,0.21742828185198565
458.0,0.8798620264210344,1.7597240528420688,0.38428821695180393,0.7685764339036079,0.19738443667109565,0.21712288033820523
458.5,0.87974808490519,1.75949616981038,0.3839388693948783,0.7678777387897566,0.19710739936679597,0.2168181393034756
459.0,0.8796341775666736,1.7592683551333472,0.383589975694706,0.767179951389412,0.1968309611994603,0.21651405731940634
459.5,0.8795203043952333,1.7590406087904666,0.3832415352616564,0.7664830705233128,0.19655512087336027,0.21621063296069631
460.0,0.8794064653806207,1.7588129307612415,0.3828935475068651,0.7657870950137302,0.1962798770955697,0.2159078648051267
460.5,0.8792926605125903,1.7585853210251805,0.38254601184223286,0.7650920236844657,0.19600522857595856,0.21560575143355443
461.0,0.8791788897808995,1.758357779561799,0.38219892768042407,0.7643978553608481,0.19573117402718693,0.21530429142990565
461.5,0.8790651531753091,1.7581303063506182,0.3818522944348667,0.7637045888697334,0.19545771216469895,0.21500348338116887
462.0,0.8789514506855827,1.7579029013711653,0.3815061115197503,0.7630122230395006,0.19518484170671696,0.21470332587738866
462.5,0.8788377823014872,1.7576755646029745,0.38116037835002564,0.7623207567000513,0.19491256137423504,0.21440381751165857
463.0,0.8787241480127923,1.7574482960255846,0.3808150943414037,0.7616301886828074,0.1946408698910137,0.21410495688011508
463.5,0.878610547809271,1.757221095618542,0.3804702589103544,0.7609405178207088,0.19436976598357317,0.2138067425819305
464.0,0.8784969816806993,1.7569939633613987,0.3801258714741057,0.7602517429482114,0.19409924838118803,0.21350917321930685
464.5,0.8783834496168561,1.7567668992337122,0.37978193145064293,0.7595638629012859,0.19382931581588092,0.21321224739746902
465.0,0.8782699516075236,1.7565399032150473,0.3794384382587071,0.7588768765174142,0.19355996702241662,0.2129159637246583
465.5,0.8781564876424872,1.7563129752849744,0.3790953913177948,0.7581907826355896,0.19329120073829636,0.212620320812126
466.0,0.8780430577115348,1.7560861154230696,0.37875279004815665,0.7575055800963133,0.19302301570375144,0.2123253172741266
466.5,0.8779296618044579,1.7558593236089157,0.3784106338707963,0.7568212677415926,0.19275541066173793,0.21203095172791175
467.0,0.8778162999110508,1.7556325998221016,0.3780689222074698,0.7561378444149396,0.19248838435793014,0.21173722279372317
467.5,0.8777029720211109,1.7554059440422218,0.3777276544806844,0.7554553089613688,0.19222193554071526,0.2114441290947868
468.0,0.8775896781244388,1.7551793562488776,0.37738683011369745,0.7547736602273949,0.1919560629611874,0.21115166925730613
468.5,0.8774764182108379,1.7549528364216758,0.3770464485305158,0.7540928970610316,0.19169076537314123,0.21085984191045537
469.0,0.8773631922701149,1.7547263845402299,0.37670650915589443,0.7534130183117889,0.19142604153306697,0.21056864568637368
469.5,0.8772500002920796,1.7545000005841591,0.37636701141533574,0.7527340228306715,0.1911618902001438,0.21027807922015818
470.0,0.8771368422665444,1.7542736845330889,0.3760279547350884,0.7520559094701768,0.1908983101362346,0.20998814114985806
470.5,0.8770237181833254,1.7540474363666507,0.3756893385421467,0.7513786770842934,0.19063530010587976,0.20969883011646775
471.0,0.8769106280322413,1.7538212560644826,0.375351162264249,0.750702324528498,0.19037285887629166,0.20941014476392084
471.5,0.8767975718031139,1.7535951436062278,0.37501342532987747,0.7500268506597549,0.19011098521734865,0.20912208373908353
472.0,0.8766845494857682,1.7533690989715365,0.3746761271682565,0.749352254336513,0.18984967790158958,0.20883464569174856
472.5,0.8765715610700322,1.7531431221400644,0.3743392672093521,0.7486785344187042,0.18958893570420776,0.20854782927462856
473.0,0.876458606545737,1.752917213091474,0.37400284488387103,0.7480056897677421,0.18932875740304528,0.20826163314334983
473.5,0.8763456859027168,1.7526913718054336,0.3736668596232593,0.7473337192465186,0.1890691417785876,0.2079760559564464
474.0,0.8762327991308083,1.7524655982616166,0.37333131085970184,0.7466626217194037,0.18881008761395723,0.20769109637535296
474.5,0.8761199462198521,1.7522398924397042,0.37299619802612116,0.7459923960522423,0.1885515936949087,0.2074067530643996
475.0,0.8760071271596913,1.7520142543193826,0.37266152055617635,0.7453230411123527,0.18829365880982218,0.20712302469080443
475.5,0.8758943419401722,1.7517886838803445,0.37232727788426256,0.7446545557685251,0.18803628174969853,0.20683990992466839
476.0,0.8757815905511441,1.7515631811022883,0.3719934694455096,0.7439869388910192,0.18777946130815298,0.2065574074389683
476.5,0.8756688729824595,1.751337745964919,0.37166009467578104,0.7433201893515621,0.1875231962814099,0.2062755159095509
477.0,0.8755561892239736,1.7511123784479472,0.37132715301167346,0.7426543060233469,0.18726748546829708,0.20599423401512681
477.5,0.8754435392655451,1.7508870785310902,0.37099464389051545,0.7419892877810309,0.18701232767023973,0.20571356043726371
478.0,0.8753309230970354,1.7506618461940708,0.37066256675036635,0.7413251335007327,0.18675772169125554,0.20543349386038112
478.5,0.875218340708309,1.750436681416618,0.37033092103001586,0.7406618420600317,0.18650366633794846,0.2051540329717433
479.0,0.8751057920892333,1.7502115841784667,0.3699997061689826,0.7399994123379652,0.18625016041950349,0.20487517646145384
479.5,0.8749932772296793,1.7499865544593587,0.3696689216075134,0.7393378432150268,0.18599720274768075,0.20459692302244883
480.0,0.8748807961195206,1.7497615922390413,0.3693385667865822,0.7386771335731644,0.1857447921368104,0.20431927135049144
480.5,0.8747683487486337,1.7495366974972675,0.3690086411478893,0.7380172822957786,0.1854929274037866,0.20404222014416526
481.0,0.8746559351068985,1.749311870213797,0.3686791441338603,0.7373582882677207,0.18524160736806217,0.2037657681048684
481.5,0.8745435551841978,1.7490871103683956,0.3683500751876453,0.7367001503752906,0.1849908308516432,0.20348991393680754
482.0,0.8744312089704172,1.7488624179408343,0.3680214337531174,0.7360428675062348,0.18474059667908316,0.20321465634699148
482.5,0.8743188964554456,1.7486377929108912,0.36769321927487275,0.7353864385497455,0.18449090367747778,0.20293999404522559
483.0,0.874206617629175,1.74841323525835,0.36736543119822873,0.7347308623964575,0.1842417506764593,0.20266592574410522
483.5,0.8740943724815002,1.7481887449630005,0.36703806896922336,0.7340761379384467,0.18399313650819116,0.20239245015901028
484.0,0.8739821610023193,1.7479643220046386,0.3667111320346145,0.733422264069229,0.18374506000736224,0.20211956600809847
484.5,0.8738699831815331,1.7477399663630662,0.36638461984187864,0.7327692396837573,0.18349752001118175,0.20184727201229993
485.0,0.8737578390090455,1.747515678018091,0.36605853183920994,0.7321170636784199,0.1832505153593737,0.2015755668953111
485.5,0.8736457284747637,1.7472914569495275,0.3657328674755197,0.7314657349510394,0.18300404489417108,0.20130444938358819
486.0,0.8735336515685979,1.7470673031371957,0.3654076262004352,0.7308152524008704,0.18275810746031104,0.20103391820634217
486.5,0.8734216082804608,1.7468432165609216,0.36508280746429844,0.7301656149285969,0.18251270190502894,0.20076397209553185
487.0,0.8733095986002688,1.7466191972005376,0.3647584107181657,0.7295168214363315,0.1822678270780534,0.20049460978585876
487.5,0.8731976225179409,1.7463952450358817,0.3644344354138065,0.728868870827613,0.18202348183160044,0.2002258300147605
488.0,0.8730856800233993,1.7461713600467985,0.3641108810037023,0.7282217620074046,0.18177966502036852,0.1999576315224054
488.5,0.872973771106569,1.745947542213138,0.36378774694104626,0.7275754938820925,0.18153637550153295,0.19969001305168627
489.0,0.8728618957573786,1.7457237915147572,0.36346503267974173,0.7269300653594835,0.18129361213474054,0.19942297334821463
489.5,0.8727500539657589,1.7455001079315178,0.36314273767440136,0.7262854753488027,0.1810513737821044,0.19915651116031485
490.0,0.8726382457216444,1.7452764914432888,0.36282086138034675,0.7256417227606935,0.18080965930819828,0.19889062523901813
490.5,0.872526471014972,1.745052942029944,0.36249940325360663,0.7249988065072133,0.18056846758005174,0.19862531433805694
491.0,0.8724147298356826,1.7448294596713652,0.36217836275091686,0.7243567255018337,0.1803277974671444,0.19836057721385886
491.5,0.8723030221737189,1.7446060443474378,0.361857739329719,0.723715478659438,0.18008764784140086,0.19809641262554095
492.0,0.8721913480190276,1.7443826960380553,0.3615375324481591,0.7230750648963182,0.17984801757718527,0.19783281933490382
492.5,0.8720797073615578,1.7441594147231156,0.36121774156508774,0.7224354831301755,0.17960890555129633,0.19756979610642597
493.0,0.871968100191262,1.743936200382524,0.3608983661400581,0.7217967322801162,0.17937031064296172,0.19730734170725792
493.5,0.8718565264980953,1.7437130529961906,0.3605794056333257,0.7211588112666514,0.17913223173383294,0.19704545490721626
494.0,0.8717449862720164,1.7434899725440327,0.3602608595058471,0.7205217190116942,0.17889466770798018,0.1967841344787782
494.5,0.8716334795029865,1.743266959005973,0.35994272721927945,0.7198854544385589,0.17865761745188696,0.1965233791970757
495.0,0.8715220061809699,1.7430440123619397,0.35962500823597887,0.7192500164719577,0.17842107985444494,0.19626318783988944
495.5,0.8714105662959342,1.7428211325918683,0.35930770201900053,0.7186154040380011,0.1781850538069487,0.1960035591876436
496.0,0.8712991598378497,1.7425983196756993,0.3589908080320965,0.717981616064193,0.1779495382030907,0.19574449202339977
496.5,0.8711877867966897,1.7423755735933795,0.358674325739716,0.717348651479432,0.1777145319389559,0.1954859851328515
497.0,0.871076447162431,1.742152894324862,0.3583582546070041,0.7167165092140082,0.17748003391301653,0.1952280373043182
497.5,0.8709651409250526,1.7419302818501052,0.3580425940998001,0.7160851881996002,0.17724604302612726,0.19497064732874
498.0,0.8708538680745372,1.7417077361490745,0.357727343684638,0.715454687369276,0.17701255818151962,0.1947138139996716
498.5,0.8707426286008703,1.7414852572017405,0.3574125028287444,0.7148250056574889,0.1767795782847973,0.19445753611327704
499.0,0.87063142249404,1.74126284498808,0.3570980710000382,0.7141961420000764,0.17654710224393053,0.1942018124683236
499.5,0.8705202497440381,1.7410404994880762,0.35678404766712946,0.7135680953342589,0.1763151289692515,0.19394664186617666
500.0,0.8704091103408589,1.7408182206817178,0.3564704322993188,0.7129408645986376,0.1760836573734488,0.1936920231107937
500.5,0.8702980042744999,1.7405960085489998,0.3561572243665961,0.7123144487331922,0.17585268637156254,0.1934379550087188
501.0,0.8701869315349615,1.740373863069923,0.3558444233396398,0.7116888466792796,0.17562221488097934,0.19318443636907728
501.5,0.8700758921122473,1.7401517842244947,0.35553202868981626,0.7110640573796325,0.17539224182142693,0.19293146600356964
502.0,0.8699648859963636,1.7399297719927271,0.3552200398891783,0.7104400797783565,0.17516276611496948,0.19267904272646644
502.5,0.8698539131773197,1.7397078263546395,0.35490845641046487,0.7098169128209297,0.17493378668600224,0.19242716535460247
503.0,0.8697429736451284,1.7394859472902569,0.3545972777270998,0.7091945554541996,0.17470530246124677,0.19217583270737146
503.5,0.869632067389805,1.73926413477961,0.354286503313191,0.708573006626382,0.17447731236974562,0.1919250436067202
504.0,0.8695211944013679,1.7390423888027358,0.3539761326435297,0.7079522652870593,0.1742498153428575,0.19167479687714326
504.5,0.8694103546698385,1.738820709339677,0.3536661651935893,0.7073323303871786,0.17402281031425232,0.19142509134567756
505.0,0.8692995481852412,1.7385990963704825,0.35335660043952477,0.7067132008790495,0.17379629621990594,0.19117592584189655
505.5,0.8691887749376037,1.7383775498752074,0.3530474378581717,0.7060948757163434,0.17357027199809552,0.19092729919790508
506.0,0.869078034916956,1.738156069833912,0.35273867692704514,0.7054773538540903,0.17334473658939414,0.19067921024833356
506.5,0.8689673281133318,1.7379346562266635,0.35243031712433903,0.7048606342486781,0.1731196889366663,0.19043165783033295
507.0,0.8688566545167673,1.7377133090335346,0.3521223579289254,0.7042447158578508,0.17289512798506246,0.19018464078356873
507.5,0.868746014117302,1.737492028234604,0.3518147988203529,0.7036295976407058,0.17267105268201466,0.18993815795021615
508.0,0.8686354069049782,1.7372708138099564,0.3515076392788467,0.7030152785576934,0.172447461977231,0.1896922081749541
508.5,0.8685248328698413,1.7370496657396826,0.35120087878530715,0.7024017575706143,0.17222435482269116,0.18944679030496028
509.0,0.8684142920019395,1.736828584003879,0.3508945168213088,0.7017890336426176,0.17200173017264136,0.1892019031899055
509.5,0.8683037842913244,1.7366075685826488,0.35058855286909996,0.7011771057381999,0.17177958698358933,0.18895754568194828
510.0,0.8681933097280501,1.7363866194561002,0.3502829864116015,0.700565972823203,0.17155792421429955,0.18871371663572953
510.5,0.8680828683021738,1.7361657366043477,0.3499778169324059,0.6999556338648119,0.17133674082578834,0.1884704149083672
511.0,0.8679724600037559,1.7359449200075119,0.3496730439157768,0.6993460878315536,0.171116035781319,0.18822763935945092
511.5,0.8678620848228598,1.7357241696457195,0.34936866684664764,0.6987373336932953,0.1708958080463969,0.1879853888510366
512.0,0.8677517427495516,1.7355034854991032,0.3490646852106211,0.6981293704212422,0.17067605658876467,0.18774366224764116
512.5,0.8676414337739004,1.7352828675478007,0.3487610984939683,0.6975221969879366,0.1704567803783975,0.18750245841623728
513.0,0.8675311578859785,1.735062315771957,0.34845790618362743,0.6969158123672549,0.17023797838749788,0.18726177622624768
513.5,0.8674209150758609,1.7348418301517219,0.3481551077672035,0.696310215534407,0.17001964959049143,0.18702161454954058
514.0,0.8673107053336261,1.7346214106672522,0.34785270273296715,0.6957054054659343,0.1698017929640214,0.18678197226042356
514.5,0.8672005286493549,1.7344010572987099,0.34755069056985366,0.6951013811397073,0.16958440748694448,0.18654284823563894
515.0,0.8670903850131317,1.7341807700262635,0.3472490707674625,0.694498141534925,0.1693674921403255,0.18630424135435808
515.5,0.8669802744150433,1.7339605488300867,0.3469478428160562,0.6938956856321123,0.16915104590743318,0.1860661504981765
516.0,0.8668701968451799,1.7337403936903597,0.34664700620655925,0.6932940124131185,0.1689350677737348,0.1858285745511083
516.5,0.8667601522936343,1.7335203045872687,0.3463465604305579,0.6926931208611158,0.1687195567268919,0.1855915123995811
517.0,0.8666501407505028,1.7333002815010057,0.3460465049802987,0.6920930099605974,0.1685045117567554,0.18535496293243095
517.5,0.8665401622058841,1.7330803244117683,0.3457468393486878,0.6914936786973755,0.16828993185536062,0.1851189250408967
518.0,0.8664302166498805,1.732860433299761,0.34544756302929014,0.6908951260585803,0.16807581601692295,0.18488339761861527
518.5,0.8663203040725964,1.7326406081451928,0.3451486755163289,0.6902973510326578,0.16786216323783287,0.18464837956161617
519.0,0.86621042446414,1.73242084892828,0.34485017630468384,0.6897003526093677,0.16764897251665142,0.18441386976831659
519.5,0.866100577814622,1.732201155629244,0.34455206488989143,0.6891041297797829,0.1674362428541052,0.18417986713951573
520.0,0.8659907641141563,1.7319815282283126,0.3442543407681431,0.6885086815362862,0.16722397325308208,0.1839463705783903
520.5,0.8658809833528596,1.7317619667057191,0.3439570034362852,0.6879140068725704,0.16701216271862637,0.18371337899048903
521.0,0.8657712355208517,1.7315424710417033,0.3436600523918176,0.6873201047836353,0.16680081025793392,0.18348089128372733
521.5,0.8656615206082552,1.7313230412165104,0.3433634871328928,0.6867269742657856,0.1665899148803479,0.18324890636838273
522.0,0.8655518386051957,1.7311036772103914,0.3430673071583155,0.686134614316631,0.16637947559735383,0.18301742315708924
522.5,0.8654421895018021,1.7308843790036041,0.3427715119675415,0.685543023935083,0.166169491422575,0.1827864405648325
523.0,0.8653325732882058,1.7306651465764116,0.3424761010606769,0.6849522021213538,0.165959961371768,0.18255595750894482
523.5,0.8652229899545412,1.7304459799090823,0.3421810739384771,0.6843621478769542,0.16575088446281794,0.18232597290909974
524.0,0.865113439490946,1.730226878981892,0.3418864301023462,0.6837728602046924,0.16554225971573389,0.1820964856873073
524.5,0.8650039218875606,1.7300078437751212,0.3415921690543361,0.6831843381086722,0.1653340861526444,0.18186749476790884
525.0,0.8648944371345284,1.7297888742690568,0.34129829029714553,0.6825965805942911,0.16512636279779272,0.181638999077572
525.5,0.8647849852219958,1.7295699704439915,0.3410047933341195,0.682009586668239,0.16491908867753236,0.1814109975452856
526.0,0.8646755661401122,1.7293511322802244,0.3407116776692477,0.6814233553384954,0.16471226282032256,0.18118348910235482
526.5,0.8645661798790296,1.7291323597580592,0.3404189428071649,0.6808378856143298,0.16450588425672352,0.1809564726823959
527.0,0.8644568264289036,1.7289136528578073,0.3401265882531489,0.6802531765062978,0.1642999520193922,0.18072994722133146
527.5,0.8643475057798922,1.7286950115597843,0.3398346135131206,0.6796692270262412,0.1640944651430774,0.18050391165738516
528.0,0.8642382179221566,1.7284764358443132,0.3395430180936426,0.6790860361872852,0.1638894226646156,0.18027836493107716
528.5,0.8641289628458608,1.7282579256917217,0.33925180150191847,0.6785036030038369,0.16368482362292613,0.18005330598521876
529.0,0.8640197405411719,1.7280394810823438,0.33896096324579217,0.6779219264915843,0.1634806670590069,0.1798287337649076
529.5,0.8639105509982599,1.7278211019965197,0.338670502833747,0.677341005667494,0.16327695201592984,0.17960464721752284
530.0,0.8638013942072977,1.7276027884145955,0.33838041977490474,0.6767608395498095,0.1630736775388362,0.17938104529271984
530.5,0.8636922701584613,1.7273845403169226,0.3380907135790249,0.6761814271580499,0.16287084267493251,0.17915792694242577
531.0,0.8635831788419295,1.727166357683859,0.33780138375650415,0.6756027675130083,0.16266844647348572,0.1789352911208343
531.5,0.863474120247884,1.726948240495768,0.3375124298183748,0.6750248596367496,0.16246648798581897,0.1787131367844009
532.0,0.8633650943665094,1.7267301887330189,0.3372238512763047,0.6744477025526094,0.1622649662653069,0.1784914628918376
532.5,0.8632561011879937,1.7265122023759873,0.33693564764259615,0.6738712952851923,0.16206388036737157,0.17827026840410876
533.0,0.8631471407025273,1.7262942814050546,0.33664781843018476,0.6732956368603695,0.16186322934947778,0.17804955228442557
533.5,0.8630382129003038,1.7260764258006076,0.3363603631526393,0.6727207263052786,0.16166301227112867,0.17782931349824155
534.0,0.8629293177715198,1.7258586355430396,0.33607328132416003,0.6721465626483201,0.16146322819386144,0.1776095510132476
534.5,0.8628204553063745,1.725640910612749,0.3357865724595787,0.6715731449191574,0.16126387618124266,0.17739026379936695
535.0,0.8627116254950706,1.7254232509901413,0.3355002360743574,0.6710004721487148,0.16106495529886436,0.1771714508287508
535.5,0.8626028283278131,1.7252056566556262,0.3352142716845874,0.6704285433691748,0.16086646461433918,0.1769531110757731
536.0,0.8624940637948104,1.7249881275896208,0.33492867880698884,0.6698573576139777,0.16066840319729625,0.17673524351702588
536.5,0.8623853318862738,1.7247706637725475,0.3346434569589098,0.6692869139178196,0.16047077011937688,0.17651784713131458
537.0,0.8622766325924173,1.7245532651848345,0.3343586056583251,0.6687172113166502,0.16027356445422986,0.17630092089965285
537.5,0.8621679659034578,1.7243359318069156,0.3340741244238361,0.6681482488476722,0.16007678527750763,0.1760844638052584
538.0,0.8620593318096157,1.7241186636192314,0.3337900127746695,0.667580025549339,0.15988043166686144,0.17586847483354762
538.5,0.8619507303011136,1.7239014606022272,0.33350627023067647,0.6670125404613529,0.15968450270193751,0.1756529529721313
539.0,0.8618421613681775,1.723684322736355,0.33322289631233193,0.6664457926246639,0.1594889974643722,0.17543789721080943
539.5,0.8617336250010361,1.7234672500020722,0.33293989054073414,0.6658797810814683,0.15929391503778823,0.17522330654156706
540.0,0.8616251211899212,1.7232502423798424,0.3326572524376031,0.6653145048752062,0.15909925450778994,0.17500917995856896
540.5,0.8615166499250675,1.723033299850135,0.33237498152528033,0.6647499630505607,0.15890501496195927,0.17479551645815522
541.0,0.8614082111967125,1.722816422393425,0.3320930773267281,0.6641861546534562,0.1587111954898515,0.17458231503883664
541.5,0.8612998049950968,1.7225996099901937,0.331811539365528,0.663623078731056,0.1585177951829907,0.17436957470128978
542.0,0.8611914313104638,1.7223828626209277,0.331530367165881,0.663060734331762,0.1583248131348658,0.1741572944483524
542.5,0.8610830901330597,1.7221661802661195,0.331249560252606,0.662499120505212,0.15813224844092616,0.1739454732850188
543.0,0.8609747814531341,1.7219495629062682,0.33096911815113916,0.6619382363022783,0.1579401001985774,0.17373411021843516
543.5,0.8608665052609392,1.7217330105218784,0.33068904038753333,0.6613780807750667,0.1577483675071771,0.17352320425789483
544.0,0.8607582615467299,1.7215165230934597,0.33040932648845694,0.6608186529769139,0.15755704946803067,0.17331275441483376
544.5,0.8606500503007644,1.7213001006015287,0.33012997598119354,0.6602599519623871,0.15736614518438702,0.17310275970282574
545.0,0.8605418715133035,1.721083743026607,0.32985098839364063,0.6597019767872813,0.1571756537614345,0.17289321913757796
545.5,0.8604337251746115,1.720867450349223,0.32957236325430916,0.6591447265086183,0.15698557430629662,0.1726841317369263
546.0,0.8603256112749549,1.7206512225499098,0.3292941000923226,0.6585882001846451,0.15679590592802783,0.17247549652083063
546.5,0.8602175298046035,1.720435059609207,0.3290161984374161,0.6580323968748322,0.1566066477376094,0.17226731251137037
547.0,0.8601094807538301,1.7202189615076602,0.3287386578199357,0.6574773156398714,0.15641779884794532,0.17205957873273986
547.5,0.8600014641129102,1.7200029282258205,0.3284614777708379,0.6569229555416758,0.15622935837385798,0.1718522942112438
548.0,0.8598934798721224,1.7197869597442448,0.32818465782168826,0.6563693156433765,0.15604132543208404,0.17164545797529246
548.5,0.8597855280217479,1.7195710560434958,0.32790819750466094,0.6558163950093219,0.15585369914127062,0.17143906905539769
549.0,0.8596776085520712,1.7193552171041424,0.32763209635253804,0.6552641927050761,0.15566647862197064,0.17123312648416772
549.5,0.8595697214533795,1.719139442906759,0.3273563538987085,0.654712707797417,0.15547966299663904,0.17102762929630297
550.0,0.859461866715963,1.718923733431926,0.3270809696771674,0.6541619393543348,0.15529325138962868,0.17082257652859156
550.5,0.8593540443301149,1.7187080886602297,0.32680594322251555,0.6536118864450311,0.155107242927186,0.1706179672199046
551.0,0.8592462542861308,1.7184925085722615,0.32653127406995797,0.6530625481399159,0.15492163673744722,0.17041380041119195
551.5,0.85913849657431,1.71827699314862,0.32625696175530383,0.6525139235106077,0.15473643195043396,0.17021007514547737
552.0,0.8590307711849541,1.7180615423699082,0.3259830058149653,0.6519660116299306,0.1545516276980494,0.17000679046785436
552.5,0.8589230781083677,1.7178461562167353,0.32570940578595675,0.6514188115719135,0.15436722311407408,0.1698039454254815
553.0,0.8588154173348587,1.7176308346697173,0.32543616120589397,0.6508723224117879,0.15418321733416185,0.16960153906757805
553.5,0.8587077888547374,1.7174155777094748,0.32516327161299363,0.6503265432259873,0.15399960949583602,0.16939957044541964
554.0,0.8586001926583174,1.7172003853166349,0.32489073654607226,0.6497814730921445,0.15381639873848485,0.16919803861233335
554.5,0.858492628735915,1.71698525747183,0.3246185555445455,0.649237111089091,0.15363358420335804,0.16899694262369386
555.0,0.8583850970778495,1.716770194155699,0.32434672814842747,0.6486934562968549,0.15345116503356238,0.1687962815369186
555.5,0.8582775976744429,1.7165551953488858,0.3240752538983297,0.6481505077966594,0.15326914037405787,0.16859605441146366
556.0,0.8581701305160203,1.7163402610320406,0.3238041323354606,0.6476082646709213,0.15308750937165355,0.1683962603088189
556.5,0.8580626955929098,1.7161253911858196,0.32353336300162494,0.6470667260032499,0.15290627117500377,0.16819689829250417
557.0,0.8579552928954419,1.7159105857908838,0.3232629454392222,0.6465258908784444,0.15272542493460406,0.16799796742806447
557.5,0.8578479224139508,1.7156958448279016,0.3229928791912467,0.6459857583824934,0.15254496980278698,0.16779946678306568
558.0,0.8577405841387731,1.7154811682775462,0.32272316380128646,0.6454463276025729,0.15236490493371843,0.1676013954270903
558.5,0.8576332780602479,1.7152665561204958,0.3224537988135224,0.6449075976270447,0.1521852294833935,0.16740375243173286
559.0,0.8575260041687182,1.7150520083374363,0.32218478377272763,0.6443695675454553,0.15200594260963263,0.1672065368705959
559.5,0.857418762454529,1.714837524909058,0.3219161182242667,0.6438322364485334,0.15182704347207754,0.1670097478192853
560.0,0.8573115529080286,1.7146231058160573,0.32164780171409457,0.6432956034281891,0.15164853123218744,0.16681338435540619
560.5,0.8572043755195684,1.7144087510391368,0.32137983378875656,0.6427596675775131,0.1514704050532349,0.1666174455585584
561.0,0.8570972302795021,1.7141944605590043,0.3211122139953867,0.6422244279907734,0.15129266410030218,0.1664219305103324
561.5,0.8569901171781868,1.7139802343563737,0.32084494188170737,0.6416898837634147,0.15111530754027708,0.1662268382943048
562.0,0.8568830362059823,1.7137660724119645,0.3205780169960288,0.6411560339920576,0.15093833454184918,0.16603216799603412
562.5,0.8567759873532512,1.7135519747065024,0.3203114388872477,0.6406228777744954,0.15076174427550595,0.16583791870305656
563.0,0.8566689706103594,1.7133379412207188,0.3200452071048472,0.6400904142096944,0.15058553591352863,0.16564408950488152
563.5,0.856561985967675,1.71312397193535,0.31977932119889535,0.6395586423977907,0.15040970862998881,0.1654506794929877
564.0,0.8564550334155696,1.7129100668311392,0.319513780720045,0.63902756144009,0.150234261600744,0.1652576877608184
564.5,0.8563481129444176,1.7126962258888352,0.3192485852195326,0.6384971704390652,0.1500591940034342,0.16506511340377764
565.0,0.8562412245445958,1.7124824490891917,0.3189837342491778,0.6379674684983556,0.14988450501747796,0.16487295551922576
565.5,0.8561343682064846,1.7122687364129692,0.3187192273613823,0.6374384547227646,0.1497101938240683,0.16468121320647514
566.0,0.8560275439204668,1.7120550878409335,0.3184550641091295,0.636910128218259,0.14953625960616918,0.1644898855667861
566.5,0.855920751676928,1.711841503353856,0.3181912440459833,0.6363824880919666,0.14936270154851133,0.16429897170336247
567.0,0.8558139914662573,1.7116279829325145,0.31792776672608786,0.6358555334521757,0.1491895188375889,0.16410847072134782
567.5,0.855707263278846,1.711414526557692,0.31766463170416637,0.6353292634083327,0.1490167106616552,0.16391838172782072
568.0,0.8556005671050886,1.7112011342101772,0.3174018385355206,0.6348036770710412,0.1488442762107191,0.16372870383179103
568.5,0.8554939029353825,1.710987805870765,0.31713938677603004,0.6342787735520601,0.14867221467654124,0.16353943614419536
569.0,0.855387270760128,1.710774541520256,0.3168772759821512,0.6337545519643024,0.14850052525263013,0.16335057777789316
569.5,0.855280670569728,1.710561341139456,0.3166155057109167,0.6332310114218334,0.14832920713423858,0.16316212784766246
570.0,0.8551741023545887,1.7103482047091774,0.31635407551993466,0.6327081510398693,0.14815825951835962,0.1629740854701956
570.5,0.8550675661051187,1.7101351322102374,0.3160929849673882,0.6321859699347764,0.14798768160372305,0.16278644976409537
571.0,0.85496106181173,1.70992212362346,0.31583223361203405,0.6316644672240681,0.14781747259079148,0.16259921984987064
571.5,0.854854589464837,1.709709178929674,0.31557182101320236,0.6311436420264047,0.14764763168175665,0.16241239484993233
572.0,0.8547481490548574,1.7094962981097148,0.3153117467307959,0.6306234934615919,0.14747815808053572,0.1622259738885893
572.5,0.8546417405722113,1.7092834811444226,0.315052010325289,0.630104020650578,0.14730905099276742,0.16203995609204416
573.0,0.8545353640073223,1.7090707280146447,0.31479261135772707,0.6295852227154541,0.14714030962580854,0.1618543405883894
573.5,0.8544290193506161,1.7088580387012322,0.3145335493897258,0.6290670987794516,0.14697193318872998,0.16166912650760298
574.0,0.8543227065925221,1.7086454131850441,0.3142748239834704,0.6285496479669408,0.1468039208923132,0.16148431298154453
574.5,0.8542164257234717,1.7084328514469433,0.3140164347017148,0.6280328694034296,0.14663627194904644,0.1612998991439511
575.0,0.8541101767339,1.7082203534678,0.3137583811077812,0.6275167622155624,0.14646898557312113,0.16111588413043326
575.5,0.8540039596142444,1.7080079192284887,0.3135006627655589,0.6270013255311178,0.14630206098042797,0.16093226707847078
576.0,0.8538977743549454,1.7077955487098908,0.3132432792395038,0.6264865584790076,0.14613549738855366,0.16074904712740903
576.5,0.8537916209464463,1.7075832418928927,0.31298623009463766,0.6259724601892753,0.14596929401677675,0.16056622341845445
577.0,0.8536854993791934,1.7073709987583867,0.31272951489654743,0.6254590297930949,0.14580345008606438,0.16038379509467082
577.5,0.8535794096436357,1.7071588192872713,0.31247313321138437,0.6249462664227687,0.1456379648190685,0.16020176130097535
578.0,0.8534733517302251,1.7069467034604502,0.31221708460586334,0.6244341692117267,0.14547283744012202,0.16002012118413422
578.5,0.8533673256294163,1.7067346512588326,0.3119613686472621,0.6239227372945242,0.1453080671752355,0.15983887389275908
579.0,0.853261331331667,1.706522662663334,0.3117059849034207,0.6234119698068414,0.14514365325209333,0.15965801857730266
579.5,0.8531553688274379,1.7063107376548758,0.3114509329427405,0.622901865885481,0.1449795949000502,0.15947755439005523
580.0,0.8530494381071922,1.7060988762143845,0.3111962123341837,0.6223924246683674,0.1448158913501273,0.15929748048514003
580.5,0.8529435391613962,1.7058870783227924,0.3109418226472723,0.6218836452945447,0.14465254183500903,0.15911779601850995
581.0,0.8528376719805189,1.7056753439610377,0.3106877634520877,0.6213755269041754,0.14448954558903915,0.15893850014794308
581.5,0.8527318365550323,1.7054636731100645,0.31043403431926986,0.6208680686385397,0.14432690184821728,0.15875959203303902
582.0,0.8526260328754113,1.7052520657508226,0.31018063482001645,0.6203612696400329,0.14416460985019536,0.15858107083521492
582.5,0.8525202609321334,1.7050405218642668,0.30992756452608217,0.6198551290521643,0.14400266883427393,0.15840293571770134
583.0,0.8524145207156792,1.7048290414313585,0.30967482300977833,0.6193496460195567,0.14384107804139873,0.1582251858455386
583.5,0.8523088122165323,1.7046176244330646,0.3094224098439715,0.618844819687943,0.14367983671415702,0.15804782038557272
584.0,0.8522031354251787,1.7044062708503573,0.3091703246020836,0.6183406492041672,0.14351894409677418,0.15787083850645162
584.5,0.8520974903321074,1.7041949806642147,0.3089185668580904,0.6178371337161808,0.14335839943510997,0.15769423937862098
585.0,0.8519918769278105,1.703983753855621,0.3086671361865212,0.6173342723730424,0.14319820197665517,0.1575180221743207
585.5,0.8518862952027828,1.7037725904055656,0.30841603216245816,0.6168320643249163,0.143038350970528,0.15734218606758082
586.0,0.8517807451475219,1.7035614902950438,0.30816525436153547,0.6163305087230709,0.14287884566747044,0.1571667302342175
586.5,0.8516752267525283,1.7033504535050565,0.3079148023599385,0.615829604719877,0.14271968531984505,0.15699165385182956
587.0,0.8515697400083052,1.7031394800166104,0.3076646757344033,0.6153293514688066,0.1425608691816311,0.15681695609979424
587.5,0.8514642849053591,1.7029285698107182,0.3074148740622159,0.6148297481244318,0.1424023965084214,0.15664263615926355
588.0,0.8513588614341988,1.7027177228683976,0.30716539692121136,0.6143307938424227,0.1422442665574185,0.15646869321316037
588.5,0.8512534695853363,1.7025069391706726,0.30691624388977334,0.6138324877795467,0.14208647858743148,0.15629512644617463
589.0,0.8511481093492863,1.7022962186985726,0.306667414546833,0.613334829093666,0.1419290318588724,0.15612193504475966
589.5,0.8510427807165665,1.702085561433133,0.30641890847186876,0.6128378169437375,0.14177192563375263,0.1559491181971279
590.0,0.8509374836776971,1.7018749673553941,0.30617072524490535,0.6123414504898107,0.14161515917567974,0.15577667509324772
590.5,0.8508322182232013,1.7016644364464026,0.30592286444651295,0.6118457288930259,0.14145873174985368,0.15560460492483907
591.0,0.8507269843436056,1.7014539686872112,0.30567532565780686,0.6113506513156137,0.14130264262306377,0.15543290688537018
591.5,0.8506217820294386,1.7012435640588772,0.30542810846044643,0.6108562169208929,0.14114689106368472,0.1552615801700532
592.0,0.8505166112712323,1.7010332225424647,0.30518121243663454,0.6103624248732691,0.14099147634167375,0.15509062397584114
592.5,0.8504114720595213,1.7008229441190426,0.3049346371691168,0.6098692743382336,0.1408363977285667,0.15492003750142339
593.0,0.850306364384843,1.700612728769686,0.304688382241181,0.609376764482362,0.14068165449747505,0.15474981994722256
593.5,0.8502012882377377,1.7004025764754753,0.30444244723665626,0.6088848944733125,0.14052724592308213,0.15457997051539035
594.0,0.8500962436087485,1.700192487217497,0.3041968317399123,0.6083936634798246,0.14037317128163987,0.15441048840980387
594.5,0.8499912304884215,1.699982460976843,0.303951535335859,0.607903070671718,0.14021942985096555,0.15424137283606212
595.0,0.8498862488673056,1.6997724977346111,0.30370655760994525,0.6074131152198905,0.14006602091043818,0.154072623001482
595.5,0.8497812987359521,1.6995625974719042,0.30346189814815866,0.6069237962963173,0.13991294374099528,0.15390423811509482
596.0,0.8496763800849159,1.6993527601698317,0.30321755653702476,0.6064351130740495,0.13976019762512937,0.15373621738764232
596.5,0.8495714929047541,1.6991429858095082,0.302973532363606,0.605947064727212,0.13960778184688483,0.15356856003157332
597.0,0.8494666371860269,1.6989332743720538,0.30272982521550174,0.6054596504310035,0.13945569569185434,0.15340126526103978
597.5,0.8493618129192972,1.6987236258385945,0.30248643468084657,0.6049728693616931,0.13930393844717548,0.15323433229189304
598.0,0.849257020095131,1.698514040190262,0.3022433603483106,0.6044867206966212,0.1391525094015278,0.15306776034168057
598.5,0.8491522587040969,1.6983045174081939,0.3020006018070981,0.6040012036141962,0.13900140784512885,0.15290154862964175
599.0,0.8490475287367663,1.6980950574735325,0.3017581586469471,0.6035163172938942,0.13885063306973147,0.15273569637670464
599.5,0.8489428301837134,1.6978856603674268,0.30151603045812847,0.6030320609162569,0.13870018436862003,0.15257020280548203
600.0,0.8488381630355155,1.697676326071031,0.3012742168314457,0.6025484336628913,0.13855006103660733,0.15240506714026808
600.5,0.8487335272827525,1.697467054565505,0.30103271735823356,0.6020654347164671,0.1384002623700313,0.15224028860703445
601.0,0.8486289229160073,1.6972578458320147,0.300791531630358,0.601583063260716,0.1382507876667516,0.1520758664334268
601.5,0.8485243499258652,1.6970486998517305,0.30055065924021496,0.6011013184804299,0.1381016362261464,0.15191179984876105
602.0,0.8484198083029151,1.6968396166058302,0.3003100997807301,0.6006201995614602,0.13795280734910906,0.15174808808402
602.5,0.8483152980377477,1.6966305960754955,0.3000698528453579,0.6001397056907158,0.13780430033804486,0.15158473037184936
603.0,0.8482108191209575,1.696421638241915,0.299829918028081,0.599659836056162,0.13765611449686777,0.15142172594655456
603.5,0.8481063715431413,1.6962127430862826,0.2995902949234095,0.599180589846819,0.13750824913099713,0.15125907404409686
604.0,0.8480019552948987,1.6960039105897975,0.2993509831263802,0.5987019662527604,0.1373607035473544,0.15109677390208986
604.5,0.8478975703668323,1.6957951407336647,0.2991119822325562,0.5982239644651124,0.13721347705436002,0.15093482475979603
605.0,0.8477932167495476,1.695586433499095,0.29887329183802586,0.5977465836760517,0.13706656896192998,0.150773225858123
605.5,0.8476888944336525,1.695377788867305,0.29863491153940247,0.5972698230788049,0.13691997858147276,0.15061197643962004
606.0,0.8475846034097582,1.6951692068195163,0.2983968409338231,0.5967936818676463,0.136773705225886,0.1504510757484746
606.5,0.8474803436684784,1.6949606873369567,0.2981590796189485,0.596318159237897,0.1366277482095532,0.15029052303050852
607.0,0.8473761152004298,1.6947522304008595,0.297921627192962,0.595843254385924,0.1364821068483409,0.150130317533175
607.5,0.8472719179962317,1.6945438359924634,0.29768448325456887,0.5953689665091377,0.1363367804595948,0.1499704585055543
608.0,0.8471677520465066,1.6943355040930133,0.2974476474029958,0.5948952948059916,0.1361917683621373,0.14981094519835106
608.5,0.8470636173418793,1.6941272346837586,0.29721111923799026,0.5944222384759805,0.13604706987626375,0.14965177686389014
609.0,0.8469595138729779,1.6939190277459557,0.2969748983598194,0.5939497967196388,0.13590268432373953,0.1494929527561135
609.5,0.8468554416304328,1.6937108832608656,0.29673898436927004,0.5934779687385401,0.13575861102779685,0.14933447213057655
610.0,0.846751400604878,1.693502801209756,0.2965033768676475,0.593006753735295,0.1356148493131314,0.14917633424444454
610.5,0.8466473907869492,1.6932947815738983,0.2962680754567749,0.5925361509135498,0.1354713985058995,0.14901853835648948
611.0,0.8465434121672859,1.6930868243345718,0.29603307973899284,0.5920661594779857,0.1353282579337146,0.1488610837270861
611.5,0.8464394647365299,1.6928789294730597,0.2957983893171586,0.5915967786343173,0.13518542692564445,0.1487039696182089
612.0,0.8463355484853261,1.6926710969706522,0.2955640037946452,0.5911280075892904,0.13504290481220765,0.14854719529342844
612.5,0.8462316634043217,1.6924633268086433,0.29532992277534115,0.5906598455506823,0.13490069092537077,0.14839076001790785
613.0,0.8461278094841673,1.6922556189683347,0.2950961458636494,0.5901922917272988,0.134758784598545,0.14823466305839952
613.5,0.846023986715516,1.692047973431032,0.2948626726644869,0.5897253453289738,0.13461718516658328,0.14807890368324161
614.0,0.8459201950890238,1.6918403901780477,0.2946295027832839,0.5892590055665679,0.13447589196577692,0.14792348116235463
614.5,0.8458164345953494,1.6916328691906988,0.2943966358259833,0.5887932716519666,0.13433490433385264,0.1477683947672379
615.0,0.8457127052251543,1.6914254104503086,0.2941640713990399,0.5883281427980798,0.1341942216099694,0.14761364377096636
615.5,0.8456090069691029,1.6912180139382058,0.2939318091094197,0.5878636182188394,0.1340538431347154,0.14745922744818696
616.0,0.8455053398178622,1.6910106796357245,0.2936998485645993,0.5873996971291986,0.13391376825010487,0.14730514507511536
616.5,0.8454017037621027,1.6908034075242053,0.29346818937256547,0.5869363787451309,0.13377399629957504,0.14715139592953255
617.0,0.8452980987924965,1.690596197584993,0.2932368311418141,0.5864736622836282,0.13363452662798309,0.1469979792907814
617.5,0.8451945248997195,1.690389049799439,0.2930057734813497,0.5860115469626994,0.13349535858160305,0.14684489443976337
618.0,0.8450909820744499,1.6901819641488998,0.2927750160006847,0.5855500320013693,0.13335649150812268,0.14669214065893496
618.5,0.844987470307369,1.689974940614738,0.292544558309839,0.585089116619678,0.13321792475664057,0.14653971723230463
619.0,0.8448839895891606,1.6897679791783211,0.29231440001933895,0.5846288000386779,0.13307965767766283,0.14638762344542913
619.5,0.8447805399105115,1.689561079821023,0.29208454074021717,0.5841690814804343,0.13294168962310038,0.14623585858541044
620.0,0.8446771212621111,1.6893542425242223,0.2918549800840111,0.5837099601680222,0.13280401994626556,0.14608442194089213
620.5,0.8445737336346522,1.6891474672693043,0.2916257176627636,0.5832514353255271,0.1326666480018695,0.14593331280205646
621.0,0.8444703770188293,1.6889407540376586,0.29139675308902074,0.5827935061780415,0.1325295731460186,0.14578253046062048
621.5,0.8443670514053405,1.688734102810681,0.29116808597583255,0.5823361719516651,0.13239279473621202,0.14563207420983323
622.0,0.8442637567848867,1.6885275135697735,0.29093971593675144,0.5818794318735029,0.1322563121313383,0.14548194334447212
622.5,0.8441604931481712,1.6883209862963424,0.2907116425858321,0.5814232851716642,0.13212012469167245,0.1453321371608397
623.0,0.8440572604859005,1.688114520971801,0.2904838655376305,0.580967731075261,0.13198423177887314,0.14518265495676047
623.5,0.8439540587887833,1.6879081175775665,0.29025638440720325,0.5805127688144065,0.13184863275597944,0.1450334960315774
624.0,0.8438508880475315,1.687701776095063,0.2900291988101073,0.5800583976202146,0.13171332698740792,0.14488465968614872
624.5,0.84374774825286,1.68749549650572,0.2898023083623989,0.5796046167247978,0.1315783138389498,0.14473614522284478
625.0,0.8436446393954862,1.6872892787909723,0.2895757126806331,0.5791514253612662,0.1314435926777678,0.1445879519455446
625.5,0.8435415614661299,1.6870831229322598,0.2893494113818633,0.5786988227637266,0.13130916287239333,0.14444007915963267
626.0,0.8434385144555145,1.686877028911029,0.28912340408364007,0.5782468081672801,0.13117502379272333,0.14429252617199567
626.5,0.8433354983543657,1.6866709967087314,0.2888976904040111,0.5777953808080222,0.13104117481001756,0.14414529229101933
627.0,0.843232513153412,1.686465026306824,0.28867226996152023,0.5773445399230405,0.13090761529689543,0.14399837682658498
627.5,0.8431295588433845,1.686259117686769,0.28844714237520686,0.5768942847504137,0.13077434462733328,0.14385177909006663
628.0,0.8430266354150178,1.6860532708300355,0.28822230726460524,0.5764446145292105,0.13064136217666117,0.1437054983943273
628.5,0.8429237428590484,1.6858474857180967,0.287997764249744,0.575995528499488,0.13050866732156025,0.14355953405371627
629.0,0.842820881166216,1.685641762332432,0.2877735129511455,0.575547025902291,0.13037625944005954,0.1434138853840655
629.5,0.8427180503272632,1.6854361006545264,0.28754955298982493,0.5750991059796499,0.1302441379115334,0.14326855170268674
630.0,0.8426152503329352,1.6852305006658703,0.28732588398728987,0.5746517679745797,0.13011230211669816,0.143123532328368
630.5,0.8425124811739799,1.6850249623479598,0.2871025055655396,0.5742050111310792,0.1299807514376096,0.14297882658137057
631.0,0.8424097428411481,1.6848194856822962,0.2868794173470647,0.5737588346941294,0.12984948525765982,0.1428344337834258
631.5,0.8423070353251936,1.6846140706503872,0.28665661895484584,0.5733132379096917,0.12971850296157444,0.1426903532577319
632.0,0.8422043586168723,1.6844087172337445,0.28643411001235386,0.5728682200247077,0.12958780393540978,0.14254658432895076
632.5,0.8421017127069436,1.6842034254138871,0.28621189014354853,0.5724237802870971,0.1294573875665498,0.1424031263232048
633.0,0.8419990975861692,1.6839981951723384,0.28598995897287816,0.5719799179457563,0.12932725324370342,0.14225997856807376
633.5,0.8418965132453138,1.6837930264906276,0.28576831612527903,0.5715366322505581,0.12919740035690158,0.14211714039259174
634.0,0.8417939596751449,1.6835879193502898,0.28554696122617473,0.5710939224523495,0.1290678282974943,0.14197461112724374
634.5,0.8416914368664326,1.683382873732865,0.28532589390147545,0.5706517878029509,0.12893853645814798,0.14183239010396279
635.0,0.8415889448099498,1.6831778896198997,0.28510511377757725,0.5702102275551545,0.12880952423284242,0.14169047665612666
635.5,0.8414864834964724,1.6829729669929447,0.2848846204813617,0.5697692409627234,0.12868079101686808,0.1415488701185549
636.0,0.8413840529167786,1.6827681058335573,0.2846644136401951,0.5693288272803902,0.12855233620682313,0.14140756982750546
636.5,0.8412816530616498,1.6825633061232996,0.28444449288192797,0.5688889857638559,0.1284241592006108,0.14126657512067187
637.0,0.8411792839218701,1.6823585678437403,0.28422485783489393,0.5684497156697879,0.12829625939743633,0.14112588533717998
637.5,0.8410769454882261,1.6821538909764522,0.28400550812790987,0.5680110162558197,0.12816863619780436,0.14098549981758482
638.0,0.8409746377515075,1.681949275503015,0.2837864433902747,0.5675728867805494,0.12804128900351602,0.14084541790386765
638.5,0.8408723607025064,1.6817447214050127,0.28356766325176885,0.5671353265035377,0.12791421721766608,0.1407056389394327
639.0,0.8407701143320181,1.6815402286640362,0.28334916734265403,0.5666983346853081,0.1277874202446403,0.14056616226910434
639.5,0.8406678986308402,1.6813357972616805,0.28313095529367194,0.5662619105873439,0.12766089749011247,0.14042698723912372
640.0,0.8405657135897735,1.681131427179547,0.28291302673604424,0.5658260534720885,0.12753464836104178,0.14028811319714596
640.5,0.8404635591996213,1.6809271183992427,0.28269538130147154,0.5653907626029431,0.12740867226566988,0.14014953949223688
641.0,0.8403614354511897,1.6807228709023794,0.2824780186221332,0.5649560372442664,0.12728296861351823,0.14001126547487006
641.5,0.8402593423352873,1.6805186846705746,0.28226093833068594,0.5645218766613719,0.12715753681538539,0.13987329049692393
642.0,0.8401572798427261,1.6803145596854523,0.28204414006026424,0.5640882801205285,0.12703237628334396,0.13973561391167838
642.5,0.8400552479643203,1.6801104959286406,0.281827623444479,0.563655246888958,0.1269074864307382,0.13959823507381205
643.0,0.839953246690887,1.679906493381774,0.2816113881174168,0.5632227762348336,0.12678286667218103,0.13946115333939915
643.5,0.8398512760132462,1.6797025520264923,0.28139543371364023,0.5627908674272805,0.12665851642355136,0.1393243680659065
644.0,0.8397493359222203,1.6794986718444407,0.2811797598681861,0.5623595197363722,0.1265344351019914,0.13918787861219054
644.5,0.8396474264086351,1.6792948528172702,0.2809643662165656,0.5619287324331312,0.12641062212590382,0.1390516843384942
645.0,0.8395455474633184,1.6790910949266369,0.28074925239476345,0.5614985047895269,0.1262870769149491,0.13891578460644402
645.5,0.8394436990771013,1.6788873981542025,0.2805344180392372,0.5610688360784744,0.1261637988900428,0.1387801787790471
646.0,0.8393418812408171,1.6786837624816342,0.2803198627869167,0.5606397255738333,0.12604078747335296,0.13864486622068825
646.5,0.8392400939453026,1.6784801878906053,0.28010558627520366,0.5602111725504073,0.12591804208829707,0.1385098462971268
647.0,0.8391383371813967,1.6782766743627935,0.2798915881419705,0.559783176283941,0.12579556215953971,0.1383751183754937
647.5,0.8390366109399416,1.6780732218798833,0.2796778680255605,0.559355736051121,0.12567334711298964,0.1382406818242886
648.0,0.8389349152117815,1.677869830423563,0.2794644255647866,0.5589288511295732,0.12555139637579726,0.138106536013377
648.5,0.8388332499877641,1.6776664999755282,0.279251260398931,0.558502520797862,0.12542970937635173,0.1379726803139869
649.0,0.8387316152587394,1.6774632305174788,0.2790383721677444,0.5580767443354888,0.12530828554427853,0.1378391140987064
649.5,0.8386300110155602,1.6772600220311205,0.2788257605114457,0.5576515210228914,0.12518712431043663,0.13770583674148032
650.0,0.8385284372490824,1.6770568744981649,0.27861342507072123,0.5572268501414425,0.1250662251069158,0.1375728476176074
650.5,0.838426893950164,1.676853787900328,0.27840136548672395,0.5568027309734479,0.12494558736703414,0.13744014610373756
651.0,0.8383253811096665,1.676650762219333,0.27818958140107314,0.5563791628021463,0.12482521052533507,0.1373077315778686
651.5,0.8382238987184534,1.6764477974369068,0.2779780724558536,0.5559561449117072,0.12470509401758513,0.13717560341934365
652.0,0.8381224467673913,1.6762448935347827,0.2777668382936153,0.5555336765872306,0.12458523728077094,0.13704376100884805
652.5,0.8380210252473498,1.6760420504946996,0.2775558785573723,0.5551117571147446,0.12446563975309682,0.1369122037284065
653.0,0.8379196341492008,1.6758392682984016,0.27734519289060267,0.5546903857812053,0.12434630087398202,0.13678093096138022
653.5,0.837818273463819,1.675636546927638,0.27713478093724764,0.5542695618744953,0.12422722008405812,0.13664994209246395
654.0,0.8377169431820821,1.6754338863641642,0.2769246423417108,0.5538492846834216,0.12410839682516653,0.1365192365076832
654.5,0.8376156432948703,1.6752312865897405,0.276714776748858,0.553429553497716,0.12398983054035556,0.13638881359439112
655.0,0.8375143737930666,1.6750287475861332,0.27650518380401634,0.5530103676080327,0.12387152067387824,0.13625867274126607
655.5,0.8374131346675568,1.6748262693351137,0.2762958631529736,0.5525917263059472,0.12375346667118933,0.13612881333830829
656.0,0.8373119259092294,1.6746238518184589,0.2760868144419779,0.5521736288839558,0.12363566797894299,0.13599923477683729
656.5,0.8372107475089754,1.6744214950179508,0.27587803731773686,0.5517560746354737,0.12351812404498996,0.13586993644948897
657.0,0.8371095994576891,1.6742191989153783,0.2756695314274171,0.5513390628548342,0.12340083431837523,0.13574091775021277
657.5,0.8370084817462669,1.6740169634925337,0.2754612964186436,0.5509225928372872,0.12328379824933522,0.13561217807426876
658.0,0.8369073943656082,1.6738147887312165,0.2752533319394991,0.5505066638789982,0.12316701528929531,0.13548371681822485
658.5,0.8368063373066152,1.6736126746132305,0.2750456376385237,0.5500912752770474,0.12305048489086731,0.13535553337995404
659.0,0.836705310560193,1.673410621120386,0.2748382131647139,0.5496764263294278,0.12293420650784677,0.13522762715863146
659.5,0.8366043141172489,1.6732086282344978,0.2746310581675222,0.5492621163350444,0.12281817959521057,0.13509999755473165
660.0,0.8365033479686932,1.6730066959373864,0.2744241722968568,0.5488483445937136,0.12270240360911422,0.13497264397002565
660.5,0.8364024121054392,1.6728048242108784,0.27421755520308044,0.5484351104061609,0.12258687800688944,0.1348455658075784
661.0,0.8363015065184023,1.6726030130368046,0.27401120653701017,0.5480224130740203,0.12247160224704151,0.13471876247174566
661.5,0.8362006311985013,1.6724012623970026,0.2738051259499167,0.5476102518998334,0.12235657578924677,0.13459223336817147
662.0,0.8360997861366575,1.672199572273315,0.2735993130935237,0.5471986261870474,0.1222417980943502,0.13446597790378523
662.5,0.8359989713237945,1.671997942647589,0.27339376762000756,0.5467875352400151,0.12212726862436263,0.1343399954867989
663.0,0.8358981867508392,1.6717963735016783,0.27318848918199634,0.5463769783639927,0.12201298684245851,0.13421428552670436
663.5,0.835797432408721,1.671594864817442,0.27298347743256934,0.5459669548651387,0.12189895221297314,0.13408884743427046
664.0,0.8356967082883717,1.6713934165767435,0.2727787320252567,0.5455574640505134,0.12178516420140044,0.1339636806215405
664.5,0.8355960143807266,1.6711920287614532,0.27257425261403867,0.5451485052280773,0.1216716222743901,0.13383878450182912
665.0,0.835495350676723,1.670990701353446,0.272370038853345,0.54474007770669,0.12155832589974538,0.13371415848971993
665.5,0.8353947171673011,1.6707894343346021,0.27216609039805434,0.5443321807961087,0.12144527454642051,0.13358980200106257
666.0,0.835294113843404,1.670588227686808,0.27196240690349377,0.5439248138069875,0.12133246768451811,0.13346571445296992
666.5,0.8351935406959774,1.6703870813919548,0.2717589880254381,0.5435179760508762,0.12121990478528685,0.13334189526381554
667.0,0.8350929977159697,1.6701859954319394,0.27155583342010947,0.5431116668402189,0.12110758532111887,0.13321834385323078
667.5,0.834992484894332,1.669984969788664,0.27135294274417643,0.5427058854883529,0.1209955087655474,0.13309505964210216
668.0,0.8348920022220181,1.6697840044440362,0.2711503156547538,0.5423006313095076,0.12088367459324414,0.13297204205256857
668.5,0.8347915496899847,1.6695830993799694,0.2709479518094016,0.5418959036188032,0.12077208228001705,0.13284929050801877
669.0,0.834691127289191,1.669382254578382,0.2707458508661251,0.5414917017322503,0.12066073130280755,0.13272680443308832
669.5,0.834590735010599,1.669181470021198,0.2705440124833735,0.541088024966747,0.1205496211396884,0.13260458325365723
670.0,0.8344903728451734,1.6689807456903467,0.27034243632003996,0.5406848726400799,0.12043875126986106,0.1324826263968472
670.5,0.8343900407838816,1.6687800815677631,0.2701411220354606,0.5402822440709212,0.1203281211736533,0.13236093329101864
671.0,0.8342897388176935,1.668579477635387,0.2699400692894144,0.5398801385788288,0.12021773033251677,0.13223950336576845
671.5,0.8341894669375822,1.6683789338751644,0.26973927774212203,0.5394785554842441,0.12010757822902454,0.132118336051927
672.0,0.8340892251345233,1.6681784502690467,0.2695387470542458,0.5390774941084916,0.11999766434686873,0.13199743078155562
672.5,0.8339890133994947,1.6679780267989894,0.2693384768868887,0.5386769537737774,0.11988798817085802,0.13187678698794383
673.0,0.8338888317234776,1.6677776634469552,0.26913846690159426,0.5382769338031885,0.11977854918691531,0.13175640410560685
673.5,0.8337886800974557,1.6675773601949113,0.26893871676034553,0.5378774335206911,0.11966934688207528,0.13163628157028281
674.0,0.8336885585124152,1.6673771170248304,0.2687392261255646,0.5374784522511292,0.11956038074448193,0.13151641881893014
674.5,0.833588466959345,1.66717693391869,0.26853999466011236,0.5370799893202247,0.11945165026338626,0.1313968152897249
675.0,0.8334884054292372,1.6669768108584744,0.2683410220272875,0.536682044054575,0.11934315492914385,0.13127747042205826
675.5,0.8333883739130861,1.6667767478261721,0.2681423078908263,0.5362846157816527,0.11923489423321246,0.1311583836565337
676.0,0.8332883724018889,1.6665767448037778,0.26794385191490183,0.5358877038298037,0.11912686766814962,0.1310395544349646
676.5,0.8331884008866454,1.6663768017732907,0.2677456537641234,0.5354913075282468,0.11901907472761036,0.1309209822003714
677.0,0.8330884593583582,1.6661769187167164,0.267547713103536,0.535095426207072,0.11891151490634469,0.13080266639697916
677.5,0.8329885478080326,1.665977095616065,0.2673500295986201,0.5347000591972402,0.11880418770019532,0.13068460647021488
678.0,0.8328886662266765,1.665777332453353,0.26715260291529025,0.5343052058305805,0.11869709260609534,0.13056680186670488
678.5,0.8327888146053006,1.6655776292106013,0.2669554327198955,0.533910865439791,0.1185902291220657,0.13044925203427227
679.0,0.8326889929349182,1.6653779858698363,0.2667585186792182,0.5335170373584364,0.11848359674721304,0.13033195642193435
679.5,0.8325892012065454,1.665178402413091,0.26656186046047337,0.5331237209209467,0.11837719498172719,0.1302149144798999
680.0,0.832489439411201,1.664978878822402,0.26636545773130876,0.5327309154626175,0.11827102332687901,0.13009812565956694
680.5,0.8323897075399063,1.6647794150798125,0.26616931015980366,0.5323386203196073,0.11816508128501779,0.1299815894135196
681.0,0.8322900055836855,1.664580011167371,0.2659734174144686,0.5319468348289372,0.11805936835956923,0.12986530519552617
681.5,0.8321903335335654,1.6643806670671308,0.26577777916424483,0.5315555583284897,0.11795388405503279,0.12974927246053608
682.0,0.8320906913805757,1.6641813827611514,0.2655823950785037,0.5311647901570073,0.11784862787697967,0.12963349066467764
682.5,0.8319910791157483,1.6639821582314966,0.2653872648270459,0.5307745296540918,0.11774359933205028,0.1295179592652553
683.0,0.8318914967301183,1.6637829934602366,0.26519238808010137,0.5303847761602027,0.11763879792795195,0.12940267772074715
683.5,0.8317919442147232,1.6635838884294465,0.2649977645083284,0.5299955290166568,0.1175342231734568,0.1292876454908025
684.0,0.8316924215606033,1.6633848431212066,0.26480339378281303,0.5296067875656261,0.11742987457839918,0.1291728620362391
684.5,0.8315929287588015,1.663185857517603,0.26460927557506875,0.5292185511501375,0.11732575165367361,0.12905832681904097
685.0,0.8314934658003637,1.6629869316007273,0.2644154095570357,0.5288308191140714,0.11722185391123226,0.12894403930235548
685.5,0.8313940326763379,1.6627880653526759,0.26422179540108015,0.5284435908021603,0.11711818086408288,0.1288299989504912
686.0,0.8312946293777754,1.6625892587555509,0.26402843277999444,0.5280568655599889,0.1170147320262864,0.12871620522891505
686.5,0.8311952558957296,1.6623905117914592,0.2638353213669954,0.5276706427339908,0.1169115069129546,0.12860265760425008
687.0,0.8310959122212571,1.6621918244425142,0.2636424608357248,0.5272849216714496,0.116808505040248,0.12848935554427282
687.5,0.8309965983454171,1.6619931966908341,0.2634498508602483,0.5268997017204966,0.11670572592537345,0.1283762985179108
688.0,0.8308973142592709,1.6617946285185419,0.26325749111505503,0.5265149822301101,0.11660316908658193,0.12826348599524012
688.5,0.8307980599538833,1.6615961199077667,0.2630653812750569,0.5261307625501138,0.11650083404316625,0.1281509174474829
689.0,0.8306988354203214,1.6613976708406428,0.26287352101558836,0.5257470420311767,0.11639872031545888,0.12803859234700476
689.5,0.830599640649655,1.66119928129931,0.2626819100124054,0.5253638200248107,0.11629682742482958,0.12792651016731255
690.0,0.8305004756329563,1.6610009512659125,0.26249054794168536,0.5249810958833707,0.11619515489368328,0.1278146703830516
690.5,0.8304013403613006,1.6608026807226013,0.26229943448002635,0.5245988689600527,0.11609370224545779,0.12770307247000356
691.0,0.8303022348257658,1.6606044696515316,0.26210856930444665,0.5242171386088933,0.11599246900462147,0.12759171590508364
691.5,0.8302031590174324,1.6604063180348647,0.261917952092384,0.523835904184768,0.11589145469667123,0.12748060016633836
692.0,0.8301041129273836,1.6602082258547672,0.2617275825216952,0.5234551650433904,0.11579065884813003,0.12736972473294303
692.5,0.8300050965467051,1.6600101930934101,0.2615374602706557,0.5230749205413114,0.11569008098654493,0.12725908908519942
693.0,0.8299061098664855,1.659812219732971,0.26134758501795885,0.5226951700359177,0.11558972064048462,0.12714869270453308
693.5,0.829807152877816,1.659614305755632,0.26115795644271544,0.5223159128854309,0.11548957733953741,0.12703853507349117
694.0,0.8297082255717905,1.659416451143581,0.26096857422445313,0.5219371484489063,0.11538965061430898,0.12692861567573988
694.5,0.8296093279395056,1.6592186558790112,0.2607794380431159,0.5215588760862317,0.11528993999642004,0.12681893399606206
695.0,0.8295104599720604,1.6590209199441208,0.2605905475790635,0.521181095158127,0.11519044501850433,0.12670948952035477
695.5,0.8294116216605567,1.6588232433211134,0.26040190251307116,0.5208038050261423,0.1150911652142063,0.12660028173562693
696.0,0.8293128129960994,1.6586256259921988,0.2602135025263286,0.5204270050526572,0.11499210011817904,0.12649131012999695
696.5,0.8292140339697953,1.6584280679395906,0.2600253473004397,0.5200506946008794,0.11489324926608191,0.1263825741926901
697.0,0.8291152845727545,1.658230569145509,0.2598374365174222,0.5196748730348444,0.1147946121945786,0.12627407341403646
697.5,0.8290165647960897,1.6580331295921793,0.2596497698597068,0.5192995397194136,0.11469618844133472,0.1261658072854682
698.0,0.8289178746309157,1.6578357492618314,0.2594623470101367,0.5189246940202734,0.11459797754501588,0.12605777529951748
698.5,0.8288192140683508,1.6576384281367016,0.25927516765196745,0.5185503353039349,0.1144999790452853,0.12594997694981386
699.0,0.8287205830995152,1.6574411661990305,0.2590882314688658,0.5181764629377316,0.11440219248280177,0.12584241173108196
699.5,0.8286219817155326,1.6572439634310652,0.25890153814490946,0.5178030762898189,0.11430461739921752,0.12573507913913928
700.0,0.8285234099075284,1.6570468198150567,0.2587150873645868,0.5174301747291736,0.11420725333717598,0.1256279786708936
700.5,0.8284248676666313,1.6568497353332625,0.25852887881279585,0.5170577576255917,0.11411009984030972,0.1255211098243407
701.0,0.8283263549839726,1.6566527099679451,0.2583429121748442,0.5166858243496883,0.11401315645323823,0.12541447209856207
701.5,0.828227871850686,1.656455743701372,0.2581571871364481,0.5163143742728962,0.11391642272156588,0.1253080649937225
702.0,0.8281294182579082,1.6562588365158164,0.2579717033837323,0.5159434067674646,0.11381989819187976,0.12520188801106774
702.5,0.8280309941967781,1.6560619883935561,0.25778646060322913,0.5155729212064583,0.11372358241174749,0.12509594065292223
703.0,0.8279325996584378,1.6558651993168756,0.2576014584818783,0.5152029169637566,0.11362747492971513,0.12499022242268665
703.5,0.8278342346340317,1.6556684692680634,0.2574166967070261,0.5148333934140522,0.11353157529530514,0.12488473282483566
704.0,0.8277358991147068,1.6554717982294136,0.25723217496642514,0.5144643499328503,0.11343588305901417,0.1247794713649156
704.5,0.8276375930916132,1.6552751861832264,0.2570478929482337,0.5140957858964674,0.113340397772311,0.12467443754954212
705.0,0.8275393165559031,1.6550786331118061,0.256863850341015,0.51372770068203,0.11324511898763448,0.12456963088639794
705.5,0.8274410694987318,1.6548821389974635,0.25668004683373713,0.5133600936674743,0.11315004625839124,0.12446505088423038
706.0,0.8273428519112569,1.6546857038225138,0.2564964821157719,0.5129929642315438,0.1130551791389539,0.1243606970528493
706.5,0.8272446637846389,1.6544893275692778,0.2563131558768952,0.5126263117537904,0.11296051718465876,0.12425656890312464
707.0,0.827146505110041,1.654293010220082,0.2561300678072853,0.5122601356145706,0.11286605995180371,0.1241526659469841
707.5,0.8270483758786287,1.6540967517572573,0.2559472175975236,0.5118944351950472,0.11277180699764634,0.12404898769741099
708.0,0.8269502760815703,1.6539005521631407,0.2557646049385931,0.5115292098771862,0.11267775788040163,0.1239455336684418
708.5,0.8268522057100371,1.6537044114200743,0.25558222952187837,0.5111644590437567,0.11258391215924005,0.12384230337516407
709.0,0.8267541647552026,1.6535083295104052,0.25540009103916483,0.5108001820783297,0.11249026939428541,0.12373929633371397
709.5,0.8266561532082433,1.6533123064164865,0.2552181891826385,0.510436378365277,0.11239682914661284,0.12363651206127413
710.0,0.8265581710603378,1.6531163421206756,0.25503652364488516,0.5100730472897703,0.1123035909782467,0.12353395007607137
710.5,0.826460218302668,1.652920436605336,0.25485509411889,0.50971018823778,0.11221055445215854,0.1234316098973744
711.0,0.826362294926418,1.652724589852836,0.25467390029803716,0.5093478005960743,0.11211771913226506,0.12332949104549158
711.5,0.8262644009227749,1.6525288018455497,0.25449294187610894,0.5089858837522179,0.11202508458342608,0.1232275930417687
712.0,0.826166536282928,1.652333072565856,0.2543122185472856,0.5086244370945712,0.11193265037144244,0.1231259154085867
712.5,0.8260687009980696,1.6521374019961392,0.25413173000614464,0.5082634600122893,0.111840416063054,0.12302445766935942
713.0,0.8259708950593946,1.6519417901187892,0.2539514759476605,0.507902951895321,0.11174838122593767,0.12292321934853144
713.5,0.8258731184581003,1.6517462369162006,0.25377145606720364,0.5075429121344073,0.11165654542870526,0.1228221999715758
714.0,0.8257753711853868,1.6515507423707736,0.25359167006054045,0.5071833401210809,0.11156490824090158,0.12272139906499174
714.5,0.825677653232457,1.651355306464914,0.25341211762383253,0.5068242352476651,0.11147346923300236,0.1226208161563026
715.0,0.8255799645905162,1.6511599291810324,0.25323279845363633,0.5064655969072727,0.11138222797641217,0.12252045077405341
715.5,0.8254823052507725,1.650964610501545,0.2530537122469023,0.5061074244938046,0.11129118404346261,0.12242030244780888
716.0,0.8253846752044365,1.650769350408873,0.2528748587009747,0.5057497174019494,0.11120033700741008,0.1223203707081511
716.5,0.8252870744427214,1.6505741488854428,0.25269623751359105,0.5053924750271821,0.11110968644243394,0.12222065508667734
717.0,0.8251895029568432,1.6503790059136865,0.2525178483828815,0.505035696765763,0.11101923192363437,0.12212115511599782
717.5,0.8250919607380206,1.6501839214760412,0.2523396910073683,0.5046793820147366,0.11092897302703059,0.12202187032973366
718.0,0.8249944477774747,1.6499888955549493,0.25216176508596555,0.5043235301719311,0.11083890932955864,0.12192280026251452
718.5,0.8248969640664292,1.6497939281328584,0.2519840703179783,0.5039681406359566,0.11074904040906955,0.12182394444997652
719.0,0.8247995095961107,1.6495990191922214,0.2518066064031025,0.503613212806205,0.11065936584432734,0.12172530242876009
719.5,0.8247020843577483,1.6494041687154966,0.25162937304142385,0.5032587460828477,0.11056988521500691,0.12162687373650762
720.0,0.8246046883425737,1.6492093766851474,0.25145236993341813,0.5029047398668363,0.11048059810169233,0.12152865791186158
720.5,0.8245073215418213,1.6490146430836425,0.25127559677995004,0.5025511935599001,0.11039150408587459,0.12143065449446205
721.0,0.824409983946728,1.648819967893456,0.2510990532822728,0.5021981065645456,0.11030260274994985,0.12133286302494485
721.5,0.8243126755485335,1.648625351097067,0.2509227391420279,0.5018454782840558,0.11021389367721739,0.12123528304493913
722.0,0.8242153963384802,1.6484307926769604,0.2507466540612444,0.5014933081224888,0.11012537645187764,0.12113791409706542
722.5,0.8241181463078125,1.648236292615625,0.2505707977423386,0.5011415954846772,0.11003705065903033,0.12104075572493338
723.0,0.8240209254477784,1.6480418508955568,0.25039516988811295,0.5007903397762259,0.1099489158846724,0.12094380747313965
723.5,0.8239237337496277,1.6478474674992554,0.2502197702017567,0.5004395404035133,0.10986097171569617,0.1208470688872658
724.0,0.8238265712046133,1.6476531424092267,0.2500445983868441,0.5000891967736882,0.10977321773988738,0.12075053951387613
724.5,0.8237294378039905,1.647458875607981,0.2498696541473349,0.4997393082946698,0.10968565354592325,0.12065421890051559
725.0,0.8236323335390173,1.6472646670780347,0.24969493718757316,0.4993898743751463,0.10959827872337052,0.12055810659570759
725.5,0.8235352584009543,1.6470705168019086,0.24952044721228728,0.49904089442457455,0.1095110928626836,0.12046220214895197
726.0,0.8234382123810648,1.6468764247621297,0.24934618392658908,0.49869236785317816,0.10942409555520256,0.12036650511072283
726.5,0.8233411954706148,1.6466823909412296,0.24917214703597362,0.49834429407194725,0.1093372863931513,0.12027101503246643
727.0,0.8232442076608725,1.646488415321745,0.24899833624631848,0.49799667249263696,0.10925066496963559,0.12017573146659916
727.5,0.8231472489431091,1.6462944978862182,0.2488247512638834,0.4976495025277668,0.10916423087864116,0.12008065396650529
728.0,0.8230503193085983,1.6461006386171966,0.24865139179530968,0.49730278359061936,0.10907798371503183,0.11998578208653501
728.5,0.8229534187486165,1.645906837497233,0.24847825754761987,0.49695651509523975,0.10899192307454758,0.11989111538200235
729.0,0.8228565472544426,1.6457130945088851,0.24830534822821698,0.49661069645643396,0.10890604855380266,0.11979665340918294
729.5,0.822759704817358,1.645519409634716,0.24813266354488425,0.4962653270897685,0.1088203597502837,0.11970239572531208
730.0,0.8226628914286473,1.6453257828572947,0.24796020320578444,0.49592040641156887,0.10873485626234786,0.11960834188858264
730.5,0.8225661070795969,1.6451322141591938,0.24778796691945965,0.4955759338389193,0.1086495376892209,0.11951449145814301
731.0,0.8224693517614965,1.644938703522993,0.24761595439483047,0.49523190878966095,0.1085644036309953,0.11942084399409485
731.5,0.8223726254656378,1.6447452509312757,0.24744416534119565,0.4948883306823913,0.10847945368862844,0.11932739905749129
732.0,0.8222759281833156,1.6445518563666313,0.2472725994682317,0.4945451989364634,0.10839468746394064,0.11923415621033472
732.5,0.8221792599058273,1.6443585198116546,0.24710125648599232,0.49420251297198464,0.1083101045596134,0.11914111501557476
733.0,0.8220826206244726,1.6441652412489451,0.24693013610490766,0.4938602722098153,0.10822570457918745,0.1190482750371062
733.5,0.8219860103305539,1.6439720206611077,0.24675923803578434,0.4935184760715687,0.10814148712706095,0.11895563583976705
734.0,0.8218894290153764,1.6437788580307529,0.2465885619898046,0.4931771239796092,0.10805745180848758,0.11886319698933635
734.5,0.8217928766702477,1.6435857533404954,0.24641810767852584,0.4928362153570517,0.10797359822957475,0.11877095805253224
735.0,0.821696353286478,1.643392706572956,0.2462478748138802,0.4924957496277604,0.10788992599728174,0.11867891859700992
735.5,0.8215998588553806,1.6431997177107611,0.2460778631081742,0.4921557262163484,0.10780643471941777,0.11858707819135955
736.0,0.8215033933682705,1.643006786736541,0.24590807227408792,0.49181614454817585,0.10772312400464032,0.11849543640510436
736.5,0.821406956816466,1.642813913632932,0.24573850202467493,0.49147700404934985,0.10763999346245315,0.11840399280869847
737.0,0.821310549191288,1.642621098382576,0.2455691520733613,0.4911383041467226,0.10755704270320457,0.11831274697352503
737.5,0.8212141704840594,1.6424283409681188,0.24540002213394568,0.49080004426789137,0.10747427133808554,0.11822169847189411
738.0,0.8211178206861065,1.642235641372213,0.24523111192059843,0.49046222384119686,0.10739167897912788,0.11813084687704067
738.5,0.8210214997887577,1.6420429995775154,0.2450624211478612,0.4901248422957224,0.10730926523920253,0.11804019176312279
739.0,0.8209252077833441,1.6418504155666882,0.24489394953064655,0.4897878990612931,0.10722702973201753,0.11794973270521929
739.5,0.8208289446611994,1.6416578893223988,0.2447256967842375,0.489451393568475,0.10714497207211646,0.11785946927932811
740.0,0.8207327104136599,1.6414654208273198,0.24455766262428677,0.48911532524857354,0.1070630918748764,0.11776940106236405
740.5,0.8206365050320646,1.6412730100641293,0.2443898467668166,0.4887796935336332,0.10698138875650634,0.11767952763215699
741.0,0.820540328507755,1.64108065701551,0.24422224892821823,0.48844449785643645,0.1068998623340452,0.11758984856744974
741.5,0.820444180832075,1.64088836166415,0.24405486882525115,0.4881097376505023,0.10681851222536015,0.11750036344789618
742.0,0.8203480619963717,1.6406961239927433,0.24388770617504302,0.48777541235008604,0.10673733804914481,0.1174110718540593
742.5,0.8202519719919941,1.6405039439839881,0.24372076069508894,0.4874415213901779,0.10665633942491737,0.11732197336740911
743.0,0.8201559108102943,1.6403118216205885,0.24355403210325094,0.4871080642065019,0.10657551597301892,0.11723306757032083
743.5,0.8200598784426265,1.640119756885253,0.24338752011775772,0.48677504023551543,0.10649486731461158,0.11714435404607275
744.0,0.8199638748803482,1.6399277497606963,0.24322122445720398,0.48644244891440797,0.10641439307167683,0.11705583237884452
744.5,0.8198679001148187,1.6397358002296374,0.24305514484054996,0.4861102896810999,0.10633409286701362,0.11696750215371499
745.0,0.8197719541374004,1.639543908274801,0.24288928098712118,0.48577856197424235,0.1062539663242367,0.11687936295666038
745.5,0.8196760369394582,1.6393520738789165,0.24272363261660754,0.4854472652332151,0.10617401306777474,0.11679141437455222
746.0,0.8195801485123597,1.6391602970247194,0.24255819944906334,0.4851163988981267,0.10609423272286873,0.11670365599515561
746.5,0.8194842888474747,1.6389685776949494,0.24239298120490652,0.48478596240981303,0.1060146249155701,0.11661608740712712
747.0,0.8193884579361759,1.6387769158723517,0.24222797760491813,0.48445595520983625,0.10593518927273898,0.11652870820001289
747.5,0.8192926557698385,1.638585311539677,0.24206318837024207,0.48412637674048414,0.1058559254220425,0.11644151796424676
748.0,0.8191968823398403,1.6383937646796807,0.24189861322238457,0.48379722644476914,0.10577683299195301,0.11635451629114832
748.5,0.8191011376375618,1.6382022752751235,0.24173425188321346,0.4834685037664269,0.10569791161174638,0.11626770277292103
749.0,0.8190054216543858,1.6380108433087717,0.24157010407495813,0.48314020814991626,0.10561916091150014,0.11618107700265017
749.5,0.8189097343816981,1.6378194687633962,0.24140616952020874,0.4828123390404175,0.10554058052209195,0.11609463857430115
750.0,0.8188140758108866,1.6376281516217732,0.2412424479419158,0.4824848958838316,0.10546217007519765,0.11600838708271742
750.5,0.8187184459333423,1.6374368918666846,0.24107893906338984,0.4821578781267797,0.10538392920328973,0.11592232212361872
751.0,0.8186228447404582,1.6372456894809164,0.24091564260830087,0.48183128521660173,0.10530585753963548,0.11583644329359903
751.5,0.8185272722236303,1.6370545444472606,0.2407525583006777,0.4815051166013554,0.10522795471829527,0.1157507501901248
752.0,0.8184317283742573,1.6368634567485145,0.24058968586490798,0.48117937172981595,0.10515022037412092,0.11566524241153302
752.5,0.81833621318374,1.63667242636748,0.24042702502573712,0.48085405005147425,0.10507265414275394,0.11557991955702934
753.0,0.8182407266434819,1.6364814532869638,0.2402645755082683,0.4805291510165366,0.10499525566062379,0.11549478122668617
753.5,0.8181452687448897,1.6362905374897794,0.24010233703796185,0.4802046740759237,0.10491802456494623,0.11540982702144086
754.0,0.8180498394793718,1.6360996789587436,0.23994030934063465,0.4798806186812693,0.1048409604937216,0.11532505654309377
754.5,0.8179544388383395,1.635908877676679,0.2397784921424599,0.4795569842849198,0.10476406308573312,0.11524046939430645
755.0,0.8178590668132071,1.6357181336264142,0.23961688516996646,0.4792337703399329,0.1046873319805452,0.11515606517859972
755.5,0.8177637233953909,1.6355274467907819,0.23945548815003853,0.47891097630007706,0.10461076681850175,0.11507184350035193
756.0,0.81766840857631,1.63533681715262,0.2392943008099151,0.4785886016198302,0.10453436724072446,0.11498780396479691
756.5,0.8175731223473861,1.6351462446947722,0.23913332287718958,0.47826664575437916,0.10445813288911121,0.11490394617802234
757.0,0.8174778647000435,1.634955729400087,0.2389725540798091,0.4779451081596182,0.1043820634063343,0.11482026974696774
757.5,0.8173826356257088,1.6347652712514176,0.23881199414607446,0.4776239882921489,0.10430615843583879,0.11473677427942268
758.0,0.8172874351158116,1.6345748702316232,0.23865164280463935,0.4773032856092787,0.10423041762184085,0.11465345938402494
758.5,0.8171922631617837,1.6343845263235675,0.23849149978450984,0.4769829995690197,0.10415484060932614,0.11457032467025877
759.0,0.8170971197550598,1.6341942395101197,0.2383315648150443,0.4766631296300886,0.10407942704404807,0.11448736974845289
759.5,0.8170020048870767,1.6340040097741535,0.2381718376259526,0.4763436752519052,0.10400417657252611,0.11440459422977874
760.0,0.8169069185492746,1.633813837098549,0.23801231794729566,0.4760246358945913,0.10392908884204427,0.11432199772624871
760.5,0.8168118607330951,1.6336237214661902,0.23785300550948527,0.47570601101897053,0.10385416350064929,0.11423957985071423
761.0,0.8167168314299833,1.6334336628599666,0.2376939000432833,0.4753878000865666,0.10377940019714912,0.11415734021686405
761.5,0.8166218306313866,1.6332436612627732,0.23753500127980154,0.4750700025596031,0.1037047985811112,0.11407527843922233
762.0,0.8165268583287549,1.6330537166575099,0.23737630895050105,0.4747526179010021,0.10363035830286083,0.11399339413314692
762.5,0.8164319145135407,1.6328638290270814,0.23721782278719164,0.4744356455743833,0.10355607901347953,0.11391168691482749
763.0,0.8163369991771989,1.6326739983543979,0.2370595425220318,0.4741190850440636,0.10348196036480342,0.11383015640128377
763.5,0.8162421123111874,1.6324842246223747,0.23690146788752775,0.4738029357750555,0.10340800200942163,0.1137488022103638
764.0,0.8161472539069661,1.6322945078139321,0.23674359861653338,0.47348719723306676,0.1033342036006745,0.11366762396074195
764.5,0.8160524239559979,1.6321048479119957,0.2365859344422495,0.473171868884499,0.10326056479265219,0.11358662127191742
765.0,0.815957622449748,1.631915244899496,0.23642847509822376,0.4728569501964475,0.1031870852401929,0.1135057937642122
765.5,0.8158628493796843,1.6317256987593687,0.23627122031834968,0.47254244063669937,0.1031137645988813,0.11342514105876944
766.0,0.8157681047372773,1.6315362094745547,0.23611416983686673,0.47222833967373345,0.1030406025250469,0.1133446627775516
766.5,0.8156733885140001,1.6313467770280001,0.23595732338835956,0.4719146467767191,0.10296759867576247,0.11326435854333872
767.0,0.815578700701328,1.631157401402656,0.23580068070775756,0.4716013614155151,0.10289475270884244,0.11318422797972669
767.5,0.815484041290739,1.630968082581478,0.2356442415303347,0.4712884830606694,0.10282206428284119,0.11310427071112532
768.0,0.8153894102737141,1.6307788205474283,0.23548800559170857,0.47097601118341714,0.10274953305705159,0.11302448636275676
768.5,0.8152948076417363,1.6305896152834727,0.2353319726278405,0.470663945255681,0.10267715869150335,0.11294487456065369
769.0,0.8152002333862914,1.6304004667725829,0.23517614237503476,0.4703522847500695,0.10260494084696142,0.11286543493165757
769.5,0.8151056874988678,1.6302113749977356,0.23502051456993808,0.47004102913987617,0.10253287918492432,0.11278616710341675
770.0,0.8150111699709561,1.6300223399419123,0.23486508894953953,0.46973017789907906,0.10246097336762275,0.11270707070438503
770.5,0.81491668079405,1.6298333615881,0.2347098652511697,0.4694197305023394,0.10238922305801781,0.1126281453638196
771.0,0.8148222199596455,1.629644439919291,0.23455484321250059,0.46910968642500117,0.10231762791979954,0.1125493907117795
771.5,0.8147277874592409,1.6294555749184818,0.2344000225715449,0.4688000451430898,0.10224618761738527,0.11247080637912381
772.0,0.8146333832843373,1.6292667665686746,0.23424540306665564,0.4684908061333113,0.1021749018159181,0.11239239199750992
772.5,0.8145390074264386,1.6290780148528772,0.23409098443652587,0.46818196887305175,0.1021037701812653,0.11231414719939184
773.0,0.8144446598770507,1.6288893197541015,0.23393676642018804,0.4678735328403761,0.10203279238001678,0.11223607161801846
773.5,0.8143503406276824,1.6287006812553648,0.23378274875701366,0.4675654975140273,0.1019619680794835,0.11215816488743187
774.0,0.8142560496698449,1.6285120993396898,0.2336289311867129,0.4672578623734258,0.10189129694769586,0.11208042664246545
774.5,0.8141617869950522,1.6283235739901043,0.23347531344933398,0.46695062689866795,0.10182077865340226,0.1120028565187425
775.0,0.8140675525948204,1.6281351051896409,0.23332189528526287,0.46664379057052574,0.10175041286606747,0.11192545415267423
775.5,0.8139733464606687,1.6279466929213373,0.23316867643522288,0.46633735287044575,0.10168019925587105,0.11184821918145815
776.0,0.8138791685841182,1.6277583371682365,0.23301565664027407,0.46603131328054814,0.1016101374937059,0.1117711512430765
776.5,0.8137850189566933,1.6275700379133866,0.23286283564181298,0.46572567128362596,0.10154022725117665,0.11169424997629432
777.0,0.8136908975699202,1.6273817951398404,0.23271021318157217,0.46542042636314435,0.10147046820059813,0.11161751502065795
777.5,0.8135968044153281,1.6271936088306562,0.2325577890016195,0.465115578003239,0.10140086001499385,0.11154094601649324
778.0,0.8135027394844486,1.6270054789688972,0.2324055628443581,0.4648111256887162,0.10133140236809444,0.1114645426049039
778.5,0.8134087027688159,1.6268174055376319,0.23225353445252578,0.46450706890505156,0.10126209493433619,0.11138830442776981
779.0,0.8133146942599666,1.6266293885199332,0.23210170356919452,0.46420340713838903,0.10119293738885941,0.11131223112774537
779.5,0.8132207139494401,1.6264414278988801,0.23195006993777012,0.46390013987554024,0.10112392940750702,0.11123632234825773
780.0,0.813126761828778,1.626253523657556,0.23179863330199157,0.46359726660398315,0.10105507066682291,0.11116057773350521
780.5,0.8130328378895246,1.6260656757790493,0.23164739340593102,0.46329478681186204,0.1009863608440506,0.11108499692845568
781.0,0.8129389421232269,1.6258778842464539,0.23149634999399302,0.46299269998798603,0.10091779961713152,0.11100957957884468
781.5,0.8128450745214343,1.6256901490428686,0.23134550281091415,0.4626910056218283,0.10084938666470368,0.11093432533117406
782.0,0.8127512350756985,1.625502470151397,0.2311948516017626,0.4623897032035252,0.10078112166610004,0.11085923383271006
782.5,0.8126574237775741,1.6253148475551482,0.2310443961119379,0.4620887922238758,0.10071300430134705,0.11078430473148176
783.0,0.8125636406186181,1.6251272812372362,0.23089413608717008,0.46178827217434015,0.1006450342511632,0.11070953767627953
783.5,0.8124698855903898,1.6249397711807796,0.23074407127351973,0.46148814254703946,0.10057721119695742,0.11063493231665317
784.0,0.8123761586844516,1.6247523173689031,0.23059420141737733,0.46118840283475465,0.10050953482082771,0.11056048830291049
784.5,0.8122824598923678,1.6245649197847356,0.2304445262654627,0.4608890525309254,0.10044200480555951,0.11048620528611547
785.0,0.8121887892057056,1.6243775784114112,0.23029504556482489,0.46059009112964977,0.10037462083462433,0.11041208291808677
785.5,0.8120951466160347,1.6241902932320693,0.23014575906284146,0.4602915181256829,0.1003073825921782,0.11033812085139602
786.0,0.8120015321149272,1.6240030642298544,0.22999666650721812,0.45999333301443623,0.10024028976306025,0.11026431873936629
786.5,0.8119079456939577,1.6238158913879155,0.22984776764598844,0.4596955352919769,0.10017334203279117,0.1101906762360703
787.0,0.8118143873447037,1.6236287746894074,0.22969906222751332,0.45939812445502665,0.10010653908757174,0.11011719299632892
787.5,0.8117208570587446,1.6234417141174893,0.22955055000048058,0.45910110000096116,0.10003988061428143,0.11004386867570957
788.0,0.8116273548276629,1.6232547096553258,0.2294022307139046,0.4588044614278092,0.09997336630047682,0.10997070293052451
788.5,0.8115338806430433,1.6230677612860867,0.22925410411712557,0.45850820823425115,0.09990699583439028,0.10989769541782932
789.0,0.8114404344964732,1.6228808689929464,0.2291061699598096,0.4582123399196192,0.09984076890492834,0.10982484579542118
789.5,0.8113470163795424,1.6226940327590849,0.22895842799194793,0.45791685598389587,0.09977468520167038,0.10975215372183743
790.0,0.8112536262838435,1.622507252567687,0.22881087796385663,0.45762175592771326,0.09970874441486707,0.10967961885635379
790.5,0.8111602642009709,1.6223205284019417,0.22866351962617606,0.45732703925235213,0.09964294623543903,0.10960724085898294
791.0,0.8110669301225224,1.6221338602450448,0.2285163527298707,0.4570327054597414,0.09957729035497523,0.10953501939047276
791.5,0.8109736240400978,1.6219472480801955,0.22836937702622828,0.45673875405245656,0.09951177646573167,0.10946295411230485
792.0,0.8108803459452996,1.6217606918905991,0.22822259226685995,0.4564451845337199,0.09944640426062991,0.1093910446866929
792.5,0.8107870958297327,1.6215741916594655,0.2280759982036994,0.4561519964073988,0.09938117343325556,0.10931929077658112
793.0,0.8106938736850047,1.6213877473700093,0.22792959458900267,0.45585918917800533,0.09931608367785698,0.10924769204564269
793.5,0.8106006795027254,1.6212013590054508,0.22778338117534752,0.45556676235069504,0.09925113468934368,0.10917624815827806
794.0,0.8105075132745077,1.6210150265490153,0.22763735771563343,0.45527471543126685,0.09918632616328506,0.10910495877961357
794.5,0.8104143749919661,1.6208287499839322,0.2274915239630805,0.454983047926161,0.09912165779590884,0.10903382357549973
795.0,0.8103212646467186,1.6206425292934372,0.22734587967122977,0.45469175934245953,0.09905712928409968,0.10896284221250965
795.5,0.8102281822303852,1.6204563644607703,0.2272004245939423,0.4544008491878846,0.09899274032539787,0.10889201435793766
796.0,0.8101351277345884,1.6202702554691768,0.22705515848539903,0.45411031697079807,0.09892849061799772,0.1088213396797975
796.5,0.8100421011509533,1.6200842023019066,0.22691008110010025,0.4538201622002005,0.09886437986074627,0.1087508178468209
797.0,0.8099491024711074,1.6198982049422148,0.22676519219286498,0.45353038438572996,0.09880040775314186,0.10868044852845606
797.5,0.809856131686681,1.619712263373362,0.22662049151883107,0.45324098303766214,0.09873657399533274,0.10861023139486603
798.0,0.8097631887893066,1.6195263775786133,0.22647597883345427,0.45295195766690854,0.09867287828811558,0.10854016611692714
798.5,0.8096702737706196,1.6193405475412392,0.22633165389250814,0.4526633077850163,0.09860932033293415,0.10847025236622758
799.0,0.8095773866222573,1.6191547732445146,0.22618751645208351,0.45237503290416703,0.09854589983187793,0.10840048981506574
799.5,0.80948452733586,1.61896905467172,0.22604356626858807,0.45208713253717614,0.09848261648768061,0.10833087813644868
800.0,0.8093916959030705,1.618783391806141,0.22589980309874597,0.45179960619749193,0.09841947000371883,0.10826141700409071
800.5,0.8092988923155336,1.6185977846310673,0.22575622669959738,0.45151245339919477,0.09835646008401065,0.10819210609241173
801.0,0.8092061165648974,1.6184122331297948,0.22561283682849817,0.45122567365699634,0.09829358643321434,0.10812294507653579
801.5,0.8091133686428118,1.6182267372856236,0.22546963324311944,0.4509392664862389,0.0982308487566268,0.10805393363228949
802.0,0.8090206485409297,1.6180412970818594,0.2253266157014471,0.4506532314028942,0.09816824676018232,0.10798507143620056
802.5,0.8089279562509062,1.6178559125018124,0.22518378396178151,0.45036756792356303,0.09810578015045116,0.10791635816549627
803.0,0.8088352917643988,1.6176705835287977,0.2250411377827369,0.4500822755654738,0.0980434486346381,0.10784779349810192
803.5,0.808742655073068,1.617485310146136,0.22489867692324125,0.4497973538464825,0.09798125192058124,0.10777937711263938
804.0,0.8086500461685763,1.6173000923371526,0.22475640114253564,0.4495128022850713,0.09791918971675045,0.10771110868842551
804.5,0.808557465042589,1.617114930085178,0.22461431020017403,0.44922862040034806,0.09785726173224613,0.10764298790547075
805.0,0.8084649116867737,1.6169298233735474,0.22447240385602268,0.44894480771204537,0.09779546767679771,0.10757501444447749
805.5,0.8083723860928007,1.6167447721856014,0.22433068187025978,0.44866136374051957,0.0977338072607625,0.10750718798683875
806.0,0.8082798882523428,1.6165597765046855,0.22418914400337514,0.4483782880067503,0.09767228019512408,0.1074395082146365
806.5,0.8081874181570747,1.6163748363141495,0.2240477900161698,0.4480955800323396,0.09761088619149119,0.10737197481064031
807.0,0.8080949757986748,1.6161899515973497,0.22390661966975542,0.44781323933951084,0.09754962496209621,0.10730458745830584
807.5,0.8080025611688227,1.6160051223376455,0.2237656327255541,0.4475312654511082,0.09748849621979382,0.1072373458417732
808.0,0.8079101742592014,1.6158203485184028,0.22362482894529798,0.44724965789059595,0.09742749967805978,0.10717024964586576
808.5,0.8078178150614961,1.6156356301229922,0.22348420809102845,0.4469684161820569,0.09736663505098941,0.10710329855608837
809.0,0.8077254835673942,1.6154509671347883,0.22334376992509633,0.44668753985019266,0.09730590205329648,0.10703649225862613
809.5,0.8076331797685861,1.6152663595371721,0.2232035142101611,0.4464070284203222,0.09724530040031157,0.10696983044034274
810.0,0.8075409036567643,1.6150818073135287,0.2230634407091905,0.446126881418381,0.09718482980798102,0.10690331278877913
810.5,0.8074486552236242,1.6148973104472484,0.22292354918546042,0.44584709837092085,0.09712448999286546,0.10683693899215202
811.0,0.8073564344608631,1.6147128689217263,0.222783839402554,0.445567678805108,0.09706428067213849,0.10677070873935235
811.5,0.8072642413601814,1.6145284827203628,0.22264431112436173,0.44528862224872345,0.09700420156358533,0.10670462171994387
812.0,0.8071720759132817,1.6143441518265633,0.2225049641150808,0.4450099282301616,0.09694425238560161,0.10663867762416178
812.5,0.807079938111869,1.614159876223738,0.2223657981392147,0.4447315962784294,0.09688443285719192,0.10657287614291112
813.0,0.8069878279476508,1.6139756558953016,0.22222681296157293,0.44445362592314586,0.09682474269796856,0.10650721696776543
813.5,0.8068957454123374,1.6137914908246749,0.22208800834727055,0.4441760166945411,0.09676518162815022,0.10644169979096525
814.0,0.8068036904976413,1.6136073809952827,0.2219493840617276,0.4438987681234552,0.09670574936856063,0.1063763243054167
814.5,0.8067116631952775,1.613423326390555,0.22181093987066908,0.44362187974133815,0.09664644564062734,0.10631109020469008
815.0,0.8066196634969638,1.6132393269939276,0.22167267554012426,0.44334535108024853,0.09658727016638033,0.10624599718301837
815.5,0.8065276913944199,1.6130553827888399,0.22153459083642646,0.4430691816728529,0.09652822266845068,0.10618104493529576
816.0,0.8064357468793684,1.6128714937587367,0.2213966855262124,0.4427933710524248,0.09646930287006944,0.1061162331570764
816.5,0.8063438299435344,1.6126876598870687,0.22125895937642215,0.4425179187528443,0.0964105104950661,0.10605156154457272
817.0,0.8062519405786451,1.6125038811572903,0.2211214121542984,0.4422428243085968,0.09635184526786748,0.10598702979465424
817.5,0.8061600787764309,1.6123201575528618,0.22098404362738638,0.44196808725477277,0.09629330691349636,0.105922637604846
818.0,0.8060682445286238,1.6121364890572476,0.22084685356353317,0.44169370712706635,0.0962348951575702,0.10585838467332723
818.5,0.805976437826959,1.611952875653918,0.22070984173088765,0.4414196834617753,0.0961766097262998,0.10579427069892978
819.0,0.8058846586631738,1.6117693173263477,0.22057300789789974,0.4411460157957995,0.09611845034648818,0.10573029538113701
819.5,0.8057929070290082,1.6115858140580164,0.22043635183332017,0.44087270366664033,0.09606041674552912,0.10566645842008204
820.0,0.8057011829162044,1.6114023658324088,0.2202998733062002,0.4405997466124004,0.09600250865140594,0.10560275951654655
820.5,0.8056094863165071,1.6112189726330142,0.22016357208589107,0.44032714417178215,0.09594472579269032,0.10553919837195937
821.0,0.8055178172216639,1.6110356344433279,0.2200274479420437,0.4400548958840874,0.09588706789854086,0.10547577468839496
821.5,0.8054261756234244,1.610852351246849,0.2198915006446083,0.4397830012892166,0.09582953469870192,0.10541248816857213
822.0,0.805334561513541,1.610669123027082,0.2197557299638339,0.4395114599276678,0.09577212592350237,0.10534933851585261
822.5,0.8052429748837684,1.6104859497675368,0.21962013567026792,0.43924027134053584,0.09571484130385424,0.10528632543423967
823.0,0.8051514157258637,1.6103028314517274,0.219484717534756,0.438969435069512,0.09565768057125155,0.10522344862837672
823.5,0.8050598840315865,1.610119768063173,0.21934947532844157,0.43869895065688314,0.09560064345776895,0.10516070780354585
824.0,0.8049683797926992,1.6099367595853984,0.2192144088227651,0.4384288176455302,0.09554372969606056,0.10509810266566663
824.5,0.8048769030009661,1.6097538060019323,0.21907951778946433,0.43815903557892866,0.09548693901935867,0.10503563292129454
825.0,0.8047854536481547,1.6095709072963094,0.2189448020005733,0.4378896040011466,0.09543027116147251,0.10497329827761977
825.5,0.8046940317260343,1.6093880634520685,0.2188102612284223,0.4376205224568446,0.09537372585678695,0.10491109844246566
826.0,0.8046026372263768,1.6092052744527536,0.21867589524563735,0.4373517904912747,0.09531730284026135,0.10484903312428749
826.5,0.8045112701409569,1.6090225402819138,0.21854170382513993,0.43708340765027986,0.0952610018474282,0.10478710203217102
827.0,0.8044199304615516,1.6088398609231032,0.21840768674014657,0.43681537348029315,0.095204822614392,0.10472530487583122
827.5,0.8043286181799403,1.6086572363598806,0.21827384376416836,0.4365476875283367,0.09514876487782795,0.10466364136561075
828.0,0.8042373332879047,1.6084746665758094,0.21814017467101054,0.4362803493420211,0.09509282837498069,0.10460211121247877
828.5,0.8041460757772294,1.6082921515544588,0.2180066792347724,0.4360133584695448,0.09503701284366317,0.1045407141280295
829.0,0.804054845639701,1.608109691279402,0.21787335722984658,0.43574671445969315,0.09498131802225532,0.10447944982448086
829.5,0.8039636428671091,1.6079272857342182,0.21774020843091885,0.4354804168618377,0.0949257436497029,0.10441831801467319
830.0,0.8038724674512451,1.6077449349024902,0.21760723261296772,0.43521446522593543,0.09487028946551619,0.10435731841206781
830.5,0.8037813193839034,1.6075626387678068,0.21747442955126411,0.43494885910252823,0.09481495520976886,0.10429645073074575
831.0,0.8036901986568807,1.6073803973137615,0.21734179902137069,0.43468359804274137,0.09475974062309672,0.1042357146854064
831.5,0.8035991052619761,1.6071982105239522,0.2172093407991419,0.4344186815982838,0.09470464544669645,0.1041751099913661
832.0,0.8035080391909911,1.6070160783819822,0.21707705466072327,0.43415410932144655,0.0946496694223245,0.10411463636455696
832.5,0.8034170004357299,1.6068340008714599,0.21694494038255124,0.4338898807651025,0.09459481229229572,0.1040542935215253
833.0,0.8033259889879989,1.6066519779759978,0.2168129977413526,0.4336259954827052,0.09454007379948234,0.10399408117943058
833.5,0.8032350048396072,1.6064700096792144,0.21668122651414434,0.4333624530282887,0.09448545368731262,0.10393399905604389
834.0,0.8031440479823662,1.6062880959647323,0.21654962647823295,0.4330992529564659,0.09443095169976969,0.10387404686974666
834.5,0.8030531184080896,1.6061062368161791,0.21641819741121443,0.43283639482242886,0.09437656758139037,0.10381422433952942
835.0,0.8029622161085938,1.6059244322171875,0.21628693909097352,0.43257387818194704,0.09432230107726398,0.1037545311849904
835.5,0.8028713410756977,1.6057426821513954,0.2161558512956837,0.4323117025913674,0.09426815193303112,0.10369496712633423
836.0,0.8027804933012225,1.605560986602445,0.21602493380380663,0.43204986760761327,0.09421411989488242,0.10363553188437066
836.5,0.8026896727769919,1.6053793455539838,0.21589418639409158,0.43178837278818316,0.09416020470955751,0.10357622518051326
837.0,0.802598879494832,1.605197758989664,0.21576360884557547,0.43152721769115093,0.09410640612434364,0.10351704673677802
837.5,0.8025081134465717,1.6050162268931434,0.21563320093758218,0.43126640187516435,0.09405272388707467,0.10345799627578214
838.0,0.8024173746240415,1.604834749248083,0.21550296244972234,0.43100592489944467,0.09399915774612977,0.10339907352074275
838.5,0.8023266630190754,1.6046533260381508,0.2153728931618929,0.4307457863237858,0.09394570745043228,0.10334027819547552
839.0,0.8022359786235091,1.6044719572470183,0.2152429928542767,0.4304859857085534,0.09389237274944856,0.10328161002439343
839.5,0.8021453214291812,1.6042906428583623,0.21511326130734215,0.4302265226146843,0.09383915339318674,0.10322306873250542
840.0,0.8020546914279323,1.6041093828558646,0.214983698301843,0.429967396603686,0.09378604913219565,0.10316465404541522
840.5,0.801964088611606,1.603928177223212,0.21485430361881763,0.42970860723763527,0.09373305971756356,0.10310636568931993
841.0,0.8018735129720478,1.6037470259440956,0.21472507703958904,0.4294501540791781,0.09368018490091708,0.10304820339100879
841.5,0.8017829645011059,1.6035659290022117,0.21459601834576436,0.4291920366915287,0.09362742443441992,0.10299016687786192
842.0,0.8016924431906309,1.6033848863812619,0.21446712731923429,0.42893425463846857,0.09357477807077183,0.10293225587784902
842.5,0.8016019490324763,1.6032038980649526,0.21433840374217294,0.4286768074843459,0.09352224556320735,0.10287447011952809
843.0,0.8015114820184971,1.6030229640369942,0.21420984739703744,0.4284196947940749,0.09346982666549469,0.10281680933204417
843.5,0.8014210421405515,1.602842084281103,0.2140814580665676,0.4281629161331352,0.09341752113193463,0.10275927324512811
844.0,0.8013306293905,1.602661258781,0.21395323553378537,0.42790647106757074,0.09336532871735924,0.10270186158909517
844.5,0.8012402437602053,1.6024804875204106,0.2138251795819947,0.4276503591639894,0.09331324917713082,0.10264457409484391
845.0,0.8011498852415326,1.6022997704830653,0.21369728999478088,0.42739457998956176,0.09326128226714078,0.10258741049385486
845.5,0.8010595538263501,1.6021191076527002,0.2135695665560106,0.4271391331120212,0.09320942774380842,0.10253037051818926
846.0,0.8009692495065274,1.6019384990130547,0.21344200904983113,0.42688401809966225,0.09315768536407981,0.1024734539004878
846.5,0.8008789722739373,1.6017579445478747,0.2133146172606703,0.4266292345213406,0.09310605488542668,0.10241666037396936
847.0,0.800788722120455,1.60157744424091,0.21318739097323597,0.42637478194647194,0.0930545360658453,0.10235998967242983
847.5,0.800698499037958,1.601396998075916,0.21306032997251567,0.42612065994503134,0.09300312866385523,0.10230344153024075
848.0,0.800608303018326,1.601216606036652,0.21293343404377627,0.42586686808755253,0.09295183243849835,0.10224701568234819
848.5,0.8005181340534415,1.601036268106883,0.2128067029725636,0.4256134059451272,0.09290064714933759,0.10219071186427135
849.0,0.8004279921351893,1.6008559842703787,0.21268013654470214,0.4253602730894043,0.09284957255645591,0.10213452981210151
849.5,0.8003378772554566,1.6006757545109132,0.2125537345462946,0.4251074690925892,0.09279860842045509,0.10207846926250061
850.0,0.800247789406133,1.600495578812266,0.2124274967637216,0.4248549935274432,0.0927477545024547,0.10202252995270018
850.5,0.8001577285791106,1.6003154571582212,0.21230142298364119,0.42460284596728237,0.09269701056409084,0.10196671162049993
851.0,0.8000676947662841,1.6001353895325683,0.2121755129929887,0.4243510259859774,0.0926463763675152,0.10191101400426673
851.5,0.7999776879595503,1.5999553759191005,0.2120497665789762,0.4240995331579524,0.0925958516753938,0.10185543684293319
852.0,0.7998877081508086,1.5997754163016171,0.21192418352909223,0.42384836705818446,0.09254543625090594,0.10179997987599655
852.5,0.7997977553319608,1.5995955106639217,0.2117987636311014,0.4235975272622028,0.09249512985774312,0.10174464284351745
853.0,0.7997078294949111,1.5994156589898223,0.2116735066730441,0.4233470133460882,0.09244493226010783,0.10168942548611862
853.5,0.7996179306315665,1.599235861263133,0.21154841244323594,0.4230968248864719,0.09239484322271256,0.10163432754498382
854.0,0.7995280587338357,1.5990561174676714,0.2114234807302677,0.4228469614605354,0.09234486251077861,0.10157934876185648
854.5,0.7994382137936304,1.598876427587261,0.21129871132300476,0.4225974226460095,0.09229498989003508,0.1015244888790386
855.0,0.7993483958028647,1.5986967916057293,0.21117410401058678,0.42234820802117357,0.09224522512671768,0.10146974763938946
855.5,0.7992586047534546,1.5985172095069091,0.21104965858242736,0.4220993171648547,0.09219556798756763,0.1014151247863244
856.0,0.7991688406373192,1.5983376812746384,0.2109253748282138,0.4218507496564276,0.09214601823983071,0.10136062006381379
856.5,0.7990791034463797,1.5981582068927593,0.21080125253790638,0.42160250507581276,0.09209657565125598,0.10130623321638159
857.0,0.7989893931725596,1.5979787863451191,0.21067729150173842,0.42135458300347683,0.09204723999009484,0.10125196398910434
857.5,0.7988997098077852,1.5977994196155705,0.21055349151021582,0.42110698302043165,0.09199801102509982,0.10119781212760981
858.0,0.7988100533439849,1.5976201066879698,0.21042985235411651,0.42085970470823303,0.09194888852552363,0.101143777378076
858.5,0.7987204237730896,1.5974408475461792,0.21030637382449036,0.4206127476489807,0.09189987226111794,0.10108985948722975
859.0,0.7986308210870325,1.597261642174065,0.2101830557126585,0.420366111425317,0.09185096200213241,0.10103605820234567
859.5,0.7985412452777496,1.5970824905554992,0.21005989781021336,0.42011979562042673,0.09180215751931359,0.10098237327124496
860.0,0.798451696337179,1.596903392674358,0.20993689990901804,0.4198737998180361,0.09175345858390374,0.10092880444229413
860.5,0.7983621742572613,1.5967243485145226,0.2098140618012061,0.4196281236024122,0.09170486496763998,0.10087535146440399
861.0,0.7982726790299395,1.596545358059879,0.20969138327918108,0.41938276655836215,0.09165637644275294,0.10082201408702825
861.5,0.7981832106471589,1.5963664212943178,0.20956886413561626,0.4191377282712325,0.09160799278196594,0.10076879206016254
862.0,0.7980937691008674,1.5961875382017348,0.20944650416345423,0.41889300832690846,0.09155971375849378,0.10071568513434317
862.5,0.7980043543830155,1.596008708766031,0.2093243031559066,0.4186486063118132,0.09151153914604171,0.10066269306064589
863.0,0.7979149664855556,1.5958299329711112,0.20920226090645366,0.4184045218129073,0.09146346871880442,0.10060981559068488
863.5,0.7978256054004429,1.5956512108008858,0.209080377208844,0.418160754417688,0.09141550225146491,0.10055705247661141
864.0,0.797736271119635,1.59547254223927,0.2089586518570941,0.4179173037141882,0.09136763951919347,0.10050440347111282
864.5,0.7976469636350916,1.5952939272701832,0.2088370846454882,0.4176741692909764,0.09131988029764658,0.10045186832741125
865.0,0.797557682938775,1.59511536587755,0.20871567536857752,0.41743135073715504,0.09127222436296598,0.10039944679926258
865.5,0.7974684290226502,1.5949368580453005,0.20859442382118043,0.41718884764236086,0.09122467149177746,0.10034713864095521
866.0,0.7973792018786843,1.5947584037573685,0.2084733297983818,0.4169466595967636,0.09117722146118995,0.10029494360730895
866.5,0.7972900014988467,1.5945800029976933,0.20835239309553266,0.4167047861910653,0.09112987404879438,0.10024286145367384
867.0,0.7972008278751093,1.5944016557502185,0.20823161350825004,0.41646322701650007,0.0910826290326627,0.10019089193592898
867.5,0.7971116809994467,1.5942233619988935,0.20811099083241627,0.41622198166483254,0.09103548619134681,0.1001390348104815
868.0,0.7970225608638357,1.5940451217276714,0.2079905248641791,0.4159810497283582,0.0909884453038775,0.10008728983426525
868.5,0.7969334674602553,1.5938669349205106,0.20787021539995099,0.41574043079990197,0.09094150614976347,0.10003565676473983
869.0,0.7968444007806871,1.5936888015613742,0.2077500622364089,0.4155001244728178,0.09089466850899024,0.09998413535988927
869.5,0.7967553608171152,1.5935107216342304,0.207630065170494,0.415260130340988,0.0908479321620192,0.09993272537822112
870.0,0.796666347561526,1.593332695123052,0.20751022399941121,0.41502044799882243,0.09080129688978644,0.0998814265787651
870.5,0.7965773610059084,1.5931547220118167,0.20739053852062891,0.41478107704125783,0.0907547624737019,0.09983023872107209
871.0,0.7964884011422533,1.5929768022845066,0.20727100853187858,0.41454201706375715,0.09070832869564821,0.09977916156521303
871.5,0.7963994679625546,1.5927989359251091,0.20715163383115454,0.41430326766230907,0.09066199533797971,0.09972819487177768
872.0,0.7963105614588082,1.5926211229176164,0.2070324142167135,0.414064828433427,0.09061576218352145,0.09967733840187361
872.5,0.7962216816230125,1.592443363246025,0.20691334948707435,0.4138266989741487,0.09056962901556814,0.09962659191712496
873.0,0.7961328284471684,1.5922656568943367,0.2067944394410176,0.4135888788820352,0.09052359561788317,0.0995759551796715
873.5,0.796044001923279,1.592088003846558,0.20667568387758523,0.41335136775517045,0.09047766177469757,0.09952542795216733
874.0,0.79595520204335,1.5919104040867,0.20655708259608035,0.4131141651921607,0.09043182727070896,0.09947500999777986
874.5,0.7958664287993894,1.5917328575987788,0.20643863539606677,0.41287727079213354,0.09038609189108066,0.09942470108018873
875.0,0.7957776821834075,1.591555364366815,0.20632034207736866,0.4126406841547373,0.09034045542144055,0.0993745009635846
875.5,0.7956889621874172,1.5913779243748345,0.20620220244007037,0.41240440488014074,0.09029491764788017,0.0993244094126682
876.0,0.7956002688034339,1.5912005376068679,0.20608421628451576,0.4121684325690315,0.0902494783569536,0.09927442619264897
876.5,0.7955116020234749,1.5910232040469499,0.20596638341130827,0.41193276682261654,0.09020413733567664,0.09922455106924431
877.0,0.7954229618395602,1.5908459236791204,0.2058487036213103,0.4116974072426206,0.09015889437152558,0.09917478380867814
877.5,0.7953343482437123,1.5906686964874246,0.20573117671564298,0.41146235343128595,0.09011374925243643,0.09912512417768007
878.0,0.795245761227956,1.590491522455912,0.20561380249568578,0.41122760499137156,0.09006870176680373,0.09907557194348411
878.5,0.7951572007843184,1.5903144015686368,0.20549658076307636,0.41099316152615273,0.09002375170347973,0.09902612687382771
879.0,0.795068666904829,1.590137333809658,0.20537951131970983,0.41075902263941966,0.08997889885177329,0.09897678873695064
879.5,0.7949801595815198,1.5899603191630396,0.20526259396773883,0.41052518793547765,0.0899341430014489,0.0989275573015938
880.0,0.7948916788064252,1.5897833576128504,0.20514582850957305,0.4102916570191461,0.08988948394272575,0.09887843233699833
880.5,0.7948032245715819,1.5896064491431638,0.2050292147478788,0.4100584294957576,0.0898449214662767,0.09882941361290438
881.0,0.7947147968690291,1.5894295937380583,0.20491275248557886,0.4098255049711577,0.08980045536322731,0.09878050089955005
881.5,0.7946263956908082,1.5892527913816163,0.20479644152585189,0.40959288305170377,0.08975608542515488,0.09873169396767038
882.0,0.794538021028963,1.589076042057926,0.20468028167213237,0.40936056334426474,0.08971181144408744,0.0986829925884962
882.5,0.7944496728755399,1.5888993457510798,0.20456427272811012,0.40912854545622024,0.08966763321250279,0.09863439653375308
883.0,0.7943613512225876,1.588722702445175,0.20444841449773002,0.40889682899546004,0.08962355052332753,0.09858590557566028
883.5,0.794273056062157,1.588546112124314,0.2043327067851916,0.4086654135703832,0.08957956316993614,0.09853751948692975
884.0,0.7941847873863018,1.5883695747726037,0.2042171493949489,0.4084342987898978,0.08953567094614986,0.09848923804076486
884.5,0.7940965451870776,1.5881930903741552,0.20410174213170973,0.40820348426341946,0.08949187364623593,0.09844106101085953
885.0,0.7940083294565428,1.5880166589130855,0.2039864848004359,0.4079729696008718,0.08944817106490642,0.09839298817139706
885.5,0.7939201401867576,1.5878402803735152,0.2038713772063425,0.407742754412685,0.08940456299731747,0.09834501929704922
886.0,0.7938319773697853,1.5876639547395706,0.20375641915489762,0.40751283830979523,0.08936104923906814,0.09829715416297496
886.5,0.7937438409976914,1.5874876819953827,0.2036416104518221,0.4072832209036442,0.0893176295861996,0.09824939254481957
887.0,0.7936557310625431,1.5873114621250861,0.20352695090308934,0.4070539018061787,0.08927430383519407,0.09820173421871348
887.5,0.7935676475564108,1.5871352951128217,0.20341244031492453,0.40682488062984906,0.08923107178297393,0.09815417896127134
888.0,0.7934795904713672,1.5869591809427344,0.20329807849380482,0.40659615698760965,0.08918793322690075,0.09810672654959082
888.5,0.7933915597994867,1.5867831195989734,0.20318386524645865,0.4063677304929173,0.08914488796477432,0.09805937676125176
889.0,0.7933035555328469,1.5866071110656939,0.20306980037986566,0.4061396007597313,0.08910193579483176,0.09801212937431494
889.5,0.7932155776635272,1.5864311553270545,0.20295588370125622,0.40591176740251245,0.08905907651574647,0.09796498416732113
890.0,0.7931276261836098,1.5862552523672195,0.20284211501811106,0.4056842300362221,0.08901630992662733,0.09791794091929007
890.5,0.793039701085179,1.586079402170358,0.20272849413816107,0.40545698827632215,0.0889736358270176,0.09787099940971937
891.0,0.7929518023603214,1.5859036047206427,0.20261502086938699,0.40523004173877397,0.0889310540168941,0.09782415941858352
891.5,0.7928639300011262,1.5857278600022524,0.20250169502001894,0.4050033900400379,0.08888856429666625,0.09777742072633289
892.0,0.7927760839996849,1.5855521679993698,0.20238851639853617,0.40477703279707233,0.08884616646717507,0.09773078311389258
892.5,0.7926882643480914,1.5853765286961827,0.20227548481366692,0.40455096962733383,0.08880386032969233,0.09768424636266157
893.0,0.7926004710384419,1.5852009420768838,0.20216260007438758,0.40432520014877515,0.08876164568591954,0.0976378102545115
893.5,0.7925127040628349,1.5850254081256698,0.20204986198992309,0.40409972397984617,0.08871952233798713,0.09759147457178585
894.0,0.7924249634133715,1.584849926826743,0.20193727036974593,0.40387454073949186,0.0886774900884534,0.09754523909729874
894.5,0.7923372490821551,1.5846744981643102,0.2018248250235763,0.4036496500471526,0.08863554874030365,0.09749910361433402
895.0,0.7922495610612912,1.5844991221225824,0.20171252576138154,0.4034250515227631,0.08859369809694927,0.0974530679066442
895.5,0.792161899342888,1.584323798685776,0.20160037239337592,0.40320074478675183,0.0885519379622268,0.09740713175844948
896.0,0.792074263919056,1.584148527838112,0.20148836473002013,0.40297672946004026,0.08851026814039703,0.09736129495443674
896.5,0.7919866547819079,1.5839733095638158,0.20137650258202122,0.40275300516404244,0.08846868843614404,0.09731555727975845
897.0,0.791899071923559,1.583798143847118,0.20126478576033213,0.40252957152066426,0.08842719865457434,0.09726991852003178
897.5,0.7918115153361267,1.5836230306722534,0.20115321407615144,0.4023064281523029,0.08838579860121588,0.09722437846133748
898.0,0.791723985011731,1.583447970023462,0.20104178734092296,0.4020835746818459,0.08834448808201727,0.097178936890219
898.5,0.7916364809424942,1.5832729618849883,0.20093050536633544,0.4018610107326709,0.08830326690334668,0.09713359359368136
899.0,0.7915490031205408,1.5830980062410815,0.20081936796432237,0.40163873592864474,0.08826213487199114,0.09708834835919027
899.5,0.7914615515379979,1.5829231030759958,0.20070837494706145,0.4014167498941229,0.08822109179515546,0.097043200974671
900.0,0.7913741261869949,1.5827482523739898,0.20059752612697454,0.4011950522539491,0.08818013748046144,0.09699815122850759
900.5,0.7912867270596633,1.5825734541193266,0.20048682131672707,0.40097364263345414,0.08813927173594693,0.09695319890954164
901.0,0.7911993541481375,1.582398708296275,0.2003762603292279,0.4007525206584558,0.0880984943700649,0.09690834380707139
901.5,0.7911120074445537,1.5822240148891074,0.20026584297762887,0.40053168595525773,0.08805780519168258,0.09686358571085084
902.0,0.7910246869410507,1.5820493738821013,0.20015556907532467,0.40031113815064934,0.08801720401008056,0.09681892441108862
902.5,0.7909373926297698,1.5818747852595396,0.2000454384359524,0.4000908768719048,0.08797669063495193,0.09677435969844714
903.0,0.7908501245028544,1.5817002490057088,0.19993545087339126,0.3998709017467825,0.08793626487640127,0.0967298913640414
903.5,0.7907628825524504,1.5815257651049008,0.1998256062017622,0.3996512124035244,0.0878959265449439,0.0966855191994383
904.0,0.790675666770706,1.581351333541412,0.19971590423542773,0.39943180847085547,0.08785567545150491,0.09664124299665541
904.5,0.790588477149772,1.581176954299544,0.19960634478899147,0.39921268957798295,0.08781551140741828,0.09659706254816011
905.0,0.7905013136818009,1.5810026273636018,0.19949692767729796,0.3989938553545959,0.08777543422442605,0.09655297764686865
905.5,0.7904141763589483,1.5808283527178966,0.19938765271543224,0.3987753054308645,0.08773544371467734,0.09650898808614508
906.0,0.7903270651733718,1.5806541303467436,0.19927851971871957,0.39855703943743914,0.08769553969072758,0.09646509365980034
906.5,0.7902399801172314,1.5804799602344628,0.1991695285027253,0.3983390570054506,0.08765572196553756,0.09642129416209132
907.0,0.7901529211826893,1.5803058423653786,0.19906067888325404,0.3981213577665081,0.08761599035247256,0.09637758938771981
907.5,0.7900658883619104,1.5801317767238208,0.19895197067635004,0.3979039413527001,0.08757634466530151,0.09633397913183167
908.0,0.7899788816470616,1.5799577632941233,0.19884340369829634,0.3976868073965927,0.08753678471819606,0.09629046319001568
908.5,0.7898919010303123,1.5797838020606245,0.19873497776561477,0.39746995553122955,0.0874973103257298,0.09624704135830278
909.0,0.7898049465038344,1.5796098930076687,0.1986266926950655,0.397253385390131,0.08745792130287726,0.09620371343316499
909.5,0.7897180180598018,1.5794360361196036,0.19851854830364668,0.39703709660729336,0.08741861746501318,0.09616047921151451
910.0,0.789631115690391,1.579262231380782,0.19841054440859426,0.3968210888171885,0.08737939862791155,0.09611733849070271
910.5,0.7895442393877808,1.5790884787755617,0.19830268082738167,0.39660536165476334,0.08734026460774477,0.09607429106851925
911.0,0.7894573891441525,1.578914778288305,0.19819495737771942,0.39638991475543883,0.08730121522108283,0.09603133674319113
911.5,0.7893705649516893,1.5787411299033787,0.19808737387755482,0.39617474775510964,0.0872622502848924,0.09598847531338164
912.0,0.7892837668025772,1.5785675336051543,0.1979799301450718,0.3959598602901436,0.08722336961653598,0.09594570657818959
912.5,0.7891969946890042,1.5783939893780083,0.19787262599869032,0.39574525199738064,0.08718457303377104,0.09590303033714816
913.0,0.7891102486031609,1.5782204972063218,0.19776546125706645,0.3955309225141329,0.08714586035474922,0.09586044639022415
913.5,0.7890235285372402,1.5780470570744805,0.1976584357390917,0.3953168714781834,0.0871072313980154,0.09581795453781695
914.0,0.7889368344834373,1.5778736689668746,0.19755154926389293,0.39510309852778586,0.08706868598250692,0.09577555458075762
914.5,0.7888501664339498,1.5777003328678996,0.19744480165083197,0.39488960330166395,0.08703022392755264,0.09573324632030791
915.0,0.7887635243809774,1.5775270487619548,0.19733819271950537,0.39467638543901074,0.08699184505287219,0.09569102955815942
915.5,0.7886769083167223,1.5773538166334446,0.19723172228974395,0.3944634445794879,0.08695354917857509,0.0956489040964326
916.0,0.7885903182333893,1.5771806364667786,0.19712539018161268,0.39425078036322536,0.08691533612515989,0.09560686973767589
916.5,0.788503754123185,1.57700750824637,0.19701919621541025,0.3940383924308205,0.08687720571351334,0.09556492628486468
917.0,0.7884172159783187,1.5768344319566374,0.19691314021166884,0.39382628042333767,0.08683915776490957,0.09552307354140054
917.5,0.7883307037910022,1.5766614075820045,0.19680722199115383,0.39361444398230766,0.08680119210100917,0.0954813113111101
918.0,0.7882442175534492,1.5764884351068984,0.1967014413748634,0.3934028827497268,0.0867633085438585,0.09543963939824436
918.5,0.788157757257876,1.576315514515752,0.19659579818402817,0.39319159636805634,0.08672550691588872,0.0953980576074776
919.0,0.7880713228965011,1.5761426457930021,0.19649029224011122,0.39298058448022244,0.08668778703991502,0.09535656574390652
919.5,0.7879849144615454,1.5759698289230908,0.1963849233648075,0.392769846729615,0.08665014873913579,0.09531516361304938
920.0,0.7878985319452323,1.5757970638904646,0.19627969138004348,0.39255938276008695,0.0866125918371318,0.09527385102084499
920.5,0.7878121753397872,1.5756243506795744,0.19617459610797722,0.39234919221595443,0.08657511615786528,0.09523262777365182
921.0,0.7877258446374381,1.5754516892748762,0.19606963737099758,0.39213927474199517,0.08653772152567926,0.0951914936782472
921.5,0.7876395398304152,1.5752790796608305,0.1959648149917243,0.3919296299834486,0.0865004077652966,0.09515044854182628
922.0,0.787553260910951,1.575106521821902,0.19586012879300752,0.39172025758601503,0.08646317470181927,0.09510949217200121
922.5,0.7874670078712807,1.5749340157425613,0.19575557859792753,0.39151115719585505,0.08642602216072742,0.09506862437680018
923.0,0.7873807807036411,1.5747615614072823,0.19565116422979453,0.39130232845958907,0.08638894996787869,0.09502784496466657
923.5,0.7872945794002721,1.5745891588005443,0.19554688551214822,0.39109377102429643,0.08635195794950727,0.094987153744458
924.0,0.7872084039534153,1.5744168079068306,0.19544274226875746,0.3908854845375149,0.08631504593222321,0.09494655052544554
924.5,0.7871222543553151,1.5742445087106303,0.1953387343236202,0.3906774686472404,0.08627821374301149,0.09490603511731265
925.0,0.7870361305982181,1.5740722611964362,0.19523486150096298,0.39046972300192595,0.0862414612092313,0.09486560733015444
925.5,0.7869500326743728,1.5739000653487456,0.19513112362524068,0.39026224725048136,0.08620478815861518,0.09482526697447671
926.0,0.7868639605760308,1.5737279211520616,0.1950275205211363,0.3900550410422726,0.08616819441926822,0.09478501386119505
926.5,0.7867779142954454,1.5735558285908908,0.1949240520135606,0.3898481040271212,0.08613167981966724,0.09474484780163397
927.0,0.7866918938248726,1.5733837876497452,0.19482071792765168,0.38964143585530336,0.08609524418866006,0.09470476860752608
927.5,0.7866058991565703,1.5732117983131406,0.19471751808877497,0.38943503617754993,0.0860588873554646,0.09466477609101107
928.0,0.7865199302827992,1.5730398605655984,0.19461445232252272,0.38922890464504545,0.08602260914966812,0.09462487006463495
928.5,0.7864339871958219,1.5728679743916438,0.19451152045471376,0.3890230409094275,0.08598640940122648,0.09458505034134913
929.0,0.7863480698879037,1.5726961397758075,0.19440872231139322,0.38881744462278645,0.08595028794046322,0.09454531673450955
929.5,0.7862621783513121,1.5725243567026241,0.19430605771883216,0.38861211543766433,0.08591424459806887,0.09450566905787577
930.0,0.7861763125783167,1.5723526251566333,0.19420352650352743,0.38840705300705486,0.08587827920510009,0.09446610712561011
930.5,0.7860904725611895,1.572180945122379,0.19410112849220124,0.38820225698440247,0.08584239159297895,0.09442663075227685
931.0,0.7860046582922051,1.5720093165844102,0.19399886351180096,0.3879977270236019,0.08580658159349205,0.09438723975284127
931.5,0.7859188697636401,1.5718377395272802,0.1938967313894987,0.3877934627789974,0.08577084903878981,0.0943479339426688
932.0,0.7858331069677736,1.5716662139355473,0.19379473195269126,0.3875894639053825,0.08573519376138565,0.09430871313752422
932.5,0.785747369896887,1.571494739793774,0.1936928650289994,0.3873857300579988,0.08569961559415519,0.09426957715357072
933.0,0.7856616585432639,1.5713233170865277,0.19359113044626808,0.38718226089253616,0.08566411437033548,0.09423052580736904
933.5,0.78557597289919,1.57115194579838,0.19348952803256586,0.3869790560651317,0.08562868992352422,0.09419155891587665
934.0,0.7854903129569542,1.5709806259139083,0.19338805761618458,0.38677611523236916,0.08559334208767905,0.09415267629644695
934.5,0.7854046787088464,1.570809357417693,0.1932867190256392,0.3865734380512784,0.08555807069711657,0.09411387776682824
935.0,0.7853190701471602,1.5706381402943204,0.1931855120896676,0.3863710241793352,0.08552287558651182,0.09407516314516301
935.5,0.7852334872641903,1.5704669745283806,0.1930844366372299,0.3861688732744598,0.08548775659089733,0.09403653224998706
936.0,0.7851479300522346,1.5702958601044692,0.19298349249750862,0.38596698499501725,0.08545271354566239,0.09399798490022863
936.5,0.7850623985035927,1.5701247970071854,0.19288267949990812,0.38576535899981623,0.08541774628655231,0.09395952091520755
937.0,0.7849768926105669,1.5699537852211338,0.19278199747405445,0.3855639949481089,0.08538285464966759,0.09392114011463436
937.5,0.7848914123654616,1.5697828247309231,0.19268144624979494,0.3853628924995899,0.08534803847146324,0.09388284231860958
938.0,0.7848059577605835,1.569611915521167,0.19258102565719795,0.3851620513143959,0.08531329758874792,0.09384462734762272
938.5,0.7847205287882419,1.5694410575764839,0.1924807355265527,0.3849614710531054,0.08527863183868326,0.09380649502255159
939.0,0.7846351254407481,1.5692702508814962,0.19238057568836883,0.38476115137673766,0.08524404105878296,0.09376844516466126
939.5,0.7845497477104157,1.5690994954208315,0.1922805459733762,0.3845610919467524,0.08520952508691226,0.0937304775956035
940.0,0.7844643955895609,1.5689287911791219,0.1921806462125246,0.3843612924250492,0.08517508376128693,0.09369259213741564
940.5,0.7843790690705018,1.5687581381410036,0.19208087623698336,0.3841617524739667,0.08514071692047268,0.09365478861251995
941.0,0.7842937681455592,1.5685875362911184,0.1919812358781412,0.3839624717562824,0.08510642440338434,0.09361706684372278
941.5,0.7842084928070558,1.5684169856141117,0.19188172496760592,0.38376344993521183,0.08507220604928509,0.09357942665421361
942.0,0.7841232430473171,1.5682464860946341,0.19178234333720404,0.3835646866744081,0.08503806169778574,0.09354186786756433
942.5,0.7840380188586704,1.5680760377173408,0.19168309081898058,0.38336618163796116,0.08500399118884397,0.09350439030772838
943.0,0.7839528202334456,1.5679056404668912,0.1915839672451988,0.3831679344903976,0.08496999436276359,0.09346699379903996
943.5,0.7838676471639747,1.5677352943279494,0.19148497244833976,0.3829699448966795,0.08493607106019374,0.09342967816621313
944.0,0.7837824996425924,1.5675649992851848,0.19138610626110225,0.3827722125222045,0.08490222112212822,0.09339244323434105
944.5,0.7836973776616352,1.5673947553232703,0.19128736851640243,0.38257473703280487,0.08486844438990472,0.0933552888288952
945.0,0.7836122812134421,1.5672245624268841,0.19118875904737348,0.38237751809474696,0.084834740705204,0.09331821477572441
945.5,0.7835272102903545,1.567054420580709,0.19109027768736536,0.3821805553747307,0.08480110991004924,0.09328122090105417
946.0,0.7834421648847161,1.5668843297694321,0.19099192426994457,0.38198384853988915,0.08476755184680529,0.09324430703148583
946.5,0.7833571449888728,1.5667142899777455,0.19089369862889377,0.38178739725778754,0.0847340663581779,0.0932074729939957
947.0,0.7832721505951725,1.566544301190345,0.1907956005982116,0.3815912011964232,0.08470065328721298,0.09317071861593428
947.5,0.7831871816959661,1.5663743633919323,0.19069763001211243,0.38139526002422486,0.08466731247729588,0.09313404372502547
948.0,0.7831022382836064,1.5662044765672127,0.19059978670502586,0.38119957341005173,0.08463404377215068,0.09309744814936576
948.5,0.783017320350448,1.566034640700896,0.19050207051159673,0.38100414102319347,0.0846008470158394,0.09306093171742336
949.0,0.7829324278888489,1.5658648557776977,0.19040448126668474,0.3808089625333695,0.08456772205276133,0.09302449425803748
949.5,0.7828475608911684,1.5656951217823367,0.19030701880536385,0.3806140376107277,0.08453466872765222,0.09298813560041745
950.0,0.7827627193497686,1.5655254386995372,0.1902096829629226,0.3804193659258452,0.08450168688558367,0.09295185557414204
950.5,0.7826779032570137,1.5653558065140274,0.19011247357486333,0.38022494714972666,0.08446877637196229,0.09291565400915852
951.0,0.7825931126052703,1.5651862252105406,0.19001539047690225,0.3800307809538045,0.08443593703252905,0.09287953073578196
951.5,0.7825083473869072,1.5650166947738144,0.1899184335049688,0.3798368670099376,0.08440316871335848,0.09284348558469434
952.0,0.7824236075942955,1.564847215188591,0.18982160249520572,0.37964320499041143,0.0843704712608581,0.09280751838694391
952.5,0.7823388932198088,1.5646777864396175,0.18972489728396857,0.37944979456793715,0.08433784452176749,0.09277162897394424
953.0,0.7822542042558226,1.5645084085116452,0.1896283177078255,0.379256635415651,0.0843052883431577,0.09273581717747348
953.5,0.782169540694715,1.56433908138943,0.18953186360355706,0.3790637272071141,0.08427280257243058,0.09270008282967365
954.0,0.7820849025288662,1.5641698050577324,0.18943553480815575,0.3788710696163115,0.08424038705731796,0.09266442576304976
954.5,0.7820002897506588,1.5640005795013177,0.18933933115882592,0.37867866231765185,0.08420804164588093,0.09262884581046903
955.0,0.7819157023524779,1.5638314047049557,0.18924325249298332,0.37848650498596664,0.08417576618650922,0.09259334280516016
955.5,0.7818311403267102,1.5636622806534204,0.18914729864825502,0.37829459729651005,0.08414356052792045,0.0925579165807125
956.0,0.7817466036657453,1.5634932073314907,0.18905146946247897,0.37810293892495794,0.08411142451915937,0.09252256697107532
956.5,0.781662092361975,1.56332418472395,0.18895576477370385,0.3779115295474077,0.08407935800959723,0.09248729381055697
957.0,0.7815776064077933,1.5631552128155866,0.1888601844201887,0.3777203688403774,0.08404736084893104,0.09245209693382415
957.5,0.7814931457955961,1.5629862915911923,0.18876472824040275,0.3775294564808055,0.08401543288718283,0.09241697617590112
958.0,0.7814087105177824,1.5628174210355648,0.18866939607302496,0.37733879214604993,0.083983573974699,0.09238193137216891
958.5,0.7813243005667527,1.5626486011335055,0.188574187756944,0.377148375513888,0.0839517839621496,0.09234696235836456
959.0,0.7812399159349104,1.5624798318698208,0.18847910313125776,0.3769582062625155,0.08392006270052764,0.0923120689705804
959.5,0.7811555566146606,1.5623111132293213,0.1883841420352732,0.3767682840705464,0.08388841004114837,0.09227725104526321
960.0,0.7810712225984112,1.5621424451968224,0.18828930430850604,0.3765786086170121,0.08385682583564859,0.09224250841921346
960.5,0.780986913878572,1.561973827757144,0.18819458979068054,0.3763891795813611,0.08382530993598597,0.09220784092958458
961.0,0.7809026304475553,1.5618052608951105,0.18809999832172913,0.37619999664345827,0.08379386219443835,0.09217324841388219
961.5,0.7808183722977753,1.5616367445955506,0.18800552974179213,0.37601105948358426,0.083762482463603,0.09213873070996331
962.0,0.7807341394216492,1.5614682788432983,0.18791118389121772,0.37582236778243544,0.08373117059639602,0.09210428765603564
962.5,0.7806499318115958,1.5612998636231916,0.18781696061056136,0.3756339212211227,0.0836999264460516,0.09206991909065677
963.0,0.7805657494600364,1.5611314989200729,0.18772285974058567,0.37544571948117134,0.08366874986612133,0.09203562485273346
963.5,0.7804815923593946,1.5609631847187893,0.18762888112226012,0.37525776224452023,0.08363764071047344,0.0920014047815208
964.0,0.7803974605020964,1.5607949210041927,0.18753502459676089,0.37507004919352177,0.08360659883329234,0.09196725871662158
964.5,0.7803133538805698,1.5606267077611395,0.18744129000547038,0.37488258001094077,0.08357562408907769,0.09193318649798547
965.0,0.7802292724872453,1.5604585449744905,0.18734767718997714,0.37469535437995427,0.0835447163326438,0.0918991879659082
965.5,0.7801452163145555,1.560290432629111,0.18725418599207547,0.37450837198415093,0.08351387541911903,0.09186526296103094
966.0,0.7800611853549352,1.5601223707098704,0.1871608162537653,0.3743216325075306,0.08348310120394505,0.09183141132433956
966.5,0.7799771796008219,1.5599543592016438,0.1870675678172516,0.3741351356345032,0.08345239354287609,0.09179763289716371
967.0,0.7798931990446549,1.5597863980893099,0.18697444052494458,0.37394888104988916,0.0834217522919784,0.09176392752117625
967.5,0.779809243678876,1.559618487357752,0.18688143421945913,0.37376286843891826,0.08339117730762947,0.09173029503839243
968.0,0.7797253134959292,1.5594506269918584,0.18678854874361447,0.37357709748722895,0.08336066844651743,0.09169673529116919
968.5,0.779641408488261,1.559282816976522,0.18669578394043423,0.37339156788086847,0.08333022556564032,0.09166324812220436
969.0,0.7795575286483196,1.5591150572966392,0.18660313965314582,0.37320627930629163,0.08329984852230546,0.09162983337453601
969.5,0.7794736739685559,1.5589473479371119,0.18651061572518035,0.3730212314503607,0.08326953717412874,0.09159649089154162
970.0,0.7793898444414231,1.5587796888828462,0.1864182120001724,0.3728364240003448,0.08323929137903402,0.09156322051693742
970.5,0.7793060400593765,1.558612080118753,0.1863259283219596,0.3726518566439192,0.08320911099525237,0.09153002209477762
971.0,0.7792222608148738,1.5584445216297476,0.1862337645345826,0.3724675290691652,0.0831789958813215,0.09149689546945365
971.5,0.7791385067003747,1.5582770134007493,0.18614172048228453,0.37228344096456906,0.08314894589608504,0.09146384048569356
972.0,0.7790547777083413,1.5581095554166826,0.18604979600951088,0.37209959201902176,0.0831189608986919,0.0914308569885611
972.5,0.7789710738312381,1.5579421476624762,0.18595799096090931,0.37191598192181863,0.08308904074859558,0.09139794482345515
973.0,0.7788873950615318,1.5577747901230636,0.18586630518132927,0.37173261036265853,0.08305918530555356,0.09136510383610892
973.5,0.7788037413916913,1.5576074827833826,0.18577473851582177,0.37154947703164354,0.08302939442962662,0.0913323338725893
974.0,0.7787201128141876,1.5574402256283753,0.18568329080963913,0.37136658161927827,0.08299966798117812,0.09129963477929594
974.5,0.7786365093214942,1.5572730186429884,0.18559196190823465,0.3711839238164693,0.08297000582087351,0.09126700640296087
975.0,0.778552930906087,1.557105861812174,0.18550075165726249,0.37100150331452497,0.08294040780967947,0.09123444859064743
975.5,0.7784693775604437,1.5569387551208873,0.18540965990257735,0.3708193198051547,0.08291087380886344,0.0912019611897498
976.0,0.7783858492770445,1.556771698554089,0.1853186864902341,0.3706373729804682,0.08288140367999285,0.09116954404799214
976.5,0.778302346048372,1.556604692096744,0.18522783126648767,0.37045566253297535,0.08285199728493452,0.09113719701342797
977.0,0.7782188678669107,1.5564377357338215,0.18513709407779275,0.3702741881555855,0.08282265448585399,0.0911049199344394
977.5,0.7781354147251478,1.5562708294502956,0.18504647477080338,0.37009294954160676,0.08279337514521494,0.09107271265973645
978.0,0.7780519866155724,1.5561039732311448,0.18495597319237295,0.3699119463847459,0.08276415912577842,0.09104057503835628
978.5,0.777968583530676,1.555937167061352,0.18486558918955376,0.3697311783791075,0.08273500629060235,0.09100850691966259
979.0,0.7778852054629524,1.5557704109259047,0.18477532260959684,0.3695506452191937,0.08270591650304077,0.09097650815334485
979.5,0.7778018524048973,1.5556037048097946,0.18468517329995165,0.3693703465999033,0.08267688962674322,0.09094457858941754
980.0,0.7777185243490091,1.5554370486980182,0.1845951411082659,0.3691902822165318,0.08264792552565418,0.09091271807821961
980.5,0.7776352212877884,1.5552704425755768,0.18450522588238502,0.36901045176477004,0.08261902406401235,0.0908809264704136
981.0,0.7775519432137377,1.5551038864274753,0.18441542747035233,0.36883085494070467,0.08259018510635,0.09084920361698501
981.5,0.7774686901193621,1.5549373802387243,0.18432574572040852,0.36865149144081705,0.08256140851749237,0.09081754936924162
982.0,0.777385461997169,1.554770923994338,0.18423618048099139,0.36847236096198277,0.0825326941625571,0.09078596357881281
982.5,0.7773022588396674,1.5546045176793348,0.18414673160073566,0.3682934632014713,0.08250404190695348,0.09075444609764884
983.0,0.7772190806393694,1.5544381612787388,0.18405739892847267,0.36811479785694534,0.08247545161638191,0.0907229967780201
983.5,0.7771359273887888,1.5542718547775776,0.18396818231323026,0.3679363646264605,0.08244692315683316,0.09069161547251649
984.0,0.7770527990804419,1.5541055981608838,0.18387908160423225,0.3677581632084645,0.08241845639458793,0.09066030203404674
984.5,0.776969695706847,1.553939391413694,0.18379009665089846,0.3675801933017969,0.08239005119621602,0.09062905631583763
985.0,0.7768866172605251,1.5537732345210502,0.18370122730284427,0.36740245460568854,0.0823617074285758,0.09059787817143339
985.5,0.7768035637339987,1.5536071274679975,0.18361247340988054,0.3672249468197611,0.08233342495881366,0.09056676745469502
986.0,0.7767205351197934,1.5534410702395869,0.18352383482201307,0.36704766964402613,0.0823052036543632,0.09053572401979952
986.5,0.7766375314104363,1.5532750628208727,0.1834353113894427,0.3668706227788854,0.08227704338294477,0.09050474772123925
987.0,0.7765545525984574,1.5531091051969148,0.18334690296256473,0.36669380592512946,0.0822489440125648,0.09047383841382128
987.5,0.7764715986763884,1.5529431973527767,0.18325860939196892,0.36651721878393784,0.08222090541151517,0.0904429959526667
988.0,0.7763886696367633,1.5527773392735267,0.18317043052843918,0.36634086105687835,0.08219292744837259,0.09041222019320985
988.5,0.7763057654721188,1.5526115309442376,0.1830823662229532,0.3661647324459064,0.082165009991998,0.0903815109911978
989.0,0.7762228861749934,1.5524457723499867,0.1829944163266822,0.3659888326533644,0.08213715291153596,0.09035086820268956
989.5,0.7761400317379278,1.5522800634758556,0.1829065806909909,0.3658131613819818,0.08210935607641401,0.09032029168405542
990.0,0.7760572021534653,1.5521144043069306,0.18281885916743704,0.3656377183348741,0.08208161935634208,0.09028978129197629
990.5,0.7759743974141512,1.5519487948283024,0.1827312516077712,0.3654625032155424,0.08205394262131184,0.09025933688344304
991.0,0.775891617512533,1.551783235025066,0.18264375786393666,0.3652875157278733,0.08202632574159621,0.09022895831575584
991.5,0.7758088624411607,1.5516177248823213,0.18255637778806888,0.36511275557613776,0.08199876858774857,0.09019864544652344
992.0,0.7757261321925861,1.5514522643851723,0.18246911123249554,0.3649382224649911,0.08197127103060231,0.09016839813366255
992.5,0.7756434267593636,1.5512868535187272,0.18238195804973617,0.36476391609947234,0.08194383294127013,0.09013821623539714
993.0,0.7755607461340497,1.5511214922680994,0.1822949180925018,0.3645898361850036,0.08191645419114349,0.09010809961025784
993.5,0.7754780903092031,1.5509561806184062,0.182207991213695,0.36441598242739,0.08188913465189197,0.09007804811708117
994.0,0.7753954592773848,1.5507909185547697,0.18212117726640925,0.3642423545328185,0.0818618741954627,0.09004806161500899
994.5,0.7753128530311582,1.5506257060623163,0.18203447610392892,0.36406895220785784,0.08183467269407974,0.09001813996348772
995.0,0.7752302715630883,1.5504605431261766,0.1819478875797291,0.3638957751594582,0.08180753002024346,0.08998828302226781
995.5,0.7751477148657432,1.5502954297314864,0.18186141154747512,0.36372282309495024,0.08178044604673002,0.08995849065140303
996.0,0.7750651829316926,1.5501303658633852,0.1817750478610225,0.363550095722045,0.08175342064659068,0.08992876271124975
996.5,0.7749826757535085,1.549965351507017,0.1816887963744165,0.363377592748833,0.08172645369315125,0.08989909906246638
997.0,0.7749001933237656,1.5498003866475312,0.18160265694189226,0.3632053138837845,0.08169954506001152,0.08986949956601269
997.5,0.7748177356350403,1.5496354712700806,0.18151662941787394,0.3630332588357479,0.08167269462104461,0.08983996408314908
998.0,0.7747353026799112,1.5494706053598224,0.18143071365697508,0.36286142731395016,0.08164590225039643,0.08981049247543609
998.5,0.7746528944509596,1.5493057889019193,0.181344909513998,0.362689819027996,0.08161916782248507,0.0897810846047336
999.0,0.7745705109407688,1.5491410218815376,0.18125921684393376,0.3625184336878675,0.08159249121200018,0.08975174033320021
999.5,0.774488152141924,1.548976304283848,0.18117363550196164,0.3623472710039233,0.08156587229390244,0.08972245952329269
1000.0,0.7744058180470133,1.5488116360940265,0.18108816534344918,0.36217633068689836,0.08153931094342295,0.08969324203776526
1000.5,0.7743235086486262,1.5486470172972524,0.18100280622395176,0.3620056124479035,0.08151280703606265,0.08966408773966891
1001.0,0.7742412239393551,1.5484824478787103,0.1809175579992125,0.361835115998425,0.08148636044759167,0.08963499649235084
1001.5,0.7741589639117944,1.5483179278235888,0.18083242052516185,0.3616648410503237,0.0814599710540489,0.08960596815945379
1002.0,0.7740767285585406,1.5481534571170812,0.18074739365791745,0.3614947873158349,0.08143363873174124,0.08957700260491537
1002.5,0.7739945178721925,1.547989035744385,0.18066247725378393,0.36132495450756785,0.08140736335724313,0.08954809969296745
1003.0,0.7739123318453514,1.5478246636907027,0.18057767116925247,0.36115534233850494,0.08138114480739592,0.08951925928813552
1003.5,0.7738301704706202,1.5476603409412404,0.18049297526100083,0.36098595052200166,0.08135498295930735,0.08949048125523809
1004.0,0.7737480337406045,1.547496067481209,0.18040838938589282,0.36081677877178564,0.08132887769035087,0.08946176545938596
1004.5,0.773665921647912,1.547331843295824,0.18032391340097842,0.36064782680195684,0.08130282887816516,0.08943311176598168
1005.0,0.7735838341851528,1.5471676683703055,0.1802395471634931,0.3604790943269862,0.08127683640065356,0.08940452004071892
1005.5,0.7735017713449388,1.5470035426898776,0.18015529053085788,0.36031058106171576,0.0812509001359834,0.08937599014958175
1006.0,0.7734197331198842,1.5468394662397684,0.18007114336067914,0.3601422867213583,0.08122501996258555,0.08934752195884411
1006.5,0.7733377195026061,1.5466754390052122,0.17998710551074804,0.35997421102149607,0.08119919575915376,0.08931911533506914
1007.0,0.7732557304857227,1.5465114609714454,0.1799031768390406,0.3598063536780812,0.08117342740464412,0.08929077014510854
1007.5,0.7731737660618553,1.5463475321237106,0.17981935720371742,0.35963871440743483,0.08114771477827451,0.08926248625610197
1008.0,0.773091826223627,1.546183652447254,0.17973564646312323,0.35947129292624647,0.08112205775952402,0.08923426353547644
1008.5,0.7730099109636632,1.5460198219273265,0.1796520444757869,0.3593040889515738,0.0810964562281324,0.08920610185094564
1009.0,0.7729280202745917,1.5458560405491835,0.17956855110042103,0.35913710220084205,0.08107091006409944,0.0891780010705094
1009.5,0.7728461541490421,1.5456923082980842,0.17948516619592175,0.3589703323918435,0.0810454191476845,0.08914996106245296
1010.0,0.7727643125796466,1.5455286251592932,0.17940188962136863,0.35880377924273726,0.08101998335940583,0.08912198169534642
1010.5,0.7726824955590395,1.545364991118079,0.17931872123602421,0.35863744247204843,0.08099460258004017,0.08909406283804419
1011.0,0.7726007030798572,1.5452014061597144,0.1792356608993339,0.3584713217986678,0.08096927669062202,0.08906620435968424
1011.5,0.7725189351347381,1.5450378702694763,0.17915270847092568,0.35830541694185136,0.0809440055724432,0.08903840612968753
1012.0,0.7724371917163236,1.5448743834326473,0.17906986381060996,0.3581397276212199,0.08091878910705225,0.08901066801775748
1012.5,0.7723554728172565,1.544710945634513,0.17898712677837925,0.3579742535567585,0.08089362717625388,0.08898298989387927
1013.0,0.7722737784301821,1.5445475568603642,0.17890449723440793,0.35780899446881587,0.0808685196621084,0.08895537162831925
1013.5,0.7721921085477479,1.5443842170954958,0.1788219750390521,0.3576439500781042,0.08084346644693119,0.08892781309162431
1014.0,0.7721104631626037,1.5442209263252074,0.17873956005284913,0.35747912010569827,0.08081846741329218,0.08890031415462141
1014.5,0.7720288422674013,1.5440576845348026,0.17865725213651773,0.35731450427303546,0.0807935224440152,0.08887287468841673
1015.0,0.7719472458547949,1.5438944917095898,0.1785750511509575,0.357150102301915,0.08076863142217754,0.08884549456439529
1015.5,0.771865673917441,1.543731347834882,0.17849295695724876,0.3569859139144975,0.0807437942311093,0.08881817365422025
1016.0,0.7717841264479978,1.5435682528959955,0.1784109694166523,0.3568219388333046,0.08071901075439297,0.08879091182983227
1016.5,0.7717026034391261,1.5434052068782522,0.17832908839060918,0.35665817678121836,0.08069428087586278,0.08876370896344907
1017.0,0.7716211048834889,1.5432422097669778,0.1782473137407404,0.3564946274814808,0.08066960447960413,0.08873656492756454
1017.5,0.7715396307737514,1.5430792615475029,0.1781656453288468,0.3563312906576936,0.08064498144995319,0.08870947959494851
1018.0,0.7714581811025808,1.5429163622051616,0.17808408301690873,0.35616816603381746,0.08062041167149622,0.08868245283864586
1018.5,0.7713767558626468,1.5427535117252935,0.1780026266670859,0.3560052533341718,0.08059589502906912,0.08865548453197604
1019.0,0.7712953550466208,1.5425907100932417,0.17792127614171704,0.3558425522834341,0.08057143140775679,0.08862857454853247
1019.5,0.771213978647177,1.542427957294354,0.17784003130331977,0.35568006260663954,0.08054702069289271,0.08860172276218199
1020.0,0.7711326266569916,1.5422652533139831,0.17775889201459025,0.3555177840291805,0.08052266277005832,0.08857492904706415
1020.5,0.7710512990687427,1.5421025981374854,0.17767785813840306,0.3553557162768061,0.0804983575250825,0.08854819327759075
1021.0,0.7709699958751108,1.5419399917502217,0.17759692953781098,0.35519385907562195,0.08047410484404108,0.0885215153284452
1021.5,0.7708887170687788,1.5417774341375576,0.1775161060760446,0.3550322121520892,0.08044990461325621,0.08849489507458184
1022.0,0.7708074626424317,1.5416149252848634,0.17743538761651229,0.35487077523302457,0.08042575671929594,0.08846833239122555
1022.5,0.7707262325887562,1.5414524651775123,0.17735477402279984,0.3547095480455997,0.08040166104897362,0.08844182715387099
1023.0,0.7706450269004419,1.5412900538008838,0.1772742651586702,0.3545485303173404,0.08037761748934734,0.08841537923828208
1023.5,0.7705638455701801,1.5411276911403602,0.1771938608880634,0.3543877217761268,0.08035362592771952,0.08838898852049148
1024.0,0.7704826885906646,1.5409653771813292,0.17711356107509624,0.3542271221501925,0.08032968625163625,0.08836265487679988
1024.5,0.7704015559545914,1.5408031119091827,0.177033365584062,0.354066731168124,0.08030579834888685,0.08833637818377554
1025.0,0.7703204476546583,1.5406408953093167,0.17695327427943025,0.3539065485588605,0.0802819621075033,0.08831015831825363
1025.5,0.7702393636835657,1.5404787273671314,0.1768732870258467,0.3537465740516934,0.08025817741575972,0.0882839951573357
1026.0,0.7701583040340161,1.5403166080680322,0.17679340368813284,0.3535868073762657,0.08023444416217186,0.08825788857838905
1026.5,0.7700772686987138,1.5401545373974277,0.17671362413128583,0.35342724826257166,0.08021076223549659,0.08823183845904625
1027.0,0.7699962576703661,1.5399925153407321,0.1766339482204782,0.3532678964409564,0.08018713152473135,0.08820584467720449
1027.5,0.7699152709416817,1.5398305418833633,0.17655437582105765,0.3531087516421153,0.08016355191911363,0.088179907111025
1028.0,0.7698343085053718,1.5396686170107436,0.17647490679854683,0.35294981359709365,0.08014002330812048,0.08815402563893253
1028.5,0.7697533703541499,1.5395067407082998,0.176395541018643,0.352791082037286,0.08011654558146794,0.08812820013961474
1029.0,0.7696724564807316,1.5393449129614631,0.176316278347218,0.352632556694436,0.08009311862911062,0.08810243049202168
1029.5,0.7695915668778344,1.5391831337556687,0.1762371186503179,0.3524742373006358,0.08006974234124102,0.08807671657536513
1030.0,0.7695107015381786,1.5390214030763572,0.17615806179416282,0.35231612358832565,0.08004641660828923,0.08805105826911816
1030.5,0.769429860454486,1.538859720908972,0.17607910764514667,0.35215821529029334,0.08002314132092224,0.08802545545301448
1031.0,0.769349043619481,1.538698087238962,0.17600025606983688,0.35200051213967376,0.07999991637004349,0.08799990800704784
1031.5,0.7692682510258901,1.5385365020517803,0.17592150693497424,0.3518430138699485,0.07997674164679236,0.0879744158114716
1032.0,0.769187482666442,1.538374965332884,0.17584286010747274,0.3516857202149455,0.07995361704254367,0.08794897874679804
1032.5,0.7691067385338676,1.5382134770677351,0.17576431545441923,0.35152863090883846,0.07993054244890715,0.08792359669379787
1033.0,0.7690260186208997,1.5380520372417994,0.1756858728430732,0.3513717456861464,0.07990751775772696,0.08789826953349966
1033.5,0.7689453229202738,1.5378906458405477,0.1756075321408666,0.3512150642817332,0.07988454286108114,0.08787299714718926
1034.0,0.768864651424727,1.537729302849454,0.1755292932154037,0.3510585864308074,0.07986161765128115,0.08784777941640927
1034.5,0.7687840041269992,1.5375680082539984,0.1754511559344606,0.3509023118689212,0.07983874202087132,0.08782261622295846
1035.0,0.7687033810198318,1.5374067620396636,0.17537312016598536,0.3507462403319707,0.07981591586262837,0.08779750744889121
1035.5,0.768622782095969,1.537245564191938,0.17529518577809744,0.3505903715561949,0.07979313906956094,0.08777245297651703
1036.0,0.7685422073481567,1.5370844146963134,0.1752173526390878,0.3504347052781756,0.07977041153490902,0.08774745268839992
1036.5,0.7684616567691431,1.5369233135382863,0.17513962061741833,0.35027924123483667,0.07974773315214351,0.08772250646735787
1037.0,0.768381130351679,1.536762260703358,0.17506198958172192,0.35012397916344384,0.07972510381496567,0.08769761419646224
1037.5,0.7683006280885167,1.5366012561770335,0.1749844594008021,0.3499689188016042,0.07970252341730669,0.08767277575903737
1038.0,0.7682201499724112,1.5364402999448223,0.17490702994363286,0.3498140598872657,0.07967999185332711,0.08764799103865983
1038.5,0.7681396959961193,1.5362793919922386,0.17482970107935838,0.34965940215871677,0.07965750901741636,0.08762325991915801
1039.0,0.7680592661524003,1.5361185323048006,0.17475247267729294,0.34950494535458587,0.07963507480419232,0.08759858228461156
1039.5,0.7679788604340154,1.5359577208680308,0.17467534460692039,0.34935068921384077,0.07961268910850074,0.08757395801935082
1040.0,0.767898478833728,1.535796957667456,0.17459831673789433,0.34919663347578866,0.07959035182541475,0.08754938700795624
1040.5,0.767818121344304,1.535636242688608,0.17452138894003769,0.34904277788007537,0.07956806285023449,0.08752486913525795
1041.0,0.7677377879585111,1.5354755759170222,0.1744445610833424,0.3488891221666848,0.07954582207848644,0.0875004042863351
1041.5,0.7676574786691193,1.5353149573382385,0.1743678330379694,0.3487356660759388,0.07952362940592307,0.08747599234651539
1042.0,0.7675771934689006,1.5351543869378013,0.1742912046742483,0.3485824093484966,0.07950148472852228,0.08745163320137452
1042.5,0.7674969323506298,1.5349938647012595,0.17421467586267714,0.3484293517253543,0.07947938794248698,0.08742732673673569
1043.0,0.7674166953070829,1.5348333906141658,0.17413824647392212,0.34827649294784424,0.07945733894424448,0.08740307283866894
1043.5,0.7673364823310387,1.5346729646620774,0.17406191637881765,0.3481238327576353,0.07943533763044613,0.08737887139349075
1044.0,0.7672562934152782,1.5345125868305565,0.17398568544836585,0.3479713708967317,0.07941338389796679,0.08735472228776348
1044.5,0.7671761285525842,1.5343522571051684,0.1739095535537364,0.3478191071074728,0.07939147764390435,0.0873306254082948
1045.0,0.7670959877357421,1.5341919754714841,0.1738335205662664,0.3476670411325328,0.0793696187655792,0.08730658064213713
1045.5,0.767015870957539,1.534031741915078,0.17375758635746003,0.34751517271492005,0.07934780716053383,0.08728258787658721
1046.0,0.7669357782107644,1.5338715564215288,0.1736817507989885,0.347363501597977,0.07932604272653232,0.08725864699918556
1046.5,0.76685570948821,1.53371141897642,0.1736060137626897,0.3472120275253794,0.07930432536155982,0.08723475789771581
1047.0,0.7667756647826698,1.5335513295653396,0.17353037512056801,0.34706075024113603,0.07928265496382209,0.0872109204602043
1047.5,0.7666956440869395,1.533391288173879,0.17345483474479417,0.34690966948958835,0.07926103143174508,0.0871871345749196
1048.0,0.7666156473938173,1.5332312947876345,0.17337939250770482,0.34675878501540963,0.07923945466397439,0.08716340013037184
1048.5,0.7665356746961036,1.5330713493922072,0.1733040482818026,0.3466080965636052,0.07921792455937482,0.08713971701531231
1049.0,0.7664557259866008,1.5329114519732017,0.1732288019397558,0.3464576038795116,0.07919644101702987,0.08711608511873287
1049.5,0.7663758012581137,1.5327516025162273,0.173153653354398,0.346307306708796,0.07917500393624133,0.08709250432986547
1050.0,0.7662959005034486,1.5325918010068973,0.17307860239872813,0.34615720479745626,0.07915361321652872,0.0870689745381816
1050.5,0.7662160237154149,1.5324320474308297,0.1730036489459101,0.3460072978918202,0.07913226875762888,0.08704549563339178
1051.0,0.7661361708868234,1.5322723417736468,0.17292879286927246,0.3458575857385449,0.0791109704594955,0.08702206750544506
1051.5,0.7660563420104876,1.5321126840209751,0.17285403404230845,0.3457080680846169,0.07908971822229863,0.0869986900445285
1052.0,0.7659765370792226,1.5319530741584453,0.17277937233867566,0.3455587446773513,0.0790685119464242,0.08697536314106663
1052.5,0.7658967560858463,1.5317935121716926,0.1727048076321958,0.3454096152643916,0.0790473515324736,0.08695208668572096
1053.0,0.765816999023178,1.531633998046356,0.1726303397968545,0.345260679593709,0.07902623688126315,0.08692886056938946
1053.5,0.76573726588404,1.53147453176808,0.172555968706801,0.345111937413602,0.07900516789382371,0.08690568468320609
1054.0,0.765657556661256,1.531315113322512,0.1724816942363483,0.3449633884726966,0.07898414447140015,0.08688255891854017
1054.5,0.7655778713476522,1.5311557426953044,0.17240751625997242,0.34481503251994483,0.0789631665154509,0.086859483166996
1055.0,0.7654982099360572,1.5309964198721144,0.1723334346523126,0.3446668693046252,0.07894223392764757,0.08683645732041234
1055.5,0.7654185724193012,1.5308371448386024,0.17225944928817088,0.34451889857634177,0.07892134660987433,0.08681348127086178
1056.0,0.7653389587902169,1.5306779175804337,0.172185560042512,0.344371120085024,0.0789005044642276,0.08679055491065037
1056.5,0.7652593690416389,1.5305187380832779,0.17211176679046314,0.3442235335809263,0.07887970739301552,0.08676767813231707
1057.0,0.7651798031664045,1.530359606332809,0.17203806940731362,0.34407613881462723,0.07885895529875749,0.08674485082863324
1057.5,0.7651002611573525,1.530200522314705,0.17196446776851487,0.34392893553702975,0.07883824808418373,0.08672207289260211
1058.0,0.7650207430073241,1.5300414860146483,0.17189096174968016,0.3437819234993603,0.07881758565223485,0.08669934421745834
1058.5,0.7649412487091629,1.5298824974183258,0.1718175512265842,0.3436351024531684,0.07879696790606132,0.08667666469666746
1059.0,0.7648617782557142,1.5297235565114284,0.17174423607516334,0.3434884721503267,0.07877639474902311,0.08665403422392542
1059.5,0.7647823316398258,1.5295646632796516,0.17167101617151478,0.34334203234302957,0.07875586608468915,0.08663145269315807
1060.0,0.7647029088543473,1.5294058177086947,0.17159789139189696,0.3431957827837939,0.07873538181683695,0.08660891999852066
1060.5,0.7646235098921308,1.5292470197842616,0.17152486161272898,0.34304972322545796,0.07871494184945209,0.08658643603439731
1061.0,0.7645441347460304,1.529088269492061,0.1714519267105905,0.342903853421181,0.0786945460867278,0.08656400069540059
1061.5,0.7644647834089022,1.5289295668178045,0.1713790865622215,0.342758173124443,0.07867419443306452,0.08654161387637098
1062.0,0.764385455873605,1.52877091174721,0.1713063410445221,0.3426126820890442,0.07865388679306944,0.08651927547237638
1062.5,0.7643061521329987,1.5286123042659974,0.17123369003455238,0.34246738006910477,0.07863362307155602,0.08649698537871163
1063.0,0.7642268721799463,1.5284537443598927,0.17116113340953212,0.34232226681906425,0.07861340317354365,0.08647474349089802
1063.5,0.7641476160073126,1.5282952320146252,0.17108867104684058,0.34217734209368117,0.07859322700425703,0.08645254970468273
1064.0,0.7640683836079646,1.5281367672159292,0.1710163028240164,0.3420326056480328,0.0785730944691259,0.0864304039160385
1064.5,0.7639891749747713,1.5279783499495425,0.17094402861875724,0.3418880572375145,0.0785530054737845,0.08640830602116296
1065.0,0.7639099901006039,1.5278199802012078,0.17087184830891963,0.34174369661783927,0.07853295992407115,0.08638625591647828
1065.5,0.7638308289783358,1.5276616579566715,0.17079976177251888,0.34159952354503775,0.07851295772602782,0.08636425349863061
1066.0,0.7637516916008424,1.5275033832016849,0.1707277688877287,0.3414555377754574,0.07849299878589966,0.08634229866448963
1066.5,0.7636725779610014,1.5273451559220028,0.17065586953288114,0.3413117390657623,0.0784730830101346,0.08632039131114806
1067.0,0.7635934880516927,1.5271869761033854,0.17058406358646624,0.3411681271729325,0.07845321030538287,0.08629853133592116
1067.5,0.7635144218657981,1.5270288437315962,0.17051235092713193,0.34102470185426387,0.07843338057849661,0.08627671863634628
1068.0,0.7634353793962017,1.5268707587924033,0.17044073143368382,0.34088146286736765,0.07841359373652937,0.08625495311018232
1068.5,0.7633563606357894,1.5267127212715788,0.1703692049850849,0.3407384099701698,0.07839384968673575,0.08623323465540933
1069.0,0.7632773655774499,1.5265547311548997,0.17029777146045552,0.34059554292091104,0.07837414833657091,0.08621156317022802
1069.5,0.7631983942140734,1.5263967884281469,0.17022643073907298,0.34045286147814596,0.07835448959369015,0.08618993855305918
1070.0,0.7631194465385527,1.5262388930771054,0.17015518270037144,0.3403103654007429,0.07833487336594848,0.08616836070254333
1070.5,0.7630405225437823,1.5260810450875646,0.17008402722394173,0.34016805444788345,0.07831529956140018,0.08614682951754021
1071.0,0.7629616222226591,1.5259232444453181,0.170012964189531,0.340025928379062,0.07829576808829843,0.08612534489712828
1071.5,0.762882745568082,1.525765491136164,0.16994199347704275,0.3398839869540855,0.07827627885509474,0.08610390674060421
1072.0,0.7628038925729523,1.5256077851459047,0.16987111496653648,0.33974222993307296,0.07825683177043866,0.08608251494748254
1072.5,0.762725063230173,1.525450126460346,0.16980032853822746,0.3396006570764549,0.07823742674317732,0.08606116941749506
1073.0,0.7626462575326496,1.5252925150652992,0.16972963407248667,0.33945926814497335,0.07821806368235494,0.08603987005059044
1073.5,0.7625674754732896,1.5251349509465792,0.16965903144984035,0.3393180628996807,0.07819874249721245,0.0860186167469337
1074.0,0.7624887170450025,1.524977434090005,0.16958852055097012,0.33917704110194025,0.07817946309718708,0.0859974094069058
1074.5,0.7624099822407002,1.5248199644814004,0.1695181012567125,0.339036202513425,0.07816022539191192,0.08597624793110312
1075.0,0.7623312710532965,1.524662542106593,0.1694477734480589,0.3388955468961178,0.07814102929121547,0.08595513222033703
1075.5,0.7622525834757072,1.5245051669514145,0.1693775370061553,0.3387550740123106,0.07812187470512126,0.08593406217563339
1076.0,0.7621739195008508,1.5243478390017016,0.1693073918123021,0.3386147836246042,0.07810276154384739,0.08591303769823214
1076.5,0.7620952791216472,1.5241905582432944,0.16923733774795385,0.3384746754959077,0.07808368971780615,0.08589205868958677
1077.0,0.762016662331019,1.524033324662038,0.16916737469471924,0.33833474938943847,0.07806465913760355,0.0858711250513639
1077.5,0.7619380691218904,1.5238761382437809,0.16909750253436068,0.33819500506872135,0.07804566971403895,0.08585023668544285
1078.0,0.7618594994871883,1.5237189989743767,0.16902772114879416,0.3380554422975883,0.07802672135810462,0.0858293934939151
1078.5,0.7617809534198414,1.5235619068396828,0.16895803042008917,0.33791606084017833,0.07800781398098532,0.08580859537908385
1079.0,0.7617024309127804,1.523404861825561,0.16888843023046834,0.3377768604609367,0.07798894749405788,0.08578784224346367
1079.5,0.7616239319589384,1.5232478639178768,0.16881892046230731,0.33763784092461463,0.07797012180889078,0.08576713398977986
1080.0,0.7615454565512504,1.5230909131025008,0.1687495009981346,0.3374990019962692,0.07795133683724378,0.08574647052096816
1080.5,0.7614670046826537,1.5229340093653074,0.16868017172063127,0.33736034344126253,0.07793259249106747,0.08572585174017423
1081.0,0.7613885763460877,1.5227771526921754,0.16861093251263085,0.3372218650252617,0.07791388868250282,0.0857052775507531
1081.5,0.7613101715344937,1.5226203430689873,0.16854178325711905,0.3370835665142381,0.07789522532388087,0.08568474785626896
1082.0,0.7612317902408151,1.5224635804816302,0.16847272383723358,0.33694544767446716,0.07787660232772219,0.0856642625604944
1082.5,0.761153432457998,1.522306864915996,0.16840375413626402,0.33680750827252803,0.07785801960673658,0.08564382156741024
1083.0,0.76107509817899,1.52215019635798,0.1683348740376516,0.3366697480753032,0.07783947707382263,0.0856234247812049
1083.5,0.7609967873967409,1.5219935747934819,0.1682660834249889,0.3365321668499778,0.07782097464206726,0.08560307210627399
1084.0,0.7609185001042029,1.5218370002084058,0.16819738218201977,0.33639476436403953,0.07780251222474541,0.08558276344721995
1084.5,0.7608402362943301,1.5216804725886601,0.1681287701926391,0.3362575403852782,0.07778408973531949,0.08556249870885144
1085.0,0.7607619959600788,1.5215239919201575,0.1680602473408926,0.3361204946817852,0.07776570708743916,0.08554227779618308
1085.5,0.7606837790944072,1.5213675581888144,0.16799181351097664,0.3359836270219533,0.07774736419494074,0.08552210061443483
1086.0,0.760605585690276,1.521211171380552,0.16792346858723806,0.3358469371744761,0.07772906097184698,0.08550196706903168
1086.5,0.7605274157406476,1.5210548314812953,0.16785521245417384,0.3357104249083477,0.07771079733236648,0.08548187706560313
1087.0,0.7604492692384868,1.5208985384769735,0.16778704499643124,0.3355740899928625,0.07769257319089344,0.0854618305099828
1087.5,0.7603711461767605,1.520742292353521,0.1677189660988071,0.3354379321976142,0.07767438846200717,0.08544182730820789
1088.0,0.7602930465484374,1.5205860930968749,0.16765097564624815,0.3353019512924963,0.07765624306047172,0.0854218673665189
1088.5,0.7602149703464888,1.5204299406929775,0.16758307352385043,0.33516614704770087,0.07763813690123547,0.08540195059135902
1089.0,0.7601369175638877,1.5202738351277754,0.16751525961685945,0.3350305192337189,0.07762006989943075,0.08538207688937384
1089.5,0.7600588881936092,1.5201177763872185,0.1674475338106696,0.3348950676213392,0.07760204197037344,0.0853622461674108
1090.0,0.7599808822286309,1.5199617644572618,0.1673798959908243,0.3347597919816486,0.07758405302956252,0.08534245833251877
1090.5,0.7599028996619321,1.5198057993238643,0.1673123460430156,0.3346246920860312,0.07756610299267977,0.08532271329194775
1091.0,0.7598249404864946,1.5196498809729893,0.16724488385308406,0.3344897677061681,0.07754819177558928,0.08530301095314821
1091.5,0.7597470046953019,1.5194940093906038,0.16717750930701855,0.3343550186140371,0.07753031929433711,0.08528335122377083
1092.0,0.7596690922813397,1.5193381845626794,0.16711022229095612,0.33422044458191225,0.0775124854651509,0.085263734011666
1092.5,0.759591203237596,1.519182406475192,0.1670430226911817,0.3340860453823634,0.07749469020443943,0.08524415922488338
1093.0,0.7595133375570609,1.5190266751141217,0.16697591039412787,0.33395182078825575,0.07747693342879229,0.08522462677167153
1093.5,0.7594354952327262,1.5188709904654525,0.16690888528637493,0.33381777057274986,0.07745921505497944,0.08520513656047739
1094.0,0.7593576762575862,1.5187153525151724,0.16684194725465035,0.3336838945093007,0.07744153499995084,0.08518568849994593
1094.5,0.7592798806246375,1.518559761249275,0.1667750961858289,0.3335501923716578,0.07742389318083608,0.0851662824989197
1095.0,0.7592021083268781,1.5184042166537561,0.16670833196693224,0.3334166639338645,0.07740628951494392,0.08514691846643832
1095.5,0.7591243593573085,1.518248718714617,0.16664165448512883,0.33328330897025765,0.07738872391976201,0.08512759631173822
1096.0,0.7590466337089314,1.5180932674178629,0.16657506362773367,0.33315012725546733,0.07737119631295641,0.08510831594425206
1096.5,0.7589689313747517,1.5179378627495035,0.16650855928220823,0.33301711856441646,0.07735370661237126,0.08508907727360839
1097.0,0.758891252347776,1.517782504695552,0.16644214133616014,0.3328842826723203,0.07733625473602834,0.08506988020963119
1097.5,0.758813596621013,1.517627193242026,0.16637580967734306,0.3327516193546861,0.07731884060212679,0.08505072466233948
1098.0,0.758735964187474,1.517471928374948,0.1663095641936565,0.332619128387313,0.07730146412904258,0.08503161054194684
1098.5,0.7586583550401719,1.5173167100803437,0.16624340477314553,0.33248680954629106,0.07728412523532827,0.0850125377588611
1099.0,0.758580769172122,1.517161538344244,0.16617733130400075,0.3323546626080015,0.07726682383971249,0.08499350622368375
1099.5,0.7585032065763414,1.5170064131526828,0.16611134367455793,0.33222268734911586,0.07724955986109971,0.08497451584720969
1100.0,0.7584256672458496,1.5168513344916992,0.166045441773298,0.332090883546596,0.07723233321856973,0.08495556654042671
1100.5,0.758348151173668,1.516696302347336,0.16597962548884673,0.33195925097769347,0.07721514383137737,0.08493665821451511
1101.0,0.7582706583528203,1.5165413167056405,0.16591389470997459,0.33182778941994917,0.07719799161895208,0.0849177907808473
1101.5,0.758193188776332,1.516386377552664,0.16584824932559653,0.33169649865119305,0.07718087650089754,0.0848989641509873
1102.0,0.7581157424372307,1.5162314848744614,0.16578268922477185,0.3315653784495437,0.07716379839699132,0.08488017823669046
1102.5,0.7580383193285465,1.516076638657093,0.1657172142967039,0.3314344285934078,0.07714675722718446,0.08486143294990292
1103.0,0.7579609194433112,1.5159218388866225,0.16565182443074017,0.33130364886148034,0.07712975291160115,0.08484272820276127
1103.5,0.7578835427745589,1.5157670855491179,0.16558651951637163,0.33117303903274325,0.0771127853705383,0.08482406390759213
1104.0,0.7578061893153256,1.5156123786306512,0.16552129944323307,0.33104259888646614,0.07709585452446517,0.0848054399769117
1104.5,0.7577288590586495,1.515457718117299,0.16545616410110248,0.33091232820220495,0.07707896029402309,0.0847868563234254
1105.0,0.7576515519975708,1.5153031039951417,0.16539111337990114,0.3307822267598023,0.07706210260002493,0.08476831286002742
1105.5,0.7575742681251321,1.5151485362502641,0.1653261471696933,0.3306522943393866,0.07704528136345487,0.08474980949980036
1106.0,0.7574970074343776,1.5149940148687553,0.16526126536068608,0.33052253072137217,0.07702849650546795,0.08473134615601474
1106.5,0.757419769918354,1.514839539836708,0.1651964678432292,0.3303929356864584,0.07701174794738976,0.08471292274212874
1107.0,0.7573425555701099,1.5146851111402198,0.1651317545078148,0.3302635090156296,0.07699503561071598,0.08469453917178758
1107.5,0.7572653643826959,1.5145307287653917,0.16506712524507738,0.33013425049015477,0.07697835941711212,0.08467619535882334
1108.0,0.7571881963491648,1.5143763926983296,0.16500257994579343,0.33000515989158685,0.07696171928841306,0.08465789121725437
1108.5,0.7571110514625716,1.5142221029251433,0.16493811850088141,0.32987623700176283,0.07694511514662274,0.08463962666128502
1109.0,0.7570339297159733,1.5140678594319465,0.16487374080140144,0.32974748160280287,0.07692854691391379,0.08462140160530518
1109.5,0.7569568311024287,1.5139136622048575,0.16480944673855524,0.3296188934771105,0.07691201451262715,0.08460321596388987
1110.0,0.7568797556149992,1.5137595112299984,0.16474523620368575,0.3294904724073715,0.0768955178652717,0.08458506965179888
1110.5,0.7568027032467478,1.5136054064934956,0.1646811090882772,0.3293622181765544,0.07687905689452391,0.08456696258397631
1111.0,0.75672567399074,1.51345134798148,0.16461706528395476,0.3292341305679095,0.07686263152322748,0.08454889467555023
1111.5,0.7566486678400428,1.5132973356800856,0.16455310468248435,0.3291062093649687,0.07684624167439297,0.08453086584183227
1112.0,0.756571684787726,1.513143369575452,0.16448922717577258,0.32897845435154516,0.07682988727119743,0.08451287599831718
1112.5,0.7564947248268611,1.5129894496537222,0.16442543265586643,0.32885086531173285,0.07681356823698407,0.08449492506068249
1113.0,0.7564177879505215,1.512835575901043,0.1643617210149531,0.3287234420299062,0.07679728449526187,0.08447701294478806
1113.5,0.756340874151783,1.512681748303566,0.16429809214535995,0.3285961842907199,0.07678103596970526,0.08445913956667579
1114.0,0.7562639834237234,1.5125279668474467,0.1642345459395542,0.3284690918791084,0.07676482258415368,0.08444130484256905
1114.5,0.7561871157594224,1.5123742315188449,0.16417108229014268,0.32834216458028537,0.07674864426261135,0.0844235086888725
1115.0,0.756110271151962,1.512220542303924,0.16410770108987188,0.32821540217974376,0.07673250092924677,0.08440575102217146
1115.5,0.7560334495944262,1.5120668991888524,0.16404440223162747,0.32808880446325495,0.07671639250839252,0.08438803175923178
1116.0,0.7559566510799011,1.5119133021598021,0.16398118560843444,0.3279623712168689,0.07670031892454474,0.08437035081699922
1116.5,0.7558798756014746,1.5117597512029493,0.16391805111345664,0.3278361022269133,0.0766842801023629,0.0843527081125992
1117.0,0.7558031231522373,1.5116062463044746,0.1638549986399968,0.3277099972799936,0.07666827596666942,0.08433510356333637
1117.5,0.7557263937252812,1.5114527874505623,0.16379202808149618,0.32758405616299235,0.07665230644244929,0.08431753708669422
1118.0,0.7556496873137005,1.511299374627401,0.16372913933153455,0.3274582786630691,0.0766363714548497,0.08430000860033467
1118.5,0.755573003910592,1.511146007821184,0.1636663322838299,0.3273326645676598,0.07662047092917976,0.08428251802209774
1119.0,0.755496343509054,1.510992687018108,0.1636036068322383,0.3272072136644766,0.07660460479091011,0.08426506527000112
1119.5,0.7554197061021871,1.5108394122043742,0.1635409628707537,0.3270819257415074,0.07658877296567256,0.08424765026223982
1120.0,0.7553430916830939,1.5106861833661878,0.1634784002935078,0.3269568005870156,0.07657297537925974,0.08423027291718571
1120.5,0.7552665002448792,1.5105330004897584,0.16341591899476987,0.32683183798953974,0.07655721195762479,0.08421293315338726
1121.0,0.7551899317806496,1.5103798635612993,0.1633535188689465,0.326707037737893,0.07654148262688096,0.08419563088956906
1121.5,0.7551133862835141,1.5102267725670282,0.16329119981058138,0.32658239962116276,0.07652578731330134,0.08417836604463148
1122.0,0.7550368637465834,1.5100737274931668,0.1632289617143554,0.3264579234287108,0.07651012594331841,0.08416113853765025
1122.5,0.7549603641629707,1.5099207283259415,0.16316680447508605,0.3263336089501721,0.07649449844352378,0.08414394828787616
1123.0,0.754883887525791,1.509767775051582,0.16310472798772765,0.3262094559754553,0.07647890474066783,0.08412679521473462
1123.5,0.7548074338281614,1.5096148676563228,0.16304273214737094,0.3260854642947419,0.07646334476165932,0.08410967923782527
1124.0,0.7547310030632008,1.5094620061264017,0.16298081684924287,0.32596163369848574,0.0764478184335651,0.08409260027692161
1124.5,0.7546545952240309,1.5093091904480618,0.1629189819887066,0.3258379639774132,0.07643232568360976,0.08407555825197074
1125.0,0.7545782103037746,1.5091564206075492,0.16285722746126122,0.32571445492252243,0.07641686643917527,0.0840585530830928
1125.5,0.7545018482955574,1.5090036965911149,0.16279555316254155,0.3255911063250831,0.07640144062780062,0.08404158469058069
1126.0,0.7544255091925067,1.5088510183850135,0.162733958988318,0.325467917976636,0.07638604817718155,0.08402465299489971
1126.5,0.754349192987752,1.508698385975504,0.16267244483449644,0.3253448896689929,0.07637068901517015,0.08400775791668717
1127.0,0.7542728996744249,1.5085457993488498,0.16261101059711786,0.3252220211942357,0.07635536306977454,0.083990899376752
1127.5,0.754196629245659,1.508393258491318,0.16254965617235845,0.3250993123447169,0.07634007026915854,0.0839740772960744
1128.0,0.7541203816945898,1.5082407633891797,0.1624883814565292,0.3249767629130584,0.07632481054164134,0.08395729159580548
1128.5,0.7540441570143551,1.5080883140287102,0.1624271863460758,0.3248543726921516,0.07630958381569711,0.08394054219726682
1129.0,0.7539679551980947,1.5079359103961893,0.16236607073757853,0.32473214147515705,0.07629439001995474,0.08392382902195021
1129.5,0.7538917762389505,1.507783552477901,0.16230503452775202,0.32461006905550405,0.07627922908319747,0.08390715199151721
1130.0,0.7538156201300663,1.5076312402601326,0.162244077613445,0.32448815522689,0.07626410093436255,0.0838905110277988
1130.5,0.7537394868645881,1.5074789737291763,0.16218319989164032,0.32436639978328063,0.0762490055025409,0.083873906052795
1131.0,0.753663376435664,1.507326752871328,0.16212240125945457,0.32424480251890914,0.07623394271697684,0.08385733698867452
1131.5,0.7535872888364439,1.5071745776728878,0.1620616816141381,0.3241233632282762,0.07621891250706764,0.0838408037577744
1132.0,0.7535112240600799,1.5070224481201597,0.16200104085307465,0.3240020817061493,0.07620391480236331,0.08382430628259965
1132.5,0.7534351820997262,1.5068703641994523,0.16194047887378132,0.32388095774756265,0.0761889495325662,0.08380784448582283
1133.0,0.753359162948539,1.506718325897078,0.1618799955739084,0.3237599911478168,0.07617401662753073,0.08379141829028382
1133.5,0.7532831665996769,1.5065663331993537,0.16181959085123904,0.3236391817024781,0.07615911601726295,0.08377502761898925
1134.0,0.7532071930462997,1.5064143860925994,0.16175926460368928,0.32351852920737856,0.07614424763192033,0.08375867239511238
1134.5,0.7531312422815701,1.5062624845631403,0.16169901672930775,0.3233980334586155,0.07612941140181138,0.08374235254199253
1135.0,0.7530553142986526,1.5061106285973052,0.16163884712627552,0.32327769425255104,0.07611460725739531,0.08372606798313485
1135.5,0.7529794090907134,1.5059588181814267,0.16157875569290592,0.32315751138581184,0.07609983512928177,0.08370981864220996
1136.0,0.7529035266509213,1.5058070533018426,0.16151874232764446,0.3230374846552889,0.0760850949482304,0.08369360444305345
1136.5,0.7528276669724467,1.5056553339448935,0.16145880692906847,0.32291761385813694,0.07607038664515066,0.08367742530966574
1137.0,0.7527518300484624,1.5055036600969247,0.1613989493958872,0.3227978987917744,0.07605571015110138,0.08366128116621152
1137.5,0.752676015872143,1.505352031744286,0.16133916962694134,0.3226783392538827,0.07604106539729052,0.08364517193701958
1138.0,0.7526002244366651,1.5052004488733302,0.1612794675212031,0.3225589350424062,0.07602645231507478,0.08362909754658227
1138.5,0.7525244557352075,1.505048911470415,0.1612198429777759,0.3224396859555518,0.07601187083595935,0.0836130579195553
1139.0,0.7524487097609511,1.5048974195219023,0.1611602958958942,0.3223205917917884,0.07599732089159751,0.08359705298075727
1139.5,0.752372986507079,1.504745973014158,0.1611008261749235,0.322201652349847,0.07598280241379038,0.08358108265516942
1140.0,0.7522972859667756,1.5045945719335512,0.1610414337143599,0.3220828674287198,0.07596831533448654,0.0835651468679352
1140.5,0.7522216081332282,1.5044432162664565,0.16098211841383014,0.3219642368276603,0.0759538595857818,0.08354924554435998
1141.0,0.7521459529996257,1.5042919059992514,0.16092288017309136,0.32184576034618273,0.07593943509991877,0.08353337860991066
1141.5,0.7520703205591591,1.5041406411183182,0.1608637188920309,0.3217274377840618,0.0759250418092866,0.08351754599021526
1142.0,0.7519947108050216,1.5039894216100431,0.16080463447066623,0.32160926894133246,0.07591067964642068,0.08350174761106274
1142.5,0.7519191237304081,1.5038382474608163,0.1607456268091446,0.3214912536182892,0.0758963485440023,0.08348598339840255
1143.0,0.751843559328516,1.503687118657032,0.16068669580774306,0.3213733916154861,0.07588204843485835,0.08347025327834419
1143.5,0.7517680175925444,1.5035360351850888,0.16062784136686822,0.32125568273373645,0.07586777925196093,0.08345455717715704
1144.0,0.7516924985156945,1.503384997031389,0.16056906338705607,0.32113812677411213,0.07585354092842718,0.0834388950212699
1144.5,0.7516170020911698,1.5032340041823395,0.1605103617689718,0.3210207235379436,0.07583933339751883,0.08342326673727073
1145.0,0.7515415283121754,1.5030830566243507,0.16045173641340965,0.3209034728268193,0.07582515659264197,0.08340767225190616
1145.5,0.7514660771719186,1.5029321543438372,0.16039318722129278,0.32078637444258556,0.0758110104473467,0.08339211149208138
1146.0,0.751390648663609,1.502781297327218,0.16033471409367303,0.32066942818734606,0.07579689489532682,0.08337658438485951
1146.5,0.7513152427804579,1.5026304855609158,0.16027631693173078,0.32055263386346156,0.07578280987041955,0.0833610908574615
1147.0,0.7512398595156788,1.5024797190313577,0.16021799563677483,0.32043599127354966,0.07576875530660515,0.08334563083726568
1147.5,0.7511644988624873,1.5023289977249745,0.16015975011024217,0.32031950022048433,0.07575473113800674,0.08333020425180741
1148.0,0.7510891608141008,1.5021783216282016,0.16010158025369786,0.3202031605073957,0.07574073729888982,0.0833148110287788
1148.5,0.7510138453637392,1.5020276907274783,0.16004348596883483,0.32008697193766966,0.0757267737236621,0.08329945109602832
1149.0,0.7509385525046235,1.501877105009247,0.15998546715747372,0.31997093431494744,0.07571284034687314,0.08328412438156046
1149.5,0.7508632822299779,1.5017265644599558,0.15992752372156271,0.31985504744312543,0.07569893710321407,0.08326883081353548
1150.0,0.7507880345330278,1.5015760690660556,0.1598696555631774,0.3197393111263548,0.0756850639275172,0.08325357032026892
1150.5,0.750712809407001,1.501425618814002,0.15981186258452057,0.31962372516904114,0.0756712207547558,0.08323834283023138
1151.0,0.7506376068451271,1.5012752136902543,0.1597541446879221,0.3195082893758442,0.07565740752004381,0.0832231482720482
1151.5,0.7505624268406381,1.5011248536812762,0.15969650177583866,0.3193930035516773,0.07564362415863544,0.083207986574499
1152.0,0.7504872693867677,1.5009745387735354,0.15963893375085383,0.31927786750170767,0.07562987060592498,0.08319285766651749
1152.5,0.7504121344767517,1.5008242689535034,0.15958144051567755,0.3191628810313551,0.07561614679744638,0.08317776147719103
1153.0,0.7503370221038279,1.5006740442076558,0.15952402197314625,0.3190480439462925,0.07560245266887304,0.08316269793576035
1153.5,0.7502619322612364,1.5005238645224728,0.1594666780262226,0.3189333560524452,0.07558878815601748,0.08314766697161924
1154.0,0.7501868649422189,1.5003737298844377,0.1594094085779953,0.3188188171559906,0.07557515319483103,0.08313266851431414
1154.5,0.7501118201400194,1.5002236402800389,0.159352213531679,0.318704427063358,0.07556154772140354,0.0831177024935439
1155.0,0.7500367978478839,1.5000735956957678,0.15929509279061402,0.31859018558122804,0.07554797167196305,0.08310276883915936
1155.5,0.7499617980590603,1.4999235961181205,0.1592380462582663,0.3184760925165326,0.07553442498287555,0.0830878674811631
1156.0,0.7498868207667988,1.4997736415335976,0.15918107383822716,0.3183621476764543,0.07552090759064463,0.0830729983497091
1156.5,0.7498118659643512,1.4996237319287025,0.15912417543421328,0.31824835086842657,0.07550741943191122,0.08305816137510234
1157.0,0.7497369336449718,1.4994738672899437,0.15906735095006627,0.31813470190013254,0.07549396044345325,0.08304335648779858
1157.5,0.7496620238019166,1.4993240476038332,0.1590106002897528,0.3180212005795056,0.07548053056218539,0.08302858361840393
1158.0,0.7495871364284437,1.4991742728568873,0.15895392335736416,0.3179078467147283,0.07546712972515873,0.08301384269767462
1158.5,0.7495122715178133,1.4990245430356266,0.15889732005711638,0.31779464011423275,0.07545375786956052,0.08299913365651658
1159.0,0.7494374290632875,1.498874858126575,0.15884079029334985,0.3176815805866997,0.07544041493271383,0.08298445642598522
1159.5,0.7493626090581303,1.4987252181162607,0.15878433397052927,0.31756866794105854,0.07542710085207731,0.08296981093728505
1160.0,0.7492878114956083,1.4985756229912166,0.1587279509932434,0.3174559019864868,0.07541381556524482,0.08295519712176931
1160.5,0.7492130363689894,1.4984260727379788,0.15867164126620506,0.3173432825324101,0.07540055900994522,0.08294061491093975
1161.0,0.7491382836715439,1.4982765673430878,0.15861540469425076,0.3172308093885015,0.075387331124042,0.0829260642364462
1161.5,0.7490635533965442,1.4981271067930884,0.15855924118234066,0.3171184823646813,0.07537413184553311,0.08291154503008644
1162.0,0.7489888455372644,1.4979776910745288,0.15850315063555842,0.31700630127111684,0.0753609611125505,0.08289705722380555
1162.5,0.748914160086981,1.497828320173962,0.15844713295911106,0.3168942659182221,0.07534781886335996,0.08288260074969597
1163.0,0.748839497038972,1.497678994077944,0.15839118805832864,0.31678237611665727,0.0753347050363608,0.0828681755399969
1163.5,0.748764856386518,1.497529712773036,0.15833531583866425,0.3166706316773285,0.07532161957008554,0.0828537815270941
1164.0,0.7486902381229013,1.4973804762458025,0.15827951620569386,0.3165590324113877,0.07530856240319961,0.08283941864351957
1164.5,0.7486156422414061,1.4972312844828122,0.15822378906511608,0.31644757813023217,0.07529553347450113,0.08282508682195125
1165.0,0.7485410687353189,1.4970821374706378,0.158168134322752,0.316336268645504,0.07528253272292054,0.0828107859952126
1165.5,0.748466517597928,1.496933035195856,0.15811255188454512,0.31622510376909024,0.07526956008752038,0.08279651609627242
1166.0,0.7483919888225239,1.4967839776450478,0.1580570416565611,0.3161140833131222,0.07525661550749495,0.08278227705824445
1166.5,0.748317482402399,1.496634964804798,0.15800160354498763,0.31600320708997526,0.07524369892217007,0.08276806881438709
1167.0,0.7482429983308476,1.4964859966616952,0.1579462374561343,0.3158924749122686,0.07523081027100281,0.0827538912981031
1167.5,0.7481685366011663,1.4963370732023327,0.15789094329643238,0.31578188659286477,0.07521794949358108,0.0827397444429392
1168.0,0.7480940972066534,1.4961881944133069,0.15783572097243476,0.3156714419448695,0.07520511652962356,0.08272562818258591
1168.5,0.7480196801406095,1.496039360281219,0.1577805703908157,0.3155611407816314,0.07519231131897917,0.0827115424508771
1169.0,0.7479452853963369,1.4958905707926737,0.15772549145837067,0.31545098291674134,0.07517953380162705,0.08269748718178976
1169.5,0.7478709129671401,1.4957418259342803,0.15767048408201628,0.31534096816403256,0.07516678391767603,0.08268346230944364
1170.0,0.7477965628463257,1.4955931256926513,0.1576155481687901,0.3152310963375802,0.07515406160736454,0.082669467768101
1170.5,0.7477222350272021,1.4954444700544043,0.1575606836258503,0.3151213672517006,0.0751413668110602,0.08265550349216623
1171.0,0.7476479295030799,1.4952958590061598,0.1575058903604759,0.3150117807209518,0.07512869946925965,0.08264156941618563
1171.5,0.7475736462672715,1.495147292534543,0.15745116828006628,0.31490233656013256,0.07511605952258817,0.08262766547484698
1172.0,0.7474993853130913,1.4949987706261827,0.15739651729214102,0.31479303458428204,0.07510344691179945,0.0826137916029794
1172.5,0.7474251466338562,1.4948502932677123,0.15734193730433998,0.31468387460867997,0.07509086157777535,0.08259994773555289
1173.0,0.7473509302228842,1.4947018604457685,0.15728742822442296,0.3145748564488459,0.07507830346152553,0.08258613380767808
1173.5,0.7472767360734962,1.4945534721469924,0.15723298996026963,0.31446597992053926,0.07506577250418726,0.08257234975460599
1174.0,0.7472025641790146,1.4944051283580293,0.1571786224198793,0.3143572448397586,0.0750532686470251,0.08255859551172762
1174.5,0.747128414532764,1.494256829065528,0.15712432551137082,0.31424865102274163,0.07504079183143064,0.08254487101457371
1175.0,0.7470542871280709,1.4941085742561417,0.15707009914298237,0.31414019828596473,0.07502834199892222,0.08253117619881445
1175.5,0.7469801819582638,1.4939603639165275,0.15701594322307139,0.31403188644614277,0.07501591909114463,0.0825175110002591
1176.0,0.746906099016673,1.493812198033346,0.15696185766011436,0.3139237153202287,0.0750035230498689,0.0825038753548558
1176.5,0.7468320382966316,1.4936640765932632,0.15690784236270666,0.3138156847254133,0.07499115381699198,0.08249026919869118
1177.0,0.7467579997914736,1.4935159995829472,0.1568538972395625,0.313707794479125,0.07497881133453645,0.0824766924679901
1177.5,0.7466839834945358,1.4933679669890716,0.1568000221995145,0.313600044399029,0.0749664955446503,0.08246314509911534
1178.0,0.7466099893991567,1.4932199787983134,0.15674621715151385,0.3134924343030277,0.07495420638960663,0.0824496270285673
1178.5,0.7465360174986768,1.4930720349973536,0.15669248200463007,0.31338496400926014,0.0749419438118034,0.08243613819298375
1179.0,0.7464620677864386,1.4929241355728773,0.15663881666805068,0.31327763333610137,0.0749297077537631,0.08242267852913943
1179.5,0.7463881402557868,1.4927762805115736,0.1565852210510813,0.3131704421021626,0.07491749815813256,0.08240924797394582
1180.0,0.7463142349000678,1.4926284698001355,0.1565316950631453,0.3130633901262906,0.07490531496768266,0.08239584646445093
1180.5,0.7462403517126299,1.4924807034252598,0.15647823861378374,0.3129564772275675,0.07489315812530797,0.08238247393783878
1181.0,0.746166490686824,1.492332981373648,0.15642485161265524,0.31284970322531047,0.07488102757402666,0.08236913033142934
1181.5,0.7460926518160024,1.4921853036320047,0.1563715339695357,0.3127430679390714,0.07486892325698008,0.0823558155826781
1182.0,0.7460188350935195,1.492037670187039,0.15631828559431835,0.3126365711886367,0.07485684511743251,0.08234252962917576
1182.5,0.745945040512732,1.491890081025464,0.15626510639701338,0.31253021279402676,0.07484479309877101,0.08232927240864812
1183.0,0.7458712680669984,1.4917425361339969,0.15621199628774796,0.3124239925754959,0.07483276714450504,0.08231604385895555
1183.5,0.7457975177496791,1.4915950354993581,0.15615895517676598,0.31231791035353196,0.07482076719826619,0.08230284391809281
1184.0,0.7457237895541364,1.4914475791082729,0.15610598297442796,0.3122119659488559,0.07480879320380801,0.08228967252418881
1184.5,0.7456500834737351,1.4913001669474701,0.15605307959121084,0.3121061591824217,0.07479684510500567,0.08227652961550624
1185.0,0.7455763995018414,1.4911527990036828,0.15600024493770792,0.31200048987541584,0.07478492284585572,0.0822634151304413
1185.5,0.7455027376318237,1.4910054752636475,0.15594747892462862,0.31189495784925725,0.07477302637047584,0.08225032900752342
1186.0,0.7454290978570527,1.4908581957141054,0.15589478146279837,0.31178956292559673,0.07476115562310452,0.08223727118541498
1186.5,0.7453554801709006,1.4907109603418012,0.1558421524631584,0.3116843049263168,0.0747493105481009,0.08222424160291099
1187.0,0.7452818845667419,1.4905637691334839,0.15578959183676575,0.3115791836735315,0.07473749108994443,0.08221124019893888
1187.5,0.745208311037953,1.490416622075906,0.1557370994947929,0.3114741989895858,0.0747256971932346,0.08219826691255806
1188.0,0.7451347595779123,1.4902695191558246,0.1556846753485278,0.3113693506970556,0.07471392880269077,0.08218532168295986
1188.5,0.7450612301800001,1.4901224603600003,0.15563231930937366,0.3112646386187473,0.0747021858631518,0.082172404449467
1189.0,0.7449877228375987,1.4899754456751975,0.1555800312888487,0.3111600625776974,0.0746904683195759,0.0821595151515335
1189.5,0.7449142375440927,1.4898284750881854,0.1555278111985862,0.3110556223971724,0.07467877611704027,0.0821466537287443
1190.0,0.7448407742928681,1.4896815485857362,0.15547565895033416,0.3109513179006683,0.07466710920074089,0.082133820120815
1190.5,0.7447673330773134,1.4895346661546267,0.1554235744559553,0.3108471489119106,0.0746554675159923,0.08212101426759152
1191.0,0.7446939138908188,1.4893878277816377,0.15537155762742683,0.31074311525485365,0.07464385100822726,0.08210823610904999
1191.5,0.7446205167267766,1.4892410334535533,0.15531960837684025,0.3106392167536805,0.07463225962299658,0.08209548558529624
1192.0,0.7445471415785812,1.4890942831571623,0.1552677266164013,0.3105354532328026,0.0746206933059688,0.08208276263656568
1192.5,0.7444737884396286,1.4889475768792573,0.15521591225842984,0.3104318245168597,0.07460915200292997,0.08207006720322298
1193.0,0.7444004573033172,1.4888009146066343,0.15516416521535958,0.31032833043071917,0.07459763565978339,0.08205739922576173
1193.5,0.7443271481630469,1.4886542963260938,0.15511248539973801,0.31022497079947603,0.07458614422254935,0.08204475864480429
1194.0,0.7442538610122204,1.4885077220244407,0.15506087272422625,0.3101217454484525,0.07457467763736486,0.08203214540110135
1194.5,0.7441805958442413,1.4883611916884827,0.1550093271015988,0.3100186542031976,0.07456323585048345,0.08201955943553181
1195.0,0.7441073526525162,1.4882147053050323,0.15495784844474358,0.30991569688948717,0.07455181880827486,0.08200700068910234
1195.5,0.7440341314304528,1.4880682628609057,0.15490643666666165,0.3098128733333233,0.07454042645722483,0.08199446910294732
1196.0,0.7439609321714615,1.487921864342923,0.1548550916804671,0.3097101833609342,0.07452905874393484,0.08198196461832832
1196.5,0.7438877548689543,1.4877755097379086,0.1548038133993869,0.3096076267987738,0.0745177156151218,0.08196948717663398
1197.0,0.7438145995163452,1.4876291990326904,0.1547526017367607,0.3095052034735214,0.07450639701761792,0.08195703671937972
1197.5,0.7437414661070503,1.4874829322141006,0.15470145660604084,0.3094029132120817,0.07449510289837039,0.08194461318820744
1198.0,0.7436683546344873,1.4873367092689747,0.15465037792079198,0.30930075584158395,0.07448383320444105,0.08193221652488515
1198.5,0.7435952650920765,1.487190530184153,0.15459936559469112,0.30919873118938224,0.07447258788300633,0.08191984667130697
1199.0,0.7435221974732398,1.4870443949464796,0.15454841954152748,0.30909683908305496,0.07446136688135685,0.08190750356949254
1199.5,0.7434491517714008,1.4868983035428016,0.15449753967520222,0.30899507935040443,0.07445017014689724,0.08189518716158697
1200.0,0.7433761279799859,1.4867522559599717,0.15444672590972827,0.30889345181945654,0.07443899762714584,0.08188289738986043
