region,c_HI,t_gyr,hi,h2,sfr,sfr_fraction,offset_dex
leading,1.5,0.0,15.0,35.055411582995255,0.01752770579149763,1.0,0.0
leading,1.5,0.001,14.939348018434382,35.06063719501802,0.01753031859750901,1.0001490671992366,6.499779710240298e-05
leading,1.5,0.002,14.878941281059953,35.065797592785046,0.017532898796392523,1.000296274079259,0.00012970385405782677
leading,1.5,0.003,14.818778796240304,35.07089305321137,0.017535446526605686,1.0004416285394186,0.00019411967906771344
leading,1.5,0.004,14.758859576348668,35.07592385208832,0.017537961926044163,1.0005851384470128,0.00025824677088769743
leading,1.5,0.005,14.699182637751719,35.08089026408813,0.01754044513204407,1.0007268116374146,0.00032208661890060207
leading,1.5,0.006,14.639747000793415,35.08579256276843,0.017542896281384217,1.0008666559142017,0.0003856407031891437
leading,1.5,0.007,14.58055168977892,35.09063102057678,0.01754531551028839,1.0010046790492857,0.00044891049460709336
leading,1.5,0.008,14.521595732958584,35.095405908855135,0.017547702954427567,1.0011408887830398,0.0005118974548496695
leading,1.5,0.009000000000000001,14.462878162512002,35.100117497844316,0.017550058748922157,1.001275292824425,0.0005746030365247061
leading,1.5,0.01,14.404398014532106,35.104766056688504,0.017552383028344252,1.0014078988511204,0.0006370286832214189
leading,1.5,0.011,14.346154329009357,35.109351853439634,0.017554675926719818,1.0015387145096464,0.0006991758295796626
leading,1.5,0.012,14.288146149815985,35.11387515506181,0.017556937577530907,1.0016677474154922,0.0007610459013579471
leading,1.5,0.013000000000000001,14.230372524690285,35.118336227435755,0.01755916811371788,1.001795005153242,0.0008226403155011791
leading,1.5,0.014,14.172832505220994,35.12273533536312,0.01756136766768156,1.0019204952766985,0.0008839604802078417
leading,1.5,0.015,14.11552514683171,35.1270727425709,0.01756353637128545,1.0020442253090078,0.0009450077949962293
leading,1.5,0.016,14.058449508765401,35.13134871171579,0.017565674355857895,1.0021662027427847,0.0010057836507702217
leading,1.5,0.017,14.001604654068945,35.135563504388436,0.017567781752194218,1.0022864350402338,0.001066289429884311
leading,1.5,0.018000000000000002,13.944989649577769,35.139717381117876,0.017569858690558937,1.0024049296332758,0.001126526506208749
leading,1.5,0.019,13.888603565900508,35.1438106013757,0.01757190530068785,1.0025216939236659,0.0011864962451927977
leading,1.5,0.02,13.832445477403764,35.147843423580404,0.017573921711790202,1.0026367352831191,0.0012462000039287768
leading,1.5,0.021,13.776514462196904,35.15181610510163,0.017575908052550816,1.0027500610534306,0.0013056391312145082
leading,1.5,0.022,13.720809602116928,35.15572890226443,0.017577864451132214,1.0028616785465967,0.001364814967615697
leading,1.5,0.023,13.665329982713398,35.15958207035343,0.017579791035176717,1.0029715950449347,0.0014237288455276732
leading,1.5,0.024,13.610074693233424,35.16337586361711,0.017581687931808556,1.0030798178012044,0.0014823820892366903
leading,1.5,0.025,13.555042826606712,35.167110535271966,0.017583555267635984,1.003186354038727,0.0015407760149801079
leading,1.5,0.026000000000000002,13.500233479430678,35.17078633750667,0.017585393168753335,1.0032912109515035,0.0015989119310070013
leading,1.5,0.027,13.445645751955615,35.17440352148622,0.01758720176074311,1.0033943957043336,0.0016567911376368888
leading,1.5,0.028,13.391278748069919,35.17796233735614,0.01758898116867807,1.0034959154329353,0.0017144149273196586
leading,1.5,0.029,13.337131575285387,35.181463034246526,0.017590731517123263,1.0035957772440594,0.0017717845846930425
leading,1.5,0.03,13.283203344722558,35.18490586027622,0.01759245293013811,1.0036939882156106,0.0018289013866413858
leading,1.5,0.031,13.229493171096127,35.18829106255684,0.017594145531278423,1.0037905553967605,0.0018857666023525473
leading,1.5,0.032,13.176000172700409,35.19161888719691,0.017595809443598454,1.0038854858080664,0.0019423814933747536
leading,1.5,0.033,13.122723471394862,35.194889579305865,0.017597444789652934,1.0039787864415852,0.001998747313673218
leading,1.5,0.034,13.069662192589679,35.19810338299814,0.01759905169149907,1.0040704642609903,0.0020548653096861434
leading,1.5,0.035,13.016815465231426,35.20126054139717,0.017600630270698584,1.0041605262016853,0.0021107367203794356
leading,1.5,0.036000000000000004,12.96418242178874,35.20436129663937,0.017602180648319685,1.0042489791709184,0.0021663627773021487
leading,1.5,0.037,12.9117621982381,35.207405889878196,0.017603702944939098,1.0043358300478968,0.002221744704641318
leading,1.5,0.038,12.85955393404962,35.21039456128806,0.017605197280644032,1.0044210856839002,0.0022768837192743553
leading,1.5,0.039,12.807556772172951,35.213327550068335,0.017606663775034167,1.004504752902393,0.0023317810308243936
leading,1.5,0.04,12.755769859023188,35.21620509444724,0.01760810254722362,1.0045868384991372,0.0023864378417117545
leading,1.5,0.041,12.704192344466874,35.21902743168584,0.01760951371584292,1.004667349242305,0.0024408553472071155
leading,1.5,0.042,12.652823381808028,35.22179479808189,0.017610897399040943,1.004746291872589,0.002495034735483597
leading,1.5,0.043000000000000003,12.601662127774267,35.22450742897378,0.01761225371448689,1.0048236731033149,0.0025489771876679532
leading,1.5,0.044,12.55070774250294,35.22716555874441,0.017613582779372205,1.0048994996205514,0.002602683877892222
leading,1.5,0.045,12.499959389527357,35.22976942082501,0.017614884710412504,1.0049737780832197,0.0026561559733439106
leading,1.5,0.046,12.449416235763051,35.23231924769905,0.017616159623849527,1.005046515123206,0.002709394634316636
leading,1.5,0.047,12.399077451494104,35.23481527090605,0.017617407635453025,1.0051177173454673,0.0027624010142596
leading,1.5,0.048,12.348942210359526,35.23725772104535,0.017618628860522678,1.0051873913281426,0.0028151762598270375
leading,1.5,0.049,12.299009689339686,35.239646827780014,0.01761982341389001,1.0052555436226607,0.0028677215109274602
leading,1.5,0.05,12.249279068742807,35.241982819840516,0.017620991409920257,1.0053221807538486,0.00292003790077173
leading,1.5,0.051000000000000004,12.199749532191507,35.24426592502858,0.01762213296251429,1.0053873092200387,0.0029721265559211197
leading,1.5,0.052000000000000005,12.150420266609398,35.246496370220896,0.01762324818511045,1.005450935493176,0.0030239885963358353
leading,1.5,0.053,12.101290462207738,35.248674381372886,0.017624337190686443,1.0055130660189247,0.003075625135420942
leading,1.5,0.054,12.052359312472138,35.25080018352243,0.017625400091761216,1.0055737072167754,0.0031270372800742893
leading,1.5,0.055,12.003626014149319,35.25287400079354,0.01762643700039677,1.0056328654801494,0.003178226130732507
leading,1.5,0.056,11.955089767233936,35.25489605640011,0.017627448028200057,1.0056905471765056,0.0032291927814169998
leading,1.5,0.057,11.906749774955431,35.25686657264959,0.017628433286324796,1.0057467586474453,0.0032799383197800198
leading,1.5,0.058,11.858605243764964,35.258785770946574,0.017629392885473286,1.0058015062088153,0.0033304638271491136
leading,1.5,0.059000000000000004,11.810655383322379,35.26065387179658,0.017630326935898288,1.005854796150814,0.0033807703785730912
leading,1.5,0.06,11.762899406483237,35.26247109480958,0.01763123554740479,1.0059066347380945,0.0034308590428655033
leading,1.5,0.061,11.715336529285889,35.264237658703664,0.017632118829351832,1.0059570282098673,0.0034807308826492636
leading,1.5,0.062,11.667965970938603,35.26595378130865,0.017632976890654326,1.0060059827800034,0.003530386954400312
leading,1.5,0.063,11.620786953806762,35.26761967956969,0.017633809839784846,1.0060535046371377,0.0035798283084909933
leading,1.5,0.064,11.57379870340008,35.2692355695508,0.017634617784775403,1.0060995999447706,0.0036290559892327608
leading,1.5,0.065,11.527000448359892,35.27080166643847,0.017635400833219236,1.0061442748413685,0.00367807103491927
leading,1.5,0.066,11.480391420446507,35.272318184545206,0.017636159092272605,1.0061875354404672,0.003726874477868228
leading,1.5,0.067,11.433970854526573,35.27378533731303,0.017636892668656513,1.0062293878307709,0.0037754673444633435
leading,1.5,0.068,11.387737988560536,35.275203337317045,0.017637601668658524,1.0062698380762531,0.0038238506551962824
leading,1.5,0.069,11.341692063590118,35.27657239626894,0.01763828619813447,1.0063088922162582,0.003872025424707384
leading,1.5,0.07,11.295832323725868,35.27789272502043,0.017638946362510215,1.006346556265598,0.003919992661826674
leading,1.5,0.07100000000000001,11.250158016134739,35.27916453356679,0.017639582266783395,1.0063828362146539,0.003967753369614308
leading,1.5,0.07200000000000001,11.204668391027745,35.28038803105032,0.017640194015525162,1.0064177380294743,0.004015308545401222
leading,1.5,0.073,11.159362701647648,35.281563425763736,0.01764078171288187,1.0064512676518733,0.004062659180827777
leading,1.5,0.074,11.11424020425669,35.28269092515367,0.017641345462576837,1.0064834309995283,0.004109806261884715
leading,1.5,0.075,11.069300158124395,35.28377073582406,0.017641885367912034,1.0065142339660784,0.004156750768951067
leading,1.5,0.076,11.024541825515406,35.28480306353959,0.017642401531769797,1.0065436824212217,0.0042034936768341755
leading,1.5,0.077,10.97996447167737,35.28578811322901,0.017642894056614504,1.0065717822108102,0.00425003595480677
leading,1.5,0.078,10.93556736482888,35.28672608898861,0.017643363044494303,1.006598539156949,0.004296378566646542
leading,1.5,0.079,10.89134977614747,35.287617194085534,0.017643808597042766,1.0066239590580908,0.004342522470673249
leading,1.5,0.08,10.847310979757632,35.28846163096115,0.017644230815480576,1.0066480476891317,0.004388468619786317
leading,1.5,0.081,10.80345025271891,35.28925960123438,0.01764462980061719,1.0066708108015072,0.004434217961502269
leading,1.5,0.082,10.759766875014046,35.29001130570502,0.01764500565285251,1.0066922541232854,0.004479771437991689
leading,1.5,0.083,10.716260129537135,35.290716944357094,0.017645358472178546,1.0067123833592637,0.004525129986115453
leading,1.5,0.084,10.672929302081863,35.2913767163621,0.01764568835818105,1.0067312041910617,0.004570294537461731
leading,1.5,0.085,10.629773681329798,35.29199082008234,0.01764599541004117,1.0067487222772145,0.004615266018381397
leading,1.5,0.08600000000000001,10.586792558838683,35.29255945307416,0.01764627972653708,1.0067649432532677,0.004660045350023838
leading,1.5,0.08700000000000001,10.543985229030836,35.29308281209123,0.017646541406045615,1.0067798727318684,0.004704633448372979
leading,1.5,0.088,10.501350989181548,35.293561093087796,0.017646780546543898,1.0067935163028598,0.004749031224281519
leading,1.5,0.089,10.458889139407555,35.29399449122187,0.017646997245610935,1.0068058795333714,0.004793239583506619
leading,1.5,0.09,10.416598982655541,35.29438320085853,0.01764719160042927,1.0068169679679129,0.004837259426743713
leading,1.5,0.091,10.374479824690711,35.294727415573064,0.017647363707786533,1.0068267871284642,0.004881091649661769
leading,1.5,0.092,10.332530974085378,35.295027328154156,0.017647513664077078,1.0068353425145673,0.0049247371429360105
leading,1.5,0.093,10.290751742207616,35.295283130607125,0.017647641565303563,1.0068426396034165,0.004968196792282657
leading,1.5,0.094,10.24914144320997,35.295495014157055,0.017647747507078527,1.0068486838499497,0.005011471478492278
leading,1.5,0.095,10.207699394018169,35.29566316925195,0.017647831584625975,1.0068534806869374,0.00505456207746249
leading,1.5,0.096,10.166424914319945,35.29578778556589,0.017647893892782946,1.0068570355250726,0.00509746946023089
leading,1.5,0.097,10.125317326553843,35.29586905200217,0.017647934526001084,1.0068593537530608,0.005140194493008586
leading,1.5,0.098,10.084375955898096,35.295907156696366,0.017647953578348183,1.0068604407377082,0.005182738037211465
leading,1.5,0.099,10.04360013025957,35.29590228701954,0.01764795114350977,1.006860301824011,0.005225100949492937
leading,1.5,0.1,10.002989180262707,35.29585462958121,0.017647927314790604,1.0068589423352423,0.005267284081775361
leading,1.5,0.101,9.96254243923855,35.29576437023253,0.017647882185116266,1.0068563675730418,0.005309288281282377
leading,1.5,0.10200000000000001,9.922259243213793,35.29563169406933,0.017647815847034665,1.0068525828175015,0.005351114390569642
leading,1.5,0.10300000000000001,9.882138930899881,35.29545678543511,0.017647728392717554,1.0068475933272538,0.005392763247555605
leading,1.5,0.10400000000000001,9.84218084368216,35.29523982792418,0.01764761991396209,1.0068414043395588,0.005434235685553654
leading,1.5,0.105,9.80238432560906,35.29498100438462,0.01764749050219231,1.0068340210703894,0.005475532533301149
leading,1.5,0.106,9.762748723381332,35.294680496921345,0.017647340248460673,1.006825448714519,0.005516654614990784
leading,1.5,0.107,9.723273386341312,35.29433848689908,0.01764716924344954,1.0068156924456058,0.005557602750300748
leading,1.5,0.108,9.683957666462257,35.29395515494535,0.017646977577472675,1.0068047574162788,0.005598377754423585
leading,1.5,0.109,9.64480091833769,35.293530680953495,0.01764676534047675,1.0067926487582233,0.005638980438097006
leading,1.5,0.11,9.605802499170819,35.293065244085604,0.017646532622042802,1.0067793715822646,0.005679411607632637
leading,1.5,0.111,9.566961768763974,35.29255902277551,0.017646279511387752,1.0067649309784539,0.005719672064945388
leading,1.5,0.112,9.528278089508104,35.292012194731676,0.01764600609736584,1.0067493320161498,0.005759762607582185
leading,1.5,0.113,9.48975082637231,35.291424936940224,0.01764571246847011,1.0067325797441058,0.005799684028750947
leading,1.5,0.114,9.451379346893415,35.29079742566775,0.017645398712833875,1.0067146791905497,0.0058394371173487334
leading,1.5,0.115,9.413163021165584,35.2901298364643,0.017645064918232152,1.0066956353632688,0.005879022657990329
leading,1.5,0.116,9.375101221829993,35.2894223441663,0.01764471117208315,1.0066754532496933,0.005918441431036291
leading,1.5,0.117,9.33719332406451,35.28867512289931,0.017644337561449657,1.0066541378169758,0.0059576942126199
leading,1.5,0.11800000000000001,9.29943870557346,35.28788834608106,0.01764394417304053,1.0066316940120759,0.005996781774676256
leading,1.5,0.11900000000000001,9.26183674657739,35.287062186424215,0.01764353109321211,1.0066081267618414,0.006035704884968169
leading,1.5,0.12,9.224386829802913,35.286196815939235,0.01764309840796962,1.0065834409730887,0.006074464307114206
leading,1.5,0.121,9.187088340472558,35.285292405937255,0.01764264620296863,1.0065576415326845,0.006113060800615629
leading,1.5,0.122,9.149940666294688,35.28434912703288,0.017642174563516442,1.0065307333076265,0.006151495120882242
leading,1.5,0.123,9.112943197453447,35.28336714914702,0.01764168357457351,1.0065027211451238,0.0061897680192600935
leading,1.5,0.124,9.076095326598749,35.282346641509676,0.01764117332075484,1.0064736098726765,0.006227880243056757
leading,1.5,0.125,9.039396448836307,35.28128777266277,0.017640643886331388,1.0064434042981565,0.006265832535568551
leading,1.5,0.126,9.002845961717696,35.28019071046288,0.017640095355231443,1.0064121092098848,0.006303625636105251
leading,1.5,0.127,8.966443265230485,35.27905562208407,0.017639527811042038,1.0063797293767136,0.006341260280016366
leading,1.5,0.128,8.930187761788357,35.277882674020596,0.0176389413370103,1.0063462695481018,0.006378737198716896
leading,1.5,0.129,8.894078856221324,35.27667203208968,0.01763833601604484,1.0063117344541963,0.006416057119712188
leading,1.5,0.13,8.858115955765944,35.27542386143426,0.017637711930717132,1.0062761288059083,0.006453220766623321
leading,1.5,0.131,8.822298470055596,35.27413832652571,0.017637069163262853,1.0062394572949915,0.006490228859211585
leading,1.5,0.132,8.786625811110785,35.272815591166534,0.017636407795583266,1.0062017245941206,0.00652708211340416
leading,1.5,0.133,8.751097393329484,35.2714558184931,0.01763572790924655,1.0061629353569663,0.006563781241317369
leading,1.5,0.134,8.715712633477542,35.27005917097833,0.017635029585489164,1.0061230942182746,0.006600326951281793
leading,1.5,0.135,8.680470950679084,35.26862581043438,0.01763431290521719,1.0060822057939423,0.006636719947866679
leading,1.5,0.136,8.645371766406985,35.26715589801529,0.017633577949007644,1.0060402746810924,0.006672960931903259
leading,1.5,0.137,8.610414504473383,35.265649594219695,0.01763282479710985,1.0059973054581515,0.0067090506005087905
leading,1.5,0.138,8.575598591020206,35.264107058893444,0.01763205352944672,1.0059533026849248,0.006744989647110172
leading,1.5,0.139,8.54092345450976,35.26252845123223,0.017631264225616113,1.0059082709026712,0.006780778761467521
leading,1.5,0.14,8.506388525715343,35.260913929784245,0.017630456964892124,1.0058622146341787,0.006816418629697054
leading,1.5,0.14100000000000001,8.471993237711896,35.2592636524528,0.0176296318262264,1.005815138383839,0.0068519099342943856
leading,1.5,0.14200000000000002,8.437737025866713,35.25757777649891,0.017628788888249456,1.0057670466377215,0.006887253354157708
leading,1.5,0.14300000000000002,8.403619327830153,35.25585645854391,0.017627928229271957,1.0057179438636483,0.006922449564609788
leading,1.5,0.14400000000000002,8.36963958352642,35.25409985457204,0.01762704992728602,1.0056678345112675,0.006957499237421067
leading,1.5,0.145,8.33579723514436,35.25230811993302,0.01762615405996651,1.0056167230121262,0.006992403040832238
leading,1.5,0.146,8.302091727128312,35.25048140934462,0.01762524070467231,1.005564613779745,0.0070271616395752865
leading,1.5,0.147,8.26852250616899,35.24861987689521,0.017624309938447606,1.0055115112096895,0.007061775694897132
leading,1.5,0.148,8.235089021194385,35.24672367604633,0.017623361838023165,1.0054574196796444,0.007096245864580209
leading,1.5,0.149,8.20179072336074,35.244792959635156,0.017622396479817577,1.0054023435494839,0.007130572802964998
leading,1.5,0.15,8.168627066043518,35.24282787987714,0.01762141393993857,1.0053462871613466,0.007164757160970912
leading,1.5,0.151,8.135597504828446,35.24082858836841,0.017620414294184206,1.0052892548397034,0.007198799586118283
leading,1.5,0.152,8.10270149750257,35.23879523608835,0.017619397618044177,1.005231250891433,0.007232700722548987
leading,1.5,0.153,8.069938504045354,35.236727973402076,0.01761836398670104,1.0051722796058904,0.007266461211048074
leading,1.5,0.154,8.037307986619819,35.234626950062896,0.017617313475031447,1.0051123452549784,0.007300081689064048
leading,1.5,0.155,8.004809409563709,35.23249231521481,0.01761624615760741,1.0050514520932186,0.007333562790730421
leading,1.5,0.156,7.972442239380698,35.230324217395,0.017615162108697503,1.0049896043578217,0.007366905146885548
leading,1.5,0.157,7.940205944731641,35.2281228045362,0.0176140614022681,1.0049268062687566,0.007400109385093262
leading,1.5,0.158,7.908099996425836,35.22588822396924,0.01761294411198462,1.004863062028822,0.0074331761296634
leading,1.5,0.159,7.876123867412351,35.22362062242543,0.017611810311212714,1.0047983758237136,0.007466106001671715
leading,1.5,0.16,7.844277032771363,35.22132014603897,0.017610660073019486,1.0047327518220952,0.007498899618980138
leading,1.5,0.161,7.812558969705547,35.2189869403494,0.0176094934701747,1.004666194175666,0.007531557596255874
leading,1.5,0.162,7.780969157531488,35.216621150304015,0.017608310575152008,1.0045987070192313,0.00756408054499217
leading,1.5,0.163,7.749507077671138,35.2142229202602,0.0176071114601301,1.0045302944707681,0.007596469073526875
leading,1.5,0.164,7.718172213643303,35.21179239398787,0.017605896196993934,1.0044609606314956,0.007628723787062571
leading,1.5,0.165,7.686964051055158,35.20932971467185,0.017604664857335927,1.004390709585942,0.007660845287685267
leading,1.5,0.166,7.655882077593816,35.20683502491421,0.017603417512457108,1.0043195454020117,0.007692834174383714
leading,1.5,0.167,7.624925783017898,35.204308466736634,0.017602154233368316,1.0042474721310535,0.007724691043068695
leading,1.5,0.168,7.594094659149177,35.20175018158275,0.017600875090791376,1.0041744938079256,0.007756416486591149
leading,1.5,0.169,7.563388199864225,35.19916031032055,0.017599580155160277,1.004100614451066,0.007788011094761685
leading,1.5,0.17,7.532805901086109,35.19653899324459,0.017598269496622295,1.0040258380625544,0.007819475454368554
leading,1.5,0.171,7.502347260776104,35.19388637007842,0.01759694318503921,1.0039501686281822,0.007850810149196157
leading,1.5,0.17200000000000001,7.4720117789254745,35.191202579976824,0.017595601289988414,1.0038736101175159,0.00788201576004334
leading,1.5,0.17300000000000001,7.441798957547244,35.188487761528165,0.017594243880764082,1.0037961664839634,0.007913092864741941
leading,1.5,0.17400000000000002,7.411708300668031,35.18574205275666,0.01759287102637833,1.003717841664841,0.007944042038174271
leading,1.5,0.17500000000000002,7.381739314319907,35.182965591124656,0.01759148279556233,1.0036386395814356,0.00797486385229123
leading,1.5,0.176,7.351891506532286,35.18015851353491,0.017590079256767456,1.003558564139072,0.00800555887613001
leading,1.5,0.177,7.322164387323846,35.17732095633285,0.017588660478166426,1.0034776192271762,0.008036127675831692
leading,1.5,0.178,7.292557468694486,35.17445305530884,0.01758722652765442,1.00339580871934,0.008066570814659082
leading,1.5,0.179,7.263070264617322,35.17155494570039,0.017585777472850197,1.0033131364733847,0.008096888853013401
leading,1.5,0.18,7.233702291030697,35.168626762194464,0.01758431338109723,1.0032296063314265,0.00812708234845236
leading,1.5,0.181,7.204453065830247,35.16566863892962,0.017582834319464807,1.0031452221199377,0.008157151855706316
leading,1.5,0.182,7.175322108860974,35.1626807094983,0.017581340354749148,1.003059987649812,0.008187097926696583
leading,1.5,0.183,7.146308941909374,35.15966310694899,0.017579831553474496,1.0029739067164256,0.00821692111055069
leading,1.5,0.184,7.117413088695581,35.15661596378845,0.017578307981894224,1.0028869830997016,0.008246621953620449
leading,1.5,0.185,7.08863407486555,35.15353941198391,0.017576769705991955,1.0027992205641725,0.008276200999498108
leading,1.5,0.186,7.059971427983274,35.15043358296521,0.017575216791482606,1.002710622859041,0.008305658789032574
leading,1.5,0.187,7.031424677523018,35.14729860762703,0.017573649303813516,1.0026211937182432,0.008334995860346564
leading,1.5,0.188,7.002993354861609,35.144134616331016,0.017572067308165507,1.0025309368605102,0.00836421274885173
leading,1.5,0.189,6.9746769932707275,35.140941738907955,0.01757047086945398,1.0024398559894299,0.008393309987266426
leading,1.5,0.19,6.946475127909261,35.137720104659905,0.01756886005232995,1.0023479547935068,0.00842228810563004
leading,1.5,0.191,6.918387295815663,35.134469842362364,0.01756723492118118,1.0022552369462254,0.008451147631320035
leading,1.5,0.192,6.890413035900355,35.13119108026637,0.017565595540133185,1.0021617061061088,0.008479889089067385
leading,1.5,0.193,6.86255188893816,35.12788394610062,0.01756394197305031,1.0020673659167796,0.008508513000972244
leading,1.5,0.194,6.834803397560763,35.124548567073624,0.01756227428353681,1.0019722200070218,0.00853701988651999
leading,1.5,0.195,6.807167106249197,35.121185069875786,0.017560592534937892,1.0018762719908396,0.008565410262595908
leading,1.5,0.196,6.779642561326376,35.11779358068147,0.017558896790340735,1.0017795254675166,0.008593684643501387
leading,1.5,0.197,6.75222931094964,35.114374225151124,0.017557187112575562,1.001681984021676,0.008621843540968364
leading,1.5,0.198,6.724926905103337,35.11092712843336,0.01755546356421668,1.0015836512233403,0.008649887464175093
leading,1.5,0.199,6.6977348955914415,35.10745241516702,0.017553726207583508,1.0014845306279903,0.0086778169197615
leading,1.5,0.2,6.670652836030187,35.103950209483216,0.01755197510474161,1.0013846257766235,0.008705632411842829
leading,1.5,0.201,6.643680281840751,35.1004206350074,0.0175502103175037,1.0012839401958122,0.008733334442025523
leading,1.5,0.202,6.616816790241947,35.096863814861436,0.017548431907430717,1.0011824773977633,0.00876092350942215
leading,1.5,0.203,6.590061920242959,35.09327987166559,0.017546639935832792,1.0010802408803752,0.00878840011066507
leading,1.5,0.20400000000000001,6.563415232636102,35.089668927540586,0.017544834463770292,1.0009772341272967,0.008815764739921784
leading,1.5,0.20500000000000002,6.536876289989613,35.08603110410962,0.01754301555205481,1.0008734606079828,0.008843017888908953
leading,1.5,0.20600000000000002,6.510444656640468,35.082366522500394,0.017541183261250197,1.0007689237777546,0.008870160046906666
leading,1.5,0.20700000000000002,6.484119898687232,35.078675303347076,0.017539337651673537,1.0006636270778548,0.008897191700773069
leading,1.5,0.20800000000000002,6.457901583982936,35.07495756679234,0.017537478783396173,1.0005575739355053,0.008924113334958133
leading,1.5,0.209,6.431789282127983,35.07121343248934,0.01753560671624467,1.0004507677639634,0.008950925431517674
leading,1.5,0.21,6.40578256446308,35.067443019603665,0.01753372150980183,1.0003432119625788,0.008977628470127744
leading,1.5,0.211,6.379881004062201,35.06364644681536,0.01753182322340768,1.0002349099168502,0.009004222928097477
leading,1.5,0.212,6.354084175725587,35.05982383232085,0.017529911916160427,1.0001258649984797,0.009030709280384106
leading,1.5,0.213,6.328391655972754,35.05597529383493,0.017527987646917466,1.0000160805654312,0.009057087999605404
leading,1.5,0.214,6.30280302303555,35.052100948592674,0.017526050474296336,0.9999055599619835,0.00908335955605417
leading,1.5,0.215,6.277317856851226,35.048200913351394,0.017524100456675698,0.999794306518787,0.009109524417711031
leading,1.5,0.216,6.251935739055541,35.0442753043926,0.0175221376521963,0.9996823235529188,0.009135583050257943
leading,1.5,0.217,6.226656252975899,35.040324237523876,0.01752016211876194,0.9995696143679369,0.009161535917091889
leading,1.5,0.218,6.201478983624504,35.03634782808085,0.017518173914040425,0.9994561822539362,0.009187383479337518
leading,1.5,0.219,6.176403517691547,35.03234619092904,0.01751617309546452,0.9993420304876008,0.009213126195860127
leading,1.5,0.22,6.151429443538424,35.02831944046583,0.017514159720232916,0.9992271623322612,0.00923876452327941
leading,1.5,0.221,6.126556351190978,35.02426769062229,0.017512133845311143,0.9991115810379453,0.009264298915981743
leading,1.5,0.222,6.101783832332767,35.02019105486512,0.017510095527432563,0.9989952898414345,0.009289729826133132
leading,1.5,0.223,6.077111480298365,35.0160896461985,0.017508044823099252,0.9988782919663157,0.009315057703691676
leading,1.5,0.224,6.052538890066682,35.011963577165986,0.017505981788582994,0.9987605906230368,0.009340282996420939
leading,1.5,0.225,6.028065658254314,35.007812959852316,0.017503906479926157,0.9986421890089566,0.009365406149901716
leading,1.5,0.226,6.003691383108929,35.00363790588535,0.017501818952942675,0.9985230903084014,0.009390427607545097
leading,1.5,0.227,5.979415664502665,34.99943852643784,0.017499719263218923,0.9984032976927144,0.009415347810604111
leading,1.5,0.228,5.955238103925559,34.995214932229345,0.017497607466114673,0.9982828143203114,0.009440167198187124
leading,1.5,0.229,5.931158304479015,34.990967233527975,0.017495483616763986,0.9981616433367297,0.009464886207268703
leading,1.5,0.23,5.90717587086928,34.98669554015231,0.017493347770076155,0.9980397878746836,0.009489505272703173
leading,1.5,0.231,5.883290409400958,34.98239996147316,0.01749119998073658,0.9979172510541138,0.00951402482723535
leading,1.5,0.232,5.859501527970547,34.9780806064154,0.017489040303207703,0.99779403598224,0.009538445301513605
leading,1.5,0.233,5.835808836060003,34.973737583459766,0.017486868791729882,0.9976701457536129,0.009562767124100839
leading,1.5,0.234,5.812211944730324,34.96937100064465,0.017484685500322325,0.9975455834501643,0.009586990721486858
leading,1.5,0.23500000000000001,5.788710466615174,34.96498096556789,0.017482490482783945,0.9974203521412588,0.009611116518099993
leading,1.5,0.23600000000000002,5.765304015914517,34.96056758538857,0.017480283792694284,0.9972944548837448,0.009635144936318582
leading,1.5,0.23700000000000002,5.7419922083882895,34.956130966828766,0.017478065483414382,0.997167894722005,0.009659076396482842
leading,1.5,0.23800000000000002,5.718774661350084,34.95167121617535,0.017475835608087676,0.9970406746880065,0.009682911316905773
leading,1.5,0.23900000000000002,5.695650993660875,34.947188439281696,0.01747359421964085,0.9969127978013512,0.009706650113885358
leading,1.5,0.24,5.6726208257227615,34.94268274156951,0.01747134137078476,0.9967842670693268,0.00973029320171536
leading,1.5,0.241,5.6496837794727295,34.93815422803052,0.01746907711401526,0.9966550854869548,0.009753840992696642
leading,1.5,0.242,5.6268394783764535,34.93360300322819,0.017466801501614098,0.9965252560370408,0.009777293897148402
leading,1.5,0.243,5.604087547422108,34.929029171299554,0.017464514585649776,0.9963947816902253,0.009800652323419375
leading,1.5,0.244,5.581427613114218,34.92443283595686,0.01746221641797843,0.9962636654050316,0.00982391667789895
leading,1.5,0.245,5.558859303467522,34.91981410048928,0.017459907050244642,0.9961319101279146,0.009847087365027684
leading,1.5,0.246,5.53638224800087,34.9151730677647,0.01745758653388235,0.99599951879331,0.009870164787308571
leading,1.5,0.247,5.513996077731139,34.91050984023134,0.01745525492011567,0.9958664943236838,0.009893149345318016
leading,1.5,0.248,5.491700425167178,34.905824519919484,0.017452912259959742,0.9957328396295786,0.009916041437716032
leading,1.5,0.249,5.469494924303768,34.90111720844322,0.017450558604221608,0.995598557609665,0.009938841461257286
leading,1.5,0.25,5.447379210615628,34.89638800700202,0.01744819400350101,0.9954636511507862,0.009961549810801554
leading,1.5,0.251,5.425352921051416,34.89163701638251,0.017445818508191255,0.9953281231280083,0.009984166879324638
leading,1.5,0.252,5.403415694027776,34.886864336960116,0.017443432168480058,0.9951919764046674,0.010006693057928054
leading,1.5,0.253,5.381567169423407,34.8820700687007,0.01744103503435035,0.9950552138324161,0.010029128735850395
leading,1.5,0.254,5.35980698857314,34.87725431116222,0.01743862715558111,0.9949178382512713,0.010051474300476702
leading,1.5,0.255,5.33813479426206,34.87241716349642,0.01743620858174821,0.9947798524896624,0.01007373013734934
leading,1.5,0.256,5.316550230719636,34.86755872445047,0.017433779362225236,0.9946412593644768,0.010095896630178
leading,1.5,0.257,5.295052943613882,34.86267909236853,0.017431339546184265,0.9945020616811068,0.010117974160849799
leading,1.5,0.258,5.273642580045547,34.85777836519347,0.017428889182596736,0.9943622622334962,0.010139963109439355
leading,1.5,0.259,5.252318788542309,34.852856640468445,0.017426428320234222,0.9942218638041875,0.010161863854218864
leading,1.5,0.26,5.231081219053014,34.84791401533854,0.01742395700766927,0.9940808691643669,0.010183676771667765
leading,1.5,0.261,5.209929522941931,34.84295058655234,0.01742147529327617,0.9939392810739106,0.010205402236482993
leading,1.5,0.262,5.188863352983021,34.83796645046357,0.017418983225231784,0.9937971022814301,0.010227040621588341
leading,1.5,0.263,5.167882363354246,34.8329617030327,0.017416480851516352,0.99365433552432,0.010248592298144493
leading,1.5,0.264,5.146986209631882,34.82793643982848,0.017413968219914238,0.9935109835287993,0.010270057635558551
leading,1.5,0.265,5.126174548784878,34.82289075602961,0.017411445378014805,0.9933670490099612,0.010291437001493872
leading,1.5,0.266,5.105447039169207,34.81782474642622,0.01740891237321311,0.9932225346718141,0.010312730761879088
leading,1.5,0.267,5.08480334052228,34.81273850542155,0.017406369252710774,0.99307744320733,0.010333939280918022
leading,1.5,0.268,5.064243113957336,34.80763212703341,0.017403816063516705,0.9929317772984859,0.010355062921099344
leading,1.5,0.269,5.043766021957899,34.802505704895815,0.017401252852447906,0.9927855396163108,0.01037610204320505
leading,1.5,0.27,5.0233717283722275,34.79735933226051,0.017398679666130255,0.9926387328209286,0.010397057006320582
leading,1.5,0.271,5.003059898407796,34.79219310199852,0.01739609655099926,0.9924913595616028,0.010417928167843829
leading,1.5,0.272,4.982830198625802,34.78700710660167,0.017393503553300837,0.9923434224767801,0.010438715883493833
leading,1.5,0.273,4.962682296935692,34.781801438184154,0.01739090071909208,0.9921949241941342,0.010459420507320986
leading,1.5,0.274,4.942615862589708,34.776576188484064,0.017388288094242033,0.9920458673306107,0.010480042391714678
leading,1.5,0.275,4.922630566177459,34.77133144886486,0.017385665724432432,0.9918962544924678,0.010500581887413383
leading,1.5,0.276,4.902726079620517,34.766067310316956,0.01738303365515848,0.991746088275322,0.010521039343513608
leading,1.5,0.277,4.8829020761670225,34.76078386345915,0.017380391931729577,0.9915953712641896,0.010541415107477508
leading,1.5,0.278,4.86315823038633,34.75548119854024,0.01737774059927012,0.9914441060335316,0.010561709525143695
leading,1.5,0.279,4.8434942181636575,34.750159405440385,0.017375079702720193,0.9912922951472936,0.010581922940733995
leading,1.5,0.28,4.823909716694776,34.7448185736727,0.01737240928683635,0.9911399411589503,0.010602055696863575
leading,1.5,0.281,4.804404404480697,34.73945879238471,0.017369729396192354,0.9909870466115478,0.010622108134549182
leading,1.5,0.28200000000000003,4.784977961322408,34.734080150359816,0.017367040075179908,0.990833614037745,0.01064208059321738
leading,1.5,0.28300000000000003,4.765630068315607,34.728682736018776,0.01736434136800939,0.990679645959856,0.0106619734107137
leading,1.5,0.28400000000000003,4.746360407845471,34.723266637421176,0.017361633318710587,0.9905251448898921,0.010681786923310682
leading,1.5,0.28500000000000003,4.727168663581444,34.717831942266905,0.017358915971133454,0.9903701133296035,0.010701521465716337
leading,1.5,0.28600000000000003,4.708054520472036,34.712378737897566,0.017356189368948782,0.99021455377052,0.01072117737108293
leading,1.5,0.28700000000000003,4.689017664739663,34.706907111297994,0.017353453555648997,0.9900584686939944,0.010740754971015145
leading,1.5,0.28800000000000003,4.670057783875486,34.70141714909764,0.017350708574548818,0.9899018605712411,0.0107602545955779
leading,1.5,0.289,4.651174566634289,34.69590893757201,0.017347954468786005,0.9897447318633784,0.010779676573304975
leading,1.5,0.29,4.632367703029358,34.69038256264416,0.01734519128132208,0.9895870850214703,0.010799021231207458
leading,1.5,0.291,4.613636884327404,34.68483810988605,0.017342419054943027,0.9894289224865652,0.010818288894781241
leading,1.5,0.292,4.594981803043492,34.67927566452001,0.017339637832260005,0.989270246689738,0.010837479888015906
leading,1.5,0.293,4.576402152935988,34.67369531142013,0.017336847655710065,0.9891110600521295,0.010856594533401645
leading,1.5,0.294,4.557897629001541,34.66809713511368,0.017334048567556843,0.988951364984987,0.010875633151938036
leading,1.5,0.295,4.539467927470063,34.66248121978252,0.01733124060989126,0.9887911638897049,0.010894596063142168
leading,1.5,0.296,4.521112745799754,34.65684764926448,0.01732842382463224,0.9886304591578633,0.010913483585055334
leading,1.5,0.297,4.502831782672132,34.65119650705476,0.01732559825352738,0.9884692531712688,0.01093229603425236
leading,1.5,0.298,4.484624737987085,34.645527876307334,0.017322763938153667,0.9883075483019932,0.010951033725848472
leading,1.5,0.299,4.466491312857944,34.63984183983629,0.017319920919918148,0.9881453469124137,0.010969696973506816
leading,1.5,0.3,4.448431209606581,34.63413848011727,0.017317069240058637,0.9879826513552522,0.010988286089446917
leading,1.5,0.301,4.430444131758516,34.62841787928876,0.01731420893964438,0.9878194639736131,0.011006801384451616
leading,1.5,0.302,4.412529784038055,34.622680119153515,0.017311340059576758,0.9876557871010235,0.011025243167875325
leading,1.5,0.303,4.39468787236344,34.61692528117989,0.017308462640589946,0.9874916230614714,0.011043611747650757
leading,1.5,0.304,4.3769181038420255,34.61115344650322,0.017305576723251608,0.9873269741694449,0.011061907430297079
leading,1.5,0.305,4.359220186765462,34.6053646959271,0.01730268234796355,0.9871618427299691,0.011080130520926715
leading,1.5,0.306,4.341593830604918,34.59955910992483,0.017299779554962418,0.9869962310386466,0.011098281323253675
leading,1.5,0.307,4.324038746006302,34.59373676864068,0.017296868384320343,0.986830141381694,0.011116360139600066
leading,1.5,0.308,4.306554644785515,34.58789775189123,0.017293948875945615,0.9866635760359804,0.011134367270903453
leading,1.5,0.309,4.289141239923724,34.58204213916669,0.017291021069583346,0.9864965372690649,0.011152303016724686
leading,1.5,0.31,4.271798245562646,34.576170009632264,0.017288085004816132,0.9863290273392351,0.011170167675254488
leading,1.5,0.311,4.254525376999853,34.570281442129435,0.01728514072106472,0.9861610484955439,0.011187961543321077
leading,1.5,0.312,4.237322350684103,34.564376515177266,0.01728218825758863,0.9859926029778472,0.011205684916397122
leading,1.5,0.313,4.220188884210684,34.55845530697371,0.017279227653486856,0.9858236930168406,0.011223338088606599
leading,1.5,0.314,4.20312469631678,34.55251789539694,0.01727625894769847,0.9856543208340974,0.011240921352732105
leading,1.5,0.315,4.1861295068768465,34.54656435800658,0.01727328217900329,0.9854844886421043,0.01125843500022189
leading,1.5,0.316,4.169203036898021,34.54059477204506,0.01727029738602253,0.9853141986442994,0.011275879321196404
leading,1.5,0.317,4.152345008515537,34.53460921443888,0.017267304607219442,0.9851434530351084,0.011293254604455981
leading,1.5,0.318,4.135555144988166,34.52860776179985,0.017264303880899924,0.9849722539999801,0.011310561137486613
leading,1.5,0.319,4.118833170693671,34.52259049042641,0.017261295245213207,0.9848006037154244,0.011327799206467712
leading,1.5,0.32,4.102178811124287,34.5165574763049,0.017258278738152447,0.9846285043490476,0.011344969096278544
leading,1.5,0.321,4.085591792882209,34.51050879511076,0.01725525439755538,0.9844559580595876,0.01136207109050474
leading,1.5,0.322,4.069071843675108,34.50444452220989,0.017252222261104944,0.984282966996952,0.011379105471445572
leading,1.5,0.323,4.052618692311656,34.498364732659795,0.0172491823663299,0.9841095333022513,0.011396072520119791
leading,1.5,0.324,4.036232068697085,34.49226950121092,0.01724613475060546,0.9839356591078364,0.011412972516273262
leading,1.5,0.325,4.01991170382874,34.486158902307835,0.017243079451153918,0.983761346537333,0.01142980573838443
leading,1.5,0.326,4.003657329791672,34.48003301009051,0.017240016505045256,0.9835865977056777,0.011446572463671735
leading,1.5,0.327,3.9874686797542336,34.47389189839552,0.017236945949197762,0.9834114147191523,0.011463272968099727
leading,1.5,0.328,3.971345487963704,34.46773564075729,0.017233867820378647,0.9832357996754192,0.011479907526385454
leading,1.5,0.329,3.9552874897419263,34.46156431040933,0.017230782155204665,0.983059754663557,0.011496476412005198
leading,1.5,0.33,3.939294421480956,34.4553779802854,0.0172276889901427,0.9828832817640937,0.011512979897200584
leading,1.5,0.331,3.923366020638743,34.449176723020784,0.017224588361510394,0.9827063830490427,0.011529418252984834
leading,1.5,0.332,3.9075020257348134,34.44296061095348,0.01722148030547674,0.9825290605819369,0.011545791749149513
leading,1.5,0.333,3.891702176345981,34.436729716125356,0.01721836485806268,0.982351316417862,0.011562100654270125
leading,1.5,0.334,3.8759662131020733,34.43048411028345,0.017215242055141727,0.9821731526034929,0.01157834523571312
leading,1.5,0.335,3.8602938776816718,34.42422386488106,0.01721211193244053,0.9819945711771253,0.011594525759641488
leading,1.5,0.336,3.844684912807871,34.41794905107896,0.017208974525539482,0.9818155741687109,0.011610642491020997
leading,1.5,0.337,3.829139062244055,34.41165973974665,0.01720582986987333,0.9816361635998913,0.011626695693626619
leading,1.5,0.338,3.813656070789694,34.405356001463446,0.017202678000731723,0.9814563414840309,0.011642685630048296
leading,1.5,0.339,3.7982356842761518,34.399037906519695,0.017199518953259847,0.9812761098262514,0.011658612561697163
leading,1.5,0.34,3.7828776495625123,34.39270552491796,0.01719635276245898,0.9810954706234639,0.011674476748811296
leading,1.5,0.341,3.7675817145314294,34.38635892637414,0.01719317946318707,0.9809144258644032,0.011690278450462124
leading,1.5,0.342,3.752347628084981,34.37999818031868,0.01718999909015934,0.9807329775296603,0.011706017924559884
leading,1.5,0.343,3.737175140140555,34.37362335589768,0.01718681167794884,0.9805511275917154,0.01172169542785973
leading,1.5,0.34400000000000003,3.7220640016267357,34.36723452197409,0.017183617260987046,0.9803688780149714,0.011737311215968025
leading,1.5,0.34500000000000003,3.707013964479221,34.36083174712883,0.017180415873564413,0.9801862307557856,0.011752865543347047
leading,1.5,0.34600000000000003,3.692024781636749,34.354415099661914,0.01717720754983096,0.9800031877625027,0.011768358663322006
leading,1.5,0.34700000000000003,3.6770962070370397,34.34798464759364,0.01717399232379682,0.9798197509754878,0.011783790828086116
leading,1.5,0.34800000000000003,3.662227995612759,34.34154045866567,0.017170770229332836,0.9796359223271572,0.01179916228870639
leading,1.5,0.34900000000000003,3.647419903287493,34.33508260034218,0.01716754130017109,0.9794517037420125,0.011814473295129448
leading,1.5,0.35000000000000003,3.632671686971742,34.328611139811,0.017164305569905502,0.9792670971366711,0.011829724096187487
leading,1.5,0.35100000000000003,3.617983104558932,34.32212614398469,0.017161063071992347,0.9790821044198987,0.01184491493960305
leading,1.5,0.352,3.6033539149214375,34.31562767950168,0.01715781383975084,0.9788967274926411,0.011860046071995372
leading,1.5,0.353,3.5887838779066237,34.309115812727406,0.017154557906363704,0.978710968248056,0.011875117738885967
leading,1.5,0.354,3.5742727543329056,34.30259060975535,0.017151295304877676,0.978524828571544,0.011890130184703277
leading,1.5,0.355,3.559820305985819,34.2960521364082,0.0171480260682041,0.9783383103407804,0.011905083652789203
leading,1.5,0.356,3.545426295614115,34.28950045823892,0.01714475022911946,0.9781514154257466,0.011919978385404012
leading,1.5,0.357,3.5310904869258586,34.28293564053183,0.017141467820265915,0.9779641456887604,0.01193481462373202
leading,1.5,0.358,3.516812644584555,34.27635774830374,0.01713817887415187,0.9777765029845086,0.011949592607886679
leading,1.5,0.359,3.502592534205284,34.26976684630496,0.017134883423152482,0.977588489160076,0.011964312576916148
leading,1.5,0.36,3.488429922350851,34.263162999020466,0.01713158149951023,0.977400106054978,0.011978974768808761
leading,1.5,0.361,3.47432457652796,34.256546270670874,0.017128273135335437,0.977211355501189,0.01199357942049764
leading,1.5,0.362,3.4602762651833894,34.249916725213616,0.01712495836260681,0.9770222393231757,0.012008126767867184
leading,1.5,0.363,3.4462847577002,34.243274426343916,0.017121637213171958,0.9768327593379251,0.012022617045757314
leading,1.5,0.364,3.432349824393939,34.23661943749591,0.017118309718747955,0.9766429173549762,0.012037050487968715
leading,1.5,0.365,3.4184712365088803,34.22995182184366,0.017114975910921832,0.9764527151764492,0.012051427327268674
leading,1.5,0.366,3.4046487662142586,34.22327164230226,0.01711163582115113,0.9762621545970764,0.012065747795395477
leading,1.5,0.367,3.390882186600536,34.21657896152882,0.01710828948076441,0.9760712374042317,0.012080012123064322
leading,1.5,0.368,3.377171271675678,34.209873841923546,0.017104936920961773,0.97587996537796,0.012094220539971617
leading,1.5,0.369,3.363515796361437,34.203156345630795,0.017101578172815397,0.9756883402910074,0.012108373274800513
leading,1.5,0.37,3.3499155364896653,34.19642653454007,0.017098213267270037,0.9754963639088505,0.012122470555225563
leading,1.5,0.371,3.336370268798629,34.189684470287105,0.017094842235143553,0.9753040379897265,0.012136512607918627
leading,1.5,0.372,3.322879770929345,34.18293021425482,0.017091465107127408,0.9751113642846612,0.012150499658552496
leading,1.5,0.373,3.3094438214219344,34.1761638275744,0.0170880819137872,0.9749183445374989,0.012164431931806769
leading,1.5,0.374,3.2960621997119786,34.16938537112632,0.01708469268556316,0.9747249804849323,0.012178309651372711
leading,1.5,0.375,3.282734686126908,34.1625949055413,0.01708129745277065,0.9745312738565293,0.01219213303995771
leading,1.5,0.376,3.2694610618823896,34.15579249120138,0.01707789624560069,0.9743372263747643,0.012205902319290396
leading,1.5,0.377,3.256241109078736,34.1489781882409,0.017074489094120453,0.9741428397550452,0.012219617710125759
leading,1.5,0.378,3.2430746106973327,34.1421520565475,0.017071076028273752,0.9739481157057429,0.012233279432249137
leading,1.5,0.379,3.22996135059707,34.13531415576311,0.017067657077881555,0.9737530559282189,0.012246887704482066
leading,1.5,0.38,3.216901113510799,34.12846454528498,0.01706423227264249,0.9735576621168549,0.01226044274468608
leading,1.5,0.381,3.2038936850417943,34.12160328426661,0.017060801642133305,0.9733619359590798,0.012273944769767708
leading,1.5,0.382,3.1909388516602375,34.11473043161883,0.017057365215809417,0.9731658791353991,0.012287393995683769
leading,1.5,0.383,3.1780364006997104,34.10784604601067,0.017053923023005336,0.9729694933194214,0.012300790637445233
leading,1.5,0.384,3.1651861203537033,34.100950185870424,0.017050475092935214,0.9727727801778878,0.01231413490912204
leading,1.5,0.385,3.1523877996721406,34.094042909386594,0.017047021454693296,0.9725757413706989,0.012327427023848274
leading,1.5,0.386,3.139641228557915,34.08712427450885,0.017043562137254425,0.9723783785509424,0.012340667193825747
leading,1.5,0.387,3.126946197763438,34.08019433894902,0.01704009716947451,0.9721806933649213,0.01235385563032973
leading,1.5,0.388,3.1143024988872097,34.073253160182034,0.017036626580091016,0.9719826874521807,0.012366992543712438
leading,1.5,0.389,3.1017099243703914,34.0663007954469,0.017033150397723452,0.9717843624455359,0.0123800781434082
leading,1.5,0.39,3.0891682674934047,34.05933730174763,0.017029668650873818,0.9715857199710985,0.01239311263793767
leading,1.5,0.391,3.076677322372531,34.052362735854246,0.017026181367927124,0.9713867616483051,0.012406096234912341
leading,1.5,0.392,3.0642368839565384,34.04537715430364,0.017022688577151817,0.9711874890899421,0.01241902914103923
leading,1.5,0.393,3.051846748023311,34.03838061340062,0.01701919030670031,0.9709879039021758,0.012431911562124623
leading,1.5,0.394,3.039506711176497,34.031373169218774,0.017015686584609387,0.9707880076845761,0.012444743703079311
leading,1.5,0.395,3.027216570842174,34.024354877601425,0.017012177438800714,0.9705878020301443,0.012457525767921966
leading,1.5,0.396,3.014976125265517,34.01732579416259,0.017008662897081295,0.9703872885253407,0.012470257959784646
leading,1.5,0.397,3.0027851735074917,34.01028597428787,0.017005142987143933,0.9701864687501099,0.012482940480916168
leading,1.5,0.398,2.990643515441553,34.0032354731354,0.0170016177365677,0.9699853442779075,0.012495573532686757
leading,1.5,0.399,2.9785509517503597,33.99617434563675,0.016998087172818376,0.969783916675726,0.012508157315591975
leading,1.5,0.4,2.9665072839225055,33.989102646497884,0.01699455132324894,0.9695821875041222,0.012520692029257752
leading,1.5,0.401,2.9545123142492558,33.98202043020001,0.016991010215100005,0.9693801583172417,0.012533177872443728
leading,1.5,0.402,2.942565845821307,33.974927751000536,0.016987463875500267,0.9691778306628457,0.012545615043047818
leading,1.5,0.403,2.930667682525549,33.967824662933964,0.016983912331466983,0.9689752060823368,0.012558003738110772
leading,1.5,0.404,2.9188176290418495,33.9607112198128,0.016980355609906402,0.9687722861107848,0.012570344153819225
leading,1.5,0.405,2.907015490839847,33.95358747522842,0.01697679373761421,0.9685690722769515,0.01258263648551091
leading,1.5,0.406,2.895261074175754,33.946453482552016,0.016973226741276007,0.9683655661033181,0.012594880927678454
leading,1.5,0.40700000000000003,2.8835541860891842,33.93930929493544,0.016969654647467722,0.9681617691061082,0.012607077673973082
leading,1.5,0.40800000000000003,2.871894634399975,33.93215496531213,0.016966077482656064,0.9679576827953149,0.01261922691720888
leading,1.5,0.40900000000000003,2.8602822277050395,33.92499054639796,0.01696249527319898,0.9677533086747255,0.01263132884936696
leading,1.5,0.41000000000000003,2.848716775375224,33.91781609069215,0.016958908045346076,0.967548648241947,0.012643383661599622
leading,1.5,0.41100000000000003,2.8371980875521756,33.91063165047812,0.016955315825239063,0.9673437029884298,0.012655391544233672
leading,1.5,0.41200000000000003,2.825725975145228,33.903437277824395,0.0169517186389122,0.9671384743994944,0.012667352686775142
leading,1.5,0.41300000000000003,2.8143002498282943,33.896233024585435,0.016948116512292718,0.9669329639543551,0.01267926727791269
leading,1.5,0.41400000000000003,2.8029207240367815,33.889018942402515,0.01694450947120126,0.9667271731261448,0.012691135505521573
leading,1.5,0.41500000000000004,2.791587210964504,33.88179508270462,0.01694089754135231,0.9665211033819402,0.01270295755666816
leading,1.5,0.41600000000000004,2.7802995245606215,33.874561496709255,0.016937280748354627,0.9663147561827855,0.01271473361761268
leading,1.5,0.417,2.769057479526586,33.86731823542333,0.016933659117711667,0.9661081329837176,0.012726463873814493
leading,1.5,0.418,2.7578608913130935,33.860065349644024,0.016930032674822012,0.9659012352337899,0.012738148509934252
leading,1.5,0.419,2.746709576117063,33.852802889959584,0.016926401444979793,0.9656940643760966,0.01274978770983955
leading,1.5,0.42,2.735603350878613,33.84553090675024,0.01692276545337512,0.9654866218477975,0.012761381656606993
leading,1.5,0.421,2.724542033278057,33.83824945018899,0.016919124725094496,0.9652789090801407,0.012772930532527267
leading,1.5,0.422,2.713525441732915,33.830958570242466,0.016915479285121233,0.9650709274984879,0.012784434519108052
leading,1.5,0.423,2.702553395394927,33.82365831667176,0.016911829158335882,0.964862678522337,0.012795893797078246
leading,1.5,0.424,2.691625714147088,33.81634873903326,0.01690817436951663,0.9646541635653468,0.012807308546391338
leading,1.5,0.425,2.680742218600688,33.80902988667949,0.016904514943339746,0.9644453840353606,0.012818678946229439
leading,1.5,0.426,2.6699027300923723,33.8017018087599,0.01690085090437995,0.9642363413344288,0.012830005175006464
leading,1.5,0.427,2.659107070681202,33.79436455422175,0.016897182277110876,0.9640270368588336,0.012841287410372442
leading,1.5,0.428,2.6483550631457375,33.78701817181086,0.01689350908590543,0.9638174719991115,0.012852525829216501
leading,1.5,0.429,2.6376465309811294,33.77966271007245,0.016889831355036227,0.9636076481400764,0.01286372060767071
leading,1.5,0.43,2.6269812983962173,33.77229821735199,0.016886149108675995,0.9633975666608439,0.012874871921113893
leading,1.5,0.431,2.6163591903106473,33.764924741795944,0.016882462370897973,0.9631872289348529,0.012885979944174822
leading,1.5,0.432,2.6057800323519973,33.75754233135265,0.016878771165676328,0.9629766363298905,0.012897044850736209
leading,1.5,0.433,2.595243650852912,33.75015103377304,0.01687507551688652,0.9627657902081123,0.012908066813937422
leading,1.5,0.434,2.584749872848258,33.7427508966115,0.016871375448305748,0.9625546919260676,0.012919046006179229
leading,1.5,0.435,2.574298526072276,33.73534196722663,0.016867670983613317,0.9623433428347204,0.01292998259912622
leading,1.5,0.436,2.5638894389557607,33.72792429278209,0.016863962146391045,0.9621317442794737,0.012940876763710432
leading,1.5,0.437,2.553522440623239,33.72049792024731,0.016860248960123655,0.96191989760019,0.012951728670135445
leading,1.5,0.438,2.5431973608901672,33.713062896398355,0.016856531448199177,0.9617078041312158,0.012962538487879443
leading,1.5,0.439,2.5329140302601383,33.705619267818626,0.016852809633909314,0.9614954652014016,0.012973306385698088
leading,1.5,0.44,2.522672279922096,33.69816708089973,0.016849083540449866,0.9612828821341267,0.012984032531628708
leading,1.5,0.441,2.5124719417475676,33.6907063818422,0.0168453531909211,0.9610700562473199,0.01299471709299343
leading,1.5,0.442,2.5023128482879007,33.68323721665626,0.01684161860832813,0.9608569888534809,0.013005360236402533
leading,1.5,0.443,2.492194832771516,33.675759631162634,0.016837879815581318,0.9606436812597041,0.013015962127757396
leading,1.5,0.444,2.4821177291011707,33.6682736709933,0.01683413683549665,0.9604301347676993,0.013026522932254673
leading,1.5,0.445,2.472081371851228,33.66077938159224,0.016830389690796123,0.9602163506738137,0.013037042814388502
leading,1.5,0.446,2.4620855962649464,33.65327680821622,0.01682663840410811,0.9600023302690537,0.013047521937955036
leading,1.5,0.447,2.4521302382517707,33.64576599593553,0.016822882997967765,0.9597880748391064,0.013057960466054381
leading,1.5,0.448,2.442215134384641,33.63824698963474,0.01681912349481737,0.9595735856643612,0.01306835856109522
leading,1.5,0.449,2.43234012189731,33.63071983401347,0.016815359917006736,0.9593588640199313,0.013078716384796626
leading,1.5,0.45,2.4225050386816678,33.623184573587146,0.01681159228679357,0.9591439111756754,0.013089034098192617
leading,1.5,0.451,2.4127097232850856,33.615641252687695,0.01680782062634385,0.9589287283962181,0.01309931186163452
leading,1.5,0.452,2.402954014907761,33.60808991546436,0.016804044957732182,0.9587133169409723,0.01310954983479448
leading,1.5,0.453,2.3932377534000797,33.600530605884366,0.016800265302942183,0.9584976780641586,0.01311974817666821
leading,1.5,0.454,2.383560779259989,33.59296336773371,0.016796481683866854,0.9582818130148284,0.013129907045578862
leading,1.5,0.455,2.373922933630375,33.58538824461788,0.01679269412230894,0.9580657230368833,0.013140026599179769
leading,1.5,0.456,2.364324058296459,33.57780527996257,0.016788902639981285,0.9578494093690959,0.013150106994456925
leading,1.5,0.457,2.354763995683196,33.57021451701443,0.016785107258507213,0.957632873245132,0.013160148387733488
leading,1.5,0.458,2.3452425888526918,33.562615998841785,0.016781307999420892,0.9574161158935701,0.013170150934671781
leading,1.5,0.459,2.3357596815016257,33.55500976833535,0.016777504884167675,0.957199138537922,0.013180114790276597
leading,1.5,0.46,2.326315117958682,33.54739586820896,0.01677369793410448,0.9569819423966539,0.013190040108898305
leading,1.5,0.461,2.3169087431819992,33.53977434100027,0.016769887170500136,0.9567645286832064,0.013199927044236148
leading,1.5,0.462,2.3075404027566195,33.532145229071475,0.016766072614535738,0.9565468986060147,0.01320977574934051
leading,1.5,0.463,2.298209942891959,33.52450857461004,0.01676225428730502,0.9563290533685296,0.013219586376617055
leading,1.5,0.464,2.288917210419279,33.51686441962938,0.01675843220981469,0.956110994169237,0.013229359077828615
leading,1.5,0.465,2.2796620527891736,33.509212805969575,0.01675460640298479,0.9558927222016782,0.01323909400409875
leading,1.5,0.466,2.2704443180690665,33.50155377529808,0.01675077688764904,0.95567423865447,0.013248791305914494
leading,1.5,0.467,2.261263854940714,33.49388736911042,0.016746943684555208,0.9554555447113249,0.013258451133129817
leading,1.5,0.468,2.252120512697723,33.486213628730866,0.016743106814365433,0.95523664155107,0.013268073634967315
leading,1.5,0.46900000000000003,2.2430141412430777,33.47853259531317,0.016739266297656586,0.9550175303476681,0.013277658960022818
leading,1.5,0.47000000000000003,2.233944591086671,33.4708443098412,0.0167354221549206,0.9547982122702361,0.013287207256266411
leading,1.5,0.47100000000000003,2.2249117133428578,33.46314881312969,0.016731574406564847,0.954578688483066,0.013296718671047227
leading,1.5,0.47200000000000003,2.215915359728004,33.45544614582488,0.01672772307291244,0.9543589601456429,0.013306193351094557
leading,1.5,0.47300000000000003,2.2069553825580583,33.447736348405215,0.016723868174202607,0.9541390284126662,0.013315631442522168
leading,1.5,0.47400000000000003,2.1980316347461217,33.44001946118201,0.016720009730591005,0.9539188944340667,0.013325033090829792
leading,1.5,0.47500000000000003,2.1891439698000372,33.432295524300166,0.016716147762150083,0.9536985593550289,0.01333439844090725
leading,1.5,0.47600000000000003,2.180292241819984,33.42456457773879,0.016712282288869396,0.9534780243160073,0.013343727637036314
leading,1.5,0.47700000000000004,2.171476305496082,33.41682666131191,0.016708413330655956,0.9532572904527473,0.013353020822893701
leading,1.5,0.47800000000000004,2.1626960161060076,33.409081814669115,0.01670454090733456,0.9530363588963039,0.013362278141554246
leading,1.5,0.47900000000000004,2.153951229512615,33.40133007729624,0.01670066503864812,0.9528152307730603,0.013371499735493043
leading,1.5,0.48,2.1452418021615722,33.39357148851601,0.016696785744258005,0.9525939072047475,0.013380685746588813
leading,1.5,0.481,2.136567591079006,33.38580608748874,0.01669290304374437,0.9523723893084624,0.013389836316126134
leading,1.5,0.482,2.127928453869151,33.37803391321294,0.01668901695660647,0.9521506781966873,0.013398951584798606
leading,1.5,0.483,2.1193242487120165,33.370255004525994,0.016685127502262996,0.9519287749773077,0.013408031692710811
leading,1.5,0.484,2.1107548343610536,33.362469400104835,0.01668123470005242,0.951706680753632,0.013417076779382036
leading,1.5,0.485,2.1022200701408393,33.35467713846655,0.016677338569233275,0.9514843966244088,0.013426086983748127
leading,1.5,0.486,2.093719815944769,33.346878257969074,0.016673439128984537,0.9512619236838469,0.013435062444164467
leading,1.5,0.487,2.0852539322327526,33.339072796811784,0.016669536398405894,0.9510392630216319,0.013444003298408667
leading,1.5,0.488,2.076822280028925,33.33126079303621,0.016665630396518104,0.9508164157229464,0.013452909683683078
leading,1.5,0.489,2.0684247209193662,33.32344228452658,0.01666172114226329,0.9505933828684863,0.013461781736617382
leading,1.5,0.49,2.0600611170498286,33.31561730901055,0.016657808654505276,0.9503701655344806,0.013470619593271192
leading,1.5,0.491,2.0517313311234715,33.307785904059784,0.016653892952029892,0.9501467647927085,0.013479423389137109
leading,1.5,0.492,2.0434352263986115,33.29994810709061,0.016649974053545305,0.9499231817105183,0.013488193259142295
leading,1.5,0.493,2.0351726666864742,33.29210395536462,0.01664605197768231,0.9496994173508438,0.013496929337652463
leading,1.5,0.494,2.0269435163489593,33.284253485989325,0.016642126742994662,0.9494754727722242,0.013505631758472691
leading,1.5,0.495,2.0187476402964166,33.27639673591879,0.016638198367959395,0.9492513490288206,0.013514300654851694
leading,1.5,0.496,2.010584903985424,33.2685337419542,0.0166342668709771,0.9490270471704335,0.013522936159483103
leading,1.5,0.497,2.002455173416582,33.26066454074454,0.01663033227037227,0.9488025682425217,0.013531538404508523
leading,1.5,0.498,1.9943583151323119,33.252789168787174,0.01662639458439359,0.9485779132862185,0.013540107521520019
leading,1.5,0.499,1.9862941962146694,33.244907662428474,0.01662245383121424,0.9483530833383504,0.013548643641562238
leading,1.5,0.5,1.9782626842831559,33.237020057864434,0.016618510028932217,0.9481280794314539,0.013557146895135453
leading,1.5,0.501,1.9702636474925501,33.22912639114127,0.016614563195570635,0.947902902593793,0.01356561741219787
leading,1.5,0.502,1.9622969545307418,33.22122669815602,0.016610613349078013,0.9476775538493759,0.013574055322167456
leading,1.5,0.503,1.9543624746165766,33.21332101465719,0.016606660507328595,0.9474520342179742,0.013582460753925269
leading,1.5,0.504,1.9464600774977114,33.20540937624527,0.016602704688122635,0.947226344715137,0.013590833835817285
leading,1.5,0.505,1.9385896334484718,33.19749181837345,0.016598745909186724,0.9470004863522113,0.01359917469565707
leading,1.5,0.506,1.9307510132677244,33.18956837634811,0.016594784188174058,0.9467744601363566,0.013607483460728072
leading,1.5,0.507,1.9229440882767568,33.18163908532948,0.01659081954266474,0.9465482670705624,0.013615760257786104
leading,1.5,0.508,1.9151687303171647,33.1737039803322,0.0165868519901661,0.9463219081536661,0.013624005213061636
leading,1.5,0.509,1.9074248117487484,33.165763096225916,0.01658288154811296,0.9460953843803684,0.013632218452262085
leading,1.5,0.51,1.8997122054474165,33.1578164677359,0.01657890823386795,0.9458686967412516,0.01364040010057457
leading,1.5,0.511,1.8920307848030982,33.149864129443586,0.016574932064721794,0.945641846222795,0.013648550282667555
leading,1.5,0.512,1.8843804237176678,33.141906115787165,0.01657095305789358,0.9454148338073914,0.01365666912269387
leading,1.5,0.513,1.8767609966028713,33.13394246106218,0.01656697123053109,0.9451876604733649,0.013664756744292454
leading,1.5,0.514,1.8691723783782697,33.12597319942213,0.016562986599711064,0.9449603271949868,0.013672813270591186
leading,1.5,0.515,1.8616144444691791,33.11799836487894,0.01655899918243947,0.9447328349424909,0.0136808388242088
leading,1.5,0.516,1.8540870708046304,33.11001799130369,0.016555008995651845,0.9445051846820923,0.013688833527257454
leading,1.5,0.517,1.8465901338153312,33.102032112427054,0.01655101605621353,0.9442773773760011,0.013696797501344535
leading,1.5,0.518,1.839123510431636,33.09404076183992,0.01654702038091996,0.9440494139824404,0.013704730867575511
leading,1.5,0.519,1.8316870780815298,33.08604397299397,0.016543021986496986,0.9438212954556612,0.013712633746555547
leading,1.5,0.52,1.8242807146886113,33.078041779202216,0.01653902088960111,0.9435930227459596,0.013720506258392532
leading,1.5,0.521,1.816904298670091,33.07003421363957,0.016535017106819788,0.9433645967996921,0.01372834852269843
leading,1.5,0.522,1.8095577089347958,33.06202130934343,0.016531010654671715,0.9431360185592919,0.013736160658592109
leading,1.5,0.523,1.8022408248811796,33.05400309921419,0.016527001549607095,0.9429072889632849,0.01374394278470134
leading,1.5,0.524,1.7949535263953467,33.04597961601582,0.01652298980800791,0.9426784089463045,0.013751695019164695
leading,1.5,0.525,1.7876956938490753,33.037950892376436,0.01651897544618822,0.9424493794391091,0.013759417479634757
leading,1.5,0.526,1.7804672080978576,33.0299169607888,0.0165149584803944,0.9422202013685961,0.013767110283278611
leading,1.5,0.527,1.773267950478941,33.021877853610945,0.016510938926805472,0.9419908756578188,0.013774773546781712
leading,1.5,0.528,1.7660978028093848,33.013833603066644,0.016506916801533322,0.9417614032260017,0.013782407386348845
leading,1.5,0.529,1.7589566473841134,33.005784241245976,0.01650289212062299,0.9415317849885546,0.013790011917706757
leading,1.5,0.53,1.7518443669739894,32.997729800105915,0.016498864900052958,0.9413020218570909,0.013797587256106256
leading,1.5,0.531,1.744760844823887,32.9896703114708,0.016494835155735403,0.94107211473944,0.013805133516324277
leading,1.5,0.532,1.737705964650775,32.98160580703292,0.016490802903516462,0.9408420645396643,0.013812650812665871
leading,1.5,0.533,1.730679610641811,32.97353631835303,0.016486768159176515,0.9406118721580747,0.013820139258966756
leading,1.5,0.534,1.7236816674524356,32.96546187686088,0.01648273093843044,0.9403815384912447,0.013827598968594548
leading,1.5,0.535,1.716712020204481,32.95738251385575,0.016478691256927875,0.9401510644320256,0.013835030054451584
leading,1.5,0.536,1.7097705544842867,32.94929826050701,0.016474649130253503,0.9399204508695631,0.013842432628976905
leading,1.5,0.537,1.7028571563408184,32.94120914785458,0.01647060457392729,0.9396896986893106,0.01384980680414787
leading,1.5,0.538,1.695971712283801,32.9331152068095,0.01646655760340475,0.9394588087730441,0.013857152691482496
leading,1.5,0.539,1.6891141092818514,32.925016468154475,0.016462508234077237,0.9392277819988798,0.01386447040204201
leading,1.5,0.54,1.6822842347606257,32.91691296254432,0.01645845648127216,0.9389966192412849,0.013871760046431324
leading,1.5,0.541,1.6754819766009703,32.90880472050656,0.01645440236025328,0.9387653213710954,0.013879021734802797
leading,1.5,0.542,1.6687072231370814,32.900691772441874,0.01645034588622094,0.9385338892555295,0.013886255576857447
leading,1.5,0.543,1.6619598631546735,32.892574148624675,0.016446287074312338,0.938302323758203,0.013893461681846667
leading,1.5,0.544,1.6552397858891499,32.88445187920356,0.01644222593960178,0.938070625739143,0.013900640158574746
leading,1.5,0.545,1.6485468810237884,32.87632499420188,0.01643816249710094,0.9378387960548034,0.013907791115400657
leading,1.5,0.546,1.6418810386879277,32.86819352351818,0.01643409676175909,0.9376068355580781,0.013914914660239754
leading,1.5,0.547,1.6352421494551648,32.860057496926764,0.01643002874846338,0.937374745098317,0.013922010900566023
leading,1.5,0.548,1.6286301043415596,32.85191694407818,0.01642595847203909,0.937142525521339,0.013929079943414331
leading,1.5,0.549,1.6220447948038443,32.8437718944997,0.016421885947249852,0.9369101776694478,0.013936121895381464
leading,1.5,0.55,1.6154861127376412,32.835622377595854,0.016417811188797926,0.936677702381444,0.01394313686262884
leading,1.5,0.551,1.6089539504756898,32.827468422648884,0.016413734211324443,0.9364451004926411,0.013950124950884019
leading,1.5,0.552,1.602448200786077,32.8193100588193,0.01640965502940965,0.9362123728348792,0.013957086265443031
leading,1.5,0.553,1.5959687568704817,32.81114731514631,0.016405573657573155,0.9359795202365389,0.01396402091117161
leading,1.5,0.554,1.5895155123624143,32.80298022054835,0.016401490110274176,0.935746543522555,0.0139709289925078
leading,1.5,0.555,1.583088361325477,32.794808803823564,0.016397404401911782,0.9355134435144311,0.013977810613463185
leading,1.5,0.556,1.5766871982516197,32.786633093650295,0.01639331654682515,0.935280221030253,0.013984665877625407
leading,1.5,0.557,1.5703119180594125,32.77845311858756,0.016389226559293778,0.935046876884703,0.013991494888159192
leading,1.5,0.558,1.5639624160923187,32.77026890707552,0.01638513445353776,0.9348134118890729,0.013998297747809165
leading,1.5,0.559,1.5576385881169754,32.76208048743602,0.01638104024371801,0.9345798268512789,0.014005074558900868
leading,1.5,0.56,1.5513403303214846,32.75388788787302,0.01637694394393651,0.9343461225758747,0.014011825423343375
leading,1.5,0.561,1.5450675393137074,32.74569113647305,0.016372845568236524,0.9341122998640641,0.014018550442630047
leading,1.5,0.562,1.5388201121195675,32.73749026120575,0.016368745130602876,0.9338783595137167,0.014025249717841599
leading,1.5,0.5630000000000001,1.5325979461813626,32.729285289924306,0.016364642644962152,0.9336443023193797,0.01403192334964686
leading,1.5,0.5640000000000001,1.5264009393560762,32.721076250365925,0.016360538125182962,0.9334101290722921,0.014038571438305184
leading,1.5,0.5650000000000001,1.5202289899137054,32.71286317015231,0.016356431585076155,0.933175840560398,0.014045194083668043
leading,1.5,0.5660000000000001,1.5140819965355878,32.704646076790105,0.016352323038395053,0.9329414375683592,0.014051791385180699
leading,1.5,0.5670000000000001,1.50795985831274,32.69642499767142,0.01634821249883571,0.9327069208775705,0.014058363441884162
leading,1.5,0.5680000000000001,1.5018624747442018,32.68819996007422,0.01634409998003711,0.93247229126617,0.014064910352416957
leading,1.5,0.5690000000000001,1.4957897457353835,32.67997099116285,0.016339985495581424,0.9322375495090552,0.014071432215016425
leading,1.5,0.5700000000000001,1.4897415715964246,32.67173811798846,0.016335869058994232,0.9320026963778948,0.01407792912752142
leading,1.5,0.5710000000000001,1.4837178530405581,32.66350136748947,0.016331750683744733,0.9317677326411407,0.01408440118737306
leading,1.5,0.5720000000000001,1.4777184911824781,32.655260766492034,0.016327630383246017,0.9315326590640434,0.014090848491616847
leading,1.5,0.5730000000000001,1.47174338753672,32.6470163417105,0.01632350817085525,0.931297476408663,0.014097271136904642
leading,1.5,0.5740000000000001,1.4657924440160404,32.63876811974783,0.016319384059873914,0.9310621854338833,0.014103669219495841
leading,1.5,0.5750000000000001,1.4598655629298083,32.63051612709611,0.016315258063548055,0.9308267868954242,0.01411004283525954
leading,1.5,0.5760000000000001,1.4539626469824012,32.62226039013694,0.01631113019506847,0.9305912815458542,0.014116392079676182
leading,1.5,0.577,1.4480835992716106,32.61400093514191,0.016307000467570956,0.930355670134604,0.014122717047838773
leading,1.5,0.578,1.4422283232870443,32.60573778827305,0.016302868894136527,0.9301199534079784,0.014129017834455195
leading,1.5,0.579,1.43639672290855,32.59747097558328,0.01629873548779164,0.9298841321091698,0.014135294533849504
leading,1.5,0.58,1.4305887024046324,32.589200523016785,0.016294600261508394,0.9296482069782691,0.014141547239963503
leading,1.5,0.581,1.4248041664308837,32.580926456409586,0.016290463228204793,0.9294121787522815,0.014147776046358874
leading,1.5,0.582,1.4190430200284183,32.57264880148985,0.016286324400744925,0.9291760481651355,0.014153981046218374
leading,1.5,0.583,1.4133051686223128,32.564367583878386,0.016282183791939193,0.9289398159476973,0.014160162332347508
leading,1.5,0.584,1.407590518020055,32.55608282908908,0.01627804141454454,0.9287034828277824,0.014166319997176461
leading,1.5,0.585,1.4018989744099957,32.54779456252932,0.01627389728126466,0.9284670495301691,0.014172454132761397
leading,1.5,0.586,1.3962304443598101,32.53950280950044,0.016269751404750222,0.9282305167766098,0.01417856483078621
leading,1.5,0.587,1.3905848348149659,32.531207595198126,0.016265603797599063,0.9279938852858435,0.0141846521825641
leading,1.5,0.588,1.3849620530971911,32.52290894471286,0.01626145447235643,0.9277571557736077,0.014190716279039598
leading,1.5,0.589,1.379362006902956,32.51460688303033,0.016257303441515165,0.927520328952651,0.01419675721078902
leading,1.5,0.59,1.3737846043019566,32.5063014350319,0.01625315071751595,0.9272834055327457,0.01420277506802334
leading,1.5,0.591,1.368229753735606,32.49799262549498,0.01624899631274749,0.9270463862206989,0.014208769940589191
leading,1.5,0.592,1.3626973640155327,32.48968047909347,0.016244840239546737,0.9268092717203648,0.014214741917970161
leading,1.5,0.593,1.3571873443220805,32.48136502039817,0.016240682510199087,0.9265720627326565,0.014220691089288907
leading,1.5,0.594,1.3516996042028195,32.47304627387723,0.016236523136938616,0.9263347599555589,0.014226617543308447
leading,1.5,0.595,1.3462340535710624,32.464724263896514,0.016232362131948258,0.9260973640841393,0.014232521368433441
leading,1.5,0.596,1.3407906027043819,32.45639901472007,0.016228199507360035,0.9258598758105605,0.014238402652712503
leading,1.5,0.597,1.3353691622431434,32.448070550510494,0.016224035275255247,0.9256222958240908,0.01424426148383873
leading,1.5,0.598,1.3299696431890327,32.439738895329356,0.016219869447664678,0.9253846248111172,0.014250097949151929
leading,1.5,0.599,1.3245919569035973,32.43140407313765,0.016215702036568826,0.9251468634551573,0.014255912135640076
leading,1.5,0.6,1.3192360151067917,32.42306610779613,0.016211533053898067,0.9249090124368693,0.014261704129940418
leading,1.5,0.601,1.3139017298755276,32.414725023065785,0.016207362511532892,0.9246710724340655,0.014267474018341674
leading,1.5,0.602,1.3085890136422313,32.406380842608186,0.016203190421304095,0.9244330441217222,0.014273221886784492
leading,1.5,0.603,1.3032977791934048,32.39803358998593,0.016199016794992964,0.9241949281719923,0.01427894782086393
leading,1.5,0.604,1.298027939668195,32.38968328866302,0.01619484164433151,0.9239567252542163,0.01428465190583074
leading,1.5,0.605,1.2927794085569677,32.38132996200529,0.016190664981002644,0.9237184360349341,0.014290334226592172
leading,1.5,0.606,1.287552099699887,32.37297363328075,0.016186486816640377,0.923480061177895,0.014295994867714384
leading,1.5,0.607,1.2823459272855025,32.36461432566005,0.016182307162830024,0.9232416013440714,0.014301633913423149
leading,1.5,0.608,1.277160805849338,32.35625206221681,0.016178126031108405,0.9230030571916674,0.01430725144760551
leading,1.5,0.609,1.2719966502724913,32.347886865928075,0.01617394343296404,0.9227644293761323,0.01431284755381199
leading,1.5,0.61,1.2668533757802345,32.33951875967465,0.016169759379837324,0.92252571855017,0.014318422315256369
leading,1.5,0.611,1.2617308979406232,32.33114776624153,0.016165573883120763,0.9222869253637513,0.01432397581481902
leading,1.5,0.612,1.2566291326631123,32.322773908318275,0.016161386954159137,0.9220480504641249,0.01432950813504687
leading,1.5,0.613,1.2515479961971723,32.3143972084994,0.0161571986042497,0.9218090944958276,0.014335019358155707
leading,1.5,0.614,1.2464874051309165,32.306017689284744,0.016153008844642373,0.9215700581006958,0.014340509566031074
leading,1.5,0.615,1.2414472763897317,32.29763537307987,0.016148817686539935,0.9213309419178769,0.014345978840229923
leading,1.5,0.616,1.236427527234913,32.289250282196456,0.01614462514109823,0.9210917465838394,0.014351427261981879
leading,1.5,0.617,1.2314280752623081,32.280862438852644,0.01614043121942632,0.9208524727323842,0.01435685491219108
leading,1.5,0.618,1.226448838400962,32.27247186517344,0.016136235932586722,0.9206131209946551,0.014362261871436605
leading,1.5,0.619,1.221489734911771,32.26407858319113,0.016132039291595564,0.9203736919991505,0.01436764821997505
leading,1.5,0.62,1.2165506833861404,32.25568261484557,0.016127841307422786,0.9201341863717332,0.014373014037741055
leading,1.5,0.621,1.211631602744648,32.24728398198461,0.016123641990992303,0.9198946047356403,0.014378359404348671
leading,1.5,0.622,1.2067324122357157,32.238882706364485,0.016119441353182242,0.9196549477114964,0.014383684399093367
leading,1.5,0.623,1.2018530314342788,32.23047880965016,0.01611523940482508,0.9194152159173216,0.014388989100952838
leading,1.5,0.624,1.19699338024047,32.222072313415694,0.016111036156707847,0.9191754099685435,0.014394273588588467
leading,1.5,0.625,1.192153378878302,32.21366323914463,0.016106831619572316,0.9189355304780074,0.014399537940346673
leading,1.5,0.626,1.1873329478943613,32.20525160823034,0.016102625804115173,0.9186955780559862,0.014404782234260378
leading,1.5,0.627,1.1825320081564987,32.19683744197643,0.016098418720988213,0.9184555533101922,0.014410006548050266
leading,1.5,0.628,1.1777504808525348,32.18842076159703,0.016094210380798515,0.9182154568457855,0.014415210959125868
leading,1.5,0.629,1.1729882874889639,32.18000158821726,0.01609000079410863,0.9179752892653867,0.014420395544587484
leading,1.5,0.63,1.1682453498896657,32.17157994287348,0.01608578997143674,0.9177350511690848,0.014425560381226693
leading,1.5,0.631,1.163521590194624,32.16315584651374,0.01608157792325687,0.9174947431544493,0.014430705545528192
leading,1.5,0.632,1.1588169308586453,32.15472931999809,0.016077364659999045,0.9172543658165396,0.014435831113671142
leading,1.5,0.633,1.154131294650088,32.14630038409895,0.016073150192049475,0.9170139197479152,0.014440937161530162
leading,1.5,0.634,1.1494646046495933,32.137869059501455,0.01606893452975073,0.916773405538646,0.014446023764676495
leading,1.5,0.635,1.1448167842488237,32.12943536680383,0.016064717683401918,0.9165328237763222,0.01445109099838002
leading,1.5,0.636,1.1401877571492058,32.12099932651773,0.016060499663258867,0.9162921750460647,0.014456138937609869
leading,1.5,0.637,1.1355774473606757,32.11256095906859,0.016056280479534293,0.9160514599305349,0.014461167657035487
leading,1.5,0.638,1.1309857792004323,32.10412028479597,0.016052060142397986,0.9158106790099448,0.014466177231029035
leading,1.5,0.639,1.1264126772916965,32.09567732395391,0.016047838661976954,0.9155698328620663,0.014471167733665143
leading,1.5,0.64,1.1218580665624711,32.087232096711276,0.01604361604835564,0.9153289220622419,0.014476139238723299
leading,1.5,0.641,1.1173218722443121,32.07878462315212,0.01603939231157606,0.9150879471833945,0.014481091819688645
leading,1.5,0.642,1.1128040198710971,32.070334923275986,0.016035167461637995,0.9148469087960366,0.01448602554975333
leading,1.5,0.643,1.1083044352778064,32.0618830169983,0.016030941508499152,0.9146058074682809,0.01449094050181758
leading,1.5,0.644,1.1038230445993022,32.05342892415067,0.016026714462075337,0.914364643765849,0.014495836748491248
leading,1.5,0.645,1.0993597742691192,32.04497266448125,0.016022486332240626,0.914123418252082,0.014500714362094597
leading,1.5,0.646,1.0949145510182556,32.03651425765506,0.01601825712882753,0.9138821314879495,0.014505573414659753
leading,1.5,0.647,1.0904873018739702,32.02805372325435,0.016014026861627177,0.9136407840320603,0.01451041397793215
leading,1.5,0.648,1.0860779541585837,32.01959108077892,0.016009795540389463,0.9133993764406705,0.014515236123371316
leading,1.5,0.649,1.081686435488287,32.011126349646446,0.016005563174823222,0.9131579092676939,0.014520039922152329
leading,1.5,0.65,1.0773126737719523,32.00265954919282,0.01600132977459641,0.9129163830647115,0.014524825445166879
leading,1.5,0.651,1.0729565972099508,31.994190698672497,0.01599709534933625,0.9126747983809809,0.014529592763024627
leading,1.5,0.652,1.0686181342929717,31.985719817258794,0.015992859908629396,0.9124331557634453,0.014534341946054267
leading,1.5,0.653,1.0642972138008506,31.977246924044252,0.015988623462022126,0.9121914557567435,0.01453907306430451
leading,1.5,0.654,1.0599937648013982,31.96877203804093,0.015984386019020465,0.9119496989032188,0.014543786187545805
leading,1.5,0.655,1.0557077166492375,31.96029517818078,0.01598014758909039,0.9117078857429287,0.014548481385271034
leading,1.5,0.656,1.0514389989846449,31.951816363315903,0.015975908181657953,0.9114660168136537,0.014553158726696677
leading,1.5,0.657,1.0471875417323926,31.943335612218945,0.015971667806109473,0.911224092650907,0.014557818280764254
leading,1.5,0.658,1.0429532751005994,31.934852943583362,0.015967426471791682,0.9109821137879431,0.014562460116141393
leading,1.5,0.659,1.038736129579586,31.926368376023788,0.015963184188011896,0.9107400807557682,0.014567084301222707
leading,1.5,0.66,1.0345360359407323,31.917881928076305,0.015958940964038153,0.9104979940831472,0.014571690904131341
leading,1.5,0.661,1.0303529252353427,31.90939361819881,0.015954696809099406,0.9102558542966153,0.01457627999271984
leading,1.5,0.662,1.0261867287935125,31.900903464771297,0.01595045173238565,0.9100136619204849,0.014580851634571311
leading,1.5,0.663,1.0220373782230014,31.89241148609619,0.015946205743048097,0.909771417476856,0.014585405897000596
leading,1.5,0.664,1.0179048054081112,31.88391770039866,0.01594195885019933,0.9095291214856245,0.014589942847055417
leading,1.5,0.665,1.0137889425085664,31.87542212582692,0.01593771106291346,0.9092867744644912,0.014594462551517542
leading,1.5,0.666,1.009689721958403,31.86692478045256,0.01593346239022628,0.9090443769289711,0.014598965076903662
leading,1.5,0.667,1.0056070764648555,31.85842568227084,0.01592921284113542,0.9088019293924019,0.014603450489466652
leading,1.5,0.668,1.0015409390072554,31.849924849201017,0.01592496242460051,0.9085594323659528,0.014607918855196899
leading,1.5,0.669,0.9974912428359302,31.841422299086627,0.015920711149543312,0.9083168863586335,0.014612370239822824
leading,1.5,0.67,0.9934579214711066,31.832918049695827,0.015916459024847913,0.9080742918773032,0.014616804708812686
leading,1.5,0.671,0.9894409087018211,31.824412118721664,0.015912206059360834,0.9078316494266783,0.014621222327374991
leading,1.5,0.672,0.9854401385848311,31.81590452378241,0.015907952261891206,0.9075889595093424,0.014625623160459936
leading,1.5,0.673,0.9814555454435334,31.807395282421847,0.015903697641210923,0.9073462226257539,0.014630007272760743
leading,1.5,0.674,0.9774870638668854,31.798884412109583,0.01589944220605479,0.9071034392742559,0.014634374728713985
leading,1.5,0.675,0.9735346287083333,31.790371930241328,0.015895185965120663,0.9068606099510828,0.014638725592501393
leading,1.5,0.676,0.9695981750847394,31.781857854139226,0.015890928927069614,0.9066177351503706,0.014643059928050359
leading,1.5,0.677,0.9656776383753198,31.77334220105214,0.01588667110052607,0.9063748153641652,0.01464737779903555
leading,1.5,0.678,0.9617729542205818,31.764824988155937,0.015882412494077968,0.9061318510824297,0.014651679268879333
leading,1.5,0.679,0.9578840585212686,31.7563062325538,0.0158781531162769,0.9058888427930543,0.014655964400753292
leading,1.5,0.68,0.9540108874373066,31.747785951276516,0.015873892975638258,0.9056457909818635,0.014660233257579291
leading,1.5,0.681,0.950153377386757,31.73926416128277,0.015869632080641384,0.9054026961326254,0.014664485902030075
leading,1.5,0.682,0.9463114650447723,31.73074087945944,0.01586537043972972,0.9051595587270597,0.014668722396530694
leading,1.5,0.683,0.942485087342557,31.72221612262189,0.015861108061310945,0.9049163792448457,0.014672942803259294
leading,1.5,0.684,0.9386741814663321,31.713689907514258,0.01585684495375713,0.9046731581636313,0.014677147184148451
leading,1.5,0.685,0.9348786848563043,31.705162250809735,0.015852581125404868,0.9044298959590403,0.014681335600885956
leading,1.5,0.686,0.9310985352056381,31.696633169110882,0.01584831658455544,0.9041865931046819,0.014685508114915683
leading,1.5,0.687,0.9273336704594339,31.68810267894986,0.015844051339474932,0.9039432500721568,0.014689664787438838
leading,1.5,0.6880000000000001,0.9235840288137085,31.679570796788788,0.015839785398394396,0.9036998673310678,0.014693805679415207
leading,1.5,0.6890000000000001,0.919849548714381,31.671037539019977,0.01583551876950999,0.9034564453490264,0.014697930851563467
leading,1.5,0.6900000000000001,0.9161301688562633,31.662502921966237,0.015831251460983117,0.9032129845916612,0.014702040364362802
leading,1.5,0.6910000000000001,0.9124258281820516,31.65396696188112,0.01582698348094056,0.9029694855226258,0.014706134278053591
leading,1.5,0.6920000000000001,0.9087364658813256,31.64542967494927,0.015822714837474636,0.9027259486036071,0.014710212652638565
leading,1.5,0.6930000000000001,0.9050620213895498,31.63689107728664,0.01581844553864332,0.9024823742943336,0.01471427554788357
leading,1.5,0.6940000000000001,0.9014024343870788,31.628351184940794,0.0158141755924704,0.902238763052582,0.014718323023318644
leading,1.5,0.6950000000000001,0.897757644798169,31.619810013891193,0.015809905006945596,0.9019951153341869,0.01472235513823934
leading,1.5,0.6960000000000001,0.8941275927899898,31.611267580049464,0.015805633790024733,0.9017514315930473,0.014726371951706946
leading,1.5,0.6970000000000001,0.8905122187716425,31.602723899259665,0.015801361949629833,0.9015077122811354,0.014730373522550204
leading,1.5,0.6980000000000001,0.8869114633931829,31.59417898729857,0.015797089493649285,0.9012639578485033,0.014734359909365799
leading,1.5,0.6990000000000001,0.8833252675446455,31.585632859875943,0.015792816429937972,0.9010201687432922,0.014738331170519503
leading,1.5,0.7000000000000001,0.8797535723550747,31.577085532634815,0.015788542766317408,0.9007763454117391,0.01474228736414725
leading,1.5,0.7010000000000001,0.876196319191557,31.56853702115173,0.015784268510575867,0.9005324882981849,0.014746228548155523
leading,1.5,0.7020000000000001,0.8726534496582593,31.55998734093704,0.01577999367046852,0.900288597845082,0.014750154780223157
leading,1.5,0.7030000000000001,0.8691249055954696,31.551436507435174,0.015775718253717586,0.900044674493002,0.01475406611780147
leading,1.5,0.704,0.8656106290786434,31.54288453602488,0.01577144226801244,0.8998007186806433,0.014757962618115874
leading,1.5,0.705,0.8621105624174513,31.534331442019514,0.01576716572100976,0.899556730844839,0.014761844338166274
leading,1.5,0.706,0.8586246481548336,31.525777240667313,0.01576288862033366,0.8993127114205641,0.01476571133472822
leading,1.5,0.707,0.8551528290660556,31.517221947151633,0.015758610973575816,0.8990686608409432,0.014769563664353868
leading,1.5,0.708,0.851695048157769,31.50866557659122,0.01575433278829561,0.8988245795372576,0.014773401383372844
leading,1.5,0.709,0.8482512486670758,31.5001081440405,0.01575005407202025,0.8985804679389539,0.014777224547893214
leading,1.5,0.71,0.844821374060598,31.49154966448979,0.015745774832244895,0.8983363264736498,0.014781033213802334
leading,1.5,0.711,0.8414053680335473,31.482990152865604,0.015741495076432802,0.8980921555671431,0.014784827436767648
leading,1.5,0.712,0.8380031745088018,31.47442962403089,0.015737214812015444,0.8978479556434181,0.014788607272237813
leading,1.5,0.713,0.834614737635986,31.46586809278529,0.015732934046392644,0.8976037271246534,0.014792372775443575
leading,1.5,0.714,0.8312400017905531,31.457305573865405,0.015728652786932702,0.8973594704312293,0.014796124001398452
leading,1.5,0.715,0.8278789115728729,31.44874208194502,0.01572437104097251,0.897115185981734,0.014799861004899873
leading,1.5,0.716,0.8245314118073208,31.440177631635425,0.015720088815817712,0.896870874192973,0.01480358384052977
leading,1.5,0.717,0.8211974475413736,31.431612237485588,0.015715806118742796,0.8966265354799741,0.014807292562655904
leading,1.5,0.718,0.8178769640447062,31.42304591398247,0.015711522956991235,0.8963821702559961,0.014810987225432363
leading,1.5,0.719,0.8145699068082937,31.41447867555125,0.015707239337775625,0.8961377789325357,0.01481466788280052
leading,1.5,0.72,0.8112762215435175,31.40591053655557,0.015702955268277786,0.8958933619193337,0.014818334588490084
leading,1.5,0.721,0.8079958541812722,31.397341511297807,0.015698670755648902,0.8956489196243838,0.014821987396019493
leading,1.5,0.722,0.804728750871079,31.3887716140193,0.015694385807009652,0.895404452453938,0.01482562635869772
leading,1.5,0.723,0.8014748579802021,31.380200858900615,0.015690100429450307,0.8951599608125149,0.01482925152962383
leading,1.5,0.724,0.7982341220927671,31.371629260061766,0.015685814630030884,0.894915445102906,0.014832862961689052
leading,1.5,0.725,0.795006490008886,31.363056831562506,0.015681528415781253,0.8946709057261835,0.0148364607075769
leading,1.5,0.726,0.7917919087437817,31.354483587402516,0.01567724179370126,0.8944263430817058,0.014840044819764319
leading,1.5,0.727,0.7885903255269195,31.345909541521696,0.015672954770760847,0.8941817575671264,0.014843615350522263
leading,1.5,0.728,0.7854016878011404,31.337334707800384,0.01566866735390019,0.8939371495783994,0.014847172351917034
leading,1.5,0.729,0.7822259432217992,31.328759100059596,0.0156643795500298,0.8936925195097869,0.01485071587581048
leading,1.5,0.73,0.7790630396559035,31.32018273206127,0.015660091366030634,0.8934478677538655,0.014854245973861525
leading,1.5,0.731,0.7759129251812593,31.31160561750853,0.015655802808754265,0.8932031947015342,0.014857762697526275
leading,1.5,0.732,0.7727755480856181,31.30302777004588,0.01565151388502294,0.8929585007420199,0.014861266098059349
leading,1.5,0.733,0.7696508568658279,31.294449203259486,0.015647224601629744,0.8927137862628849,0.014864756226514652
leading,1.5,0.734,0.7665388002269888,31.285869930677368,0.015642934965338685,0.8924690516500333,0.01486823313374596
leading,1.5,0.735,0.763439327081609,31.277289965769675,0.01563864498288484,0.8922242972877181,0.014871696870407866
leading,1.5,0.736,0.7603523865487677,31.268709321948922,0.015634354660974462,0.8919795235585483,0.014875147486956739
leading,1.5,0.737,0.7572779279532791,31.260128012570174,0.015630064006285086,0.891734730843494,0.01487858503365122
leading,1.5,0.738,0.7542159008248608,31.25154605093133,0.015625773025465667,0.8914899195218946,0.01488200956055326
leading,1.5,0.739,0.7511662548973057,31.242963450273347,0.015621481725136674,0.8912450899714651,0.01488542111752908
leading,1.5,0.74,0.7481289401076561,31.23438022378044,0.01561719011189022,0.8910002425683021,0.014888819754249471
leading,1.5,0.741,0.7451039065953818,31.225796384580352,0.015612898192290177,0.8907553776868911,0.01489220552019094
leading,1.5,0.742,0.7420911047015625,31.21721194574457,0.015608605972872286,0.8905104957001125,0.014895578464636466
leading,1.5,0.743,0.7390904849680711,31.208626920288516,0.015604313460144258,0.890265596979248,0.01489893863667619
leading,1.5,0.744,0.7361019981367639,31.200041321171852,0.015600020660585927,0.8900206818939883,0.014902286085208537
leading,1.5,0.745,0.7331255951486704,31.19145516129863,0.015595727580649315,0.8897757508124378,0.014905620858940255
leading,1.5,0.746,0.7301612271431878,31.18286845351757,0.015591434226758787,0.8895308041011224,0.014908943006388103
leading,1.5,0.747,0.72720884545728,31.17428121062225,0.015587140605311125,0.8892858421249953,0.014912252575878875
leading,1.5,0.748,0.7242684016246778,31.165693445351355,0.015582846722675677,0.8890408652474435,0.014915549615550635
leading,1.5,0.749,0.7213398473750845,31.157105170388885,0.015578552585194442,0.8887958738302942,0.014918834173353388
leading,1.5,0.75,0.718423134633382,31.14851639836437,0.015574258199182187,0.8885508682338208,0.014922106297049561
leading,1.5,0.751,0.7155182155188422,31.139927141853132,0.015569963570926566,0.88830584881675,0.01492536603421525
leading,1.5,0.752,0.7126250423443415,31.13133741337645,0.015565668706688225,0.8880608159362675,0.014928613432240506
leading,1.5,0.753,0.7097435676155769,31.122747225401817,0.015561373612700909,0.8878157699480241,0.014931848538330477
leading,1.5,0.754,0.7068737440302878,31.11415659034314,0.01555707829517157,0.8875707112061424,0.014935071399505808
leading,1.5,0.755,0.7040155244774784,31.105565520560972,0.015552782760280487,0.8873256400632226,0.014938282062603581
leading,1.5,0.756,0.7011688620366439,31.09697402836272,0.01554848701418136,0.8870805568703491,0.014941480574278278
leading,1.5,0.757,0.698333709977002,31.088382126002855,0.015544191063001428,0.8868354619770965,0.01494466698100198
leading,1.5,0.758,0.6955100217567234,31.07978982568314,0.01553989491284157,0.8865903557315351,0.014947841329065691
leading,1.5,0.759,0.6926977510221707,31.071197139552837,0.015535598569776418,0.8863452384802383,0.014951003664579455
leading,1.5,0.76,0.6898968516071345,31.062604079708922,0.015531302039854462,0.8861001105682875,0.01495415403347377
leading,1.5,0.761,0.6871072775320777,31.054010658196294,0.015527005329098148,0.8858549723392788,0.014957292481499795
leading,1.5,0.762,0.6843289830033794,31.045416887007992,0.015522708443503997,0.8856098241353286,0.01496041905423011
leading,1.5,0.763,0.6815619224125833,31.03682277808541,0.015518411389042705,0.8853646662970807,0.01496353379706005
leading,1.5,0.764,0.6788060503356503,31.028228343318474,0.015514114171659238,0.8851194991637099,0.014966636755207518
leading,1.5,0.765,0.6760613215322111,31.019633594545905,0.015509816797272953,0.8848743230729308,0.01496972797371405
leading,1.5,0.766,0.6733276909448246,31.01103854355539,0.015505519271777695,0.8846291383610022,0.014972807497446223
leading,1.5,0.767,0.6706051136982376,31.00244320208379,0.015501221601041894,0.8843839453627329,0.0149758753710951
leading,1.5,0.768,0.6678935450986484,30.993847581817363,0.015496923790908682,0.8841387444114881,0.014978931639178043
leading,1.5,0.769,0.665192940632974,30.98525169439196,0.01549262584719598,0.8838935358391953,0.014981976346038622
leading,1.5,0.77,0.6625032559681173,30.976655551393225,0.015488327775696612,0.8836483199763496,0.014985009535847941
leading,1.5,0.771,0.6598244469502413,30.96805916435681,0.015484029582178404,0.8834030971520201,0.014988031252605118
leading,1.5,0.772,0.6571564696040435,30.95946254476857,0.015479731272384285,0.8831578676938554,0.014991041540137497
leading,1.5,0.773,0.6544992801320332,30.950865704064775,0.015475432852032388,0.8829126319280894,0.014994040442102056
leading,1.5,0.774,0.6518528349138147,30.942268653632294,0.015471134326816146,0.8826673901795473,0.014997028001985893
leading,1.5,0.775,0.6492170905053689,30.933671404808816,0.015466835702404409,0.8824221427716507,0.015000004263106614
leading,1.5,0.776,0.6465920036383412,30.925073968883023,0.015462536984441512,0.8821768900264236,0.015002969268613284
leading,1.5,0.777,0.6439775312193311,30.916476357094833,0.015458238178547417,0.8819316322644991,0.015005923061487094
leading,1.5,0.778,0.6413736303291854,30.907878580635547,0.015453939290317773,0.881686369805123,0.015008865684541937
leading,1.5,0.779,0.6387802582222921,30.89928065064809,0.015449640325324046,0.8814411029661615,0.015011797180425265
leading,1.5,0.78,0.6361973723258804,30.89068257822717,0.015445341289113585,0.8811958320641051,0.015014717591618385
leading,1.5,0.781,0.6336249302393201,30.882084374419506,0.015441042187209753,0.8809505574140755,0.015017626960437588
leading,1.5,0.782,0.6310628897334272,30.873486050224002,0.015436743025112002,0.8807052793298302,0.01502052532903445
leading,1.5,0.783,0.62851120874977,30.86488761659195,0.015432443808295976,0.880459998123769,0.015023412739396782
leading,1.5,0.784,0.6259698453999784,30.85628908442722,0.01542814454221361,0.8802147141069383,0.015026289233349102
leading,1.5,0.785,0.6234387579650563,30.847690464586464,0.015423845232293232,0.879969427589038,0.015029154852553224
leading,1.5,0.786,0.6209179048946971,30.83909176787929,0.015419545883939645,0.8797241388784256,0.015032009638509187
leading,1.5,0.787,0.6184072448066014,30.83049300506846,0.01541524650253423,0.879478848282123,0.015034853632555661
leading,1.5,0.788,0.6159067364857977,30.821894186870082,0.015410947093435042,0.8792335561058203,0.015037686875870794
leading,1.5,0.789,0.6134163388839661,30.813295323953817,0.015406647661976908,0.8789882626538833,0.015040509409472595
leading,1.5,0.79,0.6109360111187635,30.80469642694302,0.015402348213471511,0.8787429682293567,0.015043321274219795
leading,1.5,0.791,0.6084657124731537,30.796097506414988,0.015398048753207494,0.8784976731339711,0.015046122510812419
leading,1.5,0.792,0.606005402394738,30.787498572901093,0.015393749286450547,0.8782523776681472,0.015048913159792447
leading,1.5,0.793,0.6035550404950908,30.77889963688702,0.01538944981844351,0.8780070821310028,0.015051693261544496
leading,1.5,0.794,0.6011145865490946,30.770300708812893,0.015385150354406447,0.8777617868203552,0.015054462856296094
leading,1.5,0.795,0.5986840004942813,30.761701799073524,0.015380850899536763,0.87751649203273,0.015057221984119018
leading,1.5,0.796,0.596263242430174,30.75310291801855,0.015376551459009274,0.8772711980633633,0.015059970684929296
leading,1.5,0.797,0.5938522726176318,30.744504075952634,0.015372252037976318,0.8770259052062089,0.015062708998487783
leading,1.5,0.798,0.5914510514781982,30.735905283135654,0.015367952641567827,0.8767806137539428,0.015065436964401486
leading,1.5,0.799,0.5890595395934501,30.72730654978287,0.015363653274891436,0.8765353239979681,0.015068154622123568
leading,1.5,0.8,0.5866776977043521,30.71870788606512,0.01535935394303256,0.8762900362284209,0.015070862010954022
leading,1.5,0.801,0.5843054867106106,30.710109302108975,0.015355054651054488,0.8760447507341746,0.015073559170040425
leading,1.5,0.802,0.581942867670033,30.70151080799697,0.015350755403998486,0.8757994678028461,0.01507624613837861
leading,1.5,0.803,0.5795898017978885,30.692912413767733,0.015346456206883867,0.8755541877208,0.015078922954813142
leading,1.5,0.804,0.577246250466271,30.684314129416162,0.015342157064708081,0.8753089107731534,0.015081589658037978
leading,1.5,0.805,0.5749121752034642,30.67571596489366,0.01533785798244683,0.8750636372437827,0.01508424628659696
leading,1.5,0.806,0.5725875376933116,30.667117930108244,0.015333558965054122,0.8748183674153267,0.015086892878884654
leading,1.5,0.807,0.5702722997745863,30.65852003492477,0.015329260017462385,0.8745731015691929,0.01508952947314674
leading,1.5,0.808,0.5679664234403656,30.64992228916507,0.015324961144582535,0.8743278399855613,0.015092156107480496
leading,1.5,0.809,0.565669870837406,30.64132470260816,0.01532066235130408,0.874082582943391,0.015094772819835829
leading,1.5,0.81,0.5633826042655223,30.6327272849904,0.015316363642495199,0.8738373307204238,0.015097379648015661
leading,1.5,0.811,0.5611045861769689,30.624130046005664,0.015312065023002832,0.8735920835931897,0.015099976629676045
leading,1.5,0.812,0.5588357791758228,30.61553299530552,0.015307766497652761,0.8733468418370122,0.015102563802327653
leading,1.5,0.8130000000000001,0.5565761460173709,30.6069361424994,0.0153034680712497,0.873101605726012,0.01510514120333552
leading,1.5,0.8140000000000001,0.554325649607497,30.598339497154758,0.015299169748577379,0.8728563755331133,0.015107708869920076
leading,1.5,0.8150000000000001,0.5520842530020742,30.58974306879726,0.015294871534398631,0.8726111515300476,0.015110266839157819
leading,1.5,0.8160000000000001,0.5498519194063577,30.581146866910952,0.015290573433455476,0.8723659339873594,0.015112815147981313
leading,1.5,0.8170000000000001,0.5476286121743805,30.572550900938417,0.015286275450469209,0.8721207231744101,0.015115353833180516
leading,1.5,0.8180000000000001,0.5454142948083536,30.563955180280956,0.015281977590140479,0.8718755193593841,0.015117882931402793
leading,1.5,0.8190000000000001,0.5432089309580642,30.55535971429874,0.01527767985714937,0.8716303228092918,0.015120402479153661
leading,1.5,0.8200000000000001,0.541012484420281,30.546764512310993,0.015273382256155496,0.871385133789976,0.01512291251279747
leading,1.5,0.8210000000000001,0.5388249191381593,30.538169583596158,0.015269084791798079,0.871139952566116,0.015125413068557771
leading,1.5,0.8220000000000001,0.5366461992006483,30.52957493739205,0.015264787468696025,0.870894779401232,0.0151279041825179
leading,1.5,0.8230000000000001,0.5344762888419032,30.52098058289603,0.015260490291448015,0.8706496145576909,0.01513038589062182
leading,1.5,0.8240000000000001,0.5323151524406966,30.512386529265175,0.015256193264632588,0.8704044582967093,0.015132858228674231
leading,1.5,0.8250000000000001,0.5301627545198345,30.50379278561642,0.01525189639280821,0.8701593108783596,0.015135321232341695
leading,1.5,0.8260000000000001,0.5280190597455734,30.495199361026756,0.015247599680513379,0.8699141725615747,0.015137774937152274
leading,1.5,0.8270000000000001,0.5258840329270412,30.486606264533364,0.015243303132266682,0.8696690436041511,0.015140219378497318
leading,1.5,0.8280000000000001,0.5237576390156583,30.478013505133777,0.015239006752566888,0.8694239242627552,0.015142654591630823
leading,1.5,0.8290000000000001,0.5216398431045631,30.469421091786067,0.015234710545893034,0.8691788147929271,0.01514508061167092
leading,1.5,0.8300000000000001,0.5195306104280386,30.460829033408974,0.015230414516704488,0.8689337154490855,0.015147497473599532
leading,1.5,0.8310000000000001,0.5174299063609413,30.45223733888208,0.015226118669441041,0.8686886264845314,0.015149905212263679
leading,1.5,0.8320000000000001,0.5153376964181345,30.443646017045996,0.015221823008522999,0.8684435481514545,0.015152303862375859
leading,1.5,0.833,0.5132539462539201,30.435055076702447,0.015217527538351225,0.8681984807009352,0.01515469345851416
leading,1.5,0.834,0.5111786216614752,30.426464526614517,0.015213232263307258,0.8679534243829515,0.015157074035123196
leading,1.5,0.835,0.509111688572292,30.417874375506738,0.015208937187753369,0.8677083794463819,0.0151594456265144
leading,1.5,0.836,0.5070531130556167,30.4092846320653,0.01520464231603265,0.8674633461390108,0.015161808266866781
leading,1.5,0.837,0.5050028613178942,30.400695304938157,0.015200347652469078,0.867218324707532,0.01516416199022758
leading,1.5,0.838,0.5029608997022117,30.392106402735223,0.015196053201367611,0.8669733153975543,0.015166506830512011
leading,1.5,0.839,0.5009271946877475,30.383517934028504,0.015191758967014253,0.866728318453605,0.01516884282150494
leading,1.5,0.84,0.4989017128892196,30.374929907352257,0.015187464953676129,0.8664833341191346,0.01517116999686006
leading,1.5,0.841,0.4968844210563386,30.366342331203157,0.015183171165601578,0.8662383626365214,0.015173488390102042
leading,1.5,0.842,0.49487528607326187,30.35775521404041,0.015178877607020205,0.8659934042470752,0.015175798034625336
leading,1.5,0.843,0.492874274958049,30.349168564285975,0.015174584282142987,0.8657484591910427,0.015178098963696048
leading,1.5,0.844,0.49088135486212087,30.340582390324638,0.01517029119516232,0.8655035277076109,0.015180391210451658
leading,1.5,0.845,0.4888964930697206,30.33199670050422,0.01516599835025211,0.8652586100349118,0.015182674807901694
leading,1.5,0.846,0.48691965699737655,30.323411503135702,0.01516170575156785,0.8650137064100266,0.01518494978892867
leading,1.5,0.847,0.48495081419336705,30.314826806493375,0.015157413403246688,0.86476881706899,0.015187216186287907
leading,1.5,0.848,0.482989932337188,30.306242618814995,0.015153121309407498,0.8645239422467943,0.015189474032608476
leading,1.5,0.849,0.4810369792390217,30.297658948301933,0.015148829474150968,0.8642790821773942,0.015191723360393764
leading,1.5,0.85,0.4790919228392094,30.28907580311933,0.015144537901559667,0.8640342370937106,0.015193964202021489
leading,1.5,0.851,0.4771547312077239,30.280493191396218,0.015140246595698108,0.8637894072276343,0.015196196589744821
leading,1.5,0.852,0.4752253725436467,30.271911121225692,0.015135955560612846,0.8635445928100313,0.015198420555692396
leading,1.5,0.853,0.4733038151746448,30.26332960066505,0.015131664800332525,0.8632997940707461,0.01520063613186897
leading,1.5,0.854,0.4713900275564508,30.254748637735933,0.015127374318867967,0.8630550112386061,0.015202843350155908
leading,1.5,0.855,0.4694839782723463,30.246168240424474,0.015123084120212238,0.862810244541426,0.015205042242311924
leading,1.5,0.856,0.46758563603264425,30.23758841668145,0.015118794208340726,0.8625654942060117,0.015207232839973096
leading,1.5,0.857,0.4656949696741777,30.229009174422416,0.015114504587211208,0.8623207604581645,0.015209415174653617
leading,1.5,0.858,0.46381194815978577,30.220430521527835,0.015110215260763917,0.8620760435226844,0.015211589277746372
leading,1.5,0.859,0.46193654057780575,30.21185246584326,0.01510592623292163,0.8618313436233761,0.015213755180523028
leading,1.5,0.86,0.4600687161415651,30.203275015179436,0.015101637507589718,0.8615866609830506,0.015215912914135075
leading,1.5,0.861,0.45820844418887596,30.19469817731247,0.015097349088656236,0.8613419958235313,0.01521806250961374
leading,1.5,0.862,0.4563556941815323,30.18612195998395,0.015093060979991975,0.8610973483656569,0.015220203997871109
leading,1.5,0.863,0.4545104357048082,30.17754637090111,0.015088773185450554,0.8608527188292859,0.01522233740969977
leading,1.5,0.864,0.4526726384669583,30.168971417736934,0.015084485708868467,0.8606081074333001,0.015224462775774028
leading,1.5,0.865,0.4508422722987212,30.16039710813033,0.015080198554065165,0.8603635143956088,0.015226580126649914
leading,1.5,0.866,0.44901930715282345,30.151823449686262,0.01507591172484313,0.8601189399331532,0.015228689492765941
leading,1.5,0.867,0.44720371310348755,30.143250449975866,0.015071625224987933,0.8598743842619099,0.015230790904443294
leading,1.5,0.868,0.445395460345939,30.134678116536627,0.015067339058268313,0.8596298475968946,0.01523288439188668
leading,1.5,0.869,0.4435945191959183,30.12610645687246,0.01506305322843623,0.8593853301521666,0.015234969985184334
leading,1.5,0.87,0.441800860089193,30.11753547845391,0.015058767739226955,0.8591408321408321,0.015237047714308685
leading,1.5,0.871,0.4400144535810726,30.108965188718237,0.015054482594359118,0.8588963537750488,0.01523911760911691
leading,1.5,0.872,0.4382352703459257,30.10039559506958,0.01505019779753479,0.8586518952660289,0.015241179699351423
leading,1.5,0.873,0.4364632811766974,30.091826704879086,0.015045913352439544,0.8584074568240438,0.015243234014640058
leading,1.5,0.874,0.43469845698443094,30.083258525485036,0.015041629262742518,0.8581630386584272,0.015245280584496642
leading,1.5,0.875,0.4329407687977895,30.074691064192983,0.015037345532096492,0.8579186409775793,0.015247319438321373
leading,1.5,0.876,0.4311901877625808,30.066124328275897,0.01503306216413795,0.8576742639889708,0.015249350605401755
leading,1.5,0.877,0.4294466851412841,30.057558324974277,0.015028779162487139,0.857429907899146,0.015251374114912338
leading,1.5,0.878,0.42771023231257715,30.0489930614963,0.01502449653074815,0.8571855729137273,0.01525338999591555
leading,1.5,0.879,0.42598080077086725,30.04042854501794,0.015020214272508969,0.8569412592374185,0.015255398277362086
leading,1.5,0.88,0.424258362125823,30.031864782683105,0.015015932391341552,0.8566969670740086,0.015257398988091378
leading,1.5,0.881,0.42254288810190876,30.023301781603788,0.015011650890801894,0.8564526966263761,0.015259392156831883
leading,1.5,0.882,0.42083435053791945,30.014739548860145,0.015007369774430073,0.8562084480964917,0.015261377812201648
leading,1.5,0.883,0.4191327213865192,30.006178091500686,0.015003089045750343,0.8559642216854227,0.015263355982708877
leading,1.5,0.884,0.41743797271378047,29.99761741654235,0.014998808708271175,0.8557200175933365,0.015265326696752032
leading,1.5,0.885,0.4157500766987253,29.98905753097068,0.01499452876548534,0.8554758360195043,0.015267289982620492
leading,1.5,0.886,0.41406900563286964,29.98049844173991,0.014990249220869957,0.8552316771623046,0.015269245868494926
leading,1.5,0.887,0.4123947319197671,29.971940155773126,0.014985970077886563,0.854987541219227,0.015271194382447876
leading,1.5,0.888,0.41072722807455675,29.96338267996236,0.01498169133998118,0.8547434283868758,0.01527313555244374
leading,1.5,0.889,0.4090664667235118,29.954826021168756,0.014977413010584379,0.8544993388609734,0.015275069406339737
leading,1.5,0.89,0.40741242060358984,29.94627018622267,0.014973135093111335,0.8542552728363647,0.015276995971886075
leading,1.5,0.891,0.4057650625619864,29.93771518192379,0.014968857590961894,0.8540112305070191,0.015278915276726347
leading,1.5,0.892,0.4041243655556877,29.929161015041277,0.014964580507520638,0.8537672120660358,0.01528082734839772
leading,1.5,0.893,0.4024903026510277,29.92060769231388,0.01496030384615694,0.8535232177056459,0.015282732214332058
leading,1.5,0.894,0.4008628470232457,29.91205522045006,0.01495602761022503,0.8532792476172169,0.015284629901855645
leading,1.5,0.895,0.39924197195604594,29.903503606128137,0.01495175180306407,0.8530353019912562,0.015286520438189856
leading,1.5,0.896,0.39762765084115936,29.89495285599637,0.014947476427998185,0.8527913810174138,0.01528840385045171
leading,1.5,0.897,0.3960198571779062,29.8864029766731,0.01494320148833655,0.8525474848844865,0.015290280165653881
leading,1.5,0.898,0.39441856457276137,29.877853974746902,0.014938926987373452,0.8523036137804215,0.015292149410705638
leading,1.5,0.899,0.39282374673892106,29.869305856776638,0.014934652928388319,0.8520597678923187,0.01529401161241285
leading,1.5,0.9,0.39123537749587123,29.860758629291656,0.014930379314645829,0.8518159474064361,0.015295866797478457
leading,1.5,0.901,0.38965343076895814,29.85221229879184,0.01492610614939592,0.851572152508191,0.015297714992503032
leading,1.5,0.902,0.38807788058895965,29.84366687174779,0.014921833435873895,0.8513283833821655,0.01529955622398508
leading,1.5,0.903,0.38650870109165925,29.835122354600887,0.014917561177300444,0.8510846402121082,0.015301390518321396
leading,1.5,0.904,0.38494586651742185,29.826578753763464,0.014913289376881732,0.850840923180939,0.015303217901807463
leading,1.5,0.905,0.38338935121077,29.818036075618885,0.014909018037809443,0.8505972324707514,0.015305038400638099
leading,1.5,0.906,0.381839129619964,29.809494326521673,0.014904747163260837,0.8503535682628162,0.015306852040907468
leading,1.5,0.907,0.38029517629658127,29.800953512797637,0.01490047675639882,0.8501099307375851,0.015308658848609734
leading,1.5,0.908,0.3787574658950991,29.792413640743995,0.014896206820371998,0.8498663200746944,0.01531045884963935
leading,1.5,0.909,0.3772259731724785,29.783874716629455,0.014891937358314728,0.8496227364529667,0.015312252069791435
leading,1.5,0.91,0.3757006729877498,29.775336746694375,0.014887668373347188,0.8493791800504162,0.015314038534762245
leading,1.5,0.911,0.3741815403016002,29.766799737150855,0.014883399868575427,0.849135651044251,0.01531581827014974
leading,1.5,0.912,0.37266855017596245,29.758263694182848,0.014879131847091423,0.8488921496108761,0.015317591301453307
leading,1.5,0.913,0.3711616777736053,29.74972862394629,0.014874864311973145,0.8486486759258974,0.015319357654075072
leading,1.5,0.914,0.3696608983577261,29.741194532569203,0.014870597266284601,0.8484052301641244,0.015321117353319348
leading,1.5,0.915,0.3681661872915445,29.73266142615182,0.014866330713075911,0.8481618124995741,0.015322870424393847
leading,1.5,0.916,0.3666775200378985,29.72412931076668,0.01486206465538334,0.8479184231054734,0.015324616892409318
leading,1.5,0.917,0.36519487215884083,29.715598192458756,0.014857799096229378,0.8476750621542625,0.01532635678238076
leading,1.5,0.918,0.36371821931523846,29.707068077245573,0.014853534038622787,0.8474317298175992,0.015328090119226869
leading,1.5,0.919,0.36224753726637265,29.698538971117287,0.014849269485558644,0.8471884262663603,0.015329816927771163
leading,1.5,0.92,0.36078280186954126,29.69001088003684,0.01484500544001842,0.8469451516706461,0.015331537232741804
leading,1.5,0.921,0.35932398907966234,29.681483809940058,0.014840741904970029,0.8467019061997837,0.01533325105877271
leading,1.5,0.922,0.35787107494887943,29.67295776673572,0.01483647888336786,0.8464586900223284,0.015334958430402734
leading,1.5,0.923,0.3564240356261683,29.664432756305736,0.014832216378152869,0.8462155033060691,0.015336659372077528
leading,1.5,0.924,0.3549828473569454,29.6559087845052,0.014827954392252601,0.84597234621803,0.015338353908148425
leading,1.5,0.925,0.35354748648267853,29.647385857162536,0.014823692928581269,0.8457292189244741,0.01534004206287404
leading,1.5,0.926,0.3521179294404974,29.6388639800796,0.0148194319900398,0.8454861215909065,0.01534172386041989
leading,1.5,0.927,0.3506941527628075,29.630343159031757,0.014815171579515878,0.8452430543820771,0.015343399324858868
leading,1.5,0.928,0.3492761330769049,29.62182339976803,0.014810911699884015,0.845000017461984,0.01534506848017191
leading,1.5,0.929,0.3478638471045921,29.61330470801119,0.014806652354005594,0.8447570109938765,0.015346731350247986
leading,1.5,0.93,0.34645727166179663,29.604787089457858,0.014802393544728929,0.8445140351402579,0.015348387958884763
leading,1.5,0.931,0.34505638365818964,29.59627054977862,0.01479813527488931,0.8442710900628887,0.015350038329788707
leading,1.5,0.932,0.3436611600968073,29.58775509461814,0.01479387754730907,0.8440281759227902,0.015351682486575733
leading,1.5,0.933,0.3422715780736733,29.579240729595234,0.014789620364797617,0.8437852928802464,0.015353320452771121
leading,1.5,0.934,0.3408876147774226,29.570727460303026,0.014785363730151513,0.843542441094808,0.015354952251810453
leading,1.5,0.935,0.3395092474889274,29.562215292309,0.0147811076461545,0.8432996207252946,0.01535657790703933
leading,1.5,0.936,0.33813645358092376,29.553704231155145,0.014776852115577572,0.8430568319297985,0.015358197441714232
leading,1.5,0.937,0.33676921051764025,29.54519428235803,0.014772597141179015,0.8428140748656868,0.01535981087900269
leading,1.5,0.9380000000000001,0.33540749585442803,29.536685451408935,0.014768342725704467,0.8425713496896053,0.015361418241983393
leading,1.5,0.9390000000000001,0.33405128723739236,29.52817774377393,0.014764088871886965,0.8423286565574805,0.015363019553646945
leading,1.5,0.9400000000000001,0.3327005624030262,29.519671164893996,0.014759835582446998,0.842085995624523,0.015364614836896037
leading,1.5,0.9410000000000001,0.3313552991778436,29.511165720185105,0.014755582860092552,0.8418433670452307,0.01536620411454575
leading,1.5,0.9420000000000001,0.3300154754780167,29.502661415038347,0.014751330707519173,0.8416007709733909,0.015367787409323735
leading,1.5,0.9430000000000001,0.32868106930901264,29.494158254820025,0.014747079127410013,0.8413582075620846,0.015369364743870968
leading,1.5,0.9440000000000001,0.3273520587652327,29.485656244871734,0.014742828122435866,0.8411156769636872,0.015370936140741842
leading,1.5,0.9450000000000001,0.326028422029653,29.477155390510504,0.014738577695255252,0.8408731793298738,0.015372501622404453
leading,1.5,0.9460000000000001,0.3247101373734657,29.468655697028854,0.014734327848514427,0.8406307148116203,0.01537406121124089
leading,1.5,0.9470000000000001,0.3233971831557228,29.460157169694924,0.014730078584847463,0.8403882835592069,0.015375614929547884
leading,1.5,0.9480000000000001,0.32208953782298055,29.451659813752567,0.014725829906876283,0.8401458857222214,0.015377162799536903
leading,1.5,0.9490000000000001,0.3207871799089459,29.44316363442144,0.01472158181721072,0.8399035214495608,0.015378704843334355
leading,1.5,0.9500000000000001,0.3194900880341244,29.4346686368971,0.01471733431844855,0.8396611908894354,0.015380241082982417
leading,1.5,0.9510000000000001,0.31819824090546817,29.426174826351133,0.014713087413175566,0.8394188941893707,0.015381771540438674
leading,1.5,0.9520000000000001,0.3169116173160275,29.4176822079312,0.0147088411039656,0.8391766314962106,0.015383296237576961
leading,1.5,0.9530000000000001,0.3156301961446021,29.4091907867612,0.014704595393380602,0.8389344029561207,0.015384815196187738
leading,1.5,0.9540000000000001,0.3143539563553943,29.400700567941296,0.014700350283970648,0.8386922087145895,0.015386328437977721
leading,1.5,0.9550000000000001,0.3130828769976646,29.39221155654807,0.014696105778274035,0.8384500489164332,0.015387835984571286
leading,1.5,0.9560000000000001,0.3118169372053864,29.383723757634584,0.014691861878817292,0.8382079237057966,0.015389337857509726
leading,1.5,0.9570000000000001,0.3105561161969046,29.375237176230485,0.014687618588115244,0.8379658332261567,0.015390834078252277
leading,1.5,0.9580000000000001,0.30930039327459363,29.36675181734212,0.01468337590867106,0.8377237776203261,0.015392324668176317
leading,1.5,0.9590000000000001,0.30804974782451827,29.358267685952598,0.014679133842976299,0.837481757030454,0.015393809648577356
leading,1.5,0.96,0.30680415931609534,29.34978478702191,0.014674892393510955,0.8372397715980308,0.015395289040669616
leading,1.5,0.961,0.30556360730175575,29.341303125487023,0.014670651562743511,0.8369978214638895,0.015396762865586486
leading,1.5,0.962,0.3043280714166098,29.33282270626194,0.01466641135313097,0.8367559067682081,0.015398231144380435
leading,1.5,0.963,0.30309753137811246,29.32434353423784,0.01466217176711892,0.836514027650514,0.015399693898023587
leading,1.5,0.964,0.3018719669857304,29.315865614283158,0.01465793280714158,0.8362721842496852,0.015401151147408358
leading,1.5,0.965,0.3006513581206108,29.307388951243645,0.014653694475621823,0.8360303767039531,0.015402602913346827
leading,1.5,0.966,0.2994356847452502,29.298913549942508,0.014649456774971254,0.8357886051509057,0.015404049216572116
leading,1.5,0.967,0.2982249269031664,29.29043941518047,0.014645219707590234,0.8355468697274897,0.015405490077737857
leading,1.5,0.968,0.29701906471857054,29.28196655173587,0.014640983275867936,0.8353051705700133,0.015406925517419203
leading,1.5,0.969,0.2958180783960406,29.273494964364772,0.014636747482182386,0.8350635078141492,0.015408355556112467
leading,1.5,0.97,0.29462194822019705,29.26502465780103,0.014632512328900515,0.8348218815949364,0.015409780214235778
leading,1.5,0.971,0.29343065455537853,29.25655563675637,0.014628277818378185,0.8345802920467833,0.015411199512129636
leading,1.5,0.972,0.2922441778453199,29.248087905920546,0.014624043952960273,0.8343387393034707,0.01541261347005674
leading,1.5,0.973,0.291062498612831,29.239621469961335,0.014619810734980669,0.834097223498153,0.01541402210820236
leading,1.5,0.974,0.28988559745947706,29.231156333524705,0.014615578166762353,0.8338557447633623,0.015415425446674891
leading,1.5,0.975,0.2887134550652604,29.22269250123486,0.01461134625061743,0.8336143032310098,0.015416823505506057
leading,1.5,0.976,0.28754605218830287,29.214229977694355,0.014607114988847179,0.8333728990323893,0.015418216304651185
leading,1.5,0.977,0.28638336966453015,29.205768767484162,0.014602884383742082,0.8331315322981788,0.0154196038639893
leading,1.5,0.978,0.28522538840735717,29.197308875163774,0.014598654437581886,0.8328902031584435,0.015420986203323788
leading,1.5,0.979,0.2840720894073753,29.188850305271277,0.01459442515263564,0.8326489117426383,0.015422363342382395
leading,1.5,0.98,0.28292345373203914,29.180393062323468,0.014590196531161734,0.8324076581796104,0.015423735300817785
leading,1.5,0.981,0.28177946252535674,29.171937150815896,0.014585968575407948,0.832166442597601,0.015425102098207553
leading,1.5,0.982,0.2806400970075796,29.163482575223004,0.014581741287611503,0.8319252651242491,0.015426463754054683
leading,1.5,0.983,0.27950533847489434,29.15502933999816,0.01457751466999908,0.831684125886593,0.01542782028778775
leading,1.5,0.984,0.2783751682991163,29.146577449573787,0.014573288724786894,0.8314430250110731,0.015429171718761377
leading,1.5,0.985,0.27724956792738276,29.138126908361414,0.014569063454180707,0.8312019626235337,0.015430518066256244
leading,1.5,0.986,0.27612851888184897,29.129677720751786,0.014564838860375894,0.8309609388492265,0.015431859349479745
leading,1.5,0.987,0.2750120027593848,29.12122989111495,0.014560614945557476,0.8307199538128125,0.015433195587565798
leading,1.5,0.988,0.2739000012312723,29.112783423800316,0.014556391711900159,0.8304790076383641,0.015434526799575602
leading,1.5,0.989,0.2727924960429057,29.10433832313676,0.01455216916156838,0.8302381004493682,0.015435853004497634
leading,1.5,0.99,0.27168946901349,29.095894593432703,0.014547947296716351,0.8299972323687278,0.015437174221248027
leading,1.5,0.991,0.27059090203574465,29.087452238976205,0.014543726119488103,0.8297564035187651,0.015438490468670754
leading,1.5,0.992,0.2694967770756051,29.07901126403502,0.01453950563201751,0.8295156140212235,0.015439801765538106
leading,1.5,0.993,0.2684070761719261,29.07057167285672,0.014535285836428359,0.8292748639972701,0.015441108130550787
leading,1.5,0.994,0.2673217814361889,29.06213346966873,0.014531066734834366,0.8290341535674978,0.015442409582338185
leading,1.5,0.995,0.26624087505220506,29.05369665867845,0.014526848329339226,0.8287934828519279,0.01544370613945876
leading,1.5,0.996,0.26516433927582633,29.045261244073327,0.014522630622036663,0.8285528519700124,0.015444997820400415
leading,1.5,0.997,0.264092156434652,29.036827230020922,0.014518413615010462,0.8283122610406366,0.015446284643580496
leading,1.5,0.998,0.26302430892773865,29.02839462066899,0.014514197310334495,0.8280717101821203,0.015447566627345987
leading,1.5,0.999,0.2619607792253125,29.019963420145604,0.014509981710072803,0.8278311995122221,0.015448843789974532
leading,1.5,1.0,0.2609015498684798,29.011533632559175,0.014505766816279587,0.8275907291481394,0.015450116149673607
leading,1.5,1.0010000000000001,0.2598466034689421,29.00310526199857,0.014501552630999285,0.8273502992065126,0.015451383724581626
leading,1.5,1.002,0.2587959227087098,28.994678312533186,0.014497339156266593,0.8271099098034261,0.015452646532767874
leading,1.5,1.0030000000000001,0.25774949033981737,28.986252788213022,0.014493126394106512,0.8268695610544116,0.015453904592233038
leading,1.5,1.004,0.2567072891840416,28.97782869306876,0.01448891434653438,0.8266292530744491,0.015455157920908869
leading,1.5,1.0050000000000001,0.25566930213261796,28.969406031111852,0.014484703015555926,0.8263889859779705,0.015456406536659091
leading,1.5,1.006,0.254635512145962,28.960984806334594,0.014480492403167297,0.8261487598788612,0.01545765045727942
leading,1.5,1.0070000000000001,0.25360590225338664,28.952565022710196,0.014476282511355099,0.8259085748904618,0.015458889700497743
leading,1.5,1.008,0.25258045555282654,28.944146684192884,0.014472073342096442,0.8256684311255716,0.01546012428397459
leading,1.5,1.0090000000000001,0.25155915521055805,28.935729794717936,0.014467864897358969,0.8254283286964497,0.015461354225303047
leading,1.5,1.01,0.25054198446092535,28.92731435820181,0.014463657179100904,0.8251882677148177,0.015462579542009499
leading,1.5,1.0110000000000001,0.24952892660606274,28.91890037854217,0.014459450189271085,0.8249482482918615,0.015463800251553443
leading,1.5,1.012,0.24851996501562293,28.91048785961801,0.014455243929809005,0.8247082705382345,0.015465016371327873
leading,1.5,1.0130000000000001,0.2475150831265018,28.902076805289706,0.014451038402644853,0.8244683345640585,0.015466227918660022
leading,1.5,1.014,0.24651426444256855,28.893667219399084,0.014446833609699542,0.8242284404789267,0.015467434910810525
leading,1.5,1.0150000000000001,0.24551749253439273,28.885259105769517,0.014442629552884759,0.8239885883919056,0.015468637364974913
leading,1.5,1.016,0.24452475103897736,28.87685246820599,0.014438426234102995,0.823748778411537,0.015469835298282967
leading,1.5,1.0170000000000001,0.24353602365948707,28.868447310495164,0.014434223655247581,0.8235090106458406,0.015471028727799367
leading,1.5,1.018,0.24255129416498325,28.860043636405486,0.014430021818202743,0.8232692852023158,0.015472217670523977
leading,1.5,1.0190000000000001,0.2415705463901557,28.851641449687207,0.014425820724843604,0.8230296021879434,0.015473402143391936
leading,1.5,1.02,0.24059376423505907,28.843240754072525,0.014421620377036263,0.8227899617091889,0.01547458216327395
leading,1.5,1.0210000000000001,0.2396209316648465,28.834841553275606,0.014417420776637803,0.8225503638720039,0.015475757746976472
leading,1.5,1.022,0.2386520327095085,28.82644385099266,0.014413221925496331,0.8223108087818272,0.015476928911242077
leading,1.5,1.0230000000000001,0.23768705146360875,28.81804765090206,0.01440902382545103,0.822071296543589,0.015478095672749749
leading,1.5,1.024,0.2367259720860251,28.80965295666437,0.014404826478332185,0.8218318272617119,0.015479258048114973
leading,1.5,1.025,0.23576877879968738,28.80125977192243,0.014400629885961216,0.8215924010401122,0.015480416053890108
leading,1.5,1.026,0.2348154558913202,28.792868100301433,0.014396434050150717,0.8213530179822032,0.015481569706564486
leading,1.5,1.027,0.23386598771118416,28.784477945409,0.014392238972704502,0.8211136781908968,0.015482719022564696
leading,1.5,1.028,0.2329203586728185,28.77608931083525,0.014388044655417626,0.8208743817686057,0.015483864018255133
leading,1.5,1.029,0.23197855325278655,28.767702200152858,0.01438385110007643,0.8206351288172451,0.015485004709937649
leading,1.5,1.03,0.23104055599041937,28.759316616917143,0.014379658308458571,0.820395919438235,0.015486141113852275
leading,1.5,1.031,0.23010635148756342,28.750932564666137,0.014375466282333068,0.820156753732502,0.015487273246177337
leading,1.5,1.032,0.22917592440832632,28.742550046920638,0.01437127502346032,0.8199176318004815,0.01548840112302963
leading,1.5,1.033,0.22824925947882663,28.73416906718432,0.01436708453359216,0.8196785537421203,0.015489524760464623
leading,1.5,1.034,0.2273263414869415,28.725789628943755,0.014362894814471878,0.819439519656877,0.015490644174476813
leading,1.5,1.035,0.2264071552820584,28.71741173566852,0.01435870586783426,0.819200529643726,0.01549175938100002
leading,1.5,1.036,0.22549168577482556,28.709035390811238,0.01435451769540562,0.8189615838011576,0.015492870395907205
leading,1.5,1.037,0.2245799179369047,28.700660597807683,0.014350330298903842,0.8187226822271816,0.0154939772350113
leading,1.5,1.038,0.22367183680072347,28.692287360076808,0.014346143680038404,0.8184838250193279,0.01549507991406512
leading,1.5,1.039,0.22276742745923125,28.683915681020842,0.01434195784051042,0.8182450122746495,0.015496178448761378
leading,1.5,1.04,0.22186667506565266,28.675545564025363,0.014337772782012682,0.8180062440897242,0.015497272854733504
leading,1.5,1.041,0.22096956483324567,28.66717701245932,0.01433358850622966,0.8177675205606557,0.015498363147555195
leading,1.5,1.042,0.22007608203505702,28.658810029675173,0.014329405014837588,0.817528841783077,0.015499449342741346
leading,1.5,1.043,0.21918621200368224,28.65044461900889,0.014325222309504445,0.8172902078521509,0.015500531455747401
leading,1.5,1.044,0.21829994013102316,28.642080783780074,0.014321040391890038,0.8170516188625733,0.015501609501970654
leading,1.5,1.045,0.2174172518680496,28.633718527291993,0.014316859263645997,0.8168130749085739,0.015502683496749603
leading,1.5,1.046,0.21653813272455966,28.62535785283163,0.014312678926415816,0.8165745760839184,0.01550375345536442
leading,1.5,1.047,0.2156625682689422,28.616998763669834,0.014308499381834917,0.8163361224819115,0.015504819393037411
leading,1.5,1.048,0.21479054412793935,28.608641263061273,0.014304320631530637,0.816097714195397,0.015505881324933028
leading,1.5,1.049,0.21392204598641168,28.600285354244583,0.014300142677122292,0.8158593513167611,0.015506939266158043
leading,1.5,1.05,0.2130570595871018,28.591931040442404,0.014295965520221202,0.8156210339379336,0.015507993231762033
leading,1.5,1.051,0.21219557073040182,28.583578324861442,0.01429178916243072,0.8153827621503899,0.015509043236737182
leading,1.5,1.052,0.21133756527411865,28.57522721069255,0.014287613605346276,0.815144536045153,0.015510089296019035
leading,1.5,1.053,0.21048302913324354,28.566877701110766,0.014283438850555384,0.814906355712795,0.015511131424486124
leading,1.5,1.054,0.20963194827971898,28.55852979927542,0.01427926489963771,0.8146682212434397,0.015512169636960714
leading,1.5,1.055,0.20878430874221066,28.550183508330154,0.014275091754165078,0.8144301327267637,0.015513203948208624
leading,1.5,1.056,0.20794009660587576,28.54183883140301,0.014270919415701504,0.814192090251998,0.015514234372939969
leading,1.5,1.057,0.2070992980121364,28.533495771606496,0.014266747885803248,0.8139540939079312,0.015515260925808417
leading,1.5,1.058,0.20626189915845067,28.525154332037637,0.014262577166018819,0.8137161437829095,0.01551628362141259
leading,1.5,1.059,0.20542788629808761,28.51681451577805,0.014258407257889027,0.8134782399648401,0.015517302474295414
leading,1.5,1.06,0.20459724573989985,28.508476325893994,0.014254238162946997,0.813240382541192,0.015518317498944488
leading,1.5,1.061,0.20376996384810045,28.50013976543645,0.014250069882718226,0.8130025715989982,0.015519328709792838
leading,1.5,1.062,0.2029460270420376,28.491804837441176,0.014245902418720589,0.8127648072248576,0.015520336121218357
leading,1.5,1.063,0.20212542179597312,28.483471544928758,0.014241735772464379,0.812527089504936,0.01552133974754455
leading,1.5,1.064,0.20130813463885874,28.475139890904686,0.014237569945452343,0.8122894185249692,0.015522339603040254
leading,1.5,1.065,0.20049415215411717,28.46680987835942,0.014233404939179711,0.8120517943702636,0.015523335701920772
leading,1.5,1.066,0.19968346097941939,28.45848151026843,0.014229240755134216,0.8118142171256983,0.015524328058346921
leading,1.5,1.067,0.19887604780646734,28.45015478959229,0.014225077394796145,0.8115766868757275,0.01552531668642589
leading,1.5,1.068,0.19807189938077388,28.4418297192767,0.014220914859638351,0.8113392037043808,0.015526301600211416
leading,1.5,1.069,0.1972710025014467,28.433506302252585,0.014216753151126292,0.8111017676952669,0.015527282813704076
leading,1.5,1.07,0.19647334402097003,28.425184541436128,0.014212592270718064,0.8108643789315733,0.01552826034085109
leading,1.5,1.071,0.19567891084499048,28.41686443972884,0.01420843221986442,0.8106270374960695,0.015529234195546894
leading,1.5,1.072,0.19488768993210037,28.40854600001763,0.014204273000008816,0.8103897434711079,0.015530204391633037
leading,1.5,1.073,0.1940996682936253,28.400229225174844,0.014200114612587422,0.8101524969386261,0.015531170942898844
leading,1.5,1.074,0.1933148329934092,28.39191411805835,0.014195957059029174,0.8099152979801484,0.015532133863081226
leading,1.5,1.075,0.1925331711476042,28.38360068151156,0.01419180034075578,0.8096781466767867,0.01553309316586468
leading,1.5,1.076,0.19175466992445653,28.37528891836354,0.01418764445918177,0.8094410431092436,0.015534048864882414
leading,1.5,1.077,0.190979316544098,28.366978831429037,0.014183489415714519,0.8092039873578134,0.01553500097371541
leading,1.5,1.078,0.19020709827833482,28.358670423508528,0.014179335211754265,0.8089669795023832,0.015535949505893461
leading,1.5,1.079,0.18943800245043974,28.350363697388303,0.014175181848694152,0.8087300196224354,0.015536894474894692
leading,1.5,1.08,0.18867201643494294,28.342058655840518,0.014171029327920259,0.8084931077970494,0.015537835894146692
leading,1.5,1.081,0.1879091276574257,28.333755301623235,0.014166877650811618,0.8082562441049024,0.015538773777025483
leading,1.5,1.082,0.187149323594313,28.325453637480507,0.014162726818740253,0.8080194286242719,0.015539708136856735
leading,1.5,1.083,0.1863925917726691,28.317153666142417,0.014158576833071208,0.8077826614330369,0.015540638986915769
leading,1.5,1.084,0.18563891976999128,28.308855390325142,0.014154427695162572,0.80754594260868,0.01554156634042709
leading,1.5,1.085,0.18488829521400799,28.300558812731,0.0141502794063655,0.8073092722282881,0.015542490210565417
leading,1.5,1.086,0.18414070578247335,28.292263936048517,0.014146131968024259,0.8070726503685548,0.01554341061045549
leading,1.5,1.087,0.1833961392029669,28.283970762952507,0.014141985381476254,0.8068360771057826,0.015544327553172175
leading,1.5,1.088,0.18265458325269057,28.27567929610406,0.01413783964805203,0.8065995525158826,0.015545241051740735
leading,1.5,1.089,0.18191602575826948,28.267389538150685,0.014133694769075342,0.8063630766743781,0.015546151119137491
leading,1.5,1.09,0.1811804545955507,28.25910149172628,0.01412955074586314,0.8061266496564045,0.015547057768288887
leading,1.5,1.091,0.1804478576894055,28.250815159451264,0.014125407579725632,0.8058902715367126,0.015547961012072892
leading,1.5,1.092,0.1797182230135299,28.242530543932585,0.014121265271966292,0.8056539423896687,0.015548860863318532
leading,1.5,1.093,0.1789915385902485,28.234247647763794,0.014117123823881897,0.8054176622892574,0.015549757334806267
leading,1.5,1.094,0.17826779249031646,28.22596647352509,0.014112983236762546,0.8051814313090819,0.015550650439267899
leading,1.5,1.095,0.1775469728327255,28.21768702378337,0.014108843511891685,0.8049452495223665,0.01555154018938722
leading,1.5,1.096,0.17682906778450666,28.209409301092315,0.014104704650546158,0.8047091170019578,0.015552426597800022
leading,1.5,1.097,0.176114065560538,28.201133307992414,0.014100566653996208,0.8044730338203268,0.015553309677093907
leading,1.5,1.098,0.1754019544233497,28.192859047011016,0.014096429523505509,0.804237000049569,0.015554189439808935
leading,1.5,1.099,0.17469272268293257,28.184586520662414,0.014092293260331207,0.804001015761408,0.015555065898437732
leading,1.5,1.1,0.173986358696545,28.176315731447865,0.014088157865723932,0.8037650810271953,0.015555939065425666
leading,1.5,1.101,0.17328285086852296,28.168046681855657,0.014084023340927829,0.8035291959179126,0.015556808953170664
leading,1.5,1.102,0.17258218765008854,28.15977937436118,0.01407988968718059,0.8032933605041733,0.01555767557402387
leading,1.5,1.103,0.17188435753916134,28.151513811426938,0.01407575690571347,0.8030575748562235,0.015558538940289638
leading,1.5,1.104,0.17118934908016908,28.143249995502657,0.014071624997751329,0.8028218390439449,0.015559399064225918
leading,1.5,1.105,0.1704971508638598,28.13498792902527,0.014067493964512637,0.8025861531368539,0.015560255958043591
leading,1.5,1.106,0.16980775152711405,28.126727614419043,0.014063363807209522,0.8023505172041058,0.015561109633908065
leading,1.5,1.107,0.16912113975275936,28.11846905409557,0.014059234527047786,0.8021149313144944,0.015561960103938243
leading,1.5,1.108,0.16843730426938325,28.110212250453845,0.014055106125226922,0.801879395536454,0.015562807380207093
leading,1.5,1.109,0.16775623385114943,28.101957205880318,0.01405097860294016,0.8016439099380612,0.015563651474741917
leading,1.5,1.11,0.16707791731761223,28.093703922748954,0.014046851961374477,0.8014084745870363,0.015564492399524732
leading,1.5,1.111,0.1664023435335343,28.085452403421254,0.014042726201710628,0.8011730895507442,0.015565330166491899
leading,1.5,1.112,0.16572950140870285,28.077202650246335,0.014038601325123167,0.8009377548961963,0.015566164787534585
leading,1.5,1.113,0.16505937989774813,28.06895466556098,0.01403447733278049,0.8007024706900524,0.015566996274499046
leading,1.5,1.114,0.16439196799996206,28.060708451689656,0.014030354225844829,0.8004672369986207,0.015567824639186727
leading,1.5,1.115,0.1637272547591175,28.052464010944625,0.014026232005472313,0.8002320538878616,0.015568649893354157
leading,1.5,1.116,0.16306522926328818,28.04422134562592,0.01402211067281296,0.7999969214233863,0.01556947204871352
leading,1.5,1.117,0.16240588064467026,28.035980458021466,0.014017990229010733,0.7997618396704608,0.015570291116932746
leading,1.5,1.118,0.16174919807940294,28.02774135040708,0.01401387067520354,0.7995268086940057,0.01557110710963542
leading,1.5,1.119,0.16109517078739202,28.01950402504653,0.014009752012523266,0.7992918285585979,0.01557192003840124
leading,1.5,1.12,0.1604437880321315,28.011268484191607,0.014005634242095805,0.7990568993284725,0.01557272991476594
leading,1.5,1.121,0.15979503912052873,28.00303473008217,0.014001517365041086,0.7988220210675243,0.015573536750221748
leading,1.5,1.122,0.15914891340272766,27.99480276494615,0.013997401382473075,0.7985871938393079,0.015574340556217198
leading,1.5,1.123,0.1585054002719349,27.98657259099968,0.013993286295499839,0.7983524177070412,0.015575141344157788
leading,1.5,1.124,0.15786448916424523,27.978344210447045,0.013989172105223522,0.7981176927336044,0.015575939125405515
leading,1.5,1.125,0.15722616955846827,27.97011762548083,0.013985058812740416,0.7978830189815438,0.015576733911279618
leading,1.5,1.1260000000000001,0.15659043097595537,27.961892838281894,0.013980946419140947,0.7976483965130708,0.015577525713056399
leading,1.5,1.127,0.15595726298042842,27.953669851019466,0.013976834925509734,0.7974138253900658,0.015578314541969495
leading,1.5,1.1280000000000001,0.1553266551778075,27.945448665851146,0.013972724332925573,0.7971793056740768,0.015579100409209885
leading,1.5,1.129,0.15469859721604134,27.93722928492301,0.013968614642461505,0.7969448374263235,0.015579883325926632
leading,1.5,1.1300000000000001,0.1540730787849363,27.929011710369604,0.013964505855184802,0.7967104207076964,0.015580663303226145
leading,1.5,1.131,0.15345008961598827,27.920795944314023,0.013960397972157012,0.7964760555787597,0.015581440352173011
leading,1.5,1.1320000000000001,0.1528296194822128,27.912581988867945,0.013956290994433972,0.7962417420997514,0.015582214483790002
leading,1.5,1.133,0.15221165819797838,27.904369846131697,0.013952184923065849,0.7960074803305861,0.01558298570905807
leading,1.5,1.1340000000000001,0.1515961956188386,27.89615951819427,0.013948079759097136,0.7957732703308551,0.015583754038916727
leading,1.5,1.135,0.1509832216413659,27.887951007133395,0.013943975503566698,0.795539112159828,0.015584519484263946
leading,1.5,1.1360000000000001,0.15037272620298522,27.879744315015564,0.013939872157507782,0.7953050058764543,0.015585282055956634
leading,1.5,1.137,0.14976469928180963,27.871539443896104,0.013935769721948052,0.7950709515393647,0.015586041764810536
leading,1.5,1.1380000000000001,0.14915913089647487,27.86333639581921,0.013931668197909605,0.7948369492068725,0.015586798621600608
leading,1.5,1.139,0.1485560111059765,27.855135172817967,0.013927567586408984,0.7946029989369741,0.015587552637060834
leading,1.5,1.1400000000000001,0.14795533000950567,27.846935776914446,0.013923467888457223,0.7943691007873515,0.015588303821884692
leading,1.5,1.141,0.14735707774628767,27.838738210119708,0.013919369105059854,0.7941352548153728,0.015589052186725431
leading,1.5,1.1420000000000001,0.14676124449541889,27.830542474433862,0.013915271237216932,0.7939014610780937,0.015589797742195613
leading,1.5,1.143,0.14616782047570662,27.822348571846117,0.01391117428592306,0.7936677196322588,0.015590540498868039
leading,1.5,1.1440000000000001,0.14557679594550796,27.814156504334814,0.013907078252167408,0.793434030534303,0.0155912804672751
leading,1.5,1.145,0.14498816120257013,27.80596627386749,0.013902983136933745,0.7932003938403525,0.015592017657909893
leading,1.5,1.1460000000000001,0.14440190658387067,27.79777788240089,0.013898888941200446,0.792966809606226,0.015592752081225392
leading,1.5,1.147,0.14381802246545974,27.789591331881063,0.013894795665940532,0.7927332778874372,0.015593483747635185
leading,1.5,1.1480000000000001,0.14323649926230114,27.78140662424334,0.01389070331212167,0.7924997987391936,0.015594212667513476
leading,1.5,1.149,0.14265732742811582,27.77322376141244,0.01388661188070622,0.7922663722164006,0.015594938851195464
leading,1.5,1.1500000000000001,0.1420804974552244,27.76504274530247,0.013882521372651235,0.7920329983736601,0.015595662308976872
leading,1.5,1.151,0.14150599987439194,27.756863577816997,0.0138784317889085,0.7917996772652742,0.015596383051114694
leading,1.5,1.1520000000000001,0.14093382525467138,27.74868626084907,0.013874343130424535,0.7915664089452441,0.0155971010878272
leading,1.5,1.153,0.14036396420325023,27.74051079628129,0.013870255398140645,0.7913331934672736,0.015597816429293934
leading,1.5,1.154,0.1397964073652948,27.732337185985823,0.013866168592992912,0.7911000308847687,0.015598529085656178
leading,1.5,1.155,0.13923114542379744,27.724165431824453,0.013862082715912227,0.7908669212508389,0.015599239067016398
leading,1.5,1.156,0.13866816909942392,27.715995535648645,0.013857997767824324,0.7906338646182997,0.015599946383439268
leading,1.5,1.157,0.13810746915036012,27.707827499299544,0.013853913749649772,0.7904008610396721,0.015600651044951295
leading,1.5,1.158,0.13754903637216143,27.699661324608087,0.013849830662304044,0.7901679105671859,0.015601353061541198
leading,1.5,1.159,0.13699286159760052,27.691497013394958,0.013845748506697479,0.7899350132527784,0.015602052443159813
leading,1.5,1.16,0.13643893569651802,27.683334567470702,0.013841667283735351,0.7897021691480977,0.015602749199720276
leading,1.5,1.161,0.13588724957567144,27.675173988635738,0.013837586994317868,0.789469378304503,0.01560344334109859
leading,1.5,1.162,0.135337794178587,27.667015278680395,0.013833507639340197,0.7892366407730658,0.015604134877133063
leading,1.5,1.163,0.13479056048541022,27.658858439384954,0.013829429219692477,0.7890039566045707,0.015604823817624866
leading,1.5,1.164,0.13424553951275825,27.650703472519716,0.013825351736259858,0.7887713258495179,0.0156055101723385
leading,1.5,1.165,0.13370272231357191,27.642550379845012,0.013821275189922506,0.7885387485581231,0.015606193951001058
leading,1.5,1.166,0.13316209997696962,27.634399163111258,0.013817199581555629,0.7883062247803191,0.015606875163303335
leading,1.5,1.167,0.1326236636281001,27.626249824059,0.0138131249120295,0.788073754565757,0.015607553818899177
leading,1.5,1.168,0.13208740442799777,27.618102364418938,0.013809051182209469,0.7878413379638075,0.015608229927405955
leading,1.5,1.169,0.13155331357343658,27.609956785911987,0.013804978392955993,0.7876089750235618,0.015608903498405026
leading,1.5,1.17,0.1310213822967865,27.6018130902493,0.01380090654512465,0.7873766657938326,0.01560957454144117
leading,1.5,1.171,0.1304916018658687,27.593671279132323,0.013796835639566163,0.7871444103231557,0.01561024306602335
leading,1.5,1.172,0.12996396358381287,27.585531354252826,0.013792765677126412,0.7869122086597913,0.015610909081624415
leading,1.5,1.173,0.12943845878891416,27.577393317292948,0.013788696658646474,0.7866800608517243,0.015611572597681677
leading,1.5,1.174,0.12891507885449108,27.56925716992522,0.01378462858496261,0.7864479669466659,0.015612233623596438
leading,1.5,1.175,0.12839381518874352,27.561122913812643,0.013780561456906322,0.7862159269920551,0.015612892168734913
leading,1.5,1.176,0.12787465923461244,27.552990550608683,0.013776495275304342,0.7859839410350594,0.015613548242427503
leading,1.5,1.177,0.12735760246963856,27.544860081957328,0.013772430040978664,0.7857520091225756,0.015614201853969717
leading,1.5,1.178,0.12684263640582333,27.53673150949316,0.013768365754746579,0.7855201313012319,0.015614853012621615
leading,1.5,1.179,0.12632975258948861,27.52860483484132,0.013764302417420661,0.7852883076173879,0.015615501727608646
leading,1.5,1.18,0.1258189426011389,27.52048005961763,0.013760240029808815,0.7850565381171367,0.015616148008121182
leading,1.5,1.181,0.1253101980553222,27.512357185428566,0.013756178592714283,0.7848248228463052,0.015616791863314992
leading,1.5,1.182,0.12480351060049313,27.50423621387133,0.013752118106935666,0.7845931618504556,0.01561743330231105
leading,1.5,1.183,0.12429887191887538,27.496117146533894,0.013748058573266947,0.7843615551748867,0.01561807233419609
leading,1.5,1.184,0.1237962737263254,27.487999984995,0.0137439999924975,0.7841300028646342,0.015618708968022525
leading,1.5,1.185,0.12329570777219595,27.479884730824242,0.013739942365412122,0.7838985049644728,0.015619343212808529
leading,1.5,1.186,0.1227971658392014,27.471771385582088,0.013735885692791045,0.7836670615189167,0.015619975077538142
leading,1.5,1.187,0.12230063974328208,27.46365995081989,0.013731829975409945,0.7834356725722202,0.015620604571161724
leading,1.5,1.188,0.12180612133347062,27.455550428079974,0.013727775214039986,0.7832043381683804,0.01562123170259541
leading,1.5,1.189,0.12131360249175743,27.44744281889564,0.01372372140944782,0.7829730583511363,0.015621856480722028
leading,1.5,1.19,0.12082307513295827,27.43933712479121,0.013719668562395605,0.7827418331639711,0.015622478914390928
leading,1.5,1.191,0.12033453120458053,27.431233347282056,0.013715616673641028,0.7825106626501128,0.01562309901241769
leading,1.5,1.192,0.11984796268669198,27.42313148787466,0.01371156574393733,0.7822795468525358,0.015623716783584783
leading,1.5,1.193,0.1193633615917886,27.41503154806662,0.01370751577403331,0.7820484858139607,0.01562433223664166
leading,1.5,1.194,0.11888071996466364,27.406933529346723,0.013703466764673362,0.7818174795768574,0.015624945380304477
leading,1.5,1.195,0.11840002988227666,27.398837433194938,0.013699418716597469,0.7815865281834437,0.01562555622325674
leading,1.5,1.196,0.11792128345362415,27.390743261082495,0.013695371630541247,0.7813556316756882,0.01562616477414895
leading,1.5,1.197,0.11744447281960924,27.38265101447189,0.013691325507235945,0.7811247900953107,0.015626771041599045
leading,1.5,1.198,0.1169695901529134,27.374560694816942,0.013687280347408471,0.780894003483783,0.015627375034192512
leading,1.5,1.199,0.1164966276578672,27.366472303562812,0.013683236151781407,0.7806632718823302,0.01562797676048229
leading,1.5,1.2,0.11602557757032315,27.358385842146056,0.013679192921073028,0.780432595331932,0.015628576228989142
leading,1.5,1.201,0.11555643215752731,27.35030131199464,0.013675150655997321,0.7802019738733228,0.01562917344820156
leading,1.5,1.202,0.11508918371799359,27.342218714528006,0.013671109357264004,0.779971407546994,0.015629768426576044
leading,1.5,1.203,0.11462382458137584,27.33413805115706,0.01366706902557853,0.7797408963931935,0.015630361172537206
leading,1.5,1.204,0.11416034710834322,27.32605932328426,0.01366302966164213,0.7795104404519283,0.01563095169447785
leading,1.5,1.205,0.11369874369045385,27.317982532303617,0.01365899126615181,0.7792800397629641,0.015631540000759083
leading,1.5,1.206,0.11323900675003076,27.309907679600745,0.013654953839800373,0.7790496943658276,0.015632126099710382
leading,1.5,1.207,0.11278112874003661,27.301834766552876,0.013650917383276439,0.7788194042998058,0.015632709999629995
leading,1.5,1.208,0.11232510214395065,27.29376379452893,0.013646881897264465,0.778589169603949,0.015633291708784643
leading,1.5,1.209,0.11187091947564455,27.285694764889524,0.013642847382444761,0.7783589903170705,0.015633871235409994
leading,1.5,1.21,0.11141857327926025,27.277627678986995,0.013638813839493499,0.7781288664777474,0.015634448587710483
leading,1.5,1.211,0.1109680561290867,27.26956253816546,0.01363478126908273,0.7778987981243224,0.01563502377385976
leading,1.5,1.212,0.11051936062943916,27.26149934376085,0.013630749671880426,0.7776687852949046,0.015635596802000527
leading,1.5,1.213,0.11007247941453642,27.25343809710092,0.01362671904855046,0.7774388280273699,0.015636167680244794
leading,1.5,1.214,0.10962740514838099,27.245378799505303,0.013622689399752651,0.7772089263593626,0.015636736416673905
leading,1.5,1.215,0.10918413052463788,27.237321452285546,0.013618660726142774,0.7769790803282959,0.015637303019338796
leading,1.5,1.216,0.10874264826651538,27.22926605674512,0.01361463302837256,0.7767492899713534,0.015637867496259825
leading,1.5,1.217,0.10830295112664487,27.22121261417948,0.01361060630708974,0.7765195553254892,0.015638429855427682
leading,1.5,1.218,0.10786503188696259,27.21316112587608,0.01360658056293804,0.7762898764274299,0.015638990104801933
leading,1.5,1.219,0.10742888335859035,27.20511159311442,0.01360255579655721,0.7760602533136746,0.01563954825231304
leading,1.5,1.22,0.1069944983817184,27.197064017166074,0.013598532008583037,0.7758306860204967,0.015640104305860977
leading,1.5,1.221,0.1065618698254869,27.189018399294707,0.013594509199647354,0.7756011745839437,0.015640658273316156
leading,1.5,1.222,0.10613099058787008,27.18097474075614,0.01359048737037807,0.7753717190398398,0.01564121016251925
leading,1.5,1.223,0.10570185359555828,27.172933042798352,0.013586466521399176,0.7751423194237848,0.015641759981281374
leading,1.5,1.224,0.10527445180384305,27.164893306661536,0.013582446653330768,0.7749129757711569,0.015642307737384176
leading,1.5,1.225,0.10484877819650054,27.1568555335781,0.01357842776678905,0.7746836881171122,0.01564285343857975
leading,1.5,1.226,0.10442482578567715,27.148819724772746,0.013574409862386373,0.7744544564965868,0.015643397092591375
leading,1.5,1.227,0.10400258761177407,27.140785881462463,0.013570392940731231,0.774225280944297,0.01564393870711278
leading,1.5,1.228,0.10358205674333372,27.13275400485657,0.013566377002428284,0.7739961614947398,0.01564447828980888
leading,1.5,1.229,0.10316322627692533,27.124724096156744,0.013562362048078373,0.7737670981821949,0.015645015848315687
leading,1.5,1.23,0.10274608933703219,27.116696156557076,0.013558348078278538,0.7735380910407252,0.01564555139024031
leading,1.5,1.231,0.10233063907593815,27.10867018724407,0.013554335093622034,0.7733091401041771,0.01564608492316124
leading,1.5,1.232,0.10191686867361609,27.100646189396688,0.013550323094698344,0.773080245406182,0.015646616454628427
leading,1.5,1.233,0.10150477133761487,27.09262416418639,0.013546312082093195,0.7728514069801574,0.015647145992163214
leading,1.5,1.234,0.10109434030294884,27.08460411277714,0.01354230205638857,0.7726226248593068,0.015647673543258685
leading,1.5,1.235,0.10068556883198597,27.07658603632547,0.013538293018162735,0.7723938990766216,0.01564819911537968
leading,1.5,1.236,0.10027845021433793,27.068569935980502,0.013534284967990251,0.7721652296648822,0.015648722715962782
leading,1.5,1.237,0.0998729777667493,27.06055581288394,0.01353027790644197,0.7719366166566569,0.015649244352416616
leading,1.5,1.238,0.09946914483298855,27.052543668170166,0.013526271834085083,0.7717080600843056,0.01564976403212193
leading,1.5,1.239,0.09906694478373795,27.044533502966217,0.013522266751483108,0.7714795599799784,0.015650281762431495
leading,1.5,1.24,0.09866637101648566,27.036525318391842,0.013518262659195921,0.7712511163756175,0.015650797550670406
leading,1.5,1.241,0.09826741695541633,27.028519115559526,0.013514259557779762,0.7710227293029579,0.01565131140413616
leading,1.5,1.242,0.09787007605130432,27.020514895574514,0.013510257447787258,0.7707943987935283,0.015651823330098836
leading,1.5,1.243,0.09747434178140499,27.012512659534856,0.013506256329767428,0.7705661248786517,0.015652333335800843
leading,1.5,1.244,0.09708020764934862,27.00451240853142,0.01350225620426571,0.7703379075894468,0.015652841428457635
leading,1.5,1.245,0.09668766718503295,26.996514143647932,0.013498257071823967,0.770109746956828,0.015653347615257076
leading,1.5,1.246,0.09629671394451772,26.98851786596101,0.013494258932980506,0.7698816430115073,0.01565385190336028
leading,1.5,1.247,0.09590734150991818,26.980523576540172,0.013490261788270086,0.7696535957839941,0.015654354299901134
leading,1.5,1.248,0.09551954348930043,26.9725312764479,0.01348626563822395,0.7694256053045968,0.015654854811986686
leading,1.5,1.249,0.0951333135165758,26.964540966739623,0.013482270483369812,0.7691976716034232,0.015655353446697315
leading,1.5,1.25,0.09474864525139685,26.95655264846381,0.013478276324231904,0.7689697947103821,0.01565585021108656
leading,1.5,1.2510000000000001,0.09436553237905315,26.94856632266192,0.01347428316133096,0.7687419746551822,0.0156563451121813
leading,1.5,1.252,0.0939839686103676,26.94058199036851,0.013470290995184256,0.7685142114673359,0.015656838156982218
leading,1.5,1.2530000000000001,0.09360394768159293,26.932599652611202,0.013466299826305601,0.7682865051761572,0.015657329352463337
leading,1.5,1.254,0.09322546335430945,26.924619310410755,0.013462309655205378,0.7680588558107645,0.01565781870557258
leading,1.5,1.2550000000000001,0.09284850941532197,26.91664096478106,0.01345832048239053,0.7678312634000805,0.015658306223231583
leading,1.5,1.256,0.09247307967655846,26.90866461672919,0.013454332308364595,0.767603727972833,0.0156587919123358
leading,1.5,1.2570000000000001,0.09209916797496787,26.90069026725542,0.01345034513362771,0.7673762495575565,0.015659275779754848
leading,1.5,1.258,0.09172676817241948,26.89271791735327,0.013446358958676635,0.7671488281825919,0.015659757832332446
leading,1.5,1.2590000000000001,0.09135587415560163,26.8847475680095,0.01344237378400475,0.7669214638760883,0.015660238076886483
leading,1.5,1.26,0.09098647983592184,26.87677922020418,0.01343838961010209,0.766694156666003,0.015660716520209044
leading,1.5,1.2610000000000001,0.09061857914940656,26.868812874910674,0.013434406437455337,0.7664669065801026,0.015661193169066844
leading,1.5,1.262,0.09025216605660179,26.860848533095716,0.013430424266547858,0.7662397136459647,0.015661668030200974
leading,1.5,1.2630000000000001,0.08988723454247362,26.85288619571939,0.013426443097859694,0.7660125778909764,0.015662141110326995
leading,1.5,1.264,0.08952377861631003,26.844925863735195,0.013422462931867598,0.7657854993423379,0.015662612416135376
leading,1.5,1.2650000000000001,0.08916179231162195,26.83696753809005,0.013418483769045026,0.7655584780270609,0.01566308195429135
leading,1.5,1.266,0.08880126968604586,26.82901121972433,0.013414505609862164,0.7653315139719711,0.01566354973143487
leading,1.5,1.2670000000000001,0.08844220482124573,26.821056909571894,0.013410528454785946,0.7651046072037078,0.01566401575418093
leading,1.5,1.268,0.08808459182281639,26.813104608560106,0.013406552304280053,0.7648777577487254,0.01566448002911981
leading,1.5,1.2690000000000001,0.08772842482018621,26.805154317609876,0.013402577158804939,0.7646509656332938,0.01566494256281654
leading,1.5,1.27,0.0873736979665212,26.797206037635668,0.013398603018817835,0.7644242308834995,0.015665403361811922
leading,1.5,1.2710000000000001,0.08702040543862881,26.78925976954554,0.01339462988477277,0.7641975535252459,0.015665862432621677
leading,1.5,1.272,0.08666854143686244,26.781315514241168,0.013390657757120583,0.7639709335842544,0.015666319781737208
leading,1.5,1.2730000000000001,0.0863181001850259,26.77337327261786,0.013386686636308931,0.7637443710860647,0.015666775415625403
leading,1.5,1.274,0.0859690759302792,26.765433045564617,0.013382716522782308,0.7635178660560369,0.015667229340728825
leading,1.5,1.2750000000000001,0.0856214629430434,26.757494833964113,0.013378747416982056,0.7632914185193503,0.015667681563465628
leading,1.5,1.276,0.08527525551690726,26.749558638692758,0.013374779319346379,0.7630650285010057,0.01566813209022991
leading,1.5,1.2770000000000001,0.08493044796853293,26.741624460620706,0.013370812230310353,0.7628386960258251,0.01566858092739173
leading,1.5,1.278,0.08458703463756316,26.733692300611892,0.013366846150305946,0.7626124211184535,0.015669028081297012
leading,1.5,1.2790000000000001,0.08424500988652794,26.725762159524045,0.013362881079762023,0.7623862038033588,0.01566947355826791
leading,1.5,1.28,0.08390436810075239,26.71783403820873,0.013358917019104365,0.7621600441048327,0.01566991736460254
leading,1.5,1.281,0.08356510368826432,26.709907937511353,0.013354953968755677,0.7619339420469918,0.015670359506575623
leading,1.5,1.282,0.08322721107970232,26.701983858271195,0.013350991929135598,0.7617078976537774,0.015670799990437925
leading,1.5,1.283,0.08289068472822478,26.694061801321464,0.013347030900660733,0.761481910948958,0.015671238822416927
leading,1.5,1.284,0.08255551910941823,26.68614176748927,0.013343070883744637,0.7612559819561279,0.01567167600871643
leading,1.5,1.285,0.0822217087212073,26.678223757595703,0.013339111878797851,0.7610301106987095,0.015672111555516937
leading,1.5,1.286,0.0818892480837638,26.67030777245582,0.013335153886227911,0.7608042971999537,0.01567254546897585
leading,1.5,1.287,0.08155813173941726,26.662393812878673,0.013331196906439337,0.7605785414829395,0.015672977755227076
leading,1.5,1.288,0.08122835425256487,26.654481879667358,0.013327240939833679,0.7603528435705763,0.015673408420381698
leading,1.5,1.289,0.08089991020958279,26.646571973619032,0.013323285986809517,0.7601272034856039,0.01567383747052769
leading,1.5,1.29,0.08057279421873657,26.63866409552491,0.013319332047762455,0.7599016212505929,0.015674264911729907
leading,1.5,1.291,0.0802470009100936,26.630758246170338,0.01331537912308517,0.7596760968879462,0.015674690750030664
leading,1.5,1.292,0.0799225249354339,26.622854426334765,0.013311427213167382,0.7594506304198987,0.015675114991449256
leading,1.5,1.293,0.07959936096816317,26.61495263679182,0.01330747631839591,0.7592252218685189,0.0156755376419827
leading,1.5,1.294,0.07927750370322474,26.607052878309283,0.013303526439154641,0.7589998712557088,0.015675958707604822
leading,1.5,1.295,0.07895694785701304,26.599155151649164,0.013299577575824582,0.7587745786032057,0.015676378194267544
leading,1.5,1.296,0.07863768816728628,26.59125945756768,0.01329562972878384,0.7585493439325818,0.01567679610789996
leading,1.5,1.297,0.07831971939308066,26.583365796815304,0.013291682898407653,0.7583241672652451,0.01567721245440917
leading,1.5,1.298,0.07800303631462374,26.57547417013679,0.013287737085068396,0.7580990486224407,0.01567762723967973
leading,1.5,1.299,0.07768763373324933,26.567584578271184,0.013283792289135593,0.7578739880252507,0.015678040469574203
leading,1.5,1.3,0.07737350647131153,26.559697021951862,0.013279848510975932,0.7576489854945959,0.01567845214993307
leading,1.5,1.301,0.07706064937210055,26.551811501906545,0.013275905750953273,0.7574240410512353,0.01567886228657472
leading,1.5,1.302,0.07674905729975712,26.543928018857322,0.013271964009428662,0.7571991547157673,0.015679270885295943
leading,1.5,1.303,0.07643872513918892,26.536046573520665,0.013268023286760333,0.7569743265086302,0.01567967795187115
leading,1.5,1.304,0.07612964779598615,26.528167166607485,0.013264083583303743,0.7567495564501037,0.015680083492053517
leading,1.5,1.305,0.07582182019633825,26.520289798823118,0.013260144899411559,0.7565248445603083,0.01568048751157432
leading,1.5,1.306,0.07551523728695023,26.512414470867377,0.013256207235433689,0.7563001908592073,0.015680890016143405
leading,1.5,1.307,0.07520989403496017,26.504541183434547,0.013252270591717274,0.7560755953666058,0.015681291011448915
leading,1.5,1.308,0.07490578542785611,26.496669937213433,0.013248334968606716,0.755851058102153,0.01568169050315774
leading,1.5,1.309,0.0746029064733942,26.488800732887373,0.013244400366443688,0.7556265790853418,0.01568208849691525
leading,1.5,1.31,0.07430125219951644,26.480933571134262,0.013240466785567132,0.7554021583355103,0.015682484998345948
leading,1.5,1.311,0.07400081765426933,26.473068452626567,0.013236534226313284,0.7551777958718412,0.015682880013052722
leading,1.5,1.312,0.07370159790572214,26.46520537803137,0.013232602689015686,0.7549534917133639,0.015683273546617676
leading,1.5,1.313,0.07340358804188656,26.457344348010356,0.013228672174005179,0.754729245878954,0.01568366560460168
leading,1.5,1.314,0.0731067831706354,26.449485363219885,0.013224742681609943,0.7545050583873347,0.01568405619254482
leading,1.5,1.315,0.07281117841962298,26.441628424310956,0.013220814212155478,0.7542809292570768,0.015684445315966227
leading,1.5,1.316,0.07251676893620443,26.43377353192929,0.013216886765964645,0.7540568585066003,0.015684832980364525
leading,1.5,1.317,0.07222354988735669,26.425920686715298,0.013212960343357649,0.7538328461541736,0.015685219191217105
leading,1.5,1.318,0.07193151645959857,26.41806988930414,0.01320903494465207,0.7536088922179155,0.015685603953981324
leading,1.5,1.319,0.07164066385891224,26.41022114032573,0.013205110570162866,0.7533849967157953,0.015685987274093576
leading,1.5,1.32,0.07135098731066425,26.402374440404763,0.013201187220202382,0.7531611596656328,0.01568636915697013
leading,1.5,1.321,0.0710624820595273,26.39452979016075,0.013197264895080375,0.7529373810851007,0.015686749608006485
leading,1.5,1.322,0.07077514336940184,26.386687190207986,0.013193343595103994,0.7527136609917223,0.0156871286325782
leading,1.5,1.323,0.07048896652333889,26.378846641155658,0.013189423320577829,0.7524899994028756,0.015687506236040333
leading,1.5,1.324,0.07020394682346198,26.3710081436078,0.0131855040718039,0.7522663963357914,0.015687882423728015
leading,1.5,1.325,0.06992007959089068,26.363171698163328,0.013181585849081663,0.7520428518075545,0.01568825720095606
leading,1.5,1.326,0.0696373601656631,26.35533730541608,0.01317766865270804,0.7518193658351048,0.015688630573019443
leading,1.5,1.327,0.06935578390666008,26.34750496595482,0.01317375248297741,0.7515959384352376,0.015689002545193106
leading,1.5,1.328,0.06907534619152833,26.339674680363267,0.013169837340181633,0.7513725696246044,0.015689373122732428
leading,1.5,1.329,0.06879604241660517,26.331846449220123,0.013165923224610061,0.7511492594197132,0.015689742310872577
leading,1.5,1.33,0.06851786799684251,26.324020273099062,0.013162010136549532,0.7509260078369289,0.01569011011482925
leading,1.5,1.331,0.06824081836573188,26.31619615256881,0.013158098076284406,0.750702814892475,0.015690476539798576
leading,1.5,1.332,0.06796488897522913,26.308374088193087,0.013154187044096544,0.7504796806024324,0.015690841590956933
leading,1.5,1.333,0.06769007529568018,26.30055408053071,0.013150277040265355,0.7502566049827419,0.01569120527346143
leading,1.5,1.334,0.06741637281574622,26.29273613013555,0.013146368065067776,0.7500335880492038,0.015691567592449687
leading,1.5,1.335,0.06714377704233015,26.284920237556598,0.0131424601187783,0.7498106298174784,0.015691928553039962
leading,1.5,1.336,0.06687228350050232,26.277106403337942,0.013138553201668972,0.7495877303030866,0.015692288160331132
leading,1.5,1.337,0.06660188773342747,26.26929462801883,0.013134647314009415,0.749364889521411,0.015692646419403253
leading,1.5,1.338,0.06633258530229125,26.261484912133664,0.013130742456066833,0.7491421074876963,0.015693003335317014
leading,1.5,1.339,0.0660643717862276,26.253677256212022,0.013126838628106012,0.7489193842170493,0.01569335891311391
leading,1.5,1.34,0.06579724278224608,26.2458716607787,0.01312293583038935,0.7486967197244404,0.01569371315781689
leading,1.5,1.341,0.06553119390515963,26.238068126353703,0.01311903406317685,0.7484741140247035,0.015694066074429452
leading,1.5,1.342,0.06526622078751235,26.23026665345228,0.01311513332672614,0.7482515671325367,0.015694417667937006
leading,1.5,1.343,0.06500231907950828,26.222467242584948,0.013111233621292474,0.7480290790625032,0.015694767943305415
leading,1.5,1.344,0.0647394844489394,26.214669894257497,0.013107334947128749,0.7478066498290312,0.015695116905482365
leading,1.5,1.345,0.06447771258111513,26.206874608971027,0.013103437304485514,0.7475842794464153,0.015695464559396823
leading,1.5,1.346,0.06421699917879091,26.199081387221955,0.013099540693610977,0.7473619679288163,0.01569581090995904
leading,1.5,1.347,0.06395733996209818,26.191290229502048,0.013095645114751024,0.7471397152902626,0.015696155962061187
leading,1.5,1.348,0.06369873066847363,26.183501136298425,0.013091750568149213,0.7469175215446499,0.01569649972057644
leading,1.5,1.349,0.06344116705258984,26.17571410809359,0.013087857054046796,0.746695386705742,0.01569684219036027
leading,1.5,1.35,0.06318464488628481,26.167929145365445,0.013083964572682722,0.7464733107871719,0.015697183376249434
leading,1.5,1.351,0.06292915995849331,26.160146248587314,0.013080073124293656,0.7462512938024418,0.015697523283062703
leading,1.5,1.352,0.06267470807517714,26.152365418227966,0.013076182709113983,0.7460293357649238,0.01569786191560069
leading,1.5,1.353,0.06242128505925676,26.14458665475161,0.013072293327375806,0.7458074366878601,0.015698199278645845
leading,1.5,1.354,0.06216888675054232,26.136809958617953,0.013068404979308976,0.7455855965843643,0.015698535376962825
leading,1.5,1.355,0.06191750900566577,26.129035330282186,0.013064517665141093,0.7453638154674215,0.01569887021529813
leading,1.5,1.356,0.061667147698012376,26.121262770195017,0.013060631385097509,0.7451420933498886,0.015699203798380554
leading,1.5,1.357,0.06141779871765347,26.113492278802696,0.013056746139401347,0.7449204302444955,0.015699536130921104
leading,1.5,1.358,0.06116945797127846,26.105723856547016,0.013052861928273507,0.7446988261638449,0.01569986721761319
leading,1.5,1.359,0.06092212138212831,26.097957503865352,0.013048978751932677,0.7444772811204133,0.015700197063132235
leading,1.5,1.36,0.0606757848899278,26.09019322119066,0.01304509661059533,0.7442557951265516,0.015700525672136253
leading,1.5,1.361,0.060430444450819625,26.08243100895151,0.013041215504475755,0.7440343681944851,0.015700853049265835
leading,1.5,1.362,0.06018609603729739,26.074670867572102,0.013037335433786051,0.7438130003363148,0.01570117919914397
leading,1.5,1.363,0.059942735638140045,26.06691279747228,0.01303345639873614,0.7435916915640172,0.015701504126376335
leading,1.5,1.364,0.05970035925834555,26.05915679906755,0.013029578399533776,0.743370441889445,0.015701827835551258
leading,1.5,1.365,0.059458962919065717,26.05140287276911,0.013025701436384556,0.7431492513243283,0.015702150331239957
leading,1.5,1.366,0.05921854265754049,26.04365101898385,0.013021825509491927,0.7429281198802742,0.01570247161799612
leading,1.5,1.367,0.058979094527033336,26.035901238114388,0.013017950619057195,0.7427070475687677,0.015702791700356683
leading,1.5,1.368,0.058740614596765904,26.028153530559063,0.013014076765279532,0.7424860344011721,0.015703110582841157
leading,1.5,1.369,0.05850309895185419,26.020407896711994,0.013010203948355998,0.7422650803887301,0.01570342826995248
leading,1.5,1.37,0.05826654369324355,26.012664336963056,0.013006332168481528,0.7420441855425634,0.015703744766176267
leading,1.5,1.371,0.058030944937645254,26.004922851697913,0.013002461425848957,0.7418233498736734,0.015704060075981456
leading,1.5,1.372,0.057796298817472336,25.99718344129806,0.01299859172064903,0.7416025733929429,0.01570437420382023
leading,1.5,1.373,0.057562601480776486,25.989446106140793,0.012994723053070397,0.7413818561111347,0.015704687154127817
leading,1.5,1.374,0.05732984909118439,25.98171084659927,0.012990855423299636,0.7411611980388936,0.015704998931322958
leading,1.5,1.375,0.057098037827835214,25.973977663042504,0.012986988831521253,0.7409405991867462,0.015705309539807723
leading,1.5,1.3760000000000001,0.05686716388531741,25.96624655583539,0.012983123277917695,0.7407200595651013,0.01570561898396771
leading,1.5,1.377,0.05663722347360669,25.95851752533872,0.01297925876266936,0.7404995791842515,0.015705927268171736
leading,1.5,1.3780000000000001,0.05640821281800335,25.950790571909195,0.012975395285954597,0.7402791580543716,0.015706234396772607
leading,1.5,1.379,0.05618012815907092,25.94306569589946,0.01297153284794973,0.7400587961855216,0.015706540374106372
leading,1.5,1.3800000000000001,0.0559529657525737,25.935342897658103,0.012967671448829052,0.7398384935876453,0.015706845204493145
leading,1.5,1.381,0.05572672186941595,25.92762217752967,0.012963811088764836,0.7396182502705714,0.015707148892236466
leading,1.5,1.3820000000000001,0.05550139279558019,25.919903535854708,0.012959951767927354,0.7393980662440142,0.015707451441623766
leading,1.5,1.383,0.05527697483206664,25.912186972969746,0.012956093486484873,0.7391779415175738,0.015707752856926646
leading,1.5,1.3840000000000001,0.05505346429483211,25.904472489207347,0.012952236244603673,0.7389578761007369,0.015708053142400213
leading,1.5,1.385,0.05483085751472991,25.896760084896087,0.012948380042448044,0.7387378700028767,0.01570835230228385
leading,1.5,1.3860000000000001,0.05460915083744919,25.88904976036062,0.012944524880180311,0.7385179232332543,0.015708650340801003
leading,1.5,1.387,0.05438834062345542,25.881341515921648,0.012940670757960824,0.7382980358010178,0.015708947262159108
leading,1.5,1.3880000000000001,0.05416842324793013,25.87363535189597,0.012936817675947985,0.7380782077152048,0.01570924307054995
leading,1.5,1.389,0.053949395100712026,25.865931268596466,0.012932965634298233,0.7378584389847404,0.015709537770149398
leading,1.5,1.3900000000000001,0.05373125258623703,25.85822926633216,0.01292911463316608,0.7376387296184398,0.015709831365117576
leading,1.5,1.391,0.053513992123479855,25.850529345408194,0.012925264672704098,0.7374190796250076,0.01571012385959915
leading,1.5,1.3920000000000001,0.053297610145894785,25.84283150612587,0.012921415753062935,0.7371994890130389,0.015710415257723143
leading,1.5,1.393,0.053082103101357456,25.835135748782644,0.012917567874391323,0.7369799577910191,0.01571070556360303
leading,1.5,1.3940000000000001,0.05286746745210626,25.82744207367216,0.01291372103683608,0.7367604859673245,0.01571099478133691
leading,1.5,1.395,0.05265369967468455,25.819750481084277,0.01290987524054214,0.7365410735502238,0.01571128291500725
leading,1.5,1.3960000000000001,0.05244079625988249,25.812060971305044,0.012906030485652522,0.736321720547877,0.015711569968681328
leading,1.5,1.397,0.05222875371267981,25.804373544616762,0.012902186772308382,0.736102426968337,0.015711855946411345
leading,1.5,1.3980000000000001,0.05201756855218797,25.796688201297968,0.012898344100648985,0.7358831928195495,0.01571214085223376
leading,1.5,1.399,0.051807237311593625,25.789004941623467,0.012894502470811734,0.7356640181093537,0.015712424690170316
leading,1.5,1.4000000000000001,0.05159775653810105,25.781323765864354,0.012890661882932176,0.7354449028454827,0.0157127074642274
leading,1.5,1.401,0.051389122792876,25.773644674287997,0.012886822337144,0.7352258470355637,0.015712989178396395
leading,1.5,1.4020000000000001,0.051181332650988856,25.765967667158087,0.012882983833579043,0.7350068506871188,0.0157132698366538
leading,1.5,1.403,0.05097438270135879,25.75829274473465,0.012879146372367326,0.7347879138075655,0.015713549442961012
leading,1.5,1.4040000000000001,0.05076826954669733,25.750619907274043,0.012875309953637021,0.7345690364042168,0.015713828001264453
leading,1.5,1.405,0.05056298980345306,25.742949155028978,0.012871474577514488,0.7343502184842815,0.015714105515496096
leading,1.5,1.4060000000000001,0.050358540101755604,25.73528048824856,0.01286764024412428,0.7341314600548657,0.015714381989572656
leading,1.5,1.407,0.05015491708536071,25.72761390717826,0.01286380695358913,0.7339127611229719,0.015714657427396497
leading,1.5,1.408,0.04995211741159498,25.71994941205996,0.01285997470602998,0.7336941216955,0.01571493183285519
leading,1.5,1.409,0.049750137751300855,25.712287003131976,0.012856143501565989,0.7334755417792481,0.01571520520982158
leading,1.5,1.41,0.049548974788782285,25.704626680629044,0.012852313340314522,0.7332570213809126,0.01571547756215409
leading,1.5,1.411,0.04934862522174997,25.696968444782357,0.012848484222391179,0.7330385605070885,0.0157157488936967
leading,1.5,1.412,0.049149085761267454,25.68931229581957,0.012844656147909785,0.7328201591642698,0.015716019208278698
leading,1.5,1.413,0.048950353131696815,25.68165823396481,0.012840829116982406,0.7326018173588502,0.015716288509715286
leading,1.5,1.414,0.048752424070645235,25.67400625943872,0.01283700312971936,0.7323835350971236,0.01571655680180706
leading,1.5,1.415,0.048555295328911084,25.666356372458438,0.012833178186229218,0.7321653123852844,0.01571682408834056
leading,1.5,1.416,0.04835896367043096,25.658708573237625,0.012829354286618813,0.7319471492294274,0.01571709037308789
leading,1.5,1.417,0.04816342587222614,25.651062861986503,0.012825531430993253,0.7317290456355494,0.01571735565980709
leading,1.5,1.418,0.04796867872435022,25.643419238911818,0.012821709619455909,0.7315110016095483,0.015717619952242048
leading,1.5,1.419,0.04777471902983578,25.635777704216903,0.012817888852108451,0.7312930171572242,0.015717883254122787
leading,1.5,1.42,0.04758154360464246,25.628138258101686,0.012814069129050844,0.7310750922842804,0.015718145569164794
leading,1.5,1.421,0.047389149277604285,25.62050090076267,0.012810250450381335,0.7308572269963224,0.015718406901070153
leading,1.5,1.422,0.04719753289037794,25.612865632392992,0.012806432816196497,0.7306394212988596,0.0157186672535268
leading,1.5,1.423,0.0470066912973906,25.605232453182396,0.012802616226591198,0.7304216751973047,0.015718926630208695
leading,1.5,1.424,0.046816621365788624,25.597601363317292,0.012798800681658647,0.7302039886969756,0.01571918503477621
leading,1.5,1.425,0.04662731997538578,25.589972362980724,0.012794986181490362,0.7299863618030934,0.015719442470875842
leading,1.5,1.426,0.04643878401861239,25.582345452352428,0.012791172726176215,0.7297687945207855,0.015719698942140498
leading,1.5,1.427,0.04625101040046389,25.5747206316088,0.0127873603158044,0.7295512868550837,0.015719954452189207
leading,1.5,1.428,0.046063996038450586,25.567097900922956,0.012783548950461479,0.7293338388109267,0.015720209004627502
leading,1.5,1.429,0.045877737862546376,25.559477260464718,0.01277973863023236,0.7291164503931586,0.0157204626030476
leading,1.5,1.43,0.045692232815138976,25.551858710400644,0.012775929355200322,0.7288991216065307,0.015720715251028024
leading,1.5,1.431,0.04550747785097924,25.544242250894015,0.012772121125447008,0.7286818524557008,0.01572096695213363
leading,1.5,1.432,0.04532346993713158,25.53662788210489,0.012768313941052446,0.7284646429452349,0.015721217709916305
leading,1.5,1.433,0.04514020605292378,25.529015604190068,0.012764507802095034,0.7282474930796058,0.015721467527914278
leading,1.5,1.434,0.0449576831898978,25.521405417303168,0.012760702708651584,0.7280304028631955,0.01572171640965272
leading,1.5,1.435,0.04477589835176001,25.513797321594577,0.01275689866079729,0.7278133723002944,0.01572196435864332
leading,1.5,1.436,0.04459484855433237,25.506191317211492,0.012753095658605747,0.7275964013951011,0.015722211378384723
leading,1.5,1.437,0.04441453082550306,25.498587404297965,0.012749293702148983,0.727379490151725,0.015722457472362446
leading,1.5,1.438,0.04423494220517815,25.490985582994846,0.012745492791497424,0.7271626385741841,0.015722702644048694
leading,1.5,1.439,0.04405607974523249,25.48338585343987,0.012741692926719936,0.7269458466664074,0.015722946896903102
leading,1.5,1.44,0.04387794050946177,25.475788215767615,0.012737894107883807,0.7267291144322339,0.015723190234371624
leading,1.5,1.441,0.04370052157353395,25.46819267010955,0.012734096335054774,0.7265124418754139,0.015723432659888015
leading,1.5,1.442,0.04352382002494158,25.460599216594026,0.012730299608297014,0.7262958289996088,0.015723674176872433
leading,1.5,1.443,0.04334783296295369,25.453007855346307,0.012726503927673154,0.7260792758083918,0.01572391478873266
leading,1.5,1.444,0.04317255749856848,25.44541858648858,0.01272270929324429,0.7258627823052487,0.01572415449886363
leading,1.5,1.445,0.04299799075446555,25.437831410139946,0.012718915705069974,0.7256463484935769,0.015724393310647147
leading,1.5,1.446,0.04282412986495901,25.430246326416462,0.012715123163208232,0.7254299743766869,0.015724631227452813
leading,1.5,1.447,0.04265097197595008,25.422663335431146,0.012711331667715573,0.7252136599578028,0.0157248682526373
leading,1.5,1.448,0.04247851424488071,25.415082437293982,0.012707541218646992,0.7249974052400622,0.015725104389544525
leading,1.5,1.449,0.042306753840686336,25.407503632111936,0.012703751816055969,0.7247812102265162,0.015725339641506294
leading,1.5,1.45,0.042135687943749923,25.399926919988992,0.012699963459994497,0.7245650749201312,0.015725574011841575
leading,1.5,1.451,0.04196531374585532,25.3923523010261,0.01269617615051305,0.7243489993237868,0.01572580750385685
leading,1.5,1.452,0.041795628450141405,25.384779775321277,0.01269238988766064,0.7241329834402793,0.015726040120846323
leading,1.5,1.453,0.04162662927105597,25.377209342969557,0.012688604671484778,0.7239170272723194,0.015726271866091626
leading,1.5,1.454,0.041458313434310196,25.369641004063016,0.012684820502031508,0.7237011308225338,0.015726502742862376
leading,1.5,1.455,0.041290678176832886,25.362074758690802,0.012681037379345401,0.7234852940934656,0.015726732754415634
leading,1.5,1.456,0.04112372074672534,25.354510606939133,0.012677255303469567,0.7232695170875741,0.015726961903996254
leading,1.5,1.457,0.04095743840321599,25.34694854889132,0.01267347427444566,0.7230537998072362,0.01572719019483718
leading,1.5,1.458,0.04079182841661556,25.339388584627756,0.012669694292313878,0.7228381422547449,0.01572741763015888
leading,1.5,1.459,0.04062688806827205,25.331830714225962,0.012665915357112981,0.7226225444323117,0.015727644213169724
leading,1.5,1.46,0.04046261465052639,25.324274937760578,0.01266213746888029,0.7224070063420658,0.015727869947066434
leading,1.5,1.461,0.040299005466667676,25.316721255303374,0.012658360627651688,0.7221915279860545,0.01572809483503327
leading,1.5,1.462,0.04013605783088923,25.309169666923275,0.012654584833461638,0.7219761093662439,0.015728318880242658
leading,1.5,1.463,0.039973769068244173,25.301620172686373,0.012650810086343186,0.7217607504845195,0.015728542085855307
leading,1.5,1.464,0.03981213651460183,25.29407277265591,0.012647036386327954,0.7215454513426853,0.015728764455019723
leading,1.5,1.465,0.039651157516603724,25.286527466892352,0.012643263733446175,0.7213302119424662,0.015728985990873055
leading,1.5,1.466,0.03949082943162021,25.278984255453313,0.012639492127726656,0.7211150322855057,0.015729206696540068
leading,1.5,1.467,0.03933114962770703,25.271443138393664,0.012635721569196833,0.720899912373369,0.015729426575134365
leading,1.5,1.468,0.0391721154835621,25.263904115765467,0.012631952057882733,0.7206848522075413,0.01572964562975744
leading,1.5,1.469,0.0390137243884824,25.25636718761803,0.012628183593809015,0.7204698517894291,0.015729863863499435
leading,1.5,1.47,0.03885597374232133,25.248832353997905,0.012624416176998953,0.7202549111203606,0.01573008127943857
leading,1.5,1.471,0.03869886095544576,25.241299614948897,0.012620649807474448,0.720040030201585,0.0157302978806419
leading,1.5,1.472,0.038542383448693776,25.233768970512088,0.012616884485256044,0.7198252090342745,0.01573051367016447
leading,1.5,1.473,0.03838653865333208,25.226240420725837,0.012613120210362918,0.7196104476195233,0.015730728651050435
leading,1.5,1.474,0.03823132401101412,25.218713965625792,0.012609356982812896,0.7193957459583482,0.01573094282633203
leading,1.5,1.475,0.03807673697373776,25.211189605244915,0.012605594802622458,0.7191811040516896,0.015731156199030226
leading,1.5,1.476,0.03792277500380374,25.20366733961347,0.012601833669806736,0.7189665219004108,0.015731368772154926
leading,1.5,1.477,0.03776943557377388,25.196147168759065,0.012598073584379532,0.7187519995052992,0.01573158054870439
leading,1.5,1.478,0.037616716166429615,25.188629092706645,0.012594314546353323,0.7185375368670666,0.015731791531665613
leading,1.5,1.479,0.03746461427473057,25.18111311147849,0.012590556555739244,0.7183231339863484,0.015732001724014705
leading,1.5,1.48,0.037313127401773664,25.17359922509426,0.01258679961254713,0.7181087908637056,0.015732211128716225
leading,1.5,1.481,0.03716225306075179,25.166087433570983,0.012583043716785492,0.7178945074996237,0.01573241974872394
leading,1.5,1.482,0.03701198877491331,25.158577736923075,0.012579288868461538,0.7176802838945142,0.015732627586980356
leading,1.5,1.483,0.036862332077521105,25.151070135162335,0.012575535067581169,0.7174661200487135,0.015732834646416616
leading,1.5,1.484,0.03671328051181236,25.14356462829799,0.012571782314148995,0.7172520159624849,0.015733040929953628
leading,1.5,1.485,0.03656483163095796,25.13606121633667,0.012568030608168336,0.7170379716360175,0.015733246440500476
leading,1.5,1.486,0.03641698299802256,25.128559899282457,0.01256427994964123,0.7168239870694277,0.015733451180955916
leading,1.5,1.487,0.03626973218592445,25.12106067713684,0.01256053033856842,0.716610062262758,0.015733655154207618
leading,1.5,1.488,0.03612307677739576,25.113563549898792,0.012556781774949396,0.7163961972159792,0.01573385836313237
leading,1.5,1.489,0.03597701436494268,25.10606851756473,0.012553034258782365,0.716182391928989,0.01573406081059616
leading,1.5,1.49,0.03583154255080614,25.09857558012856,0.01254928779006428,0.7159686464016136,0.015734262499454275
leading,1.5,1.491,0.03568665894692218,25.09108473758167,0.012545542368790836,0.7157549606336073,0.015734463432551377
leading,1.5,1.492,0.035542361174883054,25.083595989912933,0.012541797994956467,0.7155413346246526,0.015734663612721255
leading,1.5,1.493,0.03539864686589787,25.076109337108747,0.012538054668554373,0.7153277683743617,0.015734863042787078
leading,1.5,1.494,0.03525551366075401,25.068624779153016,0.012534312389576509,0.7151142618822753,0.01573506172556149
leading,1.5,1.495,0.0351129592097781,25.061142316027176,0.012530571158013589,0.7149008151478639,0.01573525966384654
leading,1.5,1.496,0.034970981172797705,25.053661947710204,0.012526830973855102,0.7146874281705277,0.015735456860433844
leading,1.5,1.497,0.03482957721910275,25.046183674178625,0.012523091837089313,0.7144741009495971,0.015735653318104493
leading,1.5,1.498,0.034688745027407354,25.038707495406534,0.012519353747703268,0.714260833484333,0.015735849039628883
leading,1.5,1.499,0.03454848228581156,25.031233411365584,0.012515616705682792,0.7140476257739271,0.015736044027767446
leading,1.5,1.5,0.034408786691763636,25.02376142202503,0.012511880711012514,0.713834477817502,0.01573623828527001
leading,1.5,1.5010000000000001,0.03426965595202201,25.016291527351687,0.012508145763675843,0.7136213896141113,0.01573643181487615
leading,1.5,1.502,0.0341310877826179,25.008823727310013,0.012504411863655007,0.713408361162741,0.01573662461931485
leading,1.5,1.5030000000000001,0.033993079908817496,25.00135802186206,0.012500679010931031,0.7131953924623086,0.015736816701305487
leading,1.5,1.504,0.03385563006508497,24.993894410967496,0.012496947205483748,0.7129824835116636,0.015737008063556466
leading,1.5,1.5050000000000001,0.033718735995044935,24.986432894583633,0.012493216447291816,0.7127696343095883,0.0157371987087667
leading,1.5,1.506,0.0335823954514458,24.978973472665437,0.01248948673633272,0.712556844854798,0.015737388639624664
leading,1.5,1.5070000000000001,0.03344660619612242,24.97151614516552,0.01248575807258276,0.7123441151459409,0.015737577858808523
leading,1.5,1.508,0.0333113659999598,24.964060912034157,0.012482030456017078,0.7121314451815984,0.015737766368986834
leading,1.5,1.5090000000000001,0.033176672642856106,24.956607773219297,0.012478303886609648,0.711918834960286,0.015737954172817925
leading,1.5,1.51,0.03304252391368659,24.949156728666583,0.012474578364333293,0.7117062844804528,0.015738141272949983
leading,1.5,1.5110000000000001,0.03290891761026695,24.94170777831936,0.012470853889159679,0.7114937937404828,0.015738327672021508
leading,1.5,1.512,0.03277585153931748,24.934260922118654,0.012467130461059328,0.7112813627386937,0.01573851337266104
leading,1.5,1.5130000000000001,0.03264332351642679,24.92681616000323,0.012463408080001615,0.7110689914733387,0.015738698377487075
leading,1.5,1.514,0.03251133136601623,24.91937349190958,0.01245968674595479,0.710856679942606,0.01573888268910861
leading,1.5,1.5150000000000001,0.03237987292130383,24.911932917771914,0.012455966458885958,0.7106444281446189,0.01573906631012449
leading,1.5,1.516,0.032248946024269184,24.9044944375222,0.012452247218761101,0.7104322360774369,0.015739249243123993
leading,1.5,1.5170000000000001,0.03211854852561753,24.89705805109016,0.01244852902554508,0.710220103739055,0.015739431490686698
leading,1.5,1.518,0.03198867828474487,24.889623758403285,0.012444811879201642,0.7100080311274048,0.015739613055382514
leading,1.5,1.5190000000000001,0.03185933316970254,24.882191559386833,0.012441095779693417,0.7097960182403544,0.015739793939771478
leading,1.5,1.52,0.031730511057162444,24.874761453963856,0.01243738072698193,0.7095840650757087,0.015739974146404236
leading,1.5,1.5210000000000001,0.031602209832381996,24.86733344205519,0.012433666721027596,0.7093721716312092,0.01574015367782193
leading,1.5,1.522,0.031474427389169585,24.859907523579494,0.012429953761789748,0.7091603379045358,0.015740332536555844
leading,1.5,1.5230000000000001,0.031347161629849817,24.852483698453224,0.012426241849226612,0.7089485638933052,0.01574051072512823
leading,1.5,1.524,0.031220410465229297,24.845061966590666,0.012422530983295333,0.7087368495950724,0.015740688246051297
leading,1.5,1.5250000000000001,0.031094171814562054,24.837642327903932,0.012418821163951967,0.7085251950073301,0.015740865101828302
leading,1.5,1.526,0.030968443605515733,24.830224782303,0.012415112391151499,0.7083136001275104,0.015741041294952837
leading,1.5,1.5270000000000001,0.03084322377413722,24.82280932969567,0.012411404664847836,0.7081020649529833,0.015741216827909278
leading,1.5,1.528,0.030718510264819022,24.81539596998762,0.01240769798499381,0.707890589481058,0.015741391703172687
leading,1.5,1.5290000000000001,0.030594301030265343,24.807984703082404,0.012403992351541201,0.7076791737089833,0.01574156592320864
leading,1.5,1.53,0.030470594031458652,24.800575528881442,0.012400287764440722,0.7074678176339471,0.015741739490473774
leading,1.5,1.5310000000000001,0.03034738723762601,24.79316844728406,0.01239658422364203,0.7072565212530775,0.015741912407415053
leading,1.5,1.532,0.03022467862620595,24.785763458187464,0.012392881729093733,0.7070452845634421,0.015742084676470775
leading,1.5,1.5330000000000001,0.030102466182815046,24.778360561486796,0.012389180280743399,0.7068341075620498,0.015742256300069757
leading,1.5,1.534,0.029980747901215084,24.77095975707508,0.01238547987853754,0.7066229902458491,0.015742427280631684
leading,1.5,1.5350000000000001,0.02985952178327985,24.763561044843293,0.012381780522421646,0.7064119326117297,0.01574259762056741
leading,1.5,1.536,0.029738785838962688,24.75616442468035,0.012378082212340175,0.7062009346565229,0.01574276732227857
leading,1.5,1.537,0.02961853808626346,24.748769896473085,0.012374384948236544,0.7059899963770007,0.015742936388157675
leading,1.5,1.538,0.029498776551196215,24.74137746010631,0.012370688730053156,0.7057791177698768,0.01574310482058849
leading,1.5,1.539,0.0293794992677568,24.733987115462796,0.012366993557731397,0.7055682988318073,0.01574327262194576
leading,1.5,1.54,0.029260704277890456,24.72659886242328,0.01236329943121164,0.7053575395593902,0.015743439794595193
leading,1.5,1.541,0.02914238963145983,24.719212700866482,0.012359606350433242,0.7051468399491656,0.01574360634089375
leading,1.5,1.542,0.029024553386212796,24.71182863066911,0.012355914315334556,0.7049361999976167,0.015743772263189557
leading,1.5,1.543,0.028907193607750754,24.70444665170588,0.012352223325852939,0.7047256197011693,0.015743937563821704
leading,1.5,1.544,0.028790308369496673,24.697066763849506,0.012348533381924752,0.7045150990561927,0.015744102245120913
leading,1.5,1.545,0.02867389575266365,24.68968896697072,0.01234484448348536,0.7043046380589992,0.015744266309408783
leading,1.5,1.546,0.02855795384622331,24.682313260938287,0.012341156630469143,0.7040942367058451,0.015744429758998344
leading,1.5,1.547,0.028442480746874464,24.67493964561899,0.012337469822809496,0.7038838949929305,0.01574459259619389
leading,1.5,1.548,0.028327474559011797,24.667568120877675,0.012333784060438838,0.7036736129163996,0.015744754823291334
leading,1.5,1.549,0.0282129333946949,24.660198686577225,0.012330099343288613,0.7034633904723412,0.015744916442577556
leading,1.5,1.55,0.028098855373617088,24.652831342578587,0.012326415671289294,0.7032532276567887,0.015745077456331066
leading,1.5,1.551,0.027985238623074733,24.64546608874077,0.012322733044370385,0.7030431244657198,0.015745237866821908
leading,1.5,1.552,0.02787208127793631,24.638102924920872,0.012319051462460436,0.7028330808950585,0.015745397676311373
leading,1.5,1.553,0.027759381480612008,24.630741850974076,0.012315370925487039,0.7026230969406733,0.015745556887052564
leading,1.5,1.554,0.027647137381022972,24.62338286675365,0.012311691433376825,0.7024131725983788,0.015745715501289927
leading,1.5,1.555,0.02753534713657126,24.616025972110968,0.012308012986055484,0.7022033078639349,0.015745873521259442
leading,1.5,1.556,0.027424008912109235,24.608671166895515,0.012304335583447758,0.7019935027330484,0.015746030949188902
leading,1.5,1.557,0.027313120879909746,24.601318450954896,0.012300659225477448,0.7017837572013718,0.01574618778729744
leading,1.5,1.558,0.027202681219635882,24.59396782413485,0.012296983912067426,0.7015740712645046,0.015746344037796376
leading,1.5,1.559,0.027092688118311316,24.58661928627924,0.01229330964313962,0.7013644449179928,0.015746499702887905
leading,1.5,1.56,0.026983139770290314,24.579272837230082,0.012289636418615042,0.7011548781573297,0.015746654784766966
leading,1.5,1.561,0.026874034377228323,24.571928476827548,0.012285964238413775,0.7009453709779561,0.015746809285619473
leading,1.5,1.562,0.02676537014805222,24.56458620490995,0.012282293102454975,0.7007359233752596,0.01574696320762343
leading,1.5,1.563,0.026657145298931127,24.557246021313798,0.0122786230106569,0.7005265353445764,0.01574711655294874
leading,1.5,1.564,0.02654935805324691,24.549907925873757,0.01227495396293688,0.7003172068811901,0.015747269323756932
leading,1.5,1.565,0.026442006641565288,24.542571918422688,0.012271285959211344,0.700107937980333,0.015747421522201724
leading,1.5,1.566,0.026335089301606468,24.535237998791636,0.012267618999395819,0.6998987286371853,0.015747573150428545
leading,1.5,1.567,0.026228604278216487,24.52790616680987,0.012263953083404935,0.6996895788468767,0.01574772421057473
leading,1.5,1.568,0.02612254982333819,24.52057642230484,0.01226028821115242,0.6994804886044849,0.015747874704769797
leading,1.5,1.569,0.026016924195982737,24.513248765102222,0.012256624382551111,0.6992714579050373,0.015748024635135166
leading,1.5,1.57,0.025911725662200808,24.505923195025932,0.012252961597512966,0.6990624867435107,0.015748174003784258
leading,1.5,1.571,0.025806952495054346,24.498599711898102,0.012249299855949051,0.6988535751148313,0.015748322812822582
leading,1.5,1.572,0.025702602974588016,24.491278315539112,0.012245639157769557,0.6986447230138753,0.015748471064347923
leading,1.5,1.573,0.025598675387801157,24.483959005767588,0.012241979502883794,0.6984359304354684,0.015748618760449782
leading,1.5,1.574,0.02549516802861945,24.476641782400424,0.012238320891200213,0.6982271973743877,0.01574876590321022
leading,1.5,1.575,0.025392079197867182,24.469326645252767,0.012234663322626384,0.6980185238253598,0.015748912494703476
leading,1.5,1.576,0.02528940720323906,24.46201359413803,0.012231006797069014,0.6978099097830621,0.015749058536995608
leading,1.5,1.577,0.025187150359272655,24.45470262886792,0.01222735131443396,0.6976013552421234,0.01574920403214531
leading,1.5,1.578,0.025085306987320578,24.447393749252434,0.012223696874626218,0.6973928601971235,0.015749348982203468
leading,1.5,1.579,0.02498387541552307,24.44008695509985,0.012220043477549925,0.6971844246425933,0.015749493389213245
leading,1.5,1.58,0.024882853978780393,24.43278224621676,0.012216391123108381,0.6969760485730158,0.015749637255209985
leading,1.5,1.581,0.024782241018725677,24.42547962240806,0.01221273981120403,0.696767731982825,0.015749780582221772
leading,1.5,1.582,0.024682034883697506,24.418179083476968,0.012209089541738485,0.6965594748664079,0.015749923372268597
leading,1.5,1.583,0.024582233928712987,24.410880629225034,0.012205440314612516,0.6963512772181032,0.015750065627363374
leading,1.5,1.584,0.024482836515440556,24.403584259452128,0.012201792129726064,0.6961431390322019,0.01575020734951102
leading,1.5,1.585,0.02438384101217334,24.396289973956478,0.01219814498697824,0.6959350603029484,0.015750348540709287
leading,1.5,1.586,0.024285245793802042,24.38899777253463,0.012194498886267315,0.6957270410245388,0.015750489202948012
leading,1.5,1.587,0.024187049241788577,24.381707654981522,0.012190853827490761,0.6955190811911234,0.015750629338210056
leading,1.5,1.588,0.024089249744139257,24.374419621090436,0.012187209810545219,0.6953111807968053,0.015750768948470648
leading,1.5,1.589,0.02399184569537853,24.36713367065302,0.01218356683532651,0.6951033398356411,0.015750908035697297
leading,1.5,1.59,0.023894835496522437,24.359849803459312,0.012179924901729656,0.6948955583016413,0.01575104660185072
leading,1.5,1.591,0.02379821755505255,24.35256801929773,0.012176284009648866,0.6946878361887704,0.015751184648883716
leading,1.5,1.592,0.023701990284889635,24.34528831795508,0.012172644158977541,0.6944801734909465,0.015751322178742113
leading,1.5,1.593,0.023606152106367805,24.338010699216582,0.012169005349608292,0.6942725702020429,0.015751459193364292
leading,1.5,1.594,0.023510701446208405,24.330735162865835,0.012165367581432917,0.6940650263158865,0.01575159569468147
leading,1.5,1.595,0.02341563673749441,24.32346170868489,0.012161730854342445,0.69385754182626,0.015751731684617416
leading,1.5,1.596,0.02332095641964442,24.31619033645418,0.012158095168227091,0.6936501167269,0.015751867165088928
leading,1.5,1.597,0.023226658938387306,24.308921045952594,0.012154460522976298,0.6934427510114989,0.015752002138005445
leading,1.5,1.598,0.0231327427457365,24.30165383695745,0.012150826918478725,0.6932354446737046,0.015752136605269335
leading,1.5,1.599,0.02303920629996474,24.294388709244494,0.012147194354622247,0.6930281977071199,0.015752270568775713
leading,1.5,1.6,0.022946048065578605,24.28712566258794,0.01214356283129397,0.6928210101053038,0.015752404030412805
leading,1.5,1.601,0.022853266513293467,24.27986469676046,0.01213993234838023,0.6926138818617718,0.01575253699206158
leading,1.5,1.602,0.022760860120008233,24.272605811533154,0.012136302905766578,0.692406812969994,0.015752669455595746
leading,1.5,1.603,0.022668827368780467,24.26534900667565,0.012132674503337824,0.6921998034233987,0.015752801422882594
leading,1.5,1.604,0.02257716674880143,24.258094281956,0.012129047140978,0.6919928532153695,0.01575293289578169
leading,1.5,1.605,0.0224858767553713,24.250841637140773,0.012125420818570386,0.6917859623392474,0.015753063876145994
leading,1.5,1.606,0.022394955889874387,24.24359107199502,0.01212179553599751,0.6915791307883302,0.01575319436582186
leading,1.5,1.607,0.0223044026597547,24.236342586282277,0.012118171293141139,0.6913723585558723,0.015753324366648013
leading,1.5,1.608,0.022214215578491254,24.229096179764603,0.012114548089882302,0.6911656456350864,0.01575345388045666
leading,1.5,1.609,0.022124393165573845,24.221851852202562,0.01211092592610128,0.6909589920191421,0.015753582909073124
leading,1.5,1.61,0.022034933946478583,24.214609603355235,0.012107304801677618,0.690752397701167,0.015753711454315943
leading,1.5,1.611,0.02194583645264383,24.207369432980233,0.012103684716490117,0.6905458626742466,0.015753839517996575
leading,1.5,1.612,0.02185709922144597,24.200131340833682,0.012100065670416842,0.6903393869314239,0.01575396710191987
leading,1.5,1.613,0.021768720796175492,24.192895326670264,0.012096447663335133,0.6901329704657012,0.01575409420788398
leading,1.5,1.614,0.02168069972601304,24.1856613902432,0.012092830695121601,0.6899266132700387,0.01575422083768009
leading,1.5,1.615,0.021593034566005597,24.178429531304275,0.012089214765652138,0.6897203153373556,0.015754346993092947
leading,1.5,1.616,0.02150572387704271,24.1711997496038,0.0120855998748019,0.6895140766605294,0.01575447267590024
leading,1.5,1.617,0.02141876622583301,24.163972044890684,0.012081986022445342,0.6893078972323974,0.015754597887873322
leading,1.5,1.618,0.021332160184880506,24.15674641691239,0.012078373208456195,0.6891017770457555,0.01575472263077685
leading,1.5,1.619,0.021245904332461308,24.149522865414966,0.012074761432707483,0.6888957160933595,0.015754846906368688
leading,1.5,1.62,0.021159997252600142,24.142301390143032,0.012071150695071517,0.6886897143679245,0.015754970716400186
leading,1.5,1.621,0.021074437535047275,24.13508199083982,0.01206754099541991,0.6884837718621255,0.01575509406261628
leading,1.5,1.622,0.020989223775255167,24.127864667247135,0.012063932333623567,0.6882778885685976,0.015755216946755014
leading,1.5,1.623,0.020904354574355605,24.12064941910541,0.012060324709552704,0.6880720644799361,0.01575533937054829
leading,1.5,1.624,0.0208198285391366,24.113436246153658,0.01205671812307683,0.6878662995886959,0.01575546133572122
leading,1.5,1.625,0.020735644282019607,24.106225148129546,0.012053112574064773,0.687660593887394,0.01575558284399278
leading,1.5,1.6260000000000001,0.020651800421036648,24.099016124769328,0.012049508062384664,0.6874549473685063,0.01575570389707505
leading,1.5,1.627,0.020568295579807758,24.091809175807914,0.012045904587903958,0.6872493600244709,0.015755824496674068
leading,1.5,1.6280000000000001,0.020485128387518238,24.08460430097882,0.01204230215048941,0.6870438318476861,0.015755944644489362
leading,1.5,1.629,0.02040229747889631,24.07740150001424,0.01203870075000712,0.6868383628305124,0.015756064342214035
leading,1.5,1.6300000000000001,0.02031980149419055,24.07020077264498,0.012035100386322491,0.6866329529652705,0.015756183591534866
leading,1.5,1.631,0.02023763907914772,24.063002118600533,0.012031501059300266,0.686427602244244,0.01575630239413221
leading,1.5,1.6320000000000001,0.020155808884990373,24.05580553760902,0.012027902768804511,0.6862223106596773,0.015756420751680284
leading,1.5,1.633,0.020074309568394864,24.048611029397257,0.012024305514698628,0.6860170782037773,0.015756538665847163
leading,1.5,1.6340000000000001,0.019993139791469203,24.041418593690704,0.012020709296845351,0.6858119048687125,0.01575665613829404
leading,1.5,1.635,0.019912298221731146,24.034228230213525,0.012017114115106763,0.6856067906466143,0.015756773170676613
leading,1.5,1.6360000000000001,0.01983178353208624,24.027039938688553,0.012013519969344277,0.6854017355295761,0.01575688976464398
leading,1.5,1.637,0.019751594400806156,24.01985371883732,0.012009926859418662,0.6851967395096544,0.015757005921839182
leading,1.5,1.6380000000000001,0.019671729511506864,24.012669570380044,0.012006334785190023,0.6849918025788679,0.01575712164389885
leading,1.5,1.639,0.01959218755312716,24.00548749303566,0.01200274374651783,0.6847869247291989,0.015757236932453934
leading,1.5,1.6400000000000001,0.019512967219906995,23.9983074865218,0.0119991537432609,0.6845821059525926,0.015757351789128782
leading,1.5,1.641,0.019434067211366184,23.991129550554806,0.011995564775277403,0.6843773462409573,0.01575746621554206
leading,1.5,1.6420000000000001,0.019355486232282927,23.983953684849762,0.011991976842424881,0.6841726455861652,0.01575758021330602
leading,1.5,1.643,0.019277222992672653,23.97677988912046,0.01198838994456023,0.6839680039800521,0.015757693784027138
leading,1.5,1.6440000000000001,0.01919927620776679,23.969608163079428,0.011984804081539714,0.6837634214144173,0.01575780692930567
leading,1.5,1.645,0.019121644597991688,23.962438506437934,0.011981219253218968,0.6835588978810244,0.01575791965073599
leading,1.5,1.6460000000000001,0.01904432688894757,23.95527091890599,0.011977635459452995,0.6833544333716012,0.01575803194990645
leading,1.5,1.647,0.018967321811387706,23.948105400192347,0.011974052700096174,0.6831500278778395,0.01575814382839942
leading,1.5,1.6480000000000001,0.018890628101197474,23.940941950004532,0.011970470975002267,0.6829456813913961,0.015758255287791526
leading,1.5,1.649,0.018814244499373696,23.93378056804882,0.01196689028402441,0.682741393903892,0.01575836632965314
leading,1.5,1.6500000000000001,0.01873816975200389,23.926621254030252,0.011963310627015127,0.6825371654069131,0.01575847695554897
leading,1.5,1.651,0.01866240261024577,23.91946400765265,0.011959732003826325,0.6823329958920108,0.015758587167037864
leading,1.5,1.6520000000000001,0.01858694183030663,23.9123088286186,0.0119561544143093,0.6821288853507008,0.01575869696567261
leading,1.5,1.653,0.018511786173423108,23.905155716629487,0.011952577858314745,0.6819248337744648,0.015758806353000525
leading,1.5,1.6540000000000001,0.018436934405840627,23.898004671385483,0.011949002335692741,0.6817208411547497,0.015758915330562954
leading,1.5,1.655,0.018362385298793336,23.89085569258555,0.011945427846292775,0.6815169074829682,0.015759023899895294
leading,1.5,1.6560000000000001,0.018288137628483782,23.883708779927446,0.011941854389963723,0.6813130327504984,0.015759132062527367
leading,1.5,1.657,0.01821419017606297,23.876563933107754,0.011938281966553877,0.6811092169486848,0.015759239819983308
leading,1.5,1.6580000000000001,0.018140541727610218,23.869421151821843,0.011934710575910923,0.6809054600688376,0.015759347173781305
leading,1.5,1.659,0.01806719107411334,23.862280435763925,0.011931140217881962,0.6807017621022338,0.015759454125434145
leading,1.5,1.6600000000000001,0.017994137011448693,23.85514178462702,0.01192757089231351,0.6804981230401161,0.015759560676448663
leading,1.5,1.661,0.01792137834036153,23.84800519810298,0.011924002599051492,0.6802945428736947,0.0157596668283263
leading,1.5,1.6620000000000001,0.01784891386644617,23.84087067588249,0.011920435337941244,0.6800910215941456,0.015759772582562722
leading,1.5,1.663,0.01777674240012658,23.83373821765508,0.011916869108827539,0.6798875591926125,0.015759877940647926
leading,1.5,1.6640000000000001,0.017704862756636623,23.82660782310911,0.011913303911554556,0.6796841556602053,0.015759982904066324
leading,1.5,1.665,0.017633273756000812,23.81947949193182,0.01190973974596591,0.6794808109880022,0.01576008747429721
leading,1.5,1.666,0.01756197422301479,23.812353223809268,0.011906176611904634,0.6792775251670475,0.015760191652813466
leading,1.5,1.667,0.017490962987226112,23.8052290184264,0.0119026145092132,0.679074298188354,0.015760295441083403
leading,1.5,1.668,0.017420238882915044,23.798106875467017,0.011899053437733509,0.6788711300429018,0.015760398840569102
leading,1.5,1.669,0.01734980074907536,23.79098679461379,0.011895493397306896,0.6786680207216385,0.01576050185272735
leading,1.5,1.67,0.01727964742939536,23.783868775548278,0.011891934387774139,0.6784649702154802,0.015760604479009805
leading,1.5,1.671,0.01720977777223882,23.776752817950918,0.011888376408975459,0.6782619785153111,0.015760706720862362
leading,1.5,1.672,0.01714019063062613,23.769638921501013,0.011884819460750507,0.6780590456119829,0.01576080857972534
leading,1.5,1.673,0.017070884862215464,23.762527085876798,0.011881263542938399,0.6778561714963167,0.015760910057034207
leading,1.5,1.674,0.017001859329284014,23.75541731075537,0.011877708655377685,0.6776533561591013,0.01576101115421839
leading,1.5,1.675,0.01693311289870928,23.748309595812756,0.011874154797906378,0.6774505995910951,0.015761111872702578
leading,1.5,1.676,0.01686464444195055,23.741203940723867,0.011870601970361935,0.6772479017830244,0.015761212213905678
leading,1.5,1.677,0.016796452835030288,23.734100345162542,0.011867050172581271,0.6770452627255851,0.01576131217924121
leading,1.5,1.678,0.016728536958515762,23.726998808801543,0.011863499404400771,0.6768426824094423,0.01576141177011805
leading,1.5,1.679,0.01666089569750058,23.71989933131254,0.01185994966565627,0.67664016082523,0.015761510987939095
leading,1.5,1.68,0.016593527941586486,23.71280191236614,0.01185640095618307,0.6764376979635518,0.01576160983410215
leading,1.5,1.681,0.01652643258486504,23.705706551631884,0.011852853275815943,0.676235293814981,0.015761708309999983
leading,1.5,1.682,0.016459608525899526,23.698613248778255,0.011849306624389128,0.6760329483700606,0.015761806417020064
leading,1.5,1.683,0.016393054667706842,23.691522003472667,0.011845761001736333,0.6758306616193032,0.015761904156544555
leading,1.5,1.684,0.01632676991773952,23.68443281538149,0.011842216407690747,0.6756284335531916,0.015762001529950418
leading,1.5,1.685,0.016260753187867728,23.677345684170064,0.011838672842085032,0.675426264162179,0.01576209853860967
leading,1.5,1.686,0.016195003394361494,23.670260609502655,0.011835130304751328,0.6752241534366885,0.015762195183888942
leading,1.5,1.687,0.01612951945787283,23.663177591042512,0.011831588795521257,0.6750221013671136,0.015762291467149935
leading,1.5,1.688,0.01606430030341809,23.656096628451852,0.011828048314225926,0.6748201079438187,0.01576238738974904
leading,1.5,1.689,0.015999344860360254,23.649017721391864,0.011824508860695932,0.6746181731571389,0.01576248295303763
leading,1.5,1.69,0.01593465206239143,23.641940869522717,0.011820970434761359,0.6744162969973798,0.01576257815836233
leading,1.5,1.691,0.015870220847515246,23.63486607250356,0.01181743303625178,0.6742144794548185,0.01576267300706409
leading,1.5,1.692,0.01580605015802952,23.627793329992517,0.011813896664996259,0.6740127205197024,0.01576276750047949
leading,1.5,1.693,0.015742138940508844,23.62072264164673,0.011810361320823365,0.6738110201822509,0.01576286163993962
leading,1.5,1.694,0.01567848614578731,23.613654007122328,0.011806827003561164,0.673609378432655,0.015762955426770735
leading,1.5,1.695,0.015615090728941232,23.606587426074427,0.011803293713037214,0.6734077952610762,0.015763048862294245
leading,1.5,1.696,0.015551951649272098,23.599522898157172,0.011799761449078586,0.6732062706576486,0.015763141947826353
leading,1.5,1.697,0.015489067870289353,23.59246042302371,0.011796230211511854,0.6730048046124777,0.015763234684678617
leading,1.5,1.698,0.01542643835969354,23.5854000003262,0.0117927000001631,0.6728033971156411,0.015763327074157285
leading,1.5,1.699,0.01536406208935918,23.578341629715833,0.011789170814857917,0.6726020481571884,0.015763419117564414
leading,1.5,1.7,0.015301938035318069,23.57128531084282,0.01178564265542141,0.6724007577271415,0.015763510816196216
leading,1.5,1.701,0.015240065177742292,23.5642310433564,0.0117821155216782,0.6721995258154944,0.015763602171344794
leading,1.5,1.702,0.015178442500927683,23.557178826904845,0.011778589413452422,0.6719983524122137,0.015763693184297052
leading,1.5,1.703,0.015117068993276942,23.55012866113548,0.011775064330567742,0.6717972375072391,0.015763783856335326
leading,1.5,1.704,0.015055943647283191,23.543080545694657,0.011771540272847329,0.6715961810904819,0.01576387418873684
leading,1.5,1.705,0.014995065459513318,23.536034480227787,0.011768017240113894,0.6713951831518273,0.015763964182774263
leading,1.5,1.706,0.014934433430591618,23.528990464379334,0.011764495232189667,0.6711942436811331,0.015764053839715325
leading,1.5,1.707,0.014874046565183267,23.521948497792813,0.011760974248896407,0.6709933626682302,0.015764143160823207
leading,1.5,1.708,0.014813903871978099,23.514908580110816,0.011757454290055409,0.670792540102923,0.015764232147356245
leading,1.5,1.709,0.014754004363674224,23.507870710974984,0.011753935355487492,0.6705917759749889,0.01576432080056785
leading,1.5,1.71,0.014694347056961925,23.50083489002605,0.011750417445013024,0.6703910702741792,0.01576440912170705
leading,1.5,1.711,0.014634930972507397,23.493801116903793,0.011746900558451897,0.6701904229902185,0.01576449711201824
leading,1.5,1.712,0.01457575513493683,23.4867693912471,0.011743384695623551,0.6699898341128052,0.01576458477274068
leading,1.5,1.713,0.014516818572820216,23.479739712693938,0.011739869856346969,0.669789303631612,0.01576467210510945
leading,1.5,1.714,0.014458120318655551,23.472712080881347,0.011736356040440673,0.6695888315362851,0.015764759110354798
leading,1.5,1.715,0.01439965940885284,23.465686495445482,0.011732843247722741,0.6693884178164452,0.0157648457897025
leading,1.5,1.716,0.014341434883718387,23.458662956021584,0.011729331478010791,0.6691880624616873,0.015764932144373495
leading,1.5,1.717,0.014283445787438929,23.451641462243987,0.011725820731121994,0.6689877654615801,0.01576501817558426
leading,1.5,1.718,0.014225691168066053,23.444622013746155,0.011722311006873078,0.6687875268056678,0.015765103884546897
leading,1.5,1.719,0.014168170077500467,23.437604610160648,0.011718802305080324,0.6685873464834686,0.01576518927246867
leading,1.5,1.72,0.014110881571476535,23.430589251119144,0.011715294625559572,0.6683872244844759,0.015765274340552478
leading,1.5,1.721,0.014053824709546664,23.42357593625244,0.011711787968126221,0.6681871607981574,0.01576535908999674
leading,1.5,1.722,0.013996998555066014,23.41656466519046,0.01170828233259523,0.6679871554139565,0.015765443521995236
leading,1.5,1.723,0.013940402175176954,23.409555437562247,0.011704777718781124,0.6677872083212909,0.01576552763773746
leading,1.5,1.724,0.013884034640793887,23.402548252995988,0.011701274126497994,0.6675873195095544,0.015765611438408263
leading,1.5,1.725,0.013827895026587891,23.395543111119004,0.011697771555559502,0.6673874889681157,0.015765694925188017
leading,1.5,1.726,0.013771982410971639,23.38854001155775,0.011694270005778875,0.6671877166863193,0.015765778099253107
leading,1.5,1.727,0.013716295876084151,23.38153895393783,0.011690769476968916,0.6669880026534845,0.01576586096177489
leading,1.5,1.728,0.013660834507775837,23.374539937884006,0.011687269968942003,0.6667883468589075,0.015765943513920716
leading,1.5,1.729,0.013605597395593394,23.36754296302017,0.011683771481510086,0.6665887492918595,0.01576602575685367
leading,1.5,1.73,0.013550583632764951,23.3605480289694,0.0116802740144847,0.666389209941588,0.015766107691731982
leading,1.5,1.731,0.01349579231618508,23.353555135353915,0.011676777567676957,0.6661897287973164,0.01576618931971008
leading,1.5,1.732,0.013441222546400108,23.3465642817951,0.01167328214089755,0.6659903058482444,0.01576627064193765
leading,1.5,1.733,0.013386873427593197,23.33957546791353,0.011669787733956766,0.6657909410835483,0.015766351659560276
leading,1.5,1.734,0.013332744067569761,23.33258869332893,0.011666294346664465,0.6655916344923802,0.015766432373719264
leading,1.5,1.735,0.013278833577742734,23.325603957660217,0.01166280197883011,0.6653923860638694,0.015766512785551554
leading,1.5,1.736,0.013225141073118063,23.318621260525486,0.011659310630262744,0.6651931957871214,0.01576659289618989
leading,1.5,1.737,0.013171665672280095,23.311640601542006,0.011655820300771003,0.6649940636512184,0.015766672706762748
leading,1.5,1.738,0.013118406497377196,23.30466198032626,0.01165233099016313,0.6647949896452201,0.01576675221839432
leading,1.5,1.739,0.013065362674107244,23.297685396493907,0.011648842698246955,0.6645959737581627,0.0157668314322046
leading,1.5,1.74,0.01301253333170338,23.290710849659813,0.011645355424829907,0.6643970159790598,0.015766910349309608
leading,1.5,1.741,0.012959917602919601,23.283738339438038,0.01164186916971902,0.6641981162969017,0.01576698897082069
leading,1.5,1.742,0.01290751462401666,23.276767865441848,0.011638383932720923,0.6639992747006567,0.01576706729784548
leading,1.5,1.743,0.012855323534747736,23.269799427283722,0.011634899713641862,0.66380049117927,0.015767145331487237
leading,1.5,1.744,0.012803343478344437,23.26283302457536,0.011631416512287681,0.6636017657216651,0.015767223072845313
leading,1.5,1.745,0.012751573601502645,23.255868656927674,0.011627934328463837,0.6634030983167425,0.015767300523014696
leading,1.5,1.746,0.012700013054368589,23.248906323950777,0.01162445316197539,0.6632044889533804,0.015767377683086174
leading,1.5,1.747,0.012648660990524807,23.241946025254038,0.011620973012627019,0.6630059376204354,0.015767454554146822
leading,1.5,1.748,0.012597516566976342,23.234987760446046,0.011617493880223023,0.662807444306742,0.015767531137279436
leading,1.5,1.749,0.012546578944136817,23.228031529134608,0.011614015764567304,0.6626090090011125,0.015767607433562626
leading,1.5,1.75,0.012495847285814732,23.221077330926786,0.011610538665463393,0.6624106316923379,0.015767683444071187
leading,1.5,1.7510000000000001,0.01244532075919965,23.21412516542887,0.011607062582714435,0.6622123123691871,0.015767759169875818
leading,1.5,1.752,0.012394998534848645,23.207175032246408,0.011603587516123203,0.6620140510204076,0.015767834612043032
leading,1.5,1.7530000000000001,0.012344879786672541,23.20022693098417,0.011600113465492085,0.6618158476347252,0.015767909771635537
leading,1.5,1.754,0.012294963691922478,23.193280861246215,0.011596640430623108,0.6616177022008453,0.015767984649712123
leading,1.5,1.7550000000000001,0.012245249431176313,23.186336822635823,0.011593168411317911,0.6614196147074506,0.01576805924732731
leading,1.5,1.756,0.012195736188325248,23.179394814755558,0.011589697407377779,0.6612215851432041,0.01576813356553207
leading,1.5,1.7570000000000001,0.012146423150560347,23.172454837207223,0.011586227418603611,0.6610236134967464,0.01576820760537302
leading,1.5,1.758,0.01209730950835929,23.165516889591903,0.011582758444795952,0.6608256997566982,0.01576828136789313
leading,1.5,1.7590000000000001,0.01204839445547298,23.15858097150996,0.01157929048575498,0.6606278439116592,0.015768354854131392
leading,1.5,1.76,0.011999677188912398,23.15164708256101,0.011575823541280506,0.6604300459502079,0.01576842806512278
leading,1.5,1.7610000000000001,0.011951156908935376,23.144715222343965,0.011572357611171983,0.660232305860903,0.01576850100189865
leading,1.5,1.762,0.011902832819033479,23.137785390457008,0.011568892695228504,0.6600346236322819,0.015768573665486254
leading,1.5,1.7630000000000001,0.0118547041259189,23.130857586497605,0.011565428793248803,0.6598369992528619,0.015768646056909044
leading,1.5,1.764,0.0118067700395115,23.123931810062516,0.011561965905031259,0.65963943271114,0.01576871817718674
leading,1.5,1.7650000000000001,0.011759029772925766,23.11700806074779,0.011558504030373895,0.6594419239955931,0.015768790027335257
leading,1.5,1.766,0.011711482542457968,23.110086338148776,0.011555043169074387,0.6592444730946779,0.0157688616083665
leading,1.5,1.7670000000000001,0.011664127567573217,23.10316664186011,0.011551583320930056,0.659047079996831,0.015768932921288666
leading,1.5,1.768,0.011616964070892726,23.096248971475752,0.011548124485737877,0.6588497446904695,0.015769003967106312
leading,1.5,1.7690000000000001,0.011569991278180973,23.089333326588942,0.011544666663294472,0.6586524671639902,0.015769074746820093
leading,1.5,1.77,0.011523208418333063,23.082419706792248,0.011541209853396125,0.6584552474057703,0.01576914526142685
leading,1.5,1.7710000000000001,0.011476614723362024,23.075508111677543,0.011537754055838772,0.6582580854041677,0.01576921551191998
leading,1.5,1.772,0.011430209428386228,23.068598540836017,0.011534299270418009,0.6580609811475207,0.0157692854992887
leading,1.5,1.7730000000000001,0.011383991771616782,23.06169099385819,0.011530845496929095,0.6578639346241479,0.015769355224518965
leading,1.5,1.774,0.011337960994345106,23.054785470333893,0.011527392735166947,0.6576669458223492,0.015769424688592826
leading,1.5,1.7750000000000001,0.011292116340930386,23.047881969852284,0.011523940984926142,0.6574700147304046,0.015769493892488613
leading,1.5,1.776,0.011246457058787265,23.04098049200186,0.011520490246000931,0.6572731413365753,0.015769562837181117
leading,1.5,1.7770000000000001,0.011200982398373388,23.03408103637044,0.011517040518185221,0.6570763256291037,0.015769631523641324
leading,1.5,1.778,0.011155691613177199,23.0271836025452,0.0115135918012726,0.656879567596213,0.015769699952836676
leading,1.5,1.7790000000000001,0.011110583959705586,23.02028819011263,0.011510144095056315,0.6566828672261077,0.01576976812573109
leading,1.5,1.78,0.01106565869747176,23.01339479865859,0.011506697399329297,0.6564862245069738,0.015769836043284746
leading,1.5,1.7810000000000001,0.01102091508898306,23.006503427768266,0.011503251713884133,0.656289639426978,0.015769903706454026
leading,1.5,1.782,0.010976352399728849,22.99961407702621,0.011499807038513105,0.6560931119742694,0.01576997111619224
leading,1.5,1.7830000000000001,0.010931969898168439,22.992726746016306,0.011496363373008153,0.6558966421369778,0.015770038273448504
leading,1.5,1.784,0.010887766855719138,22.985841434321827,0.011492920717160914,0.6557002299032153,0.015770105179168964
leading,1.5,1.7850000000000001,0.010843742546744214,22.97895814152538,0.01148947907076269,0.6555038752610753,0.015770171834295854
leading,1.5,1.786,0.010799896248541056,22.97207686720895,0.011486038433604476,0.6553075781986336,0.015770238239767975
leading,1.5,1.7870000000000001,0.010756227241329247,22.965197610953883,0.011482598805476942,0.6551113387039473,0.015770304396520586
leading,1.5,1.788,0.010712734808238806,22.958320372340893,0.011479160186170448,0.6549151567650559,0.015770370305485504
leading,1.5,1.7890000000000001,0.01066941823529836,22.95144515095007,0.011475722575475036,0.6547190323699809,0.01577043596759092
leading,1.5,1.79,0.010626276811423477,22.944571946360895,0.011472285973180448,0.6545229655067263,0.01577050138376177
leading,1.5,1.7910000000000001,0.010583309828404965,22.937700758152204,0.011468850379076101,0.654326956163278,0.015770566554919364
leading,1.5,1.792,0.010540516580897262,22.930831585902226,0.011465415792951112,0.6541310043276045,0.015770631481981566
leading,1.5,1.793,0.010497896366406823,22.92396442918859,0.011461982214594294,0.6539351099876571,0.0157706961658628
leading,1.5,1.794,0.010455448485280613,22.91709928758829,0.011458549643794145,0.6537392731313689,0.015770760607474142
leading,1.5,1.795,0.010413172240694653,22.91023616067773,0.011455118080338866,0.6535434937466565,0.01577082480772313
leading,1.5,1.796,0.010371066938642502,22.90337504803271,0.011451687524016355,0.6533477718214189,0.01577088876751396
leading,1.5,1.797,0.010329131887923951,22.896515949228416,0.011448257974614209,0.6531521073435378,0.015770952487747476
leading,1.5,1.798,0.010287366400133603,22.889658863839447,0.011444829431919724,0.6529565003008782,0.015771015969321168
leading,1.5,1.799,0.01024576978964963,22.88280379143981,0.011441401895719905,0.6527609506812877,0.01577107921312909
leading,1.5,1.8,0.010204341373622458,22.875950731602906,0.011437975365801453,0.6525654584725976,0.01577114222006195
leading,1.5,1.801,0.01016308047196365,22.869099683901563,0.011434549841950782,0.6523700236626219,0.015771204991007006
leading,1.5,1.802,0.010121986407334617,22.862250647908017,0.011431125323954008,0.6521746462391581,0.01577126752684855
leading,1.5,1.803,0.010081058505135616,22.855403623193915,0.011427701811596958,0.6519793261899871,0.01577132982846714
leading,1.5,1.804,0.010040296093494586,22.848558609330333,0.011424279304665167,0.6517840635028731,0.01577139189674037
leading,1.5,1.805,0.009999698503256193,22.841715605887767,0.011420857802943885,0.6515888581655641,0.01577145373254229
leading,1.5,1.806,0.009959265067970773,22.83487461243615,0.011417437306218074,0.6513937101657917,0.015771515336743792
leading,1.5,1.807,0.00991899512388347,22.82803562854483,0.011414017814272414,0.6511986194912712,0.015771576710212516
leading,1.5,1.808,0.00987888800992325,22.82119865378258,0.01141059932689129,0.6510035861297013,0.015771637853812838
leading,1.5,1.809,0.009838943067692136,22.81436368771765,0.011407181843858824,0.6508086100687656,0.015771698768405885
leading,1.5,1.81,0.009799159641454343,22.807530729917676,0.011403765364958839,0.6506136912961307,0.01577175945484952
leading,1.5,1.811,0.009759537078125546,22.800699779949767,0.011400349889974884,0.6504188297994474,0.01577181991399855
leading,1.5,1.812,0.009720074727262114,22.793870837380474,0.011396935418690237,0.6502240255663513,0.015771880146704328
leading,1.5,1.813,0.009680771941050497,22.787043901775792,0.011393521950887896,0.6500292785844618,0.015771940153815046
leading,1.5,1.814,0.009641628074296525,22.780218972701157,0.011390109486350579,0.6498345888413825,0.015771999936176024
leading,1.5,1.815,0.009602642484414878,22.773396049721477,0.011386698024860739,0.6496399563247016,0.015772059494629124
leading,1.5,1.816,0.009563814531418479,22.766575132401094,0.011383287566200547,0.6494453810219917,0.015772118830013147
leading,1.5,1.817,0.009525143577908044,22.759756220303835,0.011379878110151918,0.6492508629208102,0.015772177943163736
leading,1.5,1.818,0.009486628989061566,22.752939312992957,0.011376469656496479,0.6490564020086986,0.015772236834913363
leading,1.5,1.819,0.009448270132623933,22.746124410031218,0.011373062205015608,0.6488619982731839,0.01577229550609152
leading,1.5,1.82,0.009410066378896539,22.739311510980812,0.011369655755490406,0.6486676517017772,0.015772353957524278
leading,1.5,1.821,0.009372017100726939,22.732500615403424,0.011366250307701713,0.6484733622819749,0.015772412190035074
leading,1.5,1.822,0.009334121673498539,22.72569172286021,0.011362845861430104,0.6482791300012586,0.015772470204443837
leading,1.5,1.823,0.009296379475120393,22.71888483291179,0.011359442416455895,0.6480849548470944,0.01577252800156778
leading,1.5,1.824,0.009258789886016923,22.71207994511827,0.011356039972559134,0.6478908368069336,0.015772585582220597
leading,1.5,1.825,0.00922135228911782,22.70527705903924,0.01135263852951962,0.6476967758682132,0.015772642947213544
leading,1.5,1.826,0.00918406606984784,22.698476174233775,0.011349238087116888,0.6475027720183549,0.01577270009735427
leading,1.5,1.827,0.00914693061611679,22.691677290260436,0.011345838645130219,0.6473088252447664,0.01577275703344771
leading,1.5,1.828,0.009109945318309408,22.684880406677266,0.011342440203338633,0.6471149355348402,0.015772813756295558
leading,1.5,1.829,0.009073109569275413,22.678085523041815,0.011339042761520908,0.646921102875955,0.015772870266696798
leading,1.5,1.83,0.009036422764319508,22.671292638911122,0.011335646319455562,0.6467273272554744,0.015772926565447255
leading,1.5,1.831,0.00899988430119147,22.66450175384172,0.01133225087692086,0.6465336086607484,0.01577298265333969
leading,1.5,1.832,0.00896349358007623,22.65771286738965,0.011328856433694827,0.6463399470791122,0.015773038531164067
leading,1.5,1.833,0.00892725000358408,22.650925979110454,0.011325462989555227,0.6461463424978872,0.015773094199707287
leading,1.5,1.834,0.008891152976740807,22.644141088559174,0.011322070544279587,0.6459527949043804,0.01577314965975345
leading,1.5,1.835,0.008855201906977988,22.637358195290375,0.011318679097645187,0.6457593042858851,0.01577320491208332
leading,1.5,1.836,0.008819396204123194,22.63057729885812,0.01131528864942906,0.6455658706296806,0.015773259957475232
leading,1.5,1.837,0.008783735280390375,22.623798398816007,0.011311899199408004,0.6453724939230324,0.015773314796704182
leading,1.5,1.838,0.008748218550370139,22.617021494717115,0.011308510747358558,0.6451791741531918,0.015773369430542736
leading,1.5,1.839,0.008712845431020199,22.610246586114084,0.011305123293057042,0.6449859113073972,0.015773423859760126
leading,1.5,1.84,0.008677615341655774,22.60347367255904,0.011301736836279521,0.6447927053728725,0.01577347808512287
leading,1.5,1.841,0.008642527703940072,22.59670275360367,0.011298351376801834,0.6445995563368287,0.015773532107394527
leading,1.5,1.842,0.008607581941874753,22.589933828799147,0.011294966914399573,0.6444064641864629,0.01577358592733594
leading,1.5,1.843,0.00857277748179055,22.583166897696216,0.011291583448848109,0.6442134289089592,0.015773639545705088
leading,1.5,1.844,0.008538113752337767,22.57640195984512,0.011288200979922561,0.6440204504914877,0.015773692963257053
leading,1.5,1.845,0.008503590184476975,22.569639014795662,0.011284819507397832,0.6438275289212061,0.015773746180743942
leading,1.5,1.846,0.00846920621146961,22.562878062097177,0.011281439031048588,0.6436346641852586,0.015773799198915448
leading,1.5,1.847,0.008434961268868713,22.556119101298528,0.011278059550649264,0.643441856270776,0.015773852018518008
leading,1.5,1.848,0.00840085479450963,22.54936213194813,0.011274681065974065,0.6432491051648761,0.01577390464029554
leading,1.5,1.849,0.008366886228500832,22.54260715359395,0.011271303576796975,0.6430564108546641,0.015773957064989002
leading,1.5,1.85,0.00833305501321465,22.535854165783487,0.011267927082891744,0.6428637733272321,0.01577400929333673
leading,1.5,1.851,0.008299360593278205,22.52910316806382,0.01126455158403191,0.6426711925696597,0.01577406132607418
leading,1.5,1.852,0.008265802415564207,22.52235415998154,0.01126117707999077,0.6424786685690127,0.015774113163934126
leading,1.5,1.853,0.008232379929181957,22.515607141082825,0.011257803570541413,0.6422862013123457,0.015774164807646623
leading,1.5,1.854,0.008199092585468226,22.50886211091339,0.011254431055456695,0.6420937907866993,0.01577421625793886
leading,1.5,1.855,0.008165939837978323,22.50211906901854,0.011251059534509271,0.6419014369791028,0.015774267515535317
leading,1.5,1.856,0.008132921142477052,22.495378014943114,0.011247689007471558,0.6417091398765723,0.015774318581157964
leading,1.5,1.857,0.008100035956929848,22.48863894823152,0.011244319474115761,0.6415168994661113,0.015774369455525804
leading,1.5,1.858,0.0080672837414938,22.481901868427755,0.011240950934213878,0.6413247157347118,0.01577442013935532
leading,1.5,1.859,0.008034663958508893,22.47516677507536,0.01123758338753768,0.6411325886693526,0.01577447063336011
leading,1.5,1.86,0.008002176072489063,22.468433667717463,0.011234216833858732,0.6409405182570013,0.015774520938251546
leading,1.5,1.861,0.007969819550113505,22.461702545896774,0.011230851272948388,0.6407485044846125,0.015774571054737833
leading,1.5,1.862,0.00793759386021785,22.45497340915556,0.01122748670457778,0.6405565473391293,0.015774620983524765
leading,1.5,1.863,0.0079054984737855,22.448246257035684,0.011224123128517843,0.6403646468074824,0.015774670725315243
leading,1.5,1.864,0.007873532863938895,22.44152108907858,0.01122076054453929,0.6401728028765908,0.01577472028080994
leading,1.5,1.865,0.007841696505930904,22.434797904825285,0.011217398952412642,0.639981015533362,0.01577476965070674
leading,1.5,1.866,0.007809988877136176,22.4280767038164,0.011214038351908201,0.6397892847646911,0.01577481883570073
leading,1.5,1.867,0.007778409457042597,22.421357485592132,0.011210678742796066,0.6395976105574618,0.01577486783648459
leading,1.5,1.868,0.007746957727242695,22.414640249692273,0.011207320124846137,0.639405992898546,0.015774916653748295
leading,1.5,1.869,0.00771563317142521,22.407924995656213,0.011203962497828106,0.6392144317748045,0.015774965288179402
leading,1.5,1.87,0.007684435275366518,22.401211723022925,0.011200605861511463,0.6390229271730858,0.015775013740462678
leading,1.5,1.871,0.007653363526922275,22.394500431331004,0.011197250215665502,0.6388314790802276,0.015775062011280382
leading,1.5,1.872,0.007622417416018948,22.387791120118628,0.011193895560059314,0.6386400874830561,0.015775110101312443
leading,1.5,1.873,0.007591596434645497,22.381083788923586,0.011190541894461793,0.6384487523683859,0.015775158011235905
leading,1.5,1.874,0.007560900076844979,22.374378437283262,0.011187189218641631,0.6382574737230204,0.015775205741725497
leading,1.5,1.875,0.007530327838706299,22.367675064734662,0.011183837532367331,0.6380662515337523,0.015775253293453244
leading,1.5,1.8760000000000001,0.007499879218355877,22.3609736708144,0.0111804868354072,0.6378750857873625,0.01577530066708884
leading,1.5,1.877,0.007469553715949475,22.354274255058687,0.011177137127529343,0.6376839764706211,0.015775347863299292
leading,1.5,1.8780000000000001,0.0074393508336639234,22.34757681700337,0.011173788408501686,0.6374929235702876,0.015775394882749462
leading,1.5,1.879,0.0074092700756890235,22.340881356183893,0.011170440678091946,0.6373019270731098,0.01577544172610105
leading,1.5,1.8800000000000001,0.0073793109482193295,22.334187872135338,0.011167093936067669,0.6371109869658255,0.015775488394014082
leading,1.5,1.881,0.007349472959446109,22.327496364392395,0.011163748182196198,0.636920103235161,0.015775534887145518
leading,1.5,1.8820000000000001,0.007319755619549218,22.32080683248939,0.011160403416244694,0.6367292758678322,0.01577558120615008
leading,1.5,1.883,0.007290158440689107,22.314119275960245,0.011157059637980122,0.6365385048505441,0.01577562735167998
leading,1.5,1.8840000000000001,0.0072606809369987636,22.30743369433855,0.011153716847169275,0.6363477901699913,0.015775673324385113
leading,1.5,1.885,0.007231322624575789,22.3007500871575,0.01115037504357875,0.6361571318128579,0.015775719124912758
leading,1.5,1.8860000000000001,0.007202083021474399,22.294068453949926,0.011147034226974963,0.6359665297658172,0.01577576475390797
leading,1.5,1.887,0.007172961647697569,22.2873887942483,0.01114369439712415,0.6357759840155324,0.015775810212013096
leading,1.5,1.8880000000000001,0.007143958025189091,22.28071110758472,0.01114035555379236,0.635585494548656,0.01577585549986845
leading,1.5,1.889,0.0071150716778258065,22.274035393490937,0.01113701769674547,0.6353950613518304,0.015775900618111554
leading,1.5,1.8900000000000001,0.007086302131409702,22.267361651498327,0.011133680825749163,0.6352046844116879,0.015775945567377776
leading,1.5,1.891,0.007057648913660195,22.260689881137917,0.011130344940568958,0.6350143637148501,0.01577599034830018
leading,1.5,1.8920000000000001,0.007029111554206331,22.254020081940393,0.011127010040970197,0.6348240992479294,0.0157760349615093
leading,1.5,1.893,0.007000689584579109,22.247352253436052,0.011123676126718026,0.6346338909975269,0.01577607940763336
leading,1.5,1.8940000000000001,0.0069723825382037394,22.24068639515488,0.011120343197577442,0.6344437389502349,0.01577612368729806
leading,1.5,1.895,0.006944189950392039,22.234022506626488,0.011117011253313245,0.6342536430926348,0.01577616780112715
leading,1.5,1.8960000000000001,0.006916111358334748,22.227360587380147,0.011113680293690073,0.6340636034112986,0.01577621174974169
leading,1.5,1.897,0.006888146301093987,22.220700636944787,0.011110350318472394,0.6338736198927885,0.01577625553376041
leading,1.5,1.8980000000000001,0.006860294319595629,22.214042654849003,0.011107021327424502,0.6336836925236569,0.015776299153800088
leading,1.5,1.899,0.0068325549566218445,22.20738664062103,0.011103693320310516,0.6334938212904462,0.015776342610474888
leading,1.5,1.9000000000000001,0.006804927756803502,22.20073259378878,0.01110036629689439,0.6333040061796893,0.015776385904396478
leading,1.5,1.901,0.006777412266612773,22.194080513879822,0.011097040256939911,0.6331142471779099,0.015776429036174846
leading,1.5,1.9020000000000001,0.006750008034355623,22.1874304004214,0.0110937152002107,0.6329245442716216,0.015776472006417182
leading,1.5,1.903,0.00672271461016446,22.180782252940407,0.011090391126470204,0.6327348974473289,0.015776514815728362
leading,1.5,1.9040000000000001,0.006695531545990684,22.174136070963424,0.011087068035481712,0.6325453066915265,0.015776557464711398
leading,1.5,1.905,0.006668458395597392,22.167491854016703,0.011083745927008351,0.6323557719907004,0.015776599953966877
leading,1.5,1.9060000000000001,0.006641494714551999,22.160849601626158,0.01108042480081308,0.6321662933313265,0.015776642284092982
leading,1.5,1.907,0.006614640060218986,22.154209313317384,0.011077104656658692,0.631976870699872,0.015776684455685832
leading,1.5,1.9080000000000001,0.006587893991752611,22.147570988615655,0.011073785494307828,0.6317875040827945,0.015776726469339145
leading,1.5,1.909,0.006561256070089679,22.14093462704593,0.011070467313522965,0.631598193466543,0.01577676832564458
leading,1.5,1.9100000000000001,0.006534725857942319,22.13430022813284,0.01106715011406642,0.6314089388375571,0.01577681002519148
leading,1.5,1.911,0.006508302919790837,22.12766779140071,0.011063833895700356,0.6312197401822673,0.015776851568567132
leading,1.5,1.9120000000000001,0.006481986821876527,22.12103731637354,0.011060518658186769,0.6310305974870953,0.01577689295635632
leading,1.5,1.913,0.006455777132194595,22.11440880257502,0.011057204401287511,0.6308415107384538,0.01577693418914197
leading,1.5,1.9140000000000001,0.006429673420487019,22.107782249528537,0.011053891124764268,0.6306524799227466,0.01577697526750467
leading,1.5,1.915,0.006403675258235535,22.101157656757167,0.011050578828378583,0.630463505026369,0.0157770161920226
leading,1.5,1.9160000000000001,0.006377782218654552,22.094535023783667,0.011047267511891834,0.6302745860357071,0.01577705696327236
leading,1.5,1.917,0.0063519938766841925,22.087914350130504,0.011043957175065252,0.6300857229371385,0.01577709758182775
leading,1.5,1.9180000000000001,0.006326309808983285,22.08129563531984,0.01104064781765992,0.6298969157170323,0.01577713804826091
leading,1.5,1.919,0.0063007295939224335,22.074678878873527,0.011037339439436763,0.6297081643617488,0.01577717836314145
leading,1.5,1.92,0.006275252811577068,22.068064080313135,0.011034032040156568,0.62951946885764,0.015777218527037232
leading,1.5,1.921,0.006249879043720576,22.06145123915992,0.01103072561957996,0.6293308291910493,0.01577725854051369
leading,1.5,1.922,0.0062246078738174395,22.054840354934846,0.011027420177467424,0.6291422453483116,0.015777298404134214
leading,1.5,1.923,0.0061994388870163725,22.048231427158594,0.011024115713579297,0.6289537173157537,0.01577733811846024
leading,1.5,1.924,0.006174371670143544,22.041624455351535,0.011020812227675768,0.6287652450796934,0.015777377684050783
leading,1.5,1.925,0.006149405811695753,22.03501943903378,0.011017509719516889,0.6285768286264415,0.015777417101463187
leading,1.5,1.926,0.006124540901833725,22.028416377725108,0.011014208188862555,0.628388467942299,0.0157774563712521
leading,1.5,1.927,0.006099776532375325,22.021815270945055,0.011010907635472527,0.6282001630135599,0.015777495493970867
leading,1.5,1.928,0.006075112296788927,22.015216118212855,0.011007608059106428,0.62801191382651,0.015777534470170135
leading,1.5,1.929,0.006050547790186665,22.00861891904745,0.011004309459523725,0.6278237203674263,0.015777573300398688
leading,1.5,1.93,0.006026082609317848,22.002023672967518,0.011001011836483759,0.6276355826225786,0.015777611985203364
leading,1.5,1.931,0.006001716352562298,21.995430379491452,0.010997715189745726,0.6274475005782285,0.015777650525128948
leading,1.5,1.932,0.005977448619923789,21.988839038137364,0.010994419519068682,0.6272594742206293,0.01577768892071781
leading,1.5,1.933,0.005953279013023451,21.9822496484231,0.01099112482421155,0.6270715035360273,0.015777727172511018
leading,1.5,1.934,0.005929207135093262,21.975662209866222,0.01098783110493311,0.6268835885106601,0.015777765281046754
leading,1.5,1.935,0.0059052325909695,21.969076721984024,0.010984538360992013,0.6266957291307578,0.01577780324686181
leading,1.5,1.936,0.005881354987086291,21.962493184293532,0.010981246592146766,0.6265079253825432,0.015777841070490645
leading,1.5,1.937,0.00585757393146911,21.95591159631151,0.010977955798155754,0.6263201772522312,0.015777878752465963
leading,1.5,1.938,0.0058338890337283995,21.949331957554435,0.010974665978777217,0.6261324847260289,0.015777916293318223
leading,1.5,1.939,0.005810299905053094,21.942754267538543,0.010971377133769273,0.6259448477901363,0.015777953693576124
leading,1.5,1.94,0.005786806158204298,21.9361785257798,0.0109680892628899,0.6257572664307454,0.01577799095376613
leading,1.5,1.941,0.005763407407508882,21.929604731793894,0.010964802365896947,0.6255697406340409,0.015778028074413034
leading,1.5,1.942,0.005740103268853193,21.923032885096283,0.010961516442548142,0.6253822703862005,0.015778065056039303
leading,1.5,1.943,0.005716893359676709,21.91646298520215,0.010958231492601075,0.6251948556733942,0.015778101899165908
leading,1.5,1.944,0.005693777298965799,21.909895031626412,0.010954947515813206,0.6250074964817844,0.015778138604311417
leading,1.5,1.945,0.005670754707247422,21.903329023883757,0.01095166451194188,0.624820192797527,0.01577817517199271
leading,1.5,1.946,0.005647825206582952,21.896764961488596,0.010948382480744298,0.62463294460677,0.01577821160272472
leading,1.5,1.947,0.005624988420561912,21.89020284395511,0.010945101421977554,0.6244457518956545,0.01577824789702024
leading,1.5,1.948,0.005602243974295865,21.883642670797215,0.010941821335398607,0.6242586146503147,0.015778284055390394
leading,1.5,1.949,0.005579591494412191,21.87708444152858,0.010938542220764291,0.6240715328568773,0.015778320078344343
leading,1.5,1.95,0.005557030609048009,21.87052815566264,0.01093526407783132,0.6238845065014623,0.015778355966389303
leading,1.5,1.951,0.005534560947844038,21.863973812712576,0.010931986906356288,0.6236975355701827,0.01577839172003034
leading,1.5,1.952,0.005512182141938545,21.857421412191336,0.010928710706095668,0.6235106200491446,0.015778427339771143
leading,1.5,1.953,0.005489893823961265,21.85087095361162,0.010925435476805809,0.6233237599244471,0.015778462826113244
leading,1.5,1.954,0.005467695628027394,21.84432243648587,0.010922161218242936,0.6231369551821824,0.015778498179556136
leading,1.5,1.955,0.005445587189731558,21.837775860326328,0.010918887930163164,0.6229502058084361,0.015778533400597643
leading,1.5,1.956,0.005423568146141851,21.83123122464498,0.010915615612322491,0.6227635117892872,0.015778568489733722
leading,1.5,1.957,0.005401638135793871,21.824688528953573,0.010912344264476787,0.6225768731108077,0.015778603447458288
leading,1.5,1.958,0.005379796798684788,21.818147772763627,0.010909073886381813,0.622390289759063,0.01577863827426376
leading,1.5,1.959,0.005358043776267413,21.81160895558643,0.010905804477793215,0.6222037617201118,0.015778672970640333
leading,1.5,1.96,0.005336378711444352,21.805072076933047,0.010902536038466524,0.6220172889800071,0.01577870753707653
leading,1.5,1.961,0.005314801248562106,21.7985371363143,0.010899268568157152,0.6218308715247941,0.015778741974059096
leading,1.5,1.962,0.005293311033405261,21.792004133240802,0.010896002066620402,0.6216445093405124,0.01577877628207302
leading,1.5,1.963,0.0052719077131906465,21.78547306722293,0.010892736533611466,0.6214582024131952,0.01577881046160114
leading,1.5,1.964,0.005250590936561578,21.778943937770833,0.010889471968885418,0.6212719507288684,0.015778844513124824
leading,1.5,1.965,0.005229360353582048,21.772416744394455,0.010886208372197228,0.6210857542735531,0.01577887843712347
leading,1.5,1.966,0.005208215615731017,21.7658914866035,0.01088294574330175,0.6208996130332625,0.01577891223407471
leading,1.5,1.967,0.005187156375896677,21.759368163907478,0.01087968408195374,0.620713526994005,0.015778945904454517
leading,1.5,1.968,0.005166182288370755,21.75284677581565,0.010876423387907825,0.6205274961417815,0.0157789794487368
leading,1.5,1.969,0.005145293008842827,21.746327321837093,0.010873163660918547,0.620341520462588,0.015779012867393895
leading,1.5,1.97,0.005124488194394695,21.739809801480646,0.010869904900740324,0.6201555999424133,0.015779046160896378
leading,1.5,1.971,0.005103767503494716,21.733294214254947,0.010866647107127474,0.6199697345672408,0.015779079329712946
leading,1.5,1.972,0.005083130595992241,21.726780559668427,0.010863390279834214,0.6197839243230479,0.015779112374310643
leading,1.5,1.973,0.00506257713311199,21.72026883722929,0.010860134418614645,0.6195981691958055,0.01577914529515473
leading,1.5,1.974,0.005042106777448523,21.713759046445563,0.010856879523222783,0.6194124691714792,0.0157791780927088
leading,1.5,1.975,0.005021719192960673,21.707251186825022,0.010853625593412512,0.619226824236028,0.015779210767434496
leading,1.5,1.976,0.005001414044966065,21.700745257875287,0.010850372628937644,0.6190412343754059,0.015779243319791973
leading,1.5,1.977,0.00498119100013558,21.694241259103737,0.010847120629551869,0.6188556995755605,0.01577927575023942
leading,1.5,1.978,0.004961049726487914,21.687739190017567,0.010843869595008784,0.6186702198224338,0.015779308059233554
leading,1.5,1.979,0.0049409898933841035,21.681239050123754,0.010840619525061877,0.6184847951019616,0.01577934024722923
leading,1.5,1.98,0.004921011171522143,21.67474083892911,0.010837370419464556,0.6182994254000753,0.015779372314679706
leading,1.5,1.981,0.004901113232931513,21.66824455594022,0.01083412227797011,0.6181141107026994,0.015779404262036306
leading,1.5,1.982,0.004881295750967864,21.661750200663477,0.010830875100331738,0.6179288509957532,0.015779436089749046
leading,1.5,1.983,0.004861558400307599,21.655257772605086,0.010827628886302544,0.6177436462651507,0.01577946779826598
leading,1.5,1.984,0.004841900856942559,21.64876727127106,0.01082438363563553,0.6175584964968001,0.015779499388033504
leading,1.5,1.985,0.004822322798174698,21.642278696167203,0.010821139348083602,0.6173734016766039,0.01577953085949632
leading,1.5,1.986,0.00480282390261081,21.635792046799164,0.010817896023399583,0.6171883617904602,0.01577956221309776
leading,1.5,1.987,0.00478340385015721,21.629307322672364,0.010814653661336182,0.6170033768242604,0.015779593449278987
leading,1.5,1.988,0.004764062322014502,21.622824523292056,0.010811412261646029,0.6168184467638913,0.015779624568479984
leading,1.5,1.989,0.004744799000672344,21.61634364816331,0.010808171824081654,0.6166335715952342,0.01577965557113876
leading,1.5,1.99,0.0047256135699042575,21.609864696790996,0.010804932348395498,0.6164487513041653,0.015779686457691944
leading,1.5,1.991,0.004706505714762381,21.603387668679822,0.01080169383433991,0.6162639858765553,0.015779717228574196
leading,1.5,1.992,0.004687475121572368,21.596912563334293,0.010798456281667146,0.6160792752982699,0.015779747884219073
leading,1.5,1.993,0.004668521477928177,21.59043938025875,0.010795219690129376,0.6158946195551697,0.015779778425057896
leading,1.5,1.994,0.0046496444726869795,21.58396811895734,0.010791984059478671,0.6157100186331098,0.015779808851520777
leading,1.5,1.995,0.004630843795964035,21.577498778934046,0.010788749389467023,0.6155254725179408,0.015779839164036056
leading,1.5,1.996,0.004612119139127633,21.571031359692668,0.010785515679846334,0.6153409811955077,0.015779869363030684
leading,1.5,1.997,0.004593470194793983,21.564565860736824,0.010782282930368411,0.615156544651651,0.015779899448929567
leading,1.5,1.998,0.004574896656822194,21.55810228156998,0.01077905114078499,0.6149721628722061,0.015779929422156492
leading,1.5,1.999,0.004556398220309243,21.551640621695398,0.010775820310847698,0.6147878358430031,0.01577995928313338
leading,1.5,2.0,0.004537974581584991,21.545180880616194,0.010772590440308098,0.6146035635498678,0.015779989032280582
reference,1.0,0.0,10.0,35.055411582995255,0.01752770579149763,1.0,0.0
reference,1.0,0.001,9.959565345622922,35.05539030896406,0.017527695154482027,0.9999993931313245,0.0
reference,1.0,0.002,9.919294187373302,35.055326610109276,0.017527663305054637,0.999997576040841,0.0
reference,1.0,0.003,9.879185864160203,35.055220670725575,0.01752761033536279,0.9999945539857883,0.0
reference,1.0,0.004,9.839239717565778,35.05507267435857,0.017527536337179284,0.9999903322020373,0.0
reference,1.0,0.005,9.79945509183448,35.05488280380793,0.017527441401903963,0.99998491590418,0.0
reference,1.0,0.006,9.759831333862277,35.05465124113032,0.01752732562056516,0.9999783102856136,0.0
reference,1.0,0.007,9.720367793185947,35.054378167642476,0.017527189083821237,0.9999705205186271,0.0
reference,1.0,0.008,9.68106382197239,35.054063763924155,0.017527031881962078,0.9999615517544871,0.0
reference,1.0,0.009000000000000001,9.641918775008001,35.05370820982111,0.017526854104910554,0.9999514091235211,0.0
reference,1.0,0.01,9.60293200968807,35.0533116844481,0.01752665584222405,0.9999400977352045,0.0
reference,1.0,0.011,9.56410288600624,35.05287436619181,0.017526437183095905,0.9999276226782435,0.0
reference,1.0,0.012,9.52543076654399,35.052396432713806,0.017526198216356904,0.9999139890206592,0.0
reference,1.0,0.013000000000000001,9.48691501646019,35.0518780609535,0.01752593903047675,0.999899201809872,0.0
reference,1.0,0.014,9.448555003480662,35.05131942713099,0.017525659713565497,0.9998832660727838,0.0
reference,1.0,0.015,9.410350097887806,35.05072070675007,0.017525360353375034,0.9998661868158621,0.0
reference,1.0,0.016,9.372299672510266,35.05008207460106,0.01752504103730053,0.9998479690252222,0.0
reference,1.0,0.017,9.334403102712631,35.04940370476369,0.017524701852381846,0.9998286176667092,0.0
reference,1.0,0.018000000000000002,9.29665976638518,35.04868577061005,0.017524342885305026,0.9998081376859809,0.0
reference,1.0,0.019,9.259069043933671,35.04792844480735,0.017523964222403675,0.9997865340085883,0.0
reference,1.0,0.02,9.221630318269176,35.04713189932083,0.017523565949660418,0.9997638115400579,0.0
reference,1.0,0.021,9.184342974797936,35.0462963054166,0.0175231481527083,0.9997399751659718,0.0
reference,1.0,0.022,9.147206401411285,35.04542183366446,0.017522710916832232,0.9997150297520501,0.0
reference,1.0,0.023,9.110219988475599,35.0445086539407,0.01752225432697035,0.9996889801442286,0.0
reference,1.0,0.024,9.073383128822282,35.04355693543092,0.017521778467715462,0.9996618311687407,0.0
reference,1.0,0.025,9.036695217737808,35.04256684663284,0.01752128342331642,0.9996335876321975,0.0
reference,1.0,0.026000000000000002,9.000155652953785,35.04153855535904,0.01752076927767952,0.9996042543216653,0.0
reference,1.0,0.027,8.963763834637076,35.04047222873977,0.017520236114369887,0.999573836004746,0.0
reference,1.0,0.028,8.927519165379946,35.03936803322572,0.01751968401661286,0.9995423374296561,0.0
reference,1.0,0.029,8.891421050190258,35.0382261345907,0.01751911306729535,0.9995097633253038,0.0
reference,1.0,0.03,8.855468896481705,35.037046697934464,0.01751852334896723,0.9994761184013683,0.0
reference,1.0,0.031,8.819662114064085,35.035829887685374,0.017517914943842687,0.9994414073483769,0.0
reference,1.0,0.032,8.784000115133605,35.034575867603145,0.017517287933801574,0.999405634837783,0.0
reference,1.0,0.033,8.74848231426324,35.033284800781544,0.01751664240039077,0.9993688055220425,0.0
reference,1.0,0.034,8.713108128393118,35.03195684965108,0.01751597842482554,0.9993309240346917,0.0
reference,1.0,0.035,8.67787697682095,35.03059217598172,0.017515296087990857,0.9992919949904232,0.0
reference,1.0,0.036000000000000004,8.642788281192495,35.02919094088548,0.017514595470442738,0.9992520229851617,0.0
reference,1.0,0.037,8.607841465492067,35.02775330481916,0.01751387665240958,0.9992110125961404,0.0
reference,1.0,0.038,8.573035956033081,35.02627942758699,0.017513139713793497,0.9991689683819774,0.0
reference,1.0,0.039,8.538371181448634,35.024769468343244,0.01751238473417162,0.9991258948827497,0.0
reference,1.0,0.04,8.503846572682125,35.023223585594856,0.017511611792797428,0.9990817966200685,0.0
reference,1.0,0.041,8.469461562977916,35.02164193720409,0.017510820968602046,0.9990366780971544,0.0
reference,1.0,0.042,8.435215587872019,35.02002468039109,0.017510012340195544,0.9989905437989114,0.0
reference,1.0,0.043000000000000003,8.401108085182845,35.01837197173653,0.017509185985868266,0.9989433981920014,0.0
reference,1.0,0.044,8.36713849500196,35.01668396718417,0.017508341983592086,0.9988952457249177,0.0
reference,1.0,0.045,8.333306259684903,35.01496082204342,0.017507480411021712,0.9988460908280575,0.0
reference,1.0,0.046,8.299610823842034,35.013202690991946,0.017506601345495972,0.9987959379137975,0.0
reference,1.0,0.047,8.266051634329404,35.0114097280782,0.0175057048640391,0.9987447913765645,0.0
reference,1.0,0.048,8.232628140239683,35.00958208672397,0.017504791043361983,0.9986926555929094,0.0
reference,1.0,0.049,8.199339792893124,35.0077199197269,0.017503859959863453,0.9986395349215786,0.0
reference,1.0,0.05,8.166186045828537,35.00582337926305,0.017502911689631525,0.9985854337035865,0.0
reference,1.0,0.051000000000000004,8.133166354794337,35.00389261688939,0.017501946308444694,0.9985303562622879,0.0
reference,1.0,0.052000000000000005,8.100280177739599,35.00192778354628,0.01750096389177314,0.9984743069034476,0.0
reference,1.0,0.053,8.067526974805158,34.999929029560015,0.017499964514780007,0.9984172899153135,0.0
reference,1.0,0.054,8.034906208314759,34.997896504645276,0.01749894825232264,0.9983593095686865,0.0
reference,1.0,0.055,8.002417342766213,34.99583035790759,0.017497915178953796,0.9983003701169904,0.0
reference,1.0,0.056,7.970059844822624,34.99373073784586,0.01749686536892293,0.9982404757963442,0.0
reference,1.0,0.057,7.937833183303621,34.99159779235473,0.017495798896177365,0.9981796308256304,0.0
reference,1.0,0.058,7.905736829176643,34.9894316687271,0.01749471583436355,0.9981178394065651,0.0
reference,1.0,0.059000000000000004,7.873770255548252,34.987232513656515,0.017493616256828257,0.9980551057237675,0.0
reference,1.0,0.06,7.841932937655491,34.98500047323964,0.01749250023661982,0.99799143394483,0.0
reference,1.0,0.061,7.810224352857259,34.9827356929786,0.0174913678464893,0.997926828220385,0.0
reference,1.0,0.062,7.778643980625736,34.98043831778346,0.01749021915889173,0.9978612926841753,0.0
reference,1.0,0.063,7.747191302537841,34.978108491974574,0.017489054245987287,0.9977948314531221,0.0
reference,1.0,0.064,7.71586580226672,34.975746359285,0.0174878731796425,0.9977274486273925,0.0
reference,1.0,0.065,7.684666965573261,34.973352062862844,0.017486676031431423,0.9976591482904678,0.0
reference,1.0,0.066,7.653594280297671,34.970925745273654,0.017485462872636828,0.9975899345092104,0.0
reference,1.0,0.067,7.622647236351049,34.968467548502765,0.017484233774251384,0.9975198113339321,0.0
reference,1.0,0.068,7.591825325707024,34.965977613957634,0.01748298880697882,0.9974487827984595,0.0
reference,1.0,0.069,7.561128042393412,34.963456082470216,0.017481728041235108,0.9973768529202024,0.0
reference,1.0,0.07,7.530554882483912,34.96090309429924,0.017480451547149622,0.9973040257002186,0.0
reference,1.0,0.07100000000000001,7.5001053440898255,34.95831878913257,0.017479159394566283,0.9972303051232814,0.0
reference,1.0,0.07200000000000001,7.46977892735183,34.9557033060895,0.01747785165304475,0.9971556951579446,0.0
reference,1.0,0.073,7.439575134431765,34.95305678372304,0.01747652839186152,0.9970801997566087,0.0
reference,1.0,0.074,7.40949346950446,34.95037936002225,0.017475189680011122,0.9970038228555856,0.0
reference,1.0,0.075,7.379533438749597,34.94767117241445,0.017473835586207225,0.9969265683751645,0.0
reference,1.0,0.076,7.349694550343604,34.94493235776758,0.01747246617888379,0.9968484402196758,0.0
reference,1.0,0.077,7.31997631445158,34.942163052392374,0.017471081526196187,0.9967694422775565,0.0
reference,1.0,0.078,7.290378243219254,34.93936339204468,0.01746968169602234,0.9966895784214137,0.0
reference,1.0,0.079,7.2608998507649805,34.93653351192769,0.017468266755963847,0.9966088525080895,0.0
reference,1.0,0.08,7.231540653171754,34.93367354669415,0.017466836773347077,0.9965272683787243,0.0
reference,1.0,0.081,7.202300168479274,34.93078363044862,0.017465391815224312,0.9964448298588202,0.0
reference,1.0,0.082,7.173177916676031,34.92786389674965,0.017463931948374825,0.996361540758304,0.0
reference,1.0,0.083,7.144173419691423,34.92491447861205,0.017462457239306027,0.9962774048715918,0.0
reference,1.0,0.084,7.115286201387909,34.92193550850903,0.017460967754254514,0.9961924259776492,0.0
reference,1.0,0.085,7.086515787553198,34.918927118374434,0.01745946355918722,0.9961066078400567,0.0
reference,1.0,0.08600000000000001,7.0578617058924555,34.915889439604896,0.01745794471980245,0.9960199542070691,0.0
reference,1.0,0.08700000000000001,7.029323486020558,34.912822603062004,0.017456411301531003,0.9959324688116793,0.0
reference,1.0,0.088,7.0009006594543655,34.90972673907453,0.017454863369537266,0.9958441553716804,0.0
reference,1.0,0.089,6.972592759605036,34.90660197744047,0.017453300988720232,0.9957550175897243,0.0
reference,1.0,0.09,6.944399321770361,34.90344844742932,0.01745172422371466,0.9956650591533875,0.0
reference,1.0,0.091,6.916319883127141,34.90026627778412,0.01745013313889206,0.995574283735228,0.0
reference,1.0,0.092,6.888353982723585,34.89705559672362,0.01744852779836181,0.995482694992848,0.0
reference,1.0,0.093,6.860501161471745,34.89381653194442,0.01744690826597221,0.9953902965689547,0.0
reference,1.0,0.094,6.83276096213998,34.89054921062302,0.01744527460531151,0.9952970920914189,0.0
reference,1.0,0.095,6.805132929345446,34.88725375941801,0.017443626879709004,0.9952030851733369,0.0
reference,1.0,0.096,6.77761660954663,34.88393030447209,0.017441965152236043,0.9951082794130892,0.0
reference,1.0,0.097,6.750211551035895,34.88057897141419,0.017440289485707094,0.9950126783944002,0.0
reference,1.0,0.098,6.722917303932064,34.87719988536154,0.017438599942680773,0.9949162856863971,0.0
reference,1.0,0.099,6.695733420173047,34.87379317092177,0.017436896585460885,0.9948191048436703,0.0
reference,1.0,0.1,6.668659453508472,34.870358952194934,0.01743517947609747,0.994721139406331,0.0
reference,1.0,0.101,6.641694959492367,34.86689735277557,0.017433448676387783,0.9946223929000698,0.0
reference,1.0,0.10200000000000001,6.614839495475861,34.86340849575475,0.017431704247877374,0.9945228688362158,0.0
reference,1.0,0.10300000000000001,6.58809262059992,34.85989250372213,0.017429946251861065,0.9944225707117936,0.0
reference,1.0,0.10400000000000001,6.561453895788106,34.856349498767955,0.017428174749383976,0.9943215020095824,0.0
reference,1.0,0.105,6.534922883739373,34.8527796024851,0.017426389801242552,0.9942196661981727,0.0
reference,1.0,0.106,6.508499148920888,34.84918293597109,0.017424591467985546,0.9941170667320249,0.0
reference,1.0,0.107,6.482182257560875,34.845559619830055,0.017422779809915027,0.9940137070515243,0.0
reference,1.0,0.108,6.455971777641505,34.84190977417478,0.017420954887087392,0.9939095905830403,0.0
reference,1.0,0.109,6.429867278891793,34.83823351862866,0.017419116759314332,0.9938047207389816,0.0
reference,1.0,0.11,6.4038683327805455,34.834530972327705,0.017417265486163853,0.9936991009178539,0.0
reference,1.0,0.111,6.377974512509317,34.83080225392249,0.017415401126961248,0.993592734504315,0.0
reference,1.0,0.112,6.352185393005403,34.82704748158012,0.017413523740790058,0.993485624869231,0.0
reference,1.0,0.113,6.326500550914873,34.823266772986216,0.017411633386493108,0.9933777753697336,0.0
reference,1.0,0.114,6.30091956459561,34.819460245346825,0.01740973012267341,0.9932691893492733,0.0
reference,1.0,0.115,6.275442014110389,34.81562801539037,0.017407814007695182,0.9931598701376765,0.0
reference,1.0,0.116,6.250067481219995,34.811770199369604,0.0174058850996848,0.9930498210512001,0.0
reference,1.0,0.117,6.224795549376339,34.80788691306351,0.01740394345653176,0.992939045392586,0.0
reference,1.0,0.11800000000000001,6.199625803715639,34.80397827177923,0.017401989135889615,0.9928275464511165,0.0
reference,1.0,0.11900000000000001,6.174557831051594,34.80004439035397,0.017400022195176983,0.9927153275026683,0.0
reference,1.0,0.12,6.149591219868609,34.7960853831569,0.01739804269157845,0.992602391809767,0.0
reference,1.0,0.121,6.124725560315039,34.79210136409103,0.017396050682045517,0.9924887426216399,0.0
reference,1.0,0.122,6.0999604441964586,34.78809244659516,0.017394046223297578,0.9923743831742723,0.0
reference,1.0,0.123,6.075295464968965,34.78405874364567,0.017392029371822836,0.992259316690459,0.0
reference,1.0,0.124,6.050730217732499,34.780000367758475,0.017390000183879237,0.9921435463798584,0.0
reference,1.0,0.125,6.026264299224204,34.7759174309908,0.0173879587154954,0.9920270754390449,0.0
reference,1.0,0.126,6.001897307811798,34.771810044943116,0.01738590502247156,0.9919099070515632,0.0
reference,1.0,0.127,5.97762884348699,34.76767832076096,0.017383839160380478,0.9917920443879805,0.0
reference,1.0,0.128,5.953458507858905,34.76352236913674,0.01738176118456837,0.991673490605938,0.0
reference,1.0,0.129,5.92938590414755,34.759342300311616,0.017379671150155807,0.9915542488502044,0.0
reference,1.0,0.13,5.9054106371772965,34.75513822407732,0.017377569112038662,0.9914343222527277,0.0
reference,1.0,0.131,5.881532313370398,34.75091024977796,0.01737545512488898,0.991313713932687,0.0
reference,1.0,0.132,5.857750540740523,34.7466584863118,0.0173733292431559,0.9911924269965433,0.0
reference,1.0,0.133,5.834064928886323,34.74238304213314,0.01737119152106657,0.9910704645380927,0.0
reference,1.0,0.134,5.8104750889850285,34.73808402525406,0.01736904201262703,0.9909478296385166,0.0
reference,1.0,0.135,5.786980633786055,34.73376154324622,0.01736688077162311,0.9908245253664326,0.0
reference,1.0,0.136,5.763581177604657,34.7294157032426,0.0173647078516213,0.990700554777945,0.0
reference,1.0,0.137,5.740276336315588,34.72504661193939,0.017362523305969695,0.9905759209166975,0.0
reference,1.0,0.138,5.717065727346804,34.72065437559763,0.017360327187798816,0.9904506268139209,0.0
reference,1.0,0.139,5.6939489696731735,34.71623910004504,0.01735811955002252,0.9903246754884845,0.0
reference,1.0,0.14,5.670925683810228,34.71180089067776,0.01735590044533888,0.9901980699469471,0.0
reference,1.0,0.14100000000000001,5.647995491807931,34.70733985246209,0.017353669926231045,0.9900708131836053,0.0
reference,1.0,0.14200000000000002,5.625158017244476,34.70285608993623,0.017351428044968118,0.9899429081805435,0.0
reference,1.0,0.14300000000000002,5.602412885220103,34.698349707212024,0.017349174853606014,0.9898143579076837,0.0
reference,1.0,0.14400000000000002,5.579759722350946,34.693820807976664,0.017346910403988332,0.9896851653228345,0.0
reference,1.0,0.145,5.557198156762907,34.689269495494415,0.01734463474774721,0.9895553333717397,0.0
reference,1.0,0.146,5.534727818085542,34.684695872608366,0.017342347936304185,0.9894248649881288,0.0
reference,1.0,0.147,5.512348337445994,34.68010004174206,0.01734005002087103,0.9892937630937628,0.0
reference,1.0,0.148,5.490059347462923,34.675482104901256,0.017337741052450627,0.9891620305984855,0.0
reference,1.0,0.149,5.467860482240493,34.670842163675566,0.017335421081837783,0.9890296704002689,0.0
reference,1.0,0.15,5.445751377362345,34.66618031924021,0.017333090159620108,0.9888966853852644,0.0
reference,1.0,0.151,5.423731669885631,34.6614966723576,0.0173307483361788,0.9887630784278472,0.0
reference,1.0,0.152,5.401800998335046,34.6567913233791,0.01732839566168955,0.9886288523906672,0.0
reference,1.0,0.153,5.379959002696903,34.65206437224664,0.01732603218612332,0.9884940101246944,0.0
reference,1.0,0.154,5.358205324413213,34.64731591849437,0.017323657959247184,0.9883585544692665,0.0
reference,1.0,0.155,5.336539606375807,34.642546061250314,0.017321273030625157,0.9882224882521358,0.0
reference,1.0,0.156,5.314961492920466,34.637754899238054,0.017318877449619026,0.9880858142895176,0.0
reference,1.0,0.157,5.293470629821094,34.632942530778294,0.017316471265389148,0.9879485353861344,0.0
reference,1.0,0.158,5.272066664283891,34.62810905379057,0.017314054526895283,0.9878106543352649,0.0
reference,1.0,0.159,5.250749244941567,34.6232545657948,0.017311627282897403,0.9876721739187885,0.0
reference,1.0,0.16,5.229518021847576,34.61837916391294,0.01730918958195647,0.9875330969072316,0.0
reference,1.0,0.161,5.208372646470365,34.61348294487061,0.017306741472435307,0.9873934260598151,0.0
reference,1.0,0.162,5.187312771687659,34.60856600499865,0.017304283002499324,0.9872531641244983,0.0
reference,1.0,0.163,5.166338051780759,34.60362844023476,0.017301814220117378,0.9871123138380252,0.0
reference,1.0,0.164,5.145448142428869,34.59867034612504,0.01729933517306252,0.9869708779259698,0.0
reference,1.0,0.165,5.124642700703439,34.59369181782566,0.01729684590891283,0.9868288591027821,0.0
reference,1.0,0.166,5.103921385062544,34.58869295010435,0.017294346475052177,0.9866862600718316,0.0
reference,1.0,0.167,5.0832838553452655,34.583673837342026,0.017291836918671012,0.9865430835254532,0.0
reference,1.0,0.168,5.062729772766118,34.57863457353431,0.017289317286767154,0.9863993321449912,0.0
reference,1.0,0.169,5.042258799909484,34.57357525229315,0.017286787626146577,0.9862550086008451,0.0
reference,1.0,0.17,5.021870600724072,34.56849596684832,0.01728424798342416,0.9861101155525119,0.0
reference,1.0,0.171,5.001564840517403,34.56339681004898,0.017281698405024488,0.9859646556486319,0.0
reference,1.0,0.17200000000000001,4.981341185950317,34.55827787436524,0.01727913893718262,0.9858186315270318,0.0
reference,1.0,0.17300000000000001,4.961199305031496,34.55313925188964,0.01727656962594482,0.9856720458147677,0.0
reference,1.0,0.17400000000000002,4.94113886711202,34.547981034338754,0.017273990517169376,0.9855249011281714,0.0
reference,1.0,0.17500000000000002,4.921159542879938,34.54280331305465,0.017271401656527324,0.9853772000728908,0.0
reference,1.0,0.176,4.901261004354857,34.53760617900642,0.01726880308950321,0.9852289452439345,0.0
reference,1.0,0.177,4.881442924882563,34.5323897227917,0.01726619486139585,0.9850801392257147,0.0
reference,1.0,0.178,4.861704979129657,34.527154034638166,0.017263577017319082,0.9849307845920903,0.0
reference,1.0,0.179,4.842046843078214,34.52189920440504,0.017260949602202518,0.984780883906409,0.0
reference,1.0,0.18,4.822468194020465,34.51662532158455,0.017258312660792276,0.9846304397215504,0.0
reference,1.0,0.181,4.802968710553498,34.511332475303476,0.017255666237651738,0.9844794545799684,0.0
reference,1.0,0.182,4.783548072573983,34.50602075432455,0.017253010377162276,0.9843279310137325,0.0
reference,1.0,0.183,4.764205961272916,34.50069024704801,0.017250345123524007,0.9841758715445712,0.0
reference,1.0,0.184,4.744942059130387,34.495341041512994,0.017247670520756497,0.9840232786839125,0.0
reference,1.0,0.185,4.725756049910367,34.48997322539905,0.017244986612699523,0.9838701549329265,0.0
reference,1.0,0.186,4.7066476186555155,34.48458688602757,0.017242293443013788,0.9837165027825666,0.0
reference,1.0,0.187,4.687616451682012,34.47918211036324,0.01723959105518162,0.9835623247136105,0.0
reference,1.0,0.188,4.668662236574406,34.473758985015515,0.017236879492507757,0.9834076231967024,0.0
reference,1.0,0.189,4.649784662180485,34.468317596239984,0.017234158798119993,0.9832524006923924,0.0
reference,1.0,0.19,4.630983418606174,34.46285802993989,0.017231429014969945,0.9830966596511791,0.0
reference,1.0,0.191,4.612258197210442,34.45738037166748,0.017228690185833742,0.982940402513549,0.0
reference,1.0,0.192,4.593608690600236,34.45188470662549,0.017225942353312745,0.9827836317100176,0.0
reference,1.0,0.193,4.575034592625441,34.446371119668505,0.017223185559834254,0.9826263496611695,0.0
reference,1.0,0.194,4.556535598373842,34.44083969530439,0.017220419847652196,0.9824685587776986,0.0
reference,1.0,0.195,4.5381114041661315,34.43529051769571,0.017217645258847857,0.9823102614604488,0.0
reference,1.0,0.196,4.519761707550918,34.4297236706611,0.01721486183533055,0.9821514601004523,0.0
reference,1.0,0.197,4.50148620729976,34.42413923767665,0.017212069618838324,0.9819921570789708,0.0
reference,1.0,0.198,4.483284603402225,34.41853730187735,0.017209268650938674,0.9818323547675349,0.0
reference,1.0,0.199,4.465156597060961,34.41291794605839,0.017206458973029196,0.9816720555279823,0.0
reference,1.0,0.2,4.447101890686792,34.407281252676604,0.017203640626338303,0.9815112617124985,0.0
reference,1.0,0.201,4.429120187893834,34.4016273038518,0.017200813651925898,0.9813499756636548,0.0
reference,1.0,0.202,4.411211193494632,34.3959561813681,0.01719797809068405,0.9811881997144474,0.0
reference,1.0,0.203,4.393374613495306,34.390267966675395,0.017195133983337697,0.9810259361883371,0.0
reference,1.0,0.20400000000000001,4.375610155090735,34.38456274089058,0.01719228137044529,0.9808631873992861,0.0
reference,1.0,0.20500000000000002,4.357917526659742,34.37884058479897,0.017189420292399487,0.980699955651798,0.0
reference,1.0,0.20600000000000002,4.340296437760312,34.37310157885565,0.017186550789427827,0.9805362432409558,0.0
reference,1.0,0.20700000000000002,4.322746599124821,34.367345803186765,0.017183672901593384,0.9803720524524591,0.0
reference,1.0,0.20800000000000002,4.305267722655291,34.361573337590876,0.01718078666879544,0.9802073855626631,0.0
reference,1.0,0.209,4.287859521418655,34.3557842615403,0.017177892130770152,0.9800422448386162,0.0
reference,1.0,0.21,4.270521709642053,34.34997865418239,0.017174989327091193,0.9798766325380969,0.0
reference,1.0,0.211,4.253254002708134,34.3441565943409,0.017172078297170452,0.9797105509096526,0.0
reference,1.0,0.212,4.236056117150391,34.338318160517254,0.017169159080258626,0.9795440021926358,0.0
reference,1.0,0.213,4.218927770648503,34.332463430891885,0.017166231715445943,0.9793769886172422,0.0
reference,1.0,0.214,4.2018686820237,34.32659248332548,0.01716329624166274,0.9792095124045466,0.0
reference,1.0,0.215,4.18487857123415,34.320705395360335,0.017160352697680167,0.9790415757665412,0.0
reference,1.0,0.216,4.167957159370361,34.314802244221625,0.017157401122110814,0.9788731809061718,0.0
reference,1.0,0.217,4.151104168650599,34.30888310681865,0.017154441553409325,0.9787043300173736,0.0
reference,1.0,0.218,4.134319322416336,34.302948059746164,0.017151474029873083,0.9785350252851089,0.0
reference,1.0,0.219,4.117602345127698,34.29699717928563,0.017148498589642815,0.9783652688854033,0.0
reference,1.0,0.22,4.100952962358949,34.29103054140648,0.017145515270703238,0.9781950629853804,0.0
reference,1.0,0.221,4.084370900793985,34.28504822176736,0.01714252411088368,0.9780244097432996,0.0
reference,1.0,0.222,4.067855888221845,34.27905029571744,0.01713952514785872,0.9778533113085908,0.0
reference,1.0,0.223,4.051407653532244,34.27303683829763,0.017136518419148813,0.9776817698218913,0.0
reference,1.0,0.224,4.035025926711121,34.267007924241824,0.017133503962120912,0.97750978741508,0.0
reference,1.0,0.225,4.01871043883621,34.260963627978164,0.017130481813989084,0.9773373662113137,0.0
reference,1.0,0.226,4.00246092207262,34.254904023630246,0.017127452011815123,0.9771645083250621,0.0
reference,1.0,0.227,3.986277109668443,34.248829185018415,0.01712441459250921,0.9769912158621439,0.0
reference,1.0,0.228,3.9701587359503727,34.2427391856609,0.017121369592830452,0.9768174909197596,0.0
reference,1.0,0.229,3.9541055363193434,34.23663409877512,0.01711831704938756,0.9766433355865287,0.0
reference,1.0,0.23,3.9381172472461867,34.23051399727884,0.01711525699863942,0.976468751942523,0.0
reference,1.0,0.231,3.9221936062673053,34.22437895379145,0.017112189476895724,0.9762937420593024,0.0
reference,1.0,0.232,3.906334351980365,34.218229040635094,0.017109114520317548,0.9761183079999476,0.0
reference,1.0,0.233,3.8905392240400016,34.21206432983594,0.017106032164917972,0.9759424518190963,0.0
reference,1.0,0.234,3.8748079631535495,34.205884893125344,0.01710294244656267,0.9757661755629764,0.0
reference,1.0,0.23500000000000001,3.8591403110767826,34.19969080194103,0.017099845400970516,0.9755894812694392,0.0
reference,1.0,0.23600000000000002,3.8435360106096783,34.19348212742835,0.017096741063714175,0.9754123709679958,0.0
reference,1.0,0.23700000000000002,3.8279948055921933,34.18725894044134,0.01709362947022067,0.9752348466798478,0.0
reference,1.0,0.23800000000000002,3.8125164409000556,34.18102131154405,0.017090510655772027,0.9750569104179238,0.0
reference,1.0,0.23900000000000002,3.7971006624405836,34.17476931101159,0.017087384655505793,0.97487856418691,0.0
reference,1.0,0.24,3.781747217148508,34.16850300883137,0.017084251504415688,0.9746998099832864,0.0
reference,1.0,0.241,3.76645585298182,34.16222247470427,0.017081111237352137,0.9745206497953585,0.0
reference,1.0,0.242,3.751226318917636,34.155927778045715,0.017077963889022857,0.9743410856032891,0.0
reference,1.0,0.243,3.736058364948072,34.149618987986955,0.017074809493993478,0.9741611193791351,0.0
reference,1.0,0.244,3.720951742076145,34.143296173376115,0.017071648086688058,0.973980753086876,0.0
reference,1.0,0.245,3.7059062023116813,34.13695940277939,0.017068479701389694,0.9737999886824495,0.0
reference,1.0,0.246,3.6909214986672465,34.13060874448216,0.01706530437224108,0.9736188281137825,0.0
reference,1.0,0.247,3.675997385154093,34.12424426649016,0.01706212213324508,0.9734372733208247,0.0
reference,1.0,0.248,3.6611336167781183,34.11786603653056,0.01705893301826528,0.9732553262355794,0.0
reference,1.0,0.249,3.646329949535845,34.11147412205316,0.01705573706102658,0.9730729887821377,0.0
reference,1.0,0.25,3.6315861404104184,34.10506859023146,0.01705253429511573,0.9728902628767083,0.0
reference,1.0,0.251,3.6169019473676105,34.098649507963785,0.017049324753981892,0.972707150427651,0.0
reference,1.0,0.252,3.602277129351851,34.09221694187443,0.017046108470937217,0.9725236533355082,0.0
reference,1.0,0.253,3.5877114462822712,34.08577095831473,0.017042885479157367,0.9723397734930354,0.0
reference,1.0,0.254,3.57320465904876,34.07931162336418,0.01703965581168209,0.9721555127852338,0.0
reference,1.0,0.255,3.55875652950804,34.07283900283154,0.01703641950141577,0.9719708730893823,0.0
reference,1.0,0.256,3.544366820479757,34.06635316225596,0.01703317658112798,0.9717858562750673,0.0
reference,1.0,0.257,3.5300352957425885,34.05985416690798,0.01702992708345399,0.9716004642042143,0.0
reference,1.0,0.258,3.5157617200303646,34.05334208179073,0.017026671040895367,0.9714146987311194,0.0
reference,1.0,0.259,3.5015458590282056,34.04681697164093,0.017023408485820464,0.9712285617024797,0.0
reference,1.0,0.26,3.487387479368676,34.04027890093001,0.017020139450465006,0.9710420549574245,0.0
reference,1.0,0.261,3.473286348627954,34.033727933865165,0.017016863966932583,0.9708551803275449,0.0
reference,1.0,0.262,3.459242235322014,34.02716413439042,0.01701358206719521,0.9706679396369255,0.0
reference,1.0,0.263,3.4452549089028306,34.020587566187736,0.017010293783093867,0.970480334702175,0.0
reference,1.0,0.264,3.431324139754588,34.013998292678004,0.017006999146339002,0.9702923673324543,0.0
reference,1.0,0.265,3.4174496991899184,34.007396377022175,0.017003698188511086,0.9701040393295096,0.0
reference,1.0,0.266,3.403631359446138,34.00078188212223,0.01700039094106112,0.9699153524876997,0.0
reference,1.0,0.267,3.38986889368152,33.99415487062234,0.01699707743531117,0.9697263085940285,0.0
reference,1.0,0.268,3.376162075971558,33.98751540490975,0.016993757702454877,0.9695369094281716,0.0
reference,1.0,0.269,3.3625106813052663,33.980863547116,0.016990431773558003,0.9693471567625097,0.0
reference,1.0,0.27,3.348914485581485,33.97419935911783,0.016987099679558918,0.9691570523621551,0.0
reference,1.0,0.271,3.335373265605197,33.967522902538256,0.01698376145126913,0.9689665979849823,0.0
reference,1.0,0.272,3.321886799083868,33.960834238747594,0.016980417119373797,0.9687757953816574,0.0
reference,1.0,0.273,3.308454864623795,33.95413342886447,0.016977066714432238,0.9685846462956667,0.0
reference,1.0,0.274,3.2950772417264718,33.94742053375691,0.016973710266878456,0.9683931524633472,0.0
reference,1.0,0.275,3.2817537107849732,33.94069561404323,0.016970347807021613,0.9682013156139135,0.0
reference,1.0,0.276,3.2684840530803445,33.93395873009312,0.01696697936504656,0.9680091374694875,0.0
reference,1.0,0.277,3.255268050778015,33.92720994202868,0.016963604971014342,0.9678166197451282,0.0
reference,1.0,0.278,3.24210548692422,33.92044930972536,0.01696022465486268,0.9676237641488585,0.0
reference,1.0,0.279,3.228996145442438,33.913676892812994,0.016956838446406497,0.9674305723816948,0.0
reference,1.0,0.28,3.2159398111298505,33.906892750676775,0.01695344637533839,0.9672370461376752,0.0
reference,1.0,0.281,3.2029362696537977,33.90009694245825,0.016950048471229124,0.967043187103887,0.0
reference,1.0,0.28200000000000003,3.1899853075482723,33.89328952705633,0.016946644763528168,0.9668489969604964,0.0
reference,1.0,0.28300000000000003,3.1770867122104045,33.886470563128235,0.016943235281564117,0.9666544773807747,0.0
reference,1.0,0.28400000000000003,3.164240271896981,33.87964010909049,0.016939820054545245,0.9664596300311272,0.0
reference,1.0,0.28500000000000003,3.1514457757209624,33.87279822311992,0.01693639911155996,0.9662644565711219,0.0
reference,1.0,0.28600000000000003,3.1387030136480236,33.865944963154575,0.01693297248157729,0.9660689586535145,0.0
reference,1.0,0.28700000000000003,3.126011776493109,33.85908038689473,0.016929540193447366,0.9658731379242786,0.0
reference,1.0,0.28800000000000003,3.113371855916991,33.852204551803844,0.01692610227590192,0.9656769960226322,0.0
reference,1.0,0.289,3.100783044422859,33.8453175151095,0.01692265875755475,0.9654805345810645,0.0
reference,1.0,0.29,3.088245135352905,33.83841933380439,0.016919209666902194,0.9652837552253642,0.0
reference,1.0,0.291,3.075757922884936,33.83151006464724,0.01691575503232362,0.9650866595746459,0.0
reference,1.0,0.292,3.0633212020289946,33.824589764163754,0.016912294882081878,0.9648892492413768,0.0
reference,1.0,0.293,3.0509347686239923,33.81765848864759,0.016908829244323794,0.9646915258314046,0.0
reference,1.0,0.294,3.0385984193343605,33.81071629416127,0.016905358147080635,0.9644934909439841,0.0
reference,1.0,0.295,3.0263119516467087,33.8037632365371,0.01690188161826855,0.9642951461718023,0.0
reference,1.0,0.296,3.0140751638665026,33.79679937137819,0.016898399685689097,0.9640964931010083,0.0
reference,1.0,0.297,3.001887855114755,33.789824754059254,0.016894912377029628,0.9638975333112358,0.0
reference,1.0,0.298,2.9897498253247234,33.78283943972761,0.016891419719863805,0.9636982683756323,0.0
reference,1.0,0.299,2.9776608752386298,33.775843483304115,0.01688792174165206,0.9634986998608844,0.0
reference,1.0,0.3,2.9656208064043876,33.768836939484046,0.016884418469742025,0.9632988293272442,0.0
reference,1.0,0.301,2.953629421172344,33.76181986273801,0.016880909931369006,0.9630986583285548,0.0
reference,1.0,0.302,2.941686522692037,33.75479230731286,0.01687739615365643,0.9628981884122764,0.0
reference,1.0,0.303,2.92979191490896,33.74775432723264,0.01687387716361632,0.9626974211195132,0.0
reference,1.0,0.304,2.9179454025613505,33.74070597629943,0.016870352988149716,0.9624963579850375,0.0
reference,1.0,0.305,2.906146791176975,33.73364730809427,0.016866823654047135,0.9622950005373165,0.0
reference,1.0,0.306,2.8943958870699453,33.72657837597806,0.01686328918798903,0.9620933502985374,0.0
reference,1.0,0.307,2.8826924973375343,33.71949923309243,0.016859749616546214,0.9618914087846324,0.0
reference,1.0,0.308,2.87103642985701,33.71240993236067,0.016856204966180337,0.9616891775053057,0.0
reference,1.0,0.309,2.859427493282483,33.70531052648856,0.01685265526324428,0.9614866579640559,0.0
reference,1.0,0.31,2.8478654970417643,33.69820106796528,0.016849100533982638,0.9612838516582035,0.0
reference,1.0,0.311,2.836350251333235,33.691081609064305,0.016845540804532152,0.9610807600789157,0.0
reference,1.0,0.312,2.824881567122735,33.683952201844235,0.01684197610092212,0.9608773847112299,0.0
reference,1.0,0.313,2.813459256140456,33.676812898149684,0.016838406449074843,0.9606737270340793,0.0
reference,1.0,0.314,2.802083130877853,33.66966374961218,0.01683483187480609,0.9604697885203185,0.0
reference,1.0,0.315,2.7907530045845643,33.66250480765094,0.01683125240382547,0.9602655706367462,0.0
reference,1.0,0.316,2.7794686912653472,33.65533612347385,0.016827668061736925,0.9600610748441318,0.0
reference,1.0,0.317,2.768230005677025,33.64815774807822,0.01682407887403911,0.9598563025972381,0.0
reference,1.0,0.318,2.757036763325444,33.640969732251676,0.016820484866125838,0.9596512553448467,0.0
reference,1.0,0.319,2.7458887804624474,33.633772126573014,0.016816886063286508,0.9594459345297817,0.0
reference,1.0,0.32,2.734785874082858,33.62656498141303,0.016813282490706516,0.9592403415889338,0.0
reference,1.0,0.321,2.723727861921472,33.61934834693538,0.016809674173467692,0.9590344779532847,0.0
reference,1.0,0.322,2.7127145624500715,33.6121222730974,0.0168060611365487,0.9588283450479306,0.0
reference,1.0,0.323,2.7017457948744372,33.60488680965095,0.016802443404825475,0.9586219442921067,0.0
reference,1.0,0.324,2.69082137913139,33.59764200614324,0.01679882100307162,0.9584152770992096,0.0
reference,1.0,0.325,2.6799411358858265,33.59038791191768,0.01679519395595884,0.9582083448768226,0.0
reference,1.0,0.326,2.669104886527781,33.58312457611468,0.016791562288057338,0.958001149026738,0.0
reference,1.0,0.327,2.658312453169489,33.57585204767247,0.016787926023836237,0.9577936909449811,0.0
reference,1.0,0.328,2.6475636586424693,33.568570375327944,0.016784285187663974,0.9575859720218333,0.0
reference,1.0,0.329,2.6368583264946177,33.56127960761747,0.016780639803808735,0.9573779936418558,0.0
reference,1.0,0.33,2.626196280987304,33.55397979287766,0.016776989896438832,0.957169757183912,0.0
reference,1.0,0.331,2.6155773470924952,33.546670979246244,0.016773335489623124,0.9569612640211911,0.0
reference,1.0,0.332,2.6050013504898755,33.53935321466282,0.016769676607331408,0.9567525155212312,0.0
reference,1.0,0.333,2.594468117563987,33.53202654686968,0.01676601327343484,0.9565435130459418,0.0
reference,1.0,0.334,2.5839774754013822,33.52469102341263,0.016762345511706314,0.9563342579516267,0.0
reference,1.0,0.335,2.573529251787781,33.517346691641734,0.016758673345820867,0.9561247515890069,0.0
reference,1.0,0.336,2.5631232752052475,33.50999359871216,0.01675499679935608,0.955914995303243,0.0
reference,1.0,0.337,2.5527593748293698,33.502631791584925,0.016751315895792464,0.9557049904339575,0.0
reference,1.0,0.338,2.542437380526463,33.495261317027705,0.016747630658513854,0.9554947383152577,0.0
reference,1.0,0.339,2.5321571228507675,33.48788222161563,0.016743941110807816,0.955284240275758,0.0
reference,1.0,0.34,2.521918433041675,33.48049455173202,0.01674024727586601,0.9550734976386015,0.0
reference,1.0,0.341,2.511721143020953,33.47309835356922,0.01673654917678461,0.9548625117214831,0.0
reference,1.0,0.342,2.5015650853899873,33.46569367312931,0.016732846836564653,0.9546512838366704,0.0
reference,1.0,0.343,2.4914500934270363,33.45828055622492,0.01672914027811246,0.9544398152910271,0.0
reference,1.0,0.34400000000000003,2.4813760010844903,33.45085904847999,0.016725429524239995,0.9542281073860333,0.0
reference,1.0,0.34500000000000003,2.471342642986147,33.44342919533053,0.016721714597665267,0.954016161417809,0.0
reference,1.0,0.34600000000000003,2.4613498544244994,33.435991042025364,0.016717995521012684,0.9538039786771341,0.0
reference,1.0,0.34700000000000003,2.4513974713580264,33.42854463362692,0.01671427231681346,0.9535915604494715,0.0
reference,1.0,0.34800000000000003,2.441485330408506,33.421090015011956,0.01671054500750598,0.9533789080149874,0.0
reference,1.0,0.34900000000000003,2.4316132688583285,33.413627230872336,0.016706813615436168,0.953166022648574,0.0
reference,1.0,0.35000000000000003,2.421781124647828,33.40615632571575,0.016703078162857876,0.9529529056198692,0.0
reference,1.0,0.35100000000000003,2.4119887363726216,33.39867734386648,0.01669933867193324,0.9527395581932797,0.0
reference,1.0,0.352,2.4022359432809584,33.391190329466156,0.01669559516473308,0.9525259816280011,0.0
reference,1.0,0.353,2.3925225852710823,33.38369532647445,0.016691847663237225,0.9523121771780388,0.0
reference,1.0,0.354,2.3828485028886037,33.37619237866987,0.016688096189334936,0.9520981460922301,0.0
reference,1.0,0.355,2.3732135373238794,33.368681529650445,0.016684340764825223,0.951883889614264,0.0
reference,1.0,0.356,2.3636175304094103,33.36116282283449,0.016680581411417244,0.9516694089827028,0.0
reference,1.0,0.357,2.354060324617239,33.353636301461286,0.016676818150730643,0.951454705431002,0.0
reference,1.0,0.358,2.34454176305637,33.346102008591885,0.016673051004295943,0.9512397801875324,0.0
reference,1.0,0.359,2.335061689470189,33.33855998710975,0.016669279993554872,0.9510246344755992,0.0
reference,1.0,0.36,2.3256199482339004,33.331010279721525,0.016665505139860762,0.9508092695134635,0.0
reference,1.0,0.361,2.316216384351973,33.323452928957735,0.016661726464478867,0.9505936865143623,0.0
reference,1.0,0.362,2.3068508434555928,33.31588797717349,0.016657943988586745,0.9503778866865287,0.0
reference,1.0,0.363,2.297523171800133,33.308315466549196,0.0166541577332746,0.9501618712332123,0.0
reference,1.0,0.364,2.2882332162626264,33.300735439091305,0.01665036771954565,0.9499456413527002,0.0
reference,1.0,0.365,2.2789808243392535,33.29314793663295,0.016646573968316473,0.9497291982383357,0.0
reference,1.0,0.366,2.2697658441428388,33.2855530008347,0.01664277650041735,0.9495125430785392,0.0
reference,1.0,0.367,2.2605881244003574,33.277950673185245,0.016638975336592622,0.9492956770568278,0.0
reference,1.0,0.368,2.2514475144504518,33.27034099500206,0.01663517049750103,0.9490786013518352,0.0
reference,1.0,0.369,2.242343864240958,33.262724007432155,0.016631362003716076,0.9488613171373318,0.0
reference,1.0,0.37,2.2332770243264437,33.25509975145273,0.016627549875726365,0.9486438255822441,0.0
reference,1.0,0.371,2.2242468458657525,33.24746826787186,0.01662373413393593,0.9484261278506741,0.0
reference,1.0,0.372,2.2152531806195634,33.23982959732919,0.016619914798664596,0.9482082251019192,0.0
reference,1.0,0.373,2.2062958809479563,33.23218378029663,0.016616091890148316,0.9479901184904918,0.0
reference,1.0,0.374,2.1973747998079856,33.22453085707901,0.016612265428539507,0.9477718091661382,0.0
reference,1.0,0.375,2.188489790751272,33.21687086781476,0.01660843543390738,0.947553298273858,0.0
reference,1.0,0.376,2.1796407079215934,33.209203852476605,0.0166046019262383,0.9473345869539238,0.0
reference,1.0,0.377,2.170827406052491,33.20152985087221,0.016600764925436107,0.9471156763418996,0.0
reference,1.0,0.378,2.1620497404648886,33.19384890264487,0.016596924451322437,0.9468965675686606,0.0
reference,1.0,0.379,2.1533075670647133,33.186161047274155,0.016593080523637078,0.9466772617604113,0.0
reference,1.0,0.38,2.1446007423405327,33.178466324076595,0.016589233162038298,0.946457760038706,0.0
reference,1.0,0.381,2.1359291233611963,33.170764772206326,0.016585382386103163,0.9462380635204655,0.0
reference,1.0,0.382,2.1272925677734915,33.16305643065575,0.016581528215327875,0.9460181733179978,0.0
reference,1.0,0.383,2.1186909337998068,33.15534133825617,0.016577670669128085,0.9457980905390148,0.0
reference,1.0,0.384,2.110124080235802,33.14761953367851,0.016573809766839254,0.9455778162866534,0.0
reference,1.0,0.385,2.1015918664480937,33.13989105543387,0.016569945527716935,0.9453573516594919,0.0
reference,1.0,0.386,2.0930941523719433,33.13215594187426,0.01656607797093713,0.9451366977515696,0.0
reference,1.0,0.387,2.0846307985089583,33.12441423119317,0.016562207115596587,0.9449158556524044,0.0
reference,1.0,0.388,2.0762016659248066,33.11666596142627,0.016558332980713138,0.9446948264470119,0.0
reference,1.0,0.389,2.0678066162469277,33.108911170452025,0.016554455585226013,0.944473611215923,0.0
reference,1.0,0.39,2.0594455116622696,33.10114989599233,0.016550574947996166,0.9442522110352028,0.0
reference,1.0,0.391,2.0511182149150207,33.093382175613144,0.016546691087806573,0.9440306269764679,0.0
reference,1.0,0.392,2.042824589304359,33.08560804672511,0.016542804023362556,0.9438088601069041,0.0
reference,1.0,0.393,2.034564498682207,33.077827546584246,0.016538913773292124,0.9435869114892863,0.0
reference,1.0,0.394,2.026337807450998,33.070040712292474,0.01653502035614624,0.9433647821819942,0.0
reference,1.0,0.395,2.0181443805614494,33.06224758079832,0.01653112379039916,0.943142473239031,0.0
reference,1.0,0.396,2.0099840835103446,33.0544481888975,0.01652722409444875,0.9429199857100413,0.0
reference,1.0,0.397,2.001856782338328,33.046642573233555,0.01652332128661678,0.9426973206403283,0.0
reference,1.0,0.398,1.9937623436277019,33.03883077029845,0.016519415385149228,0.9424744790708717,0.0
reference,1.0,0.399,1.98570063450024,33.031012816433226,0.016515506408216613,0.9422514620383453,0.0
reference,1.0,0.4,1.9776715226150037,33.02318874782854,0.016511594373914272,0.942028270575134,0.0
reference,1.0,0.401,1.9696748761661707,33.01535860052535,0.016507679300262677,0.9418049057093515,0.0
reference,1.0,0.402,1.9617105638808714,33.0075224104155,0.01650376120520775,0.9415813684648577,0.0
reference,1.0,0.403,1.9537784550170327,32.99968021324226,0.01649984010662113,0.9413576598612753,0.0
reference,1.0,0.404,1.945878419361233,32.99183204460104,0.016495916022300522,0.9411337809140081,0.0
reference,1.0,0.405,1.9380103272265645,32.9839779399399,0.01649198896996995,0.9409097326342569,0.0
reference,1.0,0.406,1.9301740494505026,32.97611793456018,0.01648805896728009,0.9406855160290372,0.0
reference,1.0,0.40700000000000003,1.9223694573927894,32.968252063617086,0.016484126031808544,0.9404611321011958,0.0
reference,1.0,0.40800000000000003,1.9145964229333166,32.96038036212031,0.016480190181060155,0.9402365818494282,0.0
reference,1.0,0.40900000000000003,1.9068548184700262,32.95250286493457,0.01647625143246729,0.9400118662682949,0.0
reference,1.0,0.41000000000000003,1.8991445169168162,32.944619606780236,0.01647230980339012,0.9397869863482383,0.0
reference,1.0,0.41100000000000003,1.8914653917014503,32.936730622233895,0.016468365311116947,0.9395619430755994,0.0
reference,1.0,0.41200000000000003,1.8838173167634853,32.92883594572895,0.016464417972864475,0.9393367374326346,0.0
reference,1.0,0.41300000000000003,1.8762001665521963,32.92093561155619,0.016460467805778096,0.9391113703975319,0.0
reference,1.0,0.41400000000000003,1.8686138160245211,32.913029653864356,0.016456514826932177,0.9388858429444278,0.0
reference,1.0,0.41500000000000004,1.8610581406430027,32.90511810666074,0.01645255905333037,0.9386601560434228,0.0
reference,1.0,0.41600000000000004,1.8535330163737476,32.897201003811745,0.016448600501905872,0.9384343106605995,0.0
reference,1.0,0.417,1.8460383196843908,32.889278379043446,0.016444639189521725,0.9382083077580364,0.0
reference,1.0,0.418,1.8385739275420623,32.8813502659422,0.0164406751329711,0.9379821482938272,0.0
reference,1.0,0.419,1.8311397174113753,32.873416697955136,0.016436708348977567,0.9377558332220933,0.0
reference,1.0,0.42,1.8237355672524087,32.86547770839081,0.016432738854195408,0.9375293634930038,0.0
reference,1.0,0.421,1.8163613555187048,32.85753333041969,0.016428766665209846,0.9373027400527879,0.0
reference,1.0,0.422,1.8090169611552767,32.84958359707476,0.01642479179853738,0.9370759638437536,0.0
reference,1.0,0.423,1.801702263596618,32.841628541252064,0.01642081427062603,0.936849035804302,0.0
reference,1.0,0.424,1.794417142764725,32.83366819571124,0.01641683409785562,0.9366219568689433,0.0
reference,1.0,0.425,1.7871614790671255,32.82570259307613,0.016412851296538064,0.9363947279683141,0.0
reference,1.0,0.426,1.7799351533949148,32.817731765835255,0.01640886588291763,0.9361673500291904,0.0
reference,1.0,0.427,1.7727380471208012,32.809755746342425,0.016404877873171214,0.9359398239745056,0.0
reference,1.0,0.428,1.7655700420971585,32.80177456681725,0.016400887283408626,0.935712150723365,0.0
reference,1.0,0.429,1.7584310206540863,32.793788259345696,0.016396894129672848,0.9354843311910612,0.0
reference,1.0,0.43,1.7513208655974783,32.785796855880626,0.016392898427940315,0.9352563662890903,0.0
reference,1.0,0.431,1.744239460207098,32.77780038824233,0.01638890019412117,0.9350282569251662,0.0
reference,1.0,0.432,1.7371866882346647,32.7697988881191,0.01638489944405955,0.9348000040032374,0.0
reference,1.0,0.433,1.7301624339019415,32.761792387067686,0.016380896193533844,0.9345716084235005,0.0
reference,1.0,0.434,1.7231665818988386,32.75378091651391,0.016376890458256955,0.9343430710824168,0.0
reference,1.0,0.435,1.7161990173815176,32.74576450775315,0.016372882253876574,0.9341143928727264,0.0
reference,1.0,0.436,1.709259625970507,32.73774319195091,0.016368871595975457,0.9338855746834648,0.0
reference,1.0,0.437,1.702348293748826,32.72971700014328,0.01636485850007164,0.9336566173999759,0.0
reference,1.0,0.438,1.6954649072601116,32.72168596323752,0.01636084298161876,0.9334275219039281,0.0
reference,1.0,0.439,1.688609353506759,32.71365011201255,0.016356825056006274,0.9331982890733296,0.0
reference,1.0,0.44,1.6817815199480641,32.7056094771195,0.01635280473855975,0.9329689197825423,0.0
reference,1.0,0.441,1.6749812944983784,32.6975640890822,0.0163487820445411,0.932739414902297,0.0
reference,1.0,0.442,1.668208565525267,32.689513978297676,0.016344756989148838,0.9325097752997077,0.0
reference,1.0,0.443,1.6614632218476775,32.681459175036736,0.01634072958751837,0.9322800018382873,0.0
reference,1.0,0.444,1.6547451527341137,32.6733997094444,0.016336699854722202,0.9320500953779609,0.0
reference,1.0,0.445,1.6480542479008184,32.665335611540485,0.016332667805770244,0.9318200567750814,0.0
reference,1.0,0.446,1.6413903975099642,32.657266911220034,0.016328633455610017,0.931589886882443,0.0
reference,1.0,0.447,1.6347534921678473,32.6491936382539,0.01632459681912695,0.931359586549297,0.0
reference,1.0,0.448,1.628143422923094,32.641115822289166,0.016320557911144583,0.931129156621364,0.0
reference,1.0,0.449,1.6215600812648734,32.633033492849734,0.016316516746424866,0.9308985979408505,0.0
reference,1.0,0.45,1.615003359121112,32.62494667933676,0.01631247333966838,0.9306679113464619,0.0
reference,1.0,0.451,1.6084731488567237,32.616855411029164,0.01630842770551458,0.9304370976734162,0.0
reference,1.0,0.452,1.6019693432718407,32.60875971708417,0.016304379858542085,0.9302061577534605,0.0
reference,1.0,0.453,1.5954918356000531,32.60065962653772,0.01630032981326886,0.9299750924148815,0.0
reference,1.0,0.454,1.5890405195066595,32.59255516830503,0.016296277584152516,0.9297439024825226,0.0
reference,1.0,0.455,1.5826152890869167,32.58444637118106,0.01629222318559053,0.9295125887777961,0.0
reference,1.0,0.456,1.576216038864306,32.57633326384099,0.0162881666319205,0.9292811521186983,0.0
reference,1.0,0.457,1.5698426637887974,32.568215874840725,0.016284107937420363,0.9290495933198222,0.0
reference,1.0,0.458,1.563495059235128,32.560094232617345,0.016280047116308673,0.9288179131923716,0.0
reference,1.0,0.459,1.557173121001084,32.55196836548964,0.016275984182744823,0.928586112544176,0.0
reference,1.0,0.46,1.5508767453057881,32.54383830165853,0.016271919150829265,0.928354192179702,0.0
reference,1.0,0.461,1.5446058287879996,32.53570406920759,0.016267852034603795,0.9281221529000695,0.0
reference,1.0,0.462,1.538360268504413,32.5275656961035,0.01626378284805175,0.9278899955030633,0.0
reference,1.0,0.463,1.5321399619279727,32.51942321019652,0.01625971160509826,0.9276577207831473,0.0
reference,1.0,0.464,1.5259448069461858,32.511276639220966,0.016255638319610483,0.927425329531478,0.0
reference,1.0,0.465,1.519774701859449,32.50312601079569,0.016251563005397845,0.9271928225359182,0.0
reference,1.0,0.466,1.5136295453793778,32.49497135242454,0.016247485676212273,0.9269602005810499,0.0
reference,1.0,0.467,1.5075092366271425,32.48681269149681,0.016243406345748404,0.9267274644481873,0.0
reference,1.0,0.468,1.5014136751318155,32.47865005528773,0.016239325027643865,0.9264946149153911,0.0
reference,1.0,0.46900000000000003,1.4953427608287184,32.470483470958904,0.016235241735479453,0.9262616527574803,0.0
reference,1.0,0.47000000000000003,1.4892963940577806,32.4623129655588,0.0162311564827794,0.9260285787460467,0.0
reference,1.0,0.47100000000000003,1.4832744755619052,32.45413856602318,0.01622706928301159,0.9257953936494672,0.0
reference,1.0,0.47200000000000003,1.4772769064853362,32.44596029917559,0.016222980149587795,0.9255620982329169,0.0
reference,1.0,0.47300000000000003,1.471303588372039,32.437778191727745,0.016218889095863873,0.925328693258382,0.0
reference,1.0,0.47400000000000003,1.4653544231640812,32.429592270280075,0.016214796135140038,0.9250951794846729,0.0
reference,1.0,0.47500000000000003,1.4594293132000247,32.421402561322125,0.01621070128066106,0.9248615576674376,0.0
reference,1.0,0.47600000000000003,1.4535281612133226,32.41320909123299,0.016206604545616496,0.9246278285591732,0.0
reference,1.0,0.47700000000000004,1.4476508703307214,32.405011886281805,0.016202505943140905,0.92439399290924,0.0
reference,1.0,0.47800000000000004,1.4417973440706717,32.39681097262815,0.01619840548631408,0.9241600514638733,0.0
reference,1.0,0.47900000000000004,1.435967486341743,32.38860637632253,0.016194303188161265,0.9239260049661963,0.0
reference,1.0,0.48,1.430161201441048,32.38039812330678,0.016190199061653393,0.9236918541562332,0.0
reference,1.0,0.481,1.4243783940526709,32.37218623941456,0.01618609311970728,0.9234575997709216,0.0
reference,1.0,0.482,1.4186189692461006,32.36397075037171,0.016181985375185858,0.9232232425441238,0.0
reference,1.0,0.483,1.4128828324746776,32.35575168179678,0.01617787584089839,0.9229887832066411,0.0
reference,1.0,0.484,1.4071698895740357,32.3475290592014,0.0161737645296007,0.9227542224862252,0.0
reference,1.0,0.485,1.4014800467605595,32.33930290799072,0.016169651453995362,0.9225195611075904,0.0
reference,1.0,0.486,1.3958132106298462,32.33107325346389,0.016165536626731945,0.9222847997924266,0.0
reference,1.0,0.487,1.3901692881551684,32.322840120814426,0.016161420060407213,0.9220499392594109,0.0
reference,1.0,0.488,1.38454818668595,32.31460353513068,0.01615730176756534,0.9218149802242205,0.0
reference,1.0,0.489,1.3789498139462442,32.30636352139624,0.01615318176069812,0.9215799233995436,0.0
reference,1.0,0.49,1.373374078033219,32.298120104490394,0.016149060052245198,0.9213447694950935,0.0
reference,1.0,0.491,1.3678208874156477,32.2898733091885,0.01614493665459425,0.9211095192176186,0.0
reference,1.0,0.492,1.3622901509324077,32.281623160162454,0.016140811580081228,0.9208741732709161,0.0
reference,1.0,0.493,1.3567817777909827,32.27336968198106,0.01613668484099053,0.9206387323558421,0.0
reference,1.0,0.494,1.351295677565973,32.26511289911051,0.016132556449555257,0.920403197170326,0.0
reference,1.0,0.495,1.345831760197611,32.256852835914756,0.01612842641795738,0.92016756840938,0.0
reference,1.0,0.496,1.3403899359902827,32.248589516655926,0.016124294758327964,0.9199318467651121,0.0
reference,1.0,0.497,1.3349701156110547,32.240322965494755,0.016120161482747378,0.919696032926738,0.0
reference,1.0,0.498,1.329572210088208,32.232053206490974,0.016116026603245487,0.9194601275805918,0.0
reference,1.0,0.499,1.3241961308097796,32.22378026360376,0.01611189013180188,0.9192241314101395,0.0
reference,1.0,0.5,1.3188417895221038,32.215504160692085,0.016107752080346042,0.9189880450959886,0.0
reference,1.0,0.501,1.3135090983283668,32.20722492151517,0.016103612460757585,0.9187518693159008,0.0
reference,1.0,0.502,1.3081979696871613,32.198942569732864,0.016099471284866433,0.9185156047448032,0.0
reference,1.0,0.503,1.302908316411051,32.190657128906075,0.01609532856445304,0.9182792520548005,0.0
reference,1.0,0.504,1.297640051665141,32.182368622497115,0.01609118431124856,0.9180428119151851,0.0
reference,1.0,0.505,1.2923930889656479,32.17407707387017,0.016087038536935088,0.9178062849924499,0.0
reference,1.0,0.506,1.287167342178483,32.165782506291656,0.01608289125314583,0.9175696719502987,0.0
reference,1.0,0.507,1.2819627255178379,32.1574849429306,0.0160787424714653,0.9173329734496575,0.0
reference,1.0,0.508,1.2767791535447763,32.14918440685909,0.016074592203429546,0.9170961901486867,0.0
reference,1.0,0.509,1.2716165411658322,32.14088092105261,0.016070440460526306,0.9168593227027912,0.0
reference,1.0,0.51,1.266474803631611,32.132574508390476,0.01606628725419524,0.9166223717646323,0.0
reference,1.0,0.511,1.2613538565353988,32.1242651916562,0.0160621325958281,0.9163853379841388,0.0
reference,1.0,0.512,1.2562536158117785,32.11595299353788,0.01605797649676894,0.9161482220085172,0.0
reference,1.0,0.513,1.2511739977352476,32.1076379366286,0.0160538189683143,0.9159110244822637,0.0
reference,1.0,0.514,1.2461149189188463,32.09932004342681,0.016049660021713406,0.9156737460471753,0.0
reference,1.0,0.515,1.2410762963127862,32.09099933633669,0.016045499668168345,0.9154363873423597,0.0
reference,1.0,0.516,1.236058047203087,32.08267583766856,0.016041337918834282,0.9151989490042469,0.0
reference,1.0,0.517,1.2310600892102208,32.07434956963926,0.01603717478481963,0.9149614316666003,0.0
reference,1.0,0.518,1.2260823402877572,32.06602055437251,0.016033010277186253,0.9147238359605269,0.0
reference,1.0,0.519,1.22112471872102,32.05768881389929,0.016028844406949645,0.9144861625144888,0.0
reference,1.0,0.52,1.2161871431257407,32.04935437015823,0.016024677185079113,0.9142484119543126,0.0
reference,1.0,0.521,1.2112695324467273,32.04101724499596,0.016020508622497983,0.9140105849032016,0.0
reference,1.0,0.522,1.2063718059565305,32.03267746016754,0.01601633873008377,0.9137726819817461,0.0
reference,1.0,0.523,1.2014938832541198,32.024335037336755,0.016012167518668376,0.913534703807933,0.0
reference,1.0,0.524,1.1966356842635646,32.01598999807653,0.016007994999038263,0.9132966509971574,0.0
reference,1.0,0.525,1.191797129232717,32.00764236386928,0.01600382118193464,0.9130585241622325,0.0
reference,1.0,0.526,1.186978138731905,31.999292156107305,0.015999646078053653,0.9128203239134006,0.0
reference,1.0,0.527,1.1821786336526274,31.990939396093122,0.01599546969804656,0.912582050858343,0.0
reference,1.0,0.528,1.1773985352062564,31.982584105039862,0.01599129205251993,0.9123437056021911,0.0
reference,1.0,0.529,1.1726377649227422,31.974226304071586,0.015987113152035794,0.9121052887475355,0.0
reference,1.0,0.53,1.1678962446493264,31.9658660142237,0.01598293300711185,0.9118668008944377,0.0
reference,1.0,0.531,1.163173896549258,31.95750325644327,0.015978751628221637,0.9116282426404395,0.0
reference,1.0,0.532,1.1584706431005167,31.949138051589415,0.015974569025794708,0.9113896145805734,0.0
reference,1.0,0.533,1.1537864070945407,31.940770420433626,0.015970385210216813,0.9111509173073727,0.0
reference,1.0,0.534,1.149121111634957,31.932400383660173,0.015966200191830086,0.9109121514108823,0.0
reference,1.0,0.535,1.1444746801363206,31.924027961866393,0.015962013980933196,0.9106733174786674,0.0
reference,1.0,0.536,1.1398470363228579,31.915653175563108,0.015957826587781554,0.9104344160958251,0.0
reference,1.0,0.537,1.1352381042272122,31.90727604517493,0.015953638022587466,0.9101954478449933,0.0
reference,1.0,0.538,1.1306478081892006,31.898896591040625,0.015949448295520315,0.909956413306361,0.0
reference,1.0,0.539,1.1260760728545676,31.89051483341347,0.015945257416706736,0.9097173130576787,0.0
reference,1.0,0.54,1.1215228231737504,31.882130792461588,0.015941065396230795,0.9094781476742676,0.0
reference,1.0,0.541,1.116987984400647,31.8737444882683,0.01593687224413415,0.9092389177290298,0.0
reference,1.0,0.542,1.1124714820913877,31.865355940832455,0.01593267797041623,0.9089996237924578,0.0
reference,1.0,0.543,1.1079732421031157,31.856965170068804,0.015928482585034404,0.9087602664326452,0.0
reference,1.0,0.544,1.1034931905927665,31.848572195808295,0.01592428609790415,0.9085208462152947,0.0
reference,1.0,0.545,1.0990312540158589,31.84017703779847,0.015920088518899235,0.9082813637037301,0.0
reference,1.0,0.546,1.094587359125285,31.83177971570374,0.01591588985785187,0.9080418194589037,0.0
reference,1.0,0.547,1.0901614329701097,31.82338024910577,0.015911690124552885,0.9078022140394072,0.0
reference,1.0,0.548,1.0857534028943732,31.814978657503794,0.015907489328751898,0.9075625480014807,0.0
reference,1.0,0.549,1.0813631965358963,31.806574960314965,0.015903287480157482,0.9073228218990234,0.0
reference,1.0,0.55,1.0769907418250941,31.798169176874662,0.01589908458843733,0.9070830362836013,0.0
reference,1.0,0.551,1.072635966983793,31.78976132643683,0.015894880663218418,0.9068431917044577,0.0
reference,1.0,0.552,1.0682988005240515,31.781351428174347,0.015890675714087175,0.9066032887085229,0.0
reference,1.0,0.553,1.0639791712469877,31.772939501179287,0.015886469750589643,0.906363327840423,0.0
reference,1.0,0.554,1.0596770082416096,31.76452556446331,0.015882262782231656,0.9061233096424891,0.0
reference,1.0,0.555,1.0553922408836511,31.756109636957937,0.015878054818478968,0.9058832346547673,0.0
reference,1.0,0.556,1.0511247988344132,31.74769173751492,0.01587384586875746,0.9056431034150274,0.0
reference,1.0,0.557,1.0468746120396082,31.73927188490654,0.01586963594245327,0.9054029164587726,0.0
reference,1.0,0.558,1.0426416107282124,31.73085009782591,0.015865425048912956,0.9051626743192476,0.0
reference,1.0,0.559,1.038425725411317,31.722426394887364,0.015861213197443682,0.9049223775274496,0.0
reference,1.0,0.56,1.0342268868809896,31.714000794626692,0.015857000397313345,0.9046820266121359,0.0
reference,1.0,0.561,1.0300450262091383,31.705573315501518,0.01585278665775076,0.9044416220998334,0.0
reference,1.0,0.562,1.0258800747463783,31.697143975891592,0.015848571987945797,0.9042011645148478,0.0
reference,1.0,0.5630000000000001,1.0217319641209084,31.68871279409912,0.01584435639704956,0.9039606543792725,0.0
reference,1.0,0.5640000000000001,1.0176006262373842,31.680279788349065,0.015840139894174533,0.9037200922129979,0.0
reference,1.0,0.5650000000000001,1.0134859932758036,31.671844976789462,0.01583592248839473,0.9034794785337195,0.0
reference,1.0,0.5660000000000001,1.009387997690392,31.663408377491734,0.015831704188745868,0.9032388138569476,0.0
reference,1.0,0.5670000000000001,1.0053065722084933,31.654970008451016,0.015827485004225508,0.9029980986960161,0.0
reference,1.0,0.5680000000000001,1.0012416498294678,31.646529887586425,0.015823264943793214,0.9027573335620906,0.0
reference,1.0,0.5690000000000001,0.9971931638235889,31.638088032741422,0.01581904401637071,0.9025165189641785,0.0
reference,1.0,0.5700000000000001,0.9931610477309498,31.629644461684077,0.01581482223084204,0.9022756554091365,0.0
reference,1.0,0.5710000000000001,0.989145235360372,31.62119919210738,0.01581059959605369,0.9020347434016792,0.0
reference,1.0,0.5720000000000001,0.9851456607883187,31.61275224162958,0.01580637612081479,0.9017937834443899,0.0
reference,1.0,0.5730000000000001,0.9811622583578133,31.604303627794437,0.015802151813897217,0.9015527760377263,0.0
reference,1.0,0.5740000000000001,0.9771949626773603,31.595853368071563,0.015797926684035783,0.9013117216800313,0.0
reference,1.0,0.5750000000000001,0.9732437086198722,31.587401479856705,0.015793700739928352,0.9010706208675405,0.0
reference,1.0,0.5760000000000001,0.9693084313216007,31.578947980472055,0.015789473990236027,0.9008294740943915,0.0
reference,1.0,0.577,0.9653890661810737,31.570492887166534,0.015785246443583267,0.9005882818526315,0.0
reference,1.0,0.578,0.9614855488580296,31.56203621711611,0.015781018108558056,0.9003470446322268,0.0
reference,1.0,0.579,0.9575978152723665,31.55357798742406,0.01577678899371203,0.90010576292107,0.0
reference,1.0,0.58,0.9537258016030883,31.54511821512131,0.015772559107560657,0.8998644372049899,0.0
reference,1.0,0.581,0.9498694442872557,31.5366569171667,0.01576832845858335,0.8996230679677588,0.0
reference,1.0,0.582,0.9460286800189455,31.52819411044727,0.015764097055223636,0.899381655691101,0.0
reference,1.0,0.583,0.9422034457482086,31.519729811778575,0.01575986490588929,0.8991402008547013,0.0
reference,1.0,0.584,0.9383936786800366,31.511264037904947,0.015755632018952474,0.8988987039362131,0.0
reference,1.0,0.585,0.9345993162733304,31.502796805499823,0.015751398402749913,0.8986571654112673,0.0
reference,1.0,0.586,0.9308202962398735,31.494328131165997,0.015747164065583,0.8984155857534796,0.0
reference,1.0,0.587,0.9270565565433107,31.48585803143592,0.01574292901571796,0.8981739654344592,0.0
reference,1.0,0.588,0.9233080353981273,31.477386522771976,0.015738693261385987,0.8979323049238163,0.0
reference,1.0,0.589,0.9195746712686372,31.468913621566784,0.015734456810783393,0.8976906046891712,0.0
reference,1.0,0.59,0.9158564028679711,31.460439344143477,0.01573021967207174,0.8974488651961617,0.0
reference,1.0,0.591,0.9121531691570707,31.451963706755972,0.015725981853377986,0.8972070869084519,0.0
reference,1.0,0.592,0.9084649093436885,31.443486725589256,0.015721743362794628,0.8969652702877384,0.0
reference,1.0,0.593,0.904791562881387,31.435008416759665,0.015717504208379834,0.8967234157937606,0.0
reference,1.0,0.594,0.9011330694685464,31.426528796315168,0.015713264398157584,0.8964815238843068,0.0
reference,1.0,0.595,0.897489369047375,31.418047880235655,0.015709023940117826,0.8962395950152239,0.0
reference,1.0,0.596,0.8938604018029213,31.409565684433172,0.015704782842216585,0.8959976296404228,0.0
reference,1.0,0.597,0.8902461081620956,31.40108222475225,0.015700541112376128,0.8957556282118891,0.0
reference,1.0,0.598,0.8866464287926884,31.392597516970127,0.015696298758485064,0.8955135911796884,0.0
reference,1.0,0.599,0.8830613046023982,31.384111576797075,0.015692055788398537,0.8952715189919761,0.0
reference,1.0,0.6,0.8794906767378612,31.375624419876623,0.015687812209938312,0.8950294120950036,0.0
reference,1.0,0.601,0.875934486583685,31.36713606178585,0.015683568030892926,0.8947872709331269,0.0
reference,1.0,0.602,0.8723926757614876,31.358646518035663,0.01567932325901783,0.8945450959488142,0.0
reference,1.0,0.603,0.8688651861289366,31.350155804071047,0.015675077902035525,0.8943028875826533,0.0
reference,1.0,0.604,0.8653519597787968,31.34166393527134,0.015670831967635673,0.8940606462733592,0.0
reference,1.0,0.605,0.8618529390379785,31.33317092695052,0.01566658546347526,0.8938183724577826,0.0
reference,1.0,0.606,0.8583680664665914,31.324676794357416,0.015662338397178708,0.8935760665709156,0.0
reference,1.0,0.607,0.8548972848570016,31.316181552676035,0.015658090776338018,0.8933337290459014,0.0
reference,1.0,0.608,0.851440537232892,31.307685217025792,0.015653842608512897,0.8930913603140401,0.0
reference,1.0,0.609,0.8479977668483275,31.29918780246176,0.01564959390123088,0.892848960804797,0.0
reference,1.0,0.61,0.844568917186823,31.29068932397497,0.015645344661987484,0.8926065309458102,0.0
reference,1.0,0.611,0.8411539319604154,31.282189796492634,0.01564109489824632,0.8923640711628974,0.0
reference,1.0,0.612,0.8377527551087415,31.27368923487844,0.01563684461743922,0.8921215818800639,0.0
reference,1.0,0.613,0.8343653307981148,31.26518765393276,0.01563259382696638,0.8918790635195091,0.0
reference,1.0,0.614,0.8309916034206111,31.256685068392954,0.01562834253419648,0.891636516501635,0.0
reference,1.0,0.615,0.8276315175931546,31.248181492933607,0.015624090746466804,0.8913939412450526,0.0
reference,1.0,0.616,0.8242850181566086,31.23967694216679,0.015619838471083395,0.8911513381665896,0.0
reference,1.0,0.617,0.8209520501748722,31.23117143064228,0.01561558571532114,0.8909087076812973,0.0
reference,1.0,0.618,0.8176325589339746,31.222664972847873,0.015611332486423936,0.8906660502024578,0.0
reference,1.0,0.619,0.8143264899411806,31.214157583209598,0.015607078791604799,0.8904233661415922,0.0
reference,1.0,0.62,0.8110337889240936,31.20564927609196,0.01560282463804598,0.8901806559084663,0.0
reference,1.0,0.621,0.8077544018297654,31.197140065798216,0.015598570032899108,0.8899379199110982,0.0
reference,1.0,0.622,0.8044882748238105,31.188629966570602,0.015594314983285302,0.8896951585557661,0.0
reference,1.0,0.623,0.8012353542895192,31.18011899259059,0.015590059496295295,0.8894523722470142,0.0
reference,1.0,0.624,0.79799558682698,31.171607157979135,0.015585803578989569,0.8892095613876608,0.0
reference,1.0,0.625,0.7947689192522014,31.163094476796935,0.015581547238398469,0.888966726378805,0.0
reference,1.0,0.626,0.7915552985962409,31.15458096304463,0.015577290481522316,0.8887238676198328,0.0
reference,1.0,0.627,0.7883546721043324,31.146066630663103,0.015573033315331553,0.8884809855084256,0.0
reference,1.0,0.628,0.7851669872350232,31.137551493533685,0.015568775746766843,0.888238080440566,0.0
reference,1.0,0.629,0.7819921916593092,31.129035565478404,0.015564517782739202,0.8879951528105445,0.0
reference,1.0,0.63,0.7788302332597772,31.120518860260233,0.015560259430130117,0.8877522030109677,0.0
reference,1.0,0.631,0.7756810601297494,31.11200139158333,0.015556000695791666,0.887509231432764,0.0
reference,1.0,0.632,0.7725446205724302,31.103483173093267,0.015551741586546633,0.8872662384651905,0.0
reference,1.0,0.633,0.7694208631000586,31.094964218377275,0.015547482109188637,0.8870232244958401,0.0
reference,1.0,0.634,0.7663097364330622,31.086444540964482,0.015543222270482241,0.8867801899106486,0.0
reference,1.0,0.635,0.7632111894992157,31.07792415432614,0.015538962077163071,0.8865371350939003,0.0
reference,1.0,0.636,0.7601251714328039,31.069403071875865,0.015534701535937933,0.8862940604282356,0.0
reference,1.0,0.637,0.7570516315737839,31.060881306969893,0.015530440653484946,0.8860509662946581,0.0
reference,1.0,0.638,0.7539905194669548,31.052358872907263,0.015526179436453631,0.8858078530725396,0.0
reference,1.0,0.639,0.750941784861131,31.043835782930095,0.015521917891465047,0.8855647211396285,0.0
reference,1.0,0.64,0.747905377708314,31.035312050223805,0.015517656025111903,0.8853215708720554,0.0
reference,1.0,0.641,0.7448812481628747,31.026787687917327,0.015513393843958664,0.8850784026443398,0.0
reference,1.0,0.642,0.7418693465807314,31.018262709083356,0.015509131354541678,0.8848352168293968,0.0
reference,1.0,0.643,0.7388696235185376,31.009737126738568,0.015504868563369283,0.8845920137985437,0.0
reference,1.0,0.644,0.7358820297328682,31.001210953843852,0.015500605476921926,0.8843487939215062,0.0
reference,1.0,0.645,0.7329065161794128,30.99268420330453,0.015496342101652266,0.884105557566425,0.0
reference,1.0,0.646,0.7299430340121704,30.984156887970588,0.015492078443985294,0.883862305099862,0.0
reference,1.0,0.647,0.7269915345826468,30.97562902063691,0.015487814510318455,0.8836190368868077,0.0
reference,1.0,0.648,0.7240519694390557,30.96710061404347,0.015483550307021735,0.883375753290686,0.0
reference,1.0,0.649,0.7211242903255246,30.9585716808756,0.0154792858404378,0.8831324546733619,0.0
reference,1.0,0.65,0.7182084491813014,30.95004223376418,0.01547502111688209,0.8828891413951472,0.0
reference,1.0,0.651,0.7153043981399672,30.941512285285853,0.015470756142642927,0.8826458138148069,0.0
reference,1.0,0.652,0.7124120895286479,30.93298184796328,0.01546649092398164,0.8824024722895654,0.0
reference,1.0,0.653,0.7095314758672338,30.924450934265334,0.015462225467132667,0.8821591171751133,0.0
reference,1.0,0.654,0.7066625098675988,30.915919556607307,0.015457959778303654,0.8819157488256124,0.0
reference,1.0,0.655,0.703805144432825,30.90738772735117,0.015453693863675585,0.8816723675937037,0.0
reference,1.0,0.656,0.70095933265643,30.898855458805745,0.015449427729402873,0.8814289738305118,0.0
reference,1.0,0.657,0.698125027821595,30.890322763226948,0.015445161381613474,0.8811855678856523,0.0
reference,1.0,0.658,0.6953021834003996,30.881789652817982,0.015440894826408992,0.8809421501072371,0.0
reference,1.0,0.659,0.6924907530530573,30.87325613972959,0.015436628069864795,0.8806987208418813,0.0
reference,1.0,0.66,0.6896906906271548,30.864722236060217,0.015432361118030109,0.8804552804347086,0.0
reference,1.0,0.661,0.6869019501568951,30.856187953856256,0.015428093976928129,0.8802118292293574,0.0
reference,1.0,0.662,0.6841244858623416,30.84765330511226,0.01542382665255613,0.8799683675679877,0.0
reference,1.0,0.663,0.6813582521486676,30.83911830177113,0.015419559150885566,0.8797248957912857,0.0
reference,1.0,0.664,0.6786032036054075,30.830582955724346,0.015415291477862173,0.879481414238471,0.0
reference,1.0,0.665,0.675859295005711,30.822047278812168,0.015411023639406085,0.8792379232473021,0.0
reference,1.0,0.666,0.6731264813056019,30.813511282823846,0.015406755641411923,0.8789944231540822,0.0
reference,1.0,0.667,0.670404717643237,30.804974979497814,0.015402487489748908,0.878750914293665,0.0
reference,1.0,0.668,0.6676939593381702,30.79643838052193,0.015398219190260966,0.8785073969994615,0.0
reference,1.0,0.669,0.6649941618906201,30.78790149753364,0.01539395074876682,0.8782638716034443,0.0
reference,1.0,0.67,0.6623052809807377,30.77936434212021,0.015389682171060105,0.8780203384361552,0.0
reference,1.0,0.671,0.6596272724678808,30.77082692581892,0.01538541346290946,0.8777767978267096,0.0
reference,1.0,0.672,0.6569600923898875,30.762289260117274,0.015381144630058638,0.877533250102803,0.0
reference,1.0,0.673,0.6543036969623556,30.753751356453186,0.015376875678226593,0.8772896955907166,0.0
reference,1.0,0.674,0.6516580425779237,30.745213226215213,0.015372606613107607,0.8770461346153231,0.0
reference,1.0,0.675,0.6490230858055556,30.736674880742708,0.015368337440371355,0.8768025675000921,0.0
reference,1.0,0.676,0.6463987833898264,30.72813633132607,0.015364068165663035,0.8765589945670965,0.0
reference,1.0,0.677,0.6437850922502132,30.719597589206916,0.015359798794603459,0.8763154161370177,0.0
reference,1.0,0.678,0.6411819694803879,30.71105866557827,0.015355529332789136,0.8760718325291508,0.0
reference,1.0,0.679,0.6385893723475123,30.702519571584794,0.015351259785792397,0.8758282440614114,0.0
reference,1.0,0.68,0.6360072582915377,30.693980318322943,0.015346990159161472,0.8755846510503399,0.0
reference,1.0,0.681,0.6334355849245046,30.685440916841195,0.015342720458420597,0.8753410538111082,0.0
reference,1.0,0.682,0.6308743100298482,30.676901378140233,0.015338450689070117,0.8750974526575247,0.0
reference,1.0,0.683,0.6283233915617047,30.668361713173134,0.015334180856586567,0.8748538479020398,0.0
reference,1.0,0.684,0.6257827876442213,30.659821932845574,0.015329910966422788,0.8746102398557516,0.0
reference,1.0,0.685,0.6232524565708696,30.651282048016007,0.015325641024008003,0.8743666288284114,0.0
reference,1.0,0.686,0.6207323568037588,30.642742069495874,0.015321371034747937,0.8741230151284293,0.0
reference,1.0,0.687,0.6182224469729559,30.634202008049765,0.015317101004024882,0.8738793990628786,0.0
reference,1.0,0.6880000000000001,0.6157226858758057,30.62566187439565,0.015312830937197826,0.873635780937503,0.0
reference,1.0,0.6890000000000001,0.6132330324762539,30.617121679205034,0.015308560839602518,0.873392161056721,0.0
reference,1.0,0.6900000000000001,0.6107534459041755,30.608581433103172,0.015304290716551587,0.8731485397236312,0.0
reference,1.0,0.6910000000000001,0.6082838854547011,30.60004114666922,0.01530002057333461,0.8729049172400174,0.0
reference,1.0,0.6920000000000001,0.6058243105875504,30.59150083043647,0.015295750415218235,0.8726612939063552,0.0
reference,1.0,0.6930000000000001,0.6033746809263665,30.5829604948925,0.01529148024744625,0.872417670021816,0.0
reference,1.0,0.6940000000000001,0.6009349562580525,30.574420150479373,0.015287210075239687,0.8721740458842728,0.0
reference,1.0,0.6950000000000001,0.5985050965321127,30.565879807593824,0.015282939903796913,0.8719304217903058,0.0
reference,1.0,0.6960000000000001,0.5960850618599932,30.557339476587444,0.015278669738293723,0.8716867980352071,0.0
reference,1.0,0.6970000000000001,0.5936748125144284,30.54879916776686,0.01527439958388343,0.8714431749129863,0.0
reference,1.0,0.6980000000000001,0.5912743089287886,30.540258891393904,0.015270129445696952,0.8711995527163752,0.0
reference,1.0,0.6990000000000001,0.5888835116964303,30.53171865768583,0.015265859328842914,0.8709559317368338,0.0
reference,1.0,0.7000000000000001,0.5865023815700497,30.523178476815467,0.015261589238407734,0.8707123122645551,0.0
reference,1.0,0.7010000000000001,0.584130879461038,30.514638358911405,0.015257319179455702,0.8704686945884699,0.0
reference,1.0,0.7020000000000001,0.5817689664388395,30.50609831405818,0.015253049157029089,0.8702250789962521,0.0
reference,1.0,0.7030000000000001,0.579416603730313,30.497558352296448,0.015248779176148225,0.8699814657743246,0.0
reference,1.0,0.704,0.5770737527190956,30.489018483623163,0.015244509241811581,0.8697378552078627,0.0
reference,1.0,0.705,0.5747403749449675,30.480478717991765,0.015240239358995883,0.8694942475808013,0.0
reference,1.0,0.706,0.5724164321032224,30.47193906531235,0.015235969532656175,0.869250643175838,0.0
reference,1.0,0.707,0.570101886044037,30.46339953545183,0.015231699767725915,0.8690070422744395,0.0
reference,1.0,0.708,0.567796698771846,30.45486013823414,0.01522743006911707,0.8687634451568453,0.0
reference,1.0,0.709,0.5655008324447173,30.446320883440396,0.015223160441720198,0.8685198521020747,0.0
reference,1.0,0.71,0.563214249373732,30.437781780809054,0.015218890890404527,0.8682762633879293,0.0
reference,1.0,0.711,0.5609369120223648,30.429242840036117,0.01521462142001806,0.8680326792909997,0.0
reference,1.0,0.712,0.5586687830058679,30.420704070775283,0.015210352035387642,0.8677891000866701,0.0
reference,1.0,0.713,0.5564098250906574,30.412165482638116,0.01520608274131906,0.8675455260491224,0.0
reference,1.0,0.714,0.5541600011937021,30.40362708519424,0.015201813542597122,0.8673019574513423,0.0
reference,1.0,0.715,0.5519192743819152,30.395088887971475,0.015197544443985737,0.8670583945651228,0.0
reference,1.0,0.716,0.5496876078715472,30.386550900456054,0.015193275450228028,0.8668148376610708,0.0
reference,1.0,0.717,0.5474649650275824,30.378013132092732,0.015189006566046366,0.86657128700861,0.0
reference,1.0,0.718,0.5452513093631375,30.369475592285013,0.015184737796142506,0.8663277428759871,0.0
reference,1.0,0.719,0.5430466045388624,30.36093829039528,0.015180469145197639,0.866084205530276,0.0
reference,1.0,0.72,0.540850814362345,30.352401235744967,0.015176200617872483,0.8658406752373824,0.0
reference,1.0,0.721,0.5386639027875149,30.343864437614755,0.015171932218807378,0.8655971522620495,0.0
reference,1.0,0.722,0.5364858339140527,30.335327905244693,0.015167663952622347,0.8653536368678613,0.0
reference,1.0,0.723,0.5343165719868014,30.3267916478344,0.015163395823917201,0.8651101293172486,0.0
reference,1.0,0.724,0.532156081395178,30.318255674543202,0.0151591278372716,0.8648666298714929,0.0
reference,1.0,0.725,0.5300043266725907,30.309719994490326,0.015154859997245163,0.8646231387907316,0.0
reference,1.0,0.726,0.5278612724958545,30.301184616755023,0.015150592308377512,0.8643796563339619,0.0
reference,1.0,0.727,0.5257268836846131,30.292649550376776,0.015146324775188388,0.8641361827590462,0.0
reference,1.0,0.728,0.5236011252007602,30.28411480435543,0.015142057402177715,0.863892718322717,0.0
reference,1.0,0.729,0.5214839621478661,30.275580387651353,0.015137790193825676,0.8636492632805797,0.0
reference,1.0,0.73,0.5193753597706023,30.26704630918561,0.015133523154592805,0.8634058178871191,0.0
reference,1.0,0.731,0.5172752834541728,30.258512577840136,0.015129256288920069,0.8631623823957039,0.0
reference,1.0,0.732,0.5151836987237455,30.249979202457858,0.01512498960122893,0.8629189570585893,0.0
reference,1.0,0.733,0.5131005712438853,30.241446191842886,0.015120723095921444,0.8626755421269241,0.0
reference,1.0,0.734,0.5110258668179926,30.232913554760643,0.015116456777380322,0.8624321378507529,0.0
reference,1.0,0.735,0.5089595513877394,30.224381299938045,0.015112190649969022,0.862188744479022,0.0
reference,1.0,0.736,0.5069015910325118,30.215849436063667,0.015107924718031834,0.8619453622595842,0.0
reference,1.0,0.737,0.5048519519688528,30.207317971787855,0.015103658985893928,0.8617019914392013,0.0
reference,1.0,0.738,0.5028106005499071,30.198786915722927,0.015099393457861463,0.8614586322635508,0.0
reference,1.0,0.739,0.5007775032648705,30.1902562764433,0.01509512813822165,0.8612152849772287,0.0
reference,1.0,0.74,0.4987526267384374,30.18172606248565,0.015090863031242826,0.8609719498237545,0.0
reference,1.0,0.741,0.4967359377302546,30.173196282349092,0.015086598141174546,0.8607286270455762,0.0
reference,1.0,0.742,0.494727403134375,30.16466694449529,0.015082333472247645,0.8604853168840735,0.0
reference,1.0,0.743,0.492726989978714,30.156138057348624,0.015078069028674312,0.8602420195795625,0.0
reference,1.0,0.744,0.4907346654245093,30.147609629296365,0.015073804814648184,0.8599987353713007,0.0
reference,1.0,0.745,0.48875039676578025,30.139081668688796,0.015069540834344398,0.8597554644974905,0.0
reference,1.0,0.746,0.4867741514287918,30.13055418383938,0.01506527709191969,0.8595122071952841,0.0
reference,1.0,0.747,0.48480589697152,30.1220271830249,0.015061013591512452,0.8592689637007871,0.0
reference,1.0,0.748,0.48284560108311847,30.113500674485618,0.015056750337242809,0.8590257342490633,0.0
reference,1.0,0.749,0.4808932315833897,30.104974666425413,0.015052487333212707,0.8587825190741389,0.0
reference,1.0,0.75,0.4789487564222547,30.096449167011926,0.015048224583505963,0.8585393184090061,0.0
reference,1.0,0.751,0.4770121436792282,30.08792418437674,0.015043962092188369,0.8582961324856287,0.0
reference,1.0,0.752,0.4750833615628944,30.079399726615478,0.01503969986330774,0.8580529615349446,0.0
reference,1.0,0.753,0.47316237841038455,30.070875801787984,0.015035437900893992,0.8578098057868709,0.0
reference,1.0,0.754,0.47124916268685857,30.062352417918454,0.015031176208959227,0.857566665470308,0.0
reference,1.0,0.755,0.4693436829849856,30.053829582995597,0.015026914791497798,0.8573235408131441,0.0
reference,1.0,0.756,0.46744590802442926,30.045307304972752,0.015022653652486376,0.8570804320422581,0.0
reference,1.0,0.757,0.4655558066513346,30.036785591768055,0.015018392795884027,0.8568373393835249,0.0
reference,1.0,0.758,0.46367334783781555,30.02826445126457,0.015014132225632285,0.8565942630618189,0.0
reference,1.0,0.759,0.4617985006814471,30.019743891310448,0.015009871945655224,0.8563512033010184,0.0
reference,1.0,0.76,0.45993123440475636,30.011223919719043,0.015005611959859522,0.8561081603240096,0.0
reference,1.0,0.761,0.4580715183547185,30.00270454426908,0.01500135227213454,0.85586513435269,0.0
reference,1.0,0.762,0.4562193220022529,29.994185772704775,0.014997092886352387,0.8556221256079735,0.0
reference,1.0,0.763,0.45437461494172215,29.985667612735995,0.014992833806367997,0.8553791343097936,0.0
reference,1.0,0.764,0.45253736689043356,29.97715007203837,0.014988575036019185,0.8551361606771076,0.0
reference,1.0,0.765,0.4507075476881407,29.96863315825347,0.014984316579126735,0.8548932049279009,0.0
reference,1.0,0.766,0.4488851272965497,29.960116878988913,0.014980058439494457,0.8546502672791901,0.0
reference,1.0,0.767,0.4470700757988251,29.951601241818516,0.014975800620909259,0.8544073479470283,0.0
reference,1.0,0.768,0.44526236339909897,29.943086254282424,0.014971543127141213,0.8541644471465076,0.0
reference,1.0,0.769,0.4434619604219826,29.934571923887262,0.014967285961943631,0.8539215650917641,0.0
reference,1.0,0.77,0.4416688373120782,29.92605825810626,0.01496302912905313,0.8536787019959808,0.0
reference,1.0,0.771,0.43988296463349424,29.91754526437938,0.014958772632189692,0.8534358580713923,0.0
reference,1.0,0.772,0.4381043130693623,29.909032950113485,0.014954516475056743,0.8531930335292887,0.0
reference,1.0,0.773,0.4363328534213554,29.900521322682437,0.014950260661341218,0.8529502285800187,0.0
reference,1.0,0.774,0.4345685566092098,29.892010389427252,0.014946005194713627,0.8527074434329941,0.0
reference,1.0,0.775,0.43281139367024596,29.883500157656222,0.014941750078828111,0.8524646782966931,0.0
reference,1.0,0.776,0.43106133575889416,29.87499063464505,0.014937495317322526,0.8522219333786647,0.0
reference,1.0,0.777,0.42931835414622077,29.866481827637006,0.014933240913818504,0.8519792088855318,0.0
reference,1.0,0.778,0.4275824202194569,29.857973743843022,0.01492898687192151,0.8517365050229958,0.0
reference,1.0,0.779,0.4258535054815281,29.849466390441854,0.014924733195220927,0.8514938219958396,0.0
reference,1.0,0.78,0.4241315815505869,29.840959774580185,0.014920479887290092,0.8512511600079313,0.0
reference,1.0,0.781,0.42241662015954673,29.83245390337278,0.01491622695168639,0.8510085192622289,0.0
reference,1.0,0.782,0.4207085931556181,29.82394878390262,0.01491197439195131,0.8507658999607831,0.0
reference,1.0,0.783,0.41900747249984666,29.815444423220985,0.014907722211610493,0.8505233023047408,0.0
reference,1.0,0.784,0.41731323026665224,29.80694082834765,0.014903470414173826,0.8502807264943497,0.0
reference,1.0,0.785,0.4156258386433709,29.798438006270963,0.014899219003135481,0.8500381727289616,0.0
reference,1.0,0.786,0.4139452699297981,29.789935963948,0.014894967981974,0.8497956412070358,0.0
reference,1.0,0.787,0.4122714965377342,29.78143470830467,0.014890717354152335,0.8495531321261424,0.0
reference,1.0,0.788,0.4106044909905318,29.772934246235856,0.014886467123117928,0.8493106456829669,0.0
reference,1.0,0.789,0.408944225922644,29.764434584605556,0.014882217292302779,0.8490681820733135,0.0
reference,1.0,0.79,0.4072906740791757,29.755935730246968,0.014877967865123484,0.8488257414921077,0.0
reference,1.0,0.791,0.4056438083154358,29.74743768996266,0.014873718844981329,0.8485833241334014,0.0
reference,1.0,0.792,0.404003601596492,29.738940470524653,0.014869470235262326,0.8483409301903754,0.0
reference,1.0,0.793,0.4023700269967272,29.730444078674598,0.0148652220393373,0.8480985598553433,0.0
reference,1.0,0.794,0.4007430576993964,29.72194852112384,0.01486097426056192,0.8478562133197551,0.0
reference,1.0,0.795,0.39912266699618754,29.713453804553577,0.014856726902276789,0.8476138907742004,0.0
reference,1.0,0.796,0.3975088282867827,29.704959935614983,0.014852479967807492,0.8473715924084121,0.0
reference,1.0,0.797,0.3959015150784212,29.69646692092933,0.014848233460464665,0.8471293184112705,0.0
reference,1.0,0.798,0.3943007009854655,29.68797476708808,0.01484398738354404,0.8468870689708056,0.0
reference,1.0,0.799,0.3927063597289668,29.679483480653044,0.014839741740326522,0.8466448442742012,0.0
reference,1.0,0.8,0.3911184651362347,29.67099306815649,0.014835496534078245,0.8464026445077985,0.0
reference,1.0,0.801,0.389536991140407,29.66250353610125,0.014831251768050627,0.8461604698570989,0.0
reference,1.0,0.802,0.387961911780022,29.654014890960873,0.014827007445480437,0.8459183205067687,0.0
reference,1.0,0.803,0.3863932011985924,29.645527139179706,0.014822763569589854,0.8456761966406412,0.0
reference,1.0,0.804,0.3848308336441807,29.637040287173015,0.014818520143586507,0.8454340984417198,0.0
reference,1.0,0.805,0.38327478346897614,29.628554341327156,0.014814277170663578,0.8451920260921835,0.0
reference,1.0,0.806,0.3817250251288744,29.62006930799963,0.014810034653999814,0.8449499797733879,0.0
reference,1.0,0.807,0.3801815331830575,29.61158519351923,0.014805792596759616,0.84470795966587,0.0
reference,1.0,0.808,0.37864428229357705,29.603102004186148,0.014801551002093074,0.8444659659493507,0.0
reference,1.0,0.809,0.37711324722493733,29.594619746272116,0.014797309873136058,0.8442239988027392,0.0
reference,1.0,0.81,0.37558840284368156,29.58613842602048,0.01479306921301024,0.8439820584041346,0.0
reference,1.0,0.811,0.37406972411797923,29.577658049646356,0.014788829024823178,0.8437401449308313,0.0
reference,1.0,0.812,0.3725571861172152,29.56917862333672,0.014784589311668362,0.8434982585593203,0.0
reference,1.0,0.8130000000000001,0.3710507640115806,29.560700153250536,0.014780350076625268,0.8432563994652938,0.0
reference,1.0,0.8140000000000001,0.3695504330716647,29.552222645518857,0.014776111322759428,0.8430145678236483,0.0
reference,1.0,0.8150000000000001,0.36805616866804947,29.54374610624495,0.014771873053122475,0.8427727638084868,0.0
reference,1.0,0.8160000000000001,0.3665679462709051,29.535270541504403,0.014767635270752201,0.8425309875931232,0.0
reference,1.0,0.8170000000000001,0.365085741449587,29.52679595734525,0.014763397978672625,0.8422892393500855,0.0
reference,1.0,0.8180000000000001,0.3636095298722357,29.51832235978807,0.014759161179894035,0.8420475192511182,0.0
reference,1.0,0.8190000000000001,0.36213928730537615,29.509849754826092,0.014754924877413046,0.8418058274671859,0.0
reference,1.0,0.8200000000000001,0.36067498961352074,29.501378148425328,0.014750689074212665,0.8415641641684763,0.0
reference,1.0,0.8210000000000001,0.35921661275877287,29.492907546524673,0.014746453773262337,0.8413225295244044,0.0
reference,1.0,0.8220000000000001,0.3577641328004322,29.484437955036015,0.014742218977518007,0.8410809237036139,0.0
reference,1.0,0.8230000000000001,0.35631752589460214,29.47596937984434,0.01473798468992217,0.8408393468739817,0.0
reference,1.0,0.8240000000000001,0.3548767682937978,29.46750182680786,0.014733750913403931,0.8405977992026205,0.0
reference,1.0,0.8250000000000001,0.35344183634655635,29.45903530175809,0.014729517650879044,0.8403562808558817,0.0
reference,1.0,0.8260000000000001,0.35201270649704897,29.4505698105,0.01472528490525,0.8401147919993596,0.0
reference,1.0,0.8270000000000001,0.35058935528469415,29.44210535881208,0.01472105267940604,0.8398733327978928,0.0
reference,1.0,0.8280000000000001,0.3491717593437722,29.43364195244648,0.01471682097622324,0.8396319034155687,0.0
reference,1.0,0.8290000000000001,0.3477598954030421,29.425179597129098,0.01471258979856455,0.8393905040157258,0.0
reference,1.0,0.8300000000000001,0.34635374028535904,29.4167182985597,0.014708359149279851,0.8391491347609571,0.0
reference,1.0,0.8310000000000001,0.3449532709072942,29.408258062412017,0.014704129031206008,0.8389077958131129,0.0
reference,1.0,0.8320000000000001,0.34355846427875636,29.399798894333863,0.01469989944716693,0.8386664873333044,0.0
reference,1.0,0.833,0.3421692975026134,29.39134079994721,0.014695670399973604,0.8384252094819054,0.0
reference,1.0,0.834,0.3407857477743168,29.382883784848342,0.014691441892424172,0.838183962418557,0.0
reference,1.0,0.835,0.339407792381528,29.37442785460792,0.01468721392730396,0.8379427463021693,0.0
reference,1.0,0.836,0.3380354087037445,29.36597301477111,0.014682986507385556,0.8377015612909252,0.0
reference,1.0,0.837,0.3366685742119294,29.357519270857658,0.014678759635428829,0.8374604075422826,0.0
reference,1.0,0.838,0.33530726646814113,29.34906662836204,0.01467453331418102,0.8372192852129781,0.0
reference,1.0,0.839,0.333951463125165,29.34061509275351,0.014670307546376755,0.8369781944590292,0.0
reference,1.0,0.84,0.3326011419261464,29.332164669476256,0.014666082334738128,0.8367371354357385,0.0
reference,1.0,0.841,0.33125628070422575,29.32371536394946,0.01466185768197473,0.8364961082976947,0.0
reference,1.0,0.842,0.3299168573821746,29.315267181567418,0.01465763359078371,0.8362551131987771,0.0
reference,1.0,0.843,0.3285828499720327,29.30682012769966,0.01465341006384983,0.8360141502921582,0.0
reference,1.0,0.844,0.3272542365747472,29.298374207690998,0.0146491871038455,0.8357732197303057,0.0
reference,1.0,0.845,0.32593099537981374,29.289929426861697,0.014644964713430849,0.8355323216649868,0.0
reference,1.0,0.846,0.32461310466491766,29.28148579050751,0.014640742895253755,0.8352914562472696,0.0
reference,1.0,0.847,0.32330054279557807,29.273043303899822,0.014636521651949912,0.835050623627527,0.0
reference,1.0,0.848,0.321993288224792,29.26460197228573,0.014632300986142864,0.834809823955439,0.0
reference,1.0,0.849,0.32069131949268115,29.256161800888137,0.014628080900444068,0.8345690573799958,0.0
reference,1.0,0.85,0.3193946152261396,29.247722794905886,0.014623861397452944,0.8343283240495007,0.0
reference,1.0,0.851,0.3181031541384826,29.239284959513803,0.014619642479756901,0.8340876241115722,0.0
reference,1.0,0.852,0.3168169150290978,29.23084829986284,0.01461542414993142,0.8338469577131479,0.0
reference,1.0,0.853,0.3155358767830965,29.222412821080148,0.014611206410540074,0.8336063250004861,0.0
reference,1.0,0.854,0.3142600183709672,29.213978528269198,0.014606989264134599,0.8333657261191698,0.0
reference,1.0,0.855,0.31298931884823084,29.205545426509836,0.014602772713254919,0.8331251612141082,0.0
reference,1.0,0.856,0.31172375735509616,29.197113520858434,0.014598556760429217,0.8328846304295404,0.0
reference,1.0,0.857,0.3104633131161184,29.18868281634794,0.014594341408173969,0.8326441339090379,0.0
reference,1.0,0.858,0.3092079654398572,29.18025331798799,0.014590126658993995,0.8324036717955068,0.0
reference,1.0,0.859,0.3079576937185372,29.17182503076502,0.01458591251538251,0.8321632442311915,0.0
reference,1.0,0.86,0.3067124774277101,29.163397959642328,0.014581698979821164,0.8319228513576764,0.0
reference,1.0,0.861,0.3054722961259173,29.154972109560198,0.0145774860547801,0.8316824933158893,0.0
reference,1.0,0.862,0.3042371294543549,29.146547485435967,0.014573273742717984,0.8314421702461035,0.0
reference,1.0,0.863,0.3030069571365388,29.13812409216415,0.014569062046082076,0.8312018822879411,0.0
reference,1.0,0.864,0.3017817589779722,29.129701934616506,0.014564850967308253,0.8309616295803754,0.0
reference,1.0,0.865,0.3005615148658141,29.121281017642136,0.014560640508821068,0.8307214122617331,0.0
reference,1.0,0.866,0.299346204768549,29.112861346067596,0.0145564306730338,0.8304812304696978,0.0
reference,1.0,0.867,0.29813580873565837,29.104442924696958,0.01455222146234848,0.8302410843413117,0.0
reference,1.0,0.868,0.2969303068972927,29.09602575831193,0.014548012879155966,0.8300009740129791,0.0
reference,1.0,0.869,0.2957296794639455,29.087609851671925,0.014543804925835962,0.8297608996204682,0.0
reference,1.0,0.87,0.29453390672612867,29.079195209514165,0.014539597604757083,0.8295208612989144,0.0
reference,1.0,0.871,0.2933429690540484,29.070781836553778,0.014535390918276889,0.8292808591828227,0.0
reference,1.0,0.872,0.2921568468972838,29.062369737483852,0.014531184868741926,0.8290408934060692,0.0
reference,1.0,0.873,0.2909755207844649,29.05395891697559,0.014526979458487795,0.828800964101906,0.0
reference,1.0,0.874,0.28979897132295396,29.04554937967832,0.01452277468983916,0.8285610714029611,0.0
reference,1.0,0.875,0.2886271791985263,29.03714113021966,0.01451857056510983,0.828321215441243,0.0
reference,1.0,0.876,0.28746012517505387,29.028734173205557,0.014514367086602779,0.8280813963481424,0.0
reference,1.0,0.877,0.2862977900941894,29.020328513220385,0.014510164256610192,0.8278416142544343,0.0
reference,1.0,0.878,0.28514015487505145,29.011924154827046,0.014505962077413522,0.8276018692902811,0.0
reference,1.0,0.879,0.2839872005139115,29.003521102567046,0.014501760551283523,0.8273621615852352,0.0
reference,1.0,0.88,0.282838908083882,28.99511936096059,0.014497559680480296,0.8271224912682411,0.0
reference,1.0,0.881,0.2816952587346058,28.986718934506676,0.01449335946725334,0.8268828584676383,0.0
reference,1.0,0.882,0.2805562336919463,28.978319827683148,0.014489159913841573,0.8266432633111632,0.0
reference,1.0,0.883,0.2794218142576794,28.969922044946827,0.014484961022473413,0.8264037059259521,0.0
reference,1.0,0.884,0.27829198180918696,28.961525590733558,0.014480762795366779,0.8261641864385432,0.0
reference,1.0,0.885,0.2771667177991502,28.95313046945833,0.014476565234729165,0.8259247049748795,0.0
reference,1.0,0.886,0.2760460037552464,28.944736685515334,0.014472368342757667,0.825685261660311,0.0
reference,1.0,0.887,0.2749298212798447,28.93634424327806,0.01446817212163903,0.825445856619597,0.0
reference,1.0,0.888,0.2738181520497045,28.927953147099384,0.014463976573549692,0.8252064899769087,0.0
reference,1.0,0.889,0.27271097781567455,28.91956340131164,0.01445978170065582,0.8249671618558315,0.0
reference,1.0,0.89,0.27160828040239327,28.91117501022672,0.014455587505113362,0.8247278723793677,0.0
reference,1.0,0.891,0.2705100417079909,28.902787978136153,0.014451393989068077,0.8244886216699384,0.0
reference,1.0,0.892,0.2694162437037918,28.894402309311182,0.014447201154655592,0.8242494098493863,0.0
reference,1.0,0.893,0.2683268684340185,28.886018008002836,0.014443009004001419,0.8240102370389775,0.0
reference,1.0,0.894,0.26724189801549714,28.877635078442044,0.014438817539221022,0.8237711033594043,0.0
reference,1.0,0.895,0.2661613146373639,28.869253524839696,0.014434626762419848,0.8235320089307879,0.0
reference,1.0,0.896,0.2650851005607729,28.86087335138673,0.014430436675693365,0.8232929538726801,0.0
reference,1.0,0.897,0.2640132381186041,28.852494562254194,0.014426247281127097,0.8230539383040654,0.0
reference,1.0,0.898,0.2629457097151743,28.84411716159338,0.01442205858079669,0.8228149623433644,0.0
reference,1.0,0.899,0.2618824978259474,28.83574115353583,0.014417870576767916,0.8225760261084347,0.0
reference,1.0,0.9,0.26082358499724745,28.8273665421935,0.01441368327109675,0.8223371297165751,0.0
reference,1.0,0.901,0.2597689538459721,28.818993331658753,0.014409496665829377,0.8220982732845254,0.0
reference,1.0,0.902,0.2587185870593064,28.810621526004518,0.01440531076300226,0.8218594569284712,0.0
reference,1.0,0.903,0.2576724673944395,28.802251129284315,0.014401125564642158,0.821620680764044,0.0
reference,1.0,0.904,0.25663057767828124,28.79388214553236,0.01439694107276618,0.8213819449063251,0.0
reference,1.0,0.905,0.25559290080718,28.785514578763646,0.014392757289381823,0.8211432494698473,0.0
reference,1.0,0.906,0.2545594197466427,28.777148432973995,0.014388574216486998,0.8209045945685963,0.0
reference,1.0,0.907,0.2535301175310542,28.768783712140166,0.014384391856070083,0.8206659803160143,0.0
reference,1.0,0.908,0.2525049772633994,28.76042042021993,0.014380210210109965,0.8204274068250018,0.0
reference,1.0,0.909,0.2514839821149857,28.752058561152122,0.014376029280576061,0.820188874207919,0.0
reference,1.0,0.91,0.2504671153251665,28.743698138856747,0.014371849069428374,0.8199503825765889,0.0
reference,1.0,0.911,0.24945436020106682,28.735339157235046,0.014367669578617523,0.8197119320422995,0.0
reference,1.0,0.912,0.24844570011730832,28.726981620169564,0.014363490810084782,0.8194735227158052,0.0
reference,1.0,0.913,0.24744111851573686,28.718625531524246,0.014359312765762123,0.81923515470733,0.0
reference,1.0,0.914,0.24644059890515074,28.710270895144497,0.014355135447572248,0.8189968281265689,0.0
reference,1.0,0.915,0.24544412486102965,28.701917714857263,0.014350958857428632,0.8187585430826904,0.0
reference,1.0,0.916,0.24445168002526566,28.693565994471108,0.014346782997235553,0.8185202996843385,0.0
reference,1.0,0.917,0.2434632481058939,28.685215737776282,0.014342607868888142,0.818282098039635,0.0
reference,1.0,0.918,0.24247881287682566,28.676866948544813,0.014338433474272407,0.8180439382561818,0.0
reference,1.0,0.919,0.24149835817758178,28.668519630530554,0.014334259815265277,0.8178058204410623,0.0
reference,1.0,0.92,0.2405218679130275,28.660173787469294,0.014330086893734648,0.8175677447008446,0.0
reference,1.0,0.921,0.23954932605310825,28.6518294230788,0.0143259147115394,0.8173297111415826,0.0
reference,1.0,0.922,0.2385807166325863,28.6434865410589,0.01432174327052945,0.8170917198688186,0.0
reference,1.0,0.923,0.2376160237507789,28.63514514509156,0.01431757257254578,0.8168537709875855,0.0
reference,1.0,0.924,0.23665523157129695,28.626805238840955,0.014313402619420478,0.8166158646024084,0.0
reference,1.0,0.925,0.2356983243217857,28.61846682595355,0.014309233412976775,0.8163780008173075,0.0
reference,1.0,0.926,0.23474528629366495,28.610129910058166,0.014305064955029083,0.8161401797357992,0.0
reference,1.0,0.927,0.23379610184187166,28.601794494766036,0.014300897247383018,0.8159024014608988,0.0
reference,1.0,0.928,0.23285075538460326,28.593460583670904,0.014296730291835452,0.8156646660951222,0.0
reference,1.0,0.929,0.2319092314030614,28.585128180349084,0.014292564090174542,0.8154269737404883,0.0
reference,1.0,0.93,0.23097151444119776,28.576797288359533,0.014288398644179766,0.8151893244985211,0.0
reference,1.0,0.931,0.23003758910545974,28.56846791124391,0.014284233955621955,0.8149517184702506,0.0
reference,1.0,0.932,0.2291074400645382,28.560140052526677,0.01428007002626334,0.8147141557562166,0.0
reference,1.0,0.933,0.22818105204911554,28.551813715715138,0.01427590685785757,0.8144766364564695,0.0
reference,1.0,0.934,0.22725840985161505,28.543488904299522,0.014271744452149761,0.8142391606705726,0.0
reference,1.0,0.935,0.2263394983259516,28.535165621753055,0.014267582810876528,0.8140017284976037,0.0
reference,1.0,0.936,0.2254243023872825,28.52684387153203,0.014263421935766015,0.8137643400361582,0.0
reference,1.0,0.937,0.22451280701176018,28.518523657075864,0.014259261828537931,0.8135269953843498,0.0
reference,1.0,0.9380000000000001,0.22360499723628535,28.510204981807192,0.014255102490903596,0.8132896946398135,0.0
reference,1.0,0.9390000000000001,0.22270085815826157,28.501887849131908,0.014250943924565954,0.8130524378997067,0.0
reference,1.0,0.9400000000000001,0.22180037493535082,28.493572262439248,0.014246786131219625,0.8128152252607116,0.0
reference,1.0,0.9410000000000001,0.2209035327852291,28.48525822510186,0.01424262911255093,0.8125780568190374,0.0
reference,1.0,0.9420000000000001,0.22001031698534446,28.476945740475863,0.014238472870237932,0.8123409326704215,0.0
reference,1.0,0.9430000000000001,0.2191207128726751,28.468634811900927,0.014234317405950464,0.8121038529101323,0.0
reference,1.0,0.9440000000000001,0.21823470584348847,28.460325442700324,0.014230162721350163,0.8118668176329703,0.0
reference,1.0,0.9450000000000001,0.217352281353102,28.45201763618101,0.014226008818090507,0.8116298269332707,0.0
reference,1.0,0.9460000000000001,0.2164734249156438,28.44371139563369,0.014221855697816846,0.8113928809049049,0.0
reference,1.0,0.9470000000000001,0.21559812210381518,28.435406724332875,0.014217703362166437,0.8111559796412824,0.0
reference,1.0,0.9480000000000001,0.21472635854865368,28.427103625536954,0.014213551812768477,0.8109191232353531,0.0
reference,1.0,0.9490000000000001,0.21385811993929726,28.418802102488264,0.014209401051244132,0.8106823117796087,0.0
reference,1.0,0.9500000000000001,0.21299339202274958,28.41050215841314,0.01420525107920657,0.8104455453660844,0.0
reference,1.0,0.9510000000000001,0.21213216060364543,28.402203796522016,0.014201101898261008,0.810208824086362,0.0
reference,1.0,0.9520000000000001,0.21127441154401835,28.39390702000944,0.01419695351000472,0.8099721480315698,0.0
reference,1.0,0.9530000000000001,0.21042013076306806,28.385611832054188,0.014192805916027094,0.8097355172923867,0.0
reference,1.0,0.9540000000000001,0.20956930423692954,28.377318235819292,0.014188659117909647,0.8094989319590421,0.0
reference,1.0,0.9550000000000001,0.20872191799844309,28.36902623445213,0.014184513117226065,0.8092623921213189,0.0
reference,1.0,0.9560000000000001,0.20787795813692428,28.360735831084465,0.014180367915542233,0.8090258978685546,0.0
reference,1.0,0.9570000000000001,0.2070374107979364,28.352447028832533,0.014176223514416266,0.8087894492896438,0.0
reference,1.0,0.9580000000000001,0.20620026218306242,28.344159830797096,0.01417207991539855,0.8085530464730397,0.0
reference,1.0,0.9590000000000001,0.20536649854967887,28.335874240063504,0.014167937120031752,0.8083166895067557,0.0
reference,1.0,0.96,0.20453610621073023,28.327590259701758,0.01416379512985088,0.8080803784783677,0.0
reference,1.0,0.961,0.20370907153450382,28.319307892766588,0.014159653946383294,0.8078441134750154,0.0
reference,1.0,0.962,0.2028853809444065,28.311027142297487,0.014155513571148744,0.8076078945834044,0.0
reference,1.0,0.963,0.20206502091874165,28.302748011318794,0.014151374005659398,0.8073717218898079,0.0
reference,1.0,0.964,0.2012479779904869,28.294470502839758,0.014147235251419879,0.8071355954800683,0.0
reference,1.0,0.965,0.20043423874707383,28.286194619854584,0.014143097309927292,0.8068995154395991,0.0
reference,1.0,0.966,0.19962378983016676,28.27792036534251,0.014138960182671256,0.8066634818533871,0.0
reference,1.0,0.967,0.19881661793544425,28.269647742267864,0.014134823871133932,0.8064274948059933,0.0
reference,1.0,0.968,0.19801270981238034,28.261376753580112,0.014130688376790056,0.806191554381555,0.0
reference,1.0,0.969,0.19721205226402705,28.25310740221395,0.014126553701106975,0.8059556606637881,0.0
reference,1.0,0.97,0.19641463214679802,28.244839691089332,0.014122419845544666,0.805719813735988,0.0
reference,1.0,0.971,0.19562043637025237,28.236573623111536,0.014118286811555768,0.8054840136810314,0.0
reference,1.0,0.972,0.19482945189687995,28.228309201171257,0.014114154600585628,0.8052482605813791,0.0
reference,1.0,0.973,0.19404166574188736,28.22004642814461,0.014110023214072304,0.8050125545190758,0.0
reference,1.0,0.974,0.19325706497298473,28.21178530689325,0.014105892653446625,0.804776895575754,0.0
reference,1.0,0.975,0.19247563671017362,28.203525840264383,0.014101762920132191,0.8045412838326338,0.0
reference,1.0,0.976,0.19169736812553523,28.19526803109086,0.014097634015545429,0.8043057193705258,0.0
reference,1.0,0.977,0.19092224644302008,28.1870118821912,0.0140935059410956,0.8040702022698318,0.0
reference,1.0,0.978,0.19015025893823811,28.1787573963697,0.01408937869818485,0.803834732610548,0.0
reference,1.0,0.979,0.18938139293825018,28.170504576416434,0.014085252288208217,0.8035993104722648,0.0
reference,1.0,0.98,0.18861563582135943,28.162253425107355,0.014081126712553679,0.8033639359341699,0.0
reference,1.0,0.981,0.18785297501690448,28.15400394520433,0.014077001972602166,0.8031286090750487,0.0
reference,1.0,0.982,0.18709339800505306,28.145756139455226,0.014072878069727613,0.8028933299732879,0.0
reference,1.0,0.983,0.18633689231659623,28.137510010593925,0.014068755005296963,0.8026580987068748,0.0
reference,1.0,0.984,0.1855834455327442,28.129265561340418,0.01406463278067021,0.8024229153534005,0.0
reference,1.0,0.985,0.18483304528492184,28.121022794400837,0.014060511397200418,0.8021877799900611,0.0
reference,1.0,0.986,0.18408567925456598,28.112781712467527,0.014056390856233763,0.801952692693659,0.0
reference,1.0,0.987,0.1833413351729232,28.10454231821911,0.014052271159109555,0.8017176535406052,0.0
reference,1.0,0.988,0.1826000008208482,28.096304614320516,0.014048152307160259,0.8014826626069205,0.0
reference,1.0,0.989,0.18186166402860376,28.088068603423054,0.014044034301711528,0.8012477199682364,0.0
reference,1.0,0.99,0.18112631267566,28.079834288164474,0.014039917144082236,0.8010128256997985,0.0
reference,1.0,0.991,0.18039393469049644,28.071601671169017,0.014035800835584509,0.8007779798764663,0.0
reference,1.0,0.992,0.1796645180504034,28.063370755047455,0.014031685377523728,0.8005431825727155,0.0
reference,1.0,0.993,0.17893805078128408,28.05514154239718,0.01402757077119859,0.80030843386264,0.0
reference,1.0,0.994,0.17821452095745927,28.046914035802228,0.014023457017901114,0.8000737338199526,0.0
reference,1.0,0.995,0.17749391670147002,28.03868823783334,0.014019344118916671,0.7998390825179871,0.0
reference,1.0,0.996,0.17677622618388422,28.030464151048037,0.014015232075524018,0.7996044800296997,0.0
reference,1.0,0.997,0.17606143762310134,28.02224177799065,0.014011120888995325,0.7993699264276712,0.0
reference,1.0,0.998,0.1753495392851591,28.014021121192382,0.014007010560596191,0.799135421784107,0.0
reference,1.0,0.999,0.17464051948354167,28.00580218317137,0.014002901091585685,0.7989009661708402,0.0
reference,1.0,1.0,0.17393436657898653,27.997584966432726,0.013998792483216364,0.7986665596593322,0.0
reference,1.0,1.0010000000000001,0.17323106897929474,27.9893694734686,0.0139946847367343,0.7984322023206749,0.0
reference,1.0,1.002,0.17253061513913986,27.981155706758233,0.013990577853379116,0.7981978942255918,0.0
reference,1.0,1.0030000000000001,0.17183299355987824,27.972943668768,0.013986471834384,0.7979636354444393,0.0
reference,1.0,1.004,0.1711381927893611,27.964733361951467,0.013982366680975734,0.7977294260472084,0.0
reference,1.0,1.0050000000000001,0.17044620142174532,27.95652478874946,0.013978262394374729,0.7974952661035268,0.0
reference,1.0,1.006,0.16975700809730798,27.94831795159009,0.013974158975795046,0.7972611556826597,0.0
reference,1.0,1.0070000000000001,0.16907060150225778,27.940112852888834,0.013970056426444418,0.7970270948535112,0.0
reference,1.0,1.008,0.16838697036855102,27.931909495048558,0.01396595474752428,0.7967930836846263,0.0
reference,1.0,1.0090000000000001,0.16770610347370538,27.923707880459585,0.013961853940229793,0.7965591222441921,0.0
reference,1.0,1.01,0.16702798964061688,27.915508011499753,0.013957754005749877,0.7963252106000392,0.0
reference,1.0,1.0110000000000001,0.16635261773737517,27.907309890534446,0.013953654945267223,0.7960913488196435,0.0
reference,1.0,1.012,0.16567997667708195,27.899113519916664,0.013949556759958332,0.795857536970127,0.0
reference,1.0,1.0130000000000001,0.16501005541766786,27.89091890198707,0.013945459450993536,0.7956237751182602,0.0
reference,1.0,1.014,0.16434284296171237,27.88272603907403,0.013941363019537014,0.7953900633304626,0.0
reference,1.0,1.0150000000000001,0.1636783283562618,27.874534933493678,0.013937267466746839,0.795156401672805,0.0
reference,1.0,1.016,0.16301650069265156,27.866345587549954,0.013933172793774977,0.7949227902110102,0.0
reference,1.0,1.0170000000000001,0.1623573491063247,27.85815800353466,0.01392907900176733,0.7946892290104546,0.0
reference,1.0,1.018,0.16170086277665552,27.84997218372752,0.01392498609186376,0.7944557181361703,0.0
reference,1.0,1.0190000000000001,0.16104703092677047,27.841788130396193,0.013920894065198097,0.7942222576528453,0.0
reference,1.0,1.02,0.16039584282337271,27.83360584579638,0.01391680292289819,0.793988847624826,0.0
reference,1.0,1.0210000000000001,0.15974728777656433,27.825425332171832,0.013912712666085916,0.7937554881161185,0.0
reference,1.0,1.022,0.15910135513967233,27.81724659175439,0.013908623295877196,0.7935221791903888,0.0
reference,1.0,1.0230000000000001,0.1584580343090725,27.80906962676408,0.013904534813382042,0.7932889209109659,0.0
reference,1.0,1.024,0.15781731472401672,27.800894439409127,0.013900447219704563,0.7930557133408422,0.0
reference,1.0,1.025,0.15717918586645827,27.792721031886,0.013896360515943,0.792822556542675,0.0
reference,1.0,1.026,0.15654363726088014,27.784549406379476,0.013892274703189739,0.7925894505787876,0.0
reference,1.0,1.027,0.15591065847412278,27.776379565062705,0.013888189782531353,0.7923563955111719,0.0
reference,1.0,1.028,0.15528023911521233,27.768211510097203,0.0138841057550486,0.7921233914014879,0.0
reference,1.0,1.029,0.15465236883519104,27.76004524363296,0.013880022621816479,0.7918904383110668,0.0
reference,1.0,1.03,0.15402703732694623,27.751880767808444,0.013875940383904222,0.7916575363009111,0.0
reference,1.0,1.031,0.15340423432504227,27.743718084750682,0.013871859042375341,0.7914246854316969,0.0
reference,1.0,1.032,0.15278394960555086,27.735557196575268,0.013867778598287634,0.7911918857637742,0.0
reference,1.0,1.033,0.15216617298588442,27.727398105386463,0.013863699052693232,0.7909591373571697,0.0
reference,1.0,1.034,0.15155089432462768,27.71924081327718,0.01385962040663859,0.7907264402715866,0.0
reference,1.0,1.035,0.15093810352137227,27.711085322329087,0.013855542661164543,0.7904937945664068,0.0
reference,1.0,1.036,0.15032779051655037,27.70293163461261,0.013851465817306306,0.790261200300692,0.0
reference,1.0,1.037,0.1497199452912698,27.694779752187017,0.013847389876093508,0.7900286575331853,0.0
reference,1.0,1.038,0.149114557867149,27.68662967710042,0.01384331483855021,0.7897961663223119,0.0
reference,1.0,1.039,0.14851161830615417,27.678481411389868,0.013839240705694934,0.789563726726181,0.0
reference,1.0,1.04,0.1479111167104351,27.670334957081362,0.013835167478540682,0.7893313388025871,0.0
reference,1.0,1.041,0.14731304322216376,27.6621903161899,0.01383109515809495,0.7890990026090102,0.0
reference,1.0,1.042,0.14671738802337134,27.65404749071955,0.013827023745359775,0.7888667182026191,0.0
reference,1.0,1.043,0.14612414133578816,27.645906482663452,0.013822953241331726,0.7886344856402707,0.0
reference,1.0,1.044,0.1455332934206821,27.63776729400391,0.013818883647001956,0.7884023049785127,0.0
reference,1.0,1.045,0.14494483457869972,27.62962992671241,0.013814814963356205,0.7881701762735841,0.0
reference,1.0,1.046,0.14435875514970642,27.62149438274964,0.013810747191374819,0.787938099581416,0.0
reference,1.0,1.047,0.14377504551262815,27.61336066406561,0.013806680332032806,0.7877060749576351,0.0
reference,1.0,1.048,0.1431936960852929,27.605228772599613,0.013802614386299808,0.7874741024575621,0.0
reference,1.0,1.049,0.14261469732427445,27.597098710280314,0.013798549355140157,0.7872421821362144,0.0
reference,1.0,1.05,0.14203803972473453,27.58897047902579,0.013794485239512894,0.787010314048308,0.0
reference,1.0,1.051,0.14146371382026787,27.580844080743567,0.013790422040371784,0.7867784982482572,0.0
reference,1.0,1.052,0.14089171018274577,27.57271951733066,0.013786359758665332,0.7865467347901768,0.0
reference,1.0,1.053,0.14032201942216238,27.564596790673622,0.013782298395336812,0.7863150237278831,0.0
reference,1.0,1.054,0.13975463218647932,27.5564759026486,0.013778237951324301,0.7860833651148956,0.0
reference,1.0,1.055,0.13918953916147378,27.548356855121348,0.013774178427560674,0.7858517590044374,0.0
reference,1.0,1.056,0.13862673107058385,27.540239649947285,0.013770119824973642,0.7856202054494364,0.0
reference,1.0,1.057,0.13806619867475758,27.532124288971556,0.013766062144485778,0.785388704502528,0.0
reference,1.0,1.058,0.13750793277230045,27.52401077402904,0.01376200538701452,0.7851572562160543,0.0
reference,1.0,1.059,0.13695192419872507,27.515899106944424,0.013757949553472213,0.7849258606420667,0.0
reference,1.0,1.06,0.1363981638265999,27.507789289532216,0.013753894644766108,0.7846945178323265,0.0
reference,1.0,1.061,0.1358466425654003,27.49968132359681,0.013749840661798405,0.7844632278383064,0.0
reference,1.0,1.062,0.1352973513613584,27.491575210932524,0.013745787605466263,0.7842319907111913,0.0
reference,1.0,1.063,0.1347502811973154,27.483470953323625,0.013741735476661812,0.78400080650188,0.0
reference,1.0,1.064,0.1342054230925725,27.475368552544392,0.013737684276272196,0.7837696752609858,0.0
reference,1.0,1.065,0.13366276810274477,27.467268010359142,0.013733634005179572,0.7835385970388382,0.0
reference,1.0,1.066,0.13312230731961294,27.459169328522275,0.013729584664261139,0.7833075718854837,0.0
reference,1.0,1.067,0.13258403187097823,27.45107250877833,0.013725536254389166,0.7830765998506876,0.0
reference,1.0,1.068,0.13204793292051592,27.442977552862,0.013721488776431,0.7828456809839338,0.0
reference,1.0,1.069,0.13151400166763114,27.434884462498186,0.013717442231249093,0.7826148153344276,0.0
reference,1.0,1.07,0.13098222934731335,27.42679323940204,0.01371339661970102,0.7823840029510959,0.0
reference,1.0,1.071,0.13045260722999363,27.418703885279,0.013709351942639501,0.7821532438825883,0.0
reference,1.0,1.072,0.12992512662140024,27.410616401824832,0.013705308200912416,0.7819225381772789,0.0
reference,1.0,1.073,0.12939977886241685,27.40253079072567,0.013701265395362835,0.7816918858832667,0.0
reference,1.0,1.074,0.12887655532893946,27.39444705365806,0.01369722352682903,0.7814612870483771,0.0
reference,1.0,1.075,0.12835544743173613,27.38636519228898,0.013693182596144491,0.7812307417201632,0.0
reference,1.0,1.076,0.12783644661630433,27.37828520827591,0.013689142604137955,0.7810002499459062,0.0
reference,1.0,1.077,0.127319544362732,27.370207103266857,0.013685103551633429,0.780769811772618,0.0
reference,1.0,1.078,0.12680473218555655,27.36213087890038,0.01368106543945019,0.7805394272470404,0.0
reference,1.0,1.079,0.1262920016336265,27.354056536805658,0.013677028268402829,0.7803090964156477,0.0
reference,1.0,1.08,0.12578134428996196,27.345984078602495,0.013672992039301248,0.7800788193246471,0.0
reference,1.0,1.081,0.12527275177161712,27.33791350590139,0.013668956752950696,0.7798485960199799,0.0
reference,1.0,1.082,0.124766215729542,27.32984482030356,0.01366492241015178,0.7796184265473229,0.0
reference,1.0,1.083,0.12426172784844605,27.321778023400974,0.013660889011700487,0.7793883109520892,0.0
reference,1.0,1.084,0.12375927984666085,27.313713116776405,0.013656856558388202,0.7791582492794291,0.0
reference,1.0,1.085,0.12325886347600533,27.305650102003458,0.01365282505100173,0.778928241574232,0.0
reference,1.0,1.086,0.1227604705216489,27.297588980646598,0.0136487944903233,0.778698287881126,0.0
reference,1.0,1.087,0.12226409280197795,27.289529754261235,0.013644764877130618,0.7784683882444813,0.0
reference,1.0,1.088,0.12176972216846038,27.281472424393684,0.013640736212196842,0.7782385427084083,0.0
reference,1.0,1.089,0.121277350505513,27.27341699258128,0.01363670849629064,0.7780087513167616,0.0
reference,1.0,1.09,0.12078696973036714,27.26536346035235,0.013632681730176175,0.7777790141131387,0.0
reference,1.0,1.091,0.12029857179293699,27.25731182922631,0.013628655914613156,0.7775493311408826,0.0
reference,1.0,1.092,0.1198121486756866,27.249262100713654,0.013624631050356828,0.7773197024430823,0.0
reference,1.0,1.093,0.119327692393499,27.241214276316022,0.013620607138158011,0.7770901280625739,0.0
reference,1.0,1.094,0.1188451949935443,27.23316835752621,0.013616584178763106,0.7768606080419415,0.0
reference,1.0,1.095,0.11836464855515033,27.225124345828224,0.013612562172914112,0.7766311424235178,0.0
reference,1.0,1.096,0.11788604518967111,27.21708224269732,0.01360854112134866,0.7764017312493867,0.0
reference,1.0,1.097,0.11740937704035866,27.20904204960004,0.013604521024800021,0.7761723745613831,0.0
reference,1.0,1.098,0.11693463628223313,27.201003767994216,0.013600501883997107,0.7759430724010934,0.0
reference,1.0,1.099,0.11646181512195505,27.192967399329063,0.013596483699664532,0.7757138248098584,0.0
reference,1.0,1.1,0.11599090579769666,27.184932945045155,0.013592466472522578,0.7754846318287723,0.0
reference,1.0,1.101,0.11552190057901532,27.176900406574504,0.013588450203287252,0.7752554934986849,0.0
reference,1.0,1.102,0.1150547917667257,27.16886978534058,0.01358443489267029,0.7750264098602028,0.0
reference,1.0,1.103,0.11458957169277423,27.16084108275834,0.01358042054137917,0.774797380953689,0.0
reference,1.0,1.104,0.11412623272011271,27.152814300234276,0.013576407150117138,0.774568406819266,0.0
reference,1.0,1.105,0.1136647672425732,27.144789439166438,0.01357239471958322,0.7743394874968145,0.0
reference,1.0,1.106,0.1132051676847427,27.136766500944482,0.013568383250472242,0.7741106230259762,0.0
reference,1.0,1.107,0.11274742650183958,27.128745486949697,0.01356437274347485,0.7738818134461545,0.0
reference,1.0,1.108,0.11229153617958884,27.120726398555036,0.013560363199277519,0.7736530587965142,0.0
reference,1.0,1.109,0.11183748923409961,27.112709237125156,0.013556354618562578,0.7734243591159843,0.0
reference,1.0,1.11,0.11138527821174149,27.10469400401645,0.013552347002008226,0.7731957144432572,0.0
reference,1.0,1.111,0.11093489568902287,27.09668070057709,0.013548340350288545,0.7729671248167914,0.0
reference,1.0,1.112,0.11048633427246857,27.088669328147038,0.01354433466407352,0.7727385902748111,0.0
reference,1.0,1.113,0.11003958659849876,27.080659888058115,0.013540329944029058,0.7725101108553081,0.0
reference,1.0,1.114,0.10959464533330804,27.072652381633993,0.013536326190816997,0.7722816865960418,0.0
reference,1.0,1.115,0.109151503172745,27.064646810190283,0.013532323405095142,0.7720533175345415,0.0
reference,1.0,1.116,0.10871015284219213,27.056643175034502,0.013528321587517251,0.7718250037081062,0.0
reference,1.0,1.117,0.10827058709644684,27.048641477466163,0.013524320738733081,0.7715967451538058,0.0
reference,1.0,1.118,0.10783279871960197,27.040641718776783,0.013520320859388391,0.7713685419084826,0.0
reference,1.0,1.119,0.10739678052492801,27.0326439002499,0.01351632195012495,0.7711403940087512,0.0
reference,1.0,1.12,0.10696252535475433,27.02464802316116,0.01351232401158058,0.7709123014910008,0.0
reference,1.0,1.121,0.10653002608035249,27.01665408877829,0.013508327044389144,0.770684264391395,0.0
reference,1.0,1.122,0.10609927560181844,27.008662098361157,0.01350433104918058,0.7704562827458734,0.0
reference,1.0,1.123,0.1056702668479566,27.000672053161814,0.013500336026580908,0.770228356590152,0.0
reference,1.0,1.124,0.10524299277616349,26.9926839544245,0.01349634197721225,0.7700004859597245,0.0
reference,1.0,1.125,0.10481744637231219,26.98469780338571,0.013492348901692855,0.7697726708898633,0.0
reference,1.0,1.1260000000000001,0.10439362065063691,26.976713601274184,0.013488356800637093,0.7695449114156201,0.0
reference,1.0,1.127,0.10397150865361894,26.968731349310993,0.013484365674655496,0.7693172075718271,0.0
reference,1.0,1.1280000000000001,0.10355110345187166,26.96075104870951,0.013480375524354755,0.7690895593930976,0.0
reference,1.0,1.129,0.10313239814402755,26.9527727006755,0.01347638635033775,0.7688619669138274,0.0
reference,1.0,1.1300000000000001,0.10271538585662421,26.944796306407095,0.013472398153203549,0.7686344301681949,0.0
reference,1.0,1.131,0.10230005974399217,26.93682186709488,0.01346841093354744,0.7684069491901628,0.0
reference,1.0,1.1320000000000001,0.10188641298814187,26.928849383921886,0.013464424691960943,0.7681795240134788,0.0
reference,1.0,1.133,0.10147443879865226,26.92087885806364,0.013460439429031822,0.7679521546716762,0.0
reference,1.0,1.1340000000000001,0.10106413041255907,26.91291029068819,0.013456455145344095,0.7677248411980749,0.0
reference,1.0,1.135,0.10065548109424394,26.904943682956134,0.013452471841478067,0.7674975836257827,0.0
reference,1.0,1.1360000000000001,0.10024848413532349,26.896979036020646,0.013448489518010323,0.7672703819876953,0.0
reference,1.0,1.137,0.09984313285453975,26.88901635102754,0.01344450817551377,0.7670432363164983,0.0
reference,1.0,1.1380000000000001,0.0994394205976499,26.88105562911525,0.013440527814557625,0.766816146644667,0.0
reference,1.0,1.139,0.09903734073731767,26.873096871414887,0.013436548435707444,0.7665891130044681,0.0
reference,1.0,1.1400000000000001,0.09863688667300378,26.865140079050292,0.013432570039525147,0.7663621354279602,0.0
reference,1.0,1.141,0.09823805183085844,26.857185253138013,0.013428592626569006,0.7661352139469944,0.0
reference,1.0,1.1420000000000001,0.0978408296636126,26.849232394787382,0.013424616197393692,0.7659083485932158,0.0
reference,1.0,1.143,0.09744521365047108,26.841281505100525,0.013420640752550263,0.7656815393980638,0.0
reference,1.0,1.1440000000000001,0.09705119729700531,26.833332585172393,0.013416666292586197,0.7654547863927735,0.0
reference,1.0,1.145,0.09665877413504675,26.82538563609079,0.013412692818045396,0.7652280896083758,0.0
reference,1.0,1.1460000000000001,0.09626793772258045,26.81744065893641,0.013408720329468205,0.7650014490756989,0.0
reference,1.0,1.147,0.09587868164363983,26.809497654782867,0.013404748827391434,0.7647748648253688,0.0
reference,1.0,1.1480000000000001,0.09549099950820075,26.801556624696712,0.013400778312348356,0.7645483368878105,0.0
reference,1.0,1.149,0.09510488495207721,26.79361756973747,0.013396808784868736,0.7643218652932482,0.0
reference,1.0,1.1500000000000001,0.09472033163681627,26.785680490957684,0.013392840245478842,0.7640954500717069,0.0
reference,1.0,1.151,0.09433733324959463,26.77774538940291,0.013388872694701456,0.7638690912530124,0.0
reference,1.0,1.1520000000000001,0.09395588350311426,26.769812266111778,0.01338490613305589,0.763642788866793,0.0
reference,1.0,1.153,0.09357597613550014,26.76188112211601,0.013380940561058005,0.7634165429424801,0.0
reference,1.0,1.154,0.09319760491019653,26.75395195844044,0.01337697597922022,0.763190353509308,0.0
reference,1.0,1.155,0.09282076361586497,26.746024776103052,0.013373012388051527,0.7629642205963163,0.0
reference,1.0,1.156,0.09244544606628262,26.73809957611502,0.013369049788057509,0.7627381442323498,0.0
reference,1.0,1.157,0.09207164610024009,26.730176359480694,0.013365088179740348,0.762512124446059,0.0
reference,1.0,1.158,0.09169935758144095,26.722255127197688,0.013361127563598843,0.762286161265902,0.0
reference,1.0,1.159,0.09132857439840035,26.714335880256858,0.01335716794012843,0.7620602547201442,0.0
reference,1.0,1.16,0.09095929046434534,26.706418619642356,0.013353209309821179,0.7618344048368599,0.0
reference,1.0,1.161,0.09059149971711429,26.698503346331655,0.013349251673165828,0.7616086116439328,0.0
reference,1.0,1.162,0.090225196119058,26.69059006129557,0.013345295030647785,0.7613828751690563,0.0
reference,1.0,1.163,0.08986037365694013,26.68267876549828,0.01334133938274914,0.7611571954397354,0.0
reference,1.0,1.164,0.08949702634183883,26.67476945989738,0.01333738472994869,0.760931572483286,0.0
reference,1.0,1.165,0.08913514820904794,26.66686214544389,0.013333431072721945,0.7607060063268377,0.0
reference,1.0,1.166,0.08877473331797975,26.65895682308227,0.013329478411541135,0.7604804969973323,0.0
reference,1.0,1.167,0.08841577575206674,26.65105349375048,0.013325526746875241,0.7602550445215261,0.0
reference,1.0,1.168,0.08805826961866518,26.643152158379994,0.013321576079189998,0.7600296489259908,0.0
reference,1.0,1.169,0.08770220904895772,26.6352528178958,0.0133176264089479,0.7598043102371127,0.0
reference,1.0,1.17,0.08734758819785768,26.627355473216472,0.013313677736608236,0.7595790284810954,0.0
reference,1.0,1.171,0.08699440124391247,26.61946012525416,0.013309730062627081,0.759353803683959,0.0
reference,1.0,1.172,0.08664264238920859,26.611566774914643,0.013305783387457321,0.759128635871542,0.0
reference,1.0,1.173,0.08629230585927611,26.60367542309734,0.01330183771154867,0.7589035250695016,0.0
reference,1.0,1.174,0.08594338590299405,26.59578607069533,0.013297893035347666,0.7586784713033141,0.0
reference,1.0,1.175,0.08559587679249568,26.587898718595408,0.013293949359297704,0.7584534745982762,0.0
reference,1.0,1.176,0.08524977282307497,26.58001336767808,0.013290006683839041,0.7582285349795055,0.0
reference,1.0,1.177,0.08490506831309239,26.572130018817596,0.013286065009408798,0.7580036524719411,0.0
reference,1.0,1.178,0.08456175760388222,26.564248672882012,0.013282124336441006,0.7577788271003456,0.0
reference,1.0,1.179,0.08421983505965908,26.556369330733137,0.01327818466536657,0.7575540588893028,0.0
reference,1.0,1.18,0.08387929506742593,26.54849199322665,0.013274245996613325,0.7573293478632225,0.0
reference,1.0,1.181,0.08354013203688146,26.540616661212066,0.013270308330606034,0.7571046940463377,0.0
reference,1.0,1.182,0.08320234040032876,26.53274333553277,0.013266371667766386,0.7568800974627075,0.0
reference,1.0,1.183,0.0828659146125836,26.524872017026077,0.013262436008513038,0.7566555581362169,0.0
reference,1.0,1.184,0.0825308491508836,26.5170027065232,0.013258501353261601,0.7564310760905777,0.0
reference,1.0,1.185,0.0821971385147973,26.509135404849335,0.013254567702424667,0.7562066513493294,0.0
reference,1.0,1.186,0.08186477722613426,26.501270112823647,0.013250635056411823,0.7559822839358398,0.0
reference,1.0,1.187,0.08153375982885472,26.49340683125929,0.013246703415629646,0.7557579738733052,0.0
reference,1.0,1.188,0.0812040808889804,26.485545560963484,0.013242772780481742,0.7555337211847526,0.0
reference,1.0,1.189,0.08087573499450496,26.477686302737478,0.013238843151368739,0.7553095258930386,0.0
reference,1.0,1.19,0.08054871675530552,26.469829057376607,0.013234914528688304,0.755085388020851,0.0
reference,1.0,1.191,0.08022302080305369,26.461973825670317,0.013230986912835158,0.7548613075907099,0.0
reference,1.0,1.192,0.07989864179112799,26.45412060840218,0.01322706030420109,0.7546372846249677,0.0
reference,1.0,1.193,0.07957557439452574,26.44626940634992,0.01322313470317496,0.7544133191458099,0.0
reference,1.0,1.194,0.07925381330977575,26.43842022028545,0.013219210110142725,0.7541894111752563,0.0
reference,1.0,1.195,0.07893335325485111,26.430573050974864,0.013215286525487433,0.7539655607351606,0.0
reference,1.0,1.196,0.07861418896908277,26.422727899178508,0.013211363949589255,0.7537417678472129,0.0
reference,1.0,1.197,0.07829631521307281,26.414884765650964,0.013207442382825483,0.7535180325329384,0.0
reference,1.0,1.198,0.07797972676860893,26.407043651141098,0.013203521825570549,0.7532943548136994,0.0
reference,1.0,1.199,0.07766441843857813,26.39920455639207,0.013199602278196035,0.7530707347106957,0.0
reference,1.0,1.2,0.0773503850468821,26.39136748214137,0.013195683741070685,0.752847172244965,0.0
reference,1.0,1.201,0.07703762143835154,26.383532429120823,0.013191766214560412,0.7526236674373835,0.0
reference,1.0,1.202,0.0767261224786624,26.375699398056646,0.013187849699028323,0.7524002203086676,0.0
reference,1.0,1.203,0.07641588305425055,26.367868389669418,0.013183934194834709,0.7521768308793725,0.0
reference,1.0,1.204,0.07610689807222881,26.36003940467417,0.013180019702337084,0.7519534991698955,0.0
reference,1.0,1.205,0.07579916246030256,26.35221244378035,0.013176106221890175,0.7517302252004746,0.0
reference,1.0,1.206,0.07549267116668718,26.344387507691884,0.013172193753845943,0.75150700899119,0.0
reference,1.0,1.207,0.0751874191600244,26.336564597107174,0.013168282298553586,0.7512838505619647,0.0
reference,1.0,1.208,0.07488340142930043,26.328743712719145,0.013164371856359573,0.7510607499325651,0.0
reference,1.0,1.209,0.07458061298376303,26.320924855215257,0.01316046242760763,0.7508377071226019,0.0
reference,1.0,1.21,0.07427904885284016,26.313108025277508,0.013156554012638754,0.7506147221515299,0.0
reference,1.0,1.211,0.07397870408605779,26.305293223582492,0.013152646611791247,0.75039179503865,0.0
reference,1.0,1.212,0.07367957375295944,26.297480450801398,0.013148740225400699,0.7501689258031086,0.0
reference,1.0,1.213,0.07338165294302428,26.289669707600044,0.013144834853800023,0.7499461144638988,0.0
reference,1.0,1.214,0.07308493676558733,26.281860994638894,0.013140930497319448,0.7497233610398615,0.0
reference,1.0,1.215,0.07278942034975859,26.27405431257308,0.013137027156286542,0.7495006655496851,0.0
reference,1.0,1.216,0.07249509884434359,26.266249662052438,0.01313312483102622,0.7492780280119067,0.0
reference,1.0,1.217,0.07220196741776325,26.258447043721482,0.013129223521860741,0.7490554484449122,0.0
reference,1.0,1.218,0.07191002125797505,26.250646458219514,0.013125323229109757,0.7488329268669385,0.0
reference,1.0,1.219,0.07161925557239357,26.242847906180554,0.013121423953090277,0.7486104632960716,0.0
reference,1.0,1.22,0.07132966558781226,26.235051388233426,0.013117525694116713,0.7483880577502497,0.0
reference,1.0,1.221,0.07104124655032461,26.227256905001738,0.013113628452500869,0.748165710247262,0.0
reference,1.0,1.222,0.07075399372524672,26.219464457103943,0.013109732228551971,0.7479434208047504,0.0
reference,1.0,1.223,0.07046790239703886,26.21167404515332,0.01310583702257666,0.7477211894402098,0.0
reference,1.0,1.224,0.0701829678692287,26.203885669758034,0.013101942834879017,0.7474990161709887,0.0
reference,1.0,1.225,0.0698991854643337,26.196099331521115,0.013098049665760558,0.7472769010142892,0.0
reference,1.0,1.226,0.06961655052378476,26.188315031040535,0.013094157515520267,0.7470548439871695,0.0
reference,1.0,1.227,0.06933505840784937,26.180532768909174,0.013090266384454588,0.746832845106542,0.0
reference,1.0,1.228,0.06905470449555581,26.172752545714875,0.013086376272857438,0.7466109043891758,0.0
reference,1.0,1.229,0.06877548418461689,26.16497436204045,0.013082487181020225,0.7463890218516962,0.0
reference,1.0,1.23,0.0684973928913548,26.157198218463716,0.013078599109231858,0.7461671975105864,0.0
reference,1.0,1.231,0.06822042605062544,26.149424115557498,0.01307471205777875,0.7459454313821866,0.0
reference,1.0,1.232,0.06794457911574406,26.14165205388966,0.01307082602694483,0.7457237234826962,0.0
reference,1.0,1.233,0.06766984755840992,26.13388203402313,0.013066941017011566,0.7455020738281734,0.0
reference,1.0,1.234,0.06739622686863256,26.126114056515906,0.013063057028257953,0.7452804824345355,0.0
reference,1.0,1.235,0.06712371255465731,26.11834812192109,0.013059174060960545,0.7450589493175607,0.0
reference,1.0,1.236,0.06685230014289195,26.11058423078692,0.01305529211539346,0.7448374744928881,0.0
reference,1.0,1.237,0.06658198517783287,26.102822383656743,0.013051411191828372,0.7446160579760173,0.0
reference,1.0,1.238,0.06631276322199237,26.095062581069094,0.013047531290534547,0.7443946997823108,0.0
reference,1.0,1.239,0.06604462985582531,26.08730482355768,0.013043652411778841,0.7441733999269933,0.0
reference,1.0,1.24,0.06577758067765711,26.07954911165141,0.013039774555825705,0.7439521584251524,0.0
reference,1.0,1.241,0.06551161130361088,26.07179544587442,0.013035897722937211,0.74373097529174,0.0
reference,1.0,1.242,0.06524671736753622,26.064043826746083,0.013032021913373042,0.7435098505415717,0.0
reference,1.0,1.243,0.06498289452093667,26.056294254781037,0.013028147127390519,0.7432887841893282,0.0
reference,1.0,1.244,0.06472013843289907,26.0485467304892,0.0130242733652446,0.7430677762495557,0.0
reference,1.0,1.245,0.06445844479002197,26.040801254375797,0.013020400627187899,0.7428468267366661,0.0
reference,1.0,1.246,0.06419780929634514,26.033057826941373,0.013016528913470687,0.7426259356649385,0.0
reference,1.0,1.247,0.06393822767327878,26.02531644868181,0.013012658224340905,0.7424051030485181,0.0
reference,1.0,1.248,0.06367969565953363,26.01757712008836,0.013008788560044181,0.7421843289014189,0.0
reference,1.0,1.249,0.06342220901105053,26.009839841647647,0.013004919920823824,0.7419636132375222,0.0
reference,1.0,1.25,0.06316576350093124,26.002104613841706,0.013001052306920852,0.7417429560705787,0.0
reference,1.0,1.2510000000000001,0.06291035491936878,25.99437143714798,0.01299718571857399,0.7415223574142081,0.0
reference,1.0,1.252,0.06265597907357841,25.98664031203936,0.01299332015601968,0.7413018172819003,0.0
reference,1.0,1.2530000000000001,0.06240263178772862,25.97891123898419,0.012989455619492095,0.7410813356870153,0.0
reference,1.0,1.254,0.06215030890287297,25.971184218446297,0.012985592109223149,0.7408609126427843,0.0
reference,1.0,1.2550000000000001,0.061899006276881316,25.963459250884995,0.012981729625442497,0.74064054816231,0.0
reference,1.0,1.256,0.06164871978437231,25.955736336755127,0.012977868168377564,0.7404202422585672,0.0
reference,1.0,1.2570000000000001,0.06139944531664525,25.94801547650706,0.01297400773825353,0.7401999949444031,0.0
reference,1.0,1.258,0.06115117878161298,25.94029667058672,0.01297014833529336,0.7399798062325386,0.0
reference,1.0,1.2590000000000001,0.060903916103734426,25.932579919435597,0.012966289959717799,0.7397596761355676,0.0
reference,1.0,1.26,0.060657653223947894,25.924865223490784,0.012962432611745392,0.7395396046659588,0.0
reference,1.0,1.2610000000000001,0.06041238609960437,25.91715258318497,0.012958576291592484,0.739319591836055,0.0
reference,1.0,1.262,0.060168110704401194,25.909441998946484,0.012954720999473241,0.7390996376580752,0.0
reference,1.0,1.2630000000000001,0.05992482302831574,25.901733471199297,0.012950866735599649,0.7388797421441133,0.0
reference,1.0,1.264,0.05968251907754002,25.894027000363042,0.012947013500181521,0.7386599053061401,0.0
reference,1.0,1.2650000000000001,0.059441194874414634,25.886322586853034,0.012943161293426517,0.7384401271560029,0.0
reference,1.0,1.266,0.059200846457363905,25.878620231080298,0.01293931011554015,0.7382204077054267,0.0
reference,1.0,1.2670000000000001,0.058961469880830494,25.870919933451574,0.012935459966725788,0.7380007469660145,0.0
reference,1.0,1.268,0.058723061215210925,25.86322169436933,0.012931610847184666,0.7377811449492468,0.0
reference,1.0,1.2690000000000001,0.058485616546790804,25.855525514231807,0.012927762757115904,0.7375616016664843,0.0
reference,1.0,1.27,0.0582491319776808,25.847831393433008,0.012923915696716505,0.7373421171289662,0.0
reference,1.0,1.2710000000000001,0.05801360362575254,25.84013933236273,0.012920069666181366,0.7371226913478122,0.0
reference,1.0,1.272,0.05777902762457496,25.832449331406583,0.012916224665703292,0.736903324334022,0.0
reference,1.0,1.2730000000000001,0.057545400123350604,25.824761390945994,0.012912380695472998,0.7366840160984764,0.0
reference,1.0,1.274,0.057312717286852805,25.817075511358244,0.012908537755679123,0.7364647666519379,0.0
reference,1.0,1.2750000000000001,0.05708097529536227,25.809391693016476,0.012904695846508238,0.7362455760050509,0.0
reference,1.0,1.276,0.05685017034460484,25.80170993628971,0.012900854968144856,0.7360264441683422,0.0
reference,1.0,1.2770000000000001,0.05662029864568861,25.794030241542856,0.012897015120771429,0.735807371152221,0.0
reference,1.0,1.278,0.0563913564250421,25.78635260913676,0.01289317630456838,0.7355883569669811,0.0
reference,1.0,1.2790000000000001,0.05616333992435196,25.77867703942817,0.012889338519714086,0.7353694016227994,0.0
reference,1.0,1.28,0.05593624540050159,25.771003532769814,0.012885501766384908,0.7351505051297376,0.0
reference,1.0,1.281,0.05571006912550955,25.763332089510367,0.012881666044755184,0.7349316674977422,0.0
reference,1.0,1.282,0.055484807386468216,25.75566270999448,0.01287783135499724,0.7347128887366446,0.0
reference,1.0,1.283,0.05526045648548319,25.747995394562828,0.012873997697281415,0.7344941688561636,0.0
reference,1.0,1.284,0.05503701273961215,25.740330143552086,0.012870165071776043,0.7342755078659026,0.0
reference,1.0,1.285,0.05481447248080487,25.732666957294974,0.012866333478647487,0.7340569057753532,0.0
reference,1.0,1.286,0.05459283205584253,25.725005836120257,0.01286250291806013,0.7338383625938938,0.0
reference,1.0,1.287,0.05437208782627817,25.71734678035276,0.01285867339017638,0.7336198783307903,0.0
reference,1.0,1.288,0.05415223616837658,25.709689790313405,0.012854844895156703,0.7334014529951978,0.0
reference,1.0,1.289,0.053933273473055196,25.702034866319217,0.012851017433159608,0.7331830865961593,0.0
reference,1.0,1.29,0.05371519614582438,25.694382008683323,0.012847191004341662,0.7329647791426075,0.0
reference,1.0,1.291,0.05349800060672907,25.686731217715003,0.012843365608857502,0.7327465306433649,0.0
reference,1.0,1.292,0.05328168329028927,25.679082493719672,0.012839541246859836,0.7325283411071439,0.0
reference,1.0,1.293,0.05306624064544212,25.67143583699892,0.01283571791849946,0.7323102105425477,0.0
reference,1.0,1.294,0.052851669135483156,25.663791247850515,0.012831895623925258,0.7320921389580705,0.0
reference,1.0,1.295,0.05263796523800869,25.656148726568432,0.012828074363284217,0.7318741263620983,0.0
reference,1.0,1.296,0.05242512544485752,25.648508273442854,0.012824254136721428,0.7316561727629088,0.0
reference,1.0,1.297,0.05221314626205377,25.640869888760196,0.012820434944380099,0.7314382781686728,0.0
reference,1.0,1.298,0.052002024209749156,25.633233572803128,0.012816616786401565,0.7312204425874533,0.0
reference,1.0,1.299,0.05179175582216622,25.625599325850576,0.012812799662925289,0.7310026660272073,0.0
reference,1.0,1.3,0.05158233764754102,25.61796714817775,0.012808983574088877,0.7307849484957856,0.0
reference,1.0,1.301,0.05137376624806704,25.610337040056155,0.012805168520028078,0.7305672900009329,0.0
reference,1.0,1.302,0.051166038199838074,25.602709001753603,0.012801354500876801,0.7303496905502891,0.0
reference,1.0,1.303,0.050959150092792616,25.59508303353423,0.012797541516767116,0.7301321501513889,0.0
reference,1.0,1.304,0.05075309853065743,25.587459135658527,0.012793729567829263,0.7299146688116633,0.0
reference,1.0,1.305,0.05054788013089216,25.579837308383333,0.012789918654191667,0.7296972465384388,0.0
reference,1.0,1.306,0.05034349152463348,25.572217551961856,0.012786108775980928,0.7294798833389387,0.0
reference,1.0,1.307,0.05013992935664012,25.56459986664371,0.012782299933321856,0.7292625792202833,0.0
reference,1.0,1.308,0.04993719028523741,25.556984252674894,0.012778492126337448,0.72904533418949,0.0
reference,1.0,1.309,0.0497352709822628,25.549370710297843,0.012774685355148922,0.7288281482534748,0.0
reference,1.0,1.31,0.04953416813301096,25.541759239751414,0.012770879619875707,0.7286110214190513,0.0
reference,1.0,1.311,0.04933387843617955,25.534149841270917,0.012767074920635458,0.728393953692932,0.0
reference,1.0,1.312,0.049134398603814765,25.52654251508814,0.012763271257544069,0.7281769450817289,0.0
reference,1.0,1.313,0.048935725361257704,25.51893726143132,0.01275946863071566,0.7279599955919528,0.0
reference,1.0,1.314,0.04873785544709027,25.511334080525234,0.012755667040262618,0.727743105230016,0.0
reference,1.0,1.315,0.04854078561308199,25.503732972591123,0.012751866486295562,0.7275262740022291,0.0
reference,1.0,1.316,0.04834451262413629,25.49613393784679,0.012748066968923395,0.7273095019148057,0.0
reference,1.0,1.317,0.04814903325823779,25.488536976506552,0.012744268488253276,0.7270927889738593,0.0
reference,1.0,1.318,0.04795434430639904,25.480942088781294,0.012740471044390647,0.7268761351854056,0.0
reference,1.0,1.319,0.04776044257260816,25.473349274878476,0.012736674637439238,0.7266595405553629,0.0
reference,1.0,1.32,0.04756732487377617,25.465758535002117,0.012732879267501059,0.7264430050895507,0.0
reference,1.0,1.321,0.04737498803968486,25.45816986935287,0.012729084934676435,0.7262265287936932,0.0
reference,1.0,1.322,0.04718342891293456,25.45058327812796,0.01272529163906398,0.7260101116734164,0.0
reference,1.0,1.323,0.04699264434889259,25.44299876152128,0.01272149938076064,0.7257937537342514,0.0
reference,1.0,1.324,0.04680263121564132,25.435416319723338,0.012717708159861668,0.7255774549816325,0.0
reference,1.0,1.325,0.04661338639392712,25.427835952921306,0.012713917976460654,0.7253612154208992,0.0
reference,1.0,1.326,0.04642490677710873,25.420257661299033,0.012710128830649517,0.725145035057296,0.0
reference,1.0,1.327,0.04623718927110672,25.41268144503704,0.01270634072251852,0.7249289138959724,0.0
reference,1.0,1.328,0.04605023079435222,25.405107304312555,0.012702553652156277,0.7247128519419841,0.0
reference,1.0,1.329,0.04586402827773678,25.397535239299526,0.012698767619649763,0.7244968492002932,0.0
reference,1.0,1.33,0.04567857866456167,25.389965250168608,0.012694982625084304,0.7242809056757679,0.0
reference,1.0,1.331,0.04549387891048792,25.382397337087223,0.012691198668543612,0.7240650213731841,0.0
reference,1.0,1.332,0.045309925983486085,25.37483150021952,0.012687415750109761,0.7238491962972242,0.0
reference,1.0,1.333,0.04512671686378678,25.367267739726444,0.012683633869863223,0.7236334304524795,0.0
reference,1.0,1.334,0.04494424854383082,25.359706055765702,0.012679853027882852,0.7234177238434489,0.0
reference,1.0,1.335,0.04476251802822011,25.352146448491816,0.012676073224245908,0.7232020764745402,0.0
reference,1.0,1.336,0.044581522333668216,25.3445889180561,0.01267229445902805,0.7229864883500697,0.0
reference,1.0,1.337,0.04440125848895165,25.337033464606705,0.012668516732303353,0.722770959474264,0.0
reference,1.0,1.338,0.04422172353486083,25.329480088288605,0.012664740044144304,0.7225554898512582,0.0
reference,1.0,1.339,0.044042914524151724,25.321928789243646,0.012660964394621823,0.7223400794850988,0.0
reference,1.0,1.34,0.04386482852149738,25.314379567610526,0.012657189783805263,0.7221247283797425,0.0
reference,1.0,1.341,0.04368746260343975,25.306832423524828,0.012653416211762414,0.7219094365390567,0.0
reference,1.0,1.342,0.04351081385834157,25.299287357119006,0.012649643678559504,0.7216942039668202,0.0
reference,1.0,1.343,0.043334879386338856,25.29174436852245,0.012645872184261225,0.7214790306667236,0.0
reference,1.0,1.344,0.043159656299292935,25.284203457861448,0.012642101728930724,0.7212639166423697,0.0
reference,1.0,1.345,0.04298514172074343,25.276664625259222,0.012638332312629612,0.7210488618972734,0.0
reference,1.0,1.346,0.042811332785860606,25.269127870835938,0.012634563935417968,0.7208338664348626,0.0
reference,1.0,1.347,0.04263822664139879,25.261593194708727,0.012630796597354364,0.7206189302584788,0.0
reference,1.0,1.348,0.04246582044564909,25.254060596991685,0.012627030298495844,0.7204040533713766,0.0
reference,1.0,1.349,0.04229411136839323,25.246530077795896,0.012623265038897949,0.7201892357767247,0.0
reference,1.0,1.35,0.04212309659085654,25.23900163722943,0.012619500818614715,0.7199744774776061,0.0
reference,1.0,1.351,0.04195277330566221,25.231475275397376,0.012615737637698687,0.7197597784770186,0.0
reference,1.0,1.352,0.041783138716784754,25.22395099240185,0.012611975496200925,0.7195451387778751,0.0
reference,1.0,1.353,0.041614190039504506,25.21642878834199,0.012608214394170996,0.7193305583830036,0.0
reference,1.0,1.354,0.04144592450036155,25.208908663313988,0.012604454331656995,0.7191160372951483,0.0
reference,1.0,1.355,0.04127833933711051,25.201390617411104,0.012600695308705553,0.7189015755169693,0.0
reference,1.0,1.356,0.04111143179867492,25.19387465072366,0.01259693732536183,0.7186871730510433,0.0
reference,1.0,1.357,0.04094519914510231,25.186360763339074,0.012593180381669537,0.718472829899864,0.0
reference,1.0,1.358,0.040779638647518976,25.17884895534185,0.012589424477670924,0.718258546065842,0.0
reference,1.0,1.359,0.04061474758808554,25.171339226813615,0.012585669613406807,0.7180443215513058,0.0
reference,1.0,1.36,0.04045052325995187,25.163831577833115,0.012581915788916558,0.7178301563585017,0.0
reference,1.0,1.361,0.04028696296721308,25.15632600847623,0.012578163004238117,0.7176160504895943,0.0
reference,1.0,1.362,0.040124064024864924,25.14882251881599,0.012574411259407996,0.7174020039466668,0.0
reference,1.0,1.363,0.039961823758760034,25.141321108922593,0.012570660554461297,0.7171880167317217,0.0
reference,1.0,1.364,0.039800239505563696,25.133821778863393,0.012566910889431697,0.7169740888466805,0.0
reference,1.0,1.365,0.03963930861271048,25.126324528702938,0.012563162264351469,0.7167602202933844,0.0
reference,1.0,1.366,0.03947902843836033,25.118829358502982,0.012559414679251492,0.716546411073595,0.0
reference,1.0,1.367,0.03931939635135556,25.111336268322475,0.012555668134161238,0.716332661188994,0.0
reference,1.0,1.368,0.03916040973117727,25.10384525821759,0.012551922629108795,0.7161189706411837,0.0
reference,1.0,1.369,0.039002065967902795,25.09635632824174,0.01254817816412087,0.7159053394316879,0.0
reference,1.0,1.37,0.038844362462162364,25.08886947844558,0.01254443473922279,0.7156917675619514,0.0
reference,1.0,1.371,0.03868729662509683,25.081384708877014,0.012540692354438507,0.715478255033341,0.0
reference,1.0,1.372,0.03853086587831489,25.07390201958123,0.012536951009790616,0.7152648018471455,0.0
reference,1.0,1.373,0.03837506765385099,25.06642141060069,0.012533210705300345,0.7150514080045763,0.0
reference,1.0,1.374,0.03821989939412293,25.058942881975142,0.012529471440987571,0.7148380735067672,0.0
reference,1.0,1.375,0.038065358551890145,25.051466433741645,0.012525733216870822,0.7146247983547754,0.0
reference,1.0,1.3760000000000001,0.037911442590211605,25.043992065934574,0.012521996032967287,0.7144115825495816,0.0
reference,1.0,1.377,0.037758148982404455,25.03651977858563,0.012518259889292817,0.7141984260920899,0.0
reference,1.0,1.3780000000000001,0.037605475212002235,25.02904957172385,0.012514524785861925,0.7139853289831287,0.0
reference,1.0,1.379,0.037453418772713944,25.021581445375627,0.012510790722687813,0.713772291223451,0.0
reference,1.0,1.3800000000000001,0.03730197716838247,25.01411539956472,0.01250705769978236,0.7135593128137344,0.0
reference,1.0,1.381,0.037151147912943966,25.006651434312243,0.012503325717156122,0.7133463937545813,0.0
reference,1.0,1.3820000000000001,0.03700092853038679,24.999189549636718,0.01249959477481836,0.71313353404652,0.0
reference,1.0,1.383,0.03685131655471109,24.991729745554046,0.012495864872777023,0.7129207336900041,0.0
reference,1.0,1.3840000000000001,0.03670230952988808,24.984272022077548,0.012492136011038773,0.7127079926854136,0.0
reference,1.0,1.385,0.03655390500981994,24.976816379217947,0.012488408189608974,0.7124953110330545,0.0
reference,1.0,1.3860000000000001,0.03640610055829946,24.969362816983413,0.012484681408491707,0.7122826887331598,0.0
reference,1.0,1.387,0.03625889374897028,24.96191133537955,0.012480955667689775,0.7120701257858892,0.0
reference,1.0,1.3880000000000001,0.03611228216528675,24.95446193440942,0.01247723096720471,0.7118576221913303,0.0
reference,1.0,1.389,0.035966263400474686,24.947014614073524,0.012473507307036762,0.7116451779494972,0.0
reference,1.0,1.3900000000000001,0.035820835057491354,24.939569374369878,0.012469784687184939,0.7114327930603334,0.0
reference,1.0,1.391,0.03567599474898657,24.93212621529395,0.012466063107646974,0.7112204675237096,0.0
reference,1.0,1.3920000000000001,0.03553174009726319,24.92468513683872,0.01246234256841936,0.7110082013394254,0.0
reference,1.0,1.393,0.035388068734238304,24.917246138994667,0.012458623069497334,0.7107959945072095,0.0
reference,1.0,1.3940000000000001,0.03524497830140417,24.909809221749782,0.012454904610874892,0.7105838470267193,0.0
reference,1.0,1.395,0.0351024664497897,24.902374385089615,0.012451187192544807,0.7103717588975422,0.0
reference,1.0,1.3960000000000001,0.03496053083992166,24.89494162899722,0.01244747081449861,0.7101597301191952,0.0
reference,1.0,1.397,0.03481916914178654,24.887510953453216,0.012443755476726609,0.7099477606911253,0.0
reference,1.0,1.3980000000000001,0.03467837903479198,24.880082358435782,0.012440041179217891,0.7097358506127099,0.0
reference,1.0,1.399,0.03453815820772908,24.87265584392067,0.012436327921960335,0.7095239998832575,0.0
reference,1.0,1.4000000000000001,0.03439850435873403,24.865231409881215,0.012432615704940607,0.7093122085020074,0.0
reference,1.0,1.401,0.034259415195250664,24.85780905628834,0.01242890452814417,0.70910047646813,0.0
reference,1.0,1.4020000000000001,0.03412088843399257,24.850388783110567,0.012425194391555284,0.7088888037807276,0.0
reference,1.0,1.403,0.03398292180090586,24.842970590314046,0.012421485295157023,0.7086771904388343,0.0
reference,1.0,1.4040000000000001,0.033845513031131556,24.83555447786254,0.01241777723893127,0.7084656364414166,0.0
reference,1.0,1.405,0.033708659868968704,24.82814044571744,0.01241407022285872,0.708254141787373,0.0
reference,1.0,1.4060000000000001,0.033572360067837065,24.820728493837805,0.012410364246918902,0.7080427064755358,0.0
reference,1.0,1.407,0.03343661139024048,24.81331862218032,0.01240665931109016,0.7078313305046691,0.0
reference,1.0,1.408,0.03330141160772999,24.805910830699347,0.012402955415349673,0.7076200138734713,0.0
reference,1.0,1.409,0.033166758500867234,24.79850511934693,0.012399252559673465,0.7074087565805742,0.0
reference,1.0,1.41,0.03303264985918819,24.7911014880728,0.0123955507440364,0.7071975586245439,0.0
reference,1.0,1.411,0.032899083481166644,24.78369993682437,0.012391849968412185,0.7069864200038802,0.0
reference,1.0,1.412,0.0327660571741783,24.776300465546765,0.012388150232773383,0.7067753407170179,0.0
reference,1.0,1.413,0.03263356875446454,24.76890307418282,0.01238445153709141,0.7065643207623261,0.0
reference,1.0,1.414,0.032501616047096824,24.761507762673112,0.012380753881336557,0.7063533601381098,0.0
reference,1.0,1.415,0.03237019688594072,24.754114530955935,0.012377057265477968,0.7061424588426087,0.0
reference,1.0,1.416,0.032239309113620634,24.746723378967335,0.012373361689483667,0.7059316168739985,0.0
reference,1.0,1.417,0.032108950581484094,24.739334306641123,0.012369667153320562,0.705720834230391,0.0
reference,1.0,1.418,0.03197911914956681,24.73194731390886,0.01236597365695443,0.705510110909834,0.0
reference,1.0,1.419,0.031849812686557184,24.72456240069988,0.01236228120034994,0.7052994469103115,0.0
reference,1.0,1.42,0.03172102906976164,24.717179566941333,0.012358589783470667,0.7050888422297454,0.0
reference,1.0,1.421,0.031592766185069523,24.70979881255812,0.01235489940627906,0.7048782968659936,0.0
reference,1.0,1.422,0.03146502192691863,24.702420137472973,0.012351210068736487,0.7046678108168517,0.0
reference,1.0,1.423,0.031337794198260396,24.69504354160643,0.012347521770803215,0.7044573840800531,0.0
reference,1.0,1.424,0.031211080910525747,24.687669024876858,0.012343834512438428,0.7042470166532689,0.0
reference,1.0,1.425,0.03108487998359052,24.68029658720045,0.012340148293600224,0.7040367085341087,0.0
reference,1.0,1.426,0.030959189345741593,24.67292622849124,0.012336463114245619,0.70382645972012,0.0
reference,1.0,1.427,0.030834006933642598,24.665557948661114,0.012332778974330556,0.7036162702087894,0.0
reference,1.0,1.428,0.03070933069230039,24.65819174761983,0.012329095873809917,0.7034061399975424,0.0
reference,1.0,1.429,0.03058515857503092,24.650827625275003,0.012325413812637501,0.7031960690837438,0.0
reference,1.0,1.43,0.030461488543425983,24.64346558153214,0.01232173279076607,0.702986057464698,0.0
reference,1.0,1.431,0.030338318567319496,24.63610561629463,0.012318052808147314,0.7027761051376489,0.0
reference,1.0,1.432,0.030215646624754386,24.62874772946376,0.012314373864731882,0.7025662120997809,0.0
reference,1.0,1.433,0.030093470701949187,24.62139192093872,0.01231069596046936,0.7023563783482181,0.0
reference,1.0,1.434,0.029971788793265196,24.61403819061664,0.012307019095308321,0.7021466038800258,0.0
reference,1.0,1.435,0.02985059890117334,24.606686538392548,0.012303343269196274,0.7019368886922099,0.0
reference,1.0,1.436,0.029729899036221582,24.599336964159413,0.012299668482079707,0.7017272327817171,0.0
reference,1.0,1.437,0.02960968721700204,24.591989467808173,0.012295994733904086,0.7015176361454362,0.0
reference,1.0,1.438,0.02948996147011877,24.584644049227684,0.012292322024613842,0.7013080987801966,0.0
reference,1.0,1.439,0.029370719830154997,24.577300708304787,0.012288650354152393,0.7010986206827704,0.0
reference,1.0,1.44,0.02925196033964118,24.569959444924294,0.012284979722462147,0.7008892018498718,0.0
reference,1.0,1.441,0.02913368104902263,24.562620258968984,0.012281310129484493,0.7006798422781567,0.0
reference,1.0,1.442,0.02901588001662772,24.555283150319642,0.012277641575159821,0.7004705419642245,0.0
reference,1.0,1.443,0.028898555308635793,24.547948118855036,0.012273974059427518,0.700261300904617,0.0
reference,1.0,1.444,0.028781704999045653,24.540615164451953,0.012270307582225977,0.7000521190958192,0.0
reference,1.0,1.445,0.0286653271696437,24.533284286985193,0.012266642143492597,0.6998429965342596,0.0
reference,1.0,1.446,0.028549419909972673,24.525955486327568,0.012262977743163784,0.6996339332163102,0.0
reference,1.0,1.447,0.028433981317300055,24.51862876234994,0.01225931438117497,0.699424929138287,0.0
reference,1.0,1.448,0.02831900949658714,24.511304114921217,0.012255652057460608,0.6992159842964504,0.0
reference,1.0,1.449,0.028204502560457558,24.503981543908324,0.012251990771954163,0.6990070986870045,0.0
reference,1.0,1.45,0.028090458629166617,24.496661049176296,0.012248330524588149,0.698798272306099,0.0
reference,1.0,1.451,0.02797687583057021,24.489342630588187,0.012244671315294093,0.6985895051498275,0.0
reference,1.0,1.452,0.02786375230009427,24.48202628800516,0.01224101314400258,0.6983807972142294,0.0
reference,1.0,1.453,0.02775108618070398,24.474712021286454,0.012237356010643227,0.6981721484952895,0.0
reference,1.0,1.454,0.027638875622873465,24.46739983028939,0.012233699915144697,0.6979635589889375,0.0
reference,1.0,1.455,0.027527118784555257,24.46008971486941,0.012230044857434706,0.6977550286910498,0.0
reference,1.0,1.456,0.027415813831150222,24.452781674880057,0.012226390837440029,0.6975465575974483,0.0
reference,1.0,1.457,0.027304958935477325,24.44547571017299,0.012222737855086496,0.6973381457039017,0.0
reference,1.0,1.458,0.027194552277743707,24.438171820597997,0.012219085910298999,0.697129793006125,0.0
reference,1.0,1.459,0.027084592045514697,24.430870006003005,0.012215435003001502,0.6969214994997799,0.0
reference,1.0,1.46,0.02697507643368426,24.42357026623408,0.012211785133117041,0.6967132651804754,0.0
reference,1.0,1.461,0.026866003644445118,24.416272601135443,0.012208136300567721,0.6965050900437676,0.0
reference,1.0,1.462,0.026757371887259487,24.40897701054947,0.012204488505274736,0.6962969740851602,0.0
reference,1.0,1.463,0.02664917937882945,24.40168349431672,0.01220084174715836,0.6960889173001048,0.0
reference,1.0,1.464,0.026541424343067888,24.394392052275908,0.012197196026137953,0.6958809196840007,0.0
reference,1.0,1.465,0.02643410501106915,24.387102684263954,0.012193551342131978,0.6956729812321957,0.0
reference,1.0,1.466,0.02632721962108014,24.379815390115944,0.012189907695057973,0.6954651019399855,0.0
reference,1.0,1.467,0.02622076641847135,24.372530169665197,0.0121862650848326,0.6952572818026153,0.0
reference,1.0,1.468,0.026114743655708067,24.365247022743215,0.012182623511371608,0.6950495208152785,0.0
reference,1.0,1.469,0.0260091495923216,24.357965949179725,0.012178982974589863,0.6948418189731178,0.0
reference,1.0,1.47,0.02590398249488089,24.350686948802696,0.012175343474401348,0.6946341762712258,0.0
reference,1.0,1.471,0.02579924063696384,24.34341002143829,0.012171705010719146,0.6944265927046436,0.0
reference,1.0,1.472,0.025694922299129182,24.336135166910957,0.012168067583455478,0.6942190682683633,0.0
reference,1.0,1.473,0.025591025768888054,24.328862385043355,0.012164431192521677,0.6940116029573261,0.0
reference,1.0,1.474,0.02548754934067608,24.32159167565642,0.012160795837828212,0.693804196766424,0.0
reference,1.0,1.475,0.025384491315825174,24.314323038569352,0.012157161519284676,0.6935968496904994,0.0
reference,1.0,1.476,0.025281850002535827,24.3070564735996,0.0121535282367998,0.6933895617243448,0.0
reference,1.0,1.477,0.025179623715849253,24.299791980562926,0.012149895990281464,0.6931823328627046,0.0
reference,1.0,1.478,0.025077810777619742,24.292529559273362,0.012146264779636682,0.6929751631002737,0.0
reference,1.0,1.479,0.02497640951648705,24.285269209543227,0.012142634604771614,0.6927680524316985,0.0
reference,1.0,1.48,0.02487541826784911,24.27801093118316,0.01213900546559158,0.692561000851577,0.0
reference,1.0,1.481,0.024774835373834528,24.270754724002092,0.012135377362001046,0.6923540083544589,0.0
reference,1.0,1.482,0.024674659183275542,24.263500587807286,0.012131750293903643,0.6921470749348461,0.0
reference,1.0,1.483,0.024574888051680736,24.256248522404327,0.012128124261202165,0.6919402005871925,0.0
reference,1.0,1.484,0.024475520341208236,24.24899852759712,0.01212449926379856,0.6917333853059043,0.0
reference,1.0,1.485,0.024376554420638637,24.24175060318793,0.012120875301593967,0.6915266290853411,0.0
reference,1.0,1.486,0.024277988665348374,24.23450474897736,0.012117252374488682,0.6913199319198147,0.0
reference,1.0,1.487,0.024179821457282966,24.227260964764362,0.012113630482382181,0.6911132938035898,0.0
reference,1.0,1.488,0.02408205118493051,24.22001925034626,0.012110009625173132,0.6909067147308849,0.0
reference,1.0,1.489,0.023984676243295124,24.21277960551874,0.01210638980275937,0.6907001946958717,0.0
reference,1.0,1.49,0.023887695033870757,24.20554203007588,0.01210277101503794,0.6904937336926761,0.0
reference,1.0,1.491,0.02379110596461479,24.198306523810118,0.01209915326190506,0.690287331715377,0.0
reference,1.0,1.492,0.023694907449922035,24.1910730865123,0.01209553654325615,0.6900809887580083,0.0
reference,1.0,1.493,0.023599097910598582,24.183841717971674,0.012091920858985838,0.6898747048145576,0.0
reference,1.0,1.494,0.023503675773836004,24.176612417975882,0.012088306208987942,0.6896684798789674,0.0
reference,1.0,1.495,0.0234086394731854,24.169385186310993,0.012084692593155496,0.6894623139451349,0.0
reference,1.0,1.496,0.023313987448531803,24.162160022761476,0.012081080011380738,0.6892562070069119,0.0
reference,1.0,1.497,0.0232197181460685,24.154936927110246,0.012077468463555122,0.6890501590581058,0.0
reference,1.0,1.498,0.02312583001827157,24.147715899138653,0.012073857949569326,0.6888441700924793,0.0
reference,1.0,1.499,0.023032321523874376,24.14049693862647,0.012070248469313235,0.6886382401037501,0.0
reference,1.0,1.5,0.022939191127842425,24.133280045351942,0.01206664002267597,0.6884323690855925,0.0
reference,1.0,1.5010000000000001,0.02284643730134801,24.126065219091743,0.012063032609545872,0.6882265570316356,0.0
reference,1.0,1.502,0.022754058521745266,24.118852459621046,0.012059426229810523,0.688020803935466,0.0
reference,1.0,1.5030000000000001,0.022662053272545,24.11164176671346,0.012055820883356732,0.6878151097906259,0.0
reference,1.0,1.504,0.02257042004338998,24.10443314014109,0.012052216570070546,0.687609474590614,0.0
reference,1.0,1.5050000000000001,0.022479157330029954,24.097226579674505,0.012048613289837253,0.6874038983288855,0.0
reference,1.0,1.506,0.022388263634297197,24.090022085082786,0.012045011042541394,0.6871983809988532,0.0
reference,1.0,1.5070000000000001,0.022297737464081615,24.08281965613351,0.012041409828066755,0.686992922593887,0.0
reference,1.0,1.508,0.02220757733330653,24.075619292592737,0.012037809646296369,0.6867875231073135,0.0
reference,1.0,1.5090000000000001,0.02211778176190407,24.068420994225054,0.012034210497112527,0.686582182532417,0.0
reference,1.0,1.51,0.02202834927579106,24.061224760793564,0.012030612380396783,0.68637690086244,0.0
reference,1.0,1.5110000000000001,0.021939278406844634,24.054030592059895,0.012027015296029947,0.6861716780905824,0.0
reference,1.0,1.512,0.021850567692878322,24.0468384877842,0.0120234192438921,0.6859665142100024,0.0
reference,1.0,1.5130000000000001,0.021762215677617863,24.039648447725174,0.012019824223862587,0.6857614092138166,0.0
reference,1.0,1.514,0.021674220910677486,24.032460471640057,0.01201623023582003,0.6855563630950997,0.0
reference,1.0,1.5150000000000001,0.021586581947535887,24.025274559284632,0.012012637279642316,0.6853513758468851,0.0
reference,1.0,1.516,0.02149929734951279,24.01809071041325,0.012009045355206626,0.6851464474621656,0.0
reference,1.0,1.5170000000000001,0.02141236568374502,24.01090892477882,0.01200545446238941,0.6849415779338924,0.0
reference,1.0,1.518,0.02132578552316325,24.003729202132828,0.012001864601066415,0.6847367672549765,0.0
reference,1.0,1.5190000000000001,0.021239555446468363,23.996551542225323,0.01199827577111266,0.6845320154182876,0.0
reference,1.0,1.52,0.0211536740381083,23.989375944804955,0.011994687972402478,0.6843273224166555,0.0
reference,1.0,1.5210000000000001,0.021068139888254664,23.982202409618942,0.011991101204809472,0.6841226882428696,0.0
reference,1.0,1.522,0.020982951592779724,23.975030936413127,0.011987515468206564,0.6839181128896795,0.0
reference,1.0,1.5230000000000001,0.02089810775323321,23.96786152493193,0.011983930762465966,0.6837135963497946,0.0
reference,1.0,1.524,0.02081360697681953,23.9606941749184,0.011980347087459202,0.6835091386158849,0.0
reference,1.0,1.5250000000000001,0.0207294478763747,23.953528886114178,0.011976764443057088,0.6833047396805805,0.0
reference,1.0,1.526,0.020645629070343823,23.94636565825956,0.01197318282912978,0.683100399536473,0.0
reference,1.0,1.5270000000000001,0.020562149182758144,23.939204491093435,0.011969602245546718,0.6828961181761137,0.0
reference,1.0,1.528,0.02047900684321268,23.932045384353344,0.011966022692176672,0.6826918955920159,0.0
reference,1.0,1.5290000000000001,0.02039620068684356,23.924888337775478,0.01196244416888774,0.6824877317766541,0.0
reference,1.0,1.53,0.020313729354305768,23.91773335109465,0.011958866675547325,0.6822836267224632,0.0
reference,1.0,1.5310000000000001,0.020231591491750675,23.910580424044355,0.011955290212022178,0.6820795804218411,0.0
reference,1.0,1.532,0.020149785750803968,23.903429556356716,0.011951714778178359,0.6818755928671463,0.0
reference,1.0,1.5330000000000001,0.020068310788543365,23.896280747762557,0.011948140373881278,0.6816716640506999,0.0
reference,1.0,1.534,0.019987165267476723,23.889133997991337,0.01194456699899567,0.6814677939647846,0.0
reference,1.0,1.5350000000000001,0.0199063478555199,23.881989306771214,0.011940994653385608,0.6812639826016459,0.0
reference,1.0,1.536,0.019825857225975123,23.874846673829033,0.011937423336914516,0.6810602299534914,0.0
reference,1.0,1.537,0.019745692057508975,23.867706098890316,0.01193385304944516,0.6808565360124914,0.0
reference,1.0,1.538,0.019665851034130807,23.86056758167928,0.01193028379083964,0.6806529007707789,0.0
reference,1.0,1.539,0.0195863328451712,23.85343112191886,0.01192671556095943,0.6804493242204501,0.0
reference,1.0,1.54,0.0195071361852603,23.846296719330685,0.011923148359665342,0.6802458063535642,0.0
reference,1.0,1.541,0.019428259754306555,23.839164373635096,0.011919582186817549,0.6800423471621438,0.0
reference,1.0,1.542,0.019349702257475197,23.832034084551164,0.011916017042275583,0.6798389466381748,0.0
reference,1.0,1.543,0.019271462405167167,23.824905851796682,0.011912452925898341,0.6796356047736068,0.0
reference,1.0,1.544,0.019193538912997785,23.81777967508817,0.011908889837544085,0.6794323215603534,0.0
reference,1.0,1.545,0.019115930501775766,23.810655554140883,0.011905327777070441,0.6792290969902918,0.0
reference,1.0,1.546,0.01903863589748221,23.803533488668833,0.011901766744334416,0.6790259310552639,0.0
reference,1.0,1.547,0.018961653831249644,23.796413478384768,0.011898206739192384,0.6788228237470753,0.0
reference,1.0,1.548,0.018884983039341198,23.78929552300019,0.011894647761500097,0.6786197750574964,0.0
reference,1.0,1.549,0.018808622263129935,23.782179622225375,0.011891089811112688,0.6784167849782622,0.0
reference,1.0,1.55,0.018732570249078057,23.77506577576935,0.011887532887884675,0.6782138535010727,0.0
reference,1.0,1.551,0.018656825748716487,23.767953983339915,0.011883976991669957,0.6780109806175922,0.0
reference,1.0,1.552,0.018581387518624207,23.76084424464366,0.011880422122321831,0.6778081663194511,0.0
reference,1.0,1.553,0.018506254320408005,23.75373655938595,0.011876868279692974,0.6776054105982443,0.0
reference,1.0,1.554,0.01843142492068198,23.74663092727094,0.01187331546363547,0.6774027134455326,0.0
reference,1.0,1.555,0.018356898091047506,23.739527348001573,0.011869763674000788,0.6772000748528421,0.0
reference,1.0,1.556,0.018282672608072825,23.732425821279598,0.011866212910639799,0.6769974948116646,0.0
reference,1.0,1.557,0.018208747253273164,23.725326346805574,0.011862663173402788,0.6767949733134584,0.0
reference,1.0,1.558,0.01813512081309059,23.718228924278865,0.011859114462139433,0.6765925103496474,0.0
reference,1.0,1.559,0.01806179207887421,23.71113355339766,0.01185556677669883,0.676390105911622,0.0
reference,1.0,1.56,0.01798875984686021,23.704040233858947,0.011852020116929474,0.6761877599907384,0.0
reference,1.0,1.561,0.017916022918152214,23.69694896535858,0.01184847448267929,0.6759854725783205,0.0
reference,1.0,1.562,0.01784358009870148,23.689859747591203,0.011844929873795602,0.6757832436656578,0.0
reference,1.0,1.563,0.017771430199287418,23.682772580250333,0.011841386290125168,0.6755810732440071,0.0
reference,1.0,1.564,0.017699572035497938,23.675687463028314,0.011837843731514157,0.6753789613045924,0.0
reference,1.0,1.565,0.017628004427710193,23.668604395616345,0.011834302197808172,0.6751769078386047,0.0
reference,1.0,1.566,0.017556726201070978,23.66152337770447,0.011830761688852234,0.6749749128372021,0.0
reference,1.0,1.567,0.017485736185477656,23.654444408981618,0.01182722220449081,0.674772976291511,0.0
reference,1.0,1.568,0.017415033215558796,23.64736748913555,0.011823683744567775,0.6745710981926243,0.0
reference,1.0,1.569,0.017344616130655157,23.64029261785292,0.011820146308926461,0.6743692785316033,0.0
reference,1.0,1.57,0.01727448377480054,23.63321979481926,0.011816609897409631,0.6741675172994777,0.0
reference,1.0,1.571,0.017204634996702897,23.626149019718966,0.011813074509859483,0.673965814487244,0.0
reference,1.0,1.572,0.017135068649725343,23.619080292235328,0.011809540146117663,0.6737641700858682,0.0
reference,1.0,1.573,0.017065783591867438,23.61201361205054,0.01180600680602527,0.6735625840862841,0.0
reference,1.0,1.574,0.016996778685746297,23.604948978845677,0.01180247448942284,0.6733610564793941,0.0
reference,1.0,1.575,0.016928052798578123,23.597886392300726,0.011798943196150363,0.6731595872560696,0.0
reference,1.0,1.576,0.016859604802159374,23.590825852094568,0.011795412926047284,0.6729581764071499,0.0
reference,1.0,1.577,0.016791433572848437,23.583767357905018,0.011791883678952508,0.6727568239234446,0.0
reference,1.0,1.578,0.016723537991547053,23.576710909408785,0.011788355454704393,0.6725555297957312,0.0
reference,1.0,1.579,0.016655916943682045,23.569656506281518,0.011784828253140759,0.6723542940147572,0.0
reference,1.0,1.58,0.016588569319186928,23.56260414819779,0.011781302074098894,0.6721531165712394,0.0
reference,1.0,1.581,0.016521494012483783,23.55555383483109,0.011777776917415547,0.671951997455864,0.0
reference,1.0,1.582,0.016454689922465005,23.548505565853876,0.011774252782926937,0.6717509366592869,0.0
reference,1.0,1.583,0.016388155952475326,23.541459340937525,0.011770729670468763,0.6715499341721339,0.0
reference,1.0,1.584,0.016321891010293705,23.53441515975237,0.011767207579876185,0.671348989985001,0.0
reference,1.0,1.585,0.016255894008115557,23.527373021967694,0.011763686510983848,0.6711481040884539,0.0
reference,1.0,1.586,0.016190163862534693,23.520332927251737,0.01176016646362587,0.6709472764730289,0.0
reference,1.0,1.587,0.01612469949452572,23.513294875271708,0.011756647437635855,0.6707465071292326,0.0
reference,1.0,1.588,0.01605949982942617,23.506258865693773,0.011753129432846886,0.6705457960475418,0.0
reference,1.0,1.589,0.01599456379691902,23.499224898183083,0.011749612449091541,0.6703451432184049,0.0
reference,1.0,1.59,0.01592989033101496,23.492192972403753,0.011746096486201877,0.67014454863224,0.0
reference,1.0,1.591,0.015865478370035033,23.485163088018894,0.011742581544009447,0.6699440122794371,0.0
reference,1.0,1.592,0.01580132685659309,23.478135244690588,0.011739067622345294,0.6697435341503566,0.0
reference,1.0,1.593,0.015737434737578538,23.471109442079932,0.011735554721039966,0.6695431142353309,0.0
reference,1.0,1.594,0.015673800964138937,23.464085679846985,0.011732042839923493,0.6693427525246626,0.0
reference,1.0,1.595,0.015610424491662939,23.457063957650846,0.011728531978825424,0.6691424490086273,0.0
reference,1.0,1.596,0.015547304279762947,23.450044275149594,0.011725022137574797,0.6689422036774711,0.0
reference,1.0,1.597,0.015484439292258205,23.443026632000322,0.011721513316000161,0.6687420165214123,0.0
reference,1.0,1.598,0.015421828497157668,23.436011027859152,0.011718005513929576,0.6685418875306413,0.0
reference,1.0,1.599,0.01535947086664316,23.42899746238121,0.011714498731190607,0.66834181669532,0.0
reference,1.0,1.6,0.015297365377052403,23.421985935220654,0.011710992967610327,0.6681418040055829,0.0
reference,1.0,1.601,0.015235511008862312,23.41497644603068,0.011707488223015339,0.6679418494515369,0.0
reference,1.0,1.602,0.015173906746672156,23.407968994463495,0.011703984497231748,0.6677419530232609,0.0
reference,1.0,1.603,0.015112551579186978,23.40096358017037,0.011700481790085185,0.6675421147108069,0.0
reference,1.0,1.604,0.015051444499200952,23.39396020280161,0.011696980101400804,0.6673423345041994,0.0
reference,1.0,1.605,0.014990584503580866,23.386958862006562,0.011693479431003281,0.6671426123934358,0.0
reference,1.0,1.606,0.01492997059324959,23.37995955743363,0.011689979778716815,0.666942948368486,0.0
reference,1.0,1.607,0.014869601773169799,23.372962288730275,0.011686481144365138,0.6667433424192936,0.0
reference,1.0,1.608,0.014809477052327503,23.36596705554302,0.01168298352777151,0.6665437945357752,0.0
reference,1.0,1.609,0.014749595443715898,23.35897385751746,0.011679486928758729,0.6663443047078207,0.0
reference,1.0,1.61,0.014689955964319054,23.351982694298247,0.011675991347149124,0.6661448729252938,0.0
reference,1.0,1.611,0.014630557635095886,23.344993565529123,0.011672496782764562,0.6659454991780315,0.0
reference,1.0,1.612,0.01457139948096398,23.338006470852893,0.011669003235426446,0.6657461834558445,0.0
reference,1.0,1.613,0.014512480530783661,23.331021409911457,0.01166551070495573,0.6655469257485174,0.0
reference,1.0,1.614,0.014453799817342025,23.324038382345805,0.011662019191172903,0.6653477260458089,0.0
reference,1.0,1.615,0.014395356377337064,23.317057387796016,0.011658528693898008,0.6651485843374522,0.0
reference,1.0,1.616,0.014337149251361807,23.310078425901263,0.011655039212950632,0.6649495006131538,0.0
reference,1.0,1.617,0.014279177483888674,23.30310149629983,0.011651550748149915,0.6647504748625956,0.0
reference,1.0,1.618,0.01422144012325367,23.29612659862909,0.011648063299314546,0.6645515070754331,0.0
reference,1.0,1.619,0.01416393622164087,23.289153732525545,0.011644576866262772,0.664352597241297,0.0
reference,1.0,1.62,0.014106664835066762,23.2821828976248,0.0116410914488124,0.6641537453497925,0.0
reference,1.0,1.621,0.01404962502336485,23.275214093561576,0.011637607046780789,0.6639549513904998,0.0
reference,1.0,1.622,0.013992815850170112,23.26824731996973,0.011634123659984865,0.6637562153529738,0.0
reference,1.0,1.623,0.013936236382903736,23.26128257648224,0.01163064128824112,0.6635575372267449,0.0
reference,1.0,1.624,0.013879885692757731,23.254319862731204,0.011627159931365602,0.6633589170013183,0.0
reference,1.0,1.625,0.013823762854679737,23.247359178347878,0.01162367958917394,0.6631603546661752,0.0
reference,1.0,1.6260000000000001,0.013767866947357765,23.24040052296264,0.011620200261481322,0.6629618502107714,0.0
reference,1.0,1.627,0.013712197053205172,23.23344389620502,0.011616721948102511,0.6627634036245389,0.0
reference,1.0,1.6280000000000001,0.013656752258345492,23.226489297703687,0.011613244648851844,0.662565014896885,0.0
reference,1.0,1.629,0.01360153165259754,23.219536727086474,0.011609768363543237,0.6623666840171932,0.0
reference,1.0,1.6300000000000001,0.013546534329460368,23.212586183980367,0.011606293091990183,0.6621684109748228,0.0
reference,1.0,1.631,0.01349175938609848,23.205637668011516,0.011602818834005758,0.6619701957591093,0.0
reference,1.0,1.6320000000000001,0.013437205923326916,23.198691178805223,0.011599345589402612,0.6617720383593638,0.0
reference,1.0,1.633,0.013382873045596575,23.19174671598597,0.011595873357992986,0.6615739387648744,0.0
reference,1.0,1.6340000000000001,0.013328759860979469,23.18480427917741,0.011592402139588705,0.6613758969649051,0.0
reference,1.0,1.635,0.013274865481154098,23.177863868002373,0.011588931934001186,0.6611779129486968,0.0
reference,1.0,1.6360000000000001,0.013221189021390826,23.170925482082865,0.011585462741041433,0.6609799867054666,0.0
reference,1.0,1.637,0.013167729600537437,23.163989121040085,0.011581994560520044,0.6607821182244089,0.0
reference,1.0,1.6380000000000001,0.013114486341004577,23.157054784494413,0.011578527392247207,0.6605843074946945,0.0
reference,1.0,1.639,0.013061458368751439,23.150122472065426,0.011575061236032714,0.6603865545054713,0.0
reference,1.0,1.6400000000000001,0.01300864481327133,23.14319218337191,0.011571596091685954,0.6601888592458647,0.0
reference,1.0,1.641,0.012956044807577456,23.136263918031812,0.011568131959015905,0.6599912217049761,0.0
reference,1.0,1.6420000000000001,0.012903657488188619,23.129337675662338,0.01156466883783117,0.659793641871886,0.0
reference,1.0,1.643,0.012851481995115103,23.122413455879865,0.011561206727939933,0.659596119735651,0.0
reference,1.0,1.6440000000000001,0.012799517471844527,23.115491258299993,0.011557745629149997,0.6593986552853055,0.0
reference,1.0,1.645,0.012747763065327792,23.108571082537544,0.011554285541268772,0.6592012485098618,0.0
reference,1.0,1.6460000000000001,0.012696217925965045,23.10165292820655,0.011550826464103275,0.6590038993983098,0.0
reference,1.0,1.647,0.012644881207591805,23.094736794920276,0.011547368397460138,0.6588066079396173,0.0
reference,1.0,1.6480000000000001,0.012593752067464983,23.087822682291208,0.011543911341145604,0.6586093741227301,0.0
reference,1.0,1.649,0.01254282966624913,23.080910589931072,0.011540455294965536,0.658412197936572,0.0
reference,1.0,1.6500000000000001,0.012492113168002594,23.074000517450823,0.011537000258725411,0.6582150793700452,0.0
reference,1.0,1.651,0.012441601740163847,23.06709246446066,0.011533546232230331,0.65801801841203,0.0
reference,1.0,1.6520000000000001,0.012391294553537754,23.06018643057002,0.01153009321528501,0.6578210150513851,0.0
reference,1.0,1.653,0.012341190782282073,23.053282415387592,0.011526641207693797,0.6576240692769478,0.0
reference,1.0,1.6540000000000001,0.012291289603893751,23.046380418521313,0.011523190209260657,0.6574271810775343,0.0
reference,1.0,1.655,0.012241590199195556,23.039480439578377,0.011519740219789189,0.6572303504419389,0.0
reference,1.0,1.6560000000000001,0.01219209175232252,23.03258247816523,0.011516291239082616,0.6570335773589353,0.0
reference,1.0,1.657,0.012142793450708648,23.025686533887594,0.011512843266943797,0.6568368618172761,0.0
reference,1.0,1.6580000000000001,0.012093694485073478,23.018792606350434,0.011509396303175217,0.6566402038056924,0.0
reference,1.0,1.659,0.012044794049408893,23.01190069515801,0.011505950347579005,0.6564436033128952,0.0
reference,1.0,1.6600000000000001,0.011996091340965794,23.00501079991383,0.011502505399956914,0.6562470603275742,0.0
reference,1.0,1.661,0.01194758556024102,22.998122920220702,0.01149906146011035,0.6560505748383988,0.0
reference,1.0,1.6620000000000001,0.011899275910964114,22.99123705568069,0.011495618527840345,0.6558541468340175,0.0
reference,1.0,1.663,0.011851161600084386,22.984353205895165,0.011492176602947582,0.655657776303059,0.0
reference,1.0,1.6640000000000001,0.01180324183775775,22.977471370464773,0.011488735685232386,0.655461463234131,0.0
reference,1.0,1.665,0.011755515837333875,22.970591548989454,0.011485295774494727,0.6552652076158213,0.0
reference,1.0,1.666,0.011707982815343194,22.96371374106844,0.01148185687053422,0.6550690094366977,0.0
reference,1.0,1.667,0.011660641991484075,22.956837946300258,0.011478418973150129,0.6548728686853075,0.0
reference,1.0,1.668,0.011613492588610028,22.949964164282747,0.011474982082141373,0.6546767853501786,0.0
reference,1.0,1.669,0.011566533832716906,22.943092394613043,0.011471546197306521,0.6544807594198186,0.0
reference,1.0,1.67,0.011519764952930242,22.936222636887592,0.011468111318443797,0.6542847908827161,0.0
reference,1.0,1.671,0.011473185181492547,22.929354890702157,0.011464677445351078,0.6540888797273392,0.0
reference,1.0,1.672,0.011426793753750754,22.922489155651803,0.011461244577825902,0.6538930259421369,0.0
reference,1.0,1.673,0.011380589908143644,22.915625431330934,0.011457812715665467,0.653697229515539,0.0
reference,1.0,1.674,0.011334572886189343,22.90876371733326,0.01145438185866663,0.6535014904359556,0.0
reference,1.0,1.675,0.011288741932472854,22.90190401325183,0.011450952006625915,0.6533058086917778,0.0
reference,1.0,1.676,0.0112430962946337,22.895046318679004,0.011447523159339503,0.6531101842713772,0.0
reference,1.0,1.677,0.011197635223353524,22.888190633206495,0.011444095316603248,0.6529146171631071,0.0
reference,1.0,1.678,0.011152357972343842,22.881336956425343,0.011440668478212672,0.652719107355301,0.0
reference,1.0,1.679,0.011107263798333721,22.87448528792592,0.011437242643962961,0.6525236548362741,0.0
reference,1.0,1.68,0.011062351961057659,22.867635627297958,0.011433817813648979,0.6523282595943227,0.0
reference,1.0,1.681,0.01101762172324336,22.86078797413052,0.01143039398706526,0.6521329216177246,0.0
reference,1.0,1.682,0.010973072350599683,22.85394232801203,0.011426971164006016,0.6519376408947389,0.0
reference,1.0,1.683,0.01092870311180456,22.847098688530252,0.011423549344265127,0.6517424174136061,0.0
reference,1.0,1.684,0.010884513278493014,22.840257055272318,0.011420128527636159,0.6515472511625484,0.0
reference,1.0,1.685,0.010840502125245151,22.833417427824717,0.01141670871391236,0.6513521421297702,0.0
reference,1.0,1.686,0.01079666892957433,22.826579805773296,0.011413289902886647,0.651157090303457,0.0
reference,1.0,1.687,0.01075301297191522,22.819744188703268,0.011409872094351634,0.6509620956717768,0.0
reference,1.0,1.688,0.01070953353561206,22.812910576199222,0.011406455288099611,0.6507671582228791,0.0
reference,1.0,1.689,0.010666229906906837,22.80607896784512,0.01140303948392256,0.6505722779448961,0.0
reference,1.0,1.69,0.01062310137492762,22.799249363224288,0.011399624681612144,0.6503774548259417,0.0
reference,1.0,1.691,0.01058014723167683,22.79242176191945,0.011396210880959726,0.6501826888541123,0.0
reference,1.0,1.692,0.010537366772019678,22.785596163512682,0.011392798081756342,0.6499879800174865,0.0
reference,1.0,1.693,0.010494759293672563,22.77877256758548,0.01138938628379274,0.6497933283041255,0.0
reference,1.0,1.694,0.010452324097191542,22.771950973718713,0.011385975486859356,0.6495987337020733,0.0
reference,1.0,1.695,0.010410060485960822,22.76513138149263,0.011382565690746315,0.6494041961993561,0.0
reference,1.0,1.696,0.010367967766181398,22.758313790486895,0.011379156895243448,0.649209715783983,0.0
reference,1.0,1.697,0.01032604524685957,22.75149820028056,0.01137574910014028,0.6490152924439461,0.0
reference,1.0,1.698,0.010284292239795692,22.744684610452083,0.011372342305226041,0.6488209261672203,0.0
reference,1.0,1.699,0.010242708059572787,22.73787302057931,0.011368936510289656,0.6486266169417632,0.0
reference,1.0,1.7,0.010201292023545378,22.73106343023953,0.011365531715119765,0.6484323647555162,0.0
reference,1.0,1.701,0.010160043451828193,22.724255839009402,0.011362127919504701,0.6482381695964033,0.0
reference,1.0,1.702,0.010118961667285122,22.717450246465017,0.01135872512323251,0.6480440314523319,0.0
reference,1.0,1.703,0.010078045995517962,22.71064665218189,0.011355323326090945,0.6478499503111929,0.0
reference,1.0,1.704,0.01003729576485546,22.70384505573494,0.01135192252786747,0.6476559261608603,0.0
reference,1.0,1.705,0.009996710306342213,22.697045456698522,0.011348522728349261,0.647461958989192,0.0
reference,1.0,1.706,0.009956288953727745,22.690247854646408,0.011345123927323205,0.6472680487840295,0.0
reference,1.0,1.707,0.00991603104345551,22.6834522491518,0.0113417261245759,0.6470741955331978,0.0
reference,1.0,1.708,0.009875935914652067,22.676658639787334,0.011338329319893667,0.6468803992245058,0.0
reference,1.0,1.709,0.00983600290911615,22.669867026125083,0.011334933513062542,0.6466866598457461,0.0
reference,1.0,1.71,0.00979623137130795,22.66307740773656,0.01133153870386828,0.6464929773846959,0.0
reference,1.0,1.711,0.009756620648338264,22.656289784192694,0.011328144892096347,0.6462993518291154,0.0
reference,1.0,1.712,0.009717170089957887,22.649504155063894,0.011324752077531948,0.6461057831667496,0.0
reference,1.0,1.713,0.009677879048546811,22.642720519919997,0.011321360259959999,0.6459122713853279,0.0
reference,1.0,1.714,0.0096387468791037,22.63593887833028,0.011317969439165139,0.6457188164725632,0.0
reference,1.0,1.715,0.009599772939235227,22.62915922986349,0.011314579614931744,0.6455254184161536,0.0
reference,1.0,1.716,0.00956095658914559,22.62238157408783,0.011311190787043915,0.6453320772037815,0.0
reference,1.0,1.717,0.009522297191625952,22.615605910570935,0.011307802955285468,0.645138792823113,0.0
reference,1.0,1.718,0.009483794112044034,22.608832238879934,0.011304416119439968,0.6449455652618002,0.0
reference,1.0,1.719,0.009445446718333646,22.6020605585814,0.0113010302792907,0.6447523945074788,0.0
reference,1.0,1.72,0.009407254380984357,22.59529086924138,0.01129764543462069,0.6445592805477699,0.0
reference,1.0,1.721,0.009369216473031109,22.58852317042539,0.011294261585212696,0.644366223370279,0.0
reference,1.0,1.722,0.00933133237004401,22.581757461698416,0.011290878730849208,0.6441732229625973,0.0
reference,1.0,1.723,0.00929360145011797,22.574993742624915,0.011287496871312457,0.6439802793122998,0.0
reference,1.0,1.724,0.009256023093862592,22.56823201276883,0.011284116006384416,0.6437873924069478,0.0
reference,1.0,1.725,0.009218596684391928,22.561472271693592,0.011280736135846797,0.6435945622340875,0.0
reference,1.0,1.726,0.009181321607314425,22.554714518962093,0.011277357259481048,0.6434017887812499,0.0
reference,1.0,1.727,0.009144197250722767,22.54795875413673,0.011273979377068364,0.6432090720359517,0.0
reference,1.0,1.728,0.009107223005183891,22.541204976779383,0.011270602488389693,0.643016411985695,0.0
reference,1.0,1.729,0.009070398263728928,22.534453186451415,0.011267226593225708,0.6428238086179673,0.0
reference,1.0,1.73,0.0090337224218433,22.52770338271371,0.011263851691356856,0.642631261920242,0.0
reference,1.0,1.731,0.00899719487745672,22.52095556512662,0.01126047778256331,0.6424387718799778,0.0
reference,1.0,1.732,0.008960815030933406,22.514209733250006,0.011257104866625003,0.6422463384846191,0.0
reference,1.0,1.733,0.00892458228506213,22.50746588664325,0.011253732943321625,0.6420539617215966,0.0
reference,1.0,1.734,0.008888496045046507,22.50072402486521,0.011250362012432605,0.6418616415783264,0.0
reference,1.0,1.735,0.008852555718495156,22.493984147474276,0.011246992073737139,0.6416693780422107,0.0
reference,1.0,1.736,0.008816760715412042,22.487246254028335,0.011243623127014168,0.6414771711006381,0.0
reference,1.0,1.737,0.00878111044818673,22.480510344084788,0.011240255172042394,0.6412850207409825,0.0
reference,1.0,1.738,0.008745604331584797,22.47377641720056,0.011236888208600282,0.6410929269506047,0.0
reference,1.0,1.739,0.008710241782738163,22.467044472932095,0.011233522236466047,0.6409008897168519,0.0
reference,1.0,1.74,0.008675022221135587,22.46031451083535,0.011230157255417674,0.640708909027057,0.0
reference,1.0,1.741,0.008639945068613066,22.453586530465813,0.011226793265232907,0.64051698486854,0.0
reference,1.0,1.742,0.00860500974934444,22.44686053137849,0.011223430265689246,0.6403251172286066,0.0
reference,1.0,1.743,0.008570215689831824,22.440136513127925,0.011220068256563962,0.6401333060945497,0.0
reference,1.0,1.744,0.008535562318896291,22.433414475268194,0.011216707237634098,0.6399415514536488,0.0
reference,1.0,1.745,0.00850104906766843,22.426694417352905,0.011213347208676453,0.6397498532931699,0.0
reference,1.0,1.746,0.00846667536957906,22.419976338935193,0.011209988169467597,0.6395582116003657,0.0
reference,1.0,1.747,0.008432440660349871,22.413260239567748,0.011206630119783874,0.6393666263624762,0.0
reference,1.0,1.748,0.00839834437798423,22.406546118802797,0.011203273059401398,0.639175097566728,0.0
reference,1.0,1.749,0.008364385962757877,22.39983397619211,0.011199916988096055,0.6389836252003346,0.0
reference,1.0,1.75,0.008330564857209823,22.393123811287,0.0111965619056435,0.638792209250497,0.0
reference,1.0,1.7510000000000001,0.0082968805061331,22.38641562363834,0.01119320781181917,0.6386008497044029,0.0
reference,1.0,1.752,0.008263332356565763,22.379709412796544,0.011189854706398272,0.6384095465492277,0.0
reference,1.0,1.7530000000000001,0.008229919857781693,22.373005178311583,0.011186502589155791,0.6382182997721334,0.0
reference,1.0,1.754,0.008196642461281652,22.366302919733,0.0111831514598665,0.6380271093602703,0.0
reference,1.0,1.7550000000000001,0.00816349962078421,22.359602636609875,0.011179801318304938,0.6378359753007753,0.0
reference,1.0,1.756,0.008130490792216831,22.352904328490865,0.011176452164245433,0.6376448975807734,0.0
reference,1.0,1.7570000000000001,0.008097615433706898,22.346207994924182,0.01117310399746209,0.6374538761873765,0.0
reference,1.0,1.758,0.008064873005572858,22.339513635457607,0.011169756817728804,0.6372629111076847,0.0
reference,1.0,1.7590000000000001,0.00803226297031532,22.332821249638503,0.011166410624819252,0.6370720023287859,0.0
reference,1.0,1.76,0.007999784792608267,22.32613083701379,0.011163065418506894,0.6368811498377555,0.0
reference,1.0,1.7610000000000001,0.00796743793929025,22.319442397129965,0.011159721198564983,0.6366903536216566,0.0
reference,1.0,1.762,0.007935221879355654,22.312755929533107,0.011156377964766553,0.6364996136675406,0.0
reference,1.0,1.7630000000000001,0.007903136083945932,22.306071433768867,0.011153035716884434,0.6363089299624466,0.0
reference,1.0,1.764,0.007871180026340999,22.299388909382483,0.011149694454691241,0.636118302493402,0.0
reference,1.0,1.7650000000000001,0.00783935318195051,22.29270835591877,0.011146354177959386,0.635927731247422,0.0
reference,1.0,1.766,0.007807655028305312,22.286029772922134,0.011143014886461067,0.6357372162115102,0.0
reference,1.0,1.7670000000000001,0.007776085045048812,22.279353159936576,0.011139676579968288,0.6355467573726588,0.0
reference,1.0,1.768,0.0077446427139284835,22.272678516505675,0.011136339258252838,0.6353563547178476,0.0
reference,1.0,1.7690000000000001,0.007713327518787316,22.266005842172607,0.011133002921086304,0.6351660082340452,0.0
reference,1.0,1.77,0.007682138945555375,22.259335136480146,0.011129667568240074,0.6349757179082087,0.0
reference,1.0,1.7710000000000001,0.00765107648224135,22.25266639897066,0.01112633319948533,0.6347854837272835,0.0
reference,1.0,1.772,0.007620139618924152,22.245999629186127,0.011122999814593063,0.634595305678204,0.0
reference,1.0,1.7730000000000001,0.007589327847744522,22.239334826668117,0.011119667413334058,0.6344051837478929,0.0
reference,1.0,1.774,0.007558640662896737,22.232671990957805,0.011116335995478902,0.6342151179232616,0.0
reference,1.0,1.7750000000000001,0.007528077560620258,22.22601112159597,0.011113005560797985,0.6340251081912102,0.0
reference,1.0,1.776,0.0074976380391915095,22.219352218123017,0.011109676109061509,0.6338351545386283,0.0
reference,1.0,1.7770000000000001,0.007467321598915592,22.21269528007894,0.01110634764003947,0.6336452569523935,0.0
reference,1.0,1.778,0.0074371277421181325,22.20604030700337,0.011103020153501685,0.6334554154193733,0.0
reference,1.0,1.7790000000000001,0.007407055973137057,22.199387298435525,0.011099693649217762,0.6332656299264233,0.0
reference,1.0,1.78,0.007377105798314507,22.192736253914273,0.011096368126957136,0.6330759004603891,0.0
reference,1.0,1.7810000000000001,0.0073472767259887065,22.186087172978077,0.011093043586489038,0.6328862270081047,0.0
reference,1.0,1.782,0.007317568266485899,22.179440055165035,0.011089720027582517,0.6326966095563938,0.0
reference,1.0,1.7830000000000001,0.007287979932112293,22.172794900012864,0.011086397450006433,0.6325070480920694,0.0
reference,1.0,1.784,0.007258511237146092,22.166151707058916,0.011083075853529458,0.6323175426019335,0.0
reference,1.0,1.7850000000000001,0.007229161697829476,22.159510475840158,0.01107975523792008,0.6321280930727778,0.0
reference,1.0,1.786,0.007199930832360704,22.15287120589321,0.011076435602946605,0.6319386994913837,0.0
reference,1.0,1.7870000000000001,0.0071708181608861644,22.1462338967543,0.01107311694837715,0.6317493618445215,0.0
reference,1.0,1.788,0.007141823205492537,22.139598547959306,0.011069799273979653,0.6315600801189516,0.0
reference,1.0,1.7890000000000001,0.0071129454901989065,22.132965159043746,0.011066482579521874,0.6313708543014239,0.0
reference,1.0,1.79,0.007084184540948985,22.126333729542775,0.011063166864771387,0.6311816843786783,0.0
reference,1.0,1.7910000000000001,0.007055539885603311,22.119704258991185,0.011059852129495593,0.630992570337444,0.0
reference,1.0,1.792,0.007027011053931508,22.11307674692341,0.011056538373461705,0.6308035121644404,0.0
reference,1.0,1.793,0.006998597577604549,22.10645119287355,0.011053225596436775,0.6306145098463767,0.0
reference,1.0,1.794,0.006970298990187076,22.09982759637532,0.01104991379818766,0.6304255633699519,0.0
reference,1.0,1.795,0.006942114827129769,22.093205956962123,0.011046602978481061,0.6302366727218555,0.0
reference,1.0,1.796,0.006914044625761668,22.086586274166986,0.011043293137083493,0.6300478378887666,0.0
reference,1.0,1.797,0.006886087925282634,22.0799685475226,0.011039984273761301,0.6298590588573547,0.0
reference,1.0,1.798,0.006858244266755735,22.073352776561315,0.011036676388280658,0.6296703356142792,0.0
reference,1.0,1.799,0.006830513193099753,22.06673896081514,0.01103336948040757,0.6294816681461904,0.0
reference,1.0,1.8,0.006802894249081638,22.060127099815734,0.011030063549907867,0.6292930564397282,0.0
reference,1.0,1.801,0.0067753869813090995,22.053517193094443,0.011026758596547222,0.6291045004815236,0.0
reference,1.0,1.802,0.006747990938223078,22.04690924018225,0.011023454620091125,0.628916000258197,0.0
reference,1.0,1.803,0.006720705670090411,22.040303240609816,0.011020151620304909,0.6287275557563605,0.0
reference,1.0,1.804,0.006693530728996391,22.033699193907474,0.011016849596953737,0.6285391669626159,0.0
reference,1.0,1.805,0.006666465668837463,22.027097099605225,0.011013548549802613,0.628350833863556,0.0
reference,1.0,1.806,0.006639510045313849,22.020496957232748,0.011010248478616374,0.628162556445764,0.0
reference,1.0,1.807,0.006612663415922313,22.013898766319393,0.011006949383159697,0.6279743346958144,0.0
reference,1.0,1.808,0.006585925339948833,22.007302526394174,0.011003651263197087,0.6277861686002716,0.0
reference,1.0,1.809,0.006559295378461423,22.000708236985812,0.011000354118492907,0.6275980581456917,0.0
reference,1.0,1.81,0.006532773094302895,21.99411589762268,0.010997057948811341,0.6274100033186211,0.0
reference,1.0,1.811,0.006506358052083697,21.987525507832846,0.010993762753916423,0.6272220041055971,0.0
reference,1.0,1.812,0.006480049818174743,21.980937067144072,0.010990468533572037,0.6270340604931487,0.0
reference,1.0,1.813,0.006453847960700332,21.9743505750838,0.0109871752875419,0.6268461724677955,0.0
reference,1.0,1.814,0.0064277520495310166,21.967766031179142,0.010983883015589571,0.6266583400160478,0.0
reference,1.0,1.815,0.006401761656276585,21.961183434956933,0.010980591717478467,0.626470563124408,0.0
reference,1.0,1.816,0.006375876354278985,21.95460278594367,0.010977301392971836,0.6262828417793688,0.0
reference,1.0,1.817,0.006350095718605363,21.948024083665572,0.010974012041832787,0.626095175967415,0.0
reference,1.0,1.818,0.0063244193260410435,21.94144732764853,0.010970723663824265,0.6259075656750219,0.0
reference,1.0,1.819,0.006298846755082622,21.934872517418146,0.010967436258709074,0.625720010888657,0.0
reference,1.0,1.82,0.006273377585931026,21.928299652499724,0.010964149826249863,0.6255325115947789,0.0
reference,1.0,1.821,0.006248011400484626,21.92172873241826,0.01096086436620913,0.6253450677798372,0.0
reference,1.0,1.822,0.006222747782332359,21.915159756698465,0.010957579878349232,0.6251576794302741,0.0
reference,1.0,1.823,0.006197586316746929,21.908592724864747,0.010954296362432373,0.6249703465325225,0.0
reference,1.0,1.824,0.006172526590677949,21.902027636441222,0.010951013818220612,0.6247830690730072,0.0
reference,1.0,1.825,0.006147568192745213,21.895464490951717,0.010947732245475858,0.6245958470381449,0.0
reference,1.0,1.826,0.006122710713231894,21.888903287919774,0.010944451643959888,0.6244086804143439,0.0
reference,1.0,1.827,0.00609795374407786,21.882344026868644,0.010941172013434322,0.6242215691880044,0.0
reference,1.0,1.828,0.0060732968788729386,21.875786707321293,0.010937893353660647,0.6240345133455184,0.0
reference,1.0,1.829,0.0060487397128502745,21.869231328800403,0.010934615664400201,0.6238475128732698,0.0
reference,1.0,1.83,0.006024281842879672,21.86267789082838,0.01093133894541419,0.6236605677576346,0.0
reference,1.0,1.831,0.00599992286746098,21.856126392927337,0.010928063196463668,0.6234736779849804,0.0
reference,1.0,1.832,0.005975662386717486,21.84957683461913,0.010924788417309565,0.6232868435416676,0.0
reference,1.0,1.833,0.005951500002389387,21.843029215425315,0.010921514607712658,0.6231000644140482,0.0
reference,1.0,1.834,0.005927435317827205,21.83648353486718,0.010918241767433591,0.622913340588466,0.0
reference,1.0,1.835,0.005903467937985325,21.829939792465765,0.010914969896232883,0.6227266720512582,0.0
reference,1.0,1.836,0.0058795974694154625,21.823397987741807,0.010911698993870903,0.6225400587887532,0.0
reference,1.0,1.837,0.00585582352026025,21.816858120215795,0.010908429060107897,0.6223535007872724,0.0
reference,1.0,1.838,0.0058321457002467585,21.810320189407925,0.010905160094703962,0.6221669980331287,0.0
reference,1.0,1.839,0.005808563620680133,21.803784194838162,0.010901892097419081,0.6219805505126285,0.0
reference,1.0,1.84,0.005785076894437182,21.797250136026175,0.010898625068013089,0.6217941582120697,0.0
reference,1.0,1.841,0.005761685135960048,21.790718012491403,0.010895359006245702,0.6216078211177439,0.0
reference,1.0,1.842,0.005738387961249836,21.784187823752994,0.010892093911876496,0.621421539215934,0.0
reference,1.0,1.843,0.005715184987860367,21.777659569329856,0.010888829784664928,0.6212353124929163,0.0
reference,1.0,1.844,0.0056920758348918445,21.77113324874062,0.010885566624370312,0.6210491409349592,0.0
reference,1.0,1.845,0.00566906012298465,21.764608861503696,0.010882304430751848,0.6208630245283245,0.0
reference,1.0,1.846,0.005646137474313072,21.758086407137213,0.010879043203568606,0.6206769632592666,0.0
reference,1.0,1.847,0.0056233075125791425,21.751565885159053,0.010875782942579527,0.6204909571140321,0.0
reference,1.0,1.848,0.0056005698630064195,21.74504729508684,0.01087252364754342,0.6203050060788609,0.0
reference,1.0,1.849,0.005577924152333888,21.738530636437982,0.01086926531821899,0.6201191101399862,0.0
reference,1.0,1.85,0.005555370008809768,21.732015908729597,0.0108660079543648,0.6199332692836333,0.0
reference,1.0,1.851,0.0055329070621854696,21.7255031114786,0.010862751555739299,0.6197474834960217,0.0
reference,1.0,1.852,0.005510534943709471,21.718992244201615,0.010859496122100808,0.6195617527633623,0.0
reference,1.0,1.853,0.005488253286121304,21.71248330641507,0.010856241653207536,0.6193760770718608,0.0
reference,1.0,1.854,0.005466061723645483,21.705976297635114,0.010852988148817558,0.6191904564077145,0.0
reference,1.0,1.855,0.005443959891985548,21.699471217377695,0.010849735608688849,0.6190048907571154,0.0
reference,1.0,1.856,0.005421947428318035,21.692968065158496,0.010846484032579248,0.6188193801062476,0.0
reference,1.0,1.857,0.005400023971286565,21.68646684049297,0.010843233420246484,0.6186339244412888,0.0
reference,1.0,1.858,0.005378189160995867,21.67996754289634,0.01083998377144817,0.6184485237484103,0.0
reference,1.0,1.859,0.005356442639005928,21.6734701718836,0.0108367350859418,0.6182631780137766,0.0
reference,1.0,1.86,0.0053347840483260415,21.666974726969503,0.010833487363484752,0.6180778872235453,0.0
reference,1.0,1.861,0.005313213033409004,21.66048120766859,0.010830240603834295,0.6178926513638681,0.0
reference,1.0,1.862,0.005291729240145233,21.65398961349515,0.010826994806747575,0.6177074704208895,0.0
reference,1.0,1.863,0.005270332315857,21.647499943963272,0.010823749971981636,0.6175223443807484,0.0
reference,1.0,1.864,0.0052490219092925965,21.641012198586797,0.010820506099293399,0.6173372732295763,0.0
reference,1.0,1.865,0.005227797670620603,21.634526376879364,0.010817263188439683,0.6171522569534993,0.0
reference,1.0,1.866,0.0052066592514241165,21.628042478354377,0.010814021239177189,0.6169672955386366,0.0
reference,1.0,1.867,0.005185606304695065,21.621560502525025,0.010810780251262513,0.6167823889711012,0.0
reference,1.0,1.868,0.005164638484828464,21.61508044890428,0.01080754022445214,0.6165975372370001,0.0
reference,1.0,1.869,0.005143755447616807,21.6086023170049,0.010804301158502451,0.6164127403224341,0.0
reference,1.0,1.87,0.005122956850244345,21.602126106339412,0.010801063053169706,0.6162279982134973,0.0
reference,1.0,1.871,0.005102242351281516,21.595651816420155,0.010797825908210077,0.6160433108962787,0.0
reference,1.0,1.872,0.0050816116106792986,21.589179446759236,0.010794589723379619,0.6158586783568605,0.0
reference,1.0,1.873,0.005061064289763665,21.582708996868558,0.01079135449843428,0.6156741005813191,0.0
reference,1.0,1.874,0.005040600051229986,21.57624046625981,0.010788120233129906,0.6154895775557248,0.0
reference,1.0,1.875,0.005020218559137532,21.56977385444449,0.010784886927222246,0.6153051092661425,0.0
reference,1.0,1.8760000000000001,0.0049999194789039185,21.563309160933876,0.010781654580466938,0.6151206956986306,0.0
reference,1.0,1.877,0.00497970247729965,21.55684638523904,0.01077842319261952,0.6149363368392421,0.0
reference,1.0,1.8780000000000001,0.004959567222442615,21.55038552687085,0.010775192763435425,0.6147520326740238,0.0
reference,1.0,1.879,0.004939513383792683,21.543926585339985,0.010771963292669993,0.6145677831890171,0.0
reference,1.0,1.8800000000000001,0.00491954063214622,21.537469560156918,0.010768734780078459,0.6143835883702576,0.0
reference,1.0,1.881,0.0048996486396307385,21.531014450831915,0.010765507225415957,0.6141994482037751,0.0
reference,1.0,1.8820000000000001,0.0048798370796994785,21.52456125687506,0.01076228062843753,0.6140153626755943,0.0
reference,1.0,1.883,0.0048601056271260715,21.518109977796225,0.010759054988898113,0.6138313317717333,0.0
reference,1.0,1.8840000000000001,0.004840453957999176,21.511660613105096,0.010755830306552548,0.6136473554782056,0.0
reference,1.0,1.885,0.004820881749717193,21.505213162311172,0.010752606581155587,0.6134634337810189,0.0
reference,1.0,1.8860000000000001,0.004801388680982933,21.498767624923747,0.010749383812461873,0.6132795666661751,0.0
reference,1.0,1.887,0.004781974431798379,21.49232400045194,0.01074616200022597,0.6130957541196714,0.0
reference,1.0,1.8880000000000001,0.004762638683459395,21.485882288404664,0.010742941144202333,0.6129119961274988,0.0
reference,1.0,1.889,0.004743381118550538,21.479442488290665,0.010739721244145333,0.6127282926756437,0.0
reference,1.0,1.8900000000000001,0.004724201420939801,21.473004599618488,0.010736502299809244,0.6125446437500865,0.0
reference,1.0,1.891,0.004705099275773464,21.466568621896496,0.010733284310948247,0.6123610493368031,0.0
reference,1.0,1.8920000000000001,0.004686074369470888,21.460134554632884,0.010730067277316442,0.6121775094217637,0.0
reference,1.0,1.893,0.004667126389719406,21.45370239733563,0.010726851198667816,0.6119940239909331,0.0
reference,1.0,1.8940000000000001,0.004648255025469159,21.44727214951258,0.010723636074756291,0.6118105930302716,0.0
reference,1.0,1.895,0.004629459966928026,21.44084381067136,0.01072042190533568,0.6116272165257339,0.0
reference,1.0,1.8960000000000001,0.004610740905556498,21.43441738031944,0.010717208690159722,0.61144389446327,0.0
reference,1.0,1.897,0.004592097534062658,21.42799285796411,0.010713996428982055,0.6112606268288244,0.0
reference,1.0,1.8980000000000001,0.004573529546397086,21.421570243112484,0.010710785121556243,0.6110774136083371,0.0
reference,1.0,1.899,0.004555036637747896,21.4151495352715,0.01070757476763575,0.610894254787743,0.0
reference,1.0,1.9000000000000001,0.0045366185045356685,21.40873073394793,0.010704365366973966,0.610711150352972,0.0
reference,1.0,1.901,0.0045182748444085145,21.402313838648368,0.010701156919324184,0.6105281002899491,0.0
reference,1.0,1.9020000000000001,0.004500005356237083,21.395898848879245,0.010697949424439622,0.6103451045845946,0.0
reference,1.0,1.903,0.00448180974010964,21.389485764146826,0.010694742882073413,0.610162163222824,0.0
reference,1.0,1.9040000000000001,0.004463687697327123,21.3830745839572,0.0106915372919786,0.609979276190548,0.0
reference,1.0,1.905,0.004445638930398262,21.3766653078163,0.01068833265390815,0.6097964434736728,0.0
reference,1.0,1.9060000000000001,0.004427663143034666,21.370257935229887,0.010685128967614943,0.6096136650580993,0.0
reference,1.0,1.907,0.004409760040145991,21.363852465703566,0.010681926232851783,0.6094309409297246,0.0
reference,1.0,1.9080000000000001,0.0043919293278350735,21.357448898742774,0.010678724449371388,0.6092482710744405,0.0
reference,1.0,1.909,0.00437417071339312,21.351047233852796,0.010675523616926398,0.6090656554781346,0.0
reference,1.0,1.9100000000000001,0.0043564839052948785,21.344647470538757,0.01067232373526938,0.60888309412669,0.0
reference,1.0,1.911,0.004338868613193891,21.338249608305617,0.010669124804152809,0.608700587005985,0.0
reference,1.0,1.9120000000000001,0.004321324547917685,21.33185364665819,0.010665926823329095,0.6085181341018938,0.0
reference,1.0,1.913,0.004303851421463063,21.32545958510112,0.010662729792550561,0.608335735400286,0.0
reference,1.0,1.9140000000000001,0.0042864489469913464,21.31906742313891,0.010659533711569455,0.6081533908870266,0.0
reference,1.0,1.915,0.004269116838823689,21.31267716027592,0.010656338580137962,0.6079711005479769,0.0
reference,1.0,1.9160000000000001,0.004251854812436368,21.30628879601633,0.010653144398008164,0.6077888643689929,0.0
reference,1.0,1.917,0.004234662584456129,21.299902329864192,0.010649951164932097,0.6076066823359275,0.0
reference,1.0,1.9180000000000001,0.0042175398726555235,21.293517761323407,0.010646758880661704,0.6074245544346285,0.0
reference,1.0,1.919,0.004200486395948289,21.28713508989772,0.01064356754494886,0.6072424806509397,0.0
reference,1.0,1.92,0.004183501874384712,21.280754315090746,0.010640377157545374,0.6070604609707009,0.0
reference,1.0,1.921,0.00416658602914705,21.274375436405936,0.010637187718202969,0.6068784953797476,0.0
reference,1.0,1.922,0.004149738582544959,21.267998453346607,0.010633999226673303,0.6066965838639112,0.0
reference,1.0,1.923,0.004132959258010915,21.261623365415936,0.010630811682707969,0.6065147264090194,0.0
reference,1.0,1.924,0.0041162477800956955,21.255250172116945,0.010627625086058473,0.606332923000895,0.0
reference,1.0,1.925,0.004099603874463835,21.248878872952545,0.010624439436476273,0.6061511736253581,0.0
reference,1.0,1.926,0.00408302726788915,21.242509467425474,0.010621254733712738,0.6059694782682236,0.0
reference,1.0,1.927,0.004066517688250217,21.236141955038352,0.010618070977519177,0.605787836915303,0.0
reference,1.0,1.928,0.0040500748645259516,21.229776335293664,0.010614888167646832,0.6056062495524042,0.0
reference,1.0,1.929,0.00403369852679111,21.22341260769375,0.010611706303846875,0.6054247161653308,0.0
reference,1.0,1.93,0.004017388406211899,21.21705077174082,0.01060852538587041,0.6052432367398826,0.0
reference,1.0,1.931,0.004001144235041531,21.21069082693695,0.010605345413468475,0.6050618112618559,0.0
reference,1.0,1.932,0.0039849657466158594,21.204332772784095,0.010602166386392048,0.6048804397170431,0.0
reference,1.0,1.933,0.003968852675348967,21.19797660878406,0.01059898830439203,0.6046991220912327,0.0
reference,1.0,1.934,0.003952804756728842,21.19162233443854,0.010595811167219272,0.6045178583702099,0.0
reference,1.0,1.935,0.003936821727313,21.18526994924909,0.010592634974624544,0.6043366485397559,0.0
reference,1.0,1.936,0.0039209033247241945,21.17891945271714,0.01058945972635857,0.6041554925856483,0.0
reference,1.0,1.937,0.0039050492876460735,21.172570844343998,0.010586285422172,0.6039743904936614,0.0
reference,1.0,1.938,0.003889259355818933,21.16622412363084,0.010583112061815421,0.6037933422495656,0.0
reference,1.0,1.939,0.003873533270035396,21.15987929007873,0.010579939645039366,0.6036123478391281,0.0
reference,1.0,1.94,0.0038578707721361985,21.153536343188605,0.010576768171594303,0.6034314072481124,0.0
reference,1.0,1.941,0.0038422716050059208,21.147195282461265,0.010573597641230633,0.6032505204622782,0.0
reference,1.0,1.942,0.0038267355125687955,21.140856107397422,0.010570428053698712,0.6030696874673829,0.0
reference,1.0,1.943,0.003811262239784473,21.13451881749764,0.01056725940874882,0.6028889082491792,0.0
reference,1.0,1.944,0.003795851532643866,21.128183412262377,0.01056409170613119,0.6027081827934172,0.0
reference,1.0,1.945,0.0037805031381649484,21.121849891191978,0.01056092494559599,0.6025275110858435,0.0
reference,1.0,1.946,0.0037652168043886347,21.11551825378666,0.01055775912689333,0.6023468931122011,0.0
reference,1.0,1.947,0.003749992280374608,21.109188499546544,0.010554594249773272,0.6021663288582305,0.0
reference,1.0,1.948,0.0037348293161972436,21.102860627971623,0.010551430313985812,0.6019858183096682,0.0
reference,1.0,1.949,0.0037197276629414608,21.09653463856177,0.010548267319280885,0.6018053614522477,0.0
reference,1.0,1.95,0.003704687072698673,21.09021053081677,0.010545105265408385,0.6016249582716994,0.0
reference,1.0,1.951,0.0036897072985626915,21.083888304236286,0.010541944152118144,0.6014446087537508,0.0
reference,1.0,1.952,0.003674788094625697,21.077567958319875,0.010538783979159938,0.6012643128841261,0.0
reference,1.0,1.953,0.003659929215974176,21.07124949256698,0.01053562474628349,0.6010840706485461,0.0
reference,1.0,1.954,0.0036451304186849295,21.064932906476933,0.010532466453238467,0.6009038820327287,0.0
reference,1.0,1.955,0.0036303914598210386,21.058618199548974,0.010529309099774488,0.6007237470223892,0.0
reference,1.0,1.956,0.003615712097427901,21.052305371282237,0.010526152685641119,0.6005436656032397,0.0
reference,1.0,1.957,0.0036010920905292475,21.04599442117574,0.010522997210587871,0.600363637760989,0.0
reference,1.0,1.958,0.003586531199123192,21.039685348728412,0.010519842674364207,0.6001836634813434,0.0
reference,1.0,1.959,0.003572029184178275,21.033378153439067,0.010516689076719533,0.600003742750006,0.0
reference,1.0,1.96,0.0035575858076295685,21.027072834806432,0.010513536417403217,0.5998238755526775,0.0
reference,1.0,1.961,0.003543200832374737,21.02076939232913,0.010510384696164565,0.599644061875055,0.0
reference,1.0,1.962,0.003528874022270174,21.01446782550567,0.010507233912752835,0.5994643017028334,0.0
reference,1.0,1.963,0.003514605142127098,21.008168133834495,0.010504084066917248,0.599284595021705,0.0
reference,1.0,1.964,0.0035003939577077188,21.001870316813918,0.010500935158406959,0.5991049418173582,0.0
reference,1.0,1.965,0.003486240235721365,20.995574373942187,0.010497787186971093,0.5989253420754803,0.0
reference,1.0,1.966,0.0034721437438206782,20.989280304717433,0.010494640152358717,0.5987457957817546,0.0
reference,1.0,1.967,0.0034581042505977843,20.982988108637706,0.010491494054318854,0.5985663029218625,0.0
reference,1.0,1.968,0.0034441215255805032,20.976697785200955,0.010488348892600478,0.5983868634814823,0.0
reference,1.0,1.969,0.0034301953392285515,20.97040933390505,0.010485204666952524,0.5982074774462901,0.0
reference,1.0,1.97,0.0034163254629297965,20.964122754247754,0.010482061377123876,0.5980281448019589,0.0
reference,1.0,1.971,0.003402511668996477,20.957838045726756,0.010478919022863378,0.5978488655341597,0.0
reference,1.0,1.972,0.003388753730661494,20.951555207839654,0.010475777603919828,0.5976696396285609,0.0
reference,1.0,1.973,0.00337505142207466,20.945274240083947,0.010472637120041973,0.597490467070828,0.0
reference,1.0,1.974,0.003361404518299016,20.938995141957065,0.010469497570978533,0.5973113478466244,0.0
reference,1.0,1.975,0.003347812795307115,20.932717912956335,0.010466358956478168,0.5971322819416109,0.0
reference,1.0,1.976,0.0033342760299773762,20.92644255257902,0.01046322127628951,0.5969532693414462,0.0
reference,1.0,1.977,0.003320794000090387,20.92016906032228,0.01046008453016114,0.5967743100317863,0.0
reference,1.0,1.978,0.0033073664843252756,20.913897435683204,0.010456948717841603,0.5965954039982847,0.0
reference,1.0,1.979,0.0032939932622560687,20.90762767815879,0.010453813839079396,0.596416551226593,0.0
reference,1.0,1.98,0.003280674114348095,20.901359787245973,0.010450679893622987,0.5962377517023604,0.0
reference,1.0,1.981,0.003267408821954342,20.895093762441597,0.010447546881220798,0.5960590054112338,0.0
reference,1.0,1.982,0.0032541971673119095,20.888829603242417,0.01044441480162121,0.5958803123388575,0.0
reference,1.0,1.983,0.0032410389335383993,20.88256730914513,0.010441283654572565,0.5957016724708742,0.0
reference,1.0,1.984,0.0032279339046283727,20.876306879646346,0.010438153439823173,0.595523085792924,0.0
reference,1.0,1.985,0.003214881865449799,20.870048314242602,0.010435024157121301,0.5953445522906451,0.0
reference,1.0,1.986,0.0032018826017405403,20.86379161243036,0.010431895806215181,0.5951660719496732,0.0
reference,1.0,1.987,0.003188935900104806,20.85753677370601,0.010428768386853004,0.5949876447556423,0.0
reference,1.0,1.988,0.003176041548009668,20.85128379756586,0.01042564189878293,0.594809270694184,0.0
reference,1.0,1.989,0.003163199333781563,20.845032683506158,0.010422516341753079,0.5946309497509282,0.0
reference,1.0,1.99,0.0031504090466028386,20.838783431023074,0.010419391715511537,0.5944526819115024,0.0
reference,1.0,1.991,0.0031376704765082543,20.832536039612716,0.010416268019806359,0.5942744671615324,0.0
reference,1.0,1.992,0.003124983414381578,20.826290508771102,0.010413145254385551,0.5940963054866416,0.0
reference,1.0,1.993,0.003112347651952118,20.820046837994216,0.010410023418997109,0.5939181968724522,0.0
reference,1.0,1.994,0.00309976298179132,20.81380502677794,0.01040690251338897,0.5937401413045835,0.0
reference,1.0,1.995,0.0030872291973093567,20.80756507461811,0.010403782537309055,0.593562138768654,0.0
reference,1.0,1.996,0.0030747460927517552,20.80132698101049,0.010400663490505245,0.5933841892502794,0.0
reference,1.0,1.997,0.003062313463195988,20.79509074545078,0.01039754537272539,0.5932062927350737,0.0
reference,1.0,1.998,0.0030499311045481294,20.78885636743462,0.01039442818371731,0.5930284492086499,0.0
reference,1.0,1.999,0.003037598813539495,20.782623846457575,0.010391311923228787,0.5928506586566181,0.0
reference,1.0,2.0,0.0030253163877233275,20.776393182015166,0.010388196591007584,0.5926729210645874,0.0
trailing,0.5,0.0,5.0,35.055411582995255,0.01752770579149763,1.0,0.0
trailing,0.5,0.001,4.979782672811461,35.050143422910104,0.01752507171145505,0.9998497190634126,-6.500752632100252e-05
trailing,0.5,0.002,4.959647093686651,35.044855627433506,0.017522427813716754,0.9996988780024232,-0.00012974260222611017
trailing,0.5,0.003,4.939592932080101,35.03954828823977,0.017519774144119885,0.9995474794321577,-0.0001942064849166607
trailing,0.5,0.004,4.919619858782889,35.034221496628824,0.017517110748314413,0.9993955259570619,-0.00025840042487140037
trailing,0.5,0.005,4.89972754591724,35.02887534352772,0.01751443767176386,0.9992430201709455,-0.00032232566589065256
trailing,0.5,0.006,4.879915666931138,35.023509919492206,0.017511754959746103,0.9990899646570254,-0.00038598344513788365
trailing,0.5,0.007,4.860183896592973,35.01812531470817,0.017509062657354087,0.9989363619879685,-0.00044937499318315117
trailing,0.5,0.008,4.840531910986195,35.012721618993176,0.01750636080949659,0.9987822147259344,-0.0005125015340453454
trailing,0.5,0.009000000000000001,4.820959387504001,35.0072989217979,0.01750364946089895,0.998627525422617,-0.000575364285233849
trailing,0.5,0.01,4.801466004844035,35.00185731220769,0.017500928656103844,0.9984722966192888,-0.000637964457790096
trailing,0.5,0.011,4.78205144300312,34.99639687894398,0.017498198439471993,0.9983165308468408,-0.0007003032563293183
trailing,0.5,0.012,4.762715383271995,34.99091771036581,0.017495458855182902,0.9981602306258263,-0.0007623818790809332
trailing,0.5,0.013000000000000001,4.743457508230095,34.98541989447124,0.017492709947235622,0.998003398466502,-0.0008242015179296939
trailing,0.5,0.014,4.724277501740331,34.979903518898865,0.017489951759449434,0.9978460368688691,-0.0008857633584556716
trailing,0.5,0.015,4.705175048943903,34.97436867092924,0.01748718433546462,0.9976881483227164,-0.0009470685799743695
trailing,0.5,0.016,4.686149836255133,34.96881543748633,0.017484407718743163,0.9975297353076598,-0.0010081183555766787
trailing,0.5,0.017,4.667201551356316,34.96324390513894,0.01748162195256947,0.9973708002931843,-0.001068913852168143
trailing,0.5,0.018000000000000002,4.64832988319259,34.957654160102216,0.017478827080051107,0.9972113457386859,-0.0011294562305078205
trailing,0.5,0.019,4.629534521966836,34.95204628823899,0.017476023144119494,0.9970513740935106,-0.0011897466452476585
trailing,0.5,0.02,4.610815159134588,34.94642037506126,0.01747321018753063,0.9968908877969966,-0.0012497862449704473
trailing,0.5,0.021,4.592171487398968,34.94077650573157,0.017470388252865784,0.9967298892785132,-0.0013095761722285756
trailing,0.5,0.022,4.573603200705643,34.935114765064505,0.017467557382532254,0.9965683809575038,-0.001369117563581603
trailing,0.5,0.023,4.5551099942377995,34.929435237527976,0.01746471761876399,0.9964063652435224,-0.0014284115496340502
trailing,0.5,0.024,4.536691564411141,34.92373800724473,0.017461869003622364,0.996243844536277,-0.0014874592550727288
trailing,0.5,0.025,4.518347608868904,34.9180231579937,0.01745901157899685,0.9960808212256678,-0.00154626179870395
trailing,0.5,0.026000000000000002,4.500077826476892,34.91229077321142,0.01745614538660571,0.9959172976918274,-0.0016048202934898794
trailing,0.5,0.027,4.481881917318538,34.906540935993334,0.01745327046799667,0.9957532763051586,-0.0016631358465860283
trailing,0.5,0.028,4.463759582689973,34.900773729095306,0.017450386864547654,0.9955887594263774,-0.0017212095593764848
trailing,0.5,0.029,4.445710525095129,34.894989234934876,0.01744749461746744,0.9954237494065482,-0.001779042527510423
trailing,0.5,0.03,4.4277344482408525,34.889187535592704,0.017444593767796352,0.9952582485871259,-0.001836635840937658
trailing,0.5,0.031,4.409831057032043,34.8833687128139,0.017441684356406948,0.9950922592999931,-0.0018939905839442147
trailing,0.5,0.032,4.392000057566802,34.87753284800937,0.017438766424004687,0.9949257838674994,-0.0019511078351873304
trailing,0.5,0.033,4.37424115713162,34.871680022257216,0.01743584001112861,0.9947588246024998,-0.0020079886677305645
trailing,0.5,0.034,4.356554064196559,34.86581031630403,0.017432905158152014,0.9945913838083933,-0.0020646341490782893
trailing,0.5,0.035,4.338938488410475,34.85992381056627,0.017429961905283137,0.9944234637791612,-0.002121045341210239
trailing,0.5,0.036000000000000004,4.321394140596247,34.85402058513158,0.01742701029256579,0.9942550667994049,-0.002177223300615582
trailing,0.5,0.037,4.303920732746033,34.848100719760126,0.017424050359880063,0.9940861951443841,-0.002233169078326372
trailing,0.5,0.038,4.2865179780165406,34.842164293885915,0.01742108214694296,0.9939168510800546,-0.0022888837199523575
trailing,0.5,0.039,4.269185590724317,34.836211386618146,0.017418105693309073,0.9937470368631062,-0.0023443682657127967
trailing,0.5,0.04,4.2519232863410625,34.830242076742465,0.017415121038371232,0.9935767547409994,-0.0023996237504708895
trailing,0.5,0.041,4.234730781488958,34.82425644272234,0.017412128221361168,0.9934060069520038,-0.0024546512037659832
trailing,0.5,0.042,4.2176077939360095,34.8182545627003,0.017409127281350148,0.9932347957252341,-0.0025094516498465067
trailing,0.5,0.043000000000000003,4.200554042591422,34.81223651449928,0.017406118257249643,0.9930631232806882,-0.002564026107702276
trailing,0.5,0.044,4.18356924750098,34.806202375623926,0.017403101187811965,0.9928909918292839,-0.0026183755910966495
trailing,0.5,0.045,4.166653129842452,34.800152223261826,0.017400076111630913,0.9927184035728951,-0.002672501108598202
trailing,0.5,0.046,4.149805411921017,34.79408613428483,0.017397043067142418,0.9925453607043887,-0.0027264036636131662
trailing,0.5,0.047,4.133025817164702,34.78800418525036,0.01739400209262518,0.9923718654076619,-0.0027800842544158373
trailing,0.5,0.048,4.1163140701198415,34.78190645240258,0.01739095322620129,0.9921979198576762,-0.0028335438741811532
trailing,0.5,0.049,4.099669896446562,34.775793011673784,0.017387896505836893,0.9920235262204963,-0.0028867835110143085
trailing,0.5,0.05,4.083093022914269,34.76966393868559,0.017384831969342793,0.9918486866533247,-0.0029398041479821112
trailing,0.5,0.051000000000000004,4.066583177397169,34.7635193087502,0.0173817596543751,0.9916734033045371,-0.0029926067631441838
trailing,0.5,0.052000000000000005,4.050140088869799,34.75735919687167,0.017378679598435833,0.9914976783137196,-0.0030451923295819697
trailing,0.5,0.053,4.033763487402579,34.75118367774714,0.01737559183887357,0.9913215138117024,-0.0030975618154301127
trailing,0.5,0.054,4.017453104157379,34.74499282576812,0.01737249641288406,0.9911449119205974,-0.003149716183905441
trailing,0.5,0.055,4.0012086713831065,34.738786715021654,0.017369393357510827,0.9909678747538314,-0.0032016563933369643
trailing,0.5,0.056,3.985029922411312,34.7325654192916,0.0173662827096458,0.9907904044161827,-0.003253383397195709
trailing,0.5,0.057,3.9689165916518103,34.72632901205988,0.01736316450602994,0.9906125030038155,-0.00330489814412318
trailing,0.5,0.058,3.9528684145883215,34.72007756650762,0.01736003878325381,0.9904341726043148,-0.0033562015779611226
trailing,0.5,0.059000000000000004,3.936885127774126,34.71381115551645,0.017356905577758226,0.9902554152967211,-0.0034072946377797573
trailing,0.5,0.06,3.9209664688277455,34.70752985166969,0.017353764925834847,0.9900762331515652,-0.003458178257907024
trailing,0.5,0.061,3.9051121764286294,34.70123372725353,0.017350616863626767,0.9898966282309026,-0.003508853367956153
trailing,0.5,0.062,3.889321990312868,34.69492285425826,0.01734746142712913,0.9897166025883473,-0.0035593208928547267
trailing,0.5,0.063,3.8735956512689205,34.688597304379456,0.017344298652189727,0.9895361582691063,-0.003609581752872165
trailing,0.5,0.064,3.85793290113336,34.6822571490192,0.0173411285745096,0.9893552973100146,-0.003659636863647678
trailing,0.5,0.065,3.8423334827866307,34.675902459287215,0.017337951229643607,0.9891740217395669,-0.003709487136217956
trailing,0.5,0.066,3.8267971401488357,34.66953330600211,0.017334766653001054,0.9889923335779538,-0.0037591334770441546
trailing,0.5,0.067,3.8113236181755243,34.6631497596925,0.01733157487984625,0.9888102348370934,-0.003808576788039734
trailing,0.5,0.068,3.795912662853512,34.65675189059822,0.017328375945299113,0.9886277275206657,-0.0038578179665969144
trailing,0.5,0.069,3.780564021196706,34.65033976867149,0.01732516988433575,0.9884448136241466,-0.003906857905613788
trailing,0.5,0.07,3.765277441241956,34.643913463578045,0.01732195673178902,0.9882614951348391,-0.003955697493520966
trailing,0.5,0.07100000000000001,3.7500526720449128,34.63747304469834,0.01731873652234917,0.9880777740319087,-0.0040043376143077646
trailing,0.5,0.07200000000000001,3.734889463675915,34.63101858112867,0.017315509290564336,0.9878936522864148,-0.004052779147548707
trailing,0.5,0.073,3.7197875672158824,34.62455014168234,0.01731227507084117,0.9877091318613439,-0.0041010229684297
trailing,0.5,0.074,3.70474673475223,34.61806779489082,0.01730903389744541,0.9875242147116429,-0.004149069947773171
trailing,0.5,0.075,3.6897667193747985,34.61157160900484,0.01730578580450242,0.9873389027842505,-0.004196920952064863
trailing,0.5,0.076,3.674847275171802,34.60506165199557,0.017302530825997784,0.9871531980181302,-0.004244576843478631
trailing,0.5,0.077,3.65998815722579,34.598537991555744,0.017299268995777873,0.9869671023443031,-0.004292038479901709
trailing,0.5,0.078,3.645189121609627,34.59200069510076,0.01729600034755038,0.9867806176858785,-0.004339306714960521
trailing,0.5,0.079,3.6304499253824902,34.58544982976985,0.017292724914884924,0.9865937459580884,-0.004386382398044669
trailing,0.5,0.08,3.615770326585877,34.57888546242716,0.01728944273121358,0.986406489068317,-0.004433266374332722
trailing,0.5,0.081,3.601150084239637,34.57230765966286,0.01728615382983143,0.9862188489161332,-0.004479959484816442
trailing,0.5,0.082,3.5865889583380155,34.56571648779428,0.017282858243897144,0.9860308273933228,-0.004526462566324792
trailing,0.5,0.083,3.5720867098457116,34.559112012867004,0.0172795560064335,0.9858424263839196,-0.004572776451549319
trailing,0.5,0.084,3.5576431006939546,34.552494300655965,0.017276247150327984,0.9856536477642371,-0.004618901969066724
trailing,0.5,0.085,3.543257893776599,34.545863416666535,0.01727293170833327,0.985464493402899,-0.004664839943364567
trailing,0.5,0.08600000000000001,3.5289308529462278,34.53921942613563,0.017269609713067815,0.9852749651608707,-0.004710591194863663
trailing,0.5,0.08700000000000001,3.514661743010279,34.53256239403279,0.017266281197016394,0.9850850648914905,-0.00475615653994211
trailing,0.5,0.088,3.5004503297271827,34.52589238506126,0.01726294619253063,0.9848947944405008,-0.004801536790959224
trailing,0.5,0.089,3.486296379802518,34.51920946365907,0.017259604731829532,0.9847041556460775,-0.004846732756277967
trailing,0.5,0.09,3.4721996608851806,34.5125136940001,0.01725625684700005,0.9845131503388622,-0.004891745240289008
trailing,0.5,0.091,3.4581599415635704,34.50580513999517,0.017252902569997584,0.9843217803419917,-0.004936575043432733
trailing,0.5,0.092,3.4441769913617923,34.49908386529309,0.017249541932646544,0.9841300474711291,-0.004981222962222636
trailing,0.5,0.093,3.4302505807358723,34.4923499332817,0.01724617496664085,0.9839379535344926,-0.005025689789268325
trailing,0.5,0.094,3.41638048106999,34.485603407088995,0.0172428017035445,0.9837455003328883,-0.005069976313296684
trailing,0.5,0.095,3.402566464672723,34.47884434958407,0.017239422174792036,0.9835526896597367,-0.005114083319175918
trailing,0.5,0.096,3.388808304773315,34.472072823378284,0.01723603641168914,0.983359523301106,-0.005158011587936284
trailing,0.5,0.097,3.3751057755179477,34.46528889082621,0.017232644445413104,0.9831660030357394,-0.00520176189679294
trailing,0.5,0.098,3.361458651966032,34.45849261402671,0.017229246307013356,0.9829721306350857,-0.005245335019167654
trailing,0.5,0.099,3.3478667100865236,34.451684054824014,0.01722584202741201,0.9827779078633297,-0.005288731724710193
trailing,0.5,0.1,3.334329726754236,34.444863274808654,0.017222431637404327,0.9825833364774195,-0.005331952779320692
trailing,0.5,0.101,3.3208474797461833,34.438030335318594,0.017219015167659297,0.9823884182270979,-0.0053749989451699655
trailing,0.5,0.10200000000000001,3.3074197477379306,34.431185297440166,0.017215592648720083,0.98219315485493,-0.005417870980721833
trailing,0.5,0.10300000000000001,3.29404631029996,34.424328222009144,0.017212164111004572,0.9819975480963333,-0.005460569640753731
trailing,0.5,0.10400000000000001,3.280726947894053,34.41745916961173,0.017208729584805866,0.981801599679606,-0.005503095676377631
trailing,0.5,0.105,3.2674614418696866,34.41057820058559,0.017205289100292797,0.9816053113259563,-0.0055454498350612875
trailing,0.5,0.106,3.254249574460444,34.403685375020835,0.01720184268751042,0.9814086847495307,-0.005587632860648761
trailing,0.5,0.107,3.2410911287804374,34.39678075276103,0.017198390376380518,0.9812117216574426,-0.005629645493380504
trailing,0.5,0.108,3.2279858888207524,34.3898643934042,0.017194932196702102,0.9810144237498014,-0.005671488469914856
trailing,0.5,0.109,3.2149336394458965,34.38293635630382,0.01719146817815191,0.9808167927197398,-0.005713162523347151
trailing,0.5,0.11,3.2019341663902727,34.3759967005698,0.0171879983502849,0.9806188302534429,-0.005754668383230776
trailing,0.5,0.111,3.1889872562546584,34.36904548506947,0.017184522742534736,0.9804205380301759,-0.005796006775596809
trailing,0.5,0.112,3.1760926965027014,34.36208276842856,0.01718104138421428,0.9802219177223119,-0.005837178422973802
trailing,0.5,0.113,3.1632502754574365,34.355108609032214,0.017177554304516108,0.9800229709953614,-0.00587818404440771
trailing,0.5,0.114,3.150459782297805,34.348123065025895,0.017174061532512948,0.9798236995079969,-0.005919024355481718
trailing,0.5,0.115,3.1377210070551946,34.34112619431642,0.017170563097158212,0.9796241049120838,-0.005959700068334937
trailing,0.5,0.116,3.1250337406099975,34.33411805457292,0.01716705902728646,0.9794241888527071,-0.00600021189168257
trailing,0.5,0.117,3.1123977746881697,34.32709870322772,0.01716354935161386,0.9792239529681965,-0.006040560530835136
trailing,0.5,0.11800000000000001,3.0998129018578195,34.320068197477404,0.017160034098738702,0.9790233988901573,-0.006080746687716863
trailing,0.5,0.11900000000000001,3.087278915525797,34.31302659428373,0.017156513297141865,0.9788225282434954,-0.006120771060885199
trailing,0.5,0.12,3.0747956099343043,34.30597395037456,0.01715298697518728,0.9786213426464451,-0.006160634345549488
trailing,0.5,0.121,3.0623627801575193,34.298910322244815,0.017149455161122408,0.9784198437105954,-0.006200337233589681
trailing,0.5,0.122,3.0499802220982293,34.29183576615744,0.01714591788307872,0.9782180330409183,-0.006239880413575244
trailing,0.5,0.123,3.0376477324844826,34.284750338144335,0.017142375169072167,0.9780159122357943,-0.006279264570782884
trailing,0.5,0.124,3.0253651088662497,34.27765409400727,0.017138827047003636,0.9778134828870398,-0.00631849038721573
trailing,0.5,0.125,3.013132149612102,34.27054708931884,0.01713527354465942,0.9776107465799335,-0.006357558541620652
trailing,0.5,0.126,3.000948653905899,34.26342937942336,0.01713171468971168,0.9774077048932418,-0.00639646970950762
trailing,0.5,0.127,2.988814421743495,34.25630101943784,0.01712815050971892,0.9772043593992475,-0.006435224563166373
trailing,0.5,0.128,2.9767292539294523,34.24916206425288,0.01712458103212644,0.9770007116637742,-0.0064738237716848775
trailing,0.5,0.129,2.964692952073775,34.24201256853355,0.017121006284266778,0.9767967632462126,-0.00651226800096725
trailing,0.5,0.13,2.9527053185886483,34.234852586720386,0.017117426293360192,0.9765925156995473,-0.006550557913750873
trailing,0.5,0.131,2.940766156685199,34.2276821730302,0.017113841086515102,0.9763879705703821,-0.0065886941696246416
trailing,0.5,0.132,2.9288752703702614,34.22050138145707,0.017110250690728534,0.976183129398966,-0.006626677425045324
trailing,0.5,0.133,2.9170324644431616,34.21331026577319,0.017106655132886596,0.9759779937192192,-0.0066645083333558295
trailing,0.5,0.134,2.9052375444925143,34.20610887952979,0.017103054439764898,0.9757725650587585,-0.006702187544801897
trailing,0.5,0.135,2.8934903168930277,34.19889727605805,0.017099448638029025,0.9755668449389228,-0.006739715706549111
trailing,0.5,0.136,2.8817905888023283,34.19167550846992,0.017095837754234962,0.9753608348747981,-0.006777093462699759
trailing,0.5,0.137,2.870138168157794,34.184443629659086,0.017092221814829542,0.9751545363752437,-0.006814321454310462
trailing,0.5,0.138,2.858532863673402,34.17720169230182,0.017088600846150912,0.974947950942917,-0.006851400319407588
trailing,0.5,0.139,2.8469744848365868,34.16994974885785,0.017084974874428928,0.974741080074298,-0.006888330693004948
trailing,0.5,0.14,2.835462841905114,34.16268785157128,0.017081343925785638,0.9745339252597159,-0.006925113207119727
trailing,0.5,0.14100000000000001,2.8239977459039656,34.15541605247138,0.01707770802623569,0.9743264879833718,-0.006961748490789217
trailing,0.5,0.14200000000000002,2.812579008622238,34.148134403373554,0.017074067201686777,0.9741187697233655,-0.006998237170086666
trailing,0.5,0.14300000000000002,2.8012064426100514,34.14084295588013,0.017070421477940065,0.9739107719517187,-0.0070345798681379955
trailing,0.5,0.14400000000000002,2.789879861175473,34.13354176138128,0.01706677088069064,0.9737024961344012,-0.007070777205137412
trailing,0.5,0.145,2.7785990783814536,34.12623087105582,0.01706311543552791,0.9734939437313535,-0.007106829798363551
trailing,0.5,0.146,2.767363909042771,34.118910335872116,0.01705945516793606,0.9732851161965127,-0.007142738262195755
trailing,0.5,0.147,2.756174168722997,34.111580206588904,0.017055790103294454,0.9730760149778362,-0.007178503208129053
trailing,0.5,0.148,2.7450296737314615,34.10424053375618,0.017052120266878093,0.9728666415173266,-0.0072141252447902055
trailing,0.5,0.149,2.7339302411202464,34.096891367715976,0.01704844568385799,0.9726569972510538,-0.007249604977953488
trailing,0.5,0.15,2.7228756886811727,34.089532758603276,0.017044766379301638,0.9724470836091821,-0.007284943010555965
trailing,0.5,0.151,2.7118658349428153,34.0821647563468,0.0170410823781734,0.9722369020159911,-0.007320139942712505
trailing,0.5,0.152,2.700900499167523,34.07478741066986,0.01703739370533493,0.9720264538899017,-0.00735519637173185
trailing,0.5,0.153,2.6899795013484513,34.067400771091215,0.017033700385545608,0.9718157406434986,-0.007390112892131006
trailing,0.5,0.154,2.6791026622066063,34.06000488692584,0.017030002443462918,0.9716047636835543,-0.007424890095650742
trailing,0.5,0.155,2.6682698031879033,34.05259980728581,0.017026299903642905,0.971393524411053,-0.007459528571270178
trailing,0.5,0.156,2.657480746460233,34.04518558108111,0.017022592790540553,0.9711820242212135,-0.0074940289052221574
trailing,0.5,0.157,2.646735314910547,34.03776225702039,0.017018881128510195,0.9709702645035122,-0.007528391681007795
trailing,0.5,0.158,2.6360333321419454,34.03032988361189,0.017015164941805945,0.9707582466417078,-0.007562617479411017
trailing,0.5,0.159,2.6253746224707837,34.02288850916417,0.017011444254582085,0.9705459720138632,-0.0075967068785134225
trailing,0.5,0.16,2.614759010923788,34.01543818178692,0.01700771909089346,0.9703334419923683,-0.007630660453708439
trailing,0.5,0.161,2.6041863232351825,34.00797894939181,0.017003989474695908,0.970120657943964,-0.0076644787777162835
trailing,0.5,0.162,2.5936563858438295,34.000510859693286,0.017000255429846643,0.9699076212297651,-0.007698162420597491
trailing,0.5,0.163,2.5831690258903794,33.99303396020931,0.016996516980104657,0.9696943332052822,-0.007731711949767935
trailing,0.5,0.164,2.5727240712144344,33.9855482982622,0.016992774149131102,0.969480795220444,-0.007765127930012506
trailing,0.5,0.165,2.5623213503517195,33.97805392097946,0.01698902696048973,0.9692670086196221,-0.00779841092349911
trailing,0.5,0.166,2.551960692531272,33.97055087529449,0.016985275437647246,0.9690529747416513,-0.007831561489793035
trailing,0.5,0.167,2.5416419276726328,33.96303920794742,0.01698151960397371,0.9688386949198529,-0.007864580185870367
trailing,0.5,0.168,2.531364886383059,33.95551896548586,0.01697775948274293,0.9686241704820566,-0.007897467566132023
trailing,0.5,0.169,2.521129399954742,33.94799019426575,0.016973995097132873,0.9684094027506243,-0.007930224182417312
trailing,0.5,0.17,2.510935300362036,33.94045294045204,0.01697022647022602,0.9681943930424693,-0.007962850584017725
trailing,0.5,0.171,2.5007824202587017,33.93290725001955,0.016966453625009772,0.9679791426690818,-0.007995347317690112
trailing,0.5,0.17200000000000001,2.4906705929751585,33.925353168753645,0.016962676584376824,0.9677636529365474,-0.008027714927670905
trailing,0.5,0.17300000000000001,2.480599652515748,33.917790742251114,0.01695889537112556,0.9675479251455721,-0.008059953955688086
trailing,0.5,0.17400000000000002,2.47056943355601,33.91022001592085,0.016955110007960426,0.9673319605915021,-0.008092064940975986
trailing,0.5,0.17500000000000002,2.460579771439969,33.90264103498464,0.01695132051749232,0.967115760564346,-0.00812404842028745
trailing,0.5,0.176,2.4506305021774284,33.89505384447793,0.016947526922238963,0.966899326348797,-0.008155904927907184
trailing,0.5,0.177,2.4407214624412816,33.88745848925054,0.016943729244625273,0.9666826592242532,-0.008187634995665213
trailing,0.5,0.178,2.4308524895648285,33.8798550139675,0.01693992750698375,0.9664657604648409,-0.008219239152948874
trailing,0.5,0.179,2.421023421539107,33.872243463109676,0.01693612173155484,0.9662486313394332,-0.008250717926716961
trailing,0.5,0.18,2.4112340970102326,33.86462388097464,0.016932311940487322,0.9660312731116744,-0.008282071841511066
trailing,0.5,0.181,2.401484355276749,33.85699631167733,0.016928498155838665,0.9658136870399988,-0.008313301419469732
trailing,0.5,0.182,2.3917740362869915,33.849360799150816,0.01692468039957541,0.9655958743776533,-0.008344407180339635
trailing,0.5,0.183,2.382102980636458,33.84171738714704,0.016920858693573522,0.965377836372717,-0.00837538964148945
trailing,0.5,0.184,2.3724710295651934,33.83406611923754,0.01691703305961877,0.9651595742681234,-0.008406249317921414
trailing,0.5,0.185,2.3628780249551835,33.826407038814196,0.0169132035194071,0.9649410893016807,-0.008436986722283959
trailing,0.5,0.186,2.3533238093277578,33.81874018908993,0.016909370094544966,0.9647223827060923,-0.008467602364884362
trailing,0.5,0.187,2.343808225841006,33.81106561309946,0.01690553280654973,0.964503455708978,-0.008498096753700182
trailing,0.5,0.188,2.334331118287203,33.803383353700006,0.016901691676850003,0.9642843095328943,-0.008528470394392649
trailing,0.5,0.189,2.3248923310902425,33.795693453572014,0.016897846726786007,0.9640649453953549,-0.008558723790317255
trailing,0.5,0.19,2.315491709303087,33.78799595521986,0.01689399797760993,0.963845364508851,-0.00858885744253709
trailing,0.5,0.191,2.306129098605221,33.7802909009726,0.0168901454504863,0.9636255680808725,-0.008618871849833926
trailing,0.5,0.192,2.296804345300118,33.77257833298462,0.016886289166492312,0.9634055573139266,-0.008648767508720448
trailing,0.5,0.193,2.2875172963127204,33.76485829323639,0.016882429146618194,0.9631853334055592,-0.008678544913452225
trailing,0.5,0.194,2.278267799186921,33.75713082353515,0.016878565411767577,0.9629648975483751,-0.008708204556038658
trailing,0.5,0.195,2.2690557020830657,33.74939596551563,0.016874697982757817,0.9627442509300576,-0.00873774692625558
trailing,0.5,0.196,2.259880853775459,33.74165376064072,0.01687082688032036,0.962523394733388,-0.008767172511656143
trailing,0.5,0.197,2.25074310364988,33.73390425020218,0.01686695212510109,0.9623023301362659,-0.008796481797582715
trailing,0.5,0.198,2.2416423017011127,33.72614747532133,0.016863073737660668,0.9620810583117294,-0.008825675267178267
trailing,0.5,0.199,2.2325782985304805,33.71838347694976,0.01685919173847488,0.9618595804279741,-0.008854753401397315
trailing,0.5,0.2,2.223550945343396,33.71061229587,0.016855306147935,0.9616378976483736,-0.008883716679017632
trailing,0.5,0.201,2.214560093946917,33.70283397269618,0.01685141698634809,0.9614160111314972,-0.008912565576651743
trailing,0.5,0.202,2.205605596747316,33.69504854787477,0.016847524273937386,0.9611939220311316,-0.00894130056875708
trailing,0.5,0.203,2.196687306747653,33.6872560616852,0.0168436280308426,0.9609716314962987,-0.008969922127648463
trailing,0.5,0.20400000000000001,2.1878050775453675,33.679456554240566,0.016839728277120283,0.9607491406712755,-0.008998430723507794
trailing,0.5,0.20500000000000002,2.178958763329871,33.67165006548832,0.01683582503274416,0.9605264506956133,-0.009026826824395637
trailing,0.5,0.20600000000000002,2.170148218880156,33.66383663521091,0.016831918317605457,0.960303562704157,-0.009055110896262396
trailing,0.5,0.20700000000000002,2.1613732995624106,33.656016303026455,0.016828008151513228,0.9600804778270633,-0.009083283402958574
trailing,0.5,0.20800000000000002,2.1526338613276454,33.64818910838942,0.01682409455419471,0.9598571971898211,-0.009111344806245762
trailing,0.5,0.209,2.1439297607093275,33.64035509059126,0.01682017754529563,0.959633721913269,-0.009139295565807564
trailing,0.5,0.21,2.1352608548210266,33.632514288761115,0.016816257144380557,0.959410053113615,-0.009167136139259447
trailing,0.5,0.211,2.126627001354067,33.62466674186644,0.01681233337093322,0.9591861919024554,-0.009194866982160583
trailing,0.5,0.212,2.1180280585751956,33.616812488713656,0.016808406244356828,0.9589621393867919,-0.009222488548022992
trailing,0.5,0.213,2.1094638853242516,33.60895156794883,0.016804475783974416,0.958737896669053,-0.009250001288323132
trailing,0.5,0.214,2.10093434101185,33.60108401805829,0.016800542009029144,0.9585134648471098,-0.009277405652511166
trailing,0.5,0.215,2.092439285617075,33.59320987736928,0.01679660493868464,0.9582888450142956,-0.009304702088022544
trailing,0.5,0.216,2.0839785796851804,33.58532918405064,0.016792664592025323,0.9580640382594247,-0.009331891040287248
trailing,0.5,0.217,2.0755520843252997,33.57744197611342,0.01678872098805671,0.9578390456668102,-0.009358972952739984
trailing,0.5,0.218,2.067159661208168,33.569548291411486,0.016784774145705745,0.957613868316282,-0.009385948266831232
trailing,0.5,0.219,2.058801172563849,33.561648167642225,0.016780824083821113,0.9573885072832057,-0.009412817422036483
trailing,0.5,0.22,2.0504764811794747,33.55374164234713,0.016776870821173562,0.9571629636384996,-0.009439580855866435
trailing,0.5,0.221,2.0421854503969925,33.54582875291243,0.016772914376456213,0.9569372384486537,-0.009466239003877053
trailing,0.5,0.222,2.0339279441109226,33.537909536569764,0.016768954768284883,0.9567113327757474,-0.009492792299679252
trailing,0.5,0.223,2.025703826766122,33.52998403039675,0.016764992015198373,0.9564852476774666,-0.009519241174949438
trailing,0.5,0.224,2.0175129633555606,33.52205227131766,0.01676102613565883,0.9562589842071232,-0.00954558605943793
trailing,0.5,0.225,2.009355219418105,33.514114296104005,0.016757057148052003,0.9560325434136706,-0.009571827380980134
trailing,0.5,0.226,2.00123046103631,33.50617014137515,0.016753085070687575,0.9558059263417231,-0.009597965565505188
trailing,0.5,0.227,1.9931385548342215,33.49821984359898,0.016749109921799493,0.955579134031573,-0.009624001037046224
trailing,0.5,0.228,1.9850793679751864,33.490263439092466,0.016745131719546235,0.9553521675192079,-0.009649934217749104
trailing,0.5,0.229,1.9770527681596717,33.48230096402226,0.01674115048201113,0.9551250278363275,-0.00967576552788325
trailing,0.5,0.23,1.9690586236230934,33.47433245440538,0.01673716622720269,0.9548977160103626,-0.009701495385849222
trailing,0.5,0.231,1.9610968031336526,33.46635794610973,0.016733178973054867,0.9546702330644908,-0.00972712420819007
trailing,0.5,0.232,1.9531671759901825,33.458377474854785,0.016729188737427392,0.9544425800176551,-0.009752652409598996
trailing,0.5,0.233,1.9452696120200008,33.450391076212114,0.016725195538106058,0.9542147578845799,-0.009778080402929748
trailing,0.5,0.234,1.9374039815767747,33.44239878560603,0.016721199392803015,0.9539867676757883,-0.009803408599205391
trailing,0.5,0.23500000000000001,1.9295701555383913,33.43440063831418,0.01671720031915709,0.9537586103976198,-0.009828637407627103
trailing,0.5,0.23600000000000002,1.9217680053048392,33.42639666946812,0.01671319833473406,0.9535302870522466,-0.009853767235584303
trailing,0.5,0.23700000000000002,1.9139974027960966,33.41838691405391,0.016709193457026955,0.9533017986376907,-0.009878798488662494
trailing,0.5,0.23800000000000002,1.9062582204500278,33.410371406912745,0.016705185703456374,0.9530731461478407,-0.009903731570653272
trailing,0.5,0.23900000000000002,1.8985503312202918,33.40235018274147,0.016701175091370736,0.9528443305724685,-0.009928566883562431
trailing,0.5,0.24,1.890873608574254,33.39432327609323,0.016697161638046618,0.9526153528972461,-0.00995330482761957
trailing,0.5,0.241,1.88322792649091,33.38629072137802,0.01669314536068901,0.952386214103762,-0.00997794580128675
trailing,0.5,0.242,1.875613159458818,33.378252552863245,0.016689126276431623,0.9521569151695378,-0.010002490201266614
trailing,0.5,0.243,1.868029182474036,33.37020880467435,0.016685104402337173,0.9519274570680446,-0.010026938422512448
trailing,0.5,0.244,1.8604758710380724,33.36215951079537,0.016681079755397687,0.9516978407687203,-0.010051290858235374
trailing,0.5,0.245,1.8529531011558407,33.35410470506949,0.016677052352534746,0.9514680672369843,-0.010075547899914314
trailing,0.5,0.246,1.8454607493336233,33.346044421199615,0.016673022210599808,0.951238137434255,-0.010099709937303586
trailing,0.5,0.247,1.8379986925770464,33.337978692748976,0.016668989346374487,0.9510080523179658,-0.010123777358441955
trailing,0.5,0.248,1.8305668083890592,33.32990755314163,0.016664953776570814,0.9507778128415804,-0.010147750549661154
trailing,0.5,0.249,1.8231649747679226,33.32183103566311,0.016660915517831554,0.9505474199546106,-0.010171629895594109
trailing,0.5,0.25,1.8157930702052092,33.313749173460906,0.016656874586730454,0.9503168746026306,-0.010195415779183389
trailing,0.5,0.251,1.8084509736838053,33.305661999545066,0.016652830999772533,0.9500861777272939,-0.010219108581689465
trailing,0.5,0.252,1.8011385646759255,33.29756954678874,0.016648784773394373,0.9498553302663487,-0.010242708682699513
trailing,0.5,0.253,1.7938557231411356,33.289471847928766,0.016644735923964385,0.9496243331536546,-0.01026621646013457
trailing,0.5,0.254,1.78660232952438,33.28136893556614,0.016640684467783072,0.9493931873191964,-0.010289632290259004
trailing,0.5,0.255,1.77937826475402,33.273260842166664,0.01663663042108333,0.9491618936891022,-0.01031295654768809
trailing,0.5,0.256,1.7721834102398786,33.26514760006145,0.016632573800030723,0.9489304531856578,-0.010336189605395766
trailing,0.5,0.257,1.7650176478712942,33.25702924144744,0.01662851462072372,0.9486988667273222,-0.010359331834723222
trailing,0.5,0.258,1.7578808600151823,33.248905798387995,0.016624452899194,0.9484671352287427,-0.010382383605386888
trailing,0.5,0.259,1.7507729295141028,33.24077730281341,0.016620388651406706,0.9482352596007719,-0.010405345285486046
trailing,0.5,0.26,1.743693739684338,33.23264378652148,0.01661632189326074,0.9480032407504818,-0.010428217241511082
trailing,0.5,0.261,1.736643174313977,33.22450528117798,0.016612252640588993,0.9477710795811791,-0.010450999838351087
trailing,0.5,0.262,1.729621117661007,33.21636181831727,0.016608180909158634,0.9475387769924208,-0.010473693439302026
trailing,0.5,0.263,1.7226274544514153,33.20821342934278,0.01660410671467139,0.94730633388003,-0.0104962984060743
trailing,0.5,0.264,1.715662069877294,33.20006014552753,0.016600030072763765,0.9470737511361093,-0.01051881509880066
trailing,0.5,0.265,1.7087248495949592,33.19190199801474,0.01659595099900737,0.946841029649058,-0.010541243876043525
trailing,0.5,0.266,1.701815679723069,33.18373901781825,0.016591869508909125,0.9466081703035852,-0.010563585094803023
trailing,0.5,0.267,1.69493444684076,33.17557123582312,0.01658778561791156,0.9463751739807268,-0.010585839110524634
trailing,0.5,0.268,1.688081037985779,33.16739868278609,0.016583699341393046,0.9461420415578574,-0.010608006277106402
trailing,0.5,0.269,1.6812553406526332,33.15922138933619,0.016579610694668095,0.9459087739087088,-0.010630086946906746
trailing,0.5,0.27,1.6744572427907425,33.151039385975146,0.016575519692987574,0.9456753719033815,-0.010652081470751995
trailing,0.5,0.271,1.6676866328025985,33.14285270307799,0.016571426351538996,0.9454418364083618,-0.01067399019794338
trailing,0.5,0.272,1.660943399541934,33.13466137089351,0.016567330685446757,0.9452081682865345,-0.01069581347626522
trailing,0.5,0.273,1.6542274323118975,33.1264654195448,0.0165632327097724,0.9449743683971992,-0.010717551651991303
trailing,0.5,0.274,1.6475386208632359,33.11826487902976,0.01655913243951488,0.9447404375960837,-0.010739205069893343
trailing,0.5,0.275,1.6408768553924866,33.11005977922159,0.016555029889610794,0.9445063767353591,-0.010760774073247114
trailing,0.5,0.276,1.6342420265401723,33.101850149869286,0.016550925074934643,0.9442721866636532,-0.010782259003840345
trailing,0.5,0.277,1.6276340253890076,33.093636020598204,0.016546818010299103,0.9440378682260666,-0.010803660201980021
trailing,0.5,0.278,1.62105274346211,33.08541742091049,0.016542708710455243,0.9438034222641855,-0.010824978006498938
trailing,0.5,0.279,1.614498072721219,33.07719438018561,0.016538597190092805,0.9435688496160963,-0.010846212754763386
trailing,0.5,0.28,1.6079699055649253,33.06896692768084,0.01653448346384042,0.9433341511163998,-0.010867364782680218
trailing,0.5,0.281,1.6014681348268989,33.060735092531786,0.016530367546265894,0.9430993275962263,-0.010888434424703056
trailing,0.5,0.28200000000000003,1.5949926537741361,33.05249890375284,0.01652624945187642,0.9428643798832478,-0.010909422013840622
trailing,0.5,0.28300000000000003,1.5885433561052023,33.044258390237694,0.016522129195118848,0.9426293088016934,-0.010930327881662417
trailing,0.5,0.28400000000000003,1.5821201359484904,33.03601358075981,0.016518006790379902,0.9423941151723627,-0.010951152358306631
trailing,0.5,0.28500000000000003,1.5757228878604812,33.027764503972946,0.016513882251986474,0.9421587998126405,-0.01097189577248642
trailing,0.5,0.28600000000000003,1.5693515068240118,33.01951118841158,0.01650975559420579,0.9419233635365087,-0.010992558451497051
trailing,0.5,0.28700000000000003,1.5630058882465545,33.01125366249146,0.01650562683124573,0.9416878071545628,-0.011013140721222251
trailing,0.5,0.28800000000000003,1.5566859279584955,33.00299195451006,0.01650149597725503,0.9414521314740236,-0.011033642906141554
trailing,0.5,0.289,1.5503915222114295,32.99472609264699,0.016497363046323498,0.9412163372987506,-0.011054065329337068
trailing,0.5,0.29,1.5441225676764525,32.986456104964624,0.016493228052482312,0.9409804254292583,-0.011074408312499217
trailing,0.5,0.291,1.537878961442468,32.97818201940842,0.01648909100970421,0.9407443966627264,-0.011094672175934695
trailing,0.5,0.292,1.5316606010144973,32.96990386380749,0.016484951931903743,0.9405082517930153,-0.011114857238572038
trailing,0.5,0.293,1.5254673843119961,32.96162166587504,0.016480810832937523,0.9402719916106799,-0.011134963817968606
trailing,0.5,0.294,1.5192992096671802,32.953335453208844,0.016476667726604423,0.9400356169029808,-0.011154992230317542
trailing,0.5,0.295,1.5131559758233544,32.94504525329169,0.016472522626645846,0.9397991284538999,-0.011174942790453408
trailing,0.5,0.296,1.5070375819332513,32.9367510934919,0.01646837554674595,0.9395625270441532,-0.011194815811859538
trailing,0.5,0.297,1.5009439275573775,32.92845300106374,0.016464226500531868,0.9393258134512028,-0.011214611606673596
trailing,0.5,0.298,1.4948749126623617,32.92015100314789,0.016460075501573947,0.9390889884492716,-0.011234330485694702
trailing,0.5,0.299,1.4888304376193149,32.911845126771944,0.01645592256338597,0.9388520528093552,-0.011253972758389687
trailing,0.5,0.3,1.4828104032021938,32.90353539885082,0.01645176769942541,0.9386150072992362,-0.011273538732899107
trailing,0.5,0.301,1.476814710586172,32.89522184618725,0.016447610923093624,0.9383778526834962,-0.011293028716043617
trailing,0.5,0.302,1.4708432613460185,32.88690449547221,0.016443452247736103,0.9381405897235293,-0.011312443013330379
trailing,0.5,0.303,1.46489595745448,32.87858337328539,0.016439291686642692,0.9379032191775547,-0.01133178192895941
trailing,0.5,0.304,1.4589727012806752,32.87025850609565,0.016435129253047825,0.9376657418006302,-0.011351045765829224
trailing,0.5,0.305,1.4530733955884876,32.86192992026144,0.01643096496013072,0.9374281583446639,-0.011370234825543916
trailing,0.5,0.306,1.4471979435349727,32.853597642031275,0.016426798821015637,0.9371904695584279,-0.01138934940841829
trailing,0.5,0.307,1.4413462486687671,32.84526169754418,0.01642263084877209,0.936952676187571,-0.011408389813484415
trailing,0.5,0.308,1.435518214928505,32.836922112830116,0.01641846105641506,0.9367147789746308,-0.011427356338498135
trailing,0.5,0.309,1.4297137466412415,32.82857891381043,0.016414289456905217,0.9364767786590468,-0.011446249279944025
trailing,0.5,0.31,1.4239327485208821,32.8202321262983,0.01641011606314915,0.9362386759771721,-0.011465068933042357
trailing,0.5,0.311,1.4181751256666175,32.81188177599917,0.016405940887999584,0.9360004716622873,-0.011483815591754848
trailing,0.5,0.312,1.4124407835613675,32.8035278885112,0.0164017639442556,0.9357621664446124,-0.011502489548789826
trailing,0.5,0.313,1.406729628070228,32.795170489325656,0.016397585244662827,0.935523761051318,-0.01152109109560937
trailing,0.5,0.314,1.4010415654389266,32.78680960382741,0.016393404801913702,0.9352852562065395,-0.011539620522434343
trailing,0.5,0.315,1.3953765022922822,32.7784452572953,0.016389222628647653,0.9350466526313881,-0.011558078118250258
trailing,0.5,0.316,1.3897343456326736,32.770077474902635,0.016385038737451316,0.934807951043964,-0.011576464170813653
trailing,0.5,0.317,1.3841150028385125,32.761706281717565,0.016380853140858784,0.934569152159368,-0.011594778966656798
trailing,0.5,0.318,1.378518381662722,32.753331702703505,0.01637666585135175,0.9343302566897133,-0.011613022791094964
trailing,0.5,0.319,1.3729443902312237,32.74495376271962,0.01637247688135981,0.9340912653441388,-0.011631195928230548
trailing,0.5,0.32,1.367392937041429,32.736572486521176,0.016368286243260588,0.9338521788288201,-0.011649298660959817
trailing,0.5,0.321,1.361863930960736,32.72818789876,0.016364093949379998,0.9336129978469815,-0.011667331270978227
trailing,0.5,0.322,1.3563572812250357,32.71980002398492,0.01635990001199246,0.9333737230989094,-0.011685294038785649
trailing,0.5,0.323,1.3508728974372186,32.7114088866421,0.01635570444332105,0.9331343552819619,-0.01170318724369299
trailing,0.5,0.324,1.345410689565695,32.703014511075565,0.016351507255537783,0.932894895090583,-0.011721011163826286
trailing,0.5,0.325,1.3399705679429132,32.694616921527526,0.016347308460763762,0.9326553432163122,-0.011738766076133837
trailing,0.5,0.326,1.3345524432638904,32.686216142138846,0.016343108071069423,0.9324157003477984,-0.011756452256390309
trailing,0.5,0.327,1.3291562265847445,32.67781219694942,0.016338906098474708,0.93217596717081,-0.011774069979203087
trailing,0.5,0.328,1.3237818293212347,32.6694051098986,0.016334702554949298,0.9319361443682473,-0.011791619518017288
trailing,0.5,0.329,1.3184291632473089,32.660994904825614,0.016330497452412808,0.9316962326201548,-0.011809101145121424
trailing,0.5,0.33,1.313098140493652,32.652581605469926,0.016326290802734962,0.9314562326037302,-0.01182651513165253
trailing,0.5,0.331,1.3077886735462476,32.6441652354717,0.01632208261773585,0.9312161449933394,-0.011843861747601837
trailing,0.5,0.332,1.3025006752449377,32.63574581837216,0.016317872909186078,0.9309759704605256,-0.011861141261819617
trailing,0.5,0.333,1.2972340587819935,32.627323377614,0.016313661688806998,0.9307357096740214,-0.011878353942021065
trailing,0.5,0.334,1.2919887377006911,32.618897936541806,0.016309448968270905,0.9304953632997606,-0.011895500054791106
trailing,0.5,0.335,1.2867646258938905,32.61046951840242,0.01630523475920121,0.9302549320008887,-0.01191257986558989
trailing,0.5,0.336,1.2815616376026238,32.60203814634536,0.01630101907317268,0.9300144164377752,-0.011929593638757903
trailing,0.5,0.337,1.2763796874146849,32.593603843423196,0.0162968019217116,0.9297738172680238,-0.011946541637521242
trailing,0.5,0.338,1.2712186902632314,32.58516663259197,0.016292583316295985,0.9295331351464846,-0.011963424123996326
trailing,0.5,0.339,1.2660785614253838,32.57672653671156,0.016288363268355782,0.9292923707252646,-0.011980241359195922
trailing,0.5,0.34,1.2609592165208374,32.56828357854609,0.016284141789273045,0.9290515246537391,-0.011996993603033388
trailing,0.5,0.341,1.2558605715104765,32.5598377807643,0.01627991889038215,0.9288105975785629,-0.012013681114328052
trailing,0.5,0.342,1.2507825426949937,32.55138916593994,0.016275694582969968,0.9285695901436806,-0.01203030415081051
trailing,0.5,0.343,1.2457250467135181,32.542937756552156,0.016271468878276078,0.9283285029903384,-0.012046862969127322
trailing,0.5,0.34400000000000003,1.2406880005422452,32.534483574985885,0.016267241787492944,0.928087336757095,-0.012063357824846072
trailing,0.5,0.34500000000000003,1.2356713214930735,32.526026643532234,0.016263013321766117,0.9278460920798323,-0.012079788972460325
trailing,0.5,0.34600000000000003,1.2306749272122497,32.517566984388814,0.01625878349219441,0.9276047695917653,-0.012096156665394892
trailing,0.5,0.34700000000000003,1.2256987356790132,32.50910461966021,0.016254552309830105,0.9273633699234552,-0.012112461156010156
trailing,0.5,0.34800000000000003,1.220742665204253,32.50063957135825,0.016250319785679125,0.9271218937028176,-0.012128702695607542
trailing,0.5,0.34900000000000003,1.2158066344291643,32.49217186140249,0.016246085930701246,0.9268803415551353,-0.012144881534433955
trailing,0.5,0.35000000000000003,1.210890562323914,32.483701511620495,0.016241850755810246,0.9266387141030673,-0.012160997921686961
trailing,0.5,0.35100000000000003,1.2059943681863108,32.47522854374828,0.01623761427187414,0.9263970119666609,-0.012177052105519134
trailing,0.5,0.352,1.2011179716404792,32.46675297943063,0.016233376489715314,0.9261552357633611,-0.012193044333043503
trailing,0.5,0.353,1.1962612926355412,32.458274840221506,0.016229137420110753,0.9259133861080219,-0.012208974850337796
trailing,0.5,0.354,1.1914242514443019,32.4497941475844,0.0162248970737922,0.9256714636129163,-0.012224843902449361
trailing,0.5,0.355,1.1866067686619397,32.4413109228927,0.01622065546144635,0.9254294688877477,-0.012240651733399869
trailing,0.5,0.356,1.1818087652047051,32.432825187430055,0.016216412593715028,0.9251874025396589,-0.012256398586189982
trailing,0.5,0.357,1.1770301623086195,32.42433696239074,0.01621216848119537,0.9249452651732436,-0.01227208470280403
trailing,0.5,0.358,1.172270881528185,32.41584626888003,0.016207923134440017,0.9247030573905562,-0.01228771032421473
trailing,0.5,0.359,1.1675308447350945,32.40735312791453,0.016203676563957266,0.9244607797911223,-0.012303275690387729
trailing,0.5,0.36,1.1628099741169502,32.39885756042259,0.016199428780211297,0.9242184329719492,-0.012318781040286029
trailing,0.5,0.361,1.1581081921759866,32.39035958724459,0.016195179793622293,0.9239760175275353,-0.012334226611875136
trailing,0.5,0.362,1.1534254217277964,32.381859229133354,0.01619092961456668,0.9237335340498815,-0.012349612642126702
trailing,0.5,0.363,1.1487615859000666,32.373356506754476,0.01618667825337724,0.9234909831284994,-0.012364939367023932
trailing,0.5,0.364,1.1441166081313132,32.36485144068671,0.016182425720343355,0.9232483653504245,-0.01238020702156548
trailing,0.5,0.365,1.1394904121696268,32.35634405142224,0.016178172025711122,0.9230056813002223,-0.012395415839770364
trailing,0.5,0.366,1.1348829220714194,32.34783435936715,0.016173917179683573,0.9227629315600019,-0.012410566054682083
trailing,0.5,0.367,1.1302940622001787,32.33932238484167,0.016169661192420838,0.9225201167094239,-0.01242565789837308
trailing,0.5,0.368,1.1257237572252259,32.33080814808058,0.01616540407404029,0.9222772373257105,-0.012440691601949272
trailing,0.5,0.369,1.121171932120479,32.32229166923352,0.016161145834616763,0.9220342939836564,-0.012455667395554619
trailing,0.5,0.37,1.1166385121632219,32.313772968365384,0.016156886484182693,0.9217912872556376,-0.012470585508375114
trailing,0.5,0.371,1.1121234229328762,32.305252065456614,0.016152626032728306,0.9215482177116217,-0.012485446168643067
trailing,0.5,0.372,1.1076265903097817,32.29672898040357,0.016148364490201787,0.9213050859191775,-0.012500249603641897
trailing,0.5,0.373,1.1031479404739781,32.28820373301886,0.01614410186650943,0.9210618924434847,-0.012514996039710319
trailing,0.5,0.374,1.0986873999039928,32.27967634303171,0.016139838171515854,0.9208186378473444,-0.012529685702245857
trailing,0.5,0.375,1.094244895375636,32.27114683008823,0.016135573415044114,0.9205753226911869,-0.012544318815710484
trailing,0.5,0.376,1.0898203539607967,32.26261521375183,0.016131307606875915,0.9203319475330832,-0.012558895603633442
trailing,0.5,0.377,1.0854137030262454,32.25408151350352,0.01612704075675176,0.9200885129287539,-0.012573416288616293
trailing,0.5,0.378,1.0810248702324443,32.245545748742245,0.01612277287437112,0.9198450194315783,-0.01258788109233699
trailing,0.5,0.379,1.0766537835323566,32.237007938785204,0.016118503969392604,0.919601467592604,-0.012602290235553744
trailing,0.5,0.38,1.0723003711702663,32.22846810286822,0.016114234051434112,0.9193578579605571,-0.012616643938109552
trailing,0.5,0.381,1.0679645616805982,32.21992626014604,0.01610996313007302,0.9191141910818511,-0.012630942418936074
trailing,0.5,0.382,1.0636462838867458,32.21138242969266,0.01610569121484633,0.9188704675005961,-0.01264518589605771
trailing,0.5,0.383,1.0593454668999034,32.20283663050167,0.016101418315250835,0.918626687758608,-0.01265937458659579
trailing,0.5,0.384,1.055062040117901,32.194288881486585,0.016097144440743293,0.9183828523954188,-0.012673508706772764
trailing,0.5,0.385,1.0507959332240469,32.18573920148115,0.016092869600740575,0.9181389619482849,-0.012687588471915739
trailing,0.5,0.386,1.0465470761859716,32.17718760923967,0.016088593804619834,0.9178950169521968,-0.012701614096461237
trailing,0.5,0.387,1.0423153992544791,32.16863412343732,0.016084317061718662,0.9176510179398876,-0.012715585793958583
trailing,0.5,0.388,1.0381008329624033,32.16007876267051,0.016080039381335256,0.917406965441843,-0.012729503777074219
trailing,0.5,0.389,1.0339033081234639,32.15152154545716,0.01607576077272858,0.9171628599863103,-0.012743368257595363
trailing,0.5,0.39,1.0297227558311348,32.142962490237025,0.016071481245118514,0.916918702099307,-0.012757179446434364
trailing,0.5,0.391,1.0255591074575103,32.13440161537204,0.016067200807686022,0.9166744923046306,-0.01277093755363217
trailing,0.5,0.392,1.0214122946521795,32.12583893914659,0.016062919469573295,0.916430231123866,-0.0127846427883625
trailing,0.5,0.393,1.0172822493411036,32.11727447976787,0.016058637239883936,0.9161859190763968,-0.01279829535893587
trailing,0.5,0.394,1.013168903725499,32.10870825536618,0.01605435412768309,0.9159415566794125,-0.012811895472802854
trailing,0.5,0.395,1.0090721902807247,32.100140283995216,0.016050070141997608,0.9156971444479178,-0.012825443336558735
trailing,0.5,0.396,1.0049920417551723,32.09157058363241,0.016045785291816207,0.9154526828947417,-0.012838939155946671
trailing,0.5,0.397,1.000928391169164,32.08299917217924,0.016041499586089622,0.9152081725305465,-0.012852383135861595
trailing,0.5,0.398,0.9968811718138509,32.074426067461516,0.01603721303373076,0.9149636138638361,-0.01286577548035449
trailing,0.5,0.399,0.99285031725012,32.06585128722969,0.016032925643614845,0.9147190074009645,-0.012879116392635701
trailing,0.5,0.4,0.9888357613075018,32.0572748491592,0.0160286374245796,0.9144743536461458,-0.01289240607507842
trailing,0.5,0.401,0.9848374380830853,32.048696770850704,0.016024348385425352,0.9142296531014614,-0.012905644729223233
trailing,0.5,0.402,0.9808552819404357,32.04011706983045,0.016020058534915227,0.9139849062668696,-0.012918832555781338
trailing,0.5,0.403,0.9768892275085164,32.03153576355055,0.016015767881775275,0.9137401136402138,-0.01293196975463774
trailing,0.5,0.404,0.9729392096806165,32.02295286938928,0.016011476434694638,0.9134952757172314,-0.012945056524856014
trailing,0.5,0.405,0.9690051636132823,32.01436840465137,0.016007184202325685,0.913250392991562,-0.012958093064681021
trailing,0.5,0.406,0.9650870247252513,32.00578238656834,0.01600289119328417,0.9130054659547563,-0.012971079571543073
trailing,0.5,0.40700000000000003,0.9611847286963947,31.99719483229874,0.015998597416149368,0.9127604950962834,-0.0129840162420614
trailing,0.5,0.40800000000000003,0.9572982114666583,31.988605758928493,0.015994302879464246,0.9125154809035415,-0.01299690327204768
trailing,0.5,0.40900000000000003,0.9534274092350131,31.980015183471185,0.01599000759173559,0.9122704238618642,-0.013009740856509508
trailing,0.5,0.41000000000000003,0.9495722584584081,31.97142312286832,0.01598571156143416,0.9120253244545296,-0.013022529189654327
trailing,0.5,0.41100000000000003,0.9457326958507252,31.962829593989664,0.01598141479699483,0.9117801831627689,-0.013035268464892613
trailing,0.5,0.41200000000000003,0.9419086583817426,31.954234613633506,0.015977117306816755,0.9115350004657747,-0.01304795887484156
trailing,0.5,0.41300000000000003,0.9381000832760982,31.945638198526943,0.01597281909926347,0.9112897768407088,-0.01306060061132876
trailing,0.5,0.41400000000000003,0.9343069080122606,31.93704036532619,0.015968520182663096,0.9110445127627105,-0.01307319386539526
trailing,0.5,0.41500000000000004,0.9305290703215013,31.928441130616857,0.01596422056530843,0.9107992087049055,-0.013085738827299288
trailing,0.5,0.41600000000000004,0.9267665081868738,31.91984051091423,0.015959920255457116,0.9105538651384132,-0.013098235686519966
trailing,0.5,0.417,0.9230191598421954,31.911238522663567,0.015955619261331783,0.9103084825323554,-0.013110684631760098
trailing,0.5,0.418,0.9192869637710311,31.902635182240378,0.01595131759112019,0.9100630613538644,-0.013123085850950433
trailing,0.5,0.419,0.9155698587056876,31.894030505950692,0.015947015252975347,0.90981760206809,-0.01313543953125216
trailing,0.5,0.42,0.9118677836262044,31.88542451003138,0.01594271225501569,0.9095721051382099,-0.01314774585906113
trailing,0.5,0.421,0.9081806777593524,31.87681721065039,0.015938408605325194,0.909326571025435,-0.013160005020010603
trailing,0.5,0.422,0.9045084805776383,31.868208623907062,0.01593410431195353,0.9090810001890194,-0.013172217198974875
trailing,0.5,0.423,0.900851131798309,31.859598765832366,0.015929799382916183,0.9088353930862669,-0.013184382580072831
trailing,0.5,0.424,0.8972085713823625,31.850987652389225,0.01592549382619461,0.9085897501725401,-0.013196501346670731
trailing,0.5,0.425,0.8935807395335628,31.842375299472774,0.015921187649736386,0.9083440719012676,-0.013208573681386023
trailing,0.5,0.426,0.8899675766974574,31.833761722910605,0.015916880861455304,0.908098358723952,-0.013220599766090364
trailing,0.5,0.427,0.8863690235604006,31.8251469384631,0.01591257346923155,0.9078526110901777,-0.013232579781912859
trailing,0.5,0.428,0.8827850210485793,31.816530961823645,0.015908265480911822,0.9076068294476185,-0.013244513909243583
trailing,0.5,0.429,0.8792155103270431,31.807913808618945,0.01590395690430947,0.9073610142420461,-0.013256402327736515
trailing,0.5,0.43,0.8756604327987392,31.799295494409268,0.015899647747204634,0.9071151659173368,-0.01326824521631303
trailing,0.5,0.431,0.872119730103549,31.790676034688726,0.015895338017344364,0.9068692849154796,-0.01328004275316483
trailing,0.5,0.432,0.8685933441173324,31.782055444885547,0.015891027722442774,0.9066233716765844,-0.013291795115757536
trailing,0.5,0.433,0.8650812169509707,31.773433740362332,0.015886716870181165,0.9063774266388888,-0.013303502480833333
trailing,0.5,0.434,0.8615832909494193,31.764810936416325,0.015882405468208162,0.906131450238766,-0.013315165024414521
trailing,0.5,0.435,0.8580995086907588,31.756187048279678,0.01587809352413984,0.9058854429107325,-0.013326782921806652
trailing,0.5,0.436,0.8546298129852535,31.747562091119732,0.015873781045559865,0.9056394050874559,-0.013338356347601638
trailing,0.5,0.437,0.851174146874413,31.738936080039245,0.015869468040019624,0.9053933371997614,-0.013349885475680503
trailing,0.5,0.438,0.8477324536300558,31.73030903007669,0.015865154515038345,0.9051472396766406,-0.013361370479216992
trailing,0.5,0.439,0.8443046767533795,31.721680956206484,0.015860840478103242,0.9049011129452577,-0.01337281153068047
trailing,0.5,0.44,0.8408907599740321,31.713051873339275,0.015856525936669637,0.9046549574309577,-0.013384208801838996
trailing,0.5,0.441,0.8374906472491892,31.704421796322197,0.0158522108981611,0.904408773557274,-0.013395562463762174
trailing,0.5,0.442,0.8341042827626335,31.695790739939095,0.01584789536996955,0.9041625617459346,-0.01340687268682457
trailing,0.5,0.443,0.8307316109238387,31.68715871891083,0.015843579359455417,0.9039163224168704,-0.013418139640708536
trailing,0.5,0.444,0.8273725763670569,31.678525747895506,0.015839262873947754,0.9036700559882225,-0.013429363494406977
trailing,0.5,0.445,0.8240271239504092,31.669891841488724,0.015834945920744362,0.903423762876349,-0.013440544416227017
trailing,0.5,0.446,0.8206951987549821,31.661257014223857,0.015830628507111928,0.9031774434958327,-0.013451682573792185
trailing,0.5,0.447,0.8173767460839236,31.652621280572273,0.015826310640286136,0.9029310982594877,-0.01346277813404618
trailing,0.5,0.448,0.814071711461547,31.6439846549436,0.0158219923274718,0.9026847275783669,-0.013473831263255007
trailing,0.5,0.449,0.8107800406324367,31.635347151685995,0.015817673575843,0.9024383318617696,-0.013484842127010658
trailing,0.5,0.45,0.807501679560556,31.626708785086368,0.015813354392543184,0.9021919115172481,-0.01349581089023339
trailing,0.5,0.451,0.8042365744283618,31.618069569370633,0.015809034784685316,0.9019454669506144,-0.013506737717175117
trailing,0.5,0.452,0.8009846716359204,31.609429518703976,0.01580471475935199,0.9016989985659486,-0.013517622771422348
trailing,0.5,0.453,0.7977459178000266,31.600788647191067,0.015800394323595535,0.9014525067656041,-0.013528466215898614
trailing,0.5,0.454,0.7945202597533297,31.59214696887635,0.015796073484438174,0.9012059919502166,-0.013539268212867479
trailing,0.5,0.455,0.7913076445434584,31.583504497744244,0.015791752248872123,0.9009594545187092,-0.01355002892393577
trailing,0.5,0.456,0.788108019432153,31.574861247719415,0.01578743062385971,0.9007128948683006,-0.013560748510056278
trailing,0.5,0.457,0.7849213318943987,31.566217232667015,0.01578310861633351,0.9004663133945121,-0.013571427131530008
trailing,0.5,0.458,0.781747529617564,31.557572466392905,0.01577878623319645,0.9002197104911731,-0.013582064948009774
trailing,0.5,0.459,0.778586560500542,31.548926962643925,0.015774463481321964,0.8999730865504297,-0.013592662118502708
trailing,0.5,0.46,0.7754383726528941,31.5402807351081,0.01577014036755405,0.8997264419627502,-0.013603218801372807
trailing,0.5,0.461,0.7723029143939998,31.531633797414916,0.015765816898707458,0.8994797771169328,-0.013613735154344147
trailing,0.5,0.462,0.7691801342522065,31.522986163135524,0.01576149308156776,0.8992330924001118,-0.013624211334503334
trailing,0.5,0.463,0.7660699809639864,31.514337845783,0.0157571689228915,0.898986388197765,-0.013634647498302168
trailing,0.5,0.464,0.7629724034730929,31.505688858812555,0.015752844429406276,0.8987396648937191,-0.013645043801560907
trailing,0.5,0.465,0.7598873509297245,31.49703921562181,0.015748519607810905,0.8984929228701584,-0.013655400399470278
trailing,0.5,0.466,0.7568147726896889,31.488388929551,0.0157441944647755,0.8982461625076297,-0.01366571744659484
trailing,0.5,0.467,0.7537546183135713,31.4797380138832,0.0157398690069416,0.8979993841850498,-0.013675995096875112
trailing,0.5,0.468,0.7507068375659077,31.471086481844587,0.015735543240922294,0.897752588279712,-0.013686233503630784
trailing,0.5,0.46900000000000003,0.7476713804143592,31.462434346604642,0.015731217173302323,0.8975057751672926,-0.01369643281956289
trailing,0.5,0.47000000000000003,0.7446481970288903,31.453781621276402,0.015726890810638203,0.8972589452218573,-0.013706593196756883
trailing,0.5,0.47100000000000003,0.7416372377809526,31.445128318916677,0.01572256415945834,0.8970120988158684,-0.013716714786684965
trailing,0.5,0.47200000000000003,0.7386384532426681,31.43647445252629,0.015718237226263147,0.8967652363201907,-0.013726797740208954
trailing,0.5,0.47300000000000003,0.7356517941860194,31.427820035050274,0.01571391001752514,0.8965183581040977,-0.013736842207582822
trailing,0.5,0.47400000000000003,0.7326772115820406,31.419165079378143,0.01570958253968907,0.8962714645352791,-0.013746848338455173
trailing,0.5,0.47500000000000003,0.7297146566000123,31.410509598344085,0.015705254799172043,0.8960245559798463,-0.01375681628187212
trailing,0.5,0.47600000000000003,0.7267640806066613,31.40185360472719,0.015700926802363596,0.8957776328023391,-0.013766746186279629
trailing,0.5,0.47700000000000004,0.7238254351653607,31.393197111251702,0.01569659855562585,0.8955306953657327,-0.013776638199526002
trailing,0.5,0.47800000000000004,0.7208986720353359,31.38454013058719,0.015692270065293595,0.8952837440314425,-0.01378649246886486
trailing,0.5,0.47900000000000004,0.7179837431708715,31.37588267534882,0.01568794133767441,0.8950367791593322,-0.013796309140957336
trailing,0.5,0.48,0.715080600720524,31.367224758097557,0.015683612379048778,0.8947898011077191,-0.013806088361874518
trailing,0.5,0.481,0.7121891970263354,31.35856639134038,0.01567928319567019,0.8945428102333807,-0.013815830277100491
trailing,0.5,0.482,0.7093094846230503,31.349907587530492,0.015674953793765246,0.8942958068915603,-0.013825535031534228
trailing,0.5,0.483,0.7064414162373388,31.34124835906757,0.015670624179533785,0.8940487914359745,-0.013835202769492592
trailing,0.5,0.484,0.7035849447870178,31.332588718297963,0.015666294359148982,0.8938017642188185,-0.01384483363471238
trailing,0.5,0.485,0.7007400233802797,31.323928677514893,0.015661964338757446,0.8935547255907719,-0.013854427770353176
trailing,0.5,0.486,0.6979066053149231,31.31526824895871,0.015657634124479354,0.8933076759010063,-0.013863985318999645
trailing,0.5,0.487,0.6950846440775842,31.30660744481706,0.01565330372240853,0.8930606154971898,-0.013873506422663945
trailing,0.5,0.488,0.692274093342975,31.297946277225147,0.015648973138612573,0.8928135447254943,-0.013882991222788325
trailing,0.5,0.489,0.6894749069731221,31.289284758265907,0.015644642379132954,0.892566463930601,-0.013892439860247236
trailing,0.5,0.49,0.6866870390166095,31.280622899970243,0.015640311449985123,0.8923193734557066,-0.013901852475350234
trailing,0.5,0.491,0.6839104437078238,31.27196071431722,0.01563598035715861,0.892072273642529,-0.013911229207843993
trailing,0.5,0.492,0.6811450754662038,31.263298213234293,0.015631649106617147,0.8918251648313139,-0.013920570196914958
trailing,0.5,0.493,0.6783908888954914,31.254635408597505,0.015627317704298753,0.8915780473608407,-0.013929875581191171
trailing,0.5,0.494,0.6756478387829865,31.245972312231697,0.015622986156115848,0.8913309215684277,-0.013939145498745621
trailing,0.5,0.495,0.6729158800988055,31.237308935910725,0.015618654467955363,0.8910837877899394,-0.013948380087097766
trailing,0.5,0.496,0.6701949679951413,31.228645291357655,0.015614322645678828,0.8908366463597907,-0.013957579483216149
trailing,0.5,0.497,0.6674850578055274,31.219981390244968,0.015609990695122485,0.8905894976109542,-0.013966743823520917
trailing,0.5,0.498,0.664786105044104,31.21131724419478,0.01560565862209739,0.8903423418749653,-0.013975873243885788
trailing,0.5,0.499,0.6620980654048898,31.202652864779044,0.015601326432389522,0.8900951794819287,-0.013984967879640823
trailing,0.5,0.5,0.6594208947610519,31.19398826351973,0.015596994131759866,0.8898480107605232,-0.013994027865574347
trailing,0.5,0.501,0.6567545491641834,31.185323451889065,0.015592661725944533,0.8896008360380084,-0.014003053335935335
trailing,0.5,0.502,0.6540989848435806,31.17665844130971,0.015588329220654855,0.8893536556402305,-0.014012044424435714
trailing,0.5,0.503,0.6514541582055255,31.16799324315496,0.01558399662157748,0.8891064698916269,-0.014021001264253012
trailing,0.5,0.504,0.6488200258325705,31.159327868748957,0.01557966393437448,0.8888592791152331,-0.014029923988031826
trailing,0.5,0.505,0.6461965444828239,31.15066232936689,0.015575331164683447,0.8886120836326884,-0.014038812727886853
trailing,0.5,0.506,0.6435836710892415,31.141996636235195,0.015570998318117597,0.8883648837642406,-0.014047667615404569
trailing,0.5,0.507,0.6409813627589189,31.133330800531724,0.015566665400265862,0.8881176798287526,-0.014056488781645867
trailing,0.5,0.508,0.6383895767723882,31.12466483338598,0.01556233241669299,0.8878704721437073,-0.014065276357148233
trailing,0.5,0.509,0.6358082705829161,31.115998745879303,0.01555799937293965,0.8876232610252138,-0.01407403047192749
trailing,0.5,0.51,0.6332374018158055,31.107332549045054,0.015553666274522527,0.8873760467880131,-0.014082751255480577
trailing,0.5,0.511,0.6306769282676994,31.09866625386882,0.015549333126934411,0.8871288297454827,-0.014091438836787639
trailing,0.5,0.512,0.6281268079058893,31.089999871288605,0.015544999935644302,0.8868816102096431,-0.014100093344313816
trailing,0.5,0.513,0.6255869988676238,31.081333412195015,0.015540666706097508,0.8866343884911626,-0.014108714906011937
trailing,0.5,0.514,0.6230574594594231,31.072666887431488,0.015536333443715744,0.886387164899364,-0.014117303649324151
trailing,0.5,0.515,0.6205381481563931,31.064000307794423,0.015532000153897212,0.8861399397422282,-0.014125859701184585
trailing,0.5,0.516,0.6180290236015435,31.055333684033425,0.015527666842016712,0.8858927133264013,-0.014134383188021077
trailing,0.5,0.517,0.6155300446051104,31.046667026851463,0.015523333513425731,0.8856454859571992,-0.01414287423575782
trailing,0.5,0.518,0.6130411701438786,31.038000346905093,0.015519000173452547,0.8853982579386135,-0.014151332969816669
trailing,0.5,0.519,0.61056235936051,31.029333654804603,0.015514666827402301,0.8851510295733162,-0.014159759515120178
trailing,0.5,0.52,0.6080935715628704,31.020666961114234,0.015510333480557118,0.8849038011626655,-0.014168153996093011
trailing,0.5,0.521,0.6056347662233637,31.012000276352357,0.015506000138176178,0.8846565730067113,-0.014176516536664279
trailing,0.5,0.522,0.6031859029782652,31.003333610991657,0.015501666805495829,0.8844093454042004,-0.014184847260269896
trailing,0.5,0.523,0.6007469416270599,30.994666975459324,0.015497333487729663,0.8841621186525813,-0.01419314628985409
trailing,0.5,0.524,0.5983178421317823,30.98600038013723,0.015493000190068615,0.8839148930480103,-0.014201413747871896
trailing,0.5,0.525,0.5958985646163585,30.977333835362124,0.015488666917681063,0.883667668885356,-0.014209649756290963
trailing,0.5,0.526,0.5934890693659525,30.968667351425804,0.015484333675712902,0.8834204464582052,-0.01421785443659392
trailing,0.5,0.527,0.5910893168263137,30.960000938575302,0.015480000469287651,0.8831732260588673,-0.014226027909779965
trailing,0.5,0.528,0.5886992676031282,30.951334607013084,0.015475667303506543,0.8829260079783806,-0.014234170296367444
trailing,0.5,0.529,0.5863188824613711,30.9426683668972,0.0154713341834486,0.8826787925065164,-0.014242281716395244
trailing,0.5,0.53,0.5839481223246632,30.934002228341487,0.015467001114170743,0.8824315799317847,-0.014250362289425268
trailing,0.5,0.531,0.581586948274629,30.925336201415742,0.015462668100707871,0.8821843705414391,-0.014258412134544327
trailing,0.5,0.532,0.5792353215502584,30.91667029614591,0.015458335148072955,0.8819371646214824,-0.01426643137036588
trailing,0.5,0.533,0.5768932035472704,30.90800452251423,0.015454002261257115,0.8816899624566708,-0.01427442011503247
trailing,0.5,0.534,0.5745605558174784,30.899338890459468,0.015449669445229734,0.88144276433052,-0.014282378486217316
trailing,0.5,0.535,0.5722373400681603,30.890673409877035,0.015445336704938518,0.8811955705253092,-0.014290306601126353
trailing,0.5,0.536,0.5699235181614289,30.882008090619212,0.015441004045309606,0.8809483813220871,-0.01429820457650032
trailing,0.5,0.537,0.5676190521136061,30.873342942495288,0.015436671471247644,0.8807011970006762,-0.014306072528616619
trailing,0.5,0.538,0.5653239040946003,30.864677975271746,0.015432338987635873,0.8804540178396776,-0.014313910573291283
trailing,0.5,0.539,0.5630380364272838,30.856013198672468,0.015428006599336234,0.8802068441164776,-0.014321718825880653
trailing,0.5,0.54,0.5607614115868752,30.847348622378856,0.015423674311189428,0.8799596761072503,-0.014329497401283794
trailing,0.5,0.541,0.5584939922003235,30.83868425603004,0.01541934212801502,0.8797125140869642,-0.014337246413944122
trailing,0.5,0.542,0.5562357410456938,30.830020109223035,0.015415010054611518,0.8794653583293861,-0.01434496597785097
trailing,0.5,0.543,0.5539866210515578,30.82135619151293,0.015410678095756466,0.8792182091070873,-0.014352656206542322
trailing,0.5,0.544,0.5517465952963833,30.81269251241303,0.015406346256206516,0.8789710666914465,-0.014360317213105682
trailing,0.5,0.545,0.5495156270079294,30.80402908139506,0.01540201454069753,0.878723931352657,-0.014367949110180803
trailing,0.5,0.546,0.5472936795626425,30.7953659078893,0.01539768295394465,0.8784768033597292,-0.014375552009961216
trailing,0.5,0.547,0.5450807164850549,30.786703001284778,0.01539335150064239,0.8782296829804973,-0.014383126024195754
trailing,0.5,0.548,0.5428767014471866,30.778040370929414,0.015389020185464708,0.8779825704816224,-0.014390671264191187
trailing,0.5,0.549,0.5406815982679481,30.76937802613023,0.015384689013065115,0.877735466128599,-0.014398187840813299
trailing,0.5,0.55,0.5384953709125471,30.76071597615347,0.015380357988076736,0.8774883701857586,-0.014405675864489115
trailing,0.5,0.551,0.5363179834918965,30.75205423022478,0.01537602711511239,0.8772412829162742,-0.0144131354452086
trailing,0.5,0.552,0.5341494002620257,30.743392797529395,0.015371696398764697,0.8769942045821667,-0.014420566692526619
trailing,0.5,0.553,0.5319895856234939,30.734731687212264,0.015367365843606132,0.8767471354443068,-0.01442796971556464
trailing,0.5,0.554,0.5298385041208048,30.72607090837827,0.015363035454189135,0.8765000757624232,-0.01443534462301231
trailing,0.5,0.555,0.5276961204418256,30.717410470092307,0.015358705235046155,0.8762530257951033,-0.014442691523129844
trailing,0.5,0.556,0.5255623994172066,30.70875038137955,0.015354375190689775,0.8760059857998018,-0.014450010523749111
trailing,0.5,0.557,0.5234373060198041,30.700090651225523,0.015350045325612762,0.875758956032842,-0.014457301732275973
trailing,0.5,0.558,0.5213208053641062,30.691431288576304,0.015345715644288152,0.8755119367494222,-0.014464565255691673
trailing,0.5,0.559,0.5192128627056585,30.6827723023387,0.015341386151169352,0.8752649282036203,-0.014471801200554772
trailing,0.5,0.56,0.5171134434404948,30.674113701380367,0.015337056850690183,0.8750179306483974,-0.014479009673002847
trailing,0.5,0.561,0.5150225131045691,30.665455494529986,0.015332727747264994,0.8747709443356028,-0.014486190778754425
trailing,0.5,0.562,0.5129400373731892,30.656797690577434,0.015328398845288718,0.8745239695159789,-0.014493344623110376
trailing,0.5,0.5630000000000001,0.5108659820604542,30.648140298273933,0.015324070149136967,0.8742770064391653,-0.014500471310955812
trailing,0.5,0.5640000000000001,0.5088003131186921,30.639483326332204,0.015319741663166103,0.8740300553537036,-0.014507570946761928
trailing,0.5,0.5650000000000001,0.5067429966379018,30.630826783426617,0.01531541339171331,0.873783116507041,-0.01451464363458759
trailing,0.5,0.5660000000000001,0.504693998845196,30.622170678193363,0.015311085339096682,0.8735361901455359,-0.01452168947808094
trailing,0.5,0.5670000000000001,0.5026532861042466,30.61351501923061,0.015306757509615306,0.8732892765144619,-0.014528708580481295
trailing,0.5,0.5680000000000001,0.5006208249147339,30.60485981509863,0.015302429907549316,0.8730423758580115,-0.014535701044620727
trailing,0.5,0.5690000000000001,0.49859658191179446,30.596205074319997,0.015298102537159998,0.8727954884193019,-0.014542666972925783
trailing,0.5,0.5700000000000001,0.4965805238654749,30.587550805379692,0.015293775402689846,0.8725486144403781,-0.014549606467419218
trailing,0.5,0.5710000000000001,0.494572617680186,30.578897016725296,0.015289448508362648,0.872301754162218,-0.014556519629721302
trailing,0.5,0.5720000000000001,0.49257283039415933,30.570243716767127,0.015285121858383564,0.8720549078247365,-0.014563406561052171
trailing,0.5,0.5730000000000001,0.49058112917890667,30.56159091387838,0.01528079545693919,0.8718080756667896,-0.014570267362232775
trailing,0.5,0.5740000000000001,0.48859748133868014,30.552938616395295,0.015276469308197647,0.8715612579261791,-0.01457710213368698
trailing,0.5,0.5750000000000001,0.4866218543099361,30.544286832617303,0.015272143416308651,0.8713144548396569,-0.014583910975442925
trailing,0.5,0.5760000000000001,0.48465421566080036,30.535635570807173,0.015267817785403587,0.8710676666429287,-0.014590693987134922
trailing,0.5,0.577,0.48269453309053684,30.52698483919116,0.01526349241959558,0.8708208935706591,-0.014597451268004765
trailing,0.5,0.578,0.4807427744290148,30.51833464595916,0.015259167322979581,0.870574135856475,-0.014604182916903824
trailing,0.5,0.579,0.47879890763618327,30.50968499926485,0.015254842499632425,0.8703273937329705,-0.01461088903229392
trailing,0.5,0.58,0.47686290080154414,30.501035907225834,0.015250517953612918,0.8700806674317108,-0.01461756971224976
trailing,0.5,0.581,0.47493472214362786,30.492387377923812,0.015246193688961907,0.8698339571832361,-0.014624225054459811
trailing,0.5,0.582,0.47301434000947273,30.483739419404692,0.015241869709702347,0.8695872632170664,-0.014630855156228454
trailing,0.5,0.583,0.4711017228741043,30.475092039678763,0.015237546019839381,0.8693405857617053,-0.014637460114477136
trailing,0.5,0.584,0.4691968393400183,30.46644524672082,0.01523322262336041,0.8690939250446439,-0.01464404002574614
trailing,0.5,0.585,0.4672996581366652,30.457799048470328,0.015228899524235165,0.8688472812923655,-0.014650594986196237
trailing,0.5,0.586,0.46541014811993675,30.449153452831556,0.015224576726415778,0.8686006547303495,-0.014657125091610101
trailing,0.5,0.587,0.4635282782716553,30.440508467673713,0.015220254233836857,0.8683540455830748,-0.014663630437393925
trailing,0.5,0.588,0.46165401769906367,30.431864100831092,0.015215932050415546,0.8681074540740249,-0.01467011111857887
trailing,0.5,0.589,0.4597873356343186,30.423220360103237,0.015211610180051618,0.8678608804256912,-0.014676567229822647
trailing,0.5,0.59,0.45792820143398555,30.414577253255054,0.015207288626627527,0.8676143248595779,-0.014682998865411261
trailing,0.5,0.591,0.45607658457853534,30.405934788016964,0.015202967394008482,0.8673677875962047,-0.014689406119260243
trailing,0.5,0.592,0.45423245467184425,30.39729297208504,0.01519864648604252,0.8671212688551121,-0.014695789084916304
trailing,0.5,0.593,0.4523957814406935,30.388651813121154,0.015194325906560576,0.8668747688548646,-0.014702147855558756
trailing,0.5,0.594,0.4505665347342732,30.38001131875311,0.015190005659376555,0.8666282878130549,-0.014708482524001228
trailing,0.5,0.595,0.4487446845236875,30.37137149657479,0.015185685748287395,0.8663818259463081,-0.01471479318269293
trailing,0.5,0.596,0.44693020090146063,30.362732354146278,0.015181366177073139,0.8661353834702853,-0.014721079923720176
trailing,0.5,0.597,0.4451230540810478,30.35409389899401,0.015177046949497005,0.8658889605996876,-0.01472734283880825
trailing,0.5,0.598,0.4433232143963442,30.345456138610903,0.015172728069305452,0.8656425575482598,-0.014733582019322022
trailing,0.5,0.599,0.4415306523011991,30.336819080456504,0.015168409540228252,0.865396174528795,-0.014739797556268572
trailing,0.5,0.6,0.4397453383689306,30.32818273195711,0.015164091365978556,0.8651498117531378,-0.014745989540297714
trailing,0.5,0.601,0.4379672432918425,30.31954710050592,0.01515977355025296,0.8649034694321883,-0.014752158061703657
trailing,0.5,0.602,0.4361963378807438,30.310912193463142,0.015155456096731572,0.8646571477759062,-0.014758303210426985
trailing,0.5,0.603,0.4344325930644683,30.302278018156166,0.015151139009078083,0.8644108469933142,-0.014764425076055528
trailing,0.5,0.604,0.4326759798893984,30.29364458187966,0.01514682229093983,0.8641645672925021,-0.01477052374782588
trailing,0.5,0.605,0.4309264695189893,30.28501189189575,0.015142505945947874,0.8639183088806311,-0.014776599314625079
trailing,0.5,0.606,0.4291840332332957,30.27637995543408,0.01513818997771704,0.8636720719639362,-0.01478265186499188
trailing,0.5,0.607,0.4274486424285008,30.267748779692027,0.015133874389846013,0.8634258567477314,-0.014788681487118123
trailing,0.5,0.608,0.425720268616446,30.259118371834774,0.015129559185917386,0.8631796634364128,-0.01479468826885037
trailing,0.5,0.609,0.42399888342416375,30.25048873899545,0.015125244369497725,0.862933492233462,-0.014800672297690968
trailing,0.5,0.61,0.4222844585934115,30.241859888275293,0.015120929944137647,0.8626873433414506,-0.01480663366079989
trailing,0.5,0.611,0.4205769659802077,30.233231826743744,0.015116615913371873,0.8624412169620435,-0.014812572444995599
trailing,0.5,0.612,0.41887637755437074,30.2246045614386,0.0151123022807193,0.8621951132960027,-0.014818488736756981
trailing,0.5,0.613,0.4171826653990574,30.21597809936612,0.01510798904968306,0.8619490325431907,-0.014824382622224325
trailing,0.5,0.614,0.41549580171030553,30.207352447501165,0.015103676223750582,0.8617029749025741,-0.014830254187201002
trailing,0.5,0.615,0.4138157587965773,30.198727612787348,0.015099363806393673,0.8614569405722283,-0.01483610351715449
trailing,0.5,0.616,0.4121425090783043,30.19010360213712,0.01509505180106856,0.8612109297493399,-0.014841930697218206
trailing,0.5,0.617,0.4104760250874361,30.18148042243192,0.015090740211215961,0.8609649426302104,-0.014847735812192292
trailing,0.5,0.618,0.4088162794669873,30.172858080522303,0.015086429040261152,0.8607189794102605,-0.014853518946545534
trailing,0.5,0.619,0.4071632449705903,30.164236583228064,0.015082118291614032,0.8604730402840339,-0.014859280184416408
trailing,0.5,0.62,0.4055168944620468,30.155615937338357,0.015077807968669178,0.8602271254451994,-0.014865019609614304
trailing,0.5,0.621,0.4038772009148827,30.146996149611823,0.015073498074805913,0.8599812350865561,-0.014870737305621304
trailing,0.5,0.622,0.40224413741190523,30.138377226776715,0.015069188613388358,0.8597353694000357,-0.014876433355593029
trailing,0.5,0.623,0.4006176771447596,30.12975917553102,0.015064879587765511,0.8594895285767069,-0.014882107842360258
trailing,0.5,0.624,0.39899779341349,30.121142002542584,0.015060571001271292,0.8592437128067782,-0.014887760848430177
trailing,0.5,0.625,0.3973844596261007,30.11252571444924,0.01505626285722462,0.8589979222796027,-0.014893392455987696
trailing,0.5,0.626,0.3957776492981204,30.10391031785892,0.01505195515892946,0.8587521571836795,-0.014899002746896654
trailing,0.5,0.627,0.3941773360521662,30.095295819349786,0.015047647909674894,0.8585064177066593,-0.01490459180270119
trailing,0.5,0.628,0.3925834936175116,30.086682225470337,0.015043341112735168,0.8582607040353462,-0.014910159704627385
trailing,0.5,0.629,0.3909960958296546,30.078069542739552,0.015039034771369777,0.8580150163557023,-0.0149157065335838
trailing,0.5,0.63,0.3894151166298886,30.06945777764699,0.015034728888823495,0.8577693548528507,-0.01492123237016346
trailing,0.5,0.631,0.3878405300648747,30.060846936652922,0.015030423468326462,0.8575237197110787,-0.014926737294644696
trailing,0.5,0.632,0.3862723102862151,30.052237026188447,0.015026118513094223,0.8572781111138413,-0.01493222138699283
trailing,0.5,0.633,0.3847104315500293,30.043628052655606,0.015021814026327804,0.8570325292437652,-0.01493768472686096
trailing,0.5,0.634,0.3831548682165311,30.035020022427506,0.015017510011213753,0.8567869742826512,-0.014943127393591663
trailing,0.5,0.635,0.38160559474960787,30.026412941848445,0.015013206470924223,0.8565414464114782,-0.01494854946621782
trailing,0.5,0.636,0.38006258571640195,30.017806817234,0.015008903408617,0.8562959458104065,-0.014953951023464364
trailing,0.5,0.637,0.37852581578689193,30.009201654871195,0.015004600827435597,0.856050472658781,-0.014959332143749166
trailing,0.5,0.638,0.3769952597334774,30.000597461018558,0.015000298730509279,0.8558050271351344,-0.014964692905184335
trailing,0.5,0.639,0.3754708924305655,29.991994241906287,0.014995997120953144,0.8555596094171908,-0.0149700333855775
trailing,0.5,0.64,0.373952688854157,29.983392003736334,0.014991696001868168,0.8553142196818688,-0.014975353662433154
trailing,0.5,0.641,0.37244062408143735,29.974790752682537,0.01498739537634127,0.8550688581052851,-0.014980653812953654
trailing,0.5,0.642,0.3709346732903657,29.966190494890725,0.014983095247445363,0.854823524862757,-0.014985933914040652
trailing,0.5,0.643,0.3694348117592688,29.957591236478834,0.014978795618239418,0.8545782201288066,-0.014991194042296202
trailing,0.5,0.644,0.3679410148664341,29.948992983537032,0.014974496491768517,0.8543329440771634,-0.014996434274023841
trailing,0.5,0.645,0.3664532580897064,29.940395742127812,0.014970197871063906,0.8540876968807679,-0.015001654685230093
trailing,0.5,0.646,0.3649715170060852,29.93179951828612,0.01496589975914306,0.8538424787117745,-0.01500685535162541
trailing,0.5,0.647,0.3634957672913234,29.923204318019465,0.014961602159009733,0.853597289741555,-0.015012036348625616
trailing,0.5,0.648,0.36202598471952785,29.91461014730802,0.01495730507365401,0.8533521301407015,-0.015017197751352804
trailing,0.5,0.649,0.3605621451627623,29.90601701210476,0.014953008506052379,0.8531070000790298,-0.015022339634636735
trailing,0.5,0.65,0.3591042245906507,29.89742491833553,0.014948712459167766,0.8528618997255828,-0.015027462073015977
trailing,0.5,0.651,0.3576521990699836,29.88883387189921,0.014944416935949605,0.8526168292486328,-0.015032565140738863
trailing,0.5,0.652,0.35620604476432394,29.880243878667766,0.014940121939333884,0.8523717888156854,-0.015037648911765027
trailing,0.5,0.653,0.3547657379336169,29.871654944486416,0.014935827472243209,0.852126778593483,-0.015042713459766408
trailing,0.5,0.654,0.3533312549337994,29.863067075173685,0.014931533537586843,0.8518817987480061,-0.015047758858128299
trailing,0.5,0.655,0.3519025722164125,29.854480276521567,0.014927240138260784,0.8516368494444788,-0.015052785179950644
trailing,0.5,0.656,0.350479666328215,29.845894554295587,0.014922947277147793,0.85139193084737,-0.015057792498049082
trailing,0.5,0.657,0.3490625139107975,29.83730991423495,0.014918654957117475,0.8511470431203977,-0.015062780884956209
trailing,0.5,0.658,0.3476510917001998,29.828726362052603,0.014914363181026302,0.850902186426531,-0.015067750412922562
trailing,0.5,0.659,0.34624537652652865,29.820143903435394,0.014910071951717696,0.8506573609279945,-0.015072701153917983
trailing,0.5,0.66,0.3448453453135774,29.81156254404413,0.014905781272022064,0.8504125667862699,-0.015077633179632463
trailing,0.5,0.661,0.3434509750784476,29.802982289513707,0.014901491144756853,0.8501678041620996,-0.01508254656147749
trailing,0.5,0.662,0.3420622429311708,29.794403145453224,0.014897201572726611,0.8499230732154903,-0.01508744137058716
trailing,0.5,0.663,0.3406791260743338,29.78582511744607,0.014892912558723034,0.8496783741057153,-0.01509231767781907
trailing,0.5,0.664,0.33930160180270375,29.777248211050036,0.014888624105525019,0.8494337069913177,-0.01509717555375572
trailing,0.5,0.665,0.3379296475028555,29.76867243179742,0.01488433621589871,0.8491890720301132,-0.015102015068705373
trailing,0.5,0.666,0.33656324065280097,29.760097785195132,0.014880048892597567,0.8489444693791932,-0.015106836292703405
trailing,0.5,0.667,0.3352023588216185,29.75152427672479,0.014875762138362395,0.8486998991949282,-0.015111639295513105
trailing,0.5,0.668,0.3338469796690851,29.742951911842848,0.014871475955921424,0.8484553616329701,-0.015116424146627026
trailing,0.5,0.669,0.33249708094531005,29.73438069598065,0.014867190347990326,0.848210856848255,-0.01512119091526795
trailing,0.5,0.67,0.33115264049036885,29.725810634544594,0.014862905317272298,0.8479663849950073,-0.015125939670389985
trailing,0.5,0.671,0.3298136362339404,29.717241732916175,0.014858620866458089,0.8477219462267409,-0.015130670480679665
trailing,0.5,0.672,0.32848004619494375,29.708673996452134,0.014854336998226067,0.8474775406962637,-0.015135383414557018
trailing,0.5,0.673,0.3271518484811778,29.700107430484525,0.014850053715242263,0.8472331685556791,-0.015140078540176459
trailing,0.5,0.674,0.32582902128896185,29.69154204032084,0.014845771020160421,0.8469888299563902,-0.015144755925428353
trailing,0.5,0.675,0.3245115429027778,29.682977831244088,0.014841488915622045,0.8467445250491015,-0.015149415637939421
trailing,0.5,0.676,0.3231993916949132,29.67441480851291,0.014837207404256456,0.8465002539838223,-0.015154057745074289
trailing,0.5,0.677,0.3218925461251066,29.665852977361688,0.014832926488680844,0.8462560169098701,-0.015158682313936307
trailing,0.5,0.678,0.32059098474019393,29.657292343000602,0.014828646171500301,0.8460118139758718,-0.015163289411368644
trailing,0.5,0.679,0.31929468617375617,29.648732910615784,0.014824366455307892,0.8457676453297683,-0.015167879103955404
trailing,0.5,0.68,0.31800362914576885,29.64017468536937,0.014820087342684685,0.8455235111188163,-0.01517245145802248
trailing,0.5,0.681,0.3167177924622523,29.631617672399624,0.014815808836199812,0.8452794114895911,-0.015177006539638813
trailing,0.5,0.682,0.3154371550149241,29.623061876821026,0.014811530938410514,0.8450353465879897,-0.01518154441461735
trailing,0.5,0.683,0.31416169578085235,29.61450730372438,0.01480725365186219,0.8447913165592339,-0.015186065148515808
trailing,0.5,0.684,0.3128913938221107,29.60595395817689,0.014802976979088445,0.844547321547872,-0.01519056880663822
trailing,0.5,0.685,0.3116262282854348,29.59740184522228,0.01479870092261114,0.8443033616977825,-0.015195055454035357
trailing,0.5,0.686,0.3103661784018794,29.58885096988087,0.014794425484940435,0.8440594371521767,-0.015199525155506237
trailing,0.5,0.687,0.30911122348647796,29.58030133714967,0.014790150668574836,0.8438155480536004,-0.015203977975598928
trailing,0.5,0.6880000000000001,0.30786134293790285,29.57175295200251,0.014785876476001254,0.8435716945439383,-0.015208413978611363
trailing,0.5,0.6890000000000001,0.30661651623812697,29.56320581939009,0.014781602909695046,0.8433278767644157,-0.01521283322859255
trailing,0.5,0.6900000000000001,0.30537672295208773,29.554659944240107,0.014777329972120053,0.8430840948556011,-0.015217235789343834
trailing,0.5,0.6910000000000001,0.30414194272735057,29.54611533145732,0.014773057665728659,0.842840348957409,-0.015221621724419206
trailing,0.5,0.6920000000000001,0.3029121552937752,29.53757198592367,0.014768785992961836,0.8425966392091032,-0.015225991097126917
trailing,0.5,0.6930000000000001,0.30168734046318324,29.52902991249836,0.01476451495624918,0.8423529657492984,-0.01523034397053019
trailing,0.5,0.6940000000000001,0.30046747812902624,29.520489116017952,0.014760244558008976,0.8421093287159637,-0.015234680407448076
trailing,0.5,0.6950000000000001,0.29925254826605635,29.511949601296454,0.014755974800648228,0.8418657282464248,-0.015239000470456779
trailing,0.5,0.6960000000000001,0.2980425309299966,29.503411373125427,0.014751705686562713,0.8416221644773669,-0.015243304221890257
trailing,0.5,0.6970000000000001,0.2968374062572142,29.49487443627405,0.014747437218137024,0.8413786375448371,-0.01524759172384154
trailing,0.5,0.6980000000000001,0.2956371544643943,29.486338795489235,0.014743169397744617,0.841135147584247,-0.015251863038163246
trailing,0.5,0.6990000000000001,0.29444175584821514,29.47780445549571,0.014738902227747855,0.8408916947303754,-0.015256118226469037
trailing,0.5,0.7000000000000001,0.2932511907850249,29.46927142099612,0.014734635710498059,0.8406482791173711,-0.015260357350134144
trailing,0.5,0.7010000000000001,0.292065439730519,29.46073969667108,0.01473036984833554,0.8404049008787547,-0.01526458047029672
trailing,0.5,0.7020000000000001,0.29088448321941973,29.452209287179315,0.014726104643589658,0.8401615601474224,-0.015268787647858412
trailing,0.5,0.7030000000000001,0.2897083018651565,29.44368019715772,0.01472184009857886,0.8399182570556472,-0.015272978943485421
trailing,0.5,0.704,0.2885368763595478,29.43515243122145,0.014717576215610725,0.8396749917350823,-0.015277154417609575
trailing,0.5,0.705,0.2873701874724838,29.426625993964016,0.014713312996982008,0.8394317643167636,-0.015281314130429232
trailing,0.5,0.706,0.2862082160516112,29.41810088995738,0.01470905044497869,0.8391885749311119,-0.01528545814190996
trailing,0.5,0.707,0.2850509430220185,29.40957712375203,0.014704788561876014,0.8389454237079357,-0.01528958651178574
trailing,0.5,0.708,0.283898349385923,29.40105469987706,0.014700527349938531,0.8387023107764332,-0.01529369929955979
trailing,0.5,0.709,0.28275041622235864,29.392533622840293,0.014696266811420148,0.8384592362651956,-0.015297796564505578
trailing,0.5,0.71,0.281607124686866,29.384013897128323,0.014692006948564162,0.8382162003022089,-0.015301878365667392
trailing,0.5,0.711,0.2804684560111824,29.375495527206635,0.014687747763603317,0.8379732030148564,-0.015305944761861805
trailing,0.5,0.712,0.27933439150293393,29.366978517519673,0.014683489258759837,0.837730244529922,-0.015309995811678138
trailing,0.5,0.713,0.2782049125453287,29.358462872490943,0.014679231436245471,0.8374873249735912,-0.015314031573479337
trailing,0.5,0.714,0.27708000059685106,29.34994859652308,0.01467497429826154,0.8372444444714553,-0.015318052105403336
trailing,0.5,0.715,0.2759596371909576,29.341435693997933,0.014670717846998967,0.8370016031485117,-0.015322057465363465
trailing,0.5,0.716,0.2748438039357736,29.332924169276687,0.014666462084638343,0.8367588011291688,-0.015326047711049591
trailing,0.5,0.717,0.2737324825137912,29.324414026699877,0.01466220701334994,0.836516038537246,-0.015330022899928963
trailing,0.5,0.718,0.27262565468156874,29.315905270587553,0.014657952635293776,0.836273315495978,-0.015333983089246996
trailing,0.5,0.719,0.2715233022694312,29.307397905239302,0.014653698952619651,0.8360306321280161,-0.015337928336028334
trailing,0.5,0.72,0.2704254071811725,29.29889193493436,0.01464944596746718,0.835787988555431,-0.01534185869707747
trailing,0.5,0.721,0.26933195139375743,29.2903873639317,0.014645193681965851,0.8355453848997151,-0.015345774228979966
trailing,0.5,0.722,0.26824291695702634,29.281884196470084,0.014640942098235042,0.8353028212817846,-0.015349674988102973
trailing,0.5,0.723,0.2671582859934007,29.273382436768188,0.014636691218384094,0.8350602978219823,-0.015353561030596399
trailing,0.5,0.724,0.266078040697589,29.26488208902464,0.014632441044512319,0.8348178146400798,-0.015357432412393481
trailing,0.5,0.725,0.26500216333629534,29.256383157418146,0.014628191578709072,0.8345753718552797,-0.015361289189211856
trailing,0.5,0.726,0.26393063624792723,29.247885646107534,0.014623942823053767,0.8343329695862179,-0.015365131416554283
trailing,0.5,0.727,0.26286344184230653,29.239389559231856,0.014619694779615928,0.8340906079509662,-0.015368959149709755
trailing,0.5,0.728,0.2618005626003801,29.23089490091047,0.014615447450455236,0.8338482870670344,-0.015372772443753882
trailing,0.5,0.729,0.26074198107393304,29.222401675243106,0.014611200837621553,0.8336060070513724,-0.015376571353550157
trailing,0.5,0.73,0.25968767988530117,29.21390988630995,0.014606954943154974,0.8333637680203728,-0.015380355933750527
trailing,0.5,0.731,0.2586376417270864,29.205419538171743,0.014602709769085872,0.8331215700898734,-0.015384126238796612
trailing,0.5,0.732,0.25759184936187274,29.196930634869837,0.014598465317434918,0.8328794133751588,-0.015387882322919887
trailing,0.5,0.733,0.25655028562194265,29.188443180426287,0.014594221590213143,0.8326372979909633,-0.015391624240143245
trailing,0.5,0.734,0.2555129334089963,29.179957178843917,0.014589978589421959,0.8323952240514725,-0.015395352044281219
trailing,0.5,0.735,0.2544797756938697,29.171472634106415,0.014585736317053209,0.832153191670326,-0.015399065788941213
trailing,0.5,0.736,0.2534507955162559,29.162989550178413,0.014581494775089207,0.83191120096062,-0.015402765527524166
trailing,0.5,0.737,0.2524259759844264,29.15450793100554,0.01457725396550277,0.8316692520349087,-0.015406451313225182
trailing,0.5,0.738,0.25140530027495356,29.14602778051452,0.01457301389025726,0.8314273450052068,-0.015410123199034896
trailing,0.5,0.739,0.25038875163243524,29.13754910261325,0.014568774551306625,0.831185479982992,-0.015413781237739507
trailing,0.5,0.74,0.2493763133692187,29.129071901190866,0.014564535950595434,0.8309436570792069,-0.015417425481922294
trailing,0.5,0.741,0.2483679688651273,29.12059618011783,0.014560298090058914,0.8307018764042612,-0.01542105598396409
trailing,0.5,0.742,0.2473637015671875,29.112121943246013,0.014556060971623007,0.8304601380680344,-0.015424672796043863
trailing,0.5,0.743,0.246363494989357,29.103649194408728,0.014551824597204364,0.8302184421798767,-0.015428275970140133
trailing,0.5,0.744,0.24536733271225464,29.09517793742088,0.01454758896871044,0.829976788848613,-0.015431865558031051
trailing,0.5,0.745,0.24437519838289012,29.086708176078957,0.01454335408803948,0.8297351781825432,-0.015435441611295921
trailing,0.5,0.746,0.2433870757143959,29.07823991416119,0.014539119957080597,0.8294936102894458,-0.015439004181315127
trailing,0.5,0.747,0.24240294848576,29.06977315542755,0.014534886577713776,0.8292520852765789,-0.015442553319271857
trailing,0.5,0.748,0.24142280054155923,29.06130790361988,0.014530653951809941,0.8290106032506831,-0.015446089076152027
trailing,0.5,0.749,0.24044661579169485,29.05284416246194,0.01452642208123097,0.8287691643179836,-0.015449611502745762
trailing,0.5,0.75,0.23947437821112735,29.044381935659484,0.014522190967829742,0.8285277685841916,-0.015453120649647564
trailing,0.5,0.751,0.2385060718396141,29.035921226900346,0.014517960613450172,0.8282864161545074,-0.015456616567257643
trailing,0.5,0.752,0.2375416807814472,29.027462039854502,0.014513731019927251,0.8280451071336214,-0.015460099305782245
trailing,0.5,0.753,0.23658118920519228,29.01900437817415,0.014509502189087075,0.8278038416257175,-0.015463568915234571
trailing,0.5,0.754,0.23562458134342928,29.010548245493773,0.014505274122746888,0.8275626197344739,-0.015467025445435559
trailing,0.5,0.755,0.2346718414924928,29.00209364543022,0.014501046822715111,0.8273214415630656,-0.015470468946014858
trailing,0.5,0.756,0.23372295401221463,28.993640581582785,0.014496820290791393,0.827080307214167,-0.01547389946641106
trailing,0.5,0.757,0.2327779033256673,28.985189057533255,0.014492594528766627,0.8268392167899533,-0.015477317055872871
trailing,0.5,0.758,0.23183667391890778,28.976739076846002,0.014488369538423002,0.8265981703921027,-0.015480721763459687
trailing,0.5,0.759,0.23089925034072356,28.96829064306806,0.014484145321534029,0.8263571681217987,-0.015484113638042533
trailing,0.5,0.76,0.22996561720237818,28.959843759729168,0.014479921879864584,0.8261162100797317,-0.015487492728304473
trailing,0.5,0.761,0.22903575917735924,28.951398430341865,0.014475699215170933,0.8258752963661012,-0.015490859082741752
trailing,0.5,0.762,0.22810966100112645,28.942954658401554,0.014471477329200778,0.8256344270806182,-0.01549421274966412
trailing,0.5,0.763,0.22718730747086108,28.93451244738658,0.01446725622369329,0.8253936023225067,-0.015497553777195755
trailing,0.5,0.764,0.22626868344521678,28.92607180075827,0.014463035900379135,0.8251528221905055,-0.0155008822132762
trailing,0.5,0.765,0.22535377384407035,28.917632721961038,0.014458816360980519,0.8249120867828709,-0.015504198105660782
trailing,0.5,0.766,0.22444256364827486,28.90919521442244,0.01445459760721122,0.8246713961973782,-0.01550750150192135
trailing,0.5,0.767,0.22353503789941254,28.90075928155324,0.01445037964077662,0.8244307505313238,-0.015510792449447346
trailing,0.5,0.768,0.22263118169954949,28.892324926747484,0.014446162463373742,0.8241901498815272,-0.015514070995445889
trailing,0.5,0.769,0.2217309802109913,28.88389215338256,0.01444194607669128,0.8239495943443327,-0.0155173371869433
trailing,0.5,0.77,0.2208344186560391,28.87546096481929,0.014437730482409645,0.8237090840156118,-0.015520591070785033
trailing,0.5,0.771,0.21994148231674712,28.86703136440195,0.014433515682200975,0.8234686189907644,-0.015523832693636958
trailing,0.5,0.772,0.21905215653468116,28.8586033554584,0.0144293016777292,0.8232281993647219,-0.015527062101985685
trailing,0.5,0.773,0.2181664267106777,28.850176941300102,0.014425088470650051,0.8229878252319479,-0.015530279342139547
trailing,0.5,0.774,0.2172842783046049,28.841752125222207,0.014420876062611105,0.8227474966864408,-0.015533484460229278
trailing,0.5,0.775,0.21640569683512298,28.833328910503628,0.014416664455251815,0.8225072138217356,-0.015536677502208246
trailing,0.5,0.776,0.21553066787944708,28.824907300407077,0.014412453650203539,0.8222669767309055,-0.01553985851385393
trailing,0.5,0.777,0.21465917707311039,28.816487298179183,0.014408243649089592,0.8220267855065647,-0.01554302754076785
trailing,0.5,0.778,0.21379121010972846,28.808068907050497,0.014404034453525248,0.8217866402408686,-0.015546184628377003
trailing,0.5,0.779,0.21292675274076406,28.799652130235614,0.014399826065117808,0.8215465410255175,-0.015549329821933787
trailing,0.5,0.78,0.21206579077529344,28.791236970933195,0.014395618485466598,0.8213064879517575,-0.015552463166517134
trailing,0.5,0.781,0.21120831007977336,28.782823432326058,0.01439141171616303,0.8210664811103825,-0.015555584707033148
trailing,0.5,0.782,0.21035429657780905,28.774411517581232,0.014387205758790616,0.8208265205917359,-0.01555869448821597
trailing,0.5,0.783,0.20950373624992333,28.76600122985002,0.01438300061492501,0.8205866064857126,-0.015561792554627777
trailing,0.5,0.784,0.20865661513332612,28.757592572268077,0.01437879628613404,0.8203467388817612,-0.015564878950660202
trailing,0.5,0.785,0.20781291932168544,28.749185547955467,0.014374592773977733,0.8201069178688855,-0.01556795372053457
trailing,0.5,0.786,0.20697263496489904,28.740780160016712,0.014370390080008356,0.8198671435356458,-0.015571016908302928
trailing,0.5,0.787,0.2061357482688671,28.73237641154088,0.01436618820577044,0.8196274159701618,-0.015574068557848177
trailing,0.5,0.788,0.2053022454952659,28.723974305601633,0.014361987152800817,0.8193877352601135,-0.01557710871288516
trailing,0.5,0.789,0.204472112961322,28.715573845257296,0.014357786922628648,0.8191481014927435,-0.015580137416961282
trailing,0.5,0.79,0.20364533703958784,28.707175033550914,0.014353587516775457,0.8189085147548587,-0.015583154713456952
trailing,0.5,0.791,0.2028219041577179,28.698777873510327,0.014349388936755164,0.8186689751328318,-0.015586160645586461
trailing,0.5,0.792,0.202001800798246,28.690382368148214,0.014345191184074107,0.8184294827126034,-0.01558915525639837
trailing,0.5,0.793,0.2011850134983636,28.68198852046218,0.014340994260231091,0.8181900375796841,-0.015592138588776585
trailing,0.5,0.794,0.2003715288496982,28.67359633343478,0.014336798166717391,0.8179506398191548,-0.015595110685440693
trailing,0.5,0.795,0.19956133349809377,28.66520581003363,0.014332602905016815,0.8177112895156707,-0.01559807158894635
trailing,0.5,0.796,0.19875441414339134,28.656816953211422,0.01432840847660571,0.817471986753461,-0.015601021341686606
trailing,0.5,0.797,0.1979507575392106,28.648429765906023,0.014324214882953011,0.8172327316163321,-0.01560395998589199
trailing,0.5,0.798,0.19715035049273275,28.640044251040504,0.014320022125520252,0.8169935241876684,-0.015606887563631303
trailing,0.5,0.799,0.1963531798644834,28.63166041152322,0.01431583020576161,0.8167543645504343,-0.015609804116812235
trailing,0.5,0.8,0.19555923256811736,28.623278250247868,0.014311639125123935,0.816515252787176,-0.015612709687182261
trailing,0.5,0.801,0.1947684955702035,28.61489777009353,0.014307448885046765,0.8162761889800233,-0.015615604316328724
trailing,0.5,0.802,0.193980955890011,28.60651897392478,0.01430325948696239,0.8160371732106915,-0.01561848804568001
trailing,0.5,0.803,0.1931966005992962,28.598141864591675,0.014299070932295838,0.8157982055604823,-0.015621360916505844
trailing,0.5,0.804,0.19241541682209035,28.589766444929868,0.014294883222464935,0.8155592861102862,-0.015624222969917813
trailing,0.5,0.805,0.19163739173448807,28.581392717760654,0.014290696358880327,0.8153204149405843,-0.01562707424687046
trailing,0.5,0.806,0.1908625125644372,28.573020685891013,0.014286510342945508,0.815081592131449,-0.015629914788161507
trailing,0.5,0.807,0.19009076659152874,28.56465035211369,0.014282325176056846,0.8148428177625473,-0.015632744634432403
trailing,0.5,0.808,0.18932214114678853,28.55628171920723,0.014278140859603616,0.8146040919131403,-0.01563556382616945
trailing,0.5,0.809,0.18855662361246867,28.54791478993607,0.014273957394968034,0.8143654146620873,-0.015638372403703693
trailing,0.5,0.81,0.18779420142184078,28.53954956705056,0.01426977478352528,0.8141267860878455,-0.01564117040721194
trailing,0.5,0.811,0.18703486205898961,28.531186053287048,0.014265593026643524,0.8138882062684727,-0.01564395787671757
trailing,0.5,0.812,0.1862785930586076,28.522824251367922,0.01426141212568396,0.8136496752816283,-0.015646734852090703
trailing,0.5,0.8130000000000001,0.1855253820057903,28.514464164001676,0.014257232082000838,0.8134111932045758,-0.015649501373048838
trailing,0.5,0.8140000000000001,0.18477521653583234,28.50610579388296,0.01425305289694148,0.8131727601141832,-0.015652257479157838
trailing,0.5,0.8150000000000001,0.18402808433402473,28.497749143692637,0.014248874571846318,0.8129343760869258,-0.01565500320983212
trailing,0.5,0.8160000000000001,0.18328397313545255,28.489394216097857,0.014244697108048928,0.8126960411988872,-0.015657738604335385
trailing,0.5,0.8170000000000001,0.1825428707247935,28.481041013752083,0.014240520506876042,0.8124577555257608,-0.015660463701781303
trailing,0.5,0.8180000000000001,0.18180476493611786,28.47268953929518,0.014236344769647592,0.8122195191428523,-0.015663178541133808
trailing,0.5,0.8190000000000001,0.18106964365268807,28.464339795353446,0.014232169897676724,0.81198133212508,-0.015665883161208122
trailing,0.5,0.8200000000000001,0.18033749480676037,28.455991784539663,0.014227995892269831,0.8117431945469769,-0.015668577600671
trailing,0.5,0.8210000000000001,0.17960830637938643,28.447645509453192,0.014223822754726596,0.8115051064826929,-0.015671261898041258
trailing,0.5,0.8220000000000001,0.1788820664002161,28.43930097267998,0.014219650486339991,0.8112670680059957,-0.01567393609169082
trailing,0.5,0.8230000000000001,0.17815876294730107,28.430958176792654,0.014215479088396326,0.8110290791902725,-0.015676600219844544
trailing,0.5,0.8240000000000001,0.1774383841468989,28.422617124350545,0.014211308562175272,0.8107911401085315,-0.015679254320581665
trailing,0.5,0.8250000000000001,0.17672091817327817,28.41427781789976,0.01420713890894988,0.8105532508334037,-0.015681898431835425
trailing,0.5,0.8260000000000001,0.17600635324852448,28.40594025997324,0.01420297012998662,0.8103154114371445,-0.01568453259139457
trailing,0.5,0.8270000000000001,0.17529467764234707,28.397604453090796,0.014198802226545399,0.8100776219916345,-0.015687156836903225
trailing,0.5,0.8280000000000001,0.1745858796718861,28.389270399759177,0.01419463519987959,0.809839882568382,-0.015689771205861836
trailing,0.5,0.8290000000000001,0.17387994770152104,28.380938102472133,0.014190469051236066,0.8096021932385244,-0.015692375735627314
trailing,0.5,0.8300000000000001,0.17317687014267952,28.37260756371043,0.014186303781855217,0.8093645540728288,-0.01569497046341436
trailing,0.5,0.8310000000000001,0.1724766354536471,28.364278785941952,0.014182139392970977,0.8091269651416944,-0.015697555426295112
trailing,0.5,0.8320000000000001,0.17177923213937818,28.35595177162173,0.014177975885810865,0.8088894265151543,-0.015700130661200323
trailing,0.5,0.833,0.1710846487513067,28.347626523191973,0.014173813261595987,0.8086519382628756,-0.015702696204919556
trailing,0.5,0.834,0.1703928738871584,28.33930304308217,0.014169651521541086,0.8084145004541625,-0.015705252094102163
trailing,0.5,0.835,0.169703896190764,28.3309813337091,0.01416549066685455,0.8081771131579567,-0.01570779836525739
trailing,0.5,0.836,0.16901770435187224,28.322661397476917,0.01416133069873846,0.8079397764428397,-0.015710335054754943
trailing,0.5,0.837,0.1683342871059647,28.314343236777155,0.014157171618388578,0.807702490377033,-0.01571286219882594
trailing,0.5,0.838,0.16765363323407056,28.30602685398885,0.014153013426994425,0.8074652550284017,-0.015715379833562994
trailing,0.5,0.839,0.1669757315625825,28.297712251478515,0.014148856125739257,0.8072280704644536,-0.01571788799492105
trailing,0.5,0.84,0.1663005709630732,28.289399431600252,0.014144699715800126,0.8069909367523423,-0.015720386718717828
trailing,0.5,0.841,0.16562814035211287,28.28108839669577,0.014140544198347885,0.8067538539588681,-0.015722876040634205
trailing,0.5,0.842,0.1649584286910873,28.272779149094426,0.014136389574547213,0.806516822150479,-0.015725355996215155
trailing,0.5,0.843,0.16429142498601634,28.26447169111334,0.01413223584555667,0.8062798413932736,-0.015727826620869693
trailing,0.5,0.844,0.1636271182873736,28.25616602505736,0.01412808301252868,0.8060429117530007,-0.015730287949871753
trailing,0.5,0.845,0.16296549768990687,28.24786215321917,0.014123931076609586,0.8058060332950618,-0.01573274001836109
trailing,0.5,0.846,0.16230655233245883,28.239560077879315,0.014119780038939657,0.8055692060845125,-0.015735182861342848
trailing,0.5,0.847,0.16165027139778904,28.23125980130627,0.014115629900653135,0.8053324301860642,-0.015737616513688824
trailing,0.5,0.848,0.160996644112396,28.222961325756458,0.014111480662878229,0.8050957056640837,-0.015740041010137987
trailing,0.5,0.849,0.16034565974634057,28.21466465347434,0.01410733232673717,0.8048590325825974,-0.015742456385296432
trailing,0.5,0.85,0.1596973076130698,28.20636978669244,0.014103184893346221,0.8046224110052909,-0.015744862673638553
trailing,0.5,0.851,0.1590515770692413,28.19807672763139,0.014099038363815694,0.8043858409955102,-0.01574725990950719
trailing,0.5,0.852,0.1584084575145489,28.18978547849999,0.014094892739249994,0.8041493226162646,-0.01574964812711403
trailing,0.5,0.853,0.15776793839154826,28.18149604149525,0.014090748020747626,0.8039128559302263,-0.015752027360540568
trailing,0.5,0.854,0.1571300091854836,28.17320841880246,0.01408660420940123,0.8036764409997335,-0.01575439764373817
trailing,0.5,0.855,0.15649465942411542,28.1649226125952,0.0140824613062976,0.8034400778867903,-0.015756759010528615
trailing,0.5,0.856,0.15586187867754808,28.156638625035413,0.014078319312517707,0.803203766653069,-0.01575911149460511
trailing,0.5,0.857,0.1552316565580592,28.14835645827346,0.014074178229136732,0.8029675073599113,-0.015761455129531997
trailing,0.5,0.858,0.1546039827199286,28.14007611444815,0.014070038057224074,0.8027313000683293,-0.01576378994874585
trailing,0.5,0.859,0.1539788468592686,28.131797595686784,0.014065898797843392,0.8024951448390071,-0.015766115985555943
trailing,0.5,0.86,0.15335623871385504,28.12352090410522,0.01406176045205261,0.8022590417323022,-0.015768433273144304
trailing,0.5,0.861,0.15273614806295865,28.11524604180792,0.01405762302090396,0.8020229908082471,-0.01577074184456666
trailing,0.5,0.862,0.15211856472717744,28.106973010887984,0.014053486505443993,0.8017869921265499,-0.015773041732752558
trailing,0.5,0.863,0.1515034785682694,28.098701813427194,0.014049350906713597,0.8015510457465964,-0.015775332970506373
trailing,0.5,0.864,0.1508908794889861,28.09043245149608,0.014045216225748041,0.8013151517274508,-0.01577761559050714
trailing,0.5,0.865,0.15028075743290706,28.082164927153944,0.014041082463576972,0.8010793101278575,-0.015779889625309594
trailing,0.5,0.866,0.1496731023842745,28.07389924244893,0.014036949621224466,0.8008435210062423,-0.015782155107344365
trailing,0.5,0.867,0.14906790436782918,28.065635399418046,0.014032817699709023,0.8006077844207135,-0.015784412068918514
trailing,0.5,0.868,0.14846515344864636,28.057373400087236,0.014028686700043619,0.8003721004290636,-0.01578666054221592
trailing,0.5,0.869,0.14786483973197276,28.04911324647139,0.014024556623235694,0.8001364690887699,-0.01578890055929798
trailing,0.5,0.87,0.14726695336306433,28.040854940574423,0.014020427470287212,0.7999008904569967,-0.015791132152104044
trailing,0.5,0.871,0.1466714845270242,28.032598484389315,0.014016299242194658,0.7996653645905963,-0.015793355352451605
trailing,0.5,0.872,0.1460784234486419,28.024343879898122,0.014012171939949062,0.7994298915461093,-0.015795570192037044
trailing,0.5,0.873,0.14548776039223246,28.016091129072088,0.014008045564536045,0.799194471379768,-0.01579777670243601
trailing,0.5,0.874,0.14489948566147698,28.007840233871608,0.014003920116935804,0.7989591041474949,-0.01579997491510398
trailing,0.5,0.875,0.14431358959926316,27.99959119624634,0.01399979559812317,0.7987237899049068,-0.015802164861376627
trailing,0.5,0.876,0.14373006258752694,27.991344018135212,0.013995672009067607,0.7984885287073139,-0.01580434657247028
trailing,0.5,0.877,0.1431488950470947,27.98309870146649,0.013991549350733245,0.7982533206097224,-0.015806520079482255
trailing,0.5,0.878,0.14257007743752573,27.974855248157787,0.013987427624078895,0.7980181656668348,-0.0158086854133918
trailing,0.5,0.879,0.14199360025695576,27.966613660116153,0.013983306830058077,0.7977830639330519,-0.01581084260505983
trailing,0.5,0.88,0.141419454041941,27.958373939238076,0.013979186969619039,0.7975480154624736,-0.01581299168523014
trailing,0.5,0.881,0.1408476293673029,27.950136087409565,0.013975068043704783,0.7973130203089006,-0.0158151326845293
trailing,0.5,0.882,0.14027811684597316,27.94190010650615,0.013970950053253075,0.7970780785258348,-0.015817265633467307
trailing,0.5,0.883,0.1397109071288397,27.933665998392968,0.013966832999196484,0.7968431901664815,-0.015819390562438022
trailing,0.5,0.884,0.13914599090459348,27.925433764924765,0.013962716882462383,0.7966083552837498,-0.01582150750171975
trailing,0.5,0.885,0.1385833588995751,27.917203407945983,0.013958601703972992,0.7963735739302549,-0.015823616481475365
trailing,0.5,0.886,0.1380230018776232,27.90897492929076,0.013954487464645381,0.7961388461583175,-0.01582571753175319
trailing,0.5,0.887,0.13746491063992236,27.900748330783,0.0139503741653915,0.795904172019967,-0.015827810682487068
trailing,0.5,0.888,0.13690907602485225,27.892523614236403,0.013946261807118202,0.7956695515669415,-0.01582989596349693
trailing,0.5,0.889,0.13635548890783727,27.884300781454517,0.013942150390727258,0.7954349848506895,-0.01583197340448915
trailing,0.5,0.89,0.13580414020119663,27.87607983423077,0.013938039917115385,0.7952004719223708,-0.015834043035057425
trailing,0.5,0.891,0.13525502085399546,27.86786077434852,0.01393393038717426,0.794966012832858,-0.01583610488468238
trailing,0.5,0.892,0.1347081218518959,27.859643603581087,0.013929821801790544,0.794731607632737,-0.015838158982733046
trailing,0.5,0.893,0.13416343421700924,27.851428323691795,0.013925714161845898,0.7944972563723091,-0.01584020535846627
trailing,0.5,0.894,0.13362094900774857,27.843214936434027,0.013921607468217015,0.7942629591015917,-0.01584224404102784
trailing,0.5,0.895,0.13308065731868196,27.83500344355126,0.01391750172177563,0.7940287158703199,-0.015844275059452587
trailing,0.5,0.896,0.13254255028038645,27.826793846777086,0.013913396923388544,0.7937945267279464,-0.015846298442665076
trailing,0.5,0.897,0.13200661905930205,27.818586147835287,0.013909293073917644,0.7935603917236441,-0.015848314219479596
trailing,0.5,0.898,0.13147285485758714,27.810380348439857,0.013905190174219928,0.7933263109063072,-0.015850322418601202
trailing,0.5,0.899,0.1309412489129737,27.802176450295025,0.013901088225147512,0.7930922843245508,-0.01585232306862546
trailing,0.5,0.9,0.13041179249862372,27.79397445509534,0.013896987227547671,0.7928583120267142,-0.01585431619803944
trailing,0.5,0.901,0.12988447692298605,27.785774364525665,0.013892887182262833,0.7926243940608599,-0.015856301835221805
trailing,0.5,0.902,0.1293592935296532,27.77757618026125,0.013888788090130624,0.7923905304747769,-0.015858280008443307
trailing,0.5,0.903,0.12883623369721975,27.76937990396774,0.013884689951983869,0.7921567213159797,-0.01586025074586738
trailing,0.5,0.904,0.12831528883914062,27.76118553730126,0.01388059276865063,0.7919229666317114,-0.01586221407555003
trailing,0.5,0.905,0.12779645040359,27.752993081908407,0.013876496540954204,0.7916892664689431,-0.015864170025441035
trailing,0.5,0.906,0.12727970987332135,27.74480253942632,0.013872401269713161,0.7914556208743765,-0.015866118623383618
trailing,0.5,0.907,0.1267650587655271,27.7366139114827,0.01386830695574135,0.7912220298944437,-0.015868059897115417
trailing,0.5,0.908,0.1262524886316997,27.72842719969587,0.013864213599847935,0.7909884935753094,-0.015869993874268414
trailing,0.5,0.909,0.12574199105749284,27.720242405674792,0.013860121202837396,0.7907550119628713,-0.01587192058236972
trailing,0.5,0.91,0.12523355766258326,27.71205953101912,0.013856029765509559,0.7905215851027616,-0.01587384004884189
trailing,0.5,0.911,0.12472718010053341,27.703878577319234,0.013851939288659618,0.7902882130403479,-0.015875752301003045
trailing,0.5,0.912,0.12422285005865416,27.69569954615628,0.01384784977307814,0.7900548958207344,-0.015877657366067676
trailing,0.5,0.913,0.12372055925786843,27.687522439102203,0.013843761219551103,0.7898216334887627,-0.01587955527114689
trailing,0.5,0.914,0.12322029945257537,27.67934725771979,0.013839673628859895,0.7895884260890134,-0.015881446043248634
trailing,0.5,0.915,0.12272206243051482,27.671174003562705,0.013835587001781353,0.7893552736658066,-0.015883329709278474
trailing,0.5,0.916,0.12222584001263283,27.66300267817553,0.013831501339087766,0.7891221762632036,-0.015885206296039497
trailing,0.5,0.917,0.12173162405294695,27.654833283093804,0.013827416641546903,0.7888891339250076,-0.015887075830233088
trailing,0.5,0.918,0.12123940643841283,27.646665819844053,0.013823332909922027,0.7886561466947645,-0.015888938338459307
trailing,0.5,0.919,0.12074917908879089,27.63850028994382,0.013819250144971911,0.7884232146157644,-0.01589079384721708
trailing,0.5,0.92,0.12026093395651374,27.630336694901743,0.013815168347450871,0.7881903377310429,-0.01589264238290461
trailing,0.5,0.921,0.11977466302655412,27.622175036217545,0.013811087518108773,0.7879575160833816,-0.0158944839718199
trailing,0.5,0.922,0.11929035831629314,27.614015315382076,0.013807007657691038,0.7877247497153088,-0.015896318640161156
trailing,0.5,0.923,0.11880801187538945,27.605857533877384,0.013802928766938692,0.7874920386691019,-0.015898146414026985
trailing,0.5,0.924,0.11832761578564847,27.59770169317671,0.013798850846588355,0.787259382986787,-0.015899967319416983
trailing,0.5,0.925,0.11784916216089285,27.58954779474456,0.01379477389737228,0.7870267827101408,-0.015901781382231885
trailing,0.5,0.926,0.11737264314683248,27.58139584003673,0.013790697920018366,0.7867942378806919,-0.015903588628274196
trailing,0.5,0.927,0.11689805092093583,27.573245830500316,0.013786622915250159,0.7865617485397204,-0.015905389083248397
trailing,0.5,0.928,0.11642537769230163,27.565097767573782,0.013782548883786891,0.7863293147282604,-0.015907182772761336
trailing,0.5,0.929,0.1159546157015307,27.556951652686983,0.013778475826343492,0.7860969364871003,-0.015908969722322877
trailing,0.5,0.93,0.11548575722059888,27.548807487261207,0.013774403743630604,0.7858646138567842,-0.015910749957345777
trailing,0.5,0.931,0.11501879455272987,27.5406652727092,0.0137703326363546,0.7856323468776124,-0.015912523503146304
trailing,0.5,0.932,0.1145537200322691,27.53252501043522,0.01376626250521761,0.7854001355896431,-0.01591429038494491
trailing,0.5,0.933,0.11409052602455777,27.524386701835038,0.01376219335091752,0.7851679800326926,-0.01591605062786609
trailing,0.5,0.934,0.11362920492580753,27.51625034829602,0.01375812517414801,0.784935880246337,-0.01591780425693892
trailing,0.5,0.935,0.1131697491629758,27.508115951197112,0.013754057975598557,0.7847038362699128,-0.015919551297097746
trailing,0.5,0.936,0.11271215119364125,27.499983511908916,0.013749991755954458,0.7844718481425179,-0.015921291773182144
trailing,0.5,0.937,0.11225640350588009,27.4918530317937,0.01374592651589685,0.7842399159030128,-0.015923025709937297
trailing,0.5,0.9380000000000001,0.11180249861814268,27.48372451220545,0.013741862256102725,0.7840080395900216,-0.015924753132014705
trailing,0.5,0.9390000000000001,0.11135042907913079,27.475597954489885,0.013737798977244942,0.783776219241933,-0.015926474063972164
trailing,0.5,0.9400000000000001,0.11090018746767541,27.467473359984503,0.013733736679992252,0.7835444548969003,-0.015928188530274424
trailing,0.5,0.9410000000000001,0.11045176639261454,27.459350730018613,0.013729675365009308,0.7833127465928441,-0.015929896555293376
trailing,0.5,0.9420000000000001,0.11000515849267223,27.451230065913375,0.013725615032956688,0.783081094367452,-0.0159315981633083
trailing,0.5,0.9430000000000001,0.10956035643633755,27.44311136898183,0.013721555684490915,0.7828494982581801,-0.01593329337850651
trailing,0.5,0.9440000000000001,0.10911735292174424,27.43499464052891,0.013717497320264454,0.7826179583022533,-0.01593498222498354
trailing,0.5,0.9450000000000001,0.108676140676551,27.42687988185152,0.01371343994092576,0.7823864745366675,-0.015936664726743453
trailing,0.5,0.9460000000000001,0.1082367124578219,27.41876709423853,0.013709383547119265,0.7821550469981895,-0.015938340907699432
trailing,0.5,0.9470000000000001,0.10779906105190759,27.410656278970823,0.013705328139485412,0.7819236757233577,-0.015940010791673762
trailing,0.5,0.9480000000000001,0.10736317927432684,27.402547437321342,0.01370127371866067,0.7816923607484849,-0.015941674402398343
trailing,0.5,0.9490000000000001,0.10692905996964863,27.394440570555087,0.013697220285277544,0.7814611021096564,-0.015943331763515374
trailing,0.5,0.9500000000000001,0.10649669601137479,27.386335679929186,0.013693167839964594,0.7812298998427336,-0.015944982898576997
trailing,0.5,0.9510000000000001,0.10606608030182271,27.378232766692904,0.013689116383346451,0.7809987539833533,-0.01594662783104635
trailing,0.5,0.9520000000000001,0.10563720577200918,27.370131832087676,0.013685065916043838,0.7807676645669289,-0.015948266584297464
trailing,0.5,0.9530000000000001,0.10521006538153403,27.362032877347175,0.013681016438673588,0.7805366316286528,-0.015949899181615632
trailing,0.5,0.9540000000000001,0.10478465211846477,27.35393590369729,0.013676967951848645,0.7803056552034947,-0.015951525646197996
trailing,0.5,0.9550000000000001,0.10436095899922154,27.345840912356188,0.013672920456178093,0.7800747353262045,-0.01595314600115376
trailing,0.5,0.9560000000000001,0.10393897906846214,27.33774790453435,0.013668873952267175,0.7798438720313128,-0.01595476026950439
trailing,0.5,0.9570000000000001,0.1035187053989682,27.329656881434577,0.01366482844071729,0.7796130653531308,-0.01595636847418428
trailing,0.5,0.9580000000000001,0.10310013109153121,27.32156784425207,0.013660783922126035,0.7793823153257532,-0.01595797063804057
trailing,0.5,0.9590000000000001,0.10268324927483943,27.313480794174406,0.013656740397087204,0.7791516219830573,-0.015959566783833902
trailing,0.5,0.96,0.10226805310536512,27.305395732381605,0.013652697866190803,0.7789209853587045,-0.01596115693423888
trailing,0.5,0.961,0.10185453576725191,27.297312660046156,0.013648656330023079,0.7786904054861414,-0.01596274111184384
trailing,0.5,0.962,0.10144269047220325,27.289231578333034,0.013644615789166517,0.7784598823986008,-0.01596431933915166
trailing,0.5,0.963,0.10103251045937083,27.281152488399744,0.013640576244199872,0.7782294161291017,-0.015965891638579855
trailing,0.5,0.964,0.10062398899524345,27.273075391396358,0.013636537695698179,0.7779990067104513,-0.01596745803246102
trailing,0.5,0.965,0.10021711937353692,27.265000288465522,0.013632500144232762,0.7777686541752452,-0.01596901854304313
trailing,0.5,0.966,0.09981189491508338,27.256927180742515,0.013628463590371257,0.7775383585558686,-0.015970573192489724
trailing,0.5,0.967,0.09940830896772213,27.248856069355256,0.013624428034677628,0.7773081198844969,-0.015972122002880663
trailing,0.5,0.968,0.09900635490619017,27.240786955424355,0.013620393477712177,0.7770779381930968,-0.015973664996211622
trailing,0.5,0.969,0.09860602613201352,27.23271984006313,0.013616359920031565,0.7768478135134271,-0.01597520219439533
trailing,0.5,0.97,0.09820731607339901,27.224654724377636,0.013612327362188818,0.7766177458770395,-0.01597673361926153
trailing,0.5,0.971,0.09781021818512618,27.2165916094667,0.01360829580473335,0.7763877353152794,-0.015978259292556907
trailing,0.5,0.972,0.09741472594843997,27.208530496421968,0.013604265248210984,0.7761577818592874,-0.015979779235945995
trailing,0.5,0.973,0.09702083287094368,27.200471386327887,0.013600235693163943,0.7759278855399987,-0.01598129347101127
trailing,0.5,0.974,0.09662853248649236,27.192414280261797,0.013596207140130899,0.7756980463881458,-0.01598280201925334
trailing,0.5,0.975,0.09623781835508681,27.184359179293907,0.013592179589646954,0.7754682644342578,-0.015984304902091354
trailing,0.5,0.976,0.09584868406276761,27.176306084487358,0.01358815304224368,0.7752385397086621,-0.01598580214086349
trailing,0.5,0.977,0.09546112322151004,27.16825499689824,0.01358412749844912,0.775008872241485,-0.015987293756826806
trailing,0.5,0.978,0.09507512946911906,27.160205917575627,0.013580102958787813,0.7747792620626526,-0.015988779771158215
trailing,0.5,0.979,0.09469069646912509,27.152158847561587,0.013576079423780793,0.7745497092018913,-0.015990260204954067
trailing,0.5,0.98,0.09430781791067971,27.14411378789124,0.01357205689394562,0.7743202136887292,-0.01599173507923101
trailing,0.5,0.981,0.09392648750845224,27.136070739592764,0.013568035369796382,0.7740907755524964,-0.015993204414926014
trailing,0.5,0.982,0.09354669900252653,27.12802970368745,0.013564014851843725,0.7738613948223265,-0.015994668232896896
trailing,0.5,0.983,0.09316844615829811,27.11999068118969,0.013559995340594846,0.7736320715271564,-0.015996126553922282
trailing,0.5,0.984,0.0927917227663721,27.11195367310705,0.013555976836553525,0.773402805695728,-0.01599757939870229
trailing,0.5,0.985,0.09241652264246092,27.10391868044026,0.01355195934022013,0.7731735973565884,-0.01599902678785849
trailing,0.5,0.986,0.09204283962728299,27.095885704183267,0.013547942852091634,0.7729444465380915,-0.016000468741934535
trailing,0.5,0.987,0.0916706675864616,27.08785474532327,0.013543927372661635,0.772715353268398,-0.01600190528139622
trailing,0.5,0.988,0.0913000004104241,27.079825804840713,0.013539912902420357,0.7724863175754766,-0.016003336426631817
trailing,0.5,0.989,0.09093083201430188,27.07179888370935,0.013535899441854675,0.7722573394871047,-0.016004762197952337
trailing,0.5,0.99,0.09056315633783,27.063773982896244,0.013531886991448121,0.7720284190308692,-0.016006182615592158
trailing,0.5,0.991,0.09019696734524822,27.055751103361825,0.013527875551680913,0.7717995562341673,-0.016007597699708838
trailing,0.5,0.992,0.0898322590252017,27.04773024605989,0.013523865123029945,0.7715707511242074,-0.0160090074703836
trailing,0.5,0.993,0.08946902539064204,27.039711411937642,0.01351985570596882,0.7713420037280098,-0.01601041194762188
trailing,0.5,0.994,0.08910726047872963,27.031694601935726,0.013515847300967863,0.7711133140724074,-0.01601181115135308
trailing,0.5,0.995,0.08874695835073501,27.023679816988228,0.013511839908494114,0.7708846821840462,-0.016013205101431508
trailing,0.5,0.996,0.08838811309194211,27.015667058022743,0.013507833529011372,0.7706561080893871,-0.016014593817636074
trailing,0.5,0.997,0.08803071881155067,27.007656325960383,0.013503828162980193,0.770427591814706,-0.0160159773196707
trailing,0.5,0.998,0.08767476964257954,26.99964762171577,0.013499823810857885,0.7701991333860935,-0.016017355627165292
trailing,0.5,0.999,0.08732025974177084,26.991640946197133,0.013495820473098568,0.7699707328294582,-0.016018728759674857
trailing,0.5,1.0,0.08696718328949327,26.983636300306276,0.013491818150153139,0.769742390170525,-0.01602009673668075
trailing,0.5,1.0010000000000001,0.08661553448964737,26.975633684938632,0.013487816842469316,0.7695141054348374,-0.016021459577590446
trailing,0.5,1.002,0.08626530756956993,26.967633100983278,0.01348381655049164,0.7692858786477574,-0.016022817301738174
trailing,0.5,1.0030000000000001,0.08591649677993912,26.959634549322974,0.013479817274661488,0.7690577098344669,-0.01602416992838473
trailing,0.5,1.004,0.08556909639468055,26.95163803083417,0.013475819015417086,0.7688295990199676,-0.0160255174767182
trailing,0.5,1.0050000000000001,0.08522310071087266,26.943643546387065,0.013471821773193534,0.7686015462290832,-0.016026859965853985
trailing,0.5,1.006,0.08487850404865399,26.93565109684559,0.013467825548422794,0.7683735514864583,-0.01602819741483536
trailing,0.5,1.0070000000000001,0.08453530075112889,26.92766068306747,0.013463830341533735,0.7681456148165605,-0.016029529842633373
trailing,0.5,1.008,0.08419348518427551,26.919672305904232,0.013459836152952116,0.7679177362436811,-0.01603085726814723
trailing,0.5,1.0090000000000001,0.08385305173685269,26.911685966201233,0.013455842983100617,0.7676899157919345,-0.016032179710204906
trailing,0.5,1.01,0.08351399482030844,26.9037016647977,0.01345185083239885,0.767462153485261,-0.01603349718756288
trailing,0.5,1.0110000000000001,0.08317630886868758,26.895719402526723,0.013447859701263361,0.7672344493474254,-0.01603480971890689
trailing,0.5,1.012,0.08283998833854098,26.88773918021532,0.01344386959010766,0.7670068034020195,-0.016036117322851824
trailing,0.5,1.0130000000000001,0.08250502770883393,26.87976099868444,0.01343988049934222,0.766779215672462,-0.016037420017942224
trailing,0.5,1.014,0.08217142148085618,26.871784858748978,0.013435892429374489,0.7665516861819986,-0.016038717822652628
trailing,0.5,1.0150000000000001,0.0818391641781309,26.863810761217838,0.013431905380608919,0.7663242149537045,-0.016040010755387413
trailing,0.5,1.016,0.08150825034632578,26.85583870689392,0.013427919353446961,0.7660968020104834,-0.016041298834481604
trailing,0.5,1.0170000000000001,0.08117867455316236,26.847868696574153,0.013423934348287076,0.7658694473750686,-0.016042582078200758
trailing,0.5,1.018,0.08085043138832776,26.83990073104955,0.013419950365524775,0.7656421510700248,-0.016043860504741422
trailing,0.5,1.0190000000000001,0.08052351546338524,26.831934811105175,0.013415967405552587,0.765414913117747,-0.01604513413223127
trailing,0.5,1.02,0.08019792141168636,26.823970937520233,0.013411985468760117,0.765187733540463,-0.016046402978729463
trailing,0.5,1.0210000000000001,0.07987364388828216,26.81600911106806,0.01340800455553403,0.7649606123602332,-0.01604766706222683
trailing,0.5,1.022,0.07955067756983616,26.808049332516124,0.013404024666258061,0.7647335495989505,-0.01604892640064623
trailing,0.5,1.0230000000000001,0.07922901715453624,26.800091602626104,0.013400045801313052,0.7645065452783428,-0.01605018101184279
trailing,0.5,1.024,0.07890865736200836,26.792135922153882,0.013396067961076941,0.7642795994199726,-0.016051430913604007
trailing,0.5,1.025,0.07858959293322913,26.78418229184957,0.013392091145924786,0.764052712045238,-0.01605267612365009
trailing,0.5,1.026,0.07827181863044007,26.776230712457522,0.01338811535622876,0.7638258831753721,-0.016053916659634616
trailing,0.5,1.027,0.07795532923706139,26.768281184716404,0.013384140592358202,0.7635991128314469,-0.016055152539143917
trailing,0.5,1.028,0.07764011955760616,26.760333709359152,0.013380166854679576,0.76337240103437,-0.016056383779698237
trailing,0.5,1.029,0.07732618441759552,26.752388287113057,0.013376194143556529,0.7631457478048883,-0.01605761039875132
trailing,0.5,1.03,0.07701351866347311,26.74444491869975,0.013372222459349875,0.7629191531635873,-0.01605883241369097
trailing,0.5,1.031,0.07670211716252114,26.736503604835228,0.013368251802417614,0.7626926171308918,-0.016060049841839626
trailing,0.5,1.032,0.07639197480277543,26.728564346229902,0.013364282173114951,0.762466139727067,-0.016061262700453736
trailing,0.5,1.033,0.07608308649294221,26.720627143588608,0.013360313571794305,0.7622397209722193,-0.016062471006724838
trailing,0.5,1.034,0.07577544716231384,26.71269199761061,0.013356345998805304,0.7620133608862961,-0.016063674777779417
trailing,0.5,1.035,0.07546905176068613,26.704758908989657,0.013352379454494828,0.7617870594890876,-0.01606487403067914
trailing,0.5,1.036,0.07516389525827519,26.696827878413984,0.013348413939206992,0.7615608168002264,-0.016066068782421367
trailing,0.5,1.037,0.0748599726456349,26.688898906566347,0.013344449453283174,0.761334632839189,-0.01606725904993913
trailing,0.5,1.038,0.0745572789335745,26.680971994124032,0.013340485997062017,0.7611085076252959,-0.01606844485010131
trailing,0.5,1.039,0.07425580915307708,26.67304714175889,0.013336523570879446,0.7608824411777125,-0.016069626199713402
trailing,0.5,1.04,0.07395555835521755,26.66512435013736,0.013332562175068681,0.7606564335154499,-0.016070803115517042
trailing,0.5,1.041,0.07365652161108188,26.657203619920477,0.013328601809960238,0.7604304846573646,-0.016071975614190874
trailing,0.5,1.042,0.07335869401168567,26.649284951763924,0.013324642475881962,0.7602045946221613,-0.016073143712350232
trailing,0.5,1.043,0.07306207066789408,26.64136834631801,0.013320684173159006,0.7599787634283904,-0.016074307426548053
trailing,0.5,1.044,0.07276664671034105,26.633453804227745,0.013316726902113872,0.759752991094452,-0.016075466773274306
trailing,0.5,1.045,0.07247241728934986,26.625541326132826,0.013312770663066412,0.7595272776385942,-0.016076621768957012
trailing,0.5,1.046,0.07217937757485321,26.617630912667646,0.013308815456333823,0.7593016230789137,-0.016077772429961865
trailing,0.5,1.047,0.07188752275631408,26.60972256446139,0.013304861282230695,0.7590760274333588,-0.01607891877259296
trailing,0.5,1.048,0.07159684804264645,26.60181628213795,0.013300908141068974,0.758850490719727,-0.016080060813092708
trailing,0.5,1.049,0.07130734866213723,26.593912066316044,0.013296956033158022,0.7586250129556679,-0.016081198567641973
trailing,0.5,1.05,0.07101901986236726,26.586009917609175,0.013293004958804588,0.7583995941586824,-0.016082332052360822
trailing,0.5,1.051,0.07073185691013394,26.57810983662569,0.013289054918312846,0.7581742343461244,-0.016083461283308172
trailing,0.5,1.052,0.07044585509137288,26.57021182396877,0.013285105911984386,0.7579489335352005,-0.01608458627648239
trailing,0.5,1.053,0.07016100971108119,26.56231588023648,0.01328115794011824,0.7577236917429712,-0.016085707047821397
trailing,0.5,1.054,0.06987731609323966,26.554422006021777,0.013277211003010889,0.7574985089863514,-0.016086823613202995
trailing,0.5,1.055,0.06959476958073689,26.54653020191254,0.01327326510095627,0.7572733852821109,-0.016087935988444792
trailing,0.5,1.056,0.06931336553529192,26.538640468491558,0.013269320234245778,0.7570483206468747,-0.01608904418930493
trailing,0.5,1.057,0.06903309933737879,26.530752806336615,0.013265376403168308,0.7568233150971247,-0.016090148231481836
trailing,0.5,1.058,0.06875396638615022,26.522867216020444,0.013261433608010222,0.7565983686491989,-0.01609124813061478
trailing,0.5,1.059,0.06847596209936253,26.5149836981108,0.0132574918490554,0.7563734813192933,-0.01609234390228381
trailing,0.5,1.06,0.06819908191329994,26.507102253170434,0.013253551126585217,0.7561486531234609,-0.016093435562010414
trailing,0.5,1.061,0.06792332128270015,26.499222881757166,0.013249611440878583,0.7559238840776143,-0.016094523125257155
trailing,0.5,1.062,0.0676486756806792,26.49134558442387,0.013245672792211935,0.7556991741975251,-0.01609560660742832
trailing,0.5,1.063,0.0673751405986577,26.483470361718492,0.013241735180859247,0.7554745234988239,-0.016096686023870137
trailing,0.5,1.064,0.06710271154628625,26.475597214184095,0.013237798607092047,0.7552499319970023,-0.01609776138987084
trailing,0.5,1.065,0.06683138405137239,26.467726142358863,0.013233863071179432,0.7550253997074129,-0.01609883272066079
trailing,0.5,1.066,0.06656115365980647,26.459857146776123,0.013229928573388061,0.7548009266452692,-0.016099900031413025
trailing,0.5,1.067,0.06629201593548911,26.451990227964377,0.013225995113982189,0.7545765128256476,-0.01610096333724325
trailing,0.5,1.068,0.06602396646025796,26.4441253864473,0.01322206269322365,0.7543521582634867,-0.016102022653210125
trailing,0.5,1.069,0.06575700083381557,26.43626262274379,0.013218131311371895,0.7541278629735885,-0.01610307799431524
trailing,0.5,1.07,0.06549111467365668,26.428401937367955,0.013214200968683977,0.7539036269706185,-0.016104129375503887
trailing,0.5,1.071,0.06522630361499682,26.42054333082916,0.013210271665414582,0.7536794502691073,-0.016105176811664717
trailing,0.5,1.072,0.06496256331070012,26.412686803632038,0.013206343401816019,0.75345533288345,-0.01610622031763025
trailing,0.5,1.073,0.06469988943120843,26.404832356276497,0.013202416178138249,0.7532312748279071,-0.016107259908177053
trailing,0.5,1.074,0.06443827766446973,26.396979989257773,0.013198489994628887,0.7530072761166059,-0.016108295598025704
trailing,0.5,1.075,0.06417772371586807,26.3891297030664,0.013194564851533199,0.7527833367635395,-0.016109327401841574
trailing,0.5,1.076,0.06391822330815217,26.381281498188276,0.013190640749094137,0.7525594567825687,-0.016110355334234352
trailing,0.5,1.077,0.063659772181366,26.373435375104677,0.013186717687552339,0.7523356361874226,-0.01611137940975881
trailing,0.5,1.078,0.06340236609277827,26.365591334292237,0.013182795667146118,0.7521118749916976,-0.01611239964291458
trailing,0.5,1.079,0.06314600081681325,26.35774937622301,0.013178874688111504,0.7518881732088598,-0.016113416048146825
trailing,0.5,1.08,0.06289067214498098,26.349909501364472,0.013174954750682236,0.7516645308522447,-0.016114428639845923
trailing,0.5,1.081,0.06263637588580856,26.342071710179546,0.013171035855089773,0.7514409479350574,-0.016115437432348074
trailing,0.5,1.082,0.062383107864771,26.33423600312661,0.013167118001563305,0.7512174244703739,-0.016116442439935433
trailing,0.5,1.083,0.062130863924223026,26.32640238065953,0.013163201190329765,0.7509939604711414,-0.01611744367683609
trailing,0.5,1.084,0.061879639923330426,26.318570843227672,0.013159285421613836,0.7507705559501784,-0.016118441157224665
trailing,0.5,1.085,0.061629431738002664,26.310741391275915,0.013155370695637958,0.7505472109201758,-0.016119434895222218
trailing,0.5,1.086,0.06138023526082445,26.30291402524468,0.013151457012622339,0.7503239253936972,-0.0161204249048963
trailing,0.5,1.087,0.061132046400988974,26.295088745569963,0.013147544372784982,0.7501006993831798,-0.01612141120026164
trailing,0.5,1.088,0.06088486108423019,26.287265552683305,0.013143632776341653,0.749877532900934,-0.016122393795280087
trailing,0.5,1.089,0.0606386752527565,26.279444447011876,0.013139722223505939,0.7496544259591451,-0.016123372703860533
trailing,0.5,1.09,0.06039348486518357,26.271625428978425,0.013135812714489213,0.7494313785698729,-0.016124347939859795
trailing,0.5,1.091,0.06014928589646849,26.263808499001357,0.013131904249500679,0.7492083907450527,-0.016125319517082105
trailing,0.5,1.092,0.0599060743378433,26.255993657494724,0.013127996828747362,0.748985462496496,-0.016126287449279735
trailing,0.5,1.093,0.0596638461967495,26.248180904868246,0.013124090452434123,0.7487625938358905,-0.016127251750153015
trailing,0.5,1.094,0.05942259749677215,26.24037024152733,0.013120185120763666,0.7485397847748009,-0.016128212433350657
trailing,0.5,1.095,0.059182324277575166,26.232561667873078,0.013116280833936539,0.7483170353246692,-0.016129169512469788
trailing,0.5,1.096,0.058943022594835554,26.224755184302328,0.013112377592151165,0.7480943454968157,-0.016130123001056398
trailing,0.5,1.097,0.05870468852017933,26.216950791207665,0.013108475395603832,0.7478717153024395,-0.0161310729126053
trailing,0.5,1.098,0.05846731814111657,26.20914848897742,0.01310457424448871,0.7476491447526179,-0.016132019260560272
trailing,0.5,1.099,0.05823090756097753,26.20134827799571,0.013100674138997855,0.7474266338583088,-0.016132962058314704
trailing,0.5,1.1,0.05799545289884833,26.19355015864245,0.013096775079321225,0.7472041826303493,-0.016133901319210945
trailing,0.5,1.101,0.05776095028950766,26.18575413129335,0.013092877065646675,0.7469817910794574,-0.016134837056541656
trailing,0.5,1.102,0.05752739588336285,26.17796019631998,0.01308898009815999,0.7467594592162322,-0.016135769283548856
trailing,0.5,1.103,0.057294785846387114,26.170168354089736,0.013085084177044869,0.7465371870511545,-0.016136698013424825
trailing,0.5,1.104,0.05706311636005636,26.162378604965895,0.013081189302482948,0.746314974594587,-0.0161376232593121
trailing,0.5,1.105,0.0568323836212866,26.1545909493076,0.0130772954746538,0.7460928218567748,-0.016138545034303665
trailing,0.5,1.106,0.05660258384237135,26.14680538746992,0.013073402693734961,0.7458707288478468,-0.016139463351442958
trailing,0.5,1.107,0.05637371325091979,26.139021919803827,0.013069510959901914,0.7456486955778147,-0.01614037822372443
trailing,0.5,1.108,0.05614576808979442,26.13124054665623,0.013065620273328115,0.7454267220565746,-0.016141289664093422
trailing,0.5,1.109,0.055918744617049806,26.123461268369994,0.013061730634184997,0.7452048082939072,-0.016142197685446523
trailing,0.5,1.11,0.055692639105870745,26.115684085283952,0.013057842042641977,0.7449829542994781,-0.016143102300631578
trailing,0.5,1.111,0.055467447844511436,26.107908997732924,0.013053954498866462,0.7447611600828387,-0.016144003522448172
trailing,0.5,1.112,0.055243167136234284,26.100136006047737,0.013050068003023869,0.7445394256534258,-0.016144901363647483
trailing,0.5,1.113,0.05501979329924938,26.092365110555253,0.013046182555277628,0.7443177510205639,-0.01614579583693244
trailing,0.5,1.114,0.05479732266665402,26.084596311578334,0.013042298155789167,0.7440961361934629,-0.016146686954958456
trailing,0.5,1.115,0.0545757515863725,26.076829609435944,0.013038414804717973,0.7438745811812217,-0.016147574730333094
trailing,0.5,1.116,0.05435507642109606,26.06906500444308,0.01303453250222154,0.743653085992826,-0.016148459175616248
trailing,0.5,1.117,0.05413529354822342,26.06130249691086,0.013030651248455429,0.7434316506371508,-0.016149340303320502
trailing,0.5,1.118,0.053916399359800984,26.053542087146482,0.013026771043573242,0.7432102751229595,-0.016150218125911383
trailing,0.5,1.119,0.05369839026246401,26.045783775453277,0.013022891887726639,0.7429889594589046,-0.01615109265580715
trailing,0.5,1.12,0.05348126267737716,26.038027562130708,0.013019013781065354,0.742767703653529,-0.01615196390537974
trailing,0.5,1.121,0.053265013040176244,26.030273447474407,0.013015136723737204,0.7425465077152659,-0.016152831886953982
trailing,0.5,1.122,0.05304963780090922,26.02252143177616,0.01301126071588808,0.7423253716524387,-0.01615369661280839
trailing,0.5,1.123,0.0528351334239783,26.01477151532395,0.013007385757661975,0.7421042954732628,-0.016154558095175242
trailing,0.5,1.124,0.052621496388081744,26.007023698401955,0.013003511849200977,0.7418832791858445,-0.016155416346240667
trailing,0.5,1.125,0.052408723186156095,25.99927798129059,0.012999638990645296,0.741662322798183,-0.016156271378144904
trailing,0.5,1.1260000000000001,0.052196810325318456,25.991534364266478,0.012995767182133239,0.7414414263181693,-0.016157123202982328
trailing,0.5,1.127,0.05198575432680947,25.983792847602523,0.01299189642380126,0.7412205897535885,-0.016157971832801894
trailing,0.5,1.1280000000000001,0.05177555172593583,25.976053431567877,0.012988026715783939,0.7409998131121185,-0.016158817279606923
trailing,0.5,1.129,0.05156619907201378,25.968316116427985,0.012984158058213994,0.7407790964013312,-0.01615965955535571
trailing,0.5,1.1300000000000001,0.051357692928312104,25.96058090244459,0.012980290451222296,0.7405584396286934,-0.01616049867196118
trailing,0.5,1.131,0.051150029871996086,25.95284778987574,0.012976423894937871,0.7403378428015661,-0.016161334641291873
trailing,0.5,1.1320000000000001,0.050943206494070935,25.945116778975823,0.012972558389487911,0.740117305927206,-0.01616216747517105
trailing,0.5,1.133,0.05073721939932613,25.937387869995582,0.012968693934997791,0.7398968290127662,-0.016162997185377694
trailing,0.5,1.1340000000000001,0.050532065206279536,25.929661063182106,0.012964830531591053,0.7396764120652948,-0.0161638237836463
trailing,0.5,1.135,0.05032774054712197,25.92193635877887,0.012960968179389434,0.7394560550917374,-0.016164647281667336
trailing,0.5,1.1360000000000001,0.050124242067661744,25.91421375702573,0.012957106878512866,0.7392357580989364,-0.016165467691086885
trailing,0.5,1.137,0.04992156642726987,25.90649325815897,0.012953246629079486,0.7390155210936317,-0.016166285023507535
trailing,0.5,1.1380000000000001,0.04971971029882495,25.898774862411287,0.012949387431205644,0.7387953440824615,-0.016167099290487753
trailing,0.5,1.139,0.04951867036865883,25.891058570011808,0.012945529285005903,0.738575227071962,-0.016167910503542653
trailing,0.5,1.1400000000000001,0.04931844333650189,25.883344381186134,0.012941672190593067,0.7383551700685687,-0.016168718674144072
trailing,0.5,1.141,0.04911902591542922,25.87563229615632,0.01293781614807816,0.7381351730786159,-0.0161695238137204
trailing,0.5,1.1420000000000001,0.0489204148318063,25.867922315140905,0.012933961157570452,0.7379152361083379,-0.016170325933657043
trailing,0.5,1.143,0.04872260682523554,25.860214438354937,0.01293010721917747,0.737695359163869,-0.016171125045296556
trailing,0.5,1.1440000000000001,0.04852559864850266,25.852508666009967,0.012926254333004985,0.737475542251244,-0.01617192115993886
trailing,0.5,1.145,0.04832938706752338,25.84480499831409,0.012922402499157045,0.7372557853763992,-0.016172714288840925
trailing,0.5,1.1460000000000001,0.048133968861290226,25.837103435471924,0.012918551717735963,0.7370360885451716,-0.01617350444321763
trailing,0.5,1.147,0.047939340821819915,25.829403977684674,0.012914701988842337,0.7368164517633007,-0.016174291634241507
trailing,0.5,1.1480000000000001,0.047745499754100376,25.82170662515008,0.01291085331257504,0.7365968750364273,-0.016175075873043194
trailing,0.5,1.149,0.047552442476038605,25.814011378062506,0.012907005689031253,0.7363773583700959,-0.016175857170710926
trailing,0.5,1.1500000000000001,0.047360165818408136,25.806318236612896,0.012903159118306449,0.7361579017697534,-0.01617663553829174
trailing,0.5,1.151,0.047168666624797316,25.798627200988825,0.012899313600494414,0.7359385052407507,-0.016177410986790475
trailing,0.5,1.1520000000000001,0.04697794175155713,25.790938271374483,0.012895469135687242,0.7357191687883419,-0.01617818352717107
trailing,0.5,1.153,0.04678798806775007,25.783251447950725,0.012891625723975363,0.7354998924176863,-0.01617895317035576
trailing,0.5,1.154,0.046598802455098266,25.775566730895058,0.01288778336544753,0.7352806761338474,-0.016179719927225777
trailing,0.5,1.155,0.046410381807932485,25.767884120381655,0.012883942060190829,0.7350615199417938,-0.0161804838086214
trailing,0.5,1.156,0.04622272303314131,25.760203616581396,0.012880101808290698,0.7348424238464,-0.016181244825342056
trailing,0.5,1.157,0.046035823050120044,25.75252521966184,0.012876262609830921,0.7346233878524457,-0.016182002988146413
trailing,0.5,1.158,0.04584967879072047,25.744848929787292,0.012872424464893647,0.734404411964618,-0.016182758307752728
trailing,0.5,1.159,0.045664287199200175,25.737174747118758,0.012868587373559379,0.7341854961875101,-0.016183510794838863
trailing,0.5,1.16,0.04547964523217267,25.72950267181401,0.012864751335907006,0.7339666405256222,-0.016184260460042312
trailing,0.5,1.161,0.045295749858557145,25.721832704027573,0.012860916352013786,0.7337478449833625,-0.01618500731396086
trailing,0.5,1.162,0.045112598059529,25.714164843910748,0.012857082421955374,0.7335291095650471,-0.016185751367151887
trailing,0.5,1.163,0.04493018682847007,25.70649909161161,0.012853249545805806,0.7333104342749001,-0.016186492630133456
trailing,0.5,1.164,0.044748513170919414,25.698835447275048,0.012849417723637525,0.7330918191170543,-0.016187231113383774
trailing,0.5,1.165,0.04456757410452397,25.691173911042764,0.012845586955521382,0.7328732640955523,-0.016187966827341683
trailing,0.5,1.166,0.044387366658989874,25.68351448305328,0.01284175724152664,0.7326547692143455,-0.016188699782406613
trailing,0.5,1.167,0.04420788787603337,25.675857163441968,0.012837928581720984,0.7324363344772954,-0.01618942998893887
trailing,0.5,1.168,0.04402913480933259,25.66820195234105,0.012834100976170526,0.7322179598881741,-0.016190157457259904
trailing,0.5,1.169,0.04385110452447886,25.660548849879618,0.01283027442493981,0.7319996454506638,-0.016190882197652055
trailing,0.5,1.17,0.04367379409892884,25.652897856183646,0.012826448928091823,0.7317813911683582,-0.016191604220359077
trailing,0.5,1.171,0.043497200621956236,25.645248971376,0.012822624485688,0.7315631970447622,-0.016192323535586174
trailing,0.5,1.172,0.043321321194604294,25.63760219557646,0.01281880109778823,0.7313450630832928,-0.016193040153500024
trailing,0.5,1.173,0.043146152929638054,25.62995752890173,0.012814978764450865,0.731126989287279,-0.016193754084229083
trailing,0.5,1.174,0.042971692951497026,25.622314971465435,0.012811157485732718,0.7309089756599622,-0.016194465337863694
trailing,0.5,1.175,0.04279793839624784,25.614674523378174,0.012807337261689087,0.7306910222044972,-0.01619517392445607
trailing,0.5,1.176,0.042624886411537485,25.60703618474748,0.012803518092373739,0.7304731289239516,-0.01619587985402081
trailing,0.5,1.177,0.04245253415654619,25.599399955677868,0.012799699977838934,0.7302552958213069,-0.016196583136534538
trailing,0.5,1.178,0.04228087880194111,25.591765836270863,0.012795882918135432,0.7300375228994591,-0.01619728378193665
trailing,0.5,1.179,0.04210991752982954,25.584133826624956,0.012792066913312479,0.7298198101612179,-0.01619798180012868
trailing,0.5,1.18,0.041939647533712966,25.576503926835674,0.012788251963417837,0.7296021576093082,-0.01619867720097537
trailing,0.5,1.181,0.04177006601844073,25.568876136995566,0.012784438068497784,0.7293845652463703,-0.016199369994303898
trailing,0.5,1.182,0.04160117020016438,25.561250457194213,0.012780625228597107,0.7291670330749593,-0.016200060189904716
trailing,0.5,1.183,0.0414329573062918,25.553626887518263,0.012776813443759132,0.7289495610975472,-0.016200747797531292
trailing,0.5,1.184,0.0412654245754418,25.5460054280514,0.012773002714025702,0.7287321493165211,-0.016201432826900574
trailing,0.5,1.185,0.04109856925739865,25.538386078874428,0.012769193039437214,0.7285147977341859,-0.016202115287692522
trailing,0.5,1.186,0.04093238861306713,25.530768840065203,0.012765384420032602,0.7282975063527628,-0.016202795189551124
trailing,0.5,1.187,0.04076687991442736,25.523153711698694,0.012761576855849346,0.7280802751743902,-0.016203472542083586
trailing,0.5,1.188,0.0406020404444902,25.51554069384699,0.012757770346923495,0.7278631042011248,-0.01620414735486158
trailing,0.5,1.189,0.04043786749725248,25.50792978657931,0.012753964893289655,0.7276459934349407,-0.016204819637420056
trailing,0.5,1.19,0.04027435837765276,25.500320989962006,0.012750160494981004,0.7274289428777311,-0.01620548939925852
trailing,0.5,1.191,0.04011151040152684,25.49271430405858,0.01274635715202929,0.7272119525313071,-0.016206156649840597
trailing,0.5,1.192,0.039949320895563994,25.485109728929704,0.012742554864464852,0.7269950223973998,-0.01620682139859439
trailing,0.5,1.193,0.03978778719726287,25.477507264633218,0.012738753632316609,0.726778152477659,-0.016207483654912303
trailing,0.5,1.194,0.039626906654887877,25.469906911224175,0.012734953455612088,0.7265613427736551,-0.016208143428151463
trailing,0.5,1.195,0.039466676627425555,25.462308668754787,0.012731154334377394,0.7263445932868776,-0.01620880072763396
trailing,0.5,1.196,0.03930709448454139,25.454712537274517,0.012727356268637259,0.7261279040187375,-0.01620945556264655
trailing,0.5,1.197,0.03914815760653641,25.447118516830034,0.012723559258415017,0.7259112749705661,-0.016210107942441196
trailing,0.5,1.198,0.03898986338430446,25.439526607465254,0.012719763303732628,0.725694706143616,-0.016210757876234924
trailing,0.5,1.199,0.038832209219289066,25.431936809221327,0.012715968404610664,0.7254781975390612,-0.016211405373210284
trailing,0.5,1.2,0.03867519252344105,25.424349122136682,0.01271217456106834,0.725261749157998,-0.01621205044251492
trailing,0.5,1.201,0.03851881071917577,25.416763546247008,0.012708381773123504,0.7250453610014443,-0.016212693093262398
trailing,0.5,1.202,0.0383630612393312,25.409180081585284,0.012704590040792642,0.7248290330703411,-0.016213333334531885
trailing,0.5,1.203,0.038207941527125276,25.401598728181778,0.01270079936409089,0.7246127653655515,-0.01621397117536822
trailing,0.5,1.204,0.038053449036114406,25.394019486064078,0.012697009743032039,0.7243965578878628,-0.016214606624782336
trailing,0.5,1.205,0.03789958123015128,25.38644235525708,0.012693221177628541,0.724180410637985,-0.016215239691751333
trailing,0.5,1.206,0.03774633558334359,25.378867335783024,0.012689433667891513,0.7239643236165526,-0.016215870385218368
trailing,0.5,1.207,0.0375937095800122,25.37129442766147,0.012685647213830736,0.7237482968241237,-0.01621649871409305
trailing,0.5,1.208,0.037441700714650215,25.363723630909362,0.012681861815454682,0.7235323302611812,-0.01621712468725135
trailing,0.5,1.209,0.03729030649188152,25.35615494554099,0.012678077472770496,0.7233164239281332,-0.016217748313536087
trailing,0.5,1.21,0.03713952442642008,25.348588371568024,0.012674294185784012,0.7231005778253126,-0.016218369601756544
trailing,0.5,1.211,0.036989352043028896,25.34102390899952,0.012670511954499761,0.7228847919529775,-0.016218988560689002
trailing,0.5,1.212,0.03683978687647972,25.333461557841947,0.012666730778920974,0.7226690663113124,-0.01621960519907655
trailing,0.5,1.213,0.03669082647151214,25.32590131809917,0.012662950659049585,0.7224534009004278,-0.01622021952562967
trailing,0.5,1.214,0.036542468382793666,25.318343189772484,0.012659171594886243,0.7222377957203604,-0.016220831549025812
trailing,0.5,1.215,0.036394710174879295,25.31078717286062,0.012655393586430311,0.7220222507710743,-0.016221441277909823
trailing,0.5,1.216,0.036247549422171794,25.30323326735975,0.012651616633679875,0.72180676605246,-0.01622204872089429
trailing,0.5,1.217,0.03610098370888162,25.29568147326349,0.012647840736631744,0.7215913415643354,-0.01622265388655897
trailing,0.5,1.218,0.035955010628987524,25.28813179056295,0.012644065895281475,0.7213759773064472,-0.0162232567834516
trailing,0.5,1.219,0.035809627786196785,25.280584219246688,0.012640292109623344,0.7211606732784687,-0.016223857420087834
trailing,0.5,1.22,0.03566483279390613,25.27303875930078,0.01263651937965039,0.7209454294800027,-0.016224455804951018
trailing,0.5,1.221,0.035520623275162304,25.26549541070877,0.012632747705354386,0.7207302459105801,-0.016225051946492847
trailing,0.5,1.222,0.03537699686262336,25.257954173451747,0.012628977086725874,0.7205151225696612,-0.016225645853133016
trailing,0.5,1.223,0.03523395119851943,25.250415047508287,0.012625207523754144,0.7203000594566348,-0.016226237533259715
trailing,0.5,1.224,0.03509148393461435,25.24287803285453,0.012621439016427266,0.7200850565708204,-0.016226826995229482
trailing,0.5,1.225,0.03494959273216685,25.23534312946413,0.012617671564732065,0.7198701139114664,-0.016227414247367452
trailing,0.5,1.226,0.03480827526189238,25.22781033730832,0.01261390516865416,0.719655231477752,-0.01622799929796746
trailing,0.5,1.227,0.034667529203924685,25.220279656355885,0.012610139828177942,0.719440409268787,-0.01622858215529198
trailing,0.5,1.228,0.03452735224777791,25.21275108657318,0.01260637554328659,0.7192256472836117,-0.016229162827572682
trailing,0.5,1.229,0.034387742092308445,25.205224627924153,0.012602612313962076,0.7190109455211974,-0.01622974132301019
trailing,0.5,1.23,0.0342486964456774,25.197700280370356,0.012598850140185178,0.7187963039804475,-0.016230317649773958
trailing,0.5,1.231,0.03411021302531272,25.190178043870922,0.01259508902193546,0.7185817226601962,-0.01623089181600335
trailing,0.5,1.232,0.03397228955787203,25.18265791838263,0.012591328959191316,0.7183672015592104,-0.01623146382980645
trailing,0.5,1.233,0.03383492377920496,25.175139903859876,0.012587569951929937,0.7181527406761894,-0.016232033699261215
trailing,0.5,1.234,0.03369811343431628,25.167624000254673,0.012583812000127337,0.7179383400097642,-0.016232601432415266
trailing,0.5,1.235,0.033561856277328654,25.160110207516713,0.012580055103758356,0.7177239995584997,-0.01623316703728568
trailing,0.5,1.236,0.033426150071445976,25.15259852559334,0.01257629926279667,0.7175097193208939,-0.01623373052185963
trailing,0.5,1.237,0.033290992588916435,25.145088954429546,0.012572544477214773,0.7172954992953776,-0.016234291894094165
trailing,0.5,1.238,0.03315638161099618,25.13758149396802,0.012568790746984011,0.7170813394803159,-0.01623485116191638
trailing,0.5,1.239,0.033022314927912653,25.13007614414914,0.01256503807207457,0.716867239874008,-0.016235408333223622
trailing,0.5,1.24,0.03288879033882856,25.122572904910978,0.01256128645245549,0.7166532004746874,-0.016235963415883313
trailing,0.5,1.241,0.03275580565180544,25.115071776189314,0.012557535888094657,0.7164392212805221,-0.016236516417733715
trailing,0.5,1.242,0.03262335868376811,25.10757275791765,0.012553786378958825,0.7162253022896151,-0.016237067346583135
trailing,0.5,1.243,0.032491447260468334,25.100075850027217,0.012550037925013609,0.7160114435000047,-0.01623761621021091
trailing,0.5,1.244,0.03236006921644954,25.092581052446977,0.012546290526223488,0.7157976449096645,-0.016238163016366932
trailing,0.5,1.245,0.032229222395010984,25.08508836510366,0.012542544182551829,0.7155839065165043,-0.016238707772771956
trailing,0.5,1.246,0.03209890464817257,25.077597787921736,0.012538798893960867,0.7153702283183696,-0.01623925048711769
trailing,0.5,1.247,0.03196911383663939,25.070109320823445,0.012535054660411722,0.7151566103130422,-0.016239791167067027
trailing,0.5,1.248,0.031839847829766815,25.062622963728824,0.012531311481864413,0.7149430524982411,-0.016240329820253887
trailing,0.5,1.249,0.031711104505525264,25.055138716555668,0.012527569358277833,0.714729554871621,-0.016240866454283687
trailing,0.5,1.25,0.03158288175046562,25.047656579219606,0.012523828289609804,0.7145161174307755,-0.01624140107673297
trailing,0.5,1.2510000000000001,0.03145517745968439,25.040176551634037,0.012520088275817019,0.714302740173234,-0.01624193369515017
trailing,0.5,1.252,0.031327989536789204,25.032698633710208,0.012516349316855104,0.7140894230964647,-0.016242464317054853
trailing,0.5,1.2530000000000001,0.03120131589386431,25.025222825357172,0.012512611412678586,0.7138761661978733,-0.016242992949938816
trailing,0.5,1.254,0.031075154451436486,25.017749126481835,0.012508874563240917,0.713662969474804,-0.016243519601265244
trailing,0.5,1.2550000000000001,0.030949503138440658,25.010277536988934,0.012505138768494467,0.7134498329245396,-0.01624404427846955
trailing,0.5,1.256,0.030824359892186154,25.002808056781067,0.012501404028390534,0.7132367565443013,-0.016244566988959187
trailing,0.5,1.2570000000000001,0.030699722658322624,24.995340685758695,0.012497670342879347,0.7130237403312498,-0.016245087740113583
trailing,0.5,1.258,0.03057558939080649,24.987875423820164,0.012493937711910081,0.7128107842824852,-0.016245606539284554
trailing,0.5,1.2590000000000001,0.030451958051867213,24.980412270861688,0.012490206135430844,0.7125978883950469,-0.016246123393796143
trailing,0.5,1.26,0.030328826611973947,24.972951226777386,0.012486475613388693,0.7123850526659146,-0.016246638310944972
trailing,0.5,1.2610000000000001,0.030206193049802186,24.96549229145926,0.012482746145729631,0.7121722770920074,-0.016247151298000355
trailing,0.5,1.262,0.030084055352200597,24.958035464797256,0.012479017732398628,0.7119595616701858,-0.016247662362203874
trailing,0.5,1.2630000000000001,0.02996241151415787,24.9505807466792,0.0124752903733396,0.7117469063972501,-0.016248171510770446
trailing,0.5,1.264,0.02984125953877001,24.943128136990886,0.012471564068495443,0.7115343112699423,-0.016248678750887317
trailing,0.5,1.2650000000000001,0.029720597437207317,24.93567763561602,0.01246783881780801,0.711321776284945,-0.016249184089715017
trailing,0.5,1.266,0.029600423228681953,24.92822924243627,0.012464114621218136,0.7111093014388826,-0.016249687534387144
trailing,0.5,1.2670000000000001,0.029480734940415247,24.92078295733125,0.012460391478665626,0.7108968867283211,-0.01625018909201054
trailing,0.5,1.268,0.029361530607605463,24.913338780178552,0.012456669390089277,0.7106845321497683,-0.01625068876966496
trailing,0.5,1.2690000000000001,0.029242808273395402,24.905896710853735,0.012452948355426869,0.7104722376996747,-0.016251186574403994
trailing,0.5,1.27,0.0291245659888404,24.898456749230345,0.012449228374615172,0.710260003374433,-0.016251682513254512
trailing,0.5,1.2710000000000001,0.02900680181287627,24.89101889517992,0.01244550944758996,0.7100478291703783,-0.016252176593216906
trailing,0.5,1.272,0.02888951381228748,24.883583148571997,0.012441791574286,0.7098357150837896,-0.01625266882126535
trailing,0.5,1.2730000000000001,0.028772700061675302,24.876149509274125,0.012438074754637063,0.709623661110888,-0.016253159204347938
trailing,0.5,1.274,0.028656358643426402,24.868717977151874,0.012434358988575938,0.7094116672478391,-0.016253647749386292
trailing,0.5,1.2750000000000001,0.028540487647681134,24.861288552068842,0.012430644276034422,0.7091997334907516,-0.016254134463276365
trailing,0.5,1.276,0.02842508517230242,24.85386123388666,0.01242693061694333,0.7089878598356786,-0.01625461935288808
trailing,0.5,1.2770000000000001,0.028310149322844307,24.846436022465006,0.012423218011232504,0.7087760462786169,-0.016255102425065393
trailing,0.5,1.278,0.02819567821252105,24.839012917661623,0.012419506458830812,0.7085642928155087,-0.016255583686626673
trailing,0.5,1.2790000000000001,0.02808166996217598,24.831591919332293,0.012415795959666147,0.7083525994422398,-0.01625606314436472
trailing,0.5,1.28,0.027968122700250796,24.8241730273309,0.01241208651366545,0.7081409661546424,-0.016256540805046557
trailing,0.5,1.281,0.027855034562754774,24.81675624150938,0.01240837812075469,0.7079293929484924,-0.016257016675414085
trailing,0.5,1.282,0.027742403693234108,24.809341561717766,0.012404670780858882,0.7077178798195121,-0.016257490762183677
trailing,0.5,1.283,0.027630228242741594,24.801928987804196,0.012400964493902098,0.7075064267633692,-0.016257963072046522
trailing,0.5,1.284,0.027518506369806076,24.794518519614904,0.012397259259807452,0.7072950337756775,-0.01625843361166859
trailing,0.5,1.285,0.027407236240402436,24.787110156994242,0.01239355507849712,0.7070837008519968,-0.01625890238769102
trailing,0.5,1.286,0.027296416027921266,24.779703899784696,0.01238985194989235,0.706872427987834,-0.016259369406729528
trailing,0.5,1.287,0.027186043913139085,24.77229974782685,0.012386149873913425,0.7066612151786414,-0.016259834675375496
trailing,0.5,1.288,0.02707611808418829,24.764897700959455,0.012382448850479727,0.7064500624198193,-0.01626029820019523
trailing,0.5,1.289,0.026966636736527598,24.757497759019405,0.012378748879509703,0.7062389697067147,-0.016260759987730463
trailing,0.5,1.29,0.02685759807291219,24.750099921841738,0.01237504996092087,0.7060279370346222,-0.016261220044498287
trailing,0.5,1.291,0.026749000303364533,24.742704189259673,0.012371352094629837,0.7058169643987837,-0.016261678376991277
trailing,0.5,1.292,0.026640841645144634,24.735310561104576,0.012367655280552288,0.7056060517943891,-0.01626213499167782
trailing,0.5,1.293,0.02653312032272106,24.72791903720602,0.01236395951860301,0.7053951992165765,-0.01626258989500163
trailing,0.5,1.294,0.026425834567741578,24.720529617391744,0.012360264808695872,0.705184406660432,-0.016263043093382588
trailing,0.5,1.295,0.026318982619004345,24.7131423014877,0.01235657115074385,0.7049736741209907,-0.016263494593216094
trailing,0.5,1.296,0.02621256272242876,24.70575708931803,0.012352878544659015,0.704763001593236,-0.016263944400873868
trailing,0.5,1.297,0.026106573131026885,24.698373980705092,0.012349186990352546,0.7045523890721005,-0.016264392522703452
trailing,0.5,1.298,0.026001012104874578,24.69099297546947,0.012345496487734735,0.7043418365524661,-0.016264838965028602
trailing,0.5,1.299,0.02589587791108311,24.68361407342997,0.012341807036714985,0.7041313440291639,-0.016265283734149347
trailing,0.5,1.3,0.02579116882377051,24.676237274403636,0.012338118637201818,0.703920911496975,-0.016265726836341983
trailing,0.5,1.301,0.02568688312403352,24.668862578205765,0.012334431289102882,0.7037105389506305,-0.01626616827785912
trailing,0.5,1.302,0.025583019099919037,24.661489984649887,0.012330744992324944,0.7035002263848109,-0.016266608064930195
trailing,0.5,1.303,0.025479575046396308,24.6541194935478,0.0123270597467739,0.7032899737941478,-0.016267046203760904
trailing,0.5,1.304,0.025376549265328716,24.646751104709573,0.012323375552354786,0.703079781173223,-0.01626748270053387
trailing,0.5,1.305,0.02527394006544608,24.639384817943544,0.012319692408971772,0.7028696485165692,-0.01626791756140842
trailing,0.5,1.306,0.02517174576231674,24.63202063305634,0.012316010316528169,0.70265957581867,-0.01626835079252051
trailing,0.5,1.307,0.02506996467832006,24.624658549852875,0.012312329274926438,0.7024495630739606,-0.016268782399983403
trailing,0.5,1.308,0.024968595142618705,24.61729856813636,0.01230864928406818,0.7022396102768271,-0.016269212389887138
trailing,0.5,1.309,0.0248676354911314,24.60994068770831,0.012304970343854155,0.7020297174216076,-0.01626964076829906
trailing,0.5,1.31,0.02476708406650548,24.602584908368563,0.012301292454184282,0.7018198845025923,-0.01627006754126349
trailing,0.5,1.311,0.024666939218089774,24.595231229915267,0.012297615614957635,0.7016101115140227,-0.01627049271480221
trailing,0.5,1.312,0.024567199301907382,24.587879652144906,0.012293939826072454,0.7014003984500938,-0.016270916294914367
trailing,0.5,1.313,0.024467862680628852,24.580530174852285,0.012290265087426143,0.7011907453049518,-0.01627133828757652
trailing,0.5,1.314,0.024368927723545136,24.573182797830583,0.012286591398915291,0.7009811520726971,-0.016271758698742856
trailing,0.5,1.315,0.024270392806540995,24.565837520871288,0.012282918760435644,0.7007716187473814,-0.016272177534345053
trailing,0.5,1.316,0.024172256312068145,24.558494343764288,0.012279247171882144,0.7005621453230111,-0.01627259480029253
trailing,0.5,1.317,0.024074516629118897,24.551153266297806,0.012275576633148903,0.700352731793545,-0.016273010502472655
trailing,0.5,1.318,0.02397717215319952,24.543814288258453,0.012271907144129226,0.7001433781528958,-0.01627342464675056
trailing,0.5,1.319,0.02388022128630408,24.536477409431217,0.01226823870471561,0.6999340843949303,-0.016273837238969448
trailing,0.5,1.32,0.023783662436888085,24.529142629599466,0.012264571314799733,0.6997248505134684,-0.01627424828495038
trailing,0.5,1.321,0.02368749401984243,24.52180994854499,0.012260904974272496,0.6995156765022857,-0.016274657790492635
trailing,0.5,1.322,0.02359171445646728,24.514479366047937,0.012257239683023969,0.6993065623551106,-0.01627506576137385
trailing,0.5,1.323,0.023496322174446294,24.5071508818869,0.012253575440943451,0.699097508065627,-0.01627547220334978
trailing,0.5,1.324,0.02340131560782066,24.49982449583888,0.01224991224791944,0.6988885136274737,-0.016275877122154538
trailing,0.5,1.325,0.02330669319696356,24.49250020767929,0.012246250103839645,0.698679579034244,-0.016276280523500903
trailing,0.5,1.326,0.023212453388554367,24.485178017181987,0.012242589008590994,0.6984707042794871,-0.016276682413080067
trailing,0.5,1.327,0.02311859463555336,24.47785792411926,0.01223892896205963,0.6982618893567071,-0.016277082796561777
trailing,0.5,1.328,0.02302511539717611,24.470539928261843,0.012235269964130921,0.6980531342593638,-0.016277481679594554
trailing,0.5,1.329,0.02293201413886839,24.463224029378928,0.012231612014689464,0.6978444389808732,-0.016277879067805773
trailing,0.5,1.33,0.022839289332280834,24.45591022723815,0.012227955113619075,0.6976358035146069,-0.016278274966801568
trailing,0.5,1.331,0.02274693945524396,24.44859852160564,0.01222429926080282,0.6974272278538932,-0.016278669382166894
trailing,0.5,1.332,0.022654962991743043,24.441288912245955,0.012220644456122977,0.6972187119920161,-0.016279062319466207
trailing,0.5,1.333,0.02256335843189339,24.43398139892218,0.01221699069946109,0.6970102559222172,-0.016279453784242427
trailing,0.5,1.334,0.02247212427191541,24.426675981395856,0.012213337990697928,0.6968018596376941,-0.016279843782018244
trailing,0.5,1.335,0.022381259014110054,24.419372659427037,0.012209686329713518,0.696593523131602,-0.016280232318295094
trailing,0.5,1.336,0.022290761166834108,24.41207143277426,0.012206035716387129,0.696385246397053,-0.016280619398554082
trailing,0.5,1.337,0.022200629244475825,24.404772301194576,0.012202386150597289,0.6961770294271167,-0.016281005028255625
trailing,0.5,1.338,0.022110861767430413,24.39747526444355,0.012198737632221774,0.6959688722148201,-0.01628138921283959
trailing,0.5,1.339,0.022021457262075862,24.39018032227527,0.012195090161137635,0.6957607747531483,-0.016281771957725566
trailing,0.5,1.34,0.02193241426074869,24.382887474442356,0.012191443737221178,0.6955527370350446,-0.016282153268312494
trailing,0.5,1.341,0.021843731301719876,24.37559672069595,0.012187798360347975,0.6953447590534099,-0.01628253314997948
trailing,0.5,1.342,0.021755406929170783,24.368308060785736,0.012184154030392868,0.6951368408011036,-0.016282911608084878
trailing,0.5,1.343,0.021667439693169428,24.361021494459955,0.012180510747229978,0.694928982270944,-0.016283288647967516
trailing,0.5,1.344,0.021579828149646468,24.353737021465403,0.012176868510732701,0.6947211834557081,-0.016283664274945573
trailing,0.5,1.345,0.021492570860371714,24.346454641547417,0.01217322732077371,0.6945134443481314,-0.01628403849431779
trailing,0.5,1.346,0.021405666392930303,24.339174354449923,0.012169587177224961,0.694305764940909,-0.016284411311362556
trailing,0.5,1.347,0.021319113320699395,24.33189615991541,0.012165948079957705,0.6940981452266951,-0.016284782731338886
trailing,0.5,1.348,0.021232910222824544,24.324620057684946,0.012162310028842473,0.6938905851981033,-0.016285152759485694
trailing,0.5,1.349,0.021147055684196614,24.3173460474982,0.012158673023749102,0.6936830848477074,-0.016285521401022247
trailing,0.5,1.35,0.02106154829542827,24.310074129093415,0.012155037064546709,0.6934756441680403,-0.016285888661148332
trailing,0.5,1.351,0.020976386652831105,24.302804302207438,0.012151402151103718,0.6932682631515953,-0.016286254545044333
trailing,0.5,1.352,0.020891569358392377,24.295536566575738,0.012147768283287869,0.6930609417908264,-0.016286619057870794
trailing,0.5,1.353,0.020807095019752253,24.28827092193237,0.012144135460966186,0.6928536800781472,-0.016286982204769325
trailing,0.5,1.354,0.020722962250180776,24.281007368010027,0.012140503684005013,0.6926464780059323,-0.01628734399086188
trailing,0.5,1.355,0.020639169668555255,24.273745904540025,0.012136872952270013,0.6924393355665172,-0.016287704421251388
trailing,0.5,1.356,0.02055571589933746,24.266486531252305,0.012133243265626153,0.6922322527521981,-0.016288063501021462
trailing,0.5,1.357,0.020472599572551153,24.259229247875453,0.012129614623937727,0.6920252295552326,-0.016288421235236737
trailing,0.5,1.358,0.020389819323759488,24.25197405413668,0.01212598702706834,0.6918182659678391,-0.016288777628942857
trailing,0.5,1.359,0.02030737379404277,24.24472094976188,0.01212236047488094,0.6916113619821984,-0.016289132687166315
trailing,0.5,1.36,0.020225261629975934,24.23746993447557,0.012118734967237785,0.6914045175904517,-0.016289486414915108
trailing,0.5,1.361,0.02014348148360654,24.23022100800095,0.012115110504000475,0.6911977327847033,-0.016289838817178
trailing,0.5,1.362,0.020062032012432462,24.22297417005988,0.01211148708502994,0.6909910075570189,-0.0162901898989252
trailing,0.5,1.363,0.019980911879380017,24.215729420372902,0.01210786471018645,0.6907843418994263,-0.016290539665108485
trailing,0.5,1.364,0.019900119752781848,24.20848675865923,0.012104243379329615,0.6905777358039159,-0.016290888120660575
trailing,0.5,1.365,0.01981965430635524,24.201246184636762,0.012100623092318382,0.6903711892624403,-0.016291235270496154
trailing,0.5,1.366,0.019739514219180163,24.19400769802211,0.012097003849011054,0.6901647022669157,-0.016291581119511008
trailing,0.5,1.367,0.01965969817567778,24.18677129853056,0.01209338564926528,0.6899582748092201,-0.016291925672582884
trailing,0.5,1.368,0.019580204865588636,24.179536985876112,0.012089768492938056,0.6897519068811951,-0.016292268934571023
trailing,0.5,1.369,0.019501032983951398,24.17230475977148,0.012086152379885742,0.6895455984746455,-0.016292610910316585
trailing,0.5,1.37,0.019422181231081182,24.165074619928102,0.012082537309964052,0.6893393495813395,-0.016292951604642326
trailing,0.5,1.371,0.019343648312548416,24.15784656605611,0.012078923283028056,0.6891331601930084,-0.016293291022353055
trailing,0.5,1.372,0.019265432939157445,24.1506205978644,0.0120753102989322,0.688927030301348,-0.016293629168235547
trailing,0.5,1.373,0.019187533826925496,24.143396715060582,0.01207169835753029,0.6887209598980177,-0.01629396604705857
trailing,0.5,1.374,0.019109949697061465,24.13617491735101,0.012068087458675505,0.6885149489746408,-0.016294301663572902
trailing,0.5,1.375,0.019032679275945073,24.128955204440782,0.01206447760222039,0.6883089975228047,-0.016294636022511678
trailing,0.5,1.3760000000000001,0.018955721295105803,24.121737576033755,0.012060868788016878,0.6881031055340617,-0.016294969128590076
trailing,0.5,1.377,0.018879074491202227,24.11452203183254,0.01205726101591627,0.6878972729999284,-0.016295300986505643
trailing,0.5,1.3780000000000001,0.018802737606001117,24.1073085715385,0.01205365428576925,0.6876914999118857,-0.016295631600938318
trailing,0.5,1.379,0.018726709386356972,24.10009719485179,0.012050048597425896,0.6874857862613803,-0.016295960976550453
trailing,0.5,1.3800000000000001,0.018650988584191234,24.092887901471332,0.012046443950735666,0.6872801320398234,-0.016296289117986897
trailing,0.5,1.381,0.018575573956471983,24.085680691094815,0.012042840345547407,0.6870745372385912,-0.016296616029874953
trailing,0.5,1.3820000000000001,0.018500464265193396,24.07847556341873,0.012039237781709365,0.6868690018490259,-0.016296941716824737
trailing,0.5,1.383,0.018425658277355546,24.071272518138347,0.012035636259069173,0.6866635258624345,-0.016297266183429103
trailing,0.5,1.3840000000000001,0.01835115476494404,24.064071554947752,0.012032035777473877,0.6864581092700904,-0.016297589434263272
trailing,0.5,1.385,0.01827695250490997,24.056872673539807,0.012028436336769904,0.6862527520632323,-0.01629791147388581
trailing,0.5,1.3860000000000001,0.01820305027914973,24.04967587360621,0.012024837936803104,0.6860474542330655,-0.01629823230683774
trailing,0.5,1.387,0.01812944687448514,24.042481154837454,0.012021240577418726,0.6858422157707607,-0.016298551937643284
trailing,0.5,1.3880000000000001,0.018056141082643376,24.03528851692287,0.012017644258461434,0.6856370366674557,-0.01629887037080957
trailing,0.5,1.389,0.017983131700237343,24.028097959550585,0.012014048979775293,0.6854319169142541,-0.016299187610826882
trailing,0.5,1.3900000000000001,0.017910417528745677,24.020909482407596,0.012010454741203798,0.685226856502227,-0.0162995036621686
trailing,0.5,1.391,0.017837997374493285,24.013723085179706,0.012006861542589854,0.6850218554224116,-0.016299818529291212
trailing,0.5,1.3920000000000001,0.017765870048631595,24.006538767551568,0.012003269383775784,0.684816913665812,-0.01630013221663485
trailing,0.5,1.393,0.017694034367119152,23.999356529206686,0.011999678264603344,0.6846120312234,-0.01630044472862251
trailing,0.5,1.3940000000000001,0.017622489150702084,23.99217636982741,0.011996088184913704,0.6844072080861141,-0.01630075606966073
trailing,0.5,1.395,0.01755123322489485,23.984998289094957,0.011992499144547478,0.6842024442448608,-0.01630106624413976
trailing,0.5,1.3960000000000001,0.01748026541996083,23.977822286689396,0.011988911143344699,0.6839977396905134,-0.01630137525643314
trailing,0.5,1.397,0.01740958457089327,23.970648362289666,0.011985324181144834,0.6837930944139133,-0.01630168311089802
trailing,0.5,1.3980000000000001,0.01733918951739599,23.963476515573596,0.011981738257786798,0.6835885084058704,-0.016301989811875053
trailing,0.5,1.399,0.01726907910386454,23.956306746217866,0.011978153373108933,0.6833839816571612,-0.01630229536368904
trailing,0.5,1.4000000000000001,0.017199252179367016,23.949139053898076,0.011974569526949037,0.6831795141585321,-0.01630259977064803
trailing,0.5,1.401,0.017129707597625332,23.94197343828868,0.01197098671914434,0.6829751059006963,-0.016302903037044233
trailing,0.5,1.4020000000000001,0.017060444216996287,23.934809899063048,0.011967404949531524,0.6827707568743363,-0.016303205167153605
trailing,0.5,1.403,0.01699146090045293,23.927648435893445,0.011963824217946723,0.6825664670701032,-0.016303506165236098
trailing,0.5,1.4040000000000001,0.016922756515565778,23.92048904845104,0.011960244524225519,0.6823622364786165,-0.01630380603553583
trailing,0.5,1.405,0.016854329934484352,23.913331736405905,0.011956665868202952,0.6821580650904646,-0.0163041047822806
trailing,0.5,1.4060000000000001,0.016786180033918532,23.906176499427048,0.011953088249713525,0.6819539528962056,-0.016304402409682783
trailing,0.5,1.407,0.01671830569512024,23.899023337182378,0.011949511668591189,0.6817498998863663,-0.016304698921938577
trailing,0.5,1.408,0.016650705803864994,23.891872249338732,0.011945936124669366,0.6815459060514425,-0.016304994323228652
trailing,0.5,1.409,0.016583379250433617,23.884723235561886,0.011942361617780943,0.6813419713819002,-0.01630528861771797
trailing,0.5,1.41,0.016516324929594095,23.877576295516555,0.011938788147758278,0.681138095868175,-0.0163055818095557
trailing,0.5,1.411,0.016449541740583322,23.870431428866382,0.011935215714433192,0.6809342795006719,-0.0163058739028756
trailing,0.5,1.412,0.01638302858708915,23.86328863527396,0.011931644317636981,0.6807305222697659,-0.016306164901795935
trailing,0.5,1.413,0.01631678437723227,23.856147914400832,0.011928073957200417,0.680526824165802,-0.016306454810419375
trailing,0.5,1.414,0.016250808023548412,23.8490092659075,0.011924504632953751,0.6803231851790958,-0.01630674363283339
trailing,0.5,1.415,0.01618509844297036,23.84187268945343,0.011920936344726716,0.680119605299933,-0.016307031373109737
trailing,0.5,1.416,0.016119654556810317,23.834738184697045,0.011917369092348523,0.6799160845185696,-0.016307318035305336
trailing,0.5,1.417,0.016054475290742047,23.827605751295746,0.011913802875647873,0.6797126228252327,-0.016307603623461606
trailing,0.5,1.418,0.015989559574783405,23.8204753889059,0.01191023769445295,0.6795092202101196,-0.016307888141605012
trailing,0.5,1.419,0.015924906343278592,23.813347097182863,0.011906673548591432,0.679305876663399,-0.016308171593746472
trailing,0.5,1.42,0.01586051453488082,23.806220875780976,0.01190311043789049,0.6791025921752105,-0.0163084539838825
trailing,0.5,1.421,0.015796383092534762,23.799096724353564,0.011899548362176783,0.6788993667356648,-0.016308735315994017
trailing,0.5,1.422,0.015732510963459314,23.791974642552958,0.01189598732127648,0.678696200334844,-0.016309015594047283
trailing,0.5,1.423,0.015668897099130198,23.784854630030463,0.011892427315015231,0.6784930929628014,-0.016309294821993815
trailing,0.5,1.424,0.015605540455262874,23.777736686436427,0.011888868343218213,0.6782900446095625,-0.01630957300376988
trailing,0.5,1.425,0.01554243999179526,23.77062081142017,0.011885310405710085,0.6780870552651239,-0.016309850143297444
trailing,0.5,1.426,0.015479594672870797,23.763507004630053,0.011881753502315026,0.6778841249194547,-0.01631012624448332
trailing,0.5,1.427,0.015417003466821299,23.75639526571343,0.011878197632856715,0.677681253562495,-0.016310401311220118
trailing,0.5,1.428,0.015354665346150195,23.749285594316703,0.011874642797158351,0.677478441184158,-0.016310675347385457
trailing,0.5,1.429,0.01529257928751546,23.742177990085285,0.011871088995042642,0.6772756877743288,-0.016310948356842492
trailing,0.5,1.43,0.015230744271712992,23.73507245266364,0.011867536226331821,0.6770729933228653,-0.01631122034343989
trailing,0.5,1.431,0.015169159283659748,23.72796898169524,0.01186398449084762,0.6768703578195969,-0.016311491311012154
trailing,0.5,1.432,0.015107823312377193,23.720867576822634,0.011860433788411317,0.676667781254327,-0.016311761263378948
trailing,0.5,1.433,0.015046735350974593,23.713768237687376,0.011856884118843688,0.6764652636168305,-0.01631203020434588
trailing,0.5,1.434,0.014985894396632598,23.70667096393011,0.011853335481965056,0.6762628048968562,-0.016312298137704358
trailing,0.5,1.435,0.01492529945058667,23.699575755190523,0.01184978787759526,0.6760604050841257,-0.01631256506723113
trailing,0.5,1.436,0.014864949518110791,23.692482611107337,0.01184624130555367,0.6758580641683332,-0.01631283099668926
trailing,0.5,1.437,0.01480484360850102,23.68539153131838,0.011842695765659191,0.6756557821391472,-0.016313095929827545
trailing,0.5,1.438,0.014744980735059384,23.67830251546052,0.01183915125773026,0.675453558986209,-0.01631335987038049
trailing,0.5,1.439,0.014685359915077498,23.671215563169703,0.011835607781584852,0.6752513946991334,-0.01631362282206884
trailing,0.5,1.44,0.01462598016982059,23.66413067408097,0.011832065337040485,0.6750492892675095,-0.0163138847885993
trailing,0.5,1.441,0.014566840524511316,23.65704784782842,0.01182852392391421,0.6748472426808997,-0.01631414577366461
trailing,0.5,1.442,0.01450794000831386,23.649967084045254,0.011824983542022627,0.6746452549288403,-0.016314405780943873
trailing,0.5,1.443,0.014449277654317897,23.64288838236376,0.011821444191181881,0.674443326000842,-0.016314664814102025
trailing,0.5,1.444,0.014390852499522827,23.63581174241533,0.011817905871207665,0.6742414558863897,-0.016314922876790514
trailing,0.5,1.445,0.01433266358482185,23.62873716383044,0.01181436858191522,0.6740396445749424,-0.016315179972647125
trailing,0.5,1.446,0.014274709954986337,23.621664646238678,0.011810832323119339,0.6738378920559335,-0.01631543610529575
trailing,0.5,1.447,0.014216990658650027,23.61459418926874,0.01180729709463437,0.6736361983187712,-0.016315691278346974
trailing,0.5,1.448,0.01415950474829357,23.607525792548447,0.011803762896274224,0.6734345633528385,-0.01631594549539753
trailing,0.5,1.449,0.014102251280228779,23.60045945570471,0.011800229727852354,0.6732329871474926,-0.01631619876003095
trailing,0.5,1.45,0.014045229314583308,23.5933951783636,0.0117966975891818,0.6730314696920668,-0.016316451075817015
trailing,0.5,1.451,0.013988437915285106,23.586332960150273,0.011793166480075137,0.6728300109758681,-0.01631670244631245
trailing,0.5,1.452,0.013931876150047135,23.579272800689044,0.011789636400344522,0.6726286109881797,-0.016316952875060336
trailing,0.5,1.453,0.01387554309035199,23.57221469960335,0.011786107349801676,0.6724272697182595,-0.016317202365590745
trailing,0.5,1.454,0.013819437811436732,23.56515865651577,0.011782579328257886,0.6722259871553413,-0.01631745092142019
trailing,0.5,1.455,0.013763559392277629,23.558104671048024,0.011779052335524013,0.672024763288634,-0.01631769854605225
trailing,0.5,1.456,0.013707906915575111,23.55105274282098,0.011775526371410489,0.6718235981073224,-0.016317945242977288
trailing,0.5,1.457,0.013652479467738662,23.544002871454662,0.011772001435727332,0.6716224916005673,-0.016318191015672365
trailing,0.5,1.458,0.013597276138871853,23.53695505656824,0.011768477528284119,0.671421443757505,-0.016318435867601844
trailing,0.5,1.459,0.013542296022757349,23.529909297780044,0.011764954648890023,0.671220454567248,-0.016318679802216934
trailing,0.5,1.46,0.01348753821684213,23.522865594707582,0.011761432797353791,0.671019524018885,-0.016318922822955738
trailing,0.5,1.461,0.013433001822222559,23.51582394696751,0.011757911973483757,0.6708186521014807,-0.016319164933243712
trailing,0.5,1.462,0.013378685943629743,23.50878435417567,0.011754392177087835,0.6706178388040765,-0.016319406136493308
trailing,0.5,1.463,0.013324589689414724,23.501746815947072,0.011750873407973537,0.6704170841156902,-0.016319646436104323
trailing,0.5,1.464,0.013270712171533944,23.494711331895907,0.011747355665947954,0.670216388025316,-0.01631988583546355
trailing,0.5,1.465,0.013217052505534574,23.487677901635557,0.011743838950817778,0.6700157505219252,-0.01632012433794538
trailing,0.5,1.466,0.01316360981054007,23.480646524778575,0.011740323262389288,0.6698151715944654,-0.016320361946911305
trailing,0.5,1.467,0.013110383209235675,23.473617200936726,0.011736808600468364,0.6696146512318615,-0.016320598665710312
trailing,0.5,1.468,0.013057371827854033,23.46658992972096,0.01173329496486048,0.6694141894230156,-0.01632083449767873
trailing,0.5,1.469,0.0130045747961608,23.459564710741425,0.011729782355370713,0.6692137861568065,-0.016321069446140493
trailing,0.5,1.47,0.012951991247440444,23.452541543607484,0.011726270771803743,0.669013441422091,-0.016321303514407127
trailing,0.5,1.471,0.01289962031848192,23.44552042792769,0.011722760213963845,0.6688131552077022,-0.01632153670577746
trailing,0.5,1.472,0.012847461149564591,23.438501363309825,0.011719250681654914,0.668612927502452,-0.016321769023538202
trailing,0.5,1.473,0.012795512884444027,23.431484349360876,0.011715742174680438,0.668412758295129,-0.016322000470963584
trailing,0.5,1.474,0.01274377467033804,23.424469385687054,0.011712234692843528,0.6682126475745,-0.01632223105131566
trailing,0.5,1.475,0.012692245657912587,23.417456471893786,0.011708728235946894,0.6680125953293091,-0.016322460767844348
trailing,0.5,1.476,0.012640925001267914,23.410445607585736,0.011705222803792869,0.667812601548279,-0.01632268962378685
trailing,0.5,1.477,0.012589811857924627,23.40343679236679,0.011701718396183395,0.6676126662201101,-0.016322917622368927
trailing,0.5,1.478,0.012538905388809871,23.396430025840083,0.011698215012920041,0.667412789333481,-0.016323144766803774
trailing,0.5,1.479,0.012488204758243525,23.389425307607965,0.011694712653803983,0.6672129708770486,-0.01632337106029279
trailing,0.5,1.48,0.012437709133924555,23.382422637272057,0.011691211318636029,0.6670132108394484,-0.016323596506025075
trailing,0.5,1.481,0.012387417686917264,23.375422014433198,0.011687711007216599,0.666813509209294,-0.016323821107178112
trailing,0.5,1.482,0.012337329591637771,23.3684234386915,0.011684211719345751,0.666613865975178,-0.01632404486691704
trailing,0.5,1.483,0.012287444025840368,23.361426909646315,0.011680713454823157,0.6664142811256714,-0.016324267788395696
trailing,0.5,1.484,0.012237760170604118,23.354432426896253,0.011677216213448126,0.6662147546493239,-0.016324489874755457
trailing,0.5,1.485,0.012188277210319318,23.347439990039188,0.011673719995019594,0.6660152865346647,-0.0163247111291265
trailing,0.5,1.486,0.012138994332674187,23.34044959867227,0.011670224799336135,0.6658158767702017,-0.016324931554626793
trailing,0.5,1.487,0.012089910728641483,23.333461252391885,0.011666730626195942,0.6656165253444214,-0.016325151154362914
trailing,0.5,1.488,0.012041025592465254,23.326474950793735,0.011663237475396868,0.6654172322457906,-0.01632536993142957
trailing,0.5,1.489,0.011992338121647562,23.319490693472755,0.011659745346736378,0.6652179974627546,-0.01632558788891008
trailing,0.5,1.49,0.011943847516935379,23.312508480023194,0.011656254240011597,0.6650188209837384,-0.01632580502987604
trailing,0.5,1.491,0.011895552982307395,23.305528310038564,0.011652764155019282,0.6648197027971469,-0.01632602135738752
trailing,0.5,1.492,0.011847453724961017,23.298550183111665,0.011649275091555833,0.6646206428913637,-0.016326236874493204
trailing,0.5,1.493,0.011799548955299291,23.2915740988346,0.011645787049417301,0.6644216412547534,-0.016326451584230243
trailing,0.5,1.494,0.011751837886918002,23.28460005679875,0.011642300028399376,0.6642226978756595,-0.016326665489624533
trailing,0.5,1.495,0.0117043197365927,23.277628056594807,0.011638814028297403,0.6640238127424059,-0.016326878593690558
trailing,0.5,1.496,0.011656993724265902,23.27065809781275,0.011635329048906375,0.6638249858432963,-0.016327090899431306
trailing,0.5,1.497,0.01160985907303425,23.26369018004187,0.011631845090020935,0.6636262171666147,-0.0163273024098388
trailing,0.5,1.498,0.011562915009135784,23.25672430287077,0.011628362151435385,0.6634275067006254,-0.01632751312789377
trailing,0.5,1.499,0.011516160761937188,23.249760465887352,0.011624880232943675,0.663228854433573,-0.01632772305656559
trailing,0.5,1.5,0.011469595563921213,23.242798668678855,0.011621399334339427,0.6630302603536828,-0.016327932198812574
trailing,0.5,1.5010000000000001,0.011423218650674005,23.235838910831802,0.011617919455415902,0.6628317244491599,-0.016328140557582034
trailing,0.5,1.502,0.011377029260872633,23.22888119193208,0.011614440595966039,0.6626332467081912,-0.016328348135810286
trailing,0.5,1.5030000000000001,0.0113310266362725,23.221925511564866,0.011610962755782434,0.6624348271189433,-0.016328554936422327
trailing,0.5,1.504,0.01128521002169499,23.21497186931468,0.01160748593465734,0.6622364656695642,-0.016328760962332618
trailing,0.5,1.5050000000000001,0.011239578665014977,23.208020264765373,0.011604010132382688,0.6620381623481826,-0.016328966216444144
trailing,0.5,1.506,0.011194131817148598,23.20107069750014,0.011600535348750069,0.6618399171429087,-0.016329170701649454
trailing,0.5,1.5070000000000001,0.011148868732040807,23.1941231671015,0.01159706158355075,0.6616417300418331,-0.016329374420830187
trailing,0.5,1.508,0.011103788666653265,23.18717767315132,0.011593588836575661,0.6614436010330286,-0.016329577376856974
trailing,0.5,1.5090000000000001,0.011058890880952035,23.18023421523081,0.011590117107615407,0.661245530104548,-0.016329779572589895
trailing,0.5,1.51,0.01101417463789553,23.17329279292055,0.011586646396460275,0.6610475172444272,-0.016329981010877927
trailing,0.5,1.5110000000000001,0.010969639203422317,23.166353405800436,0.011583176702900218,0.6608495624406822,-0.016330181694560037
trailing,0.5,1.512,0.010925283846439161,23.15941605344975,0.011579708026724875,0.6606516656813113,-0.016330381626463795
trailing,0.5,1.5130000000000001,0.010881107838808931,23.152480735447114,0.011576240367723556,0.6604538269542943,-0.01633058080940681
trailing,0.5,1.514,0.010837110455338743,23.145547451370533,0.011572773725685267,0.6602560462475933,-0.01633077924619554
trailing,0.5,1.5150000000000001,0.010793290973767944,23.13861620079735,0.011569308100398676,0.6600583235491514,-0.01633097693962639
trailing,0.5,1.516,0.010749648674756395,23.131686983304302,0.01156584349165215,0.6598606588468944,-0.016331173892485056
trailing,0.5,1.5170000000000001,0.01070618284187251,23.124759798467483,0.011562379899233742,0.65966305212873,-0.016331370107546782
trailing,0.5,1.518,0.010662892761581624,23.11783464586237,0.011558917322931185,0.6594655033825481,-0.01633156558757651
trailing,0.5,1.5190000000000001,0.010619777723234181,23.110911525063813,0.011555455762531907,0.6592680125962206,-0.016331760335328672
trailing,0.5,1.52,0.01057683701905415,23.10399043564605,0.011551995217823026,0.6590705797576023,-0.016331954353547548
trailing,0.5,1.5210000000000001,0.010534069944127332,23.09707137718269,0.011548535688591346,0.6588732048545298,-0.016332147644966964
trailing,0.5,1.522,0.010491475796389862,23.09015434924676,0.01154507717462338,0.6586758878748231,-0.01633234021231044
trailing,0.5,1.5230000000000001,0.010449053876616606,23.08323935141064,0.011541619675705321,0.6584786288062839,-0.01633253205829155
trailing,0.5,1.524,0.010406803488409765,23.076326383246133,0.011538163191623067,0.6582814276366974,-0.016332723185613643
trailing,0.5,1.5250000000000001,0.01036472393818735,23.069415444324427,0.011534707722162214,0.6580842843538309,-0.016332913596969485
trailing,0.5,1.526,0.010322814535171912,23.06250653421612,0.01153125326710806,0.6578871989454353,-0.016333103295042374
trailing,0.5,1.5270000000000001,0.010281074591379072,23.0555996524912,0.0115277998262456,0.6576901713992442,-0.01633329228250516
trailing,0.5,1.528,0.01023950342160634,23.048694798719072,0.011524347399359536,0.6574932017029741,-0.016333480562020684
trailing,0.5,1.5290000000000001,0.01019810034342178,23.041791972468552,0.011520895986234276,0.6572962898443249,-0.016333668136242086
trailing,0.5,1.53,0.010156864677152884,23.034891173307862,0.011517445586653931,0.6570994358109796,-0.0163338550078121
trailing,0.5,1.5310000000000001,0.010115795745875338,23.02799240080465,0.011513996200402325,0.6569026395906049,-0.01633404117936405
trailing,0.5,1.532,0.010074892875401984,23.02109565452597,0.011510547827262985,0.6567059011708505,-0.01633422665352091
trailing,0.5,1.5330000000000001,0.010034155394271682,23.014200934038318,0.011507100467019159,0.65650922053935,-0.016334411432896205
trailing,0.5,1.534,0.009993582633738361,23.00730823890759,0.011503654119453796,0.6563125976837202,-0.016334595520093444
trailing,0.5,1.5350000000000001,0.00995317392775995,23.00041756869913,0.011500208784349566,0.6561160325915619,-0.01633477891770639
trailing,0.5,1.536,0.009912928612987561,22.99352892297772,0.01149676446148886,0.6559195252504599,-0.016334961628319045
trailing,0.5,1.537,0.009872846028754488,22.986642301307544,0.011493321150653771,0.655723075647982,-0.016335143654506057
trailing,0.5,1.538,0.009832925517065404,22.979757703252247,0.011489878851626124,0.6555266837716808,-0.01633532499883197
trailing,0.5,1.539,0.0097931664225856,22.97287512837492,0.01148643756418746,0.6553303496090928,-0.01633550566385193
trailing,0.5,1.54,0.00975356809263015,22.965994576238085,0.011482997288119043,0.6551340731477383,-0.016335685652111416
trailing,0.5,1.541,0.009714129877153277,22.95911604640371,0.011479558023201856,0.654937854375122,-0.016335864966146408
trailing,0.5,1.542,0.009674851128737599,22.95223953843322,0.011476119769216609,0.6547416932787329,-0.016336043608483435
trailing,0.5,1.543,0.009635731202583583,22.945365051887485,0.011472682525943743,0.6545455898460444,-0.016336221581639512
trailing,0.5,1.544,0.009596769456498892,22.93849258632683,0.011469246293163416,0.6543495440645141,-0.01633639888812226
trailing,0.5,1.545,0.009557965250887883,22.93162214131105,0.011465811070655524,0.6541535559215845,-0.016336575530429633
trailing,0.5,1.546,0.009519317948741104,22.924753716399383,0.011462376858199692,0.6539576254046826,-0.016336751511050688
trailing,0.5,1.547,0.009480826915624822,22.917887311150544,0.011458943655575272,0.6537617525012199,-0.016336926832464727
trailing,0.5,1.548,0.009442491519670599,22.911022925122708,0.011455511462561354,0.653565937198593,-0.016337101497141893
trailing,0.5,1.549,0.009404311131564968,22.904160557873528,0.011452080278936764,0.6533701794841833,-0.01633727550754313
trailing,0.5,1.55,0.009366285124539029,22.897300208960115,0.011448650104480058,0.6531744793453568,-0.016337448866120166
trailing,0.5,1.551,0.009328412874358243,22.890441877939065,0.011445220938969533,0.6529788367694648,-0.016337621575315386
trailing,0.5,1.552,0.009290693759312104,22.88358556436645,0.011441792782183225,0.6527832517438438,-0.016337793637562215
trailing,0.5,1.553,0.009253127160204003,22.876731267797826,0.011438365633898913,0.6525877242558155,-0.01633796505528472
trailing,0.5,1.554,0.00921571246034099,22.86987898778823,0.011434939493894115,0.6523922542926865,-0.016338135830898118
trailing,0.5,1.555,0.009178449045523753,22.863028723892178,0.01143151436194609,0.6521968418417492,-0.016338305966808468
trailing,0.5,1.556,0.009141336304036412,22.856180475663685,0.011428090237831843,0.6520014868902809,-0.016338475465412724
trailing,0.5,1.557,0.009104373626636582,22.84933424265625,0.011424667121328126,0.651806189425545,-0.016338644329099036
trailing,0.5,1.558,0.009067560406545295,22.842490024422883,0.011421245012211442,0.6516109494347903,-0.01633881256024635
trailing,0.5,1.559,0.009030896039437105,22.835647820516073,0.011417823910258036,0.6514157669052509,-0.016338980161224953
trailing,0.5,1.56,0.008994379923430105,22.828807630487812,0.011414403815243907,0.6512206418241472,-0.016339147134396027
trailing,0.5,1.561,0.008958011459076107,22.821969453889608,0.011410984726944804,0.6510255741786849,-0.016339313482112157
trailing,0.5,1.562,0.00892179004935074,22.815133290272453,0.011407566645136227,0.6508305639560558,-0.016339479206716762
trailing,0.5,1.563,0.008885715099643709,22.808299139186868,0.011404149569593434,0.6506356111434378,-0.016339644310544715
trailing,0.5,1.564,0.008849786017748969,22.80146700018287,0.011400733500091435,0.6504407157279948,-0.016339808795922173
trailing,0.5,1.565,0.008814002213855096,22.79463687281,0.011397318436404999,0.6502458776968765,-0.016339972665166503
trailing,0.5,1.566,0.008778363100535489,22.787808756617302,0.011393904378308652,0.6500510970372191,-0.01634013592058615
trailing,0.5,1.567,0.008742868092738828,22.780982651153362,0.011390491325576681,0.6498563737361454,-0.016340298564481368
trailing,0.5,1.568,0.008707516607779398,22.774158555966263,0.011387079277983133,0.6496617077807637,-0.016340460599143344
trailing,0.5,1.569,0.008672308065327579,22.767336470603624,0.011383668235301812,0.6494670991581696,-0.01634062202685487
trailing,0.5,1.57,0.00863724188740027,22.760516394612587,0.011380258197306294,0.6492725478554444,-0.01634078284989043
trailing,0.5,1.571,0.008602317498351449,22.753698327539826,0.011376849163769914,0.6490780538596567,-0.016340943070515448
trailing,0.5,1.572,0.008567534324862671,22.746882268931547,0.011373441134465773,0.6488836171578612,-0.016341102690987146
trailing,0.5,1.573,0.008532891795933719,22.74006821833349,0.011370034109166746,0.6486892377370997,-0.016341261713554343
trailing,0.5,1.574,0.008498389342873149,22.73325617529093,0.011366628087645466,0.6484949155844006,-0.01634142014045745
trailing,0.5,1.575,0.008464026399289061,22.72644613934869,0.011363223069674345,0.6483006506867794,-0.01634157797392817
trailing,0.5,1.576,0.008429802401079687,22.71963811005111,0.011359819055025555,0.6481064430312379,-0.01634173521619016
trailing,0.5,1.577,0.008395716786424218,22.71283208694211,0.011356416043471056,0.6479122926047656,-0.01634189186945871
trailing,0.5,1.578,0.008361768995773526,22.706028069565136,0.011353014034782567,0.6477181993943388,-0.016342047935940567
trailing,0.5,1.579,0.008327958471841023,22.699226057463186,0.011349613028731593,0.6475241633869211,-0.01634220341783446
trailing,0.5,1.58,0.008294284659593464,22.692426050178813,0.011346213025089407,0.6473301845694631,-0.016342358317330725
trailing,0.5,1.581,0.008260747006241891,22.685628047254124,0.011342814023627062,0.6471362629289028,-0.016342512636611482
trailing,0.5,1.582,0.008227344961232503,22.67883204823078,0.01133941602411539,0.6469423984521657,-0.016342666377850854
trailing,0.5,1.583,0.008194077976237663,22.672038052650016,0.01133601902632501,0.6467485911261647,-0.016342819543214555
trailing,0.5,1.584,0.008160945505146852,22.66524606005261,0.011332623030026304,0.6465548409378,-0.016342972134860443
trailing,0.5,1.585,0.008127947004057778,22.658456069978914,0.011329228034989458,0.6463611478739597,-0.016343124154937976
trailing,0.5,1.586,0.008095081931267347,22.651668081968843,0.011325834040984422,0.646167511921519,-0.016343275605588944
trailing,0.5,1.587,0.00806234974726286,22.64488209556189,0.011322441047780945,0.6459739330673416,-0.016343426488946752
trailing,0.5,1.588,0.008029749914713086,22.638098110297115,0.011319049055148557,0.6457804112982786,-0.016343576807136828
trailing,0.5,1.589,0.00799728189845951,22.631316125713145,0.011315658062856573,0.6455869466011686,-0.016343726562277058
trailing,0.5,1.59,0.00796494516550748,22.624536141348194,0.011312268070674097,0.6453935389628387,-0.016343875756476823
trailing,0.5,1.591,0.007932739185017516,22.617758156740056,0.011308879078370028,0.6452001883701037,-0.01634402439183799
trailing,0.5,1.592,0.007900663428296545,22.610982171426095,0.011305491085713047,0.6450068948097666,-0.016344172470454332
trailing,0.5,1.593,0.007868717368789269,22.60420818494328,0.01130210409247164,0.6448136582686187,-0.01634431999441191
trailing,0.5,1.594,0.007836900482069468,22.597436196828134,0.011298718098414068,0.6446204787334388,-0.016344466965788774
trailing,0.5,1.595,0.0078052122458314695,22.590666206616806,0.011295333103308403,0.6444273561909948,-0.01634461338665543
trailing,0.5,1.596,0.007773652139881473,22.583898213845004,0.011291949106922501,0.6442342906280423,-0.016344759259074623
trailing,0.5,1.597,0.007742219646129102,22.57713221804805,0.011288566109024026,0.6440412820313257,-0.016344904585100996
trailing,0.5,1.598,0.007710914248578834,22.570368218760855,0.011285184109380429,0.6438483303875779,-0.01634504936678188
trailing,0.5,1.599,0.00767973543332158,22.563606215517925,0.011281803107758963,0.64365543568352,-0.016345193606156758
trailing,0.5,1.6,0.007648682688526202,22.556846207853365,0.011278423103926682,0.6434625979058618,-0.016345337305257557
trailing,0.5,1.601,0.007617755504431156,22.5500881953009,0.011275044097650452,0.6432698170413021,-0.01634548046610834
trailing,0.5,1.602,0.007586953373336078,22.543332177393832,0.011271666088696916,0.6430770930765278,-0.016345623090726076
trailing,0.5,1.603,0.007556275789593489,22.536578153665094,0.011268289076832546,0.6428844259982154,-0.016345765181119624
trailing,0.5,1.604,0.007525722249600476,22.52982612364722,0.01126491306182361,0.6426918157930295,-0.016345906739290636
trailing,0.5,1.605,0.007495292251790433,22.523076086872347,0.011261538043436175,0.642499262447624,-0.01634604776723326
trailing,0.5,1.606,0.007464985296624795,22.516328042872242,0.011258164021436121,0.6423067659486419,-0.01634618826693394
trailing,0.5,1.607,0.007434800886584899,22.509581991178273,0.011254790995589136,0.6421143262827147,-0.016346328240372014
trailing,0.5,1.608,0.007404738526163752,22.50283793132144,0.01125141896566072,0.6419219434364639,-0.016346467689518966
trailing,0.5,1.609,0.007374797721857949,22.496095862832355,0.011248047931416177,0.6417296173964994,-0.01634660661633942
trailing,0.5,1.61,0.007344977982159527,22.48935578524126,0.01124467789262063,0.6415373481494206,-0.0163467450227901
trailing,0.5,1.611,0.007315278817547943,22.482617698078016,0.011241308849039008,0.6413451356818166,-0.01634688291082072
trailing,0.5,1.612,0.00728569974048199,22.475881600872103,0.011237940800436053,0.6411529799802649,-0.01634702028237375
trailing,0.5,1.613,0.007256240265391831,22.46914749315265,0.011234573746576326,0.6409608810313334,-0.016347157139384033
trailing,0.5,1.614,0.007226899908671013,22.462415374448405,0.011231207687224203,0.6407688388215791,-0.01634729348377953
trailing,0.5,1.615,0.007197678188668532,22.45568524428776,0.01122784262214388,0.6405768533375488,-0.01634742931748063
trailing,0.5,1.616,0.007168574625680903,22.44895710219873,0.011224478551099365,0.6403849245657783,-0.016347564642400777
trailing,0.5,1.617,0.007139588741944337,22.442230947708975,0.011221115473854487,0.6401930524927939,-0.016347699460446306
trailing,0.5,1.618,0.007110720061626835,22.43550678034579,0.011217753390172894,0.6400012371051107,-0.016347833773516146
trailing,0.5,1.619,0.007081968110820435,22.428784599636128,0.011214392299818065,0.6398094783892346,-0.016347967583502123
trailing,0.5,1.62,0.007053332417533381,22.422064405106564,0.011211032202553282,0.6396177763316606,-0.01634810089228935
trailing,0.5,1.621,0.007024812511682425,22.415346196283338,0.01120767309814167,0.639426130918874,-0.0163482337017553
trailing,0.5,1.622,0.006996407925085056,22.408629972692328,0.011204314986346164,0.63923454213735,-0.016348366013770925
trailing,0.5,1.623,0.006968118191451868,22.401915733859074,0.011200957866929538,0.6390430099735539,-0.016348497830199885
trailing,0.5,1.624,0.006939942846378866,22.39520347930875,0.011197601739654376,0.6388515344139408,-0.016348629152898867
trailing,0.5,1.625,0.006911881427339868,22.388493208566214,0.011194246604283108,0.6386601154449565,-0.016348759983717726
trailing,0.5,1.6260000000000001,0.006883933473678883,22.38178492115595,0.011190892460577976,0.6384687530530364,-0.016348890324499293
trailing,0.5,1.627,0.006856098526602586,22.375078616602128,0.011187539308301063,0.6382774472246069,-0.0163490201770794
trailing,0.5,1.6280000000000001,0.006828376129172746,22.36837429442855,0.011184187147214274,0.6380861979460838,-0.016349149543287277
trailing,0.5,1.629,0.00680076582629877,22.36167195415871,0.011180835977079355,0.6378950052038742,-0.016349278424944946
trailing,0.5,1.6300000000000001,0.006773267164730184,22.354971595315753,0.011177485797657876,0.6377038689843751,-0.01634940682386782
trailing,0.5,1.631,0.00674587969304924,22.3482732174225,0.01117413660871125,0.6375127892739745,-0.016349534741864565
trailing,0.5,1.6320000000000001,0.006718602961663458,22.34157682000142,0.011170788410000711,0.6373217660590502,-0.016349662180736937
trailing,0.5,1.633,0.0066914365227982876,22.33488240257469,0.011167441201287345,0.6371307993259715,-0.016349789142279834
trailing,0.5,1.6340000000000001,0.0066643799304897345,22.328189964664116,0.011164094982332059,0.6369398890610977,-0.0163499156282817
trailing,0.5,1.635,0.006637432740577049,22.32149950579122,0.01116074975289561,0.6367490352507792,-0.01635004164052408
trailing,0.5,1.6360000000000001,0.006610594510695413,22.314811025477177,0.011157405512738588,0.6365582378813571,-0.016350167180781913
trailing,0.5,1.637,0.0065838648002687185,22.308124523242853,0.011154062261621427,0.6363674969391636,-0.01635029225082342
trailing,0.5,1.6380000000000001,0.006557243170502288,22.30143999860878,0.011150719999304391,0.6361768124105212,-0.01635041685241033
trailing,0.5,1.639,0.006530729184375719,22.294757451095197,0.011147378725547599,0.6359861842817438,-0.016350540987297612
trailing,0.5,1.6400000000000001,0.006504322406635665,22.288076880222015,0.011144038440111007,0.6357956125391366,-0.016350664657233782
trailing,0.5,1.641,0.006478022403788728,22.28139828550882,0.011140699142754411,0.6356050971689953,-0.01635078786396055
trailing,0.5,1.6420000000000001,0.006451828744094309,22.274721666474914,0.011137360833237457,0.635414638157607,-0.016350910609213568
trailing,0.5,1.643,0.006425740997557551,22.268047022639273,0.011134023511319638,0.6352242354912501,-0.016351032894721538
trailing,0.5,1.6440000000000001,0.006399758735922263,22.261374353520562,0.011130687176760282,0.6350338891561939,-0.01635115472220695
trailing,0.5,1.645,0.006373881532663896,22.254703658637155,0.011127351829318578,0.6348435991386993,-0.016351276093385693
trailing,0.5,1.6460000000000001,0.006348108962982523,22.248034937507118,0.011124017468753558,0.6346533654250186,-0.016351397009967152
trailing,0.5,1.647,0.0063224406037959025,22.241368189648203,0.011120684094824102,0.6344631880013951,-0.016351517473654705
trailing,0.5,1.6480000000000001,0.0062968760337324915,22.234703414577886,0.011117351707288944,0.6342730668540643,-0.016351637486144727
trailing,0.5,1.649,0.006271414833124565,22.228040611813327,0.011114020305906663,0.6340830019692522,-0.016351757049127835
trailing,0.5,1.6500000000000001,0.006246056584001297,22.221379780871395,0.011110689890435697,0.6338929933331773,-0.016351876164287987
trailing,0.5,1.651,0.0062208008700819235,22.214720921268675,0.011107360460634338,0.6337030409320492,-0.016351994833302748
trailing,0.5,1.6520000000000001,0.006195647276768877,22.20806403252144,0.01110403201626072,0.6335131447520692,-0.016352113057843818
trailing,0.5,1.653,0.006170595391141036,22.201409114145694,0.011100704557072847,0.6333233047794309,-0.01635223083957604
trailing,0.5,1.6540000000000001,0.006145644801946876,22.19475616565714,0.01109737808282857,0.6331335210003186,-0.016352348180158512
trailing,0.5,1.655,0.006120795099597778,22.188105186571207,0.011094052593285603,0.6329437934009098,-0.01635246508124377
trailing,0.5,1.6560000000000001,0.00609604587616126,22.181456176403017,0.01109072808820151,0.6327541219673724,-0.016352581544478544
trailing,0.5,1.657,0.006071396725354324,22.174809134667438,0.011087404567333719,0.6325645066858675,-0.016352697571502962
trailing,0.5,1.6580000000000001,0.006046847242536739,22.16816406087903,0.011084082030439514,0.6323749475425473,-0.01635281316395135
trailing,0.5,1.659,0.0060223970247044465,22.161520954552092,0.011080760477276045,0.6321854445235566,-0.016352928323451716
trailing,0.5,1.6600000000000001,0.005998045670482897,22.15487981520064,0.011077439907600321,0.6319959976150322,-0.01635304305162598
trailing,0.5,1.661,0.00597379278012051,22.148240642338422,0.01107412032116921,0.6318066068031029,-0.016353157350090044
trailing,0.5,1.6620000000000001,0.005949637955482057,22.141603435478892,0.011070801717739446,0.6316172720738895,-0.016353271220453658
trailing,0.5,1.663,0.005925580800042193,22.134968194135254,0.011067484097067627,0.6314279934135055,-0.016353384664320725
trailing,0.5,1.6640000000000001,0.005901620918878875,22.128334917820432,0.011064167458910217,0.6312387708080566,-0.01635349768328903
trailing,0.5,1.665,0.005877757918666938,22.12170360604709,0.011060851803023545,0.6310496042436406,-0.016353610278950166
trailing,0.5,1.666,0.005853991407671597,22.11507425832761,0.011057537129163806,0.6308604937063478,-0.016353722452890157
trailing,0.5,1.667,0.005830320995742037,22.108446874174117,0.01105422343708706,0.6306714391822609,-0.016353834206688782
trailing,0.5,1.668,0.005806746294305014,22.10182145309848,0.01105091072654924,0.6304824406574554,-0.016353945541920014
trailing,0.5,1.669,0.005783266916358453,22.095197994612292,0.011047598997306146,0.6302934981179987,-0.01635405646015202
trailing,0.5,1.67,0.005759882476465121,22.088576498226903,0.011044288249113451,0.6301046115499517,-0.016354166962946757
trailing,0.5,1.671,0.0057365925907462735,22.0819569634534,0.0110409784817267,0.6299157809393674,-0.01635427705186063
trailing,0.5,1.672,0.005713396876875377,22.075339389802593,0.011037669694901296,0.629727006272291,-0.0163543867284443
trailing,0.5,1.673,0.005690294954071822,22.06872377678507,0.011034361888392536,0.6295382875347614,-0.016354495994242303
trailing,0.5,1.674,0.005667286443094672,22.06211012391115,0.011031055061955576,0.6293496247128099,-0.01635460485079353
trailing,0.5,1.675,0.005644370966236427,22.055498430690907,0.011027749215345453,0.6291610177924606,-0.016354713299631025
trailing,0.5,1.676,0.00562154814731685,22.048888696634144,0.011024444348317073,0.6289724667597302,-0.016354821342282364
trailing,0.5,1.677,0.005598817611676762,22.042280921250445,0.011021140460625222,0.6287839716006288,-0.016354928980269124
trailing,0.5,1.678,0.005576178986171921,22.03567510404914,0.011017837552024571,0.6285955323011596,-0.016355036215107227
trailing,0.5,1.679,0.005553631899166861,22.029071244539306,0.011014535622269653,0.6284071488473183,-0.01635514304830684
trailing,0.5,1.68,0.005531175980528829,22.022469342229776,0.011011234671114888,0.6282188212250938,-0.01635524948137282
trailing,0.5,1.681,0.00550881086162168,22.015869396629157,0.011007934698314579,0.6280305494204682,-0.016355355515803978
trailing,0.5,1.682,0.005486536175299842,22.009271407245805,0.011004635703622903,0.6278423334194172,-0.016355461153093713
trailing,0.5,1.683,0.00546435155590228,22.002675373587838,0.011001337686793919,0.6276541732079088,-0.01635556639472972
trailing,0.5,1.684,0.005442256639246507,21.99608129516314,0.01099804064758157,0.6274660687719051,-0.016355671242194246
trailing,0.5,1.685,0.005420251062622576,21.989489171479374,0.010994744585739687,0.6272780200973614,-0.016355775696963823
trailing,0.5,1.686,0.005398334464787165,21.98289900204394,0.01099144950102197,0.6270900271702258,-0.016355879760509683
trailing,0.5,1.687,0.00537650648595761,21.976310786364028,0.010988155393182014,0.62690208997644,-0.016355983434297356
trailing,0.5,1.688,0.00535476676780603,21.969724523946596,0.010984862261973299,0.6267142085019396,-0.016356086719786913
trailing,0.5,1.689,0.0053331149534534186,21.963140214298374,0.010981570107149187,0.6265263827326534,-0.01635618961843302
trailing,0.5,1.69,0.00531155068746381,21.956557856925862,0.01097827892846293,0.6263386126545035,-0.016356292131684685
trailing,0.5,1.691,0.005290073615838415,21.94997745133534,0.01097498872566767,0.6261508982534062,-0.016356394260985875
trailing,0.5,1.692,0.005268683386009839,21.94339899703285,0.010971699498516426,0.6259632395152707,-0.016356496007774685
trailing,0.5,1.693,0.0052473796468362815,21.936822493524232,0.010968411246762117,0.6257756364260001,-0.016356597373484216
trailing,0.5,1.694,0.005226162048595771,21.930247940315102,0.010965123970157552,0.6255880889714919,-0.01635669835954191
trailing,0.5,1.695,0.005205030242980411,21.923675336910833,0.010961837668455416,0.625400597137636,-0.01635679896737015
trailing,0.5,1.696,0.005183983883090699,21.91710468281662,0.010958552341408311,0.6252131609103175,-0.016356899198385528
trailing,0.5,1.697,0.005163022623429785,21.910535977537418,0.010955267988768709,0.6250257802754147,-0.016356999053999868
trailing,0.5,1.698,0.005142146119897846,21.903969220577963,0.010951984610288982,0.6248384552187994,-0.016357098535619445
trailing,0.5,1.699,0.005121354029786394,21.897404411442793,0.010948702205721396,0.624651185726338,-0.016357197644645122
trailing,0.5,1.7,0.005100646011772689,21.89084154963624,0.01094542077481812,0.6244639717838911,-0.01635729638247277
trailing,0.5,1.701,0.005080021725914097,21.884280634662403,0.010942140317331202,0.6242768133773123,-0.016357394750492894
trailing,0.5,1.702,0.005059480833642561,21.877721666025188,0.010938860833012595,0.62408971049245,-0.016357492750090852
trailing,0.5,1.703,0.005039022997758981,21.8711646432283,0.010935582321614151,0.6239026631151467,-0.016357590382646642
trailing,0.5,1.704,0.00501864788242773,21.864609565775226,0.010932304782887613,0.6237156712312387,-0.016357687649535407
trailing,0.5,1.705,0.004998355153171106,21.858056433169256,0.010929028216584629,0.6235287348265568,-0.016357784552126838
trailing,0.5,1.706,0.0049781444768638725,21.85150524491348,0.01092575262245674,0.623341853886926,-0.01635788109178567
trailing,0.5,1.707,0.004958015521727755,21.84495600051078,0.01092247800025539,0.6231550283981653,-0.016357977269871385
trailing,0.5,1.708,0.004937967957326033,21.838408699463855,0.010919204349731928,0.6229682583460886,-0.01635807308773836
trailing,0.5,1.709,0.004918001454558075,21.83186334127518,0.01091593167063759,0.6227815437165034,-0.016358168546736263
trailing,0.5,1.71,0.004898115685653975,21.825319925447065,0.010912659962723533,0.6225948844952125,-0.016358263648209262
trailing,0.5,1.711,0.004878310324169132,21.8187784514816,0.0109093892257408,0.6224082806680122,-0.01635835839349652
trailing,0.5,1.712,0.004858585044978944,21.812238918880688,0.010906119459440344,0.622221732220694,-0.01635845278393259
trailing,0.5,1.713,0.0048389395242734055,21.805701327146053,0.010902850663573027,0.6220352391390436,-0.01635854682084658
trailing,0.5,1.714,0.00481937343955185,21.799165675779207,0.010899582837889605,0.6218488014088411,-0.016358640505562783
trailing,0.5,1.715,0.004799886469617614,21.7926319642815,0.01089631598214075,0.6216624190158621,-0.016358733839400445
trailing,0.5,1.716,0.004780478294572795,21.786100192154073,0.010893050096077037,0.6214760919458756,-0.016358826823674153
trailing,0.5,1.717,0.004761148595812976,21.77957035889788,0.01088978517944894,0.6212898201846461,-0.016358919459693293
trailing,0.5,1.718,0.004741897056022017,21.77304246401371,0.010886521232006854,0.6211036037179326,-0.016359011748762392
trailing,0.5,1.719,0.004722723359166823,21.76651650700215,0.010883258253501076,0.6209174425314891,-0.016359103692181024
trailing,0.5,1.72,0.004703627190492179,21.75999248736362,0.01087999624368181,0.6207313366110639,-0.016359195291244157
trailing,0.5,1.721,0.004684608236515554,21.75347040459834,0.010876735202299169,0.6205452859424008,-0.016359286547241614
trailing,0.5,1.722,0.004665666185022005,21.746950258206372,0.010873475129103187,0.6203592905112381,-0.0163593774614586
trailing,0.5,1.723,0.004646800725058985,21.740432047687584,0.010870216023843792,0.6201733503033088,-0.01635946803517527
trailing,0.5,1.724,0.004628011546931296,21.73391577254168,0.01086695788627084,0.6199874653043413,-0.01635955826966723
trailing,0.5,1.725,0.004609298342195964,21.727401432268177,0.010863700716134088,0.6198016355000592,-0.016359648166205273
trailing,0.5,1.726,0.004590660803657213,21.720889026366436,0.010860444513183218,0.6196158608761806,-0.016359737726055094
trailing,0.5,1.727,0.0045720986253613835,21.714378554335624,0.010857189277167813,0.6194301414184187,-0.01635982695047818
trailing,0.5,1.728,0.0045536115025919454,21.707870015674757,0.010853935007837379,0.6192444771124824,-0.016359915840730814
trailing,0.5,1.729,0.004535199131864464,21.70136340988266,0.01085068170494133,0.619058867944075,-0.016360004398064874
trailing,0.5,1.73,0.00451686121092165,21.69485873645802,0.01084742936822901,0.6188733138988961,-0.016360092623727434
trailing,0.5,1.731,0.00449859743872836,21.688355994899325,0.010844177997449663,0.6186878149626391,-0.016360180518960918
trailing,0.5,1.732,0.004480407515466703,21.681855184704915,0.010840927592352457,0.6185023711209938,-0.016360268085002936
trailing,0.5,1.733,0.004462291142531065,21.67535630537297,0.010837678152686485,0.6183169823596449,-0.0163603553230869
trailing,0.5,1.734,0.004444248022523254,21.66885935640149,0.010834429678200745,0.6181316486642725,-0.01636044223444107
trailing,0.5,1.735,0.004426277859247578,21.662364337288334,0.010831182168644168,0.6179463700205521,-0.016360528820289395
trailing,0.5,1.736,0.004408380357706021,21.655871247531188,0.010827935623765593,0.6177611464141547,-0.016360615081851222
trailing,0.5,1.737,0.004390555224093365,21.64938008662757,0.010824690043313785,0.6175759778307465,-0.016360701020341293
trailing,0.5,1.738,0.004372802165792398,21.642890854074864,0.010821445427037432,0.6173908642559894,-0.016360786636969698
trailing,0.5,1.739,0.0043551208913690815,21.636403549370282,0.010818201774685142,0.6172058056755411,-0.01636087193294227
trailing,0.5,1.74,0.004337511110567793,21.62991817201089,0.010814959086005445,0.6170208020750545,-0.016360956909459937
trailing,0.5,1.741,0.004319972534306533,21.62343472149359,0.010811717360746795,0.6168358534401783,-0.01636104156771943
trailing,0.5,1.742,0.00430250487467222,21.616953197315134,0.010808476598657567,0.6166509597565566,-0.016361125908913015
trailing,0.5,1.743,0.004285107844915912,21.610473598972124,0.010805236799486062,0.6164661210098293,-0.016361209934228207
trailing,0.5,1.744,0.004267781159448146,21.603995925961026,0.010801997962980514,0.6162813371856325,-0.016361293644848274
trailing,0.5,1.745,0.004250524533834215,21.59752017777814,0.01079876008888907,0.6160966082695976,-0.016361377041951966
trailing,0.5,1.746,0.00423333768478953,21.59104635391961,0.010795523176959804,0.6159119342473512,-0.01636146012671389
trailing,0.5,1.747,0.004216220330174936,21.58457445388146,0.01079228722694073,0.6157273151045172,-0.016361542900303797
trailing,0.5,1.748,0.004199172188992115,21.578104477159552,0.010789052238579776,0.6155427508267141,-0.016361625363887328
trailing,0.5,1.749,0.0041821929813789386,21.571636423249608,0.010785818211624804,0.6153582413995566,-0.016361707518625923
trailing,0.5,1.75,0.004165282428604911,21.565170291647213,0.010782585145823607,0.615173786808656,-0.01636178936567617
trailing,0.5,1.7510000000000001,0.00414844025306655,21.558706081847802,0.010779353040923902,0.6149893870396187,-0.016361870906190748
trailing,0.5,1.752,0.0041316661782828815,21.55224379334668,0.01077612189667334,0.6148050420780478,-0.016361952141317786
trailing,0.5,1.7530000000000001,0.004114959928890847,21.545783425638994,0.010772891712819498,0.6146207519095415,-0.016362033072201358
trailing,0.5,1.754,0.004098321230640826,21.539324978219785,0.010769662489109893,0.6144365165196953,-0.01636211369998098
trailing,0.5,1.7550000000000001,0.004081749810392105,21.532868450583923,0.010766434225291962,0.6142523358940999,-0.01636219402579222
trailing,0.5,1.756,0.0040652453961084155,21.526413842226173,0.010763206921113086,0.6140682100183427,-0.01636227405076593
trailing,0.5,1.7570000000000001,0.004048807716853449,21.51996115264114,0.01075998057632057,0.6138841388780066,-0.016362353776029123
trailing,0.5,1.758,0.004032436502786429,21.513510381323314,0.010756755190661658,0.6137001224586713,-0.01636243320270435
trailing,0.5,1.7590000000000001,0.00401613148515766,21.50706152776705,0.010753530763883525,0.6135161607459128,-0.016362512331910252
trailing,0.5,1.76,0.003999892396304133,21.50061459146657,0.010750307295733284,0.6133322537253029,-0.01636259116476093
trailing,0.5,1.7610000000000001,0.003983718969645125,21.494169571915968,0.010747084785957985,0.6131484013824102,-0.016362669702366467
trailing,0.5,1.762,0.003967610939677827,21.48772646860921,0.010743863234304606,0.6129646037027994,-0.01636274794583285
trailing,0.5,1.7630000000000001,0.003951568041972966,21.48128528104013,0.010740642640520066,0.6127808606720313,-0.01636282589626186
trailing,0.5,1.764,0.0039355900131704995,21.474846008702446,0.010737423004351224,0.6125971722756639,-0.016362903554751125
trailing,0.5,1.7650000000000001,0.003919676590975255,21.468408651089746,0.010734204325544873,0.6124135384992507,-0.01636298092239411
trailing,0.5,1.766,0.003903827514152656,21.461973207695497,0.01073098660384775,0.6122299593283427,-0.016363058000280237
trailing,0.5,1.7670000000000001,0.003888042522524406,21.45553967801304,0.01072776983900652,0.6120464347484864,-0.01636313478949507
trailing,0.5,1.768,0.0038723213569642418,21.4491080615356,0.0107245540307678,0.6118629647452256,-0.01636321129111962
trailing,0.5,1.7690000000000001,0.003856663759393658,21.44267835775627,0.010721339178878136,0.6116795493041002,-0.01636328750623144
trailing,0.5,1.77,0.0038410694727776876,21.436250566168045,0.010718125283084023,0.611496188410647,-0.016363363435903482
trailing,0.5,1.7710000000000001,0.003825538241120675,21.429824686263782,0.010714912343131891,0.6113128820503994,-0.01636343908120499
trailing,0.5,1.772,0.003810069809462076,21.423400717536236,0.010711700358768119,0.6111296302088873,-0.01636351444320116
trailing,0.5,1.7730000000000001,0.003794663923872261,21.41697865947804,0.01070848932973902,0.6109464328716376,-0.01636358952295323
trailing,0.5,1.774,0.0037793203314483684,21.410558511581712,0.010705279255790857,0.6107632900241737,-0.016363664321518336
trailing,0.5,1.7750000000000001,0.003764038780310129,21.40414027333966,0.010702070136669831,0.610580201652016,-0.016363738839949606
trailing,0.5,1.776,0.0037488190195957547,21.397723944244177,0.010698861972122088,0.6103971677406813,-0.01636381307929662
trailing,0.5,1.7770000000000001,0.003733660799457796,21.39130952378744,0.01069565476189372,0.6102141882756834,-0.016363887040604548
trailing,0.5,1.778,0.0037185638710590663,21.384897011461536,0.010692448505730768,0.6100312632425335,-0.016363960724915007
trailing,0.5,1.7790000000000001,0.0037035279865685286,21.37848640675842,0.01068924320337921,0.6098483926267388,-0.016364034133265315
trailing,0.5,1.78,0.0036885528991572533,21.372077709169957,0.01068603885458498,0.6096655764138044,-0.01636410726668923
trailing,0.5,1.7810000000000001,0.0036736383629943532,21.365670918187888,0.010682835459093945,0.6094828145892313,-0.01636418012621666
trailing,0.5,1.782,0.0036587841332429497,21.359266033303864,0.010679633016651932,0.6093001071385183,-0.016364252712873454
trailing,0.5,1.7830000000000001,0.0036439899660561464,21.352863054009422,0.01067643152700471,0.6091174540471609,-0.016364325027681665
trailing,0.5,1.784,0.003629255618573046,21.346461979796004,0.010673230989898003,0.6089348553006516,-0.016364397071659535
trailing,0.5,1.7850000000000001,0.003614580848914738,21.34006281015494,0.01067003140507747,0.6087523108844803,-0.016364468845821552
trailing,0.5,1.786,0.003599965416180352,21.333665544577467,0.010666832772288734,0.6085698207841337,-0.016364540351178455
trailing,0.5,1.7870000000000001,0.0035854090804430822,21.327270182554717,0.010663635091277358,0.6083873849850957,-0.016364611588736925
trailing,0.5,1.788,0.0035709116027462687,21.320876723577722,0.01066043836178886,0.6082050034728473,-0.016364682559500094
trailing,0.5,1.7890000000000001,0.0035564727450994532,21.31448516713742,0.01065724258356871,0.608022676232867,-0.01636475326446738
trailing,0.5,1.79,0.0035420922704744924,21.308095512724652,0.010654047756362327,0.6078404032506303,-0.01636482370463431
trailing,0.5,1.7910000000000001,0.0035277699428016554,21.301707759830162,0.010650853879915082,0.60765818451161,-0.016364893880992645
trailing,0.5,1.792,0.003513505526965754,21.295321907944594,0.010647660953972297,0.6074760200012762,-0.016364963794530653
trailing,0.5,1.793,0.0034992987888022744,21.288937956558506,0.010644468978279253,0.6072939097050962,-0.016365033446232687
trailing,0.5,1.794,0.003485149495093538,21.282555905162354,0.010641277952581178,0.6071118536085349,-0.016365102837079457
trailing,0.5,1.795,0.0034710574135648846,21.276175753246513,0.010638087876623256,0.6069298516970544,-0.016365171968048212
trailing,0.5,1.796,0.003457022312880834,21.269797500301266,0.010634898750150633,0.6067479039561144,-0.016365240840112098
trailing,0.5,1.797,0.003443043962641317,21.263421145816785,0.010631710572908393,0.6065660103711715,-0.01636530945424116
trailing,0.5,1.798,0.0034291221333778675,21.257046689283182,0.010628523344641592,0.6063841709276804,-0.016365377811401335
trailing,0.5,1.799,0.0034152565965498765,21.25067413019047,0.010625337065095235,0.6062023856110931,-0.01636544591255521
trailing,0.5,1.8,0.003401447124540819,21.244303468028566,0.010622151734014283,0.6060206544068589,-0.01636551375866157
trailing,0.5,1.801,0.0033876934906545498,21.23793470228732,0.01061896735114366,0.605838977300425,-0.016365581350675885
trailing,0.5,1.802,0.003373995469111539,21.23156783245648,0.010615783916228241,0.605657354277236,-0.016365648689549785
trailing,0.5,1.803,0.0033603528350452053,21.225202858025714,0.010612601429012858,0.6054757853227339,-0.016365715776231537
trailing,0.5,1.804,0.0033467653644981953,21.218839778484615,0.010609419889242307,0.6052942704223587,-0.01636578261166556
trailing,0.5,1.805,0.0033332328344187314,21.212478593322682,0.010606239296661341,0.6051128095615478,-0.01636584919679312
trailing,0.5,1.806,0.0033197550226569247,21.20611930202935,0.010603059651014676,0.6049314027257365,-0.016365915532551616
trailing,0.5,1.807,0.0033063317079611563,21.199761904093958,0.010599880952046978,0.6047500499003577,-0.01636598161987531
trailing,0.5,1.808,0.0032929626699744166,21.193406399005763,0.010596703199502882,0.6045687510708418,-0.016366047459694548
trailing,0.5,1.809,0.0032796476892307117,21.18705278625397,0.010593526393126987,0.6043875062226177,-0.016366113052936386
trailing,0.5,1.81,0.0032663865471514474,21.180701065327682,0.010590350532663842,0.6042063153411115,-0.01636617840052441
trailing,0.5,1.811,0.0032531790260418485,21.17435123571593,0.010587175617857965,0.604025178411747,-0.016366243503378716
trailing,0.5,1.812,0.0032400249090873716,21.168003296907674,0.010584001648453837,0.6038440954199462,-0.016366308362416086
trailing,0.5,1.813,0.003226923980350166,21.161657248391805,0.010580828624195902,0.6036630663511291,-0.016366372978549752
trailing,0.5,1.814,0.0032138760247655083,21.155313089657128,0.010577656544828564,0.6034820911907133,-0.0163664373526894
trailing,0.5,1.815,0.0032008808281382924,21.14897082019239,0.010574485410096195,0.6033011699241144,-0.016366501485741494
trailing,0.5,1.816,0.0031879381771394927,21.14263043948625,0.010571315219743126,0.6031203025367461,-0.016366565378608967
trailing,0.5,1.817,0.0031750478593026814,21.136291947027313,0.010568145973513656,0.60293948901402,-0.01636662903219163
trailing,0.5,1.818,0.0031622096630205218,21.1299553423041,0.01056497767115205,0.6027587293413453,-0.016366692447385648
trailing,0.5,1.819,0.003149423377541311,21.123620624805078,0.01056181031240254,0.6025780235041304,-0.016366755625083832
trailing,0.5,1.82,0.003136688792965513,21.117287794018633,0.010558643897009317,0.6023973714877804,-0.016366818566175893
trailing,0.5,1.821,0.003124005700242313,21.11095684943309,0.010555478424716545,0.6022167732776994,-0.016366881271547926
trailing,0.5,1.822,0.0031113738911661797,21.104627790536718,0.010552313895268358,0.6020362288592894,-0.016366943742082838
trailing,0.5,1.823,0.0030987931583734644,21.098300616817703,0.01054915030840885,0.6018557382179506,-0.01636700597866017
trailing,0.5,1.824,0.0030862632953389743,21.09197532776417,0.010545987663882086,0.6016753013390808,-0.01636706798215642
trailing,0.5,1.825,0.0030737840963726065,21.08565192286419,0.010542825961432096,0.6014949182080765,-0.01636712975344447
trailing,0.5,1.826,0.003061355356615947,21.079330401605773,0.010539665200802887,0.601314588810333,-0.01636719129339396
trailing,0.5,1.827,0.00304897687203893,21.073010763476855,0.010536505381738427,0.6011343131312425,-0.016367252602871574
trailing,0.5,1.828,0.0030366484394364693,21.06669300796532,0.01053334650398266,0.6009540911561966,-0.016367313682740435
trailing,0.5,1.829,0.0030243698564251372,21.060377134558994,0.010530188567279497,0.6007739228705847,-0.01636737453386057
trailing,0.5,1.83,0.003012140921439836,21.054063142745637,0.010527031571372818,0.6005938082597947,-0.016367435157088796
trailing,0.5,1.831,0.00299996143373049,21.047751032012957,0.010523875516006479,0.6004137473092126,-0.01636749555327859
trailing,0.5,1.832,0.002987831193358743,21.041440801848605,0.010520720400924303,0.6002337400042231,-0.016367555723280504
trailing,0.5,1.833,0.0029757500011946933,21.03513245174017,0.010517566225870086,0.6000537863302091,-0.016367615667941558
trailing,0.5,1.834,0.0029637176589136023,21.02882598117519,0.010514412990587595,0.5998738862725518,-0.016367675388105803
trailing,0.5,1.835,0.0029517339689926624,21.022521389641156,0.010511260694820578,0.5996940398166314,-0.016367734884614044
trailing,0.5,1.836,0.0029397987347077313,21.016218676625492,0.010508109338312746,0.5995142469478258,-0.016367794158304083
trailing,0.5,1.837,0.002927911760130125,21.00991784161558,0.01050495892080779,0.5993345076515122,-0.016367853210010514
trailing,0.5,1.838,0.0029160728501233793,21.00361888409873,0.010501809442049367,0.5991548219130653,-0.016367912040564685
trailing,0.5,1.839,0.0029042818103400666,20.997321803562237,0.010498660901781118,0.5989751897178596,-0.01636797065079498
trailing,0.5,1.84,0.002892538447218591,20.991026599493313,0.010495513299746658,0.5987956110512672,-0.016368029041526434
trailing,0.5,1.841,0.002880842567980024,20.98473327137914,0.010492366635689572,0.5986160858986592,-0.016368087213581434
trailing,0.5,1.842,0.002869193980624918,20.978441818706838,0.01048922090935342,0.5984366142454051,-0.016368145167778958
trailing,0.5,1.843,0.0028575924939301836,20.972152240963492,0.010486076120481747,0.5982571960768734,-0.016368202904934882
trailing,0.5,1.844,0.0028460379174459222,20.965864537636122,0.010482932268818062,0.5980778313784307,-0.016368260425862178
trailing,0.5,1.845,0.002834530061492325,20.95957870821173,0.010479789354105866,0.597898520135443,-0.016368317731370714
trailing,0.5,1.846,0.002823068737156536,20.953294752177246,0.010476647376088624,0.5977192623332744,-0.016368374822267457
trailing,0.5,1.847,0.0028116537562895712,20.947012669019575,0.010473506334509788,0.5975400579572882,-0.01636843169935607
trailing,0.5,1.848,0.0028002849315032097,20.940732458225558,0.01047036622911278,0.5973609069928458,-0.01636848836343731
trailing,0.5,1.849,0.002788962076166944,20.934454119282012,0.010467227059641006,0.5971818094253082,-0.016368544815309333
trailing,0.5,1.85,0.002777685004404884,20.928177651675707,0.010464088825837855,0.5970027652400346,-0.01636860105576649
trailing,0.5,1.851,0.0027664535310927348,20.921903054893377,0.010460951527446688,0.5968237744223838,-0.016368657085600983
trailing,0.5,1.852,0.0027552674718547355,20.915630328421695,0.010457815164210849,0.5966448369577121,-0.016368712905601452
trailing,0.5,1.853,0.002744126643060652,20.909359471747315,0.010454679735873659,0.5964659528313758,-0.016368768516554045
trailing,0.5,1.854,0.0027330308618227417,20.90309048435684,0.010451545242178421,0.5962871220287298,-0.016368823919241552
trailing,0.5,1.855,0.002721979945992774,20.896823365736854,0.010448411682868426,0.5961083445351281,-0.0163688791144441
trailing,0.5,1.856,0.0027109737141590177,20.89055811537388,0.01044527905768694,0.595929620335923,-0.01636893410293878
trailing,0.5,1.857,0.0027000119856432827,20.884294732754416,0.010442147366377209,0.5957509494164663,-0.016368988885499914
trailing,0.5,1.858,0.0026890945804979335,20.878033217364926,0.010439016608682463,0.5955723317621089,-0.016369043462898584
trailing,0.5,1.859,0.002678221319502964,20.87177356869184,0.01043588678434592,0.5953937673582004,-0.016369097835903408
trailing,0.5,1.86,0.0026673920241630207,20.86551578622154,0.01043275789311077,0.5952152561900892,-0.016369152005279906
trailing,0.5,1.861,0.002656606516704502,20.859259869440404,0.010429629934720202,0.5950367982431235,-0.016369205971790594
trailing,0.5,1.862,0.0026458646200726165,20.85300581783474,0.010426502908917371,0.5948583935026499,-0.016369259736195435
trailing,0.5,1.863,0.0026351661579285,20.84675363089086,0.01042337681544543,0.5946800419540144,-0.01636931329925139
trailing,0.5,1.864,0.0026245109546462982,20.840503308095013,0.010420251654047507,0.5945017435825618,-0.01636936666171251
trailing,0.5,1.865,0.0026138988353103013,20.834254848933444,0.010417127424466722,0.5943234983736366,-0.016369419824330204
trailing,0.5,1.866,0.0026033296257120583,20.828008252892356,0.01041400412644618,0.5941453063125821,-0.01636947278785287
trailing,0.5,1.867,0.0025928031523475325,20.82176351945792,0.01041088175972896,0.5939671673847408,-0.016369525553026305
trailing,0.5,1.868,0.002582319242414232,20.81552064811629,0.010407760324058145,0.5937890815754542,-0.016369578120593347
trailing,0.5,1.869,0.0025718777238084036,20.809279638353587,0.010404639819176794,0.5936110488700636,-0.016369630491294244
trailing,0.5,1.87,0.0025614784251221726,20.8030404896559,0.01040152024482795,0.5934330692539088,-0.01636968266586603
trailing,0.5,1.871,0.002551121175640758,20.796803201509302,0.01039840160075465,0.5932551427123296,-0.016369734645043533
trailing,0.5,1.872,0.0025408058053396493,20.79056777339984,0.01039528388669992,0.5930772692306647,-0.016369786429558494
trailing,0.5,1.873,0.0025305321448818325,20.784334204813533,0.010392167102406766,0.5928994487942523,-0.016369838020139933
trailing,0.5,1.874,0.002520300025614993,20.778102495236364,0.010389051247618183,0.5927216813884292,-0.016369889417514428
trailing,0.5,1.875,0.002510109279568766,20.771872644154325,0.010385936322077162,0.5925439669985328,-0.016369940622405352
trailing,0.5,1.8760000000000001,0.0024999597394519592,20.765644651053357,0.010382822325526678,0.5923663056098989,-0.016369991635533817
trailing,0.5,1.877,0.002489851238649825,20.75941851541939,0.010379709257709696,0.592188697207863,-0.016370042457618045
trailing,0.5,1.8780000000000001,0.0024797836112213077,20.753194236738334,0.010376597118369168,0.59201114177776,-0.016370093089373393
trailing,0.5,1.879,0.0024697566918963415,20.746971814496078,0.010373485907248039,0.5918336393049243,-0.016370143531512872
trailing,0.5,1.8800000000000001,0.00245977031607311,20.740751248178494,0.010370375624089247,0.5916561897746896,-0.01637019378474664
trailing,0.5,1.881,0.0024498243198153693,20.734532537271434,0.010367266268635718,0.5914787931723894,-0.016370243849782046
trailing,0.5,1.8820000000000001,0.0024399185398497393,20.72831568126073,0.010364157840630366,0.5913014494833563,-0.016370293727324244
trailing,0.5,1.883,0.0024300528135630358,20.722100679632202,0.0103610503398161,0.5911241586929226,-0.016370343418075275
trailing,0.5,1.8840000000000001,0.002420226978999588,20.71588753187164,0.01035794376593582,0.5909469207864199,-0.016370392922734785
trailing,0.5,1.885,0.0024104408748585964,20.709676237464844,0.010354838118732423,0.5907697357491798,-0.016370442241999718
trailing,0.5,1.8860000000000001,0.0024006943404914667,20.70346679589757,0.010351733397948785,0.5905926035665331,-0.016370491376564506
trailing,0.5,1.887,0.0023909872158991894,20.69725920665558,0.01034862960332779,0.5904155242238105,-0.01637054032712084
trailing,0.5,1.8880000000000001,0.0023813193417296973,20.69105346922461,0.010345526734612306,0.5902384977063417,-0.016370589094357946
trailing,0.5,1.889,0.002371690559275269,20.684849583090397,0.010342424791545199,0.590061523999457,-0.016370637678962408
trailing,0.5,1.8900000000000001,0.0023621007104699006,20.67864754773865,0.010339323773869325,0.5898846030884853,-0.016370686081618346
trailing,0.5,1.891,0.002352549637886732,20.67244736265507,0.010336223681327535,0.589707734958756,-0.016370734303007086
trailing,0.5,1.8920000000000001,0.002343037184735444,20.66624902732537,0.010333124513662686,0.589530919595598,-0.016370782343807497
trailing,0.5,1.893,0.002333563194859703,20.66005254123521,0.010330026270617606,0.5893541569843392,-0.016370830204695996
trailing,0.5,1.8940000000000001,0.0023241275127345797,20.65385790387028,0.01032692895193514,0.5891774471103084,-0.016370877886346547
trailing,0.5,1.895,0.002314729983464013,20.647665114716236,0.010323832557358118,0.5890007899588332,-0.01637092538943016
trailing,0.5,1.8960000000000001,0.002305370452778249,20.641474173258736,0.010320737086629369,0.5888241855152413,-0.016370972714615992
trailing,0.5,1.897,0.002296048767031329,20.63528507898343,0.010317642539491715,0.5886476337648602,-0.01637101986257005
trailing,0.5,1.8980000000000001,0.002286764773198543,20.629097831375965,0.010314548915687984,0.5884711346930175,-0.016371066833956185
trailing,0.5,1.899,0.002277518318873948,20.622912429921968,0.010311456214960985,0.5882946882850398,-0.016371113629435795
trailing,0.5,1.9000000000000001,0.0022683092522678343,20.61672887410708,0.01030836443705354,0.5881182945262545,-0.01637116024966758
trailing,0.5,1.901,0.0022591374222042573,20.61054716341691,0.010305273581708456,0.5879419534019881,-0.01637120669530798
trailing,0.5,1.9020000000000001,0.0022500026781185414,20.604367297337095,0.010302183648668547,0.5877656648975675,-0.016371252967010787
trailing,0.5,1.903,0.00224090487005482,20.598189275353246,0.010299094637676623,0.5875894289983191,-0.016371299065427586
trailing,0.5,1.9040000000000001,0.0022318438486635616,20.59201309695097,0.010296006548475485,0.5874132456895694,-0.016371344991207366
trailing,0.5,1.905,0.002222819465199131,20.585838761615893,0.010292919380807947,0.5872371149566451,-0.016371390744996658
trailing,0.5,1.9060000000000001,0.002213831571517333,20.579666268833616,0.010289833134416808,0.5870610367848723,-0.016371436327439537
trailing,0.5,1.907,0.0022048800200729956,20.573495618089744,0.010286747809044872,0.5868850111595773,-0.016371481739177934
trailing,0.5,1.9080000000000001,0.0021959646639175367,20.56732680886989,0.010283663404434946,0.5867090380660864,-0.016371526980851023
trailing,0.5,1.909,0.00218708535669656,20.561159840659663,0.010280579920329831,0.5865331174897261,-0.016371572053095817
trailing,0.5,1.9100000000000001,0.0021782419526474393,20.55499471294467,0.010277497356472334,0.5863572494158227,-0.016371616956546892
trailing,0.5,1.911,0.0021694343065969453,20.548831425210526,0.010274415712605263,0.5861814338297027,-0.01637166169183631
trailing,0.5,1.9120000000000001,0.0021606622739588424,20.542669976942836,0.010271334988471418,0.5860056707166922,-0.01637170625959413
trailing,0.5,1.913,0.0021519257107315316,20.53651036762722,0.01026825518381361,0.585829960062118,-0.016371750660447618
trailing,0.5,1.9140000000000001,0.0021432244734956732,20.53035259674929,0.010265176298374645,0.5856543018513065,-0.016371794895021826
trailing,0.5,1.915,0.0021345584194118446,20.524196663794672,0.010262098331897337,0.5854786960695846,-0.01637183896393976
trailing,0.5,1.9160000000000001,0.002125927406218184,20.518042568248994,0.010259021284124497,0.5853031427022789,-0.016371882867821468
trailing,0.5,1.917,0.0021173312922280643,20.51189030959788,0.01025594515479894,0.5851276417347165,-0.016371926607285453
trailing,0.5,1.9180000000000001,0.0021087699363277618,20.505739887326975,0.010252869943663487,0.5849521931522247,-0.016371970182947258
trailing,0.5,1.919,0.0021002431979741444,20.499591300921914,0.010249795650460957,0.5847767969401305,-0.016372013595420475
trailing,0.5,1.92,0.002091750937192356,20.493444549868354,0.010246722274934178,0.5846014530837617,-0.016372056845316292
trailing,0.5,1.921,0.002083293014573525,20.48729963365195,0.010243649816825975,0.5844261615684457,-0.016372099933243452
trailing,0.5,1.922,0.0020748692912724797,20.481156551758364,0.010240578275879183,0.5842509223795108,-0.016372142859808737
trailing,0.5,1.923,0.0020664796290054575,20.475015303673274,0.010237507651836637,0.584075735502285,-0.01637218562561643
trailing,0.5,1.924,0.0020581238900478477,20.46887588888236,0.010234437944441179,0.5839006009220967,-0.01637222823126846
trailing,0.5,1.925,0.0020498019372319175,20.462738306871316,0.010231369153435659,0.5837255186242748,-0.016372270677365002
trailing,0.5,1.926,0.002041513633944575,20.45660255712584,0.010228301278562921,0.5835504885941482,-0.01637231296450338
trailing,0.5,1.927,0.0020332588441251084,20.450468639131653,0.010225234319565827,0.5833755108170462,-0.01637235509327887
trailing,0.5,1.928,0.0020250374322629758,20.444336552374477,0.010222168276187238,0.5832005852782984,-0.01637239706428483
trailing,0.5,1.929,0.002016849263395555,20.43820629634005,0.010219103148170025,0.5830257119632352,-0.01637243887811194
trailing,0.5,1.93,0.0020086942031059497,20.432077870514117,0.01021603893525706,0.5828508908571864,-0.016372480535349003
trailing,0.5,1.931,0.0020005721175207656,20.425951274382452,0.010212975637191226,0.5826761219454833,-0.016372522036582234
trailing,0.5,1.932,0.0019924828733079297,20.419826507430823,0.010209913253715413,0.5825014052134567,-0.01637256338239629
trailing,0.5,1.933,0.0019844263376744835,20.413703569145024,0.010206851784572512,0.5823267406464382,-0.016372604573372928
trailing,0.5,1.934,0.001976402378364421,20.407582459010865,0.010203791229505432,0.5821521282297599,-0.0163726456100922
trailing,0.5,1.935,0.0019684108636565,20.40146317651416,0.01020073158825708,0.581977567948754,-0.016372686493131852
trailing,0.5,1.936,0.0019604516623620972,20.39534572114075,0.010197672860570375,0.5818030597887535,-0.016372727223067388
trailing,0.5,1.937,0.0019525246438230367,20.38923009237649,0.010194615046188245,0.5816286037350916,-0.01637276780047225
trailing,0.5,1.938,0.0019446296779094664,20.38311628970725,0.010191558144853625,0.5814541997731023,-0.01637280822591763
trailing,0.5,1.939,0.001936766635017698,20.377004312618922,0.01018850215630946,0.58127984788812,-0.016372848499972722
trailing,0.5,1.94,0.0019289353860680993,20.37089416059741,0.010185447080298705,0.5811055480654793,-0.016372888623204608
trailing,0.5,1.941,0.0019211358025029604,20.36478583312864,0.01018239291656432,0.5809313002905158,-0.016372928596177824
trailing,0.5,1.942,0.0019133677562843978,20.358679329698557,0.010179339664849279,0.5807571045485651,-0.016372968419455555
trailing,0.5,1.943,0.0019056311198922364,20.352574649793134,0.010176287324896567,0.5805829608249643,-0.01637300809359803
trailing,0.5,1.944,0.001897925766321933,20.346471792898342,0.010173235896449171,0.5804088691050499,-0.016373047619164173
trailing,0.5,1.945,0.0018902515690824742,20.3403707585002,0.0101701853792501,0.5802348293741598,-0.01637308699671016
trailing,0.5,1.946,0.0018826084021943174,20.33427154608473,0.010167135773042365,0.5800608416176325,-0.016373126226790366
trailing,0.5,1.947,0.001874996140187304,20.32817415513798,0.01016408707756899,0.5798869058208065,-0.016373165309957312
trailing,0.5,1.948,0.0018674146580986218,20.322078585146027,0.010161039292573013,0.5797130219690217,-0.01637320424676106
trailing,0.5,1.949,0.0018598638314707304,20.31598483559496,0.01015799241779748,0.5795391900476181,-0.016373243037749622
trailing,0.5,1.95,0.0018523435363493365,20.3098929059709,0.010154946452985451,0.5793654100419366,-0.01637328168346932
trailing,0.5,1.951,0.0018448536492813457,20.303802795759996,0.010151901397879998,0.579191681937319,-0.016373320184464205
trailing,0.5,1.952,0.0018373940473128485,20.29771450444841,0.010148857252224206,0.5790180057191074,-0.01637335854127624
trailing,0.5,1.953,0.001829964607987088,20.291628031522343,0.010145814015761171,0.578844381372645,-0.01637339675444538
trailing,0.5,1.954,0.0018225652093424648,20.285543376467995,0.010142771688233998,0.578670808883275,-0.01637343482450962
trailing,0.5,1.955,0.0018151957299105193,20.279460538771623,0.010139730269385812,0.5784972882363424,-0.016373472752004917
trailing,0.5,1.956,0.0018078560487139505,20.273379517919498,0.010136689758959748,0.5783238194171922,-0.016373510537465316
trailing,0.5,1.957,0.0018005460452646237,20.267300313397914,0.010133650156698957,0.5781504024111705,-0.016373548181422615
trailing,0.5,1.958,0.001793265599561596,20.2612229246932,0.0101306114623466,0.577977037203624,-0.01637358568440685
trailing,0.5,1.959,0.0017860145920891375,20.255147351291708,0.010127573675645854,0.5778037237799003,-0.01637362304694597
trailing,0.5,1.96,0.0017787929038147843,20.24907359267982,0.01012453679633991,0.5776304621253479,-0.016373660269565955
trailing,0.5,1.961,0.0017716004161873686,20.243001648343952,0.010121500824171976,0.577457252225316,-0.01637369735279089
trailing,0.5,1.962,0.001764437011135087,20.23693151777054,0.01011846575888527,0.5772840940651545,-0.016373734297142718
trailing,0.5,1.963,0.001757302571063549,20.23086320044606,0.01011543160022303,0.5771109876302147,-0.016373771103141657
trailing,0.5,1.964,0.0017501969788538594,20.224796695857005,0.010112398347928504,0.576937932905848,-0.016373807771305746
trailing,0.5,1.965,0.0017431201178606825,20.21873200348992,0.01010936600174496,0.5767649298774076,-0.016373844302151403
trailing,0.5,1.966,0.0017360718719103391,20.21266912283136,0.010106334561415681,0.5765919785302467,-0.016373880696192708
trailing,0.5,1.967,0.0017290521252988922,20.206608053367933,0.010103304026683966,0.5764190788497201,-0.016373916953942025
trailing,0.5,1.968,0.0017220607627902516,20.200548794586258,0.010100274397293128,0.5762462308211831,-0.01637395307590988
trailing,0.5,1.969,0.0017150976696142758,20.194491345973002,0.010097245672986501,0.5760734344299921,-0.016373989062604784
trailing,0.5,1.97,0.0017081627314648982,20.18843570701486,0.01009421785350743,0.5759006896615045,-0.016374024914533256
trailing,0.5,1.971,0.0017012558344982386,20.182381877198562,0.010091190938599282,0.5757279965010786,-0.016374060632200153
trailing,0.5,1.972,0.001694376865330747,20.176329856010877,0.010088164928005438,0.5755553549340738,-0.01637409621610824
trailing,0.5,1.973,0.00168752571103733,20.1702796429386,0.0100851398214693,0.5753827649458504,-0.01637413166675842
trailing,0.5,1.974,0.001680702259149508,20.16423123746857,0.010082115618734285,0.5752102265217697,-0.016374166984649746
trailing,0.5,1.975,0.0016739063976535574,20.158184639087644,0.010079092319543822,0.5750377396471937,-0.016374202170279677
trailing,0.5,1.976,0.0016671380149886881,20.152139847282754,0.010076069923641377,0.5748653043074865,-0.01637423722414316
trailing,0.5,1.977,0.0016603970000451935,20.146096861540826,0.010073048430770414,0.574692920488012,-0.01637427214673399
trailing,0.5,1.978,0.0016536832421626378,20.140055681348844,0.010070027840674423,0.5745205881741358,-0.016374306938543668
trailing,0.5,1.979,0.0016469966311280343,20.134016306193825,0.010067008153096912,0.5743483073512242,-0.016374341600062035
trailing,0.5,1.98,0.0016403370571740476,20.127978735562838,0.010063989367781419,0.5741760780046455,-0.016374376131776933
trailing,0.5,1.981,0.001633704410977171,20.12194296894297,0.010060971484471486,0.5740039001197681,-0.0163744105341747
trailing,0.5,1.982,0.0016270985836559547,20.115909005821354,0.010057954502910678,0.5738317736819618,-0.016374444807739526
trailing,0.5,1.983,0.0016205194667691996,20.10987684568517,0.010054938422842587,0.5736596986765977,-0.016374478952953842
trailing,0.5,1.984,0.0016139669523141864,20.103846488021638,0.01005192324401082,0.5734876750890482,-0.016374512970298332
trailing,0.5,1.985,0.0016074409327248994,20.097817932317998,0.010048908966158999,0.573315702904686,-0.016374546860252075
trailing,0.5,1.986,0.0016009413008702701,20.091791178061563,0.010045895589030782,0.5731437821088863,-0.016374580623291952
trailing,0.5,1.987,0.001594467950052403,20.085766224739658,0.01004288311236983,0.5729719126870243,-0.016374614259893436
trailing,0.5,1.988,0.001588020774004834,20.079743071839665,0.010039871535919833,0.5728000946244769,-0.016374647770529948
trailing,0.5,1.989,0.0015815996668907815,20.07372171884901,0.010036860859424505,0.5726283279066222,-0.016374681155673313
trailing,0.5,1.99,0.0015752045233014193,20.067702165255152,0.010033851082627577,0.5724566125188395,-0.016374714415793502
trailing,0.5,1.991,0.0015688352382541271,20.061684410545606,0.010030842205272804,0.5722849484465093,-0.016374747551358728
trailing,0.5,1.992,0.001562491707190789,20.05566845420791,0.010027834227103957,0.5721133356750132,-0.016374780562835457
trailing,0.5,1.993,0.001556173825976059,20.04965429572968,0.01002482714786484,0.5719417741897347,-0.01637481345068835
trailing,0.5,1.994,0.00154988149089566,20.043641934598536,0.01002182096729927,0.5717702639760573,-0.016374846215380472
trailing,0.5,1.995,0.0015436145986546784,20.037631370302172,0.010018815685151086,0.5715988050193672,-0.016374878857373078
trailing,0.5,1.996,0.0015373730463758776,20.031622602328312,0.010015811301164156,0.5714273973050509,-0.016374911377125673
trailing,0.5,1.997,0.001531156731597994,20.025615630164733,0.010012807815082366,0.5712560408184966,-0.016374943775096018
trailing,0.5,1.998,0.0015249655522740647,20.01961045329926,0.010009805226649631,0.5710847355450938,-0.016374976051740254
trailing,0.5,1.999,0.0015187994067697476,20.013607071219756,0.010006803535609878,0.5709134814702331,-0.01637500820751279
trailing,0.5,2.0,0.0015126581938616638,20.007605483414135,0.010003802741707068,0.5707422785793068,-0.01637504024286627
