log_Sigma_M,log_Sigma_SFR,O_H,Delta_log_Sigma_SFR,Delta_O_H
7.731946618196023,-3.89247804559022,8.48671369651575,-1.3699924206378231,-0.05406596488725057
7.731946618196023,-3.89247804559022,8.48671369651575,-1.3699924206378231,-0.05406596488725057
7.731946618196023,-3.89247804559022,8.48671369651575,-1.3699924206378231,-0.05406596488725057
7.731946618196023,-3.89247804559022,8.48671369651575,-1.3699924206378231,-0.05406596488725057
7.731946618196023,-3.89247804559022,8.48671369651575,-1.3699924206378231,-0.05406596488725057
7.731946618196023,-3.89247804559022,8.48671369651575,-1.3699924206378231,-0.05406596488725057
7.731946618196023,-3.89247804559022,8.48671369651575,-1.3699924206378231,-0.05406596488725057
7.731946618196023,-3.89247804559022,8.48671369651575,-1.3699924206378231,-0.05406596488725057
7.731946618196023,-3.89247804559022,8.48671369651575,-1.3699924206378231,-0.05406596488725057
7.731946618196023,-3.89247804559022,8.48671369651575,-1.3699924206378231,-0.05406596488725057
7.731946618196023,-3.89247804559022,8.48671369651575,-1.3699924206378231,-0.05406596488725057
7.731946618196023,-3.89247804559022,8.48671369651575,-1.3699924206378231,-0.05406596488725057
7.731946618196023,-3.89247804559022,8.48671369651575,-1.3699924206378231,-0.05406596488725057
7.731946618196023,-3.89247804559022,8.48671369651575,-1.3699924206378231,-0.05406596488725057
7.731946618196023,-3.89247804559022,8.48671369651575,-1.3699924206378231,-0.05406596488725057
7.731946618196023,-3.89247804559022,8.48671369651575,-1.3699924206378231,-0.05406596488725057
7.731946618196023,-3.89247804559022,8.48671369651575,-1.3699924206378231,-0.05406596488725057
7.731946618196023,-3.89247804559022,8.48671369651575,-1.3699924206378231,-0.05406596488725057
7.7030451940690385,-3.732086801272103,8.490621626375471,-1.209601176319706,-0.050158035027529024
7.7030451940690385,-3.732086801272103,8.490621626375471,-1.209601176319706,-0.050158035027529024
7.7030451940690385,-3.732086801272103,8.490621626375471,-1.209601176319706,-0.050158035027529024
7.7030451940690385,-3.732086801272103,8.490621626375471,-1.209601176319706,-0.050158035027529024
7.7030451940690385,-3.732086801272103,8.490621626375471,-1.209601176319706,-0.050158035027529024
7.7030451940690385,-3.732086801272103,8.490621626375471,-1.209601176319706,-0.050158035027529024
7.7030451940690385,-3.732086801272103,8.490621626375471,-1.209601176319706,-0.050158035027529024
7.7030451940690385,-3.732086801272103,8.490621626375471,-1.209601176319706,-0.050158035027529024
7.7030451940690385,-3.732086801272103,8.490621626375471,-1.209601176319706,-0.050158035027529024
7.7030451940690385,-3.732086801272103,8.490621626375471,-1.209601176319706,-0.050158035027529024
7.7030451940690385,-3.732086801272103,8.490621626375471,-1.209601176319706,-0.050158035027529024
7.7030451940690385,-3.732086801272103,8.490621626375471,-1.209601176319706,-0.050158035027529024
7.7030451940690385,-3.732086801272103,8.490621626375471,-1.209601176319706,-0.050158035027529024
7.7030451940690385,-3.732086801272103,8.490621626375471,-1.209601176319706,-0.050158035027529024
7.646709596485728,-3.6198675567075864,8.565417353825014,-1.0973819317551894,0.024637692422013302
7.646709596485728,-3.6198675567075864,8.565417353825014,-1.0973819317551894,0.024637692422013302
7.646709596485728,-3.6198675567075864,8.565417353825014,-1.0973819317551894,0.024637692422013302
7.646709596485728,-3.6198675567075864,8.565417353825014,-1.0973819317551894,0.024637692422013302
7.646709596485728,-3.6198675567075864,8.565417353825014,-1.0973819317551894,0.024637692422013302
7.646709596485728,-3.6198675567075864,8.565417353825014,-1.0973819317551894,0.024637692422013302
7.646709596485728,-3.6198675567075864,8.565417353825014,-1.0973819317551894,0.024637692422013302
7.646709596485728,-3.6198675567075864,8.565417353825014,-1.0973819317551894,0.024637692422013302
7.646709596485728,-3.6198675567075864,8.565417353825014,-1.0973819317551894,0.024637692422013302
7.646709596485728,-3.6198675567075864,8.565417353825014,-1.0973819317551894,0.024637692422013302
7.646709596485728,-3.6198675567075864,8.565417353825014,-1.0973819317551894,0.024637692422013302
7.646709596485728,-3.6198675567075864,8.565417353825014,-1.0973819317551894,0.024637692422013302
7.646709596485728,-3.6198675567075864,8.565417353825014,-1.0973819317551894,0.024637692422013302
7.646709596485728,-3.6198675567075864,8.565417353825014,-1.0973819317551894,0.024637692422013302
7.646709596485728,-3.6198675567075864,8.565417353825014,-1.0973819317551894,0.024637692422013302
7.646709596485728,-3.6198675567075864,8.565417353825014,-1.0973819317551894,0.024637692422013302
7.68625478987318,-3.575152421697938,8.66522341818183,-1.052666796745541,0.12444375677882924
7.68625478987318,-3.575152421697938,8.66522341818183,-1.052666796745541,0.12444375677882924
7.68625478987318,-3.575152421697938,8.66522341818183,-1.052666796745541,0.12444375677882924
7.68625478987318,-3.575152421697938,8.66522341818183,-1.052666796745541,0.12444375677882924
7.68625478987318,-3.575152421697938,8.66522341818183,-1.052666796745541,0.12444375677882924
7.68625478987318,-3.575152421697938,8.66522341818183,-1.052666796745541,0.12444375677882924
7.68625478987318,-3.575152421697938,8.66522341818183,-1.052666796745541,0.12444375677882924
7.68625478987318,-3.575152421697938,8.66522341818183,-1.052666796745541,0.12444375677882924
7.68625478987318,-3.575152421697938,8.66522341818183,-1.052666796745541,0.12444375677882924
7.68625478987318,-3.575152421697938,8.66522341818183,-1.052666796745541,0.12444375677882924
7.68625478987318,-3.575152421697938,8.66522341818183,-1.052666796745541,0.12444375677882924
7.68625478987318,-3.575152421697938,8.66522341818183,-1.052666796745541,0.12444375677882924
7.68625478987318,-3.575152421697938,8.66522341818183,-1.052666796745541,0.12444375677882924
7.68625478987318,-3.575152421697938,8.66522341818183,-1.052666796745541,0.12444375677882924
7.68625478987318,-3.575152421697938,8.66522341818183,-1.052666796745541,0.12444375677882924
7.68625478987318,-3.575152421697938,8.66522341818183,-1.052666796745541,0.12444375677882924
7.737729528077601,-3.4775735438785076,8.564574381090573,-0.9550879189261106,0.023794719687572297
7.737729528077601,-3.4775735438785076,8.564574381090573,-0.9550879189261106,0.023794719687572297
7.737729528077601,-3.4775735438785076,8.564574381090573,-0.9550879189261106,0.023794719687572297
7.737729528077601,-3.4775735438785076,8.564574381090573,-0.9550879189261106,0.023794719687572297
7.737729528077601,-3.4775735438785076,8.564574381090573,-0.9550879189261106,0.023794719687572297
7.737729528077601,-3.4775735438785076,8.564574381090573,-0.9550879189261106,0.023794719687572297
7.737729528077601,-3.4775735438785076,8.564574381090573,-0.9550879189261106,0.023794719687572297
7.737729528077601,-3.4775735438785076,8.564574381090573,-0.9550879189261106,0.023794719687572297
7.737729528077601,-3.4775735438785076,8.564574381090573,-0.9550879189261106,0.023794719687572297
7.737729528077601,-3.4775735438785076,8.564574381090573,-0.9550879189261106,0.023794719687572297
7.737729528077601,-3.4775735438785076,8.564574381090573,-0.9550879189261106,0.023794719687572297
7.737729528077601,-3.4775735438785076,8.564574381090573,-0.9550879189261106,0.023794719687572297
7.737729528077601,-3.4775735438785076,8.564574381090573,-0.9550879189261106,0.023794719687572297
7.737729528077601,-3.4775735438785076,8.564574381090573,-0.9550879189261106,0.023794719687572297
7.737729528077601,-3.4775735438785076,8.564574381090573,-0.9550879189261106,0.023794719687572297
7.6513604182108015,-3.4639370463597747,8.464805525126355,-0.9414514214073777,-0.07597413627664551
7.6513604182108015,-3.4639370463597747,8.464805525126355,-0.9414514214073777,-0.07597413627664551
7.6513604182108015,-3.4639370463597747,8.464805525126355,-0.9414514214073777,-0.07597413627664551
7.6513604182108015,-3.4639370463597747,8.464805525126355,-0.9414514214073777,-0.07597413627664551
7.6513604182108015,-3.4639370463597747,8.464805525126355,-0.9414514214073777,-0.07597413627664551
7.6513604182108015,-3.4639370463597747,8.464805525126355,-0.9414514214073777,-0.07597413627664551
7.6513604182108015,-3.4639370463597747,8.464805525126355,-0.9414514214073777,-0.07597413627664551
7.6513604182108015,-3.4639370463597747,8.464805525126355,-0.9414514214073777,-0.07597413627664551
7.6513604182108015,-3.4639370463597747,8.464805525126355,-0.9414514214073777,-0.07597413627664551
7.6513604182108015,-3.4639370463597747,8.464805525126355,-0.9414514214073777,-0.07597413627664551
7.6513604182108015,-3.4639370463597747,8.464805525126355,-0.9414514214073777,-0.07597413627664551
7.6513604182108015,-3.4639370463597747,8.464805525126355,-0.9414514214073777,-0.07597413627664551
7.6513604182108015,-3.4639370463597747,8.464805525126355,-0.9414514214073777,-0.07597413627664551
7.6513604182108015,-3.4639370463597747,8.464805525126355,-0.9414514214073777,-0.07597413627664551
7.763833461485109,-3.4384059687301063,8.51760425129279,-0.9159203437777093,-0.023175410110210848
7.763833461485109,-3.4384059687301063,8.51760425129279,-0.9159203437777093,-0.023175410110210848
7.763833461485109,-3.4384059687301063,8.51760425129279,-0.9159203437777093,-0.023175410110210848
7.763833461485109,-3.4384059687301063,8.51760425129279,-0.9159203437777093,-0.023175410110210848
7.763833461485109,-3.4384059687301063,8.51760425129279,-0.9159203437777093,-0.023175410110210848
7.763833461485109,-3.4384059687301063,8.51760425129279,-0.9159203437777093,-0.023175410110210848
7.763833461485109,-3.4384059687301063,8.51760425129279,-0.9159203437777093,-0.023175410110210848
7.763833461485109,-3.4384059687301063,8.51760425129279,-0.9159203437777093,-0.023175410110210848
7.763833461485109,-3.4384059687301063,8.51760425129279,-0.9159203437777093,-0.023175410110210848
7.763833461485109,-3.4384059687301063,8.51760425129279,-0.9159203437777093,-0.023175410110210848
7.763833461485109,-3.4384059687301063,8.51760425129279,-0.9159203437777093,-0.023175410110210848
7.763833461485109,-3.4384059687301063,8.51760425129279,-0.9159203437777093,-0.023175410110210848
7.763833461485109,-3.4384059687301063,8.51760425129279,-0.9159203437777093,-0.023175410110210848
7.763833461485109,-3.4384059687301063,8.51760425129279,-0.9159203437777093,-0.023175410110210848
7.763833461485109,-3.4384059687301063,8.51760425129279,-0.9159203437777093,-0.023175410110210848
7.763833461485109,-3.4384059687301063,8.51760425129279,-0.9159203437777093,-0.023175410110210848
7.763833461485109,-3.4384059687301063,8.51760425129279,-0.9159203437777093,-0.023175410110210848
7.763833461485109,-3.4384059687301063,8.51760425129279,-0.9159203437777093,-0.023175410110210848
7.763833461485109,-3.4384059687301063,8.51760425129279,-0.9159203437777093,-0.023175410110210848
7.654651312359805,-3.4264149388913117,8.54459433775219,-0.9039293139389146,0.0038146763491901936
7.654651312359805,-3.4264149388913117,8.54459433775219,-0.9039293139389146,0.0038146763491901936
7.654651312359805,-3.4264149388913117,8.54459433775219,-0.9039293139389146,0.0038146763491901936
7.654651312359805,-3.4264149388913117,8.54459433775219,-0.9039293139389146,0.0038146763491901936
7.654651312359805,-3.4264149388913117,8.54459433775219,-0.9039293139389146,0.0038146763491901936
7.654651312359805,-3.4264149388913117,8.54459433775219,-0.9039293139389146,0.0038146763491901936
7.654651312359805,-3.4264149388913117,8.54459433775219,-0.9039293139389146,0.0038146763491901936
7.654651312359805,-3.4264149388913117,8.54459433775219,-0.9039293139389146,0.0038146763491901936
7.654651312359805,-3.4264149388913117,8.54459433775219,-0.9039293139389146,0.0038146763491901936
7.654651312359805,-3.4264149388913117,8.54459433775219,-0.9039293139389146,0.0038146763491901936
7.654651312359805,-3.4264149388913117,8.54459433775219,-0.9039293139389146,0.0038146763491901936
7.654651312359805,-3.4264149388913117,8.54459433775219,-0.9039293139389146,0.0038146763491901936
7.654651312359805,-3.4264149388913117,8.54459433775219,-0.9039293139389146,0.0038146763491901936
7.654651312359805,-3.4264149388913117,8.54459433775219,-0.9039293139389146,0.0038146763491901936
7.654651312359805,-3.4264149388913117,8.54459433775219,-0.9039293139389146,0.0038146763491901936
7.654651312359805,-3.4264149388913117,8.54459433775219,-0.9039293139389146,0.0038146763491901936
7.654651312359805,-3.4264149388913117,8.54459433775219,-0.9039293139389146,0.0038146763491901936
7.654651312359805,-3.4264149388913117,8.54459433775219,-0.9039293139389146,0.0038146763491901936
7.654651312359805,-3.4264149388913117,8.54459433775219,-0.9039293139389146,0.0038146763491901936
7.773974440600194,-3.4080130301311473,8.514414531325839,-0.8855274051787503,-0.02636513007716168
7.773974440600194,-3.4080130301311473,8.514414531325839,-0.8855274051787503,-0.02636513007716168
7.773974440600194,-3.4080130301311473,8.514414531325839,-0.8855274051787503,-0.02636513007716168
7.773974440600194,-3.4080130301311473,8.514414531325839,-0.8855274051787503,-0.02636513007716168
7.773974440600194,-3.4080130301311473,8.514414531325839,-0.8855274051787503,-0.02636513007716168
7.773974440600194,-3.4080130301311473,8.514414531325839,-0.8855274051787503,-0.02636513007716168
7.773974440600194,-3.4080130301311473,8.514414531325839,-0.8855274051787503,-0.02636513007716168
7.773974440600194,-3.4080130301311473,8.514414531325839,-0.8855274051787503,-0.02636513007716168
7.773974440600194,-3.4080130301311473,8.514414531325839,-0.8855274051787503,-0.02636513007716168
7.773974440600194,-3.4080130301311473,8.514414531325839,-0.8855274051787503,-0.02636513007716168
7.773974440600194,-3.4080130301311473,8.514414531325839,-0.8855274051787503,-0.02636513007716168
7.7493118916917165,-3.4007523885443836,8.4816968754253,-0.8782667635919865,-0.05908278597770078
7.7493118916917165,-3.4007523885443836,8.4816968754253,-0.8782667635919865,-0.05908278597770078
7.7493118916917165,-3.4007523885443836,8.4816968754253,-0.8782667635919865,-0.05908278597770078
7.7493118916917165,-3.4007523885443836,8.4816968754253,-0.8782667635919865,-0.05908278597770078
7.7493118916917165,-3.4007523885443836,8.4816968754253,-0.8782667635919865,-0.05908278597770078
7.7493118916917165,-3.4007523885443836,8.4816968754253,-0.8782667635919865,-0.05908278597770078
7.7493118916917165,-3.4007523885443836,8.4816968754253,-0.8782667635919865,-0.05908278597770078
7.7493118916917165,-3.4007523885443836,8.4816968754253,-0.8782667635919865,-0.05908278597770078
7.7493118916917165,-3.4007523885443836,8.4816968754253,-0.8782667635919865,-0.05908278597770078
7.7493118916917165,-3.4007523885443836,8.4816968754253,-0.8782667635919865,-0.05908278597770078
7.7493118916917165,-3.4007523885443836,8.4816968754253,-0.8782667635919865,-0.05908278597770078
7.7493118916917165,-3.4007523885443836,8.4816968754253,-0.8782667635919865,-0.05908278597770078
7.7493118916917165,-3.4007523885443836,8.4816968754253,-0.8782667635919865,-0.05908278597770078
7.687001930573297,-3.3852818366993804,8.49591566583249,-0.8627962117469834,-0.044863995570510795
7.687001930573297,-3.3852818366993804,8.49591566583249,-0.8627962117469834,-0.044863995570510795
7.687001930573297,-3.3852818366993804,8.49591566583249,-0.8627962117469834,-0.044863995570510795
7.687001930573297,-3.3852818366993804,8.49591566583249,-0.8627962117469834,-0.044863995570510795
7.687001930573297,-3.3852818366993804,8.49591566583249,-0.8627962117469834,-0.044863995570510795
7.687001930573297,-3.3852818366993804,8.49591566583249,-0.8627962117469834,-0.044863995570510795
7.687001930573297,-3.3852818366993804,8.49591566583249,-0.8627962117469834,-0.044863995570510795
7.687001930573297,-3.3852818366993804,8.49591566583249,-0.8627962117469834,-0.044863995570510795
7.687001930573297,-3.3852818366993804,8.49591566583249,-0.8627962117469834,-0.044863995570510795
7.687001930573297,-3.3852818366993804,8.49591566583249,-0.8627962117469834,-0.044863995570510795
7.687001930573297,-3.3852818366993804,8.49591566583249,-0.8627962117469834,-0.044863995570510795
7.687001930573297,-3.3852818366993804,8.49591566583249,-0.8627962117469834,-0.044863995570510795
7.687001930573297,-3.3852818366993804,8.49591566583249,-0.8627962117469834,-0.044863995570510795
7.687001930573297,-3.3852818366993804,8.49591566583249,-0.8627962117469834,-0.044863995570510795
7.687001930573297,-3.3852818366993804,8.49591566583249,-0.8627962117469834,-0.044863995570510795
7.687001930573297,-3.3852818366993804,8.49591566583249,-0.8627962117469834,-0.044863995570510795
7.687001930573297,-3.3852818366993804,8.49591566583249,-0.8627962117469834,-0.044863995570510795
7.687001930573297,-3.3852818366993804,8.49591566583249,-0.8627962117469834,-0.044863995570510795
7.687001930573297,-3.3852818366993804,8.49591566583249,-0.8627962117469834,-0.044863995570510795
7.760129569470572,-3.3788564466336806,8.483233700221145,-0.8563708216812835,-0.057545961181855176
7.760129569470572,-3.3788564466336806,8.483233700221145,-0.8563708216812835,-0.057545961181855176
7.760129569470572,-3.3788564466336806,8.483233700221145,-0.8563708216812835,-0.057545961181855176
7.760129569470572,-3.3788564466336806,8.483233700221145,-0.8563708216812835,-0.057545961181855176
7.760129569470572,-3.3788564466336806,8.483233700221145,-0.8563708216812835,-0.057545961181855176
7.760129569470572,-3.3788564466336806,8.483233700221145,-0.8563708216812835,-0.057545961181855176
7.823858036123345,-3.3405780643789598,8.538197356087732,-0.8180924394265627,-0.002582305315268485
7.823858036123345,-3.3405780643789598,8.538197356087732,-0.8180924394265627,-0.002582305315268485
7.823858036123345,-3.3405780643789598,8.538197356087732,-0.8180924394265627,-0.002582305315268485
7.823858036123345,-3.3405780643789598,8.538197356087732,-0.8180924394265627,-0.002582305315268485
7.823858036123345,-3.3405780643789598,8.538197356087732,-0.8180924394265627,-0.002582305315268485
7.823858036123345,-3.3405780643789598,8.538197356087732,-0.8180924394265627,-0.002582305315268485
7.823858036123345,-3.3405780643789598,8.538197356087732,-0.8180924394265627,-0.002582305315268485
7.823858036123345,-3.3405780643789598,8.538197356087732,-0.8180924394265627,-0.002582305315268485
7.823858036123345,-3.3405780643789598,8.538197356087732,-0.8180924394265627,-0.002582305315268485
7.823858036123345,-3.3405780643789598,8.538197356087732,-0.8180924394265627,-0.002582305315268485
7.769724879234613,-3.33124491950636,8.48869858839379,-0.8087592945539628,-0.0520810730092105
7.769724879234613,-3.33124491950636,8.48869858839379,-0.8087592945539628,-0.0520810730092105
7.769724879234613,-3.33124491950636,8.48869858839379,-0.8087592945539628,-0.0520810730092105
7.769724879234613,-3.33124491950636,8.48869858839379,-0.8087592945539628,-0.0520810730092105
7.830796603025033,-3.302637730085798,8.493938851381872,-0.7801521051334008,-0.04684081002112883
7.830796603025033,-3.302637730085798,8.493938851381872,-0.7801521051334008,-0.04684081002112883
7.830796603025033,-3.302637730085798,8.493938851381872,-0.7801521051334008,-0.04684081002112883
7.830796603025033,-3.302637730085798,8.493938851381872,-0.7801521051334008,-0.04684081002112883
7.830796603025033,-3.302637730085798,8.493938851381872,-0.7801521051334008,-0.04684081002112883
7.830796603025033,-3.302637730085798,8.493938851381872,-0.7801521051334008,-0.04684081002112883
7.830796603025033,-3.302637730085798,8.493938851381872,-0.7801521051334008,-0.04684081002112883
7.830796603025033,-3.302637730085798,8.493938851381872,-0.7801521051334008,-0.04684081002112883
7.830796603025033,-3.302637730085798,8.493938851381872,-0.7801521051334008,-0.04684081002112883
7.830796603025033,-3.302637730085798,8.493938851381872,-0.7801521051334008,-0.04684081002112883
7.830796603025033,-3.302637730085798,8.493938851381872,-0.7801521051334008,-0.04684081002112883
7.830796603025033,-3.302637730085798,8.493938851381872,-0.7801521051334008,-0.04684081002112883
7.726984031240238,-3.2924948605288433,8.493669425003842,-0.7700092355764463,-0.04711023639915801
7.726984031240238,-3.2924948605288433,8.493669425003842,-0.7700092355764463,-0.04711023639915801
7.726984031240238,-3.2924948605288433,8.493669425003842,-0.7700092355764463,-0.04711023639915801
7.726984031240238,-3.2924948605288433,8.493669425003842,-0.7700092355764463,-0.04711023639915801
7.726984031240238,-3.2924948605288433,8.493669425003842,-0.7700092355764463,-0.04711023639915801
7.726984031240238,-3.2924948605288433,8.493669425003842,-0.7700092355764463,-0.04711023639915801
7.759285757748265,-3.2895539174589925,8.535607820448538,-0.7670682925065955,-0.005171840954462326
7.759285757748265,-3.2895539174589925,8.535607820448538,-0.7670682925065955,-0.005171840954462326
7.759285757748265,-3.2895539174589925,8.535607820448538,-0.7670682925065955,-0.005171840954462326
7.759285757748265,-3.2895539174589925,8.535607820448538,-0.7670682925065955,-0.005171840954462326
7.759285757748265,-3.2895539174589925,8.535607820448538,-0.7670682925065955,-0.005171840954462326
7.759285757748265,-3.2895539174589925,8.535607820448538,-0.7670682925065955,-0.005171840954462326
7.759285757748265,-3.2895539174589925,8.535607820448538,-0.7670682925065955,-0.005171840954462326
7.759285757748265,-3.2895539174589925,8.535607820448538,-0.7670682925065955,-0.005171840954462326
7.661360333659073,-3.2803357192329248,8.558125448900766,-0.7578500942805277,0.017345787497765386
7.661360333659073,-3.2803357192329248,8.558125448900766,-0.7578500942805277,0.017345787497765386
7.661360333659073,-3.2803357192329248,8.558125448900766,-0.7578500942805277,0.017345787497765386
7.661360333659073,-3.2803357192329248,8.558125448900766,-0.7578500942805277,0.017345787497765386
7.661360333659073,-3.2803357192329248,8.558125448900766,-0.7578500942805277,0.017345787497765386
7.661360333659073,-3.2803357192329248,8.558125448900766,-0.7578500942805277,0.017345787497765386
7.661360333659073,-3.2803357192329248,8.558125448900766,-0.7578500942805277,0.017345787497765386
7.661360333659073,-3.2803357192329248,8.558125448900766,-0.7578500942805277,0.017345787497765386
7.661360333659073,-3.2803357192329248,8.558125448900766,-0.7578500942805277,0.017345787497765386
7.661360333659073,-3.2803357192329248,8.558125448900766,-0.7578500942805277,0.017345787497765386
7.793100757973237,-3.277904418981805,8.533222068703278,-0.7554187940294081,-0.0075575926997224485
7.793100757973237,-3.277904418981805,8.533222068703278,-0.7554187940294081,-0.0075575926997224485
7.793100757973237,-3.277904418981805,8.533222068703278,-0.7554187940294081,-0.0075575926997224485
7.793100757973237,-3.277904418981805,8.533222068703278,-0.7554187940294081,-0.0075575926997224485
7.793100757973237,-3.277904418981805,8.533222068703278,-0.7554187940294081,-0.0075575926997224485
7.793100757973237,-3.277904418981805,8.533222068703278,-0.7554187940294081,-0.0075575926997224485
7.793100757973237,-3.277904418981805,8.533222068703278,-0.7554187940294081,-0.0075575926997224485
7.793100757973237,-3.277904418981805,8.533222068703278,-0.7554187940294081,-0.0075575926997224485
7.793100757973237,-3.277904418981805,8.533222068703278,-0.7554187940294081,-0.0075575926997224485
7.793100757973237,-3.277904418981805,8.533222068703278,-0.7554187940294081,-0.0075575926997224485
7.725604162692617,-3.273371613501394,8.522658423192388,-0.7508859885489971,-0.018121238210612844
7.725604162692617,-3.273371613501394,8.522658423192388,-0.7508859885489971,-0.018121238210612844
7.725604162692617,-3.273371613501394,8.522658423192388,-0.7508859885489971,-0.018121238210612844
7.725604162692617,-3.273371613501394,8.522658423192388,-0.7508859885489971,-0.018121238210612844
7.725604162692617,-3.273371613501394,8.522658423192388,-0.7508859885489971,-0.018121238210612844
7.725604162692617,-3.273371613501394,8.522658423192388,-0.7508859885489971,-0.018121238210612844
7.725604162692617,-3.273371613501394,8.522658423192388,-0.7508859885489971,-0.018121238210612844
7.725604162692617,-3.273371613501394,8.522658423192388,-0.7508859885489971,-0.018121238210612844
7.725604162692617,-3.273371613501394,8.522658423192388,-0.7508859885489971,-0.018121238210612844
7.725604162692617,-3.273371613501394,8.522658423192388,-0.7508859885489971,-0.018121238210612844
7.725604162692617,-3.273371613501394,8.522658423192388,-0.7508859885489971,-0.018121238210612844
7.755410071346902,-3.2730317083340155,8.47497531369464,-0.7505460833816184,-0.06580434770835986
7.755410071346902,-3.2730317083340155,8.47497531369464,-0.7505460833816184,-0.06580434770835986
7.755410071346902,-3.2730317083340155,8.47497531369464,-0.7505460833816184,-0.06580434770835986
7.755410071346902,-3.2730317083340155,8.47497531369464,-0.7505460833816184,-0.06580434770835986
7.755410071346902,-3.2730317083340155,8.47497531369464,-0.7505460833816184,-0.06580434770835986
7.755410071346902,-3.2730317083340155,8.47497531369464,-0.7505460833816184,-0.06580434770835986
7.755410071346902,-3.2730317083340155,8.47497531369464,-0.7505460833816184,-0.06580434770835986
7.755410071346902,-3.2730317083340155,8.47497531369464,-0.7505460833816184,-0.06580434770835986
7.755410071346902,-3.2730317083340155,8.47497531369464,-0.7505460833816184,-0.06580434770835986
7.755410071346902,-3.2730317083340155,8.47497531369464,-0.7505460833816184,-0.06580434770835986
7.755410071346902,-3.2730317083340155,8.47497531369464,-0.7505460833816184,-0.06580434770835986
7.755410071346902,-3.2730317083340155,8.47497531369464,-0.7505460833816184,-0.06580434770835986
7.755410071346902,-3.2730317083340155,8.47497531369464,-0.7505460833816184,-0.06580434770835986
7.755410071346902,-3.2730317083340155,8.47497531369464,-0.7505460833816184,-0.06580434770835986
7.661827329356777,-3.2570313688806047,8.53511235608266,-0.7345457439282077,-0.005667305320340432
7.661827329356777,-3.2570313688806047,8.53511235608266,-0.7345457439282077,-0.005667305320340432
7.661827329356777,-3.2570313688806047,8.53511235608266,-0.7345457439282077,-0.005667305320340432
7.661827329356777,-3.2570313688806047,8.53511235608266,-0.7345457439282077,-0.005667305320340432
7.661827329356777,-3.2570313688806047,8.53511235608266,-0.7345457439282077,-0.005667305320340432
7.661827329356777,-3.2570313688806047,8.53511235608266,-0.7345457439282077,-0.005667305320340432
7.661827329356777,-3.2570313688806047,8.53511235608266,-0.7345457439282077,-0.005667305320340432
7.661827329356777,-3.2570313688806047,8.53511235608266,-0.7345457439282077,-0.005667305320340432
7.661827329356777,-3.2570313688806047,8.53511235608266,-0.7345457439282077,-0.005667305320340432
7.661827329356777,-3.2570313688806047,8.53511235608266,-0.7345457439282077,-0.005667305320340432
7.661827329356777,-3.2570313688806047,8.53511235608266,-0.7345457439282077,-0.005667305320340432
7.661827329356777,-3.2570313688806047,8.53511235608266,-0.7345457439282077,-0.005667305320340432
7.661827329356777,-3.2570313688806047,8.53511235608266,-0.7345457439282077,-0.005667305320340432
7.661827329356777,-3.2570313688806047,8.53511235608266,-0.7345457439282077,-0.005667305320340432
7.661827329356777,-3.2570313688806047,8.53511235608266,-0.7345457439282077,-0.005667305320340432
7.661827329356777,-3.2570313688806047,8.53511235608266,-0.7345457439282077,-0.005667305320340432
7.661827329356777,-3.2570313688806047,8.53511235608266,-0.7345457439282077,-0.005667305320340432
7.661827329356777,-3.2570313688806047,8.53511235608266,-0.7345457439282077,-0.005667305320340432
7.661827329356777,-3.2570313688806047,8.53511235608266,-0.7345457439282077,-0.005667305320340432
7.661827329356777,-3.2570313688806047,8.53511235608266,-0.7345457439282077,-0.005667305320340432
7.654506297784458,-3.2563124552001317,8.528346513692046,-0.7338268302477347,-0.012433147710954273
7.654506297784458,-3.2563124552001317,8.528346513692046,-0.7338268302477347,-0.012433147710954273
7.654506297784458,-3.2563124552001317,8.528346513692046,-0.7338268302477347,-0.012433147710954273
7.654506297784458,-3.2563124552001317,8.528346513692046,-0.7338268302477347,-0.012433147710954273
7.654506297784458,-3.2563124552001317,8.528346513692046,-0.7338268302477347,-0.012433147710954273
7.654506297784458,-3.2563124552001317,8.528346513692046,-0.7338268302477347,-0.012433147710954273
7.654506297784458,-3.2563124552001317,8.528346513692046,-0.7338268302477347,-0.012433147710954273
7.654506297784458,-3.2563124552001317,8.528346513692046,-0.7338268302477347,-0.012433147710954273
7.654506297784458,-3.2563124552001317,8.528346513692046,-0.7338268302477347,-0.012433147710954273
7.654506297784458,-3.2563124552001317,8.528346513692046,-0.7338268302477347,-0.012433147710954273
7.654506297784458,-3.2563124552001317,8.528346513692046,-0.7338268302477347,-0.012433147710954273
7.654506297784458,-3.2563124552001317,8.528346513692046,-0.7338268302477347,-0.012433147710954273
7.654506297784458,-3.2563124552001317,8.528346513692046,-0.7338268302477347,-0.012433147710954273
7.654506297784458,-3.2563124552001317,8.528346513692046,-0.7338268302477347,-0.012433147710954273
7.654506297784458,-3.2563124552001317,8.528346513692046,-0.7338268302477347,-0.012433147710954273
7.654506297784458,-3.2563124552001317,8.528346513692046,-0.7338268302477347,-0.012433147710954273
7.654506297784458,-3.2563124552001317,8.528346513692046,-0.7338268302477347,-0.012433147710954273
7.654506297784458,-3.2563124552001317,8.528346513692046,-0.7338268302477347,-0.012433147710954273
7.654506297784458,-3.2563124552001317,8.528346513692046,-0.7338268302477347,-0.012433147710954273
7.654506297784458,-3.2563124552001317,8.528346513692046,-0.7338268302477347,-0.012433147710954273
7.654506297784458,-3.2563124552001317,8.528346513692046,-0.7338268302477347,-0.012433147710954273
7.654506297784458,-3.2563124552001317,8.528346513692046,-0.7338268302477347,-0.012433147710954273
7.654506297784458,-3.2563124552001317,8.528346513692046,-0.7338268302477347,-0.012433147710954273
7.76646524611686,-3.2516538343723824,8.527393122932299,-0.7291682094199854,-0.013386538470701481
7.76646524611686,-3.2516538343723824,8.527393122932299,-0.7291682094199854,-0.013386538470701481
7.76646524611686,-3.2516538343723824,8.527393122932299,-0.7291682094199854,-0.013386538470701481
7.76646524611686,-3.2516538343723824,8.527393122932299,-0.7291682094199854,-0.013386538470701481
7.76646524611686,-3.2516538343723824,8.527393122932299,-0.7291682094199854,-0.013386538470701481
7.76646524611686,-3.2516538343723824,8.527393122932299,-0.7291682094199854,-0.013386538470701481
7.76646524611686,-3.2516538343723824,8.527393122932299,-0.7291682094199854,-0.013386538470701481
7.76646524611686,-3.2516538343723824,8.527393122932299,-0.7291682094199854,-0.013386538470701481
7.76646524611686,-3.2516538343723824,8.527393122932299,-0.7291682094199854,-0.013386538470701481
7.667988370755529,-3.2458043046707514,8.48762800397966,-0.7233186797183544,-0.05315165742334038
7.667988370755529,-3.2458043046707514,8.48762800397966,-0.7233186797183544,-0.05315165742334038
7.667988370755529,-3.2458043046707514,8.48762800397966,-0.7233186797183544,-0.05315165742334038
7.667988370755529,-3.2458043046707514,8.48762800397966,-0.7233186797183544,-0.05315165742334038
7.667988370755529,-3.2458043046707514,8.48762800397966,-0.7233186797183544,-0.05315165742334038
7.667988370755529,-3.2458043046707514,8.48762800397966,-0.7233186797183544,-0.05315165742334038
7.667988370755529,-3.2458043046707514,8.48762800397966,-0.7233186797183544,-0.05315165742334038
7.667988370755529,-3.2458043046707514,8.48762800397966,-0.7233186797183544,-0.05315165742334038
7.667988370755529,-3.2458043046707514,8.48762800397966,-0.7233186797183544,-0.05315165742334038
7.667988370755529,-3.2458043046707514,8.48762800397966,-0.7233186797183544,-0.05315165742334038
7.667988370755529,-3.2458043046707514,8.48762800397966,-0.7233186797183544,-0.05315165742334038
7.667988370755529,-3.2458043046707514,8.48762800397966,-0.7233186797183544,-0.05315165742334038
7.667988370755529,-3.2458043046707514,8.48762800397966,-0.7233186797183544,-0.05315165742334038
7.667988370755529,-3.2458043046707514,8.48762800397966,-0.7233186797183544,-0.05315165742334038
7.667988370755529,-3.2458043046707514,8.48762800397966,-0.7233186797183544,-0.05315165742334038
7.667988370755529,-3.2458043046707514,8.48762800397966,-0.7233186797183544,-0.05315165742334038
7.786495992777108,-3.2408371807456904,8.552465624579158,-0.7183515557932934,0.011685963176157443
7.786495992777108,-3.2408371807456904,8.552465624579158,-0.7183515557932934,0.011685963176157443
7.786495992777108,-3.2408371807456904,8.552465624579158,-0.7183515557932934,0.011685963176157443
7.786495992777108,-3.2408371807456904,8.552465624579158,-0.7183515557932934,0.011685963176157443
7.786495992777108,-3.2408371807456904,8.552465624579158,-0.7183515557932934,0.011685963176157443
7.786495992777108,-3.2408371807456904,8.552465624579158,-0.7183515557932934,0.011685963176157443
7.786495992777108,-3.2408371807456904,8.552465624579158,-0.7183515557932934,0.011685963176157443
7.786495992777108,-3.2408371807456904,8.552465624579158,-0.7183515557932934,0.011685963176157443
7.786495992777108,-3.2408371807456904,8.552465624579158,-0.7183515557932934,0.011685963176157443
7.786495992777108,-3.2408371807456904,8.552465624579158,-0.7183515557932934,0.011685963176157443
7.786495992777108,-3.2408371807456904,8.552465624579158,-0.7183515557932934,0.011685963176157443
7.713615267881566,-3.240443103642903,8.519345031313746,-0.7179574786905061,-0.021434630089254725
7.713615267881566,-3.240443103642903,8.519345031313746,-0.7179574786905061,-0.021434630089254725
7.713615267881566,-3.240443103642903,8.519345031313746,-0.7179574786905061,-0.021434630089254725
7.713615267881566,-3.240443103642903,8.519345031313746,-0.7179574786905061,-0.021434630089254725
7.713615267881566,-3.240443103642903,8.519345031313746,-0.7179574786905061,-0.021434630089254725
7.713615267881566,-3.240443103642903,8.519345031313746,-0.7179574786905061,-0.021434630089254725
7.713615267881566,-3.240443103642903,8.519345031313746,-0.7179574786905061,-0.021434630089254725
7.713615267881566,-3.240443103642903,8.519345031313746,-0.7179574786905061,-0.021434630089254725
7.713615267881566,-3.240443103642903,8.519345031313746,-0.7179574786905061,-0.021434630089254725
7.713615267881566,-3.240443103642903,8.519345031313746,-0.7179574786905061,-0.021434630089254725
7.713615267881566,-3.240443103642903,8.519345031313746,-0.7179574786905061,-0.021434630089254725
7.713615267881566,-3.240443103642903,8.519345031313746,-0.7179574786905061,-0.021434630089254725
7.713615267881566,-3.240443103642903,8.519345031313746,-0.7179574786905061,-0.021434630089254725
7.713615267881566,-3.240443103642903,8.519345031313746,-0.7179574786905061,-0.021434630089254725
7.713615267881566,-3.240443103642903,8.519345031313746,-0.7179574786905061,-0.021434630089254725
7.713615267881566,-3.240443103642903,8.519345031313746,-0.7179574786905061,-0.021434630089254725
7.713615267881566,-3.240443103642903,8.519345031313746,-0.7179574786905061,-0.021434630089254725
7.741147108988696,-3.238129459702492,8.552125108043095,-0.7156438347500949,0.011345446640094181
7.741147108988696,-3.238129459702492,8.552125108043095,-0.7156438347500949,0.011345446640094181
7.741147108988696,-3.238129459702492,8.552125108043095,-0.7156438347500949,0.011345446640094181
7.741147108988696,-3.238129459702492,8.552125108043095,-0.7156438347500949,0.011345446640094181
7.741147108988696,-3.238129459702492,8.552125108043095,-0.7156438347500949,0.011345446640094181
7.741147108988696,-3.238129459702492,8.552125108043095,-0.7156438347500949,0.011345446640094181
7.741147108988696,-3.238129459702492,8.552125108043095,-0.7156438347500949,0.011345446640094181
7.741147108988696,-3.238129459702492,8.552125108043095,-0.7156438347500949,0.011345446640094181
7.741147108988696,-3.238129459702492,8.552125108043095,-0.7156438347500949,0.011345446640094181
7.741147108988696,-3.238129459702492,8.552125108043095,-0.7156438347500949,0.011345446640094181
7.741147108988696,-3.238129459702492,8.552125108043095,-0.7156438347500949,0.011345446640094181
7.741147108988696,-3.238129459702492,8.552125108043095,-0.7156438347500949,0.011345446640094181
7.741147108988696,-3.238129459702492,8.552125108043095,-0.7156438347500949,0.011345446640094181
7.741147108988696,-3.238129459702492,8.552125108043095,-0.7156438347500949,0.011345446640094181
7.741147108988696,-3.238129459702492,8.552125108043095,-0.7156438347500949,0.011345446640094181
7.741147108988696,-3.238129459702492,8.552125108043095,-0.7156438347500949,0.011345446640094181
7.741147108988696,-3.238129459702492,8.552125108043095,-0.7156438347500949,0.011345446640094181
7.741147108988696,-3.238129459702492,8.552125108043095,-0.7156438347500949,0.011345446640094181
7.741147108988696,-3.238129459702492,8.552125108043095,-0.7156438347500949,0.011345446640094181
7.741147108988696,-3.238129459702492,8.552125108043095,-0.7156438347500949,0.011345446640094181
7.741147108988696,-3.238129459702492,8.552125108043095,-0.7156438347500949,0.011345446640094181
7.652225882779915,-3.1945006606547572,8.512308848797225,-0.6720150357023602,-0.02847081260577511
7.652225882779915,-3.1945006606547572,8.512308848797225,-0.6720150357023602,-0.02847081260577511
7.652225882779915,-3.1945006606547572,8.512308848797225,-0.6720150357023602,-0.02847081260577511
7.652225882779915,-3.1945006606547572,8.512308848797225,-0.6720150357023602,-0.02847081260577511
7.652225882779915,-3.1945006606547572,8.512308848797225,-0.6720150357023602,-0.02847081260577511
7.652225882779915,-3.1945006606547572,8.512308848797225,-0.6720150357023602,-0.02847081260577511
7.652225882779915,-3.1945006606547572,8.512308848797225,-0.6720150357023602,-0.02847081260577511
7.652225882779915,-3.1945006606547572,8.512308848797225,-0.6720150357023602,-0.02847081260577511
7.652225882779915,-3.1945006606547572,8.512308848797225,-0.6720150357023602,-0.02847081260577511
7.652225882779915,-3.1945006606547572,8.512308848797225,-0.6720150357023602,-0.02847081260577511
7.652225882779915,-3.1945006606547572,8.512308848797225,-0.6720150357023602,-0.02847081260577511
7.652225882779915,-3.1945006606547572,8.512308848797225,-0.6720150357023602,-0.02847081260577511
7.652225882779915,-3.1945006606547572,8.512308848797225,-0.6720150357023602,-0.02847081260577511
7.652225882779915,-3.1945006606547572,8.512308848797225,-0.6720150357023602,-0.02847081260577511
7.652225882779915,-3.1945006606547572,8.512308848797225,-0.6720150357023602,-0.02847081260577511
7.652225882779915,-3.1945006606547572,8.512308848797225,-0.6720150357023602,-0.02847081260577511
7.652225882779915,-3.1945006606547572,8.512308848797225,-0.6720150357023602,-0.02847081260577511
7.652225882779915,-3.1945006606547572,8.512308848797225,-0.6720150357023602,-0.02847081260577511
7.652225882779915,-3.1945006606547572,8.512308848797225,-0.6720150357023602,-0.02847081260577511
7.652225882779915,-3.1945006606547572,8.512308848797225,-0.6720150357023602,-0.02847081260577511
7.652225882779915,-3.1945006606547572,8.512308848797225,-0.6720150357023602,-0.02847081260577511
7.652225882779915,-3.1945006606547572,8.512308848797225,-0.6720150357023602,-0.02847081260577511
7.652225882779915,-3.1945006606547572,8.512308848797225,-0.6720150357023602,-0.02847081260577511
7.652225882779915,-3.1945006606547572,8.512308848797225,-0.6720150357023602,-0.02847081260577511
7.652225882779915,-3.1945006606547572,8.512308848797225,-0.6720150357023602,-0.02847081260577511
7.652225882779915,-3.1945006606547572,8.512308848797225,-0.6720150357023602,-0.02847081260577511
7.652225882779915,-3.1945006606547572,8.512308848797225,-0.6720150357023602,-0.02847081260577511
7.652225882779915,-3.1945006606547572,8.512308848797225,-0.6720150357023602,-0.02847081260577511
7.652225882779915,-3.1945006606547572,8.512308848797225,-0.6720150357023602,-0.02847081260577511
7.652225882779915,-3.1945006606547572,8.512308848797225,-0.6720150357023602,-0.02847081260577511
7.652225882779915,-3.1945006606547572,8.512308848797225,-0.6720150357023602,-0.02847081260577511
7.652225882779915,-3.1945006606547572,8.512308848797225,-0.6720150357023602,-0.02847081260577511
7.652225882779915,-3.1945006606547572,8.512308848797225,-0.6720150357023602,-0.02847081260577511
7.652225882779915,-3.1945006606547572,8.512308848797225,-0.6720150357023602,-0.02847081260577511
7.652225882779915,-3.1945006606547572,8.512308848797225,-0.6720150357023602,-0.02847081260577511
7.652225882779915,-3.1945006606547572,8.512308848797225,-0.6720150357023602,-0.02847081260577511
7.652225882779915,-3.1945006606547572,8.512308848797225,-0.6720150357023602,-0.02847081260577511
7.652225882779915,-3.1945006606547572,8.512308848797225,-0.6720150357023602,-0.02847081260577511
7.652225882779915,-3.1945006606547572,8.512308848797225,-0.6720150357023602,-0.02847081260577511
7.652225882779915,-3.1945006606547572,8.512308848797225,-0.6720150357023602,-0.02847081260577511
7.652225882779915,-3.1945006606547572,8.512308848797225,-0.6720150357023602,-0.02847081260577511
7.652225882779915,-3.1945006606547572,8.512308848797225,-0.6720150357023602,-0.02847081260577511
7.652225882779915,-3.1945006606547572,8.512308848797225,-0.6720150357023602,-0.02847081260577511
7.652225882779915,-3.1945006606547572,8.512308848797225,-0.6720150357023602,-0.02847081260577511
7.652225882779915,-3.1945006606547572,8.512308848797225,-0.6720150357023602,-0.02847081260577511
7.652225882779915,-3.1945006606547572,8.512308848797225,-0.6720150357023602,-0.02847081260577511
7.652225882779915,-3.1945006606547572,8.512308848797225,-0.6720150357023602,-0.02847081260577511
7.652225882779915,-3.1945006606547572,8.512308848797225,-0.6720150357023602,-0.02847081260577511
7.652225882779915,-3.1945006606547572,8.512308848797225,-0.6720150357023602,-0.02847081260577511
7.652225882779915,-3.1945006606547572,8.512308848797225,-0.6720150357023602,-0.02847081260577511
7.652225882779915,-3.1945006606547572,8.512308848797225,-0.6720150357023602,-0.02847081260577511
7.652225882779915,-3.1945006606547572,8.512308848797225,-0.6720150357023602,-0.02847081260577511
7.652225882779915,-3.1945006606547572,8.512308848797225,-0.6720150357023602,-0.02847081260577511
7.652225882779915,-3.1945006606547572,8.512308848797225,-0.6720150357023602,-0.02847081260577511
7.652225882779915,-3.1945006606547572,8.512308848797225,-0.6720150357023602,-0.02847081260577511
7.652225882779915,-3.1945006606547572,8.512308848797225,-0.6720150357023602,-0.02847081260577511
7.715087241955454,-3.1679737835579225,8.544030304222014,-0.6454881586055254,0.0032506428190135495
7.715087241955454,-3.1679737835579225,8.544030304222014,-0.6454881586055254,0.0032506428190135495
7.715087241955454,-3.1679737835579225,8.544030304222014,-0.6454881586055254,0.0032506428190135495
7.715087241955454,-3.1679737835579225,8.544030304222014,-0.6454881586055254,0.0032506428190135495
7.715087241955454,-3.1679737835579225,8.544030304222014,-0.6454881586055254,0.0032506428190135495
7.715087241955454,-3.1679737835579225,8.544030304222014,-0.6454881586055254,0.0032506428190135495
7.715087241955454,-3.1679737835579225,8.544030304222014,-0.6454881586055254,0.0032506428190135495
7.715087241955454,-3.1679737835579225,8.544030304222014,-0.6454881586055254,0.0032506428190135495
7.715087241955454,-3.1679737835579225,8.544030304222014,-0.6454881586055254,0.0032506428190135495
7.715087241955454,-3.1679737835579225,8.544030304222014,-0.6454881586055254,0.0032506428190135495
7.715087241955454,-3.1679737835579225,8.544030304222014,-0.6454881586055254,0.0032506428190135495
7.715087241955454,-3.1679737835579225,8.544030304222014,-0.6454881586055254,0.0032506428190135495
7.715087241955454,-3.1679737835579225,8.544030304222014,-0.6454881586055254,0.0032506428190135495
7.715087241955454,-3.1679737835579225,8.544030304222014,-0.6454881586055254,0.0032506428190135495
7.709339674828735,-3.1615359388737776,8.543847320729691,-0.6390503139213806,0.0030676593266907304
7.709339674828735,-3.1615359388737776,8.543847320729691,-0.6390503139213806,0.0030676593266907304
7.709339674828735,-3.1615359388737776,8.543847320729691,-0.6390503139213806,0.0030676593266907304
7.709339674828735,-3.1615359388737776,8.543847320729691,-0.6390503139213806,0.0030676593266907304
7.709339674828735,-3.1615359388737776,8.543847320729691,-0.6390503139213806,0.0030676593266907304
7.709339674828735,-3.1615359388737776,8.543847320729691,-0.6390503139213806,0.0030676593266907304
7.709339674828735,-3.1615359388737776,8.543847320729691,-0.6390503139213806,0.0030676593266907304
7.709339674828735,-3.1615359388737776,8.543847320729691,-0.6390503139213806,0.0030676593266907304
7.709339674828735,-3.1615359388737776,8.543847320729691,-0.6390503139213806,0.0030676593266907304
7.709339674828735,-3.1615359388737776,8.543847320729691,-0.6390503139213806,0.0030676593266907304
7.709339674828735,-3.1615359388737776,8.543847320729691,-0.6390503139213806,0.0030676593266907304
7.709339674828735,-3.1615359388737776,8.543847320729691,-0.6390503139213806,0.0030676593266907304
7.709339674828735,-3.1615359388737776,8.543847320729691,-0.6390503139213806,0.0030676593266907304
7.709339674828735,-3.1615359388737776,8.543847320729691,-0.6390503139213806,0.0030676593266907304
7.666778588760265,-3.160163659948022,8.573466448328181,-0.6376780349956248,0.03268678692518101
7.666778588760265,-3.160163659948022,8.573466448328181,-0.6376780349956248,0.03268678692518101
7.666778588760265,-3.160163659948022,8.573466448328181,-0.6376780349956248,0.03268678692518101
7.666778588760265,-3.160163659948022,8.573466448328181,-0.6376780349956248,0.03268678692518101
7.666778588760265,-3.160163659948022,8.573466448328181,-0.6376780349956248,0.03268678692518101
7.666778588760265,-3.160163659948022,8.573466448328181,-0.6376780349956248,0.03268678692518101
7.666778588760265,-3.160163659948022,8.573466448328181,-0.6376780349956248,0.03268678692518101
7.666778588760265,-3.160163659948022,8.573466448328181,-0.6376780349956248,0.03268678692518101
7.666778588760265,-3.160163659948022,8.573466448328181,-0.6376780349956248,0.03268678692518101
7.735771084219685,-3.152693043119795,8.49920706698067,-0.630207418167398,-0.04157259442233041
7.735771084219685,-3.152693043119795,8.49920706698067,-0.630207418167398,-0.04157259442233041
7.735771084219685,-3.152693043119795,8.49920706698067,-0.630207418167398,-0.04157259442233041
7.735771084219685,-3.152693043119795,8.49920706698067,-0.630207418167398,-0.04157259442233041
7.735771084219685,-3.152693043119795,8.49920706698067,-0.630207418167398,-0.04157259442233041
7.735771084219685,-3.152693043119795,8.49920706698067,-0.630207418167398,-0.04157259442233041
7.735771084219685,-3.152693043119795,8.49920706698067,-0.630207418167398,-0.04157259442233041
7.735771084219685,-3.152693043119795,8.49920706698067,-0.630207418167398,-0.04157259442233041
7.735771084219685,-3.152693043119795,8.49920706698067,-0.630207418167398,-0.04157259442233041
7.735771084219685,-3.152693043119795,8.49920706698067,-0.630207418167398,-0.04157259442233041
7.735771084219685,-3.152693043119795,8.49920706698067,-0.630207418167398,-0.04157259442233041
7.735771084219685,-3.152693043119795,8.49920706698067,-0.630207418167398,-0.04157259442233041
7.735771084219685,-3.152693043119795,8.49920706698067,-0.630207418167398,-0.04157259442233041
7.735771084219685,-3.152693043119795,8.49920706698067,-0.630207418167398,-0.04157259442233041
7.735771084219685,-3.152693043119795,8.49920706698067,-0.630207418167398,-0.04157259442233041
7.748927007530449,-3.150905624867645,8.501428557927861,-0.628419999915248,-0.03935110347513948
7.748927007530449,-3.150905624867645,8.501428557927861,-0.628419999915248,-0.03935110347513948
7.748927007530449,-3.150905624867645,8.501428557927861,-0.628419999915248,-0.03935110347513948
7.748927007530449,-3.150905624867645,8.501428557927861,-0.628419999915248,-0.03935110347513948
7.748927007530449,-3.150905624867645,8.501428557927861,-0.628419999915248,-0.03935110347513948
7.748927007530449,-3.150905624867645,8.501428557927861,-0.628419999915248,-0.03935110347513948
7.748927007530449,-3.150905624867645,8.501428557927861,-0.628419999915248,-0.03935110347513948
7.748927007530449,-3.150905624867645,8.501428557927861,-0.628419999915248,-0.03935110347513948
7.748927007530449,-3.150905624867645,8.501428557927861,-0.628419999915248,-0.03935110347513948
7.748927007530449,-3.150905624867645,8.501428557927861,-0.628419999915248,-0.03935110347513948
7.748927007530449,-3.150905624867645,8.501428557927861,-0.628419999915248,-0.03935110347513948
7.748927007530449,-3.150905624867645,8.501428557927861,-0.628419999915248,-0.03935110347513948
7.748927007530449,-3.150905624867645,8.501428557927861,-0.628419999915248,-0.03935110347513948
7.791952944284247,-3.1388803835066437,8.577083904480375,-0.6163947585542466,0.036304243077374565
7.791952944284247,-3.1388803835066437,8.577083904480375,-0.6163947585542466,0.036304243077374565
7.791952944284247,-3.1388803835066437,8.577083904480375,-0.6163947585542466,0.036304243077374565
7.791952944284247,-3.1388803835066437,8.577083904480375,-0.6163947585542466,0.036304243077374565
7.791952944284247,-3.1388803835066437,8.577083904480375,-0.6163947585542466,0.036304243077374565
7.791952944284247,-3.1388803835066437,8.577083904480375,-0.6163947585542466,0.036304243077374565
7.791952944284247,-3.1388803835066437,8.577083904480375,-0.6163947585542466,0.036304243077374565
7.791952944284247,-3.1388803835066437,8.577083904480375,-0.6163947585542466,0.036304243077374565
7.791952944284247,-3.1388803835066437,8.577083904480375,-0.6163947585542466,0.036304243077374565
7.791952944284247,-3.1388803835066437,8.577083904480375,-0.6163947585542466,0.036304243077374565
7.791952944284247,-3.1388803835066437,8.577083904480375,-0.6163947585542466,0.036304243077374565
7.791952944284247,-3.1388803835066437,8.577083904480375,-0.6163947585542466,0.036304243077374565
7.791952944284247,-3.1388803835066437,8.577083904480375,-0.6163947585542466,0.036304243077374565
7.652175400665689,-3.1320941146043424,8.578432207197466,-0.6096084896519454,0.0376525457944652
7.652175400665689,-3.1320941146043424,8.578432207197466,-0.6096084896519454,0.0376525457944652
7.652175400665689,-3.1320941146043424,8.578432207197466,-0.6096084896519454,0.0376525457944652
7.652175400665689,-3.1320941146043424,8.578432207197466,-0.6096084896519454,0.0376525457944652
7.652175400665689,-3.1320941146043424,8.578432207197466,-0.6096084896519454,0.0376525457944652
7.652175400665689,-3.1320941146043424,8.578432207197466,-0.6096084896519454,0.0376525457944652
7.652175400665689,-3.1320941146043424,8.578432207197466,-0.6096084896519454,0.0376525457944652
7.652175400665689,-3.1320941146043424,8.578432207197466,-0.6096084896519454,0.0376525457944652
7.652175400665689,-3.1320941146043424,8.578432207197466,-0.6096084896519454,0.0376525457944652
7.652175400665689,-3.1320941146043424,8.578432207197466,-0.6096084896519454,0.0376525457944652
7.733192083140409,-3.1273867179519774,8.506941054764336,-0.6049010929995804,-0.033838606638664004
7.733192083140409,-3.1273867179519774,8.506941054764336,-0.6049010929995804,-0.033838606638664004
7.733192083140409,-3.1273867179519774,8.506941054764336,-0.6049010929995804,-0.033838606638664004
7.733192083140409,-3.1273867179519774,8.506941054764336,-0.6049010929995804,-0.033838606638664004
7.733192083140409,-3.1273867179519774,8.506941054764336,-0.6049010929995804,-0.033838606638664004
7.733192083140409,-3.1273867179519774,8.506941054764336,-0.6049010929995804,-0.033838606638664004
7.733192083140409,-3.1273867179519774,8.506941054764336,-0.6049010929995804,-0.033838606638664004
7.733192083140409,-3.1273867179519774,8.506941054764336,-0.6049010929995804,-0.033838606638664004
7.733192083140409,-3.1273867179519774,8.506941054764336,-0.6049010929995804,-0.033838606638664004
7.733192083140409,-3.1273867179519774,8.506941054764336,-0.6049010929995804,-0.033838606638664004
7.733192083140409,-3.1273867179519774,8.506941054764336,-0.6049010929995804,-0.033838606638664004
7.733192083140409,-3.1273867179519774,8.506941054764336,-0.6049010929995804,-0.033838606638664004
7.733192083140409,-3.1273867179519774,8.506941054764336,-0.6049010929995804,-0.033838606638664004
7.733192083140409,-3.1273867179519774,8.506941054764336,-0.6049010929995804,-0.033838606638664004
7.733192083140409,-3.1273867179519774,8.506941054764336,-0.6049010929995804,-0.033838606638664004
7.733192083140409,-3.1273867179519774,8.506941054764336,-0.6049010929995804,-0.033838606638664004
7.718078922237766,-3.119146379722692,8.516453179699857,-0.5966607547702951,-0.024326481703143443
7.718078922237766,-3.119146379722692,8.516453179699857,-0.5966607547702951,-0.024326481703143443
7.718078922237766,-3.119146379722692,8.516453179699857,-0.5966607547702951,-0.024326481703143443
7.718078922237766,-3.119146379722692,8.516453179699857,-0.5966607547702951,-0.024326481703143443
7.718078922237766,-3.119146379722692,8.516453179699857,-0.5966607547702951,-0.024326481703143443
7.718078922237766,-3.119146379722692,8.516453179699857,-0.5966607547702951,-0.024326481703143443
7.718078922237766,-3.119146379722692,8.516453179699857,-0.5966607547702951,-0.024326481703143443
7.718078922237766,-3.119146379722692,8.516453179699857,-0.5966607547702951,-0.024326481703143443
7.718078922237766,-3.119146379722692,8.516453179699857,-0.5966607547702951,-0.024326481703143443
7.692394788434815,-3.1171215393880103,8.57582290019141,-0.5946359144356133,0.035043238788409425
7.692394788434815,-3.1171215393880103,8.57582290019141,-0.5946359144356133,0.035043238788409425
7.692394788434815,-3.1171215393880103,8.57582290019141,-0.5946359144356133,0.035043238788409425
7.692394788434815,-3.1171215393880103,8.57582290019141,-0.5946359144356133,0.035043238788409425
7.692394788434815,-3.1171215393880103,8.57582290019141,-0.5946359144356133,0.035043238788409425
7.692394788434815,-3.1171215393880103,8.57582290019141,-0.5946359144356133,0.035043238788409425
7.692394788434815,-3.1171215393880103,8.57582290019141,-0.5946359144356133,0.035043238788409425
7.692394788434815,-3.1171215393880103,8.57582290019141,-0.5946359144356133,0.035043238788409425
7.692394788434815,-3.1171215393880103,8.57582290019141,-0.5946359144356133,0.035043238788409425
7.692394788434815,-3.1171215393880103,8.57582290019141,-0.5946359144356133,0.035043238788409425
7.692394788434815,-3.1171215393880103,8.57582290019141,-0.5946359144356133,0.035043238788409425
7.692394788434815,-3.1171215393880103,8.57582290019141,-0.5946359144356133,0.035043238788409425
7.692394788434815,-3.1171215393880103,8.57582290019141,-0.5946359144356133,0.035043238788409425
7.692394788434815,-3.1171215393880103,8.57582290019141,-0.5946359144356133,0.035043238788409425
7.692394788434815,-3.1171215393880103,8.57582290019141,-0.5946359144356133,0.035043238788409425
7.692394788434815,-3.1171215393880103,8.57582290019141,-0.5946359144356133,0.035043238788409425
7.692394788434815,-3.1171215393880103,8.57582290019141,-0.5946359144356133,0.035043238788409425
7.692394788434815,-3.1171215393880103,8.57582290019141,-0.5946359144356133,0.035043238788409425
7.67811027538761,-3.114333129616705,8.492246920474884,-0.5918475046643081,-0.04853274092811688
7.67811027538761,-3.114333129616705,8.492246920474884,-0.5918475046643081,-0.04853274092811688
7.67811027538761,-3.114333129616705,8.492246920474884,-0.5918475046643081,-0.04853274092811688
7.67811027538761,-3.114333129616705,8.492246920474884,-0.5918475046643081,-0.04853274092811688
7.67811027538761,-3.114333129616705,8.492246920474884,-0.5918475046643081,-0.04853274092811688
7.67811027538761,-3.114333129616705,8.492246920474884,-0.5918475046643081,-0.04853274092811688
7.67811027538761,-3.114333129616705,8.492246920474884,-0.5918475046643081,-0.04853274092811688
7.67811027538761,-3.114333129616705,8.492246920474884,-0.5918475046643081,-0.04853274092811688
7.726613352248116,-3.11040644340818,8.537273172768234,-0.5879208184557831,-0.003506488634766214
7.726613352248116,-3.11040644340818,8.537273172768234,-0.5879208184557831,-0.003506488634766214
7.726613352248116,-3.11040644340818,8.537273172768234,-0.5879208184557831,-0.003506488634766214
7.726613352248116,-3.11040644340818,8.537273172768234,-0.5879208184557831,-0.003506488634766214
7.726613352248116,-3.11040644340818,8.537273172768234,-0.5879208184557831,-0.003506488634766214
7.726613352248116,-3.11040644340818,8.537273172768234,-0.5879208184557831,-0.003506488634766214
7.726613352248116,-3.11040644340818,8.537273172768234,-0.5879208184557831,-0.003506488634766214
7.726613352248116,-3.11040644340818,8.537273172768234,-0.5879208184557831,-0.003506488634766214
7.727816547584823,-3.105387097206421,8.513496183898512,-0.582901472254024,-0.02728347750448812
7.727816547584823,-3.105387097206421,8.513496183898512,-0.582901472254024,-0.02728347750448812
7.727816547584823,-3.105387097206421,8.513496183898512,-0.582901472254024,-0.02728347750448812
7.727816547584823,-3.105387097206421,8.513496183898512,-0.582901472254024,-0.02728347750448812
7.727816547584823,-3.105387097206421,8.513496183898512,-0.582901472254024,-0.02728347750448812
7.727816547584823,-3.105387097206421,8.513496183898512,-0.582901472254024,-0.02728347750448812
7.727816547584823,-3.105387097206421,8.513496183898512,-0.582901472254024,-0.02728347750448812
7.727816547584823,-3.105387097206421,8.513496183898512,-0.582901472254024,-0.02728347750448812
7.727816547584823,-3.105387097206421,8.513496183898512,-0.582901472254024,-0.02728347750448812
7.727816547584823,-3.105387097206421,8.513496183898512,-0.582901472254024,-0.02728347750448812
7.727816547584823,-3.105387097206421,8.513496183898512,-0.582901472254024,-0.02728347750448812
7.732361692767015,-3.10324973831694,8.524695091193589,-0.5807641133645429,-0.016084570209411453
7.732361692767015,-3.10324973831694,8.524695091193589,-0.5807641133645429,-0.016084570209411453
7.732361692767015,-3.10324973831694,8.524695091193589,-0.5807641133645429,-0.016084570209411453
7.732361692767015,-3.10324973831694,8.524695091193589,-0.5807641133645429,-0.016084570209411453
7.732361692767015,-3.10324973831694,8.524695091193589,-0.5807641133645429,-0.016084570209411453
7.732361692767015,-3.10324973831694,8.524695091193589,-0.5807641133645429,-0.016084570209411453
7.732361692767015,-3.10324973831694,8.524695091193589,-0.5807641133645429,-0.016084570209411453
7.732361692767015,-3.10324973831694,8.524695091193589,-0.5807641133645429,-0.016084570209411453
7.732361692767015,-3.10324973831694,8.524695091193589,-0.5807641133645429,-0.016084570209411453
7.732361692767015,-3.10324973831694,8.524695091193589,-0.5807641133645429,-0.016084570209411453
7.732361692767015,-3.10324973831694,8.524695091193589,-0.5807641133645429,-0.016084570209411453
7.732361692767015,-3.10324973831694,8.524695091193589,-0.5807641133645429,-0.016084570209411453
7.732361692767015,-3.10324973831694,8.524695091193589,-0.5807641133645429,-0.016084570209411453
7.732361692767015,-3.10324973831694,8.524695091193589,-0.5807641133645429,-0.016084570209411453
7.732361692767015,-3.10324973831694,8.524695091193589,-0.5807641133645429,-0.016084570209411453
7.732361692767015,-3.10324973831694,8.524695091193589,-0.5807641133645429,-0.016084570209411453
7.645801370606756,-3.0991738332093486,8.499635454439865,-0.5766882082569516,-0.04114420696313559
7.645801370606756,-3.0991738332093486,8.499635454439865,-0.5766882082569516,-0.04114420696313559
7.645801370606756,-3.0991738332093486,8.499635454439865,-0.5766882082569516,-0.04114420696313559
7.645801370606756,-3.0991738332093486,8.499635454439865,-0.5766882082569516,-0.04114420696313559
7.645801370606756,-3.0991738332093486,8.499635454439865,-0.5766882082569516,-0.04114420696313559
7.645801370606756,-3.0991738332093486,8.499635454439865,-0.5766882082569516,-0.04114420696313559
7.645801370606756,-3.0991738332093486,8.499635454439865,-0.5766882082569516,-0.04114420696313559
7.645801370606756,-3.0991738332093486,8.499635454439865,-0.5766882082569516,-0.04114420696313559
7.645801370606756,-3.0991738332093486,8.499635454439865,-0.5766882082569516,-0.04114420696313559
7.645801370606756,-3.0991738332093486,8.499635454439865,-0.5766882082569516,-0.04114420696313559
7.645801370606756,-3.0991738332093486,8.499635454439865,-0.5766882082569516,-0.04114420696313559
7.645801370606756,-3.0991738332093486,8.499635454439865,-0.5766882082569516,-0.04114420696313559
7.645801370606756,-3.0991738332093486,8.499635454439865,-0.5766882082569516,-0.04114420696313559
7.645801370606756,-3.0991738332093486,8.499635454439865,-0.5766882082569516,-0.04114420696313559
7.645801370606756,-3.0991738332093486,8.499635454439865,-0.5766882082569516,-0.04114420696313559
7.645801370606756,-3.0991738332093486,8.499635454439865,-0.5766882082569516,-0.04114420696313559
7.645801370606756,-3.0991738332093486,8.499635454439865,-0.5766882082569516,-0.04114420696313559
7.752597740526745,-3.098482105402728,8.495842953212373,-0.575996480450331,-0.04493670819062778
7.752597740526745,-3.098482105402728,8.495842953212373,-0.575996480450331,-0.04493670819062778
7.752597740526745,-3.098482105402728,8.495842953212373,-0.575996480450331,-0.04493670819062778
7.752597740526745,-3.098482105402728,8.495842953212373,-0.575996480450331,-0.04493670819062778
7.752597740526745,-3.098482105402728,8.495842953212373,-0.575996480450331,-0.04493670819062778
7.752597740526745,-3.098482105402728,8.495842953212373,-0.575996480450331,-0.04493670819062778
7.686352297245742,-3.096274799232766,8.564644174166574,-0.5737891742803689,0.023864512763573487
7.686352297245742,-3.096274799232766,8.564644174166574,-0.5737891742803689,0.023864512763573487
7.686352297245742,-3.096274799232766,8.564644174166574,-0.5737891742803689,0.023864512763573487
7.686352297245742,-3.096274799232766,8.564644174166574,-0.5737891742803689,0.023864512763573487
7.686352297245742,-3.096274799232766,8.564644174166574,-0.5737891742803689,0.023864512763573487
7.686352297245742,-3.096274799232766,8.564644174166574,-0.5737891742803689,0.023864512763573487
7.686352297245742,-3.096274799232766,8.564644174166574,-0.5737891742803689,0.023864512763573487
7.686352297245742,-3.096274799232766,8.564644174166574,-0.5737891742803689,0.023864512763573487
7.686352297245742,-3.096274799232766,8.564644174166574,-0.5737891742803689,0.023864512763573487
7.686352297245742,-3.096274799232766,8.564644174166574,-0.5737891742803689,0.023864512763573487
7.686352297245742,-3.096274799232766,8.564644174166574,-0.5737891742803689,0.023864512763573487
7.686352297245742,-3.096274799232766,8.564644174166574,-0.5737891742803689,0.023864512763573487
7.686352297245742,-3.096274799232766,8.564644174166574,-0.5737891742803689,0.023864512763573487
7.686352297245742,-3.096274799232766,8.564644174166574,-0.5737891742803689,0.023864512763573487
7.686352297245742,-3.096274799232766,8.564644174166574,-0.5737891742803689,0.023864512763573487
7.686352297245742,-3.096274799232766,8.564644174166574,-0.5737891742803689,0.023864512763573487
7.686352297245742,-3.096274799232766,8.564644174166574,-0.5737891742803689,0.023864512763573487
7.686352297245742,-3.096274799232766,8.564644174166574,-0.5737891742803689,0.023864512763573487
7.686352297245742,-3.096274799232766,8.564644174166574,-0.5737891742803689,0.023864512763573487
7.7348131461341225,-3.0953472217769757,8.530104198727237,-0.5728615968245787,-0.01067546267576347
7.7348131461341225,-3.0953472217769757,8.530104198727237,-0.5728615968245787,-0.01067546267576347
7.7348131461341225,-3.0953472217769757,8.530104198727237,-0.5728615968245787,-0.01067546267576347
7.7348131461341225,-3.0953472217769757,8.530104198727237,-0.5728615968245787,-0.01067546267576347
7.7348131461341225,-3.0953472217769757,8.530104198727237,-0.5728615968245787,-0.01067546267576347
7.7348131461341225,-3.0953472217769757,8.530104198727237,-0.5728615968245787,-0.01067546267576347
7.7348131461341225,-3.0953472217769757,8.530104198727237,-0.5728615968245787,-0.01067546267576347
7.7348131461341225,-3.0953472217769757,8.530104198727237,-0.5728615968245787,-0.01067546267576347
7.7348131461341225,-3.0953472217769757,8.530104198727237,-0.5728615968245787,-0.01067546267576347
7.7348131461341225,-3.0953472217769757,8.530104198727237,-0.5728615968245787,-0.01067546267576347
7.718883368412192,-3.09504161129809,8.503782573983754,-0.572555986345693,-0.036997087419246455
7.718883368412192,-3.09504161129809,8.503782573983754,-0.572555986345693,-0.036997087419246455
7.718883368412192,-3.09504161129809,8.503782573983754,-0.572555986345693,-0.036997087419246455
7.718883368412192,-3.09504161129809,8.503782573983754,-0.572555986345693,-0.036997087419246455
7.718883368412192,-3.09504161129809,8.503782573983754,-0.572555986345693,-0.036997087419246455
7.718883368412192,-3.09504161129809,8.503782573983754,-0.572555986345693,-0.036997087419246455
7.718883368412192,-3.09504161129809,8.503782573983754,-0.572555986345693,-0.036997087419246455
7.718883368412192,-3.09504161129809,8.503782573983754,-0.572555986345693,-0.036997087419246455
7.718883368412192,-3.09504161129809,8.503782573983754,-0.572555986345693,-0.036997087419246455
7.752965564917024,-3.0899086954787918,8.55105723064905,-0.5674230705263947,0.010277569246049723
7.752965564917024,-3.0899086954787918,8.55105723064905,-0.5674230705263947,0.010277569246049723
7.752965564917024,-3.0899086954787918,8.55105723064905,-0.5674230705263947,0.010277569246049723
7.752965564917024,-3.0899086954787918,8.55105723064905,-0.5674230705263947,0.010277569246049723
7.752965564917024,-3.0899086954787918,8.55105723064905,-0.5674230705263947,0.010277569246049723
7.752965564917024,-3.0899086954787918,8.55105723064905,-0.5674230705263947,0.010277569246049723
7.752965564917024,-3.0899086954787918,8.55105723064905,-0.5674230705263947,0.010277569246049723
7.752965564917024,-3.0899086954787918,8.55105723064905,-0.5674230705263947,0.010277569246049723
7.752965564917024,-3.0899086954787918,8.55105723064905,-0.5674230705263947,0.010277569246049723
7.752965564917024,-3.0899086954787918,8.55105723064905,-0.5674230705263947,0.010277569246049723
7.6966810511572366,-3.0858041602460395,8.561220427154003,-0.5633185352936425,0.020440765751002843
7.6966810511572366,-3.0858041602460395,8.561220427154003,-0.5633185352936425,0.020440765751002843
7.6966810511572366,-3.0858041602460395,8.561220427154003,-0.5633185352936425,0.020440765751002843
7.6966810511572366,-3.0858041602460395,8.561220427154003,-0.5633185352936425,0.020440765751002843
7.6966810511572366,-3.0858041602460395,8.561220427154003,-0.5633185352936425,0.020440765751002843
7.6966810511572366,-3.0858041602460395,8.561220427154003,-0.5633185352936425,0.020440765751002843
7.6966810511572366,-3.0858041602460395,8.561220427154003,-0.5633185352936425,0.020440765751002843
7.6966810511572366,-3.0858041602460395,8.561220427154003,-0.5633185352936425,0.020440765751002843
7.6966810511572366,-3.0858041602460395,8.561220427154003,-0.5633185352936425,0.020440765751002843
7.661301423212608,-3.0856630524453865,8.57596167248772,-0.5631774274929895,0.03518201108471963
7.661301423212608,-3.0856630524453865,8.57596167248772,-0.5631774274929895,0.03518201108471963
7.661301423212608,-3.0856630524453865,8.57596167248772,-0.5631774274929895,0.03518201108471963
7.661301423212608,-3.0856630524453865,8.57596167248772,-0.5631774274929895,0.03518201108471963
7.661301423212608,-3.0856630524453865,8.57596167248772,-0.5631774274929895,0.03518201108471963
7.661301423212608,-3.0856630524453865,8.57596167248772,-0.5631774274929895,0.03518201108471963
7.661301423212608,-3.0856630524453865,8.57596167248772,-0.5631774274929895,0.03518201108471963
7.661301423212608,-3.0856630524453865,8.57596167248772,-0.5631774274929895,0.03518201108471963
7.661301423212608,-3.0856630524453865,8.57596167248772,-0.5631774274929895,0.03518201108471963
7.661301423212608,-3.0856630524453865,8.57596167248772,-0.5631774274929895,0.03518201108471963
7.661301423212608,-3.0856630524453865,8.57596167248772,-0.5631774274929895,0.03518201108471963
7.661301423212608,-3.0856630524453865,8.57596167248772,-0.5631774274929895,0.03518201108471963
7.661301423212608,-3.0856630524453865,8.57596167248772,-0.5631774274929895,0.03518201108471963
7.661301423212608,-3.0856630524453865,8.57596167248772,-0.5631774274929895,0.03518201108471963
7.661301423212608,-3.0856630524453865,8.57596167248772,-0.5631774274929895,0.03518201108471963
7.661301423212608,-3.0856630524453865,8.57596167248772,-0.5631774274929895,0.03518201108471963
7.661301423212608,-3.0856630524453865,8.57596167248772,-0.5631774274929895,0.03518201108471963
7.661301423212608,-3.0856630524453865,8.57596167248772,-0.5631774274929895,0.03518201108471963
7.661301423212608,-3.0856630524453865,8.57596167248772,-0.5631774274929895,0.03518201108471963
7.661301423212608,-3.0856630524453865,8.57596167248772,-0.5631774274929895,0.03518201108471963
7.661301423212608,-3.0856630524453865,8.57596167248772,-0.5631774274929895,0.03518201108471963
7.661301423212608,-3.0856630524453865,8.57596167248772,-0.5631774274929895,0.03518201108471963
7.661301423212608,-3.0856630524453865,8.57596167248772,-0.5631774274929895,0.03518201108471963
7.661301423212608,-3.0856630524453865,8.57596167248772,-0.5631774274929895,0.03518201108471963
7.661301423212608,-3.0856630524453865,8.57596167248772,-0.5631774274929895,0.03518201108471963
7.661301423212608,-3.0856630524453865,8.57596167248772,-0.5631774274929895,0.03518201108471963
7.661301423212608,-3.0856630524453865,8.57596167248772,-0.5631774274929895,0.03518201108471963
7.661301423212608,-3.0856630524453865,8.57596167248772,-0.5631774274929895,0.03518201108471963
7.661301423212608,-3.0856630524453865,8.57596167248772,-0.5631774274929895,0.03518201108471963
7.661301423212608,-3.0856630524453865,8.57596167248772,-0.5631774274929895,0.03518201108471963
7.661301423212608,-3.0856630524453865,8.57596167248772,-0.5631774274929895,0.03518201108471963
7.661301423212608,-3.0856630524453865,8.57596167248772,-0.5631774274929895,0.03518201108471963
7.661301423212608,-3.0856630524453865,8.57596167248772,-0.5631774274929895,0.03518201108471963
7.661301423212608,-3.0856630524453865,8.57596167248772,-0.5631774274929895,0.03518201108471963
7.661301423212608,-3.0856630524453865,8.57596167248772,-0.5631774274929895,0.03518201108471963
7.661301423212608,-3.0856630524453865,8.57596167248772,-0.5631774274929895,0.03518201108471963
7.661301423212608,-3.0856630524453865,8.57596167248772,-0.5631774274929895,0.03518201108471963
7.661301423212608,-3.0856630524453865,8.57596167248772,-0.5631774274929895,0.03518201108471963
7.661301423212608,-3.0856630524453865,8.57596167248772,-0.5631774274929895,0.03518201108471963
7.661301423212608,-3.0856630524453865,8.57596167248772,-0.5631774274929895,0.03518201108471963
7.661301423212608,-3.0856630524453865,8.57596167248772,-0.5631774274929895,0.03518201108471963
7.661301423212608,-3.0856630524453865,8.57596167248772,-0.5631774274929895,0.03518201108471963
7.685458950241492,-3.0854798822087695,8.45845134047663,-0.5629942572563724,-0.08232832092637032
7.685458950241492,-3.0854798822087695,8.45845134047663,-0.5629942572563724,-0.08232832092637032
7.685458950241492,-3.0854798822087695,8.45845134047663,-0.5629942572563724,-0.08232832092637032
7.685458950241492,-3.0854798822087695,8.45845134047663,-0.5629942572563724,-0.08232832092637032
7.685458950241492,-3.0854798822087695,8.45845134047663,-0.5629942572563724,-0.08232832092637032
7.685458950241492,-3.0854798822087695,8.45845134047663,-0.5629942572563724,-0.08232832092637032
7.685458950241492,-3.0854798822087695,8.45845134047663,-0.5629942572563724,-0.08232832092637032
7.685458950241492,-3.0854798822087695,8.45845134047663,-0.5629942572563724,-0.08232832092637032
7.685458950241492,-3.0854798822087695,8.45845134047663,-0.5629942572563724,-0.08232832092637032
7.685458950241492,-3.0854798822087695,8.45845134047663,-0.5629942572563724,-0.08232832092637032
7.685458950241492,-3.0854798822087695,8.45845134047663,-0.5629942572563724,-0.08232832092637032
7.685458950241492,-3.0854798822087695,8.45845134047663,-0.5629942572563724,-0.08232832092637032
7.685458950241492,-3.0854798822087695,8.45845134047663,-0.5629942572563724,-0.08232832092637032
7.685458950241492,-3.0854798822087695,8.45845134047663,-0.5629942572563724,-0.08232832092637032
7.685458950241492,-3.0854798822087695,8.45845134047663,-0.5629942572563724,-0.08232832092637032
7.685458950241492,-3.0854798822087695,8.45845134047663,-0.5629942572563724,-0.08232832092637032
7.685458950241492,-3.0854798822087695,8.45845134047663,-0.5629942572563724,-0.08232832092637032
7.779003108656719,-3.085362186081199,8.568682526317337,-0.5628765611288018,0.02790286491433669
7.779003108656719,-3.085362186081199,8.568682526317337,-0.5628765611288018,0.02790286491433669
7.779003108656719,-3.085362186081199,8.568682526317337,-0.5628765611288018,0.02790286491433669
7.779003108656719,-3.085362186081199,8.568682526317337,-0.5628765611288018,0.02790286491433669
7.779003108656719,-3.085362186081199,8.568682526317337,-0.5628765611288018,0.02790286491433669
7.779003108656719,-3.085362186081199,8.568682526317337,-0.5628765611288018,0.02790286491433669
7.779003108656719,-3.085362186081199,8.568682526317337,-0.5628765611288018,0.02790286491433669
7.779003108656719,-3.085362186081199,8.568682526317337,-0.5628765611288018,0.02790286491433669
7.779003108656719,-3.085362186081199,8.568682526317337,-0.5628765611288018,0.02790286491433669
7.779003108656719,-3.085362186081199,8.568682526317337,-0.5628765611288018,0.02790286491433669
7.779003108656719,-3.085362186081199,8.568682526317337,-0.5628765611288018,0.02790286491433669
7.779003108656719,-3.085362186081199,8.568682526317337,-0.5628765611288018,0.02790286491433669
7.779003108656719,-3.085362186081199,8.568682526317337,-0.5628765611288018,0.02790286491433669
7.779003108656719,-3.085362186081199,8.568682526317337,-0.5628765611288018,0.02790286491433669
7.779003108656719,-3.085362186081199,8.568682526317337,-0.5628765611288018,0.02790286491433669
7.662618068163357,-3.0683230307903133,8.56782919203573,-0.5458374058379163,0.027049530632728747
7.662618068163357,-3.0683230307903133,8.56782919203573,-0.5458374058379163,0.027049530632728747
7.662618068163357,-3.0683230307903133,8.56782919203573,-0.5458374058379163,0.027049530632728747
7.662618068163357,-3.0683230307903133,8.56782919203573,-0.5458374058379163,0.027049530632728747
7.662618068163357,-3.0683230307903133,8.56782919203573,-0.5458374058379163,0.027049530632728747
7.662618068163357,-3.0683230307903133,8.56782919203573,-0.5458374058379163,0.027049530632728747
7.662618068163357,-3.0683230307903133,8.56782919203573,-0.5458374058379163,0.027049530632728747
7.662618068163357,-3.0683230307903133,8.56782919203573,-0.5458374058379163,0.027049530632728747
7.662618068163357,-3.0683230307903133,8.56782919203573,-0.5458374058379163,0.027049530632728747
7.662618068163357,-3.0683230307903133,8.56782919203573,-0.5458374058379163,0.027049530632728747
7.662618068163357,-3.0683230307903133,8.56782919203573,-0.5458374058379163,0.027049530632728747
7.662618068163357,-3.0683230307903133,8.56782919203573,-0.5458374058379163,0.027049530632728747
7.662618068163357,-3.0683230307903133,8.56782919203573,-0.5458374058379163,0.027049530632728747
7.662618068163357,-3.0683230307903133,8.56782919203573,-0.5458374058379163,0.027049530632728747
7.662618068163357,-3.0683230307903133,8.56782919203573,-0.5458374058379163,0.027049530632728747
7.662618068163357,-3.0683230307903133,8.56782919203573,-0.5458374058379163,0.027049530632728747
7.662618068163357,-3.0683230307903133,8.56782919203573,-0.5458374058379163,0.027049530632728747
7.662618068163357,-3.0683230307903133,8.56782919203573,-0.5458374058379163,0.027049530632728747
7.662618068163357,-3.0683230307903133,8.56782919203573,-0.5458374058379163,0.027049530632728747
7.662618068163357,-3.0683230307903133,8.56782919203573,-0.5458374058379163,0.027049530632728747
7.662618068163357,-3.0683230307903133,8.56782919203573,-0.5458374058379163,0.027049530632728747
7.716350991592057,-3.0668311807133444,8.503943717971914,-0.5443455557609473,-0.03683594343108609
7.716350991592057,-3.0668311807133444,8.503943717971914,-0.5443455557609473,-0.03683594343108609
7.716350991592057,-3.0668311807133444,8.503943717971914,-0.5443455557609473,-0.03683594343108609
7.716350991592057,-3.0668311807133444,8.503943717971914,-0.5443455557609473,-0.03683594343108609
7.716350991592057,-3.0668311807133444,8.503943717971914,-0.5443455557609473,-0.03683594343108609
7.716350991592057,-3.0668311807133444,8.503943717971914,-0.5443455557609473,-0.03683594343108609
7.716350991592057,-3.0668311807133444,8.503943717971914,-0.5443455557609473,-0.03683594343108609
7.716350991592057,-3.0668311807133444,8.503943717971914,-0.5443455557609473,-0.03683594343108609
7.716350991592057,-3.0668311807133444,8.503943717971914,-0.5443455557609473,-0.03683594343108609
7.716350991592057,-3.0668311807133444,8.503943717971914,-0.5443455557609473,-0.03683594343108609
7.716350991592057,-3.0668311807133444,8.503943717971914,-0.5443455557609473,-0.03683594343108609
7.716350991592057,-3.0668311807133444,8.503943717971914,-0.5443455557609473,-0.03683594343108609
7.716350991592057,-3.0668311807133444,8.503943717971914,-0.5443455557609473,-0.03683594343108609
7.716350991592057,-3.0668311807133444,8.503943717971914,-0.5443455557609473,-0.03683594343108609
7.69550938857965,-3.0656697975942495,8.50040495735832,-0.5431841726418525,-0.04037470404468024
7.69550938857965,-3.0656697975942495,8.50040495735832,-0.5431841726418525,-0.04037470404468024
7.69550938857965,-3.0656697975942495,8.50040495735832,-0.5431841726418525,-0.04037470404468024
7.69550938857965,-3.0656697975942495,8.50040495735832,-0.5431841726418525,-0.04037470404468024
7.69550938857965,-3.0656697975942495,8.50040495735832,-0.5431841726418525,-0.04037470404468024
7.69550938857965,-3.0656697975942495,8.50040495735832,-0.5431841726418525,-0.04037470404468024
7.69550938857965,-3.0656697975942495,8.50040495735832,-0.5431841726418525,-0.04037470404468024
7.69550938857965,-3.0656697975942495,8.50040495735832,-0.5431841726418525,-0.04037470404468024
7.69550938857965,-3.0656697975942495,8.50040495735832,-0.5431841726418525,-0.04037470404468024
7.69550938857965,-3.0656697975942495,8.50040495735832,-0.5431841726418525,-0.04037470404468024
7.69550938857965,-3.0656697975942495,8.50040495735832,-0.5431841726418525,-0.04037470404468024
7.69550938857965,-3.0656697975942495,8.50040495735832,-0.5431841726418525,-0.04037470404468024
7.69550938857965,-3.0656697975942495,8.50040495735832,-0.5431841726418525,-0.04037470404468024
7.673305508225884,-3.040880515979517,8.500805725010018,-0.5183948910271199,-0.03997393639298252
7.673305508225884,-3.040880515979517,8.500805725010018,-0.5183948910271199,-0.03997393639298252
7.673305508225884,-3.040880515979517,8.500805725010018,-0.5183948910271199,-0.03997393639298252
7.673305508225884,-3.040880515979517,8.500805725010018,-0.5183948910271199,-0.03997393639298252
7.673305508225884,-3.040880515979517,8.500805725010018,-0.5183948910271199,-0.03997393639298252
7.673305508225884,-3.040880515979517,8.500805725010018,-0.5183948910271199,-0.03997393639298252
7.673305508225884,-3.040880515979517,8.500805725010018,-0.5183948910271199,-0.03997393639298252
7.673305508225884,-3.040880515979517,8.500805725010018,-0.5183948910271199,-0.03997393639298252
7.673305508225884,-3.040880515979517,8.500805725010018,-0.5183948910271199,-0.03997393639298252
7.673305508225884,-3.040880515979517,8.500805725010018,-0.5183948910271199,-0.03997393639298252
7.673305508225884,-3.040880515979517,8.500805725010018,-0.5183948910271199,-0.03997393639298252
7.673305508225884,-3.040880515979517,8.500805725010018,-0.5183948910271199,-0.03997393639298252
7.770294534662155,-3.039123048748089,8.489909997792793,-0.5166374237956921,-0.05086966361020728
7.770294534662155,-3.039123048748089,8.489909997792793,-0.5166374237956921,-0.05086966361020728
7.770294534662155,-3.039123048748089,8.489909997792793,-0.5166374237956921,-0.05086966361020728
7.770294534662155,-3.039123048748089,8.489909997792793,-0.5166374237956921,-0.05086966361020728
7.770294534662155,-3.039123048748089,8.489909997792793,-0.5166374237956921,-0.05086966361020728
7.770294534662155,-3.039123048748089,8.489909997792793,-0.5166374237956921,-0.05086966361020728
7.770294534662155,-3.039123048748089,8.489909997792793,-0.5166374237956921,-0.05086966361020728
7.770294534662155,-3.039123048748089,8.489909997792793,-0.5166374237956921,-0.05086966361020728
7.770294534662155,-3.039123048748089,8.489909997792793,-0.5166374237956921,-0.05086966361020728
7.770294534662155,-3.039123048748089,8.489909997792793,-0.5166374237956921,-0.05086966361020728
7.716200442054465,-3.0382016164467087,8.503581682755666,-0.5157159914943117,-0.03719797864733465
7.716200442054465,-3.0382016164467087,8.503581682755666,-0.5157159914943117,-0.03719797864733465
7.716200442054465,-3.0382016164467087,8.503581682755666,-0.5157159914943117,-0.03719797864733465
7.716200442054465,-3.0382016164467087,8.503581682755666,-0.5157159914943117,-0.03719797864733465
7.716200442054465,-3.0382016164467087,8.503581682755666,-0.5157159914943117,-0.03719797864733465
7.716200442054465,-3.0382016164467087,8.503581682755666,-0.5157159914943117,-0.03719797864733465
7.716200442054465,-3.0382016164467087,8.503581682755666,-0.5157159914943117,-0.03719797864733465
7.716200442054465,-3.0382016164467087,8.503581682755666,-0.5157159914943117,-0.03719797864733465
7.716200442054465,-3.0382016164467087,8.503581682755666,-0.5157159914943117,-0.03719797864733465
7.716200442054465,-3.0382016164467087,8.503581682755666,-0.5157159914943117,-0.03719797864733465
7.716200442054465,-3.0382016164467087,8.503581682755666,-0.5157159914943117,-0.03719797864733465
7.716200442054465,-3.0382016164467087,8.503581682755666,-0.5157159914943117,-0.03719797864733465
7.716200442054465,-3.0382016164467087,8.503581682755666,-0.5157159914943117,-0.03719797864733465
7.716200442054465,-3.0382016164467087,8.503581682755666,-0.5157159914943117,-0.03719797864733465
7.716200442054465,-3.0382016164467087,8.503581682755666,-0.5157159914943117,-0.03719797864733465
7.811478027093828,-3.027110350003359,8.542635814255119,-0.5046247250509621,0.0018561528521185977
7.811478027093828,-3.027110350003359,8.542635814255119,-0.5046247250509621,0.0018561528521185977
7.811478027093828,-3.027110350003359,8.542635814255119,-0.5046247250509621,0.0018561528521185977
7.811478027093828,-3.027110350003359,8.542635814255119,-0.5046247250509621,0.0018561528521185977
7.811478027093828,-3.027110350003359,8.542635814255119,-0.5046247250509621,0.0018561528521185977
7.811478027093828,-3.027110350003359,8.542635814255119,-0.5046247250509621,0.0018561528521185977
7.811478027093828,-3.027110350003359,8.542635814255119,-0.5046247250509621,0.0018561528521185977
7.811478027093828,-3.027110350003359,8.542635814255119,-0.5046247250509621,0.0018561528521185977
7.811478027093828,-3.027110350003359,8.542635814255119,-0.5046247250509621,0.0018561528521185977
7.811478027093828,-3.027110350003359,8.542635814255119,-0.5046247250509621,0.0018561528521185977
7.776068769914345,-3.025207369459285,8.507993994894019,-0.5027217445068879,-0.03278566650898185
7.776068769914345,-3.025207369459285,8.507993994894019,-0.5027217445068879,-0.03278566650898185
7.776068769914345,-3.025207369459285,8.507993994894019,-0.5027217445068879,-0.03278566650898185
7.776068769914345,-3.025207369459285,8.507993994894019,-0.5027217445068879,-0.03278566650898185
7.776068769914345,-3.025207369459285,8.507993994894019,-0.5027217445068879,-0.03278566650898185
7.776068769914345,-3.025207369459285,8.507993994894019,-0.5027217445068879,-0.03278566650898185
7.776068769914345,-3.025207369459285,8.507993994894019,-0.5027217445068879,-0.03278566650898185
7.776068769914345,-3.025207369459285,8.507993994894019,-0.5027217445068879,-0.03278566650898185
7.776068769914345,-3.025207369459285,8.507993994894019,-0.5027217445068879,-0.03278566650898185
7.7053075706200795,-3.0152677600484687,8.491257953705976,-0.4927821350960717,-0.04952170769702491
7.7053075706200795,-3.0152677600484687,8.491257953705976,-0.4927821350960717,-0.04952170769702491
7.7053075706200795,-3.0152677600484687,8.491257953705976,-0.4927821350960717,-0.04952170769702491
7.7053075706200795,-3.0152677600484687,8.491257953705976,-0.4927821350960717,-0.04952170769702491
7.7053075706200795,-3.0152677600484687,8.491257953705976,-0.4927821350960717,-0.04952170769702491
7.7053075706200795,-3.0152677600484687,8.491257953705976,-0.4927821350960717,-0.04952170769702491
7.7053075706200795,-3.0152677600484687,8.491257953705976,-0.4927821350960717,-0.04952170769702491
7.7053075706200795,-3.0152677600484687,8.491257953705976,-0.4927821350960717,-0.04952170769702491
7.7053075706200795,-3.0152677600484687,8.491257953705976,-0.4927821350960717,-0.04952170769702491
7.7053075706200795,-3.0152677600484687,8.491257953705976,-0.4927821350960717,-0.04952170769702491
7.7053075706200795,-3.0152677600484687,8.491257953705976,-0.4927821350960717,-0.04952170769702491
7.7053075706200795,-3.0152677600484687,8.491257953705976,-0.4927821350960717,-0.04952170769702491
7.7053075706200795,-3.0152677600484687,8.491257953705976,-0.4927821350960717,-0.04952170769702491
7.7053075706200795,-3.0152677600484687,8.491257953705976,-0.4927821350960717,-0.04952170769702491
7.7053075706200795,-3.0152677600484687,8.491257953705976,-0.4927821350960717,-0.04952170769702491
7.7053075706200795,-3.0152677600484687,8.491257953705976,-0.4927821350960717,-0.04952170769702491
7.7053075706200795,-3.0152677600484687,8.491257953705976,-0.4927821350960717,-0.04952170769702491
7.7053075706200795,-3.0152677600484687,8.491257953705976,-0.4927821350960717,-0.04952170769702491
7.7053075706200795,-3.0152677600484687,8.491257953705976,-0.4927821350960717,-0.04952170769702491
7.7053075706200795,-3.0152677600484687,8.491257953705976,-0.4927821350960717,-0.04952170769702491
7.7053075706200795,-3.0152677600484687,8.491257953705976,-0.4927821350960717,-0.04952170769702491
7.7053075706200795,-3.0152677600484687,8.491257953705976,-0.4927821350960717,-0.04952170769702491
7.7053075706200795,-3.0152677600484687,8.491257953705976,-0.4927821350960717,-0.04952170769702491
7.7053075706200795,-3.0152677600484687,8.491257953705976,-0.4927821350960717,-0.04952170769702491
7.7053075706200795,-3.0152677600484687,8.491257953705976,-0.4927821350960717,-0.04952170769702491
7.7053075706200795,-3.0152677600484687,8.491257953705976,-0.4927821350960717,-0.04952170769702491
7.7053075706200795,-3.0152677600484687,8.491257953705976,-0.4927821350960717,-0.04952170769702491
7.7053075706200795,-3.0152677600484687,8.491257953705976,-0.4927821350960717,-0.04952170769702491
7.7053075706200795,-3.0152677600484687,8.491257953705976,-0.4927821350960717,-0.04952170769702491
7.7053075706200795,-3.0152677600484687,8.491257953705976,-0.4927821350960717,-0.04952170769702491
7.7053075706200795,-3.0152677600484687,8.491257953705976,-0.4927821350960717,-0.04952170769702491
7.7053075706200795,-3.0152677600484687,8.491257953705976,-0.4927821350960717,-0.04952170769702491
7.7053075706200795,-3.0152677600484687,8.491257953705976,-0.4927821350960717,-0.04952170769702491
7.828392771949185,-3.0082014274259112,8.566308720518343,-0.4857158024735142,0.025529059115342534
7.828392771949185,-3.0082014274259112,8.566308720518343,-0.4857158024735142,0.025529059115342534
7.828392771949185,-3.0082014274259112,8.566308720518343,-0.4857158024735142,0.025529059115342534
7.828392771949185,-3.0082014274259112,8.566308720518343,-0.4857158024735142,0.025529059115342534
7.828392771949185,-3.0082014274259112,8.566308720518343,-0.4857158024735142,0.025529059115342534
7.828392771949185,-3.0082014274259112,8.566308720518343,-0.4857158024735142,0.025529059115342534
7.828392771949185,-3.0082014274259112,8.566308720518343,-0.4857158024735142,0.025529059115342534
7.828392771949185,-3.0082014274259112,8.566308720518343,-0.4857158024735142,0.025529059115342534
7.828392771949185,-3.0082014274259112,8.566308720518343,-0.4857158024735142,0.025529059115342534
7.828392771949185,-3.0082014274259112,8.566308720518343,-0.4857158024735142,0.025529059115342534
7.828392771949185,-3.0082014274259112,8.566308720518343,-0.4857158024735142,0.025529059115342534
7.828392771949185,-3.0082014274259112,8.566308720518343,-0.4857158024735142,0.025529059115342534
7.722318566698428,-3.007445502616322,8.564043247718978,-0.484959877663925,0.023263586315977136
7.722318566698428,-3.007445502616322,8.564043247718978,-0.484959877663925,0.023263586315977136
7.722318566698428,-3.007445502616322,8.564043247718978,-0.484959877663925,0.023263586315977136
7.722318566698428,-3.007445502616322,8.564043247718978,-0.484959877663925,0.023263586315977136
7.722318566698428,-3.007445502616322,8.564043247718978,-0.484959877663925,0.023263586315977136
7.722318566698428,-3.007445502616322,8.564043247718978,-0.484959877663925,0.023263586315977136
7.722318566698428,-3.007445502616322,8.564043247718978,-0.484959877663925,0.023263586315977136
7.722318566698428,-3.007445502616322,8.564043247718978,-0.484959877663925,0.023263586315977136
7.722318566698428,-3.007445502616322,8.564043247718978,-0.484959877663925,0.023263586315977136
7.722318566698428,-3.007445502616322,8.564043247718978,-0.484959877663925,0.023263586315977136
7.722318566698428,-3.007445502616322,8.564043247718978,-0.484959877663925,0.023263586315977136
7.722318566698428,-3.007445502616322,8.564043247718978,-0.484959877663925,0.023263586315977136
7.722318566698428,-3.007445502616322,8.564043247718978,-0.484959877663925,0.023263586315977136
7.722318566698428,-3.007445502616322,8.564043247718978,-0.484959877663925,0.023263586315977136
7.722318566698428,-3.007445502616322,8.564043247718978,-0.484959877663925,0.023263586315977136
7.722318566698428,-3.007445502616322,8.564043247718978,-0.484959877663925,0.023263586315977136
7.722318566698428,-3.007445502616322,8.564043247718978,-0.484959877663925,0.023263586315977136
7.722318566698428,-3.007445502616322,8.564043247718978,-0.484959877663925,0.023263586315977136
7.722318566698428,-3.007445502616322,8.564043247718978,-0.484959877663925,0.023263586315977136
7.722318566698428,-3.007445502616322,8.564043247718978,-0.484959877663925,0.023263586315977136
7.722318566698428,-3.007445502616322,8.564043247718978,-0.484959877663925,0.023263586315977136
7.722318566698428,-3.007445502616322,8.564043247718978,-0.484959877663925,0.023263586315977136
7.722318566698428,-3.007445502616322,8.564043247718978,-0.484959877663925,0.023263586315977136
7.722318566698428,-3.007445502616322,8.564043247718978,-0.484959877663925,0.023263586315977136
7.722318566698428,-3.007445502616322,8.564043247718978,-0.484959877663925,0.023263586315977136
7.722318566698428,-3.007445502616322,8.564043247718978,-0.484959877663925,0.023263586315977136
7.722318566698428,-3.007445502616322,8.564043247718978,-0.484959877663925,0.023263586315977136
7.722318566698428,-3.007445502616322,8.564043247718978,-0.484959877663925,0.023263586315977136
7.6765628477387065,-3.0072035225900957,8.541966962933351,-0.4847178976376987,0.0011873015303507373
7.6765628477387065,-3.0072035225900957,8.541966962933351,-0.4847178976376987,0.0011873015303507373
7.6765628477387065,-3.0072035225900957,8.541966962933351,-0.4847178976376987,0.0011873015303507373
7.6765628477387065,-3.0072035225900957,8.541966962933351,-0.4847178976376987,0.0011873015303507373
7.6765628477387065,-3.0072035225900957,8.541966962933351,-0.4847178976376987,0.0011873015303507373
7.6765628477387065,-3.0072035225900957,8.541966962933351,-0.4847178976376987,0.0011873015303507373
7.6765628477387065,-3.0072035225900957,8.541966962933351,-0.4847178976376987,0.0011873015303507373
7.6765628477387065,-3.0072035225900957,8.541966962933351,-0.4847178976376987,0.0011873015303507373
7.6765628477387065,-3.0072035225900957,8.541966962933351,-0.4847178976376987,0.0011873015303507373
7.6765628477387065,-3.0072035225900957,8.541966962933351,-0.4847178976376987,0.0011873015303507373
7.6765628477387065,-3.0072035225900957,8.541966962933351,-0.4847178976376987,0.0011873015303507373
7.6765628477387065,-3.0072035225900957,8.541966962933351,-0.4847178976376987,0.0011873015303507373
7.6765628477387065,-3.0072035225900957,8.541966962933351,-0.4847178976376987,0.0011873015303507373
7.6765628477387065,-3.0072035225900957,8.541966962933351,-0.4847178976376987,0.0011873015303507373
7.6765628477387065,-3.0072035225900957,8.541966962933351,-0.4847178976376987,0.0011873015303507373
7.6765628477387065,-3.0072035225900957,8.541966962933351,-0.4847178976376987,0.0011873015303507373
7.6765628477387065,-3.0072035225900957,8.541966962933351,-0.4847178976376987,0.0011873015303507373
7.6765628477387065,-3.0072035225900957,8.541966962933351,-0.4847178976376987,0.0011873015303507373
7.6765628477387065,-3.0072035225900957,8.541966962933351,-0.4847178976376987,0.0011873015303507373
7.6765628477387065,-3.0072035225900957,8.541966962933351,-0.4847178976376987,0.0011873015303507373
7.6765628477387065,-3.0072035225900957,8.541966962933351,-0.4847178976376987,0.0011873015303507373
7.6765628477387065,-3.0072035225900957,8.541966962933351,-0.4847178976376987,0.0011873015303507373
7.6765628477387065,-3.0072035225900957,8.541966962933351,-0.4847178976376987,0.0011873015303507373
7.6765628477387065,-3.0072035225900957,8.541966962933351,-0.4847178976376987,0.0011873015303507373
7.6765628477387065,-3.0072035225900957,8.541966962933351,-0.4847178976376987,0.0011873015303507373
7.6765628477387065,-3.0072035225900957,8.541966962933351,-0.4847178976376987,0.0011873015303507373
7.6765628477387065,-3.0072035225900957,8.541966962933351,-0.4847178976376987,0.0011873015303507373
7.6765628477387065,-3.0072035225900957,8.541966962933351,-0.4847178976376987,0.0011873015303507373
7.6765628477387065,-3.0072035225900957,8.541966962933351,-0.4847178976376987,0.0011873015303507373
7.6765628477387065,-3.0072035225900957,8.541966962933351,-0.4847178976376987,0.0011873015303507373
7.6765628477387065,-3.0072035225900957,8.541966962933351,-0.4847178976376987,0.0011873015303507373
7.746228013696072,-3.004668647097909,8.51907512127427,-0.4821830221455121,-0.021704540128730798
7.746228013696072,-3.004668647097909,8.51907512127427,-0.4821830221455121,-0.021704540128730798
7.746228013696072,-3.004668647097909,8.51907512127427,-0.4821830221455121,-0.021704540128730798
7.746228013696072,-3.004668647097909,8.51907512127427,-0.4821830221455121,-0.021704540128730798
7.816858661819664,-3.002747212288708,8.54975396484898,-0.48026158733631075,0.008974303445979714
7.816858661819664,-3.002747212288708,8.54975396484898,-0.48026158733631075,0.008974303445979714
7.816858661819664,-3.002747212288708,8.54975396484898,-0.48026158733631075,0.008974303445979714
7.816858661819664,-3.002747212288708,8.54975396484898,-0.48026158733631075,0.008974303445979714
7.816858661819664,-3.002747212288708,8.54975396484898,-0.48026158733631075,0.008974303445979714
7.816858661819664,-3.002747212288708,8.54975396484898,-0.48026158733631075,0.008974303445979714
7.816858661819664,-3.002747212288708,8.54975396484898,-0.48026158733631075,0.008974303445979714
7.816858661819664,-3.002747212288708,8.54975396484898,-0.48026158733631075,0.008974303445979714
7.7546976483579,-2.9956671057811612,8.559725617799216,-0.4731814808287642,0.01894595639621599
7.7546976483579,-2.9956671057811612,8.559725617799216,-0.4731814808287642,0.01894595639621599
7.7546976483579,-2.9956671057811612,8.559725617799216,-0.4731814808287642,0.01894595639621599
7.7546976483579,-2.9956671057811612,8.559725617799216,-0.4731814808287642,0.01894595639621599
7.7546976483579,-2.9956671057811612,8.559725617799216,-0.4731814808287642,0.01894595639621599
7.7546976483579,-2.9956671057811612,8.559725617799216,-0.4731814808287642,0.01894595639621599
7.7546976483579,-2.9956671057811612,8.559725617799216,-0.4731814808287642,0.01894595639621599
7.7546976483579,-2.9956671057811612,8.559725617799216,-0.4731814808287642,0.01894595639621599
7.7546976483579,-2.9956671057811612,8.559725617799216,-0.4731814808287642,0.01894595639621599
7.7546976483579,-2.9956671057811612,8.559725617799216,-0.4731814808287642,0.01894595639621599
7.7546976483579,-2.9956671057811612,8.559725617799216,-0.4731814808287642,0.01894595639621599
7.7546976483579,-2.9956671057811612,8.559725617799216,-0.4731814808287642,0.01894595639621599
7.7546976483579,-2.9956671057811612,8.559725617799216,-0.4731814808287642,0.01894595639621599
7.7546976483579,-2.9956671057811612,8.559725617799216,-0.4731814808287642,0.01894595639621599
7.7546976483579,-2.9956671057811612,8.559725617799216,-0.4731814808287642,0.01894595639621599
7.7546976483579,-2.9956671057811612,8.559725617799216,-0.4731814808287642,0.01894595639621599
7.7546976483579,-2.9956671057811612,8.559725617799216,-0.4731814808287642,0.01894595639621599
7.7546976483579,-2.9956671057811612,8.559725617799216,-0.4731814808287642,0.01894595639621599
7.7546976483579,-2.9956671057811612,8.559725617799216,-0.4731814808287642,0.01894595639621599
7.7546976483579,-2.9956671057811612,8.559725617799216,-0.4731814808287642,0.01894595639621599
7.7546976483579,-2.9956671057811612,8.559725617799216,-0.4731814808287642,0.01894595639621599
7.7546976483579,-2.9956671057811612,8.559725617799216,-0.4731814808287642,0.01894595639621599
7.7546976483579,-2.9956671057811612,8.559725617799216,-0.4731814808287642,0.01894595639621599
7.7546976483579,-2.9956671057811612,8.559725617799216,-0.4731814808287642,0.01894595639621599
7.7546976483579,-2.9956671057811612,8.559725617799216,-0.4731814808287642,0.01894595639621599
7.7546976483579,-2.9956671057811612,8.559725617799216,-0.4731814808287642,0.01894595639621599
7.7546976483579,-2.9956671057811612,8.559725617799216,-0.4731814808287642,0.01894595639621599
7.7546976483579,-2.9956671057811612,8.559725617799216,-0.4731814808287642,0.01894595639621599
7.7546976483579,-2.9956671057811612,8.559725617799216,-0.4731814808287642,0.01894595639621599
7.6841073169100005,-2.991101393760875,8.519349135185148,-0.468615768808478,-0.02143052621785202
7.6841073169100005,-2.991101393760875,8.519349135185148,-0.468615768808478,-0.02143052621785202
7.6841073169100005,-2.991101393760875,8.519349135185148,-0.468615768808478,-0.02143052621785202
7.6841073169100005,-2.991101393760875,8.519349135185148,-0.468615768808478,-0.02143052621785202
7.6841073169100005,-2.991101393760875,8.519349135185148,-0.468615768808478,-0.02143052621785202
7.6841073169100005,-2.991101393760875,8.519349135185148,-0.468615768808478,-0.02143052621785202
7.6841073169100005,-2.991101393760875,8.519349135185148,-0.468615768808478,-0.02143052621785202
7.6841073169100005,-2.991101393760875,8.519349135185148,-0.468615768808478,-0.02143052621785202
7.6841073169100005,-2.991101393760875,8.519349135185148,-0.468615768808478,-0.02143052621785202
7.6841073169100005,-2.991101393760875,8.519349135185148,-0.468615768808478,-0.02143052621785202
7.746012188859387,-2.9806629654231847,8.498405171014129,-0.4581773404707876,-0.04237449038887142
7.746012188859387,-2.9806629654231847,8.498405171014129,-0.4581773404707876,-0.04237449038887142
7.746012188859387,-2.9806629654231847,8.498405171014129,-0.4581773404707876,-0.04237449038887142
7.746012188859387,-2.9806629654231847,8.498405171014129,-0.4581773404707876,-0.04237449038887142
7.746012188859387,-2.9806629654231847,8.498405171014129,-0.4581773404707876,-0.04237449038887142
7.746012188859387,-2.9806629654231847,8.498405171014129,-0.4581773404707876,-0.04237449038887142
7.746012188859387,-2.9806629654231847,8.498405171014129,-0.4581773404707876,-0.04237449038887142
7.746012188859387,-2.9806629654231847,8.498405171014129,-0.4581773404707876,-0.04237449038887142
7.746012188859387,-2.9806629654231847,8.498405171014129,-0.4581773404707876,-0.04237449038887142
7.746012188859387,-2.9806629654231847,8.498405171014129,-0.4581773404707876,-0.04237449038887142
7.650397041164424,-2.976727025789396,8.496135338921487,-0.4542414008369988,-0.0446443224815134
7.650397041164424,-2.976727025789396,8.496135338921487,-0.4542414008369988,-0.0446443224815134
7.650397041164424,-2.976727025789396,8.496135338921487,-0.4542414008369988,-0.0446443224815134
7.650397041164424,-2.976727025789396,8.496135338921487,-0.4542414008369988,-0.0446443224815134
7.650397041164424,-2.976727025789396,8.496135338921487,-0.4542414008369988,-0.0446443224815134
7.650397041164424,-2.976727025789396,8.496135338921487,-0.4542414008369988,-0.0446443224815134
7.650397041164424,-2.976727025789396,8.496135338921487,-0.4542414008369988,-0.0446443224815134
7.650397041164424,-2.976727025789396,8.496135338921487,-0.4542414008369988,-0.0446443224815134
7.650397041164424,-2.976727025789396,8.496135338921487,-0.4542414008369988,-0.0446443224815134
7.650397041164424,-2.976727025789396,8.496135338921487,-0.4542414008369988,-0.0446443224815134
7.650397041164424,-2.976727025789396,8.496135338921487,-0.4542414008369988,-0.0446443224815134
7.650397041164424,-2.976727025789396,8.496135338921487,-0.4542414008369988,-0.0446443224815134
7.650397041164424,-2.976727025789396,8.496135338921487,-0.4542414008369988,-0.0446443224815134
7.650397041164424,-2.976727025789396,8.496135338921487,-0.4542414008369988,-0.0446443224815134
7.650397041164424,-2.976727025789396,8.496135338921487,-0.4542414008369988,-0.0446443224815134
7.650397041164424,-2.976727025789396,8.496135338921487,-0.4542414008369988,-0.0446443224815134
7.650397041164424,-2.976727025789396,8.496135338921487,-0.4542414008369988,-0.0446443224815134
7.650397041164424,-2.976727025789396,8.496135338921487,-0.4542414008369988,-0.0446443224815134
7.650397041164424,-2.976727025789396,8.496135338921487,-0.4542414008369988,-0.0446443224815134
7.650397041164424,-2.976727025789396,8.496135338921487,-0.4542414008369988,-0.0446443224815134
7.650397041164424,-2.976727025789396,8.496135338921487,-0.4542414008369988,-0.0446443224815134
7.650397041164424,-2.976727025789396,8.496135338921487,-0.4542414008369988,-0.0446443224815134
7.650397041164424,-2.976727025789396,8.496135338921487,-0.4542414008369988,-0.0446443224815134
7.650397041164424,-2.976727025789396,8.496135338921487,-0.4542414008369988,-0.0446443224815134
7.650397041164424,-2.976727025789396,8.496135338921487,-0.4542414008369988,-0.0446443224815134
7.650397041164424,-2.976727025789396,8.496135338921487,-0.4542414008369988,-0.0446443224815134
7.650397041164424,-2.976727025789396,8.496135338921487,-0.4542414008369988,-0.0446443224815134
7.650397041164424,-2.976727025789396,8.496135338921487,-0.4542414008369988,-0.0446443224815134
7.650397041164424,-2.976727025789396,8.496135338921487,-0.4542414008369988,-0.0446443224815134
7.747260681780685,-2.965012859369205,8.560980086831782,-0.44252723441680786,0.020200425428781088
7.747260681780685,-2.965012859369205,8.560980086831782,-0.44252723441680786,0.020200425428781088
7.747260681780685,-2.965012859369205,8.560980086831782,-0.44252723441680786,0.020200425428781088
7.747260681780685,-2.965012859369205,8.560980086831782,-0.44252723441680786,0.020200425428781088
7.747260681780685,-2.965012859369205,8.560980086831782,-0.44252723441680786,0.020200425428781088
7.747260681780685,-2.965012859369205,8.560980086831782,-0.44252723441680786,0.020200425428781088
7.747260681780685,-2.965012859369205,8.560980086831782,-0.44252723441680786,0.020200425428781088
7.747260681780685,-2.965012859369205,8.560980086831782,-0.44252723441680786,0.020200425428781088
7.722792937655142,-2.9644296929451746,8.501936017525816,-0.4419440679927775,-0.03884364387718442
7.722792937655142,-2.9644296929451746,8.501936017525816,-0.4419440679927775,-0.03884364387718442
7.722792937655142,-2.9644296929451746,8.501936017525816,-0.4419440679927775,-0.03884364387718442
7.833873060963344,-2.9637741949583996,8.530221357160675,-0.4412885700060025,-0.010558304242325178
7.833873060963344,-2.9637741949583996,8.530221357160675,-0.4412885700060025,-0.010558304242325178
7.833873060963344,-2.9637741949583996,8.530221357160675,-0.4412885700060025,-0.010558304242325178
7.833873060963344,-2.9637741949583996,8.530221357160675,-0.4412885700060025,-0.010558304242325178
7.833873060963344,-2.9637741949583996,8.530221357160675,-0.4412885700060025,-0.010558304242325178
7.833873060963344,-2.9637741949583996,8.530221357160675,-0.4412885700060025,-0.010558304242325178
7.833873060963344,-2.9637741949583996,8.530221357160675,-0.4412885700060025,-0.010558304242325178
7.833873060963344,-2.9637741949583996,8.530221357160675,-0.4412885700060025,-0.010558304242325178
7.833873060963344,-2.9637741949583996,8.530221357160675,-0.4412885700060025,-0.010558304242325178
7.833873060963344,-2.9637741949583996,8.530221357160675,-0.4412885700060025,-0.010558304242325178
7.833873060963344,-2.9637741949583996,8.530221357160675,-0.4412885700060025,-0.010558304242325178
7.833873060963344,-2.9637741949583996,8.530221357160675,-0.4412885700060025,-0.010558304242325178
7.833873060963344,-2.9637741949583996,8.530221357160675,-0.4412885700060025,-0.010558304242325178
7.833873060963344,-2.9637741949583996,8.530221357160675,-0.4412885700060025,-0.010558304242325178
7.833873060963344,-2.9637741949583996,8.530221357160675,-0.4412885700060025,-0.010558304242325178
7.833873060963344,-2.9637741949583996,8.530221357160675,-0.4412885700060025,-0.010558304242325178
7.833873060963344,-2.9637741949583996,8.530221357160675,-0.4412885700060025,-0.010558304242325178
7.833873060963344,-2.9637741949583996,8.530221357160675,-0.4412885700060025,-0.010558304242325178
7.833873060963344,-2.9637741949583996,8.530221357160675,-0.4412885700060025,-0.010558304242325178
7.833873060963344,-2.9637741949583996,8.530221357160675,-0.4412885700060025,-0.010558304242325178
7.833873060963344,-2.9637741949583996,8.530221357160675,-0.4412885700060025,-0.010558304242325178
7.833873060963344,-2.9637741949583996,8.530221357160675,-0.4412885700060025,-0.010558304242325178
7.833873060963344,-2.9637741949583996,8.530221357160675,-0.4412885700060025,-0.010558304242325178
7.833873060963344,-2.9637741949583996,8.530221357160675,-0.4412885700060025,-0.010558304242325178
7.833873060963344,-2.9637741949583996,8.530221357160675,-0.4412885700060025,-0.010558304242325178
7.762535140682786,-2.963262766231288,8.601087561703368,-0.440777141278891,0.06030790030036748
7.762535140682786,-2.963262766231288,8.601087561703368,-0.440777141278891,0.06030790030036748
7.762535140682786,-2.963262766231288,8.601087561703368,-0.440777141278891,0.06030790030036748
7.762535140682786,-2.963262766231288,8.601087561703368,-0.440777141278891,0.06030790030036748
7.762535140682786,-2.963262766231288,8.601087561703368,-0.440777141278891,0.06030790030036748
7.762535140682786,-2.963262766231288,8.601087561703368,-0.440777141278891,0.06030790030036748
7.762535140682786,-2.963262766231288,8.601087561703368,-0.440777141278891,0.06030790030036748
7.762535140682786,-2.963262766231288,8.601087561703368,-0.440777141278891,0.06030790030036748
7.762535140682786,-2.963262766231288,8.601087561703368,-0.440777141278891,0.06030790030036748
7.762535140682786,-2.963262766231288,8.601087561703368,-0.440777141278891,0.06030790030036748
7.762535140682786,-2.963262766231288,8.601087561703368,-0.440777141278891,0.06030790030036748
7.762535140682786,-2.963262766231288,8.601087561703368,-0.440777141278891,0.06030790030036748
7.762535140682786,-2.963262766231288,8.601087561703368,-0.440777141278891,0.06030790030036748
7.762535140682786,-2.963262766231288,8.601087561703368,-0.440777141278891,0.06030790030036748
7.762535140682786,-2.963262766231288,8.601087561703368,-0.440777141278891,0.06030790030036748
7.762535140682786,-2.963262766231288,8.601087561703368,-0.440777141278891,0.06030790030036748
7.762535140682786,-2.963262766231288,8.601087561703368,-0.440777141278891,0.06030790030036748
7.762535140682786,-2.963262766231288,8.601087561703368,-0.440777141278891,0.06030790030036748
7.762535140682786,-2.963262766231288,8.601087561703368,-0.440777141278891,0.06030790030036748
7.753218988966546,-2.954697989417922,8.50073995732467,-0.43221236446552513,-0.04003970407833002
7.753218988966546,-2.954697989417922,8.50073995732467,-0.43221236446552513,-0.04003970407833002
7.753218988966546,-2.954697989417922,8.50073995732467,-0.43221236446552513,-0.04003970407833002
7.753218988966546,-2.954697989417922,8.50073995732467,-0.43221236446552513,-0.04003970407833002
7.753218988966546,-2.954697989417922,8.50073995732467,-0.43221236446552513,-0.04003970407833002
7.753218988966546,-2.954697989417922,8.50073995732467,-0.43221236446552513,-0.04003970407833002
7.753218988966546,-2.954697989417922,8.50073995732467,-0.43221236446552513,-0.04003970407833002
7.763524966150602,-2.9539379716989824,8.402272879085697,-0.4314523467465854,-0.13850678231730384
7.763524966150602,-2.9539379716989824,8.402272879085697,-0.4314523467465854,-0.13850678231730384
7.763524966150602,-2.9539379716989824,8.402272879085697,-0.4314523467465854,-0.13850678231730384
7.763524966150602,-2.9539379716989824,8.402272879085697,-0.4314523467465854,-0.13850678231730384
7.763524966150602,-2.9539379716989824,8.402272879085697,-0.4314523467465854,-0.13850678231730384
7.763524966150602,-2.9539379716989824,8.402272879085697,-0.4314523467465854,-0.13850678231730384
7.763524966150602,-2.9539379716989824,8.402272879085697,-0.4314523467465854,-0.13850678231730384
7.763524966150602,-2.9539379716989824,8.402272879085697,-0.4314523467465854,-0.13850678231730384
7.763524966150602,-2.9539379716989824,8.402272879085697,-0.4314523467465854,-0.13850678231730384
7.763524966150602,-2.9539379716989824,8.402272879085697,-0.4314523467465854,-0.13850678231730384
7.763524966150602,-2.9539379716989824,8.402272879085697,-0.4314523467465854,-0.13850678231730384
7.763524966150602,-2.9539379716989824,8.402272879085697,-0.4314523467465854,-0.13850678231730384
7.763524966150602,-2.9539379716989824,8.402272879085697,-0.4314523467465854,-0.13850678231730384
7.763524966150602,-2.9539379716989824,8.402272879085697,-0.4314523467465854,-0.13850678231730384
7.763524966150602,-2.9539379716989824,8.402272879085697,-0.4314523467465854,-0.13850678231730384
7.763524966150602,-2.9539379716989824,8.402272879085697,-0.4314523467465854,-0.13850678231730384
7.763524966150602,-2.9539379716989824,8.402272879085697,-0.4314523467465854,-0.13850678231730384
7.763524966150602,-2.9539379716989824,8.402272879085697,-0.4314523467465854,-0.13850678231730384
7.763524966150602,-2.9539379716989824,8.402272879085697,-0.4314523467465854,-0.13850678231730384
7.763524966150602,-2.9539379716989824,8.402272879085697,-0.4314523467465854,-0.13850678231730384
7.763524966150602,-2.9539379716989824,8.402272879085697,-0.4314523467465854,-0.13850678231730384
7.763524966150602,-2.9539379716989824,8.402272879085697,-0.4314523467465854,-0.13850678231730384
7.74048157880317,-2.936431048473118,8.537638756510345,-0.41394542352072117,-0.003140904892655172
7.74048157880317,-2.936431048473118,8.537638756510345,-0.41394542352072117,-0.003140904892655172
7.74048157880317,-2.936431048473118,8.537638756510345,-0.41394542352072117,-0.003140904892655172
7.74048157880317,-2.936431048473118,8.537638756510345,-0.41394542352072117,-0.003140904892655172
7.74048157880317,-2.936431048473118,8.537638756510345,-0.41394542352072117,-0.003140904892655172
7.74048157880317,-2.936431048473118,8.537638756510345,-0.41394542352072117,-0.003140904892655172
7.74048157880317,-2.936431048473118,8.537638756510345,-0.41394542352072117,-0.003140904892655172
7.74048157880317,-2.936431048473118,8.537638756510345,-0.41394542352072117,-0.003140904892655172
7.74048157880317,-2.936431048473118,8.537638756510345,-0.41394542352072117,-0.003140904892655172
7.74048157880317,-2.936431048473118,8.537638756510345,-0.41394542352072117,-0.003140904892655172
7.74048157880317,-2.936431048473118,8.537638756510345,-0.41394542352072117,-0.003140904892655172
7.74048157880317,-2.936431048473118,8.537638756510345,-0.41394542352072117,-0.003140904892655172
7.74048157880317,-2.936431048473118,8.537638756510345,-0.41394542352072117,-0.003140904892655172
7.658188025176995,-2.9348595400012165,8.518793844809988,-0.4123739150488195,-0.021985816593012686
7.658188025176995,-2.9348595400012165,8.518793844809988,-0.4123739150488195,-0.021985816593012686
7.658188025176995,-2.9348595400012165,8.518793844809988,-0.4123739150488195,-0.021985816593012686
7.658188025176995,-2.9348595400012165,8.518793844809988,-0.4123739150488195,-0.021985816593012686
7.658188025176995,-2.9348595400012165,8.518793844809988,-0.4123739150488195,-0.021985816593012686
7.658188025176995,-2.9348595400012165,8.518793844809988,-0.4123739150488195,-0.021985816593012686
7.658188025176995,-2.9348595400012165,8.518793844809988,-0.4123739150488195,-0.021985816593012686
7.658188025176995,-2.9348595400012165,8.518793844809988,-0.4123739150488195,-0.021985816593012686
7.658188025176995,-2.9348595400012165,8.518793844809988,-0.4123739150488195,-0.021985816593012686
7.658188025176995,-2.9348595400012165,8.518793844809988,-0.4123739150488195,-0.021985816593012686
7.658188025176995,-2.9348595400012165,8.518793844809988,-0.4123739150488195,-0.021985816593012686
7.658188025176995,-2.9348595400012165,8.518793844809988,-0.4123739150488195,-0.021985816593012686
7.801113771432795,-2.9348262121481743,8.487490776169102,-0.41234058719577726,-0.05328888523389885
7.801113771432795,-2.9348262121481743,8.487490776169102,-0.41234058719577726,-0.05328888523389885
7.801113771432795,-2.9348262121481743,8.487490776169102,-0.41234058719577726,-0.05328888523389885
7.801113771432795,-2.9348262121481743,8.487490776169102,-0.41234058719577726,-0.05328888523389885
7.801113771432795,-2.9348262121481743,8.487490776169102,-0.41234058719577726,-0.05328888523389885
7.801113771432795,-2.9348262121481743,8.487490776169102,-0.41234058719577726,-0.05328888523389885
7.801113771432795,-2.9348262121481743,8.487490776169102,-0.41234058719577726,-0.05328888523389885
7.801113771432795,-2.9348262121481743,8.487490776169102,-0.41234058719577726,-0.05328888523389885
7.801113771432795,-2.9348262121481743,8.487490776169102,-0.41234058719577726,-0.05328888523389885
7.801113771432795,-2.9348262121481743,8.487490776169102,-0.41234058719577726,-0.05328888523389885
7.801113771432795,-2.9348262121481743,8.487490776169102,-0.41234058719577726,-0.05328888523389885
7.801113771432795,-2.9348262121481743,8.487490776169102,-0.41234058719577726,-0.05328888523389885
7.801113771432795,-2.9348262121481743,8.487490776169102,-0.41234058719577726,-0.05328888523389885
7.712943645097852,-2.934658794087837,8.518288608971497,-0.41217316913544,-0.022491052431503178
7.712943645097852,-2.934658794087837,8.518288608971497,-0.41217316913544,-0.022491052431503178
7.712943645097852,-2.934658794087837,8.518288608971497,-0.41217316913544,-0.022491052431503178
7.712943645097852,-2.934658794087837,8.518288608971497,-0.41217316913544,-0.022491052431503178
7.712943645097852,-2.934658794087837,8.518288608971497,-0.41217316913544,-0.022491052431503178
7.712943645097852,-2.934658794087837,8.518288608971497,-0.41217316913544,-0.022491052431503178
7.712943645097852,-2.934658794087837,8.518288608971497,-0.41217316913544,-0.022491052431503178
7.712943645097852,-2.934658794087837,8.518288608971497,-0.41217316913544,-0.022491052431503178
7.712943645097852,-2.934658794087837,8.518288608971497,-0.41217316913544,-0.022491052431503178
7.712943645097852,-2.934658794087837,8.518288608971497,-0.41217316913544,-0.022491052431503178
7.712943645097852,-2.934658794087837,8.518288608971497,-0.41217316913544,-0.022491052431503178
7.712943645097852,-2.934658794087837,8.518288608971497,-0.41217316913544,-0.022491052431503178
7.712943645097852,-2.934658794087837,8.518288608971497,-0.41217316913544,-0.022491052431503178
7.712943645097852,-2.934658794087837,8.518288608971497,-0.41217316913544,-0.022491052431503178
7.671635814199014,-2.9217369345363315,8.537370730042223,-0.3992513095839345,-0.0034089313607772453
7.671635814199014,-2.9217369345363315,8.537370730042223,-0.3992513095839345,-0.0034089313607772453
7.671635814199014,-2.9217369345363315,8.537370730042223,-0.3992513095839345,-0.0034089313607772453
7.671635814199014,-2.9217369345363315,8.537370730042223,-0.3992513095839345,-0.0034089313607772453
7.671635814199014,-2.9217369345363315,8.537370730042223,-0.3992513095839345,-0.0034089313607772453
7.671635814199014,-2.9217369345363315,8.537370730042223,-0.3992513095839345,-0.0034089313607772453
7.671635814199014,-2.9217369345363315,8.537370730042223,-0.3992513095839345,-0.0034089313607772453
7.671635814199014,-2.9217369345363315,8.537370730042223,-0.3992513095839345,-0.0034089313607772453
7.671635814199014,-2.9217369345363315,8.537370730042223,-0.3992513095839345,-0.0034089313607772453
7.671635814199014,-2.9217369345363315,8.537370730042223,-0.3992513095839345,-0.0034089313607772453
7.648652286232503,-2.9193838550806,8.499843739674912,-0.3968982301282029,-0.04093592172808869
7.648652286232503,-2.9193838550806,8.499843739674912,-0.3968982301282029,-0.04093592172808869
7.648652286232503,-2.9193838550806,8.499843739674912,-0.3968982301282029,-0.04093592172808869
7.648652286232503,-2.9193838550806,8.499843739674912,-0.3968982301282029,-0.04093592172808869
7.648652286232503,-2.9193838550806,8.499843739674912,-0.3968982301282029,-0.04093592172808869
7.648652286232503,-2.9193838550806,8.499843739674912,-0.3968982301282029,-0.04093592172808869
7.648652286232503,-2.9193838550806,8.499843739674912,-0.3968982301282029,-0.04093592172808869
7.648652286232503,-2.9193838550806,8.499843739674912,-0.3968982301282029,-0.04093592172808869
7.648652286232503,-2.9193838550806,8.499843739674912,-0.3968982301282029,-0.04093592172808869
7.648652286232503,-2.9193838550806,8.499843739674912,-0.3968982301282029,-0.04093592172808869
7.648652286232503,-2.9193838550806,8.499843739674912,-0.3968982301282029,-0.04093592172808869
7.648652286232503,-2.9193838550806,8.499843739674912,-0.3968982301282029,-0.04093592172808869
7.648652286232503,-2.9193838550806,8.499843739674912,-0.3968982301282029,-0.04093592172808869
7.648652286232503,-2.9193838550806,8.499843739674912,-0.3968982301282029,-0.04093592172808869
7.648652286232503,-2.9193838550806,8.499843739674912,-0.3968982301282029,-0.04093592172808869
7.648652286232503,-2.9193838550806,8.499843739674912,-0.3968982301282029,-0.04093592172808869
7.648652286232503,-2.9193838550806,8.499843739674912,-0.3968982301282029,-0.04093592172808869
7.648652286232503,-2.9193838550806,8.499843739674912,-0.3968982301282029,-0.04093592172808869
7.648652286232503,-2.9193838550806,8.499843739674912,-0.3968982301282029,-0.04093592172808869
7.648652286232503,-2.9193838550806,8.499843739674912,-0.3968982301282029,-0.04093592172808869
7.648652286232503,-2.9193838550806,8.499843739674912,-0.3968982301282029,-0.04093592172808869
7.648652286232503,-2.9193838550806,8.499843739674912,-0.3968982301282029,-0.04093592172808869
7.648652286232503,-2.9193838550806,8.499843739674912,-0.3968982301282029,-0.04093592172808869
7.648652286232503,-2.9193838550806,8.499843739674912,-0.3968982301282029,-0.04093592172808869
7.716049671310102,-2.915466148722253,8.561131141321216,-0.39298052376985604,0.020351479918215176
7.716049671310102,-2.915466148722253,8.561131141321216,-0.39298052376985604,0.020351479918215176
7.716049671310102,-2.915466148722253,8.561131141321216,-0.39298052376985604,0.020351479918215176
7.716049671310102,-2.915466148722253,8.561131141321216,-0.39298052376985604,0.020351479918215176
7.716049671310102,-2.915466148722253,8.561131141321216,-0.39298052376985604,0.020351479918215176
7.716049671310102,-2.915466148722253,8.561131141321216,-0.39298052376985604,0.020351479918215176
7.716049671310102,-2.915466148722253,8.561131141321216,-0.39298052376985604,0.020351479918215176
7.716049671310102,-2.915466148722253,8.561131141321216,-0.39298052376985604,0.020351479918215176
7.716049671310102,-2.915466148722253,8.561131141321216,-0.39298052376985604,0.020351479918215176
7.716049671310102,-2.915466148722253,8.561131141321216,-0.39298052376985604,0.020351479918215176
7.716049671310102,-2.915466148722253,8.561131141321216,-0.39298052376985604,0.020351479918215176
7.716049671310102,-2.915466148722253,8.561131141321216,-0.39298052376985604,0.020351479918215176
7.716049671310102,-2.915466148722253,8.561131141321216,-0.39298052376985604,0.020351479918215176
7.716049671310102,-2.915466148722253,8.561131141321216,-0.39298052376985604,0.020351479918215176
7.716049671310102,-2.915466148722253,8.561131141321216,-0.39298052376985604,0.020351479918215176
7.716049671310102,-2.915466148722253,8.561131141321216,-0.39298052376985604,0.020351479918215176
7.716049671310102,-2.915466148722253,8.561131141321216,-0.39298052376985604,0.020351479918215176
7.716049671310102,-2.915466148722253,8.561131141321216,-0.39298052376985604,0.020351479918215176
7.716049671310102,-2.915466148722253,8.561131141321216,-0.39298052376985604,0.020351479918215176
7.716049671310102,-2.915466148722253,8.561131141321216,-0.39298052376985604,0.020351479918215176
7.716049671310102,-2.915466148722253,8.561131141321216,-0.39298052376985604,0.020351479918215176
7.716049671310102,-2.915466148722253,8.561131141321216,-0.39298052376985604,0.020351479918215176
7.716049671310102,-2.915466148722253,8.561131141321216,-0.39298052376985604,0.020351479918215176
7.716049671310102,-2.915466148722253,8.561131141321216,-0.39298052376985604,0.020351479918215176
7.716049671310102,-2.915466148722253,8.561131141321216,-0.39298052376985604,0.020351479918215176
7.716049671310102,-2.915466148722253,8.561131141321216,-0.39298052376985604,0.020351479918215176
7.716049671310102,-2.915466148722253,8.561131141321216,-0.39298052376985604,0.020351479918215176
7.716049671310102,-2.915466148722253,8.561131141321216,-0.39298052376985604,0.020351479918215176
7.716049671310102,-2.915466148722253,8.561131141321216,-0.39298052376985604,0.020351479918215176
7.716049671310102,-2.915466148722253,8.561131141321216,-0.39298052376985604,0.020351479918215176
7.716049671310102,-2.915466148722253,8.561131141321216,-0.39298052376985604,0.020351479918215176
7.716049671310102,-2.915466148722253,8.561131141321216,-0.39298052376985604,0.020351479918215176
7.716049671310102,-2.915466148722253,8.561131141321216,-0.39298052376985604,0.020351479918215176
7.716049671310102,-2.915466148722253,8.561131141321216,-0.39298052376985604,0.020351479918215176
7.716049671310102,-2.915466148722253,8.561131141321216,-0.39298052376985604,0.020351479918215176
7.716049671310102,-2.915466148722253,8.561131141321216,-0.39298052376985604,0.020351479918215176
7.716049671310102,-2.915466148722253,8.561131141321216,-0.39298052376985604,0.020351479918215176
7.716049671310102,-2.915466148722253,8.561131141321216,-0.39298052376985604,0.020351479918215176
7.716049671310102,-2.915466148722253,8.561131141321216,-0.39298052376985604,0.020351479918215176
7.716049671310102,-2.915466148722253,8.561131141321216,-0.39298052376985604,0.020351479918215176
7.716049671310102,-2.915466148722253,8.561131141321216,-0.39298052376985604,0.020351479918215176
7.716049671310102,-2.915466148722253,8.561131141321216,-0.39298052376985604,0.020351479918215176
7.716049671310102,-2.915466148722253,8.561131141321216,-0.39298052376985604,0.020351479918215176
7.716049671310102,-2.915466148722253,8.561131141321216,-0.39298052376985604,0.020351479918215176
7.716049671310102,-2.915466148722253,8.561131141321216,-0.39298052376985604,0.020351479918215176
7.716049671310102,-2.915466148722253,8.561131141321216,-0.39298052376985604,0.020351479918215176
7.716049671310102,-2.915466148722253,8.561131141321216,-0.39298052376985604,0.020351479918215176
7.716049671310102,-2.915466148722253,8.561131141321216,-0.39298052376985604,0.020351479918215176
7.716049671310102,-2.915466148722253,8.561131141321216,-0.39298052376985604,0.020351479918215176
7.716049671310102,-2.915466148722253,8.561131141321216,-0.39298052376985604,0.020351479918215176
7.716049671310102,-2.915466148722253,8.561131141321216,-0.39298052376985604,0.020351479918215176
7.716049671310102,-2.915466148722253,8.561131141321216,-0.39298052376985604,0.020351479918215176
7.716049671310102,-2.915466148722253,8.561131141321216,-0.39298052376985604,0.020351479918215176
7.716049671310102,-2.915466148722253,8.561131141321216,-0.39298052376985604,0.020351479918215176
7.716049671310102,-2.915466148722253,8.561131141321216,-0.39298052376985604,0.020351479918215176
7.716049671310102,-2.915466148722253,8.561131141321216,-0.39298052376985604,0.020351479918215176
7.755113274624513,-2.9139777812162073,8.501698685166083,-0.3914921562638103,-0.03908097623691731
7.755113274624513,-2.9139777812162073,8.501698685166083,-0.3914921562638103,-0.03908097623691731
7.755113274624513,-2.9139777812162073,8.501698685166083,-0.3914921562638103,-0.03908097623691731
7.755113274624513,-2.9139777812162073,8.501698685166083,-0.3914921562638103,-0.03908097623691731
7.755113274624513,-2.9139777812162073,8.501698685166083,-0.3914921562638103,-0.03908097623691731
7.755113274624513,-2.9139777812162073,8.501698685166083,-0.3914921562638103,-0.03908097623691731
7.755113274624513,-2.9139777812162073,8.501698685166083,-0.3914921562638103,-0.03908097623691731
7.755113274624513,-2.9139777812162073,8.501698685166083,-0.3914921562638103,-0.03908097623691731
7.755113274624513,-2.9139777812162073,8.501698685166083,-0.3914921562638103,-0.03908097623691731
7.755113274624513,-2.9139777812162073,8.501698685166083,-0.3914921562638103,-0.03908097623691731
7.755113274624513,-2.9139777812162073,8.501698685166083,-0.3914921562638103,-0.03908097623691731
7.755113274624513,-2.9139777812162073,8.501698685166083,-0.3914921562638103,-0.03908097623691731
7.755113274624513,-2.9139777812162073,8.501698685166083,-0.3914921562638103,-0.03908097623691731
7.755113274624513,-2.9139777812162073,8.501698685166083,-0.3914921562638103,-0.03908097623691731
7.755113274624513,-2.9139777812162073,8.501698685166083,-0.3914921562638103,-0.03908097623691731
7.755113274624513,-2.9139777812162073,8.501698685166083,-0.3914921562638103,-0.03908097623691731
7.650424822526618,-2.9117197427431387,8.484363773313229,-0.3892341177907417,-0.056415888089771826
7.650424822526618,-2.9117197427431387,8.484363773313229,-0.3892341177907417,-0.056415888089771826
7.650424822526618,-2.9117197427431387,8.484363773313229,-0.3892341177907417,-0.056415888089771826
7.650424822526618,-2.9117197427431387,8.484363773313229,-0.3892341177907417,-0.056415888089771826
7.650424822526618,-2.9117197427431387,8.484363773313229,-0.3892341177907417,-0.056415888089771826
7.650424822526618,-2.9117197427431387,8.484363773313229,-0.3892341177907417,-0.056415888089771826
7.650424822526618,-2.9117197427431387,8.484363773313229,-0.3892341177907417,-0.056415888089771826
7.650424822526618,-2.9117197427431387,8.484363773313229,-0.3892341177907417,-0.056415888089771826
7.650424822526618,-2.9117197427431387,8.484363773313229,-0.3892341177907417,-0.056415888089771826
7.650424822526618,-2.9117197427431387,8.484363773313229,-0.3892341177907417,-0.056415888089771826
7.650424822526618,-2.9117197427431387,8.484363773313229,-0.3892341177907417,-0.056415888089771826
7.650424822526618,-2.9117197427431387,8.484363773313229,-0.3892341177907417,-0.056415888089771826
7.650424822526618,-2.9117197427431387,8.484363773313229,-0.3892341177907417,-0.056415888089771826
7.650424822526618,-2.9117197427431387,8.484363773313229,-0.3892341177907417,-0.056415888089771826
7.650424822526618,-2.9117197427431387,8.484363773313229,-0.3892341177907417,-0.056415888089771826
7.650424822526618,-2.9117197427431387,8.484363773313229,-0.3892341177907417,-0.056415888089771826
7.650424822526618,-2.9117197427431387,8.484363773313229,-0.3892341177907417,-0.056415888089771826
7.650424822526618,-2.9117197427431387,8.484363773313229,-0.3892341177907417,-0.056415888089771826
7.650424822526618,-2.9117197427431387,8.484363773313229,-0.3892341177907417,-0.056415888089771826
7.739441919742416,-2.9116683535739694,8.516253066020381,-0.3891827286215723,-0.024526595382619476
7.739441919742416,-2.9116683535739694,8.516253066020381,-0.3891827286215723,-0.024526595382619476
7.739441919742416,-2.9116683535739694,8.516253066020381,-0.3891827286215723,-0.024526595382619476
7.739441919742416,-2.9116683535739694,8.516253066020381,-0.3891827286215723,-0.024526595382619476
7.739441919742416,-2.9116683535739694,8.516253066020381,-0.3891827286215723,-0.024526595382619476
7.739441919742416,-2.9116683535739694,8.516253066020381,-0.3891827286215723,-0.024526595382619476
7.739441919742416,-2.9116683535739694,8.516253066020381,-0.3891827286215723,-0.024526595382619476
7.739441919742416,-2.9116683535739694,8.516253066020381,-0.3891827286215723,-0.024526595382619476
7.672596723152805,-2.9103599285868653,8.53185124872206,-0.3878743036344683,-0.008928412680941022
7.672596723152805,-2.9103599285868653,8.53185124872206,-0.3878743036344683,-0.008928412680941022
7.672596723152805,-2.9103599285868653,8.53185124872206,-0.3878743036344683,-0.008928412680941022
7.672596723152805,-2.9103599285868653,8.53185124872206,-0.3878743036344683,-0.008928412680941022
7.672596723152805,-2.9103599285868653,8.53185124872206,-0.3878743036344683,-0.008928412680941022
7.672596723152805,-2.9103599285868653,8.53185124872206,-0.3878743036344683,-0.008928412680941022
7.672596723152805,-2.9103599285868653,8.53185124872206,-0.3878743036344683,-0.008928412680941022
7.672596723152805,-2.9103599285868653,8.53185124872206,-0.3878743036344683,-0.008928412680941022
7.672596723152805,-2.9103599285868653,8.53185124872206,-0.3878743036344683,-0.008928412680941022
7.670348227105519,-2.9074027046742943,8.548105343480795,-0.38491707972189726,0.007325682077794937
7.670348227105519,-2.9074027046742943,8.548105343480795,-0.38491707972189726,0.007325682077794937
7.670348227105519,-2.9074027046742943,8.548105343480795,-0.38491707972189726,0.007325682077794937
7.670348227105519,-2.9074027046742943,8.548105343480795,-0.38491707972189726,0.007325682077794937
7.670348227105519,-2.9074027046742943,8.548105343480795,-0.38491707972189726,0.007325682077794937
7.670348227105519,-2.9074027046742943,8.548105343480795,-0.38491707972189726,0.007325682077794937
7.670348227105519,-2.9074027046742943,8.548105343480795,-0.38491707972189726,0.007325682077794937
7.670348227105519,-2.9074027046742943,8.548105343480795,-0.38491707972189726,0.007325682077794937
7.670348227105519,-2.9074027046742943,8.548105343480795,-0.38491707972189726,0.007325682077794937
7.670348227105519,-2.9074027046742943,8.548105343480795,-0.38491707972189726,0.007325682077794937
7.670348227105519,-2.9074027046742943,8.548105343480795,-0.38491707972189726,0.007325682077794937
7.670348227105519,-2.9074027046742943,8.548105343480795,-0.38491707972189726,0.007325682077794937
7.670348227105519,-2.9074027046742943,8.548105343480795,-0.38491707972189726,0.007325682077794937
7.670348227105519,-2.9074027046742943,8.548105343480795,-0.38491707972189726,0.007325682077794937
7.670348227105519,-2.9074027046742943,8.548105343480795,-0.38491707972189726,0.007325682077794937
7.670348227105519,-2.9074027046742943,8.548105343480795,-0.38491707972189726,0.007325682077794937
7.670348227105519,-2.9074027046742943,8.548105343480795,-0.38491707972189726,0.007325682077794937
7.670348227105519,-2.9074027046742943,8.548105343480795,-0.38491707972189726,0.007325682077794937
7.670348227105519,-2.9074027046742943,8.548105343480795,-0.38491707972189726,0.007325682077794937
7.670348227105519,-2.9074027046742943,8.548105343480795,-0.38491707972189726,0.007325682077794937
7.670348227105519,-2.9074027046742943,8.548105343480795,-0.38491707972189726,0.007325682077794937
7.670348227105519,-2.9074027046742943,8.548105343480795,-0.38491707972189726,0.007325682077794937
7.670348227105519,-2.9074027046742943,8.548105343480795,-0.38491707972189726,0.007325682077794937
7.670348227105519,-2.9074027046742943,8.548105343480795,-0.38491707972189726,0.007325682077794937
7.795201174889839,-2.9050674912080114,8.480852430157084,-0.3825818662556144,-0.0599272312459167
7.795201174889839,-2.9050674912080114,8.480852430157084,-0.3825818662556144,-0.0599272312459167
7.795201174889839,-2.9050674912080114,8.480852430157084,-0.3825818662556144,-0.0599272312459167
7.795201174889839,-2.9050674912080114,8.480852430157084,-0.3825818662556144,-0.0599272312459167
7.795201174889839,-2.9050674912080114,8.480852430157084,-0.3825818662556144,-0.0599272312459167
7.795201174889839,-2.9050674912080114,8.480852430157084,-0.3825818662556144,-0.0599272312459167
7.795201174889839,-2.9050674912080114,8.480852430157084,-0.3825818662556144,-0.0599272312459167
7.795201174889839,-2.9050674912080114,8.480852430157084,-0.3825818662556144,-0.0599272312459167
7.795201174889839,-2.9050674912080114,8.480852430157084,-0.3825818662556144,-0.0599272312459167
7.795201174889839,-2.9050674912080114,8.480852430157084,-0.3825818662556144,-0.0599272312459167
7.795201174889839,-2.9050674912080114,8.480852430157084,-0.3825818662556144,-0.0599272312459167
7.795201174889839,-2.9050674912080114,8.480852430157084,-0.3825818662556144,-0.0599272312459167
7.795201174889839,-2.9050674912080114,8.480852430157084,-0.3825818662556144,-0.0599272312459167
7.795201174889839,-2.9050674912080114,8.480852430157084,-0.3825818662556144,-0.0599272312459167
7.795201174889839,-2.9050674912080114,8.480852430157084,-0.3825818662556144,-0.0599272312459167
7.795201174889839,-2.9050674912080114,8.480852430157084,-0.3825818662556144,-0.0599272312459167
7.67211232034906,-2.9008691856426734,8.535197537454895,-0.37838356069027634,-0.005582123948105533
7.67211232034906,-2.9008691856426734,8.535197537454895,-0.37838356069027634,-0.005582123948105533
7.67211232034906,-2.9008691856426734,8.535197537454895,-0.37838356069027634,-0.005582123948105533
7.67211232034906,-2.9008691856426734,8.535197537454895,-0.37838356069027634,-0.005582123948105533
7.67211232034906,-2.9008691856426734,8.535197537454895,-0.37838356069027634,-0.005582123948105533
7.67211232034906,-2.9008691856426734,8.535197537454895,-0.37838356069027634,-0.005582123948105533
7.67211232034906,-2.9008691856426734,8.535197537454895,-0.37838356069027634,-0.005582123948105533
7.67211232034906,-2.9008691856426734,8.535197537454895,-0.37838356069027634,-0.005582123948105533
7.67211232034906,-2.9008691856426734,8.535197537454895,-0.37838356069027634,-0.005582123948105533
7.67211232034906,-2.9008691856426734,8.535197537454895,-0.37838356069027634,-0.005582123948105533
7.67211232034906,-2.9008691856426734,8.535197537454895,-0.37838356069027634,-0.005582123948105533
7.67211232034906,-2.9008691856426734,8.535197537454895,-0.37838356069027634,-0.005582123948105533
7.67211232034906,-2.9008691856426734,8.535197537454895,-0.37838356069027634,-0.005582123948105533
7.722412816957557,-2.8971001331510653,8.573484928618123,-0.37461450819866826,0.0327052672151229
7.722412816957557,-2.8971001331510653,8.573484928618123,-0.37461450819866826,0.0327052672151229
7.722412816957557,-2.8971001331510653,8.573484928618123,-0.37461450819866826,0.0327052672151229
7.722412816957557,-2.8971001331510653,8.573484928618123,-0.37461450819866826,0.0327052672151229
7.722412816957557,-2.8971001331510653,8.573484928618123,-0.37461450819866826,0.0327052672151229
7.722412816957557,-2.8971001331510653,8.573484928618123,-0.37461450819866826,0.0327052672151229
7.722412816957557,-2.8971001331510653,8.573484928618123,-0.37461450819866826,0.0327052672151229
7.722412816957557,-2.8971001331510653,8.573484928618123,-0.37461450819866826,0.0327052672151229
7.722412816957557,-2.8971001331510653,8.573484928618123,-0.37461450819866826,0.0327052672151229
7.722412816957557,-2.8971001331510653,8.573484928618123,-0.37461450819866826,0.0327052672151229
7.722412816957557,-2.8971001331510653,8.573484928618123,-0.37461450819866826,0.0327052672151229
7.722412816957557,-2.8971001331510653,8.573484928618123,-0.37461450819866826,0.0327052672151229
7.722412816957557,-2.8971001331510653,8.573484928618123,-0.37461450819866826,0.0327052672151229
7.722412816957557,-2.8971001331510653,8.573484928618123,-0.37461450819866826,0.0327052672151229
7.722412816957557,-2.8971001331510653,8.573484928618123,-0.37461450819866826,0.0327052672151229
7.706475517406686,-2.8961915369495617,8.497021434812444,-0.37370591199716463,-0.043758226590556504
7.706475517406686,-2.8961915369495617,8.497021434812444,-0.37370591199716463,-0.043758226590556504
7.706475517406686,-2.8961915369495617,8.497021434812444,-0.37370591199716463,-0.043758226590556504
7.706475517406686,-2.8961915369495617,8.497021434812444,-0.37370591199716463,-0.043758226590556504
7.706475517406686,-2.8961915369495617,8.497021434812444,-0.37370591199716463,-0.043758226590556504
7.706475517406686,-2.8961915369495617,8.497021434812444,-0.37370591199716463,-0.043758226590556504
7.706475517406686,-2.8961915369495617,8.497021434812444,-0.37370591199716463,-0.043758226590556504
7.706475517406686,-2.8961915369495617,8.497021434812444,-0.37370591199716463,-0.043758226590556504
7.706475517406686,-2.8961915369495617,8.497021434812444,-0.37370591199716463,-0.043758226590556504
7.706475517406686,-2.8961915369495617,8.497021434812444,-0.37370591199716463,-0.043758226590556504
7.706475517406686,-2.8961915369495617,8.497021434812444,-0.37370591199716463,-0.043758226590556504
7.80064383056427,-2.894621664368487,8.539233137631,-0.37213603941608975,-0.0015465237720011515
7.80064383056427,-2.894621664368487,8.539233137631,-0.37213603941608975,-0.0015465237720011515
7.80064383056427,-2.894621664368487,8.539233137631,-0.37213603941608975,-0.0015465237720011515
7.80064383056427,-2.894621664368487,8.539233137631,-0.37213603941608975,-0.0015465237720011515
7.80064383056427,-2.894621664368487,8.539233137631,-0.37213603941608975,-0.0015465237720011515
7.80064383056427,-2.894621664368487,8.539233137631,-0.37213603941608975,-0.0015465237720011515
7.80064383056427,-2.894621664368487,8.539233137631,-0.37213603941608975,-0.0015465237720011515
7.80064383056427,-2.894621664368487,8.539233137631,-0.37213603941608975,-0.0015465237720011515
7.80064383056427,-2.894621664368487,8.539233137631,-0.37213603941608975,-0.0015465237720011515
7.80064383056427,-2.894621664368487,8.539233137631,-0.37213603941608975,-0.0015465237720011515
7.80064383056427,-2.894621664368487,8.539233137631,-0.37213603941608975,-0.0015465237720011515
7.80064383056427,-2.894621664368487,8.539233137631,-0.37213603941608975,-0.0015465237720011515
7.80064383056427,-2.894621664368487,8.539233137631,-0.37213603941608975,-0.0015465237720011515
7.80064383056427,-2.894621664368487,8.539233137631,-0.37213603941608975,-0.0015465237720011515
7.710343653183064,-2.8937258299495343,8.459850153360483,-0.3712402049971373,-0.08092950804251764
7.710343653183064,-2.8937258299495343,8.459850153360483,-0.3712402049971373,-0.08092950804251764
7.710343653183064,-2.8937258299495343,8.459850153360483,-0.3712402049971373,-0.08092950804251764
7.710343653183064,-2.8937258299495343,8.459850153360483,-0.3712402049971373,-0.08092950804251764
7.710343653183064,-2.8937258299495343,8.459850153360483,-0.3712402049971373,-0.08092950804251764
7.710343653183064,-2.8937258299495343,8.459850153360483,-0.3712402049971373,-0.08092950804251764
7.723356114441842,-2.8872548247653507,8.503428452839664,-0.36476919981295364,-0.03735120856333651
7.723356114441842,-2.8872548247653507,8.503428452839664,-0.36476919981295364,-0.03735120856333651
7.723356114441842,-2.8872548247653507,8.503428452839664,-0.36476919981295364,-0.03735120856333651
7.723356114441842,-2.8872548247653507,8.503428452839664,-0.36476919981295364,-0.03735120856333651
7.723356114441842,-2.8872548247653507,8.503428452839664,-0.36476919981295364,-0.03735120856333651
7.723356114441842,-2.8872548247653507,8.503428452839664,-0.36476919981295364,-0.03735120856333651
7.723356114441842,-2.8872548247653507,8.503428452839664,-0.36476919981295364,-0.03735120856333651
7.723356114441842,-2.8872548247653507,8.503428452839664,-0.36476919981295364,-0.03735120856333651
7.723356114441842,-2.8872548247653507,8.503428452839664,-0.36476919981295364,-0.03735120856333651
7.723356114441842,-2.8872548247653507,8.503428452839664,-0.36476919981295364,-0.03735120856333651
7.665698285342707,-2.87689228466518,8.459322709527047,-0.35440665971278307,-0.08145695187595337
7.665698285342707,-2.87689228466518,8.459322709527047,-0.35440665971278307,-0.08145695187595337
7.665698285342707,-2.87689228466518,8.459322709527047,-0.35440665971278307,-0.08145695187595337
7.665698285342707,-2.87689228466518,8.459322709527047,-0.35440665971278307,-0.08145695187595337
7.665698285342707,-2.87689228466518,8.459322709527047,-0.35440665971278307,-0.08145695187595337
7.665698285342707,-2.87689228466518,8.459322709527047,-0.35440665971278307,-0.08145695187595337
7.665698285342707,-2.87689228466518,8.459322709527047,-0.35440665971278307,-0.08145695187595337
7.665698285342707,-2.87689228466518,8.459322709527047,-0.35440665971278307,-0.08145695187595337
7.665698285342707,-2.87689228466518,8.459322709527047,-0.35440665971278307,-0.08145695187595337
7.665698285342707,-2.87689228466518,8.459322709527047,-0.35440665971278307,-0.08145695187595337
7.665698285342707,-2.87689228466518,8.459322709527047,-0.35440665971278307,-0.08145695187595337
7.665698285342707,-2.87689228466518,8.459322709527047,-0.35440665971278307,-0.08145695187595337
7.665698285342707,-2.87689228466518,8.459322709527047,-0.35440665971278307,-0.08145695187595337
7.797643383717907,-2.8675308067869896,8.51323912225267,-0.34504518183459254,-0.027540539150329835
7.797643383717907,-2.8675308067869896,8.51323912225267,-0.34504518183459254,-0.027540539150329835
7.797643383717907,-2.8675308067869896,8.51323912225267,-0.34504518183459254,-0.027540539150329835
7.797643383717907,-2.8675308067869896,8.51323912225267,-0.34504518183459254,-0.027540539150329835
7.797643383717907,-2.8675308067869896,8.51323912225267,-0.34504518183459254,-0.027540539150329835
7.797643383717907,-2.8675308067869896,8.51323912225267,-0.34504518183459254,-0.027540539150329835
7.797643383717907,-2.8675308067869896,8.51323912225267,-0.34504518183459254,-0.027540539150329835
7.797643383717907,-2.8675308067869896,8.51323912225267,-0.34504518183459254,-0.027540539150329835
7.797643383717907,-2.8675308067869896,8.51323912225267,-0.34504518183459254,-0.027540539150329835
7.797643383717907,-2.8675308067869896,8.51323912225267,-0.34504518183459254,-0.027540539150329835
7.797643383717907,-2.8675308067869896,8.51323912225267,-0.34504518183459254,-0.027540539150329835
7.763915899788,-2.8672326680948372,8.566025482679116,-0.3447470431424402,0.02524582127611552
7.763915899788,-2.8672326680948372,8.566025482679116,-0.3447470431424402,0.02524582127611552
7.763915899788,-2.8672326680948372,8.566025482679116,-0.3447470431424402,0.02524582127611552
7.763915899788,-2.8672326680948372,8.566025482679116,-0.3447470431424402,0.02524582127611552
7.763915899788,-2.8672326680948372,8.566025482679116,-0.3447470431424402,0.02524582127611552
7.763915899788,-2.8672326680948372,8.566025482679116,-0.3447470431424402,0.02524582127611552
7.763915899788,-2.8672326680948372,8.566025482679116,-0.3447470431424402,0.02524582127611552
7.763915899788,-2.8672326680948372,8.566025482679116,-0.3447470431424402,0.02524582127611552
7.763915899788,-2.8672326680948372,8.566025482679116,-0.3447470431424402,0.02524582127611552
7.763915899788,-2.8672326680948372,8.566025482679116,-0.3447470431424402,0.02524582127611552
7.763915899788,-2.8672326680948372,8.566025482679116,-0.3447470431424402,0.02524582127611552
7.763915899788,-2.8672326680948372,8.566025482679116,-0.3447470431424402,0.02524582127611552
7.763915899788,-2.8672326680948372,8.566025482679116,-0.3447470431424402,0.02524582127611552
7.763915899788,-2.8672326680948372,8.566025482679116,-0.3447470431424402,0.02524582127611552
7.763915899788,-2.8672326680948372,8.566025482679116,-0.3447470431424402,0.02524582127611552
7.763915899788,-2.8672326680948372,8.566025482679116,-0.3447470431424402,0.02524582127611552
7.763915899788,-2.8672326680948372,8.566025482679116,-0.3447470431424402,0.02524582127611552
7.763915899788,-2.8672326680948372,8.566025482679116,-0.3447470431424402,0.02524582127611552
7.763915899788,-2.8672326680948372,8.566025482679116,-0.3447470431424402,0.02524582127611552
7.763915899788,-2.8672326680948372,8.566025482679116,-0.3447470431424402,0.02524582127611552
7.763915899788,-2.8672326680948372,8.566025482679116,-0.3447470431424402,0.02524582127611552
7.762777775399381,-2.8668971040412914,8.500676179708007,-0.34441147908889436,-0.04010348169499345
7.762777775399381,-2.8668971040412914,8.500676179708007,-0.34441147908889436,-0.04010348169499345
7.762777775399381,-2.8668971040412914,8.500676179708007,-0.34441147908889436,-0.04010348169499345
7.762777775399381,-2.8668971040412914,8.500676179708007,-0.34441147908889436,-0.04010348169499345
7.762777775399381,-2.8668971040412914,8.500676179708007,-0.34441147908889436,-0.04010348169499345
7.762777775399381,-2.8668971040412914,8.500676179708007,-0.34441147908889436,-0.04010348169499345
7.762777775399381,-2.8668971040412914,8.500676179708007,-0.34441147908889436,-0.04010348169499345
7.762777775399381,-2.8668971040412914,8.500676179708007,-0.34441147908889436,-0.04010348169499345
7.762777775399381,-2.8668971040412914,8.500676179708007,-0.34441147908889436,-0.04010348169499345
7.762777775399381,-2.8668971040412914,8.500676179708007,-0.34441147908889436,-0.04010348169499345
7.762777775399381,-2.8668971040412914,8.500676179708007,-0.34441147908889436,-0.04010348169499345
7.762777775399381,-2.8668971040412914,8.500676179708007,-0.34441147908889436,-0.04010348169499345
7.762777775399381,-2.8668971040412914,8.500676179708007,-0.34441147908889436,-0.04010348169499345
7.762777775399381,-2.8668971040412914,8.500676179708007,-0.34441147908889436,-0.04010348169499345
7.762777775399381,-2.8668971040412914,8.500676179708007,-0.34441147908889436,-0.04010348169499345
7.762777775399381,-2.8668971040412914,8.500676179708007,-0.34441147908889436,-0.04010348169499345
7.762777775399381,-2.8668971040412914,8.500676179708007,-0.34441147908889436,-0.04010348169499345
7.681899512191677,-2.865163466035785,8.47178206758794,-0.34267784108338795,-0.06899759381506065
7.681899512191677,-2.865163466035785,8.47178206758794,-0.34267784108338795,-0.06899759381506065
7.681899512191677,-2.865163466035785,8.47178206758794,-0.34267784108338795,-0.06899759381506065
7.681899512191677,-2.865163466035785,8.47178206758794,-0.34267784108338795,-0.06899759381506065
7.681899512191677,-2.865163466035785,8.47178206758794,-0.34267784108338795,-0.06899759381506065
7.681899512191677,-2.865163466035785,8.47178206758794,-0.34267784108338795,-0.06899759381506065
7.681899512191677,-2.865163466035785,8.47178206758794,-0.34267784108338795,-0.06899759381506065
7.681899512191677,-2.865163466035785,8.47178206758794,-0.34267784108338795,-0.06899759381506065
7.681899512191677,-2.865163466035785,8.47178206758794,-0.34267784108338795,-0.06899759381506065
7.681899512191677,-2.865163466035785,8.47178206758794,-0.34267784108338795,-0.06899759381506065
7.681899512191677,-2.865163466035785,8.47178206758794,-0.34267784108338795,-0.06899759381506065
7.681899512191677,-2.865163466035785,8.47178206758794,-0.34267784108338795,-0.06899759381506065
7.681899512191677,-2.865163466035785,8.47178206758794,-0.34267784108338795,-0.06899759381506065
7.681899512191677,-2.865163466035785,8.47178206758794,-0.34267784108338795,-0.06899759381506065
7.681899512191677,-2.865163466035785,8.47178206758794,-0.34267784108338795,-0.06899759381506065
7.681899512191677,-2.865163466035785,8.47178206758794,-0.34267784108338795,-0.06899759381506065
7.681899512191677,-2.865163466035785,8.47178206758794,-0.34267784108338795,-0.06899759381506065
7.681899512191677,-2.865163466035785,8.47178206758794,-0.34267784108338795,-0.06899759381506065
7.681899512191677,-2.865163466035785,8.47178206758794,-0.34267784108338795,-0.06899759381506065
7.681899512191677,-2.865163466035785,8.47178206758794,-0.34267784108338795,-0.06899759381506065
7.681899512191677,-2.865163466035785,8.47178206758794,-0.34267784108338795,-0.06899759381506065
7.681899512191677,-2.865163466035785,8.47178206758794,-0.34267784108338795,-0.06899759381506065
7.681899512191677,-2.865163466035785,8.47178206758794,-0.34267784108338795,-0.06899759381506065
7.681899512191677,-2.865163466035785,8.47178206758794,-0.34267784108338795,-0.06899759381506065
7.772915297285131,-2.8623718349291405,8.485853751669286,-0.33988620997674346,-0.05492590973371492
7.772915297285131,-2.8623718349291405,8.485853751669286,-0.33988620997674346,-0.05492590973371492
7.772915297285131,-2.8623718349291405,8.485853751669286,-0.33988620997674346,-0.05492590973371492
7.772915297285131,-2.8623718349291405,8.485853751669286,-0.33988620997674346,-0.05492590973371492
7.772915297285131,-2.8623718349291405,8.485853751669286,-0.33988620997674346,-0.05492590973371492
7.772915297285131,-2.8623718349291405,8.485853751669286,-0.33988620997674346,-0.05492590973371492
7.772915297285131,-2.8623718349291405,8.485853751669286,-0.33988620997674346,-0.05492590973371492
7.772915297285131,-2.8623718349291405,8.485853751669286,-0.33988620997674346,-0.05492590973371492
7.772915297285131,-2.8623718349291405,8.485853751669286,-0.33988620997674346,-0.05492590973371492
7.772915297285131,-2.8623718349291405,8.485853751669286,-0.33988620997674346,-0.05492590973371492
7.772915297285131,-2.8623718349291405,8.485853751669286,-0.33988620997674346,-0.05492590973371492
7.772915297285131,-2.8623718349291405,8.485853751669286,-0.33988620997674346,-0.05492590973371492
7.772915297285131,-2.8623718349291405,8.485853751669286,-0.33988620997674346,-0.05492590973371492
7.772915297285131,-2.8623718349291405,8.485853751669286,-0.33988620997674346,-0.05492590973371492
7.772915297285131,-2.8623718349291405,8.485853751669286,-0.33988620997674346,-0.05492590973371492
7.772915297285131,-2.8623718349291405,8.485853751669286,-0.33988620997674346,-0.05492590973371492
7.772915297285131,-2.8623718349291405,8.485853751669286,-0.33988620997674346,-0.05492590973371492
7.772915297285131,-2.8623718349291405,8.485853751669286,-0.33988620997674346,-0.05492590973371492
7.811469408725566,-2.8622791336374487,8.528051776554607,-0.33979350868505165,-0.0127278848483936
7.811469408725566,-2.8622791336374487,8.528051776554607,-0.33979350868505165,-0.0127278848483936
7.811469408725566,-2.8622791336374487,8.528051776554607,-0.33979350868505165,-0.0127278848483936
7.811469408725566,-2.8622791336374487,8.528051776554607,-0.33979350868505165,-0.0127278848483936
7.811469408725566,-2.8622791336374487,8.528051776554607,-0.33979350868505165,-0.0127278848483936
7.811469408725566,-2.8622791336374487,8.528051776554607,-0.33979350868505165,-0.0127278848483936
7.811469408725566,-2.8622791336374487,8.528051776554607,-0.33979350868505165,-0.0127278848483936
7.811469408725566,-2.8622791336374487,8.528051776554607,-0.33979350868505165,-0.0127278848483936
7.811469408725566,-2.8622791336374487,8.528051776554607,-0.33979350868505165,-0.0127278848483936
7.811469408725566,-2.8622791336374487,8.528051776554607,-0.33979350868505165,-0.0127278848483936
7.811469408725566,-2.8622791336374487,8.528051776554607,-0.33979350868505165,-0.0127278848483936
7.811469408725566,-2.8622791336374487,8.528051776554607,-0.33979350868505165,-0.0127278848483936
7.811469408725566,-2.8622791336374487,8.528051776554607,-0.33979350868505165,-0.0127278848483936
7.811469408725566,-2.8622791336374487,8.528051776554607,-0.33979350868505165,-0.0127278848483936
7.778896357261091,-2.8609973424297457,8.533285041502428,-0.33851171747734865,-0.007494619900572985
7.778896357261091,-2.8609973424297457,8.533285041502428,-0.33851171747734865,-0.007494619900572985
7.778896357261091,-2.8609973424297457,8.533285041502428,-0.33851171747734865,-0.007494619900572985
7.778896357261091,-2.8609973424297457,8.533285041502428,-0.33851171747734865,-0.007494619900572985
7.778896357261091,-2.8609973424297457,8.533285041502428,-0.33851171747734865,-0.007494619900572985
7.778896357261091,-2.8609973424297457,8.533285041502428,-0.33851171747734865,-0.007494619900572985
7.778896357261091,-2.8609973424297457,8.533285041502428,-0.33851171747734865,-0.007494619900572985
7.778896357261091,-2.8609973424297457,8.533285041502428,-0.33851171747734865,-0.007494619900572985
7.778896357261091,-2.8609973424297457,8.533285041502428,-0.33851171747734865,-0.007494619900572985
7.773073230463071,-2.8591054039846764,8.566937671206206,-0.33661977903227935,0.02615800980320593
7.773073230463071,-2.8591054039846764,8.566937671206206,-0.33661977903227935,0.02615800980320593
7.773073230463071,-2.8591054039846764,8.566937671206206,-0.33661977903227935,0.02615800980320593
7.773073230463071,-2.8591054039846764,8.566937671206206,-0.33661977903227935,0.02615800980320593
7.773073230463071,-2.8591054039846764,8.566937671206206,-0.33661977903227935,0.02615800980320593
7.773073230463071,-2.8591054039846764,8.566937671206206,-0.33661977903227935,0.02615800980320593
7.773073230463071,-2.8591054039846764,8.566937671206206,-0.33661977903227935,0.02615800980320593
7.773073230463071,-2.8591054039846764,8.566937671206206,-0.33661977903227935,0.02615800980320593
7.773073230463071,-2.8591054039846764,8.566937671206206,-0.33661977903227935,0.02615800980320593
7.820456979708903,-2.854022569695971,8.586076371856063,-0.33153694474357387,0.04529671045306216
7.820456979708903,-2.854022569695971,8.586076371856063,-0.33153694474357387,0.04529671045306216
7.820456979708903,-2.854022569695971,8.586076371856063,-0.33153694474357387,0.04529671045306216
7.820456979708903,-2.854022569695971,8.586076371856063,-0.33153694474357387,0.04529671045306216
7.820456979708903,-2.854022569695971,8.586076371856063,-0.33153694474357387,0.04529671045306216
7.820456979708903,-2.854022569695971,8.586076371856063,-0.33153694474357387,0.04529671045306216
7.820456979708903,-2.854022569695971,8.586076371856063,-0.33153694474357387,0.04529671045306216
7.820456979708903,-2.854022569695971,8.586076371856063,-0.33153694474357387,0.04529671045306216
7.820456979708903,-2.854022569695971,8.586076371856063,-0.33153694474357387,0.04529671045306216
7.820456979708903,-2.854022569695971,8.586076371856063,-0.33153694474357387,0.04529671045306216
7.820456979708903,-2.854022569695971,8.586076371856063,-0.33153694474357387,0.04529671045306216
7.820456979708903,-2.854022569695971,8.586076371856063,-0.33153694474357387,0.04529671045306216
7.820456979708903,-2.854022569695971,8.586076371856063,-0.33153694474357387,0.04529671045306216
7.820456979708903,-2.854022569695971,8.586076371856063,-0.33153694474357387,0.04529671045306216
7.820456979708903,-2.854022569695971,8.586076371856063,-0.33153694474357387,0.04529671045306216
7.820456979708903,-2.854022569695971,8.586076371856063,-0.33153694474357387,0.04529671045306216
7.820456979708903,-2.854022569695971,8.586076371856063,-0.33153694474357387,0.04529671045306216
7.820456979708903,-2.854022569695971,8.586076371856063,-0.33153694474357387,0.04529671045306216
7.820456979708903,-2.854022569695971,8.586076371856063,-0.33153694474357387,0.04529671045306216
7.820456979708903,-2.854022569695971,8.586076371856063,-0.33153694474357387,0.04529671045306216
7.820456979708903,-2.854022569695971,8.586076371856063,-0.33153694474357387,0.04529671045306216
7.820456979708903,-2.854022569695971,8.586076371856063,-0.33153694474357387,0.04529671045306216
7.676452549736266,-2.8515556240324607,8.544429715110095,-0.3290699990800636,0.0036500537070942585
7.676452549736266,-2.8515556240324607,8.544429715110095,-0.3290699990800636,0.0036500537070942585
7.676452549736266,-2.8515556240324607,8.544429715110095,-0.3290699990800636,0.0036500537070942585
7.676452549736266,-2.8515556240324607,8.544429715110095,-0.3290699990800636,0.0036500537070942585
7.676452549736266,-2.8515556240324607,8.544429715110095,-0.3290699990800636,0.0036500537070942585
7.676452549736266,-2.8515556240324607,8.544429715110095,-0.3290699990800636,0.0036500537070942585
7.676452549736266,-2.8515556240324607,8.544429715110095,-0.3290699990800636,0.0036500537070942585
7.676452549736266,-2.8515556240324607,8.544429715110095,-0.3290699990800636,0.0036500537070942585
7.676452549736266,-2.8515556240324607,8.544429715110095,-0.3290699990800636,0.0036500537070942585
7.676452549736266,-2.8515556240324607,8.544429715110095,-0.3290699990800636,0.0036500537070942585
7.676452549736266,-2.8515556240324607,8.544429715110095,-0.3290699990800636,0.0036500537070942585
7.676452549736266,-2.8515556240324607,8.544429715110095,-0.3290699990800636,0.0036500537070942585
7.676452549736266,-2.8515556240324607,8.544429715110095,-0.3290699990800636,0.0036500537070942585
7.676452549736266,-2.8515556240324607,8.544429715110095,-0.3290699990800636,0.0036500537070942585
7.676452549736266,-2.8515556240324607,8.544429715110095,-0.3290699990800636,0.0036500537070942585
7.676452549736266,-2.8515556240324607,8.544429715110095,-0.3290699990800636,0.0036500537070942585
7.676452549736266,-2.8515556240324607,8.544429715110095,-0.3290699990800636,0.0036500537070942585
7.676452549736266,-2.8515556240324607,8.544429715110095,-0.3290699990800636,0.0036500537070942585
7.676452549736266,-2.8515556240324607,8.544429715110095,-0.3290699990800636,0.0036500537070942585
7.676452549736266,-2.8515556240324607,8.544429715110095,-0.3290699990800636,0.0036500537070942585
7.676452549736266,-2.8515556240324607,8.544429715110095,-0.3290699990800636,0.0036500537070942585
7.676452549736266,-2.8515556240324607,8.544429715110095,-0.3290699990800636,0.0036500537070942585
7.676452549736266,-2.8515556240324607,8.544429715110095,-0.3290699990800636,0.0036500537070942585
7.676452549736266,-2.8515556240324607,8.544429715110095,-0.3290699990800636,0.0036500537070942585
7.676452549736266,-2.8515556240324607,8.544429715110095,-0.3290699990800636,0.0036500537070942585
7.676452549736266,-2.8515556240324607,8.544429715110095,-0.3290699990800636,0.0036500537070942585
7.676452549736266,-2.8515556240324607,8.544429715110095,-0.3290699990800636,0.0036500537070942585
7.676452549736266,-2.8515556240324607,8.544429715110095,-0.3290699990800636,0.0036500537070942585
7.676452549736266,-2.8515556240324607,8.544429715110095,-0.3290699990800636,0.0036500537070942585
7.676452549736266,-2.8515556240324607,8.544429715110095,-0.3290699990800636,0.0036500537070942585
7.676452549736266,-2.8515556240324607,8.544429715110095,-0.3290699990800636,0.0036500537070942585
7.676452549736266,-2.8515556240324607,8.544429715110095,-0.3290699990800636,0.0036500537070942585
7.676452549736266,-2.8515556240324607,8.544429715110095,-0.3290699990800636,0.0036500537070942585
7.676452549736266,-2.8515556240324607,8.544429715110095,-0.3290699990800636,0.0036500537070942585
7.676452549736266,-2.8515556240324607,8.544429715110095,-0.3290699990800636,0.0036500537070942585
7.676452549736266,-2.8515556240324607,8.544429715110095,-0.3290699990800636,0.0036500537070942585
7.676452549736266,-2.8515556240324607,8.544429715110095,-0.3290699990800636,0.0036500537070942585
7.755770004227176,-2.8481162633908155,8.526960354445487,-0.32563063843841844,-0.013819306957513433
7.755770004227176,-2.8481162633908155,8.526960354445487,-0.32563063843841844,-0.013819306957513433
7.755770004227176,-2.8481162633908155,8.526960354445487,-0.32563063843841844,-0.013819306957513433
7.755770004227176,-2.8481162633908155,8.526960354445487,-0.32563063843841844,-0.013819306957513433
7.755770004227176,-2.8481162633908155,8.526960354445487,-0.32563063843841844,-0.013819306957513433
7.755770004227176,-2.8481162633908155,8.526960354445487,-0.32563063843841844,-0.013819306957513433
7.755770004227176,-2.8481162633908155,8.526960354445487,-0.32563063843841844,-0.013819306957513433
7.755770004227176,-2.8481162633908155,8.526960354445487,-0.32563063843841844,-0.013819306957513433
7.755770004227176,-2.8481162633908155,8.526960354445487,-0.32563063843841844,-0.013819306957513433
7.790615681067453,-2.845033304776065,8.494966526459656,-0.32254767982366817,-0.04581313494334438
7.790615681067453,-2.845033304776065,8.494966526459656,-0.32254767982366817,-0.04581313494334438
7.790615681067453,-2.845033304776065,8.494966526459656,-0.32254767982366817,-0.04581313494334438
7.790615681067453,-2.845033304776065,8.494966526459656,-0.32254767982366817,-0.04581313494334438
7.790615681067453,-2.845033304776065,8.494966526459656,-0.32254767982366817,-0.04581313494334438
7.790615681067453,-2.845033304776065,8.494966526459656,-0.32254767982366817,-0.04581313494334438
7.790615681067453,-2.845033304776065,8.494966526459656,-0.32254767982366817,-0.04581313494334438
7.790615681067453,-2.845033304776065,8.494966526459656,-0.32254767982366817,-0.04581313494334438
7.790615681067453,-2.845033304776065,8.494966526459656,-0.32254767982366817,-0.04581313494334438
7.790615681067453,-2.845033304776065,8.494966526459656,-0.32254767982366817,-0.04581313494334438
7.790615681067453,-2.845033304776065,8.494966526459656,-0.32254767982366817,-0.04581313494334438
7.790615681067453,-2.845033304776065,8.494966526459656,-0.32254767982366817,-0.04581313494334438
7.790615681067453,-2.845033304776065,8.494966526459656,-0.32254767982366817,-0.04581313494334438
7.790615681067453,-2.845033304776065,8.494966526459656,-0.32254767982366817,-0.04581313494334438
7.790615681067453,-2.845033304776065,8.494966526459656,-0.32254767982366817,-0.04581313494334438
7.746797160809753,-2.8314943251466715,8.537430882179185,-0.3090087001942745,-0.003348779223815157
7.746797160809753,-2.8314943251466715,8.537430882179185,-0.3090087001942745,-0.003348779223815157
7.746797160809753,-2.8314943251466715,8.537430882179185,-0.3090087001942745,-0.003348779223815157
7.746797160809753,-2.8314943251466715,8.537430882179185,-0.3090087001942745,-0.003348779223815157
7.746797160809753,-2.8314943251466715,8.537430882179185,-0.3090087001942745,-0.003348779223815157
7.746797160809753,-2.8314943251466715,8.537430882179185,-0.3090087001942745,-0.003348779223815157
7.746797160809753,-2.8314943251466715,8.537430882179185,-0.3090087001942745,-0.003348779223815157
7.746797160809753,-2.8314943251466715,8.537430882179185,-0.3090087001942745,-0.003348779223815157
7.746797160809753,-2.8314943251466715,8.537430882179185,-0.3090087001942745,-0.003348779223815157
7.693367544655189,-2.8281716300973057,8.510699549976772,-0.3056860051449086,-0.03008011142622813
7.693367544655189,-2.8281716300973057,8.510699549976772,-0.3056860051449086,-0.03008011142622813
7.693367544655189,-2.8281716300973057,8.510699549976772,-0.3056860051449086,-0.03008011142622813
7.693367544655189,-2.8281716300973057,8.510699549976772,-0.3056860051449086,-0.03008011142622813
7.693367544655189,-2.8281716300973057,8.510699549976772,-0.3056860051449086,-0.03008011142622813
7.693367544655189,-2.8281716300973057,8.510699549976772,-0.3056860051449086,-0.03008011142622813
7.7898428615394915,-2.826291533811123,8.486052368473457,-0.30380590885872616,-0.05472729292954348
7.7898428615394915,-2.826291533811123,8.486052368473457,-0.30380590885872616,-0.05472729292954348
7.7898428615394915,-2.826291533811123,8.486052368473457,-0.30380590885872616,-0.05472729292954348
7.7898428615394915,-2.826291533811123,8.486052368473457,-0.30380590885872616,-0.05472729292954348
7.7898428615394915,-2.826291533811123,8.486052368473457,-0.30380590885872616,-0.05472729292954348
7.7898428615394915,-2.826291533811123,8.486052368473457,-0.30380590885872616,-0.05472729292954348
7.7898428615394915,-2.826291533811123,8.486052368473457,-0.30380590885872616,-0.05472729292954348
7.7898428615394915,-2.826291533811123,8.486052368473457,-0.30380590885872616,-0.05472729292954348
7.7898428615394915,-2.826291533811123,8.486052368473457,-0.30380590885872616,-0.05472729292954348
7.728133427739827,-2.8253075917244073,8.49395043725728,-0.30282196677201023,-0.046829224145721327
7.728133427739827,-2.8253075917244073,8.49395043725728,-0.30282196677201023,-0.046829224145721327
7.728133427739827,-2.8253075917244073,8.49395043725728,-0.30282196677201023,-0.046829224145721327
7.728133427739827,-2.8253075917244073,8.49395043725728,-0.30282196677201023,-0.046829224145721327
7.728133427739827,-2.8253075917244073,8.49395043725728,-0.30282196677201023,-0.046829224145721327
7.728133427739827,-2.8253075917244073,8.49395043725728,-0.30282196677201023,-0.046829224145721327
7.728133427739827,-2.8253075917244073,8.49395043725728,-0.30282196677201023,-0.046829224145721327
7.728133427739827,-2.8253075917244073,8.49395043725728,-0.30282196677201023,-0.046829224145721327
7.728133427739827,-2.8253075917244073,8.49395043725728,-0.30282196677201023,-0.046829224145721327
7.728133427739827,-2.8253075917244073,8.49395043725728,-0.30282196677201023,-0.046829224145721327
7.728133427739827,-2.8253075917244073,8.49395043725728,-0.30282196677201023,-0.046829224145721327
7.728133427739827,-2.8253075917244073,8.49395043725728,-0.30282196677201023,-0.046829224145721327
7.728133427739827,-2.8253075917244073,8.49395043725728,-0.30282196677201023,-0.046829224145721327
7.728133427739827,-2.8253075917244073,8.49395043725728,-0.30282196677201023,-0.046829224145721327
7.728133427739827,-2.8253075917244073,8.49395043725728,-0.30282196677201023,-0.046829224145721327
7.728133427739827,-2.8253075917244073,8.49395043725728,-0.30282196677201023,-0.046829224145721327
7.728133427739827,-2.8253075917244073,8.49395043725728,-0.30282196677201023,-0.046829224145721327
7.728133427739827,-2.8253075917244073,8.49395043725728,-0.30282196677201023,-0.046829224145721327
7.728133427739827,-2.8253075917244073,8.49395043725728,-0.30282196677201023,-0.046829224145721327
7.728133427739827,-2.8253075917244073,8.49395043725728,-0.30282196677201023,-0.046829224145721327
7.728133427739827,-2.8253075917244073,8.49395043725728,-0.30282196677201023,-0.046829224145721327
7.728133427739827,-2.8253075917244073,8.49395043725728,-0.30282196677201023,-0.046829224145721327
7.728133427739827,-2.8253075917244073,8.49395043725728,-0.30282196677201023,-0.046829224145721327
7.728133427739827,-2.8253075917244073,8.49395043725728,-0.30282196677201023,-0.046829224145721327
7.728133427739827,-2.8253075917244073,8.49395043725728,-0.30282196677201023,-0.046829224145721327
7.777746583820737,-2.8242628067686026,8.501336290790155,-0.3017771818162056,-0.03944337061284564
7.777746583820737,-2.8242628067686026,8.501336290790155,-0.3017771818162056,-0.03944337061284564
7.777746583820737,-2.8242628067686026,8.501336290790155,-0.3017771818162056,-0.03944337061284564
7.777746583820737,-2.8242628067686026,8.501336290790155,-0.3017771818162056,-0.03944337061284564
7.777746583820737,-2.8242628067686026,8.501336290790155,-0.3017771818162056,-0.03944337061284564
7.777746583820737,-2.8242628067686026,8.501336290790155,-0.3017771818162056,-0.03944337061284564
7.777746583820737,-2.8242628067686026,8.501336290790155,-0.3017771818162056,-0.03944337061284564
7.777746583820737,-2.8242628067686026,8.501336290790155,-0.3017771818162056,-0.03944337061284564
7.777746583820737,-2.8242628067686026,8.501336290790155,-0.3017771818162056,-0.03944337061284564
7.777746583820737,-2.8242628067686026,8.501336290790155,-0.3017771818162056,-0.03944337061284564
7.777746583820737,-2.8242628067686026,8.501336290790155,-0.3017771818162056,-0.03944337061284564
7.777746583820737,-2.8242628067686026,8.501336290790155,-0.3017771818162056,-0.03944337061284564
7.777746583820737,-2.8242628067686026,8.501336290790155,-0.3017771818162056,-0.03944337061284564
7.777746583820737,-2.8242628067686026,8.501336290790155,-0.3017771818162056,-0.03944337061284564
7.777746583820737,-2.8242628067686026,8.501336290790155,-0.3017771818162056,-0.03944337061284564
7.777746583820737,-2.8242628067686026,8.501336290790155,-0.3017771818162056,-0.03944337061284564
7.777746583820737,-2.8242628067686026,8.501336290790155,-0.3017771818162056,-0.03944337061284564
7.777746583820737,-2.8242628067686026,8.501336290790155,-0.3017771818162056,-0.03944337061284564
7.777746583820737,-2.8242628067686026,8.501336290790155,-0.3017771818162056,-0.03944337061284564
7.777746583820737,-2.8242628067686026,8.501336290790155,-0.3017771818162056,-0.03944337061284564
7.777746583820737,-2.8242628067686026,8.501336290790155,-0.3017771818162056,-0.03944337061284564
7.777746583820737,-2.8242628067686026,8.501336290790155,-0.3017771818162056,-0.03944337061284564
7.69894970592954,-2.8221560872500793,8.557889885321446,-0.29967046229768224,0.0171102239184453
7.69894970592954,-2.8221560872500793,8.557889885321446,-0.29967046229768224,0.0171102239184453
7.69894970592954,-2.8221560872500793,8.557889885321446,-0.29967046229768224,0.0171102239184453
7.69894970592954,-2.8221560872500793,8.557889885321446,-0.29967046229768224,0.0171102239184453
7.69894970592954,-2.8221560872500793,8.557889885321446,-0.29967046229768224,0.0171102239184453
7.69894970592954,-2.8221560872500793,8.557889885321446,-0.29967046229768224,0.0171102239184453
7.69894970592954,-2.8221560872500793,8.557889885321446,-0.29967046229768224,0.0171102239184453
7.69894970592954,-2.8221560872500793,8.557889885321446,-0.29967046229768224,0.0171102239184453
7.69894970592954,-2.8221560872500793,8.557889885321446,-0.29967046229768224,0.0171102239184453
7.69894970592954,-2.8221560872500793,8.557889885321446,-0.29967046229768224,0.0171102239184453
7.69894970592954,-2.8221560872500793,8.557889885321446,-0.29967046229768224,0.0171102239184453
7.69894970592954,-2.8221560872500793,8.557889885321446,-0.29967046229768224,0.0171102239184453
7.69894970592954,-2.8221560872500793,8.557889885321446,-0.29967046229768224,0.0171102239184453
7.69894970592954,-2.8221560872500793,8.557889885321446,-0.29967046229768224,0.0171102239184453
7.69894970592954,-2.8221560872500793,8.557889885321446,-0.29967046229768224,0.0171102239184453
7.69894970592954,-2.8221560872500793,8.557889885321446,-0.29967046229768224,0.0171102239184453
7.7609940677316684,-2.8208929732286454,8.547227037210542,-0.2984073482762484,0.006447375807541178
7.7609940677316684,-2.8208929732286454,8.547227037210542,-0.2984073482762484,0.006447375807541178
7.7609940677316684,-2.8208929732286454,8.547227037210542,-0.2984073482762484,0.006447375807541178
7.7609940677316684,-2.8208929732286454,8.547227037210542,-0.2984073482762484,0.006447375807541178
7.7609940677316684,-2.8208929732286454,8.547227037210542,-0.2984073482762484,0.006447375807541178
7.7609940677316684,-2.8208929732286454,8.547227037210542,-0.2984073482762484,0.006447375807541178
7.7609940677316684,-2.8208929732286454,8.547227037210542,-0.2984073482762484,0.006447375807541178
7.7609940677316684,-2.8208929732286454,8.547227037210542,-0.2984073482762484,0.006447375807541178
7.7609940677316684,-2.8208929732286454,8.547227037210542,-0.2984073482762484,0.006447375807541178
7.7609940677316684,-2.8208929732286454,8.547227037210542,-0.2984073482762484,0.006447375807541178
7.7609940677316684,-2.8208929732286454,8.547227037210542,-0.2984073482762484,0.006447375807541178
7.7609940677316684,-2.8208929732286454,8.547227037210542,-0.2984073482762484,0.006447375807541178
7.7609940677316684,-2.8208929732286454,8.547227037210542,-0.2984073482762484,0.006447375807541178
7.7609940677316684,-2.8208929732286454,8.547227037210542,-0.2984073482762484,0.006447375807541178
7.7609940677316684,-2.8208929732286454,8.547227037210542,-0.2984073482762484,0.006447375807541178
7.7609940677316684,-2.8208929732286454,8.547227037210542,-0.2984073482762484,0.006447375807541178
7.7609940677316684,-2.8208929732286454,8.547227037210542,-0.2984073482762484,0.006447375807541178
7.7609940677316684,-2.8208929732286454,8.547227037210542,-0.2984073482762484,0.006447375807541178
7.7609940677316684,-2.8208929732286454,8.547227037210542,-0.2984073482762484,0.006447375807541178
7.7609940677316684,-2.8208929732286454,8.547227037210542,-0.2984073482762484,0.006447375807541178
7.7609940677316684,-2.8208929732286454,8.547227037210542,-0.2984073482762484,0.006447375807541178
7.7609940677316684,-2.8208929732286454,8.547227037210542,-0.2984073482762484,0.006447375807541178
7.7609940677316684,-2.8208929732286454,8.547227037210542,-0.2984073482762484,0.006447375807541178
7.7609940677316684,-2.8208929732286454,8.547227037210542,-0.2984073482762484,0.006447375807541178
7.7609940677316684,-2.8208929732286454,8.547227037210542,-0.2984073482762484,0.006447375807541178
7.7609940677316684,-2.8208929732286454,8.547227037210542,-0.2984073482762484,0.006447375807541178
7.7609940677316684,-2.8208929732286454,8.547227037210542,-0.2984073482762484,0.006447375807541178
7.7609940677316684,-2.8208929732286454,8.547227037210542,-0.2984073482762484,0.006447375807541178
7.7609940677316684,-2.8208929732286454,8.547227037210542,-0.2984073482762484,0.006447375807541178
7.7609940677316684,-2.8208929732286454,8.547227037210542,-0.2984073482762484,0.006447375807541178
7.7609940677316684,-2.8208929732286454,8.547227037210542,-0.2984073482762484,0.006447375807541178
7.7609940677316684,-2.8208929732286454,8.547227037210542,-0.2984073482762484,0.006447375807541178
7.7609940677316684,-2.8208929732286454,8.547227037210542,-0.2984073482762484,0.006447375807541178
7.7609940677316684,-2.8208929732286454,8.547227037210542,-0.2984073482762484,0.006447375807541178
7.7609940677316684,-2.8208929732286454,8.547227037210542,-0.2984073482762484,0.006447375807541178
7.7609940677316684,-2.8208929732286454,8.547227037210542,-0.2984073482762484,0.006447375807541178
7.7609940677316684,-2.8208929732286454,8.547227037210542,-0.2984073482762484,0.006447375807541178
7.7609940677316684,-2.8208929732286454,8.547227037210542,-0.2984073482762484,0.006447375807541178
7.7609940677316684,-2.8208929732286454,8.547227037210542,-0.2984073482762484,0.006447375807541178
7.7609940677316684,-2.8208929732286454,8.547227037210542,-0.2984073482762484,0.006447375807541178
7.7609940677316684,-2.8208929732286454,8.547227037210542,-0.2984073482762484,0.006447375807541178
7.665053392530368,-2.81906009427595,8.552868579739075,-0.296574469323553,0.012088918336074173
7.665053392530368,-2.81906009427595,8.552868579739075,-0.296574469323553,0.012088918336074173
7.665053392530368,-2.81906009427595,8.552868579739075,-0.296574469323553,0.012088918336074173
7.665053392530368,-2.81906009427595,8.552868579739075,-0.296574469323553,0.012088918336074173
7.665053392530368,-2.81906009427595,8.552868579739075,-0.296574469323553,0.012088918336074173
7.665053392530368,-2.81906009427595,8.552868579739075,-0.296574469323553,0.012088918336074173
7.665053392530368,-2.81906009427595,8.552868579739075,-0.296574469323553,0.012088918336074173
7.665053392530368,-2.81906009427595,8.552868579739075,-0.296574469323553,0.012088918336074173
7.665053392530368,-2.81906009427595,8.552868579739075,-0.296574469323553,0.012088918336074173
7.665053392530368,-2.81906009427595,8.552868579739075,-0.296574469323553,0.012088918336074173
7.665053392530368,-2.81906009427595,8.552868579739075,-0.296574469323553,0.012088918336074173
7.665053392530368,-2.81906009427595,8.552868579739075,-0.296574469323553,0.012088918336074173
7.665053392530368,-2.81906009427595,8.552868579739075,-0.296574469323553,0.012088918336074173
7.665053392530368,-2.81906009427595,8.552868579739075,-0.296574469323553,0.012088918336074173
7.665053392530368,-2.81906009427595,8.552868579739075,-0.296574469323553,0.012088918336074173
7.665053392530368,-2.81906009427595,8.552868579739075,-0.296574469323553,0.012088918336074173
7.665053392530368,-2.81906009427595,8.552868579739075,-0.296574469323553,0.012088918336074173
7.665053392530368,-2.81906009427595,8.552868579739075,-0.296574469323553,0.012088918336074173
7.665053392530368,-2.81906009427595,8.552868579739075,-0.296574469323553,0.012088918336074173
7.665053392530368,-2.81906009427595,8.552868579739075,-0.296574469323553,0.012088918336074173
7.665053392530368,-2.81906009427595,8.552868579739075,-0.296574469323553,0.012088918336074173
7.665053392530368,-2.81906009427595,8.552868579739075,-0.296574469323553,0.012088918336074173
7.665053392530368,-2.81906009427595,8.552868579739075,-0.296574469323553,0.012088918336074173
7.665053392530368,-2.81906009427595,8.552868579739075,-0.296574469323553,0.012088918336074173
7.783394674097234,-2.8143548395348845,8.531477856138277,-0.2918692145824875,-0.009301805264723129
7.783394674097234,-2.8143548395348845,8.531477856138277,-0.2918692145824875,-0.009301805264723129
7.783394674097234,-2.8143548395348845,8.531477856138277,-0.2918692145824875,-0.009301805264723129
7.783394674097234,-2.8143548395348845,8.531477856138277,-0.2918692145824875,-0.009301805264723129
7.783394674097234,-2.8143548395348845,8.531477856138277,-0.2918692145824875,-0.009301805264723129
7.783394674097234,-2.8143548395348845,8.531477856138277,-0.2918692145824875,-0.009301805264723129
7.783394674097234,-2.8143548395348845,8.531477856138277,-0.2918692145824875,-0.009301805264723129
7.783394674097234,-2.8143548395348845,8.531477856138277,-0.2918692145824875,-0.009301805264723129
7.783394674097234,-2.8143548395348845,8.531477856138277,-0.2918692145824875,-0.009301805264723129
7.783394674097234,-2.8143548395348845,8.531477856138277,-0.2918692145824875,-0.009301805264723129
7.783394674097234,-2.8143548395348845,8.531477856138277,-0.2918692145824875,-0.009301805264723129
7.783394674097234,-2.8143548395348845,8.531477856138277,-0.2918692145824875,-0.009301805264723129
7.783394674097234,-2.8143548395348845,8.531477856138277,-0.2918692145824875,-0.009301805264723129
7.783394674097234,-2.8143548395348845,8.531477856138277,-0.2918692145824875,-0.009301805264723129
7.783394674097234,-2.8143548395348845,8.531477856138277,-0.2918692145824875,-0.009301805264723129
7.783394674097234,-2.8143548395348845,8.531477856138277,-0.2918692145824875,-0.009301805264723129
7.783394674097234,-2.8143548395348845,8.531477856138277,-0.2918692145824875,-0.009301805264723129
7.783394674097234,-2.8143548395348845,8.531477856138277,-0.2918692145824875,-0.009301805264723129
7.783394674097234,-2.8143548395348845,8.531477856138277,-0.2918692145824875,-0.009301805264723129
7.783394674097234,-2.8143548395348845,8.531477856138277,-0.2918692145824875,-0.009301805264723129
7.783394674097234,-2.8143548395348845,8.531477856138277,-0.2918692145824875,-0.009301805264723129
7.783394674097234,-2.8143548395348845,8.531477856138277,-0.2918692145824875,-0.009301805264723129
7.783394674097234,-2.8143548395348845,8.531477856138277,-0.2918692145824875,-0.009301805264723129
7.783394674097234,-2.8143548395348845,8.531477856138277,-0.2918692145824875,-0.009301805264723129
7.783394674097234,-2.8143548395348845,8.531477856138277,-0.2918692145824875,-0.009301805264723129
7.783394674097234,-2.8143548395348845,8.531477856138277,-0.2918692145824875,-0.009301805264723129
7.783394674097234,-2.8143548395348845,8.531477856138277,-0.2918692145824875,-0.009301805264723129
7.783394674097234,-2.8143548395348845,8.531477856138277,-0.2918692145824875,-0.009301805264723129
7.783394674097234,-2.8143548395348845,8.531477856138277,-0.2918692145824875,-0.009301805264723129
7.783394674097234,-2.8143548395348845,8.531477856138277,-0.2918692145824875,-0.009301805264723129
7.783394674097234,-2.8143548395348845,8.531477856138277,-0.2918692145824875,-0.009301805264723129
7.783394674097234,-2.8143548395348845,8.531477856138277,-0.2918692145824875,-0.009301805264723129
7.783394674097234,-2.8143548395348845,8.531477856138277,-0.2918692145824875,-0.009301805264723129
7.783394674097234,-2.8143548395348845,8.531477856138277,-0.2918692145824875,-0.009301805264723129
7.783394674097234,-2.8143548395348845,8.531477856138277,-0.2918692145824875,-0.009301805264723129
7.783394674097234,-2.8143548395348845,8.531477856138277,-0.2918692145824875,-0.009301805264723129
7.783394674097234,-2.8143548395348845,8.531477856138277,-0.2918692145824875,-0.009301805264723129
7.783394674097234,-2.8143548395348845,8.531477856138277,-0.2918692145824875,-0.009301805264723129
7.783394674097234,-2.8143548395348845,8.531477856138277,-0.2918692145824875,-0.009301805264723129
7.783394674097234,-2.8143548395348845,8.531477856138277,-0.2918692145824875,-0.009301805264723129
7.783394674097234,-2.8143548395348845,8.531477856138277,-0.2918692145824875,-0.009301805264723129
7.783394674097234,-2.8143548395348845,8.531477856138277,-0.2918692145824875,-0.009301805264723129
7.783394674097234,-2.8143548395348845,8.531477856138277,-0.2918692145824875,-0.009301805264723129
7.783394674097234,-2.8143548395348845,8.531477856138277,-0.2918692145824875,-0.009301805264723129
7.812128864816879,-2.810152098868475,8.570096399953753,-0.28766647391607814,0.029316738550752675
7.812128864816879,-2.810152098868475,8.570096399953753,-0.28766647391607814,0.029316738550752675
7.812128864816879,-2.810152098868475,8.570096399953753,-0.28766647391607814,0.029316738550752675
7.812128864816879,-2.810152098868475,8.570096399953753,-0.28766647391607814,0.029316738550752675
7.812128864816879,-2.810152098868475,8.570096399953753,-0.28766647391607814,0.029316738550752675
7.812128864816879,-2.810152098868475,8.570096399953753,-0.28766647391607814,0.029316738550752675
7.812128864816879,-2.810152098868475,8.570096399953753,-0.28766647391607814,0.029316738550752675
7.812128864816879,-2.810152098868475,8.570096399953753,-0.28766647391607814,0.029316738550752675
7.812128864816879,-2.810152098868475,8.570096399953753,-0.28766647391607814,0.029316738550752675
7.812128864816879,-2.810152098868475,8.570096399953753,-0.28766647391607814,0.029316738550752675
7.812128864816879,-2.810152098868475,8.570096399953753,-0.28766647391607814,0.029316738550752675
7.812128864816879,-2.810152098868475,8.570096399953753,-0.28766647391607814,0.029316738550752675
7.812128864816879,-2.810152098868475,8.570096399953753,-0.28766647391607814,0.029316738550752675
7.812128864816879,-2.810152098868475,8.570096399953753,-0.28766647391607814,0.029316738550752675
7.812128864816879,-2.810152098868475,8.570096399953753,-0.28766647391607814,0.029316738550752675
7.801647343266607,-2.8096632578903367,8.443278984684106,-0.28717763293793963,-0.0975006767188944
7.801647343266607,-2.8096632578903367,8.443278984684106,-0.28717763293793963,-0.0975006767188944
7.801647343266607,-2.8096632578903367,8.443278984684106,-0.28717763293793963,-0.0975006767188944
7.801647343266607,-2.8096632578903367,8.443278984684106,-0.28717763293793963,-0.0975006767188944
7.801647343266607,-2.8096632578903367,8.443278984684106,-0.28717763293793963,-0.0975006767188944
7.801647343266607,-2.8096632578903367,8.443278984684106,-0.28717763293793963,-0.0975006767188944
7.810882866054907,-2.805706337952823,8.442563076997459,-0.28322071300042584,-0.0982165844055416
7.810882866054907,-2.805706337952823,8.442563076997459,-0.28322071300042584,-0.0982165844055416
7.810882866054907,-2.805706337952823,8.442563076997459,-0.28322071300042584,-0.0982165844055416
7.810882866054907,-2.805706337952823,8.442563076997459,-0.28322071300042584,-0.0982165844055416
7.810882866054907,-2.805706337952823,8.442563076997459,-0.28322071300042584,-0.0982165844055416
7.810882866054907,-2.805706337952823,8.442563076997459,-0.28322071300042584,-0.0982165844055416
7.810882866054907,-2.805706337952823,8.442563076997459,-0.28322071300042584,-0.0982165844055416
7.810882866054907,-2.805706337952823,8.442563076997459,-0.28322071300042584,-0.0982165844055416
7.810882866054907,-2.805706337952823,8.442563076997459,-0.28322071300042584,-0.0982165844055416
7.810882866054907,-2.805706337952823,8.442563076997459,-0.28322071300042584,-0.0982165844055416
7.810882866054907,-2.805706337952823,8.442563076997459,-0.28322071300042584,-0.0982165844055416
7.810882866054907,-2.805706337952823,8.442563076997459,-0.28322071300042584,-0.0982165844055416
7.810882866054907,-2.805706337952823,8.442563076997459,-0.28322071300042584,-0.0982165844055416
7.810882866054907,-2.805706337952823,8.442563076997459,-0.28322071300042584,-0.0982165844055416
7.810882866054907,-2.805706337952823,8.442563076997459,-0.28322071300042584,-0.0982165844055416
7.810882866054907,-2.805706337952823,8.442563076997459,-0.28322071300042584,-0.0982165844055416
7.810882866054907,-2.805706337952823,8.442563076997459,-0.28322071300042584,-0.0982165844055416
7.77084885015517,-2.79813983187415,8.532588045861006,-0.2756542069217529,-0.008191615541994324
7.77084885015517,-2.79813983187415,8.532588045861006,-0.2756542069217529,-0.008191615541994324
7.77084885015517,-2.79813983187415,8.532588045861006,-0.2756542069217529,-0.008191615541994324
7.77084885015517,-2.79813983187415,8.532588045861006,-0.2756542069217529,-0.008191615541994324
7.77084885015517,-2.79813983187415,8.532588045861006,-0.2756542069217529,-0.008191615541994324
7.77084885015517,-2.79813983187415,8.532588045861006,-0.2756542069217529,-0.008191615541994324
7.77084885015517,-2.79813983187415,8.532588045861006,-0.2756542069217529,-0.008191615541994324
7.77084885015517,-2.79813983187415,8.532588045861006,-0.2756542069217529,-0.008191615541994324
7.77084885015517,-2.79813983187415,8.532588045861006,-0.2756542069217529,-0.008191615541994324
7.762588239754091,-2.7980955788691286,8.523671015309933,-0.2756099539167316,-0.017108646093067392
7.762588239754091,-2.7980955788691286,8.523671015309933,-0.2756099539167316,-0.017108646093067392
7.762588239754091,-2.7980955788691286,8.523671015309933,-0.2756099539167316,-0.017108646093067392
7.762588239754091,-2.7980955788691286,8.523671015309933,-0.2756099539167316,-0.017108646093067392
7.762588239754091,-2.7980955788691286,8.523671015309933,-0.2756099539167316,-0.017108646093067392
7.762588239754091,-2.7980955788691286,8.523671015309933,-0.2756099539167316,-0.017108646093067392
7.762588239754091,-2.7980955788691286,8.523671015309933,-0.2756099539167316,-0.017108646093067392
7.762588239754091,-2.7980955788691286,8.523671015309933,-0.2756099539167316,-0.017108646093067392
7.762588239754091,-2.7980955788691286,8.523671015309933,-0.2756099539167316,-0.017108646093067392
7.762588239754091,-2.7980955788691286,8.523671015309933,-0.2756099539167316,-0.017108646093067392
7.762588239754091,-2.7980955788691286,8.523671015309933,-0.2756099539167316,-0.017108646093067392
7.762588239754091,-2.7980955788691286,8.523671015309933,-0.2756099539167316,-0.017108646093067392
7.762588239754091,-2.7980955788691286,8.523671015309933,-0.2756099539167316,-0.017108646093067392
7.762588239754091,-2.7980955788691286,8.523671015309933,-0.2756099539167316,-0.017108646093067392
7.762588239754091,-2.7980955788691286,8.523671015309933,-0.2756099539167316,-0.017108646093067392
7.762588239754091,-2.7980955788691286,8.523671015309933,-0.2756099539167316,-0.017108646093067392
7.762588239754091,-2.7980955788691286,8.523671015309933,-0.2756099539167316,-0.017108646093067392
7.762588239754091,-2.7980955788691286,8.523671015309933,-0.2756099539167316,-0.017108646093067392
7.762588239754091,-2.7980955788691286,8.523671015309933,-0.2756099539167316,-0.017108646093067392
7.762588239754091,-2.7980955788691286,8.523671015309933,-0.2756099539167316,-0.017108646093067392
7.762588239754091,-2.7980955788691286,8.523671015309933,-0.2756099539167316,-0.017108646093067392
7.762588239754091,-2.7980955788691286,8.523671015309933,-0.2756099539167316,-0.017108646093067392
7.7318536318462945,-2.7978134790622744,8.500544995484825,-0.27532785410987737,-0.040234665918175594
7.7318536318462945,-2.7978134790622744,8.500544995484825,-0.27532785410987737,-0.040234665918175594
7.7318536318462945,-2.7978134790622744,8.500544995484825,-0.27532785410987737,-0.040234665918175594
7.7318536318462945,-2.7978134790622744,8.500544995484825,-0.27532785410987737,-0.040234665918175594
7.7318536318462945,-2.7978134790622744,8.500544995484825,-0.27532785410987737,-0.040234665918175594
7.7318536318462945,-2.7978134790622744,8.500544995484825,-0.27532785410987737,-0.040234665918175594
7.7318536318462945,-2.7978134790622744,8.500544995484825,-0.27532785410987737,-0.040234665918175594
7.7318536318462945,-2.7978134790622744,8.500544995484825,-0.27532785410987737,-0.040234665918175594
7.7318536318462945,-2.7978134790622744,8.500544995484825,-0.27532785410987737,-0.040234665918175594
7.7318536318462945,-2.7978134790622744,8.500544995484825,-0.27532785410987737,-0.040234665918175594
7.7318536318462945,-2.7978134790622744,8.500544995484825,-0.27532785410987737,-0.040234665918175594
7.7318536318462945,-2.7978134790622744,8.500544995484825,-0.27532785410987737,-0.040234665918175594
7.7318536318462945,-2.7978134790622744,8.500544995484825,-0.27532785410987737,-0.040234665918175594
7.7318536318462945,-2.7978134790622744,8.500544995484825,-0.27532785410987737,-0.040234665918175594
7.7318536318462945,-2.7978134790622744,8.500544995484825,-0.27532785410987737,-0.040234665918175594
7.7318536318462945,-2.7978134790622744,8.500544995484825,-0.27532785410987737,-0.040234665918175594
7.7318536318462945,-2.7978134790622744,8.500544995484825,-0.27532785410987737,-0.040234665918175594
7.7318536318462945,-2.7978134790622744,8.500544995484825,-0.27532785410987737,-0.040234665918175594
7.7318536318462945,-2.7978134790622744,8.500544995484825,-0.27532785410987737,-0.040234665918175594
7.7318536318462945,-2.7978134790622744,8.500544995484825,-0.27532785410987737,-0.040234665918175594
7.7318536318462945,-2.7978134790622744,8.500544995484825,-0.27532785410987737,-0.040234665918175594
7.7318536318462945,-2.7978134790622744,8.500544995484825,-0.27532785410987737,-0.040234665918175594
7.7318536318462945,-2.7978134790622744,8.500544995484825,-0.27532785410987737,-0.040234665918175594
7.7318536318462945,-2.7978134790622744,8.500544995484825,-0.27532785410987737,-0.040234665918175594
7.7318536318462945,-2.7978134790622744,8.500544995484825,-0.27532785410987737,-0.040234665918175594
7.7318536318462945,-2.7978134790622744,8.500544995484825,-0.27532785410987737,-0.040234665918175594
7.7318536318462945,-2.7978134790622744,8.500544995484825,-0.27532785410987737,-0.040234665918175594
7.7318536318462945,-2.7978134790622744,8.500544995484825,-0.27532785410987737,-0.040234665918175594
7.7318536318462945,-2.7978134790622744,8.500544995484825,-0.27532785410987737,-0.040234665918175594
7.7318536318462945,-2.7978134790622744,8.500544995484825,-0.27532785410987737,-0.040234665918175594
7.7318536318462945,-2.7978134790622744,8.500544995484825,-0.27532785410987737,-0.040234665918175594
7.7318536318462945,-2.7978134790622744,8.500544995484825,-0.27532785410987737,-0.040234665918175594
7.7318536318462945,-2.7978134790622744,8.500544995484825,-0.27532785410987737,-0.040234665918175594
7.776842058854478,-2.7963330070626364,8.553819363791057,-0.2738473821102394,0.013039702388056185
7.776842058854478,-2.7963330070626364,8.553819363791057,-0.2738473821102394,0.013039702388056185
7.776842058854478,-2.7963330070626364,8.553819363791057,-0.2738473821102394,0.013039702388056185
7.776842058854478,-2.7963330070626364,8.553819363791057,-0.2738473821102394,0.013039702388056185
7.776842058854478,-2.7963330070626364,8.553819363791057,-0.2738473821102394,0.013039702388056185
7.776842058854478,-2.7963330070626364,8.553819363791057,-0.2738473821102394,0.013039702388056185
7.776842058854478,-2.7963330070626364,8.553819363791057,-0.2738473821102394,0.013039702388056185
7.776842058854478,-2.7963330070626364,8.553819363791057,-0.2738473821102394,0.013039702388056185
7.776842058854478,-2.7963330070626364,8.553819363791057,-0.2738473821102394,0.013039702388056185
7.776842058854478,-2.7963330070626364,8.553819363791057,-0.2738473821102394,0.013039702388056185
7.776842058854478,-2.7963330070626364,8.553819363791057,-0.2738473821102394,0.013039702388056185
7.776842058854478,-2.7963330070626364,8.553819363791057,-0.2738473821102394,0.013039702388056185
7.776842058854478,-2.7963330070626364,8.553819363791057,-0.2738473821102394,0.013039702388056185
7.776842058854478,-2.7963330070626364,8.553819363791057,-0.2738473821102394,0.013039702388056185
7.776842058854478,-2.7963330070626364,8.553819363791057,-0.2738473821102394,0.013039702388056185
7.776842058854478,-2.7963330070626364,8.553819363791057,-0.2738473821102394,0.013039702388056185
7.723099283265354,-2.7952747575440897,8.499047439210239,-0.2727891325916927,-0.041732222192761625
7.723099283265354,-2.7952747575440897,8.499047439210239,-0.2727891325916927,-0.041732222192761625
7.723099283265354,-2.7952747575440897,8.499047439210239,-0.2727891325916927,-0.041732222192761625
7.723099283265354,-2.7952747575440897,8.499047439210239,-0.2727891325916927,-0.041732222192761625
7.723099283265354,-2.7952747575440897,8.499047439210239,-0.2727891325916927,-0.041732222192761625
7.723099283265354,-2.7952747575440897,8.499047439210239,-0.2727891325916927,-0.041732222192761625
7.723099283265354,-2.7952747575440897,8.499047439210239,-0.2727891325916927,-0.041732222192761625
7.723099283265354,-2.7952747575440897,8.499047439210239,-0.2727891325916927,-0.041732222192761625
7.723099283265354,-2.7952747575440897,8.499047439210239,-0.2727891325916927,-0.041732222192761625
7.723099283265354,-2.7952747575440897,8.499047439210239,-0.2727891325916927,-0.041732222192761625
7.723099283265354,-2.7952747575440897,8.499047439210239,-0.2727891325916927,-0.041732222192761625
7.723099283265354,-2.7952747575440897,8.499047439210239,-0.2727891325916927,-0.041732222192761625
7.723099283265354,-2.7952747575440897,8.499047439210239,-0.2727891325916927,-0.041732222192761625
7.723099283265354,-2.7952747575440897,8.499047439210239,-0.2727891325916927,-0.041732222192761625
7.723099283265354,-2.7952747575440897,8.499047439210239,-0.2727891325916927,-0.041732222192761625
7.723099283265354,-2.7952747575440897,8.499047439210239,-0.2727891325916927,-0.041732222192761625
7.737158218140763,-2.79118636191496,8.512832896078104,-0.2687007369625629,-0.027946765324896816
7.737158218140763,-2.79118636191496,8.512832896078104,-0.2687007369625629,-0.027946765324896816
7.737158218140763,-2.79118636191496,8.512832896078104,-0.2687007369625629,-0.027946765324896816
7.737158218140763,-2.79118636191496,8.512832896078104,-0.2687007369625629,-0.027946765324896816
7.737158218140763,-2.79118636191496,8.512832896078104,-0.2687007369625629,-0.027946765324896816
7.737158218140763,-2.79118636191496,8.512832896078104,-0.2687007369625629,-0.027946765324896816
7.737158218140763,-2.79118636191496,8.512832896078104,-0.2687007369625629,-0.027946765324896816
7.737158218140763,-2.79118636191496,8.512832896078104,-0.2687007369625629,-0.027946765324896816
7.737158218140763,-2.79118636191496,8.512832896078104,-0.2687007369625629,-0.027946765324896816
7.737158218140763,-2.79118636191496,8.512832896078104,-0.2687007369625629,-0.027946765324896816
7.737158218140763,-2.79118636191496,8.512832896078104,-0.2687007369625629,-0.027946765324896816
7.688370283345406,-2.7880779435588425,8.50076962075432,-0.2655923186064455,-0.040010040648679635
7.688370283345406,-2.7880779435588425,8.50076962075432,-0.2655923186064455,-0.040010040648679635
7.688370283345406,-2.7880779435588425,8.50076962075432,-0.2655923186064455,-0.040010040648679635
7.688370283345406,-2.7880779435588425,8.50076962075432,-0.2655923186064455,-0.040010040648679635
7.688370283345406,-2.7880779435588425,8.50076962075432,-0.2655923186064455,-0.040010040648679635
7.688370283345406,-2.7880779435588425,8.50076962075432,-0.2655923186064455,-0.040010040648679635
7.688370283345406,-2.7880779435588425,8.50076962075432,-0.2655923186064455,-0.040010040648679635
7.688370283345406,-2.7880779435588425,8.50076962075432,-0.2655923186064455,-0.040010040648679635
7.688370283345406,-2.7880779435588425,8.50076962075432,-0.2655923186064455,-0.040010040648679635
7.688370283345406,-2.7880779435588425,8.50076962075432,-0.2655923186064455,-0.040010040648679635
7.688370283345406,-2.7880779435588425,8.50076962075432,-0.2655923186064455,-0.040010040648679635
7.688370283345406,-2.7880779435588425,8.50076962075432,-0.2655923186064455,-0.040010040648679635
7.688370283345406,-2.7880779435588425,8.50076962075432,-0.2655923186064455,-0.040010040648679635
7.688370283345406,-2.7880779435588425,8.50076962075432,-0.2655923186064455,-0.040010040648679635
7.688370283345406,-2.7880779435588425,8.50076962075432,-0.2655923186064455,-0.040010040648679635
7.688370283345406,-2.7880779435588425,8.50076962075432,-0.2655923186064455,-0.040010040648679635
7.688370283345406,-2.7880779435588425,8.50076962075432,-0.2655923186064455,-0.040010040648679635
7.688370283345406,-2.7880779435588425,8.50076962075432,-0.2655923186064455,-0.040010040648679635
7.688370283345406,-2.7880779435588425,8.50076962075432,-0.2655923186064455,-0.040010040648679635
7.688370283345406,-2.7880779435588425,8.50076962075432,-0.2655923186064455,-0.040010040648679635
7.688370283345406,-2.7880779435588425,8.50076962075432,-0.2655923186064455,-0.040010040648679635
7.688370283345406,-2.7880779435588425,8.50076962075432,-0.2655923186064455,-0.040010040648679635
7.688370283345406,-2.7880779435588425,8.50076962075432,-0.2655923186064455,-0.040010040648679635
7.688370283345406,-2.7880779435588425,8.50076962075432,-0.2655923186064455,-0.040010040648679635
7.688370283345406,-2.7880779435588425,8.50076962075432,-0.2655923186064455,-0.040010040648679635
7.746065769097112,-2.779393193035368,8.52207984028801,-0.2569075680829709,-0.01869982111499091
7.746065769097112,-2.779393193035368,8.52207984028801,-0.2569075680829709,-0.01869982111499091
7.746065769097112,-2.779393193035368,8.52207984028801,-0.2569075680829709,-0.01869982111499091
7.746065769097112,-2.779393193035368,8.52207984028801,-0.2569075680829709,-0.01869982111499091
7.746065769097112,-2.779393193035368,8.52207984028801,-0.2569075680829709,-0.01869982111499091
7.746065769097112,-2.779393193035368,8.52207984028801,-0.2569075680829709,-0.01869982111499091
7.746065769097112,-2.779393193035368,8.52207984028801,-0.2569075680829709,-0.01869982111499091
7.746065769097112,-2.779393193035368,8.52207984028801,-0.2569075680829709,-0.01869982111499091
7.746065769097112,-2.779393193035368,8.52207984028801,-0.2569075680829709,-0.01869982111499091
7.746065769097112,-2.779393193035368,8.52207984028801,-0.2569075680829709,-0.01869982111499091
7.746065769097112,-2.779393193035368,8.52207984028801,-0.2569075680829709,-0.01869982111499091
7.746065769097112,-2.779393193035368,8.52207984028801,-0.2569075680829709,-0.01869982111499091
7.746065769097112,-2.779393193035368,8.52207984028801,-0.2569075680829709,-0.01869982111499091
7.746065769097112,-2.779393193035368,8.52207984028801,-0.2569075680829709,-0.01869982111499091
7.746065769097112,-2.779393193035368,8.52207984028801,-0.2569075680829709,-0.01869982111499091
7.746065769097112,-2.779393193035368,8.52207984028801,-0.2569075680829709,-0.01869982111499091
7.746065769097112,-2.779393193035368,8.52207984028801,-0.2569075680829709,-0.01869982111499091
7.746065769097112,-2.779393193035368,8.52207984028801,-0.2569075680829709,-0.01869982111499091
7.746065769097112,-2.779393193035368,8.52207984028801,-0.2569075680829709,-0.01869982111499091
7.746065769097112,-2.779393193035368,8.52207984028801,-0.2569075680829709,-0.01869982111499091
7.746065769097112,-2.779393193035368,8.52207984028801,-0.2569075680829709,-0.01869982111499091
7.746065769097112,-2.779393193035368,8.52207984028801,-0.2569075680829709,-0.01869982111499091
7.746065769097112,-2.779393193035368,8.52207984028801,-0.2569075680829709,-0.01869982111499091
7.746065769097112,-2.779393193035368,8.52207984028801,-0.2569075680829709,-0.01869982111499091
7.746065769097112,-2.779393193035368,8.52207984028801,-0.2569075680829709,-0.01869982111499091
7.746065769097112,-2.779393193035368,8.52207984028801,-0.2569075680829709,-0.01869982111499091
7.746065769097112,-2.779393193035368,8.52207984028801,-0.2569075680829709,-0.01869982111499091
7.746065769097112,-2.779393193035368,8.52207984028801,-0.2569075680829709,-0.01869982111499091
7.746065769097112,-2.779393193035368,8.52207984028801,-0.2569075680829709,-0.01869982111499091
7.746065769097112,-2.779393193035368,8.52207984028801,-0.2569075680829709,-0.01869982111499091
7.746065769097112,-2.779393193035368,8.52207984028801,-0.2569075680829709,-0.01869982111499091
7.746065769097112,-2.779393193035368,8.52207984028801,-0.2569075680829709,-0.01869982111499091
7.746065769097112,-2.779393193035368,8.52207984028801,-0.2569075680829709,-0.01869982111499091
7.746065769097112,-2.779393193035368,8.52207984028801,-0.2569075680829709,-0.01869982111499091
7.746065769097112,-2.779393193035368,8.52207984028801,-0.2569075680829709,-0.01869982111499091
7.746065769097112,-2.779393193035368,8.52207984028801,-0.2569075680829709,-0.01869982111499091
7.746065769097112,-2.779393193035368,8.52207984028801,-0.2569075680829709,-0.01869982111499091
7.746065769097112,-2.779393193035368,8.52207984028801,-0.2569075680829709,-0.01869982111499091
7.746065769097112,-2.779393193035368,8.52207984028801,-0.2569075680829709,-0.01869982111499091
7.784098970007695,-2.7784675595306147,8.561397620383728,-0.2559819345782177,0.02061795898072738
7.784098970007695,-2.7784675595306147,8.561397620383728,-0.2559819345782177,0.02061795898072738
7.784098970007695,-2.7784675595306147,8.561397620383728,-0.2559819345782177,0.02061795898072738
7.784098970007695,-2.7784675595306147,8.561397620383728,-0.2559819345782177,0.02061795898072738
7.784098970007695,-2.7784675595306147,8.561397620383728,-0.2559819345782177,0.02061795898072738
7.784098970007695,-2.7784675595306147,8.561397620383728,-0.2559819345782177,0.02061795898072738
7.784098970007695,-2.7784675595306147,8.561397620383728,-0.2559819345782177,0.02061795898072738
7.784098970007695,-2.7784675595306147,8.561397620383728,-0.2559819345782177,0.02061795898072738
7.66666963128512,-2.7763550847714,8.504766244163738,-0.2538694598190028,-0.036013417239262324
7.66666963128512,-2.7763550847714,8.504766244163738,-0.2538694598190028,-0.036013417239262324
7.66666963128512,-2.7763550847714,8.504766244163738,-0.2538694598190028,-0.036013417239262324
7.66666963128512,-2.7763550847714,8.504766244163738,-0.2538694598190028,-0.036013417239262324
7.66666963128512,-2.7763550847714,8.504766244163738,-0.2538694598190028,-0.036013417239262324
7.66666963128512,-2.7763550847714,8.504766244163738,-0.2538694598190028,-0.036013417239262324
7.66666963128512,-2.7763550847714,8.504766244163738,-0.2538694598190028,-0.036013417239262324
7.66666963128512,-2.7763550847714,8.504766244163738,-0.2538694598190028,-0.036013417239262324
7.66666963128512,-2.7763550847714,8.504766244163738,-0.2538694598190028,-0.036013417239262324
7.66666963128512,-2.7763550847714,8.504766244163738,-0.2538694598190028,-0.036013417239262324
7.66666963128512,-2.7763550847714,8.504766244163738,-0.2538694598190028,-0.036013417239262324
7.66666963128512,-2.7763550847714,8.504766244163738,-0.2538694598190028,-0.036013417239262324
7.66666963128512,-2.7763550847714,8.504766244163738,-0.2538694598190028,-0.036013417239262324
7.66666963128512,-2.7763550847714,8.504766244163738,-0.2538694598190028,-0.036013417239262324
7.66666963128512,-2.7763550847714,8.504766244163738,-0.2538694598190028,-0.036013417239262324
7.66666963128512,-2.7763550847714,8.504766244163738,-0.2538694598190028,-0.036013417239262324
7.66666963128512,-2.7763550847714,8.504766244163738,-0.2538694598190028,-0.036013417239262324
7.653886166589747,-2.7750656235115536,8.50384904868018,-0.2525799985591566,-0.036930612722819944
7.653886166589747,-2.7750656235115536,8.50384904868018,-0.2525799985591566,-0.036930612722819944
7.653886166589747,-2.7750656235115536,8.50384904868018,-0.2525799985591566,-0.036930612722819944
7.653886166589747,-2.7750656235115536,8.50384904868018,-0.2525799985591566,-0.036930612722819944
7.653886166589747,-2.7750656235115536,8.50384904868018,-0.2525799985591566,-0.036930612722819944
7.653886166589747,-2.7750656235115536,8.50384904868018,-0.2525799985591566,-0.036930612722819944
7.653886166589747,-2.7750656235115536,8.50384904868018,-0.2525799985591566,-0.036930612722819944
7.653886166589747,-2.7750656235115536,8.50384904868018,-0.2525799985591566,-0.036930612722819944
7.653886166589747,-2.7750656235115536,8.50384904868018,-0.2525799985591566,-0.036930612722819944
7.653886166589747,-2.7750656235115536,8.50384904868018,-0.2525799985591566,-0.036930612722819944
7.653886166589747,-2.7750656235115536,8.50384904868018,-0.2525799985591566,-0.036930612722819944
7.653886166589747,-2.7750656235115536,8.50384904868018,-0.2525799985591566,-0.036930612722819944
7.653886166589747,-2.7750656235115536,8.50384904868018,-0.2525799985591566,-0.036930612722819944
7.653886166589747,-2.7750656235115536,8.50384904868018,-0.2525799985591566,-0.036930612722819944
7.653886166589747,-2.7750656235115536,8.50384904868018,-0.2525799985591566,-0.036930612722819944
7.763364176548618,-2.7720422158593396,8.558233694366189,-0.2495565909069426,0.01745403296318848
7.763364176548618,-2.7720422158593396,8.558233694366189,-0.2495565909069426,0.01745403296318848
7.763364176548618,-2.7720422158593396,8.558233694366189,-0.2495565909069426,0.01745403296318848
7.763364176548618,-2.7720422158593396,8.558233694366189,-0.2495565909069426,0.01745403296318848
7.763364176548618,-2.7720422158593396,8.558233694366189,-0.2495565909069426,0.01745403296318848
7.763364176548618,-2.7720422158593396,8.558233694366189,-0.2495565909069426,0.01745403296318848
7.763364176548618,-2.7720422158593396,8.558233694366189,-0.2495565909069426,0.01745403296318848
7.763364176548618,-2.7720422158593396,8.558233694366189,-0.2495565909069426,0.01745403296318848
7.763364176548618,-2.7720422158593396,8.558233694366189,-0.2495565909069426,0.01745403296318848
7.763364176548618,-2.7720422158593396,8.558233694366189,-0.2495565909069426,0.01745403296318848
7.763364176548618,-2.7720422158593396,8.558233694366189,-0.2495565909069426,0.01745403296318848
7.763364176548618,-2.7720422158593396,8.558233694366189,-0.2495565909069426,0.01745403296318848
7.763364176548618,-2.7720422158593396,8.558233694366189,-0.2495565909069426,0.01745403296318848
7.829636834013435,-2.7685733884720607,8.545708417851369,-0.24608776351966366,0.004928756448368432
7.829636834013435,-2.7685733884720607,8.545708417851369,-0.24608776351966366,0.004928756448368432
7.829636834013435,-2.7685733884720607,8.545708417851369,-0.24608776351966366,0.004928756448368432
7.829636834013435,-2.7685733884720607,8.545708417851369,-0.24608776351966366,0.004928756448368432
7.829636834013435,-2.7685733884720607,8.545708417851369,-0.24608776351966366,0.004928756448368432
7.829636834013435,-2.7685733884720607,8.545708417851369,-0.24608776351966366,0.004928756448368432
7.829636834013435,-2.7685733884720607,8.545708417851369,-0.24608776351966366,0.004928756448368432
7.682335574271714,-2.764580266729832,8.531941767603042,-0.242094641777435,-0.008837893799958252
7.682335574271714,-2.764580266729832,8.531941767603042,-0.242094641777435,-0.008837893799958252
7.682335574271714,-2.764580266729832,8.531941767603042,-0.242094641777435,-0.008837893799958252
7.682335574271714,-2.764580266729832,8.531941767603042,-0.242094641777435,-0.008837893799958252
7.682335574271714,-2.764580266729832,8.531941767603042,-0.242094641777435,-0.008837893799958252
7.682335574271714,-2.764580266729832,8.531941767603042,-0.242094641777435,-0.008837893799958252
7.682335574271714,-2.764580266729832,8.531941767603042,-0.242094641777435,-0.008837893799958252
7.682335574271714,-2.764580266729832,8.531941767603042,-0.242094641777435,-0.008837893799958252
7.682335574271714,-2.764580266729832,8.531941767603042,-0.242094641777435,-0.008837893799958252
7.682335574271714,-2.764580266729832,8.531941767603042,-0.242094641777435,-0.008837893799958252
7.682335574271714,-2.764580266729832,8.531941767603042,-0.242094641777435,-0.008837893799958252
7.682335574271714,-2.764580266729832,8.531941767603042,-0.242094641777435,-0.008837893799958252
7.682335574271714,-2.764580266729832,8.531941767603042,-0.242094641777435,-0.008837893799958252
7.682335574271714,-2.764580266729832,8.531941767603042,-0.242094641777435,-0.008837893799958252
7.682335574271714,-2.764580266729832,8.531941767603042,-0.242094641777435,-0.008837893799958252
7.682335574271714,-2.764580266729832,8.531941767603042,-0.242094641777435,-0.008837893799958252
7.682335574271714,-2.764580266729832,8.531941767603042,-0.242094641777435,-0.008837893799958252
7.682335574271714,-2.764580266729832,8.531941767603042,-0.242094641777435,-0.008837893799958252
7.682335574271714,-2.764580266729832,8.531941767603042,-0.242094641777435,-0.008837893799958252
7.682335574271714,-2.764580266729832,8.531941767603042,-0.242094641777435,-0.008837893799958252
7.682335574271714,-2.764580266729832,8.531941767603042,-0.242094641777435,-0.008837893799958252
7.80582516745337,-2.752951097625088,8.51483620339355,-0.2304654726726909,-0.025943458009450637
7.80582516745337,-2.752951097625088,8.51483620339355,-0.2304654726726909,-0.025943458009450637
7.80582516745337,-2.752951097625088,8.51483620339355,-0.2304654726726909,-0.025943458009450637
7.80582516745337,-2.752951097625088,8.51483620339355,-0.2304654726726909,-0.025943458009450637
7.80582516745337,-2.752951097625088,8.51483620339355,-0.2304654726726909,-0.025943458009450637
7.80582516745337,-2.752951097625088,8.51483620339355,-0.2304654726726909,-0.025943458009450637
7.80582516745337,-2.752951097625088,8.51483620339355,-0.2304654726726909,-0.025943458009450637
7.80582516745337,-2.752951097625088,8.51483620339355,-0.2304654726726909,-0.025943458009450637
7.80582516745337,-2.752951097625088,8.51483620339355,-0.2304654726726909,-0.025943458009450637
7.80582516745337,-2.752951097625088,8.51483620339355,-0.2304654726726909,-0.025943458009450637
7.80582516745337,-2.752951097625088,8.51483620339355,-0.2304654726726909,-0.025943458009450637
7.80582516745337,-2.752951097625088,8.51483620339355,-0.2304654726726909,-0.025943458009450637
7.80582516745337,-2.752951097625088,8.51483620339355,-0.2304654726726909,-0.025943458009450637
7.80582516745337,-2.752951097625088,8.51483620339355,-0.2304654726726909,-0.025943458009450637
7.80582516745337,-2.752951097625088,8.51483620339355,-0.2304654726726909,-0.025943458009450637
7.679820360908491,-2.750354183856117,8.601312530392056,-0.22786855890372015,0.06053286898905519
7.679820360908491,-2.750354183856117,8.601312530392056,-0.22786855890372015,0.06053286898905519
7.679820360908491,-2.750354183856117,8.601312530392056,-0.22786855890372015,0.06053286898905519
7.679820360908491,-2.750354183856117,8.601312530392056,-0.22786855890372015,0.06053286898905519
7.679820360908491,-2.750354183856117,8.601312530392056,-0.22786855890372015,0.06053286898905519
7.679820360908491,-2.750354183856117,8.601312530392056,-0.22786855890372015,0.06053286898905519
7.679820360908491,-2.750354183856117,8.601312530392056,-0.22786855890372015,0.06053286898905519
7.679820360908491,-2.750354183856117,8.601312530392056,-0.22786855890372015,0.06053286898905519
7.679820360908491,-2.750354183856117,8.601312530392056,-0.22786855890372015,0.06053286898905519
7.679820360908491,-2.750354183856117,8.601312530392056,-0.22786855890372015,0.06053286898905519
7.679820360908491,-2.750354183856117,8.601312530392056,-0.22786855890372015,0.06053286898905519
7.679820360908491,-2.750354183856117,8.601312530392056,-0.22786855890372015,0.06053286898905519
7.679820360908491,-2.750354183856117,8.601312530392056,-0.22786855890372015,0.06053286898905519
7.679820360908491,-2.750354183856117,8.601312530392056,-0.22786855890372015,0.06053286898905519
7.679820360908491,-2.750354183856117,8.601312530392056,-0.22786855890372015,0.06053286898905519
7.679820360908491,-2.750354183856117,8.601312530392056,-0.22786855890372015,0.06053286898905519
7.679820360908491,-2.750354183856117,8.601312530392056,-0.22786855890372015,0.06053286898905519
7.679820360908491,-2.750354183856117,8.601312530392056,-0.22786855890372015,0.06053286898905519
7.679820360908491,-2.750354183856117,8.601312530392056,-0.22786855890372015,0.06053286898905519
7.679820360908491,-2.750354183856117,8.601312530392056,-0.22786855890372015,0.06053286898905519
7.679820360908491,-2.750354183856117,8.601312530392056,-0.22786855890372015,0.06053286898905519
7.679820360908491,-2.750354183856117,8.601312530392056,-0.22786855890372015,0.06053286898905519
7.679820360908491,-2.750354183856117,8.601312530392056,-0.22786855890372015,0.06053286898905519
7.741375248317609,-2.750174191888042,8.461596139491375,-0.22768856693564477,-0.07918352191162548
7.741375248317609,-2.750174191888042,8.461596139491375,-0.22768856693564477,-0.07918352191162548
7.741375248317609,-2.750174191888042,8.461596139491375,-0.22768856693564477,-0.07918352191162548
7.741375248317609,-2.750174191888042,8.461596139491375,-0.22768856693564477,-0.07918352191162548
7.741375248317609,-2.750174191888042,8.461596139491375,-0.22768856693564477,-0.07918352191162548
7.741375248317609,-2.750174191888042,8.461596139491375,-0.22768856693564477,-0.07918352191162548
7.741375248317609,-2.750174191888042,8.461596139491375,-0.22768856693564477,-0.07918352191162548
7.741375248317609,-2.750174191888042,8.461596139491375,-0.22768856693564477,-0.07918352191162548
7.741375248317609,-2.750174191888042,8.461596139491375,-0.22768856693564477,-0.07918352191162548
7.741375248317609,-2.750174191888042,8.461596139491375,-0.22768856693564477,-0.07918352191162548
7.741375248317609,-2.750174191888042,8.461596139491375,-0.22768856693564477,-0.07918352191162548
7.741375248317609,-2.750174191888042,8.461596139491375,-0.22768856693564477,-0.07918352191162548
7.741375248317609,-2.750174191888042,8.461596139491375,-0.22768856693564477,-0.07918352191162548
7.741375248317609,-2.750174191888042,8.461596139491375,-0.22768856693564477,-0.07918352191162548
7.741375248317609,-2.750174191888042,8.461596139491375,-0.22768856693564477,-0.07918352191162548
7.691155180863655,-2.747931714946575,8.471403859213169,-0.22544608999417814,-0.06937580218983186
7.691155180863655,-2.747931714946575,8.471403859213169,-0.22544608999417814,-0.06937580218983186
7.691155180863655,-2.747931714946575,8.471403859213169,-0.22544608999417814,-0.06937580218983186
7.691155180863655,-2.747931714946575,8.471403859213169,-0.22544608999417814,-0.06937580218983186
7.691155180863655,-2.747931714946575,8.471403859213169,-0.22544608999417814,-0.06937580218983186
7.691155180863655,-2.747931714946575,8.471403859213169,-0.22544608999417814,-0.06937580218983186
7.691155180863655,-2.747931714946575,8.471403859213169,-0.22544608999417814,-0.06937580218983186
7.691155180863655,-2.747931714946575,8.471403859213169,-0.22544608999417814,-0.06937580218983186
7.691155180863655,-2.747931714946575,8.471403859213169,-0.22544608999417814,-0.06937580218983186
7.691155180863655,-2.747931714946575,8.471403859213169,-0.22544608999417814,-0.06937580218983186
7.691155180863655,-2.747931714946575,8.471403859213169,-0.22544608999417814,-0.06937580218983186
7.691155180863655,-2.747931714946575,8.471403859213169,-0.22544608999417814,-0.06937580218983186
7.691155180863655,-2.747931714946575,8.471403859213169,-0.22544608999417814,-0.06937580218983186
7.691155180863655,-2.747931714946575,8.471403859213169,-0.22544608999417814,-0.06937580218983186
7.691155180863655,-2.747931714946575,8.471403859213169,-0.22544608999417814,-0.06937580218983186
7.691155180863655,-2.747931714946575,8.471403859213169,-0.22544608999417814,-0.06937580218983186
7.691155180863655,-2.747931714946575,8.471403859213169,-0.22544608999417814,-0.06937580218983186
7.691155180863655,-2.747931714946575,8.471403859213169,-0.22544608999417814,-0.06937580218983186
7.723982640346605,-2.740126426865302,8.499730642856333,-0.2176408019129048,-0.041049018546667426
7.723982640346605,-2.740126426865302,8.499730642856333,-0.2176408019129048,-0.041049018546667426
7.723982640346605,-2.740126426865302,8.499730642856333,-0.2176408019129048,-0.041049018546667426
7.723982640346605,-2.740126426865302,8.499730642856333,-0.2176408019129048,-0.041049018546667426
7.723982640346605,-2.740126426865302,8.499730642856333,-0.2176408019129048,-0.041049018546667426
7.723982640346605,-2.740126426865302,8.499730642856333,-0.2176408019129048,-0.041049018546667426
7.723982640346605,-2.740126426865302,8.499730642856333,-0.2176408019129048,-0.041049018546667426
7.723982640346605,-2.740126426865302,8.499730642856333,-0.2176408019129048,-0.041049018546667426
7.723982640346605,-2.740126426865302,8.499730642856333,-0.2176408019129048,-0.041049018546667426
7.723982640346605,-2.740126426865302,8.499730642856333,-0.2176408019129048,-0.041049018546667426
7.723982640346605,-2.740126426865302,8.499730642856333,-0.2176408019129048,-0.041049018546667426
7.6635370896079165,-2.7346099916128024,8.568391944423782,-0.21212436666040535,0.027612283020781447
7.6635370896079165,-2.7346099916128024,8.568391944423782,-0.21212436666040535,0.027612283020781447
7.6635370896079165,-2.7346099916128024,8.568391944423782,-0.21212436666040535,0.027612283020781447
7.6635370896079165,-2.7346099916128024,8.568391944423782,-0.21212436666040535,0.027612283020781447
7.6635370896079165,-2.7346099916128024,8.568391944423782,-0.21212436666040535,0.027612283020781447
7.6635370896079165,-2.7346099916128024,8.568391944423782,-0.21212436666040535,0.027612283020781447
7.6635370896079165,-2.7346099916128024,8.568391944423782,-0.21212436666040535,0.027612283020781447
7.6635370896079165,-2.7346099916128024,8.568391944423782,-0.21212436666040535,0.027612283020781447
7.6635370896079165,-2.7346099916128024,8.568391944423782,-0.21212436666040535,0.027612283020781447
7.6635370896079165,-2.7346099916128024,8.568391944423782,-0.21212436666040535,0.027612283020781447
7.6635370896079165,-2.7346099916128024,8.568391944423782,-0.21212436666040535,0.027612283020781447
7.6635370896079165,-2.7346099916128024,8.568391944423782,-0.21212436666040535,0.027612283020781447
7.6635370896079165,-2.7346099916128024,8.568391944423782,-0.21212436666040535,0.027612283020781447
7.6635370896079165,-2.7346099916128024,8.568391944423782,-0.21212436666040535,0.027612283020781447
7.6635370896079165,-2.7346099916128024,8.568391944423782,-0.21212436666040535,0.027612283020781447
7.6635370896079165,-2.7346099916128024,8.568391944423782,-0.21212436666040535,0.027612283020781447
7.6635370896079165,-2.7346099916128024,8.568391944423782,-0.21212436666040535,0.027612283020781447
7.6635370896079165,-2.7346099916128024,8.568391944423782,-0.21212436666040535,0.027612283020781447
7.6635370896079165,-2.7346099916128024,8.568391944423782,-0.21212436666040535,0.027612283020781447
7.7444458140508985,-2.730585881073398,8.51667802629733,-0.2081002561210008,-0.024101635105671093
7.7444458140508985,-2.730585881073398,8.51667802629733,-0.2081002561210008,-0.024101635105671093
7.7444458140508985,-2.730585881073398,8.51667802629733,-0.2081002561210008,-0.024101635105671093
7.7444458140508985,-2.730585881073398,8.51667802629733,-0.2081002561210008,-0.024101635105671093
7.7444458140508985,-2.730585881073398,8.51667802629733,-0.2081002561210008,-0.024101635105671093
7.7444458140508985,-2.730585881073398,8.51667802629733,-0.2081002561210008,-0.024101635105671093
7.7444458140508985,-2.730585881073398,8.51667802629733,-0.2081002561210008,-0.024101635105671093
7.7444458140508985,-2.730585881073398,8.51667802629733,-0.2081002561210008,-0.024101635105671093
7.7444458140508985,-2.730585881073398,8.51667802629733,-0.2081002561210008,-0.024101635105671093
7.7444458140508985,-2.730585881073398,8.51667802629733,-0.2081002561210008,-0.024101635105671093
7.7444458140508985,-2.730585881073398,8.51667802629733,-0.2081002561210008,-0.024101635105671093
7.7444458140508985,-2.730585881073398,8.51667802629733,-0.2081002561210008,-0.024101635105671093
7.7444458140508985,-2.730585881073398,8.51667802629733,-0.2081002561210008,-0.024101635105671093
7.7444458140508985,-2.730585881073398,8.51667802629733,-0.2081002561210008,-0.024101635105671093
7.7444458140508985,-2.730585881073398,8.51667802629733,-0.2081002561210008,-0.024101635105671093
7.7444458140508985,-2.730585881073398,8.51667802629733,-0.2081002561210008,-0.024101635105671093
7.7444458140508985,-2.730585881073398,8.51667802629733,-0.2081002561210008,-0.024101635105671093
7.7444458140508985,-2.730585881073398,8.51667802629733,-0.2081002561210008,-0.024101635105671093
7.7444458140508985,-2.730585881073398,8.51667802629733,-0.2081002561210008,-0.024101635105671093
7.7444458140508985,-2.730585881073398,8.51667802629733,-0.2081002561210008,-0.024101635105671093
7.7444458140508985,-2.730585881073398,8.51667802629733,-0.2081002561210008,-0.024101635105671093
7.7444458140508985,-2.730585881073398,8.51667802629733,-0.2081002561210008,-0.024101635105671093
7.7444458140508985,-2.730585881073398,8.51667802629733,-0.2081002561210008,-0.024101635105671093
7.7444458140508985,-2.730585881073398,8.51667802629733,-0.2081002561210008,-0.024101635105671093
7.7444458140508985,-2.730585881073398,8.51667802629733,-0.2081002561210008,-0.024101635105671093
7.7444458140508985,-2.730585881073398,8.51667802629733,-0.2081002561210008,-0.024101635105671093
7.7444458140508985,-2.730585881073398,8.51667802629733,-0.2081002561210008,-0.024101635105671093
7.7444458140508985,-2.730585881073398,8.51667802629733,-0.2081002561210008,-0.024101635105671093
7.7444458140508985,-2.730585881073398,8.51667802629733,-0.2081002561210008,-0.024101635105671093
7.7444458140508985,-2.730585881073398,8.51667802629733,-0.2081002561210008,-0.024101635105671093
7.7444458140508985,-2.730585881073398,8.51667802629733,-0.2081002561210008,-0.024101635105671093
7.7444458140508985,-2.730585881073398,8.51667802629733,-0.2081002561210008,-0.024101635105671093
7.7444458140508985,-2.730585881073398,8.51667802629733,-0.2081002561210008,-0.024101635105671093
7.7444458140508985,-2.730585881073398,8.51667802629733,-0.2081002561210008,-0.024101635105671093
7.7444458140508985,-2.730585881073398,8.51667802629733,-0.2081002561210008,-0.024101635105671093
7.7444458140508985,-2.730585881073398,8.51667802629733,-0.2081002561210008,-0.024101635105671093
7.690885382219584,-2.724799535588735,8.466304068867638,-0.20231391063633808,-0.07447559253536262
7.690885382219584,-2.724799535588735,8.466304068867638,-0.20231391063633808,-0.07447559253536262
7.690885382219584,-2.724799535588735,8.466304068867638,-0.20231391063633808,-0.07447559253536262
7.690885382219584,-2.724799535588735,8.466304068867638,-0.20231391063633808,-0.07447559253536262
7.690885382219584,-2.724799535588735,8.466304068867638,-0.20231391063633808,-0.07447559253536262
7.690885382219584,-2.724799535588735,8.466304068867638,-0.20231391063633808,-0.07447559253536262
7.690885382219584,-2.724799535588735,8.466304068867638,-0.20231391063633808,-0.07447559253536262
7.690885382219584,-2.724799535588735,8.466304068867638,-0.20231391063633808,-0.07447559253536262
7.690885382219584,-2.724799535588735,8.466304068867638,-0.20231391063633808,-0.07447559253536262
7.690885382219584,-2.724799535588735,8.466304068867638,-0.20231391063633808,-0.07447559253536262
7.690885382219584,-2.724799535588735,8.466304068867638,-0.20231391063633808,-0.07447559253536262
7.690885382219584,-2.724799535588735,8.466304068867638,-0.20231391063633808,-0.07447559253536262
7.690885382219584,-2.724799535588735,8.466304068867638,-0.20231391063633808,-0.07447559253536262
7.690885382219584,-2.724799535588735,8.466304068867638,-0.20231391063633808,-0.07447559253536262
7.690885382219584,-2.724799535588735,8.466304068867638,-0.20231391063633808,-0.07447559253536262
7.690885382219584,-2.724799535588735,8.466304068867638,-0.20231391063633808,-0.07447559253536262
7.826234714098817,-2.7140885731352027,8.590414955840354,-0.19160294818280565,0.04963529443735304
7.826234714098817,-2.7140885731352027,8.590414955840354,-0.19160294818280565,0.04963529443735304
7.826234714098817,-2.7140885731352027,8.590414955840354,-0.19160294818280565,0.04963529443735304
7.826234714098817,-2.7140885731352027,8.590414955840354,-0.19160294818280565,0.04963529443735304
7.826234714098817,-2.7140885731352027,8.590414955840354,-0.19160294818280565,0.04963529443735304
7.826234714098817,-2.7140885731352027,8.590414955840354,-0.19160294818280565,0.04963529443735304
7.826234714098817,-2.7140885731352027,8.590414955840354,-0.19160294818280565,0.04963529443735304
7.826234714098817,-2.7140885731352027,8.590414955840354,-0.19160294818280565,0.04963529443735304
7.826234714098817,-2.7140885731352027,8.590414955840354,-0.19160294818280565,0.04963529443735304
7.826234714098817,-2.7140885731352027,8.590414955840354,-0.19160294818280565,0.04963529443735304
7.826234714098817,-2.7140885731352027,8.590414955840354,-0.19160294818280565,0.04963529443735304
7.826234714098817,-2.7140885731352027,8.590414955840354,-0.19160294818280565,0.04963529443735304
7.826234714098817,-2.7140885731352027,8.590414955840354,-0.19160294818280565,0.04963529443735304
7.826234714098817,-2.7140885731352027,8.590414955840354,-0.19160294818280565,0.04963529443735304
7.826234714098817,-2.7140885731352027,8.590414955840354,-0.19160294818280565,0.04963529443735304
7.826234714098817,-2.7140885731352027,8.590414955840354,-0.19160294818280565,0.04963529443735304
7.667396275202395,-2.711934561220175,8.625639758356519,-0.18944893626777803,0.08486009695351804
7.667396275202395,-2.711934561220175,8.625639758356519,-0.18944893626777803,0.08486009695351804
7.667396275202395,-2.711934561220175,8.625639758356519,-0.18944893626777803,0.08486009695351804
7.667396275202395,-2.711934561220175,8.625639758356519,-0.18944893626777803,0.08486009695351804
7.667396275202395,-2.711934561220175,8.625639758356519,-0.18944893626777803,0.08486009695351804
7.667396275202395,-2.711934561220175,8.625639758356519,-0.18944893626777803,0.08486009695351804
7.667396275202395,-2.711934561220175,8.625639758356519,-0.18944893626777803,0.08486009695351804
7.667396275202395,-2.711934561220175,8.625639758356519,-0.18944893626777803,0.08486009695351804
7.667396275202395,-2.711934561220175,8.625639758356519,-0.18944893626777803,0.08486009695351804
7.667396275202395,-2.711934561220175,8.625639758356519,-0.18944893626777803,0.08486009695351804
7.667396275202395,-2.711934561220175,8.625639758356519,-0.18944893626777803,0.08486009695351804
7.667396275202395,-2.711934561220175,8.625639758356519,-0.18944893626777803,0.08486009695351804
7.667396275202395,-2.711934561220175,8.625639758356519,-0.18944893626777803,0.08486009695351804
7.667396275202395,-2.711934561220175,8.625639758356519,-0.18944893626777803,0.08486009695351804
7.667396275202395,-2.711934561220175,8.625639758356519,-0.18944893626777803,0.08486009695351804
7.667396275202395,-2.711934561220175,8.625639758356519,-0.18944893626777803,0.08486009695351804
7.667396275202395,-2.711934561220175,8.625639758356519,-0.18944893626777803,0.08486009695351804
7.667396275202395,-2.711934561220175,8.625639758356519,-0.18944893626777803,0.08486009695351804
7.667396275202395,-2.711934561220175,8.625639758356519,-0.18944893626777803,0.08486009695351804
7.667396275202395,-2.711934561220175,8.625639758356519,-0.18944893626777803,0.08486009695351804
7.667396275202395,-2.711934561220175,8.625639758356519,-0.18944893626777803,0.08486009695351804
7.667396275202395,-2.711934561220175,8.625639758356519,-0.18944893626777803,0.08486009695351804
7.667396275202395,-2.711934561220175,8.625639758356519,-0.18944893626777803,0.08486009695351804
7.667396275202395,-2.711934561220175,8.625639758356519,-0.18944893626777803,0.08486009695351804
7.667396275202395,-2.711934561220175,8.625639758356519,-0.18944893626777803,0.08486009695351804
7.667396275202395,-2.711934561220175,8.625639758356519,-0.18944893626777803,0.08486009695351804
7.667396275202395,-2.711934561220175,8.625639758356519,-0.18944893626777803,0.08486009695351804
7.667396275202395,-2.711934561220175,8.625639758356519,-0.18944893626777803,0.08486009695351804
7.667396275202395,-2.711934561220175,8.625639758356519,-0.18944893626777803,0.08486009695351804
7.667396275202395,-2.711934561220175,8.625639758356519,-0.18944893626777803,0.08486009695351804
7.667396275202395,-2.711934561220175,8.625639758356519,-0.18944893626777803,0.08486009695351804
7.667396275202395,-2.711934561220175,8.625639758356519,-0.18944893626777803,0.08486009695351804
7.667396275202395,-2.711934561220175,8.625639758356519,-0.18944893626777803,0.08486009695351804
7.667396275202395,-2.711934561220175,8.625639758356519,-0.18944893626777803,0.08486009695351804
7.667396275202395,-2.711934561220175,8.625639758356519,-0.18944893626777803,0.08486009695351804
7.667396275202395,-2.711934561220175,8.625639758356519,-0.18944893626777803,0.08486009695351804
7.650655467757566,-2.709719035609915,8.55495461099453,-0.18723341065751775,0.01417494959152954
7.650655467757566,-2.709719035609915,8.55495461099453,-0.18723341065751775,0.01417494959152954
7.650655467757566,-2.709719035609915,8.55495461099453,-0.18723341065751775,0.01417494959152954
7.650655467757566,-2.709719035609915,8.55495461099453,-0.18723341065751775,0.01417494959152954
7.650655467757566,-2.709719035609915,8.55495461099453,-0.18723341065751775,0.01417494959152954
7.650655467757566,-2.709719035609915,8.55495461099453,-0.18723341065751775,0.01417494959152954
7.650655467757566,-2.709719035609915,8.55495461099453,-0.18723341065751775,0.01417494959152954
7.650655467757566,-2.709719035609915,8.55495461099453,-0.18723341065751775,0.01417494959152954
7.650655467757566,-2.709719035609915,8.55495461099453,-0.18723341065751775,0.01417494959152954
7.650655467757566,-2.709719035609915,8.55495461099453,-0.18723341065751775,0.01417494959152954
7.650655467757566,-2.709719035609915,8.55495461099453,-0.18723341065751775,0.01417494959152954
7.650655467757566,-2.709719035609915,8.55495461099453,-0.18723341065751775,0.01417494959152954
7.650655467757566,-2.709719035609915,8.55495461099453,-0.18723341065751775,0.01417494959152954
7.650655467757566,-2.709719035609915,8.55495461099453,-0.18723341065751775,0.01417494959152954
7.650655467757566,-2.709719035609915,8.55495461099453,-0.18723341065751775,0.01417494959152954
7.650655467757566,-2.709719035609915,8.55495461099453,-0.18723341065751775,0.01417494959152954
7.650655467757566,-2.709719035609915,8.55495461099453,-0.18723341065751775,0.01417494959152954
7.650655467757566,-2.709719035609915,8.55495461099453,-0.18723341065751775,0.01417494959152954
7.650655467757566,-2.709719035609915,8.55495461099453,-0.18723341065751775,0.01417494959152954
7.650655467757566,-2.709719035609915,8.55495461099453,-0.18723341065751775,0.01417494959152954
7.650655467757566,-2.709719035609915,8.55495461099453,-0.18723341065751775,0.01417494959152954
7.650655467757566,-2.709719035609915,8.55495461099453,-0.18723341065751775,0.01417494959152954
7.76129305572703,-2.702971954004351,8.481183726672734,-0.18048632905195383,-0.059595934730266364
7.76129305572703,-2.702971954004351,8.481183726672734,-0.18048632905195383,-0.059595934730266364
7.76129305572703,-2.702971954004351,8.481183726672734,-0.18048632905195383,-0.059595934730266364
7.76129305572703,-2.702971954004351,8.481183726672734,-0.18048632905195383,-0.059595934730266364
7.76129305572703,-2.702971954004351,8.481183726672734,-0.18048632905195383,-0.059595934730266364
7.76129305572703,-2.702971954004351,8.481183726672734,-0.18048632905195383,-0.059595934730266364
7.76129305572703,-2.702971954004351,8.481183726672734,-0.18048632905195383,-0.059595934730266364
7.76129305572703,-2.702971954004351,8.481183726672734,-0.18048632905195383,-0.059595934730266364
7.76129305572703,-2.702971954004351,8.481183726672734,-0.18048632905195383,-0.059595934730266364
7.76129305572703,-2.702971954004351,8.481183726672734,-0.18048632905195383,-0.059595934730266364
7.76129305572703,-2.702971954004351,8.481183726672734,-0.18048632905195383,-0.059595934730266364
7.76129305572703,-2.702971954004351,8.481183726672734,-0.18048632905195383,-0.059595934730266364
7.76129305572703,-2.702971954004351,8.481183726672734,-0.18048632905195383,-0.059595934730266364
7.76129305572703,-2.702971954004351,8.481183726672734,-0.18048632905195383,-0.059595934730266364
7.76129305572703,-2.702971954004351,8.481183726672734,-0.18048632905195383,-0.059595934730266364
7.8066781262348925,-2.7021829187893127,8.527088688232482,-0.17969729383691568,-0.013690973170518816
7.8066781262348925,-2.7021829187893127,8.527088688232482,-0.17969729383691568,-0.013690973170518816
7.8066781262348925,-2.7021829187893127,8.527088688232482,-0.17969729383691568,-0.013690973170518816
7.8066781262348925,-2.7021829187893127,8.527088688232482,-0.17969729383691568,-0.013690973170518816
7.8066781262348925,-2.7021829187893127,8.527088688232482,-0.17969729383691568,-0.013690973170518816
7.8066781262348925,-2.7021829187893127,8.527088688232482,-0.17969729383691568,-0.013690973170518816
7.8066781262348925,-2.7021829187893127,8.527088688232482,-0.17969729383691568,-0.013690973170518816
7.8066781262348925,-2.7021829187893127,8.527088688232482,-0.17969729383691568,-0.013690973170518816
7.8066781262348925,-2.7021829187893127,8.527088688232482,-0.17969729383691568,-0.013690973170518816
7.8066781262348925,-2.7021829187893127,8.527088688232482,-0.17969729383691568,-0.013690973170518816
7.8066781262348925,-2.7021829187893127,8.527088688232482,-0.17969729383691568,-0.013690973170518816
7.8066781262348925,-2.7021829187893127,8.527088688232482,-0.17969729383691568,-0.013690973170518816
7.8066781262348925,-2.7021829187893127,8.527088688232482,-0.17969729383691568,-0.013690973170518816
7.8066781262348925,-2.7021829187893127,8.527088688232482,-0.17969729383691568,-0.013690973170518816
7.8066781262348925,-2.7021829187893127,8.527088688232482,-0.17969729383691568,-0.013690973170518816
7.8066781262348925,-2.7021829187893127,8.527088688232482,-0.17969729383691568,-0.013690973170518816
7.8066781262348925,-2.7021829187893127,8.527088688232482,-0.17969729383691568,-0.013690973170518816
7.8066781262348925,-2.7021829187893127,8.527088688232482,-0.17969729383691568,-0.013690973170518816
7.8066781262348925,-2.7021829187893127,8.527088688232482,-0.17969729383691568,-0.013690973170518816
7.8066781262348925,-2.7021829187893127,8.527088688232482,-0.17969729383691568,-0.013690973170518816
7.8066781262348925,-2.7021829187893127,8.527088688232482,-0.17969729383691568,-0.013690973170518816
7.8066781262348925,-2.7021829187893127,8.527088688232482,-0.17969729383691568,-0.013690973170518816
7.74304743743796,-2.699639173784769,8.561264272896139,-0.1771535488323721,0.020484611493138516
7.74304743743796,-2.699639173784769,8.561264272896139,-0.1771535488323721,0.020484611493138516
7.74304743743796,-2.699639173784769,8.561264272896139,-0.1771535488323721,0.020484611493138516
7.74304743743796,-2.699639173784769,8.561264272896139,-0.1771535488323721,0.020484611493138516
7.74304743743796,-2.699639173784769,8.561264272896139,-0.1771535488323721,0.020484611493138516
7.74304743743796,-2.699639173784769,8.561264272896139,-0.1771535488323721,0.020484611493138516
7.74304743743796,-2.699639173784769,8.561264272896139,-0.1771535488323721,0.020484611493138516
7.74304743743796,-2.699639173784769,8.561264272896139,-0.1771535488323721,0.020484611493138516
7.74304743743796,-2.699639173784769,8.561264272896139,-0.1771535488323721,0.020484611493138516
7.74304743743796,-2.699639173784769,8.561264272896139,-0.1771535488323721,0.020484611493138516
7.724215843384464,-2.698740556644199,8.485726435261018,-0.17625493169180206,-0.05505322614198249
7.724215843384464,-2.698740556644199,8.485726435261018,-0.17625493169180206,-0.05505322614198249
7.724215843384464,-2.698740556644199,8.485726435261018,-0.17625493169180206,-0.05505322614198249
7.724215843384464,-2.698740556644199,8.485726435261018,-0.17625493169180206,-0.05505322614198249
7.724215843384464,-2.698740556644199,8.485726435261018,-0.17625493169180206,-0.05505322614198249
7.724215843384464,-2.698740556644199,8.485726435261018,-0.17625493169180206,-0.05505322614198249
7.724215843384464,-2.698740556644199,8.485726435261018,-0.17625493169180206,-0.05505322614198249
7.745377321124536,-2.6981275155000524,8.540993029843305,-0.17564189054765533,0.00021336844030450663
7.745377321124536,-2.6981275155000524,8.540993029843305,-0.17564189054765533,0.00021336844030450663
7.745377321124536,-2.6981275155000524,8.540993029843305,-0.17564189054765533,0.00021336844030450663
7.745377321124536,-2.6981275155000524,8.540993029843305,-0.17564189054765533,0.00021336844030450663
7.745377321124536,-2.6981275155000524,8.540993029843305,-0.17564189054765533,0.00021336844030450663
7.745377321124536,-2.6981275155000524,8.540993029843305,-0.17564189054765533,0.00021336844030450663
7.745377321124536,-2.6981275155000524,8.540993029843305,-0.17564189054765533,0.00021336844030450663
7.745377321124536,-2.6981275155000524,8.540993029843305,-0.17564189054765533,0.00021336844030450663
7.745377321124536,-2.6981275155000524,8.540993029843305,-0.17564189054765533,0.00021336844030450663
7.745377321124536,-2.6981275155000524,8.540993029843305,-0.17564189054765533,0.00021336844030450663
7.745377321124536,-2.6981275155000524,8.540993029843305,-0.17564189054765533,0.00021336844030450663
7.745377321124536,-2.6981275155000524,8.540993029843305,-0.17564189054765533,0.00021336844030450663
7.745377321124536,-2.6981275155000524,8.540993029843305,-0.17564189054765533,0.00021336844030450663
7.745377321124536,-2.6981275155000524,8.540993029843305,-0.17564189054765533,0.00021336844030450663
7.745377321124536,-2.6981275155000524,8.540993029843305,-0.17564189054765533,0.00021336844030450663
7.745377321124536,-2.6981275155000524,8.540993029843305,-0.17564189054765533,0.00021336844030450663
7.745377321124536,-2.6981275155000524,8.540993029843305,-0.17564189054765533,0.00021336844030450663
7.745377321124536,-2.6981275155000524,8.540993029843305,-0.17564189054765533,0.00021336844030450663
7.745377321124536,-2.6981275155000524,8.540993029843305,-0.17564189054765533,0.00021336844030450663
7.680007110141352,-2.697470146305086,8.515163061100619,-0.17498452135268883,-0.025616600302381443
7.680007110141352,-2.697470146305086,8.515163061100619,-0.17498452135268883,-0.025616600302381443
7.680007110141352,-2.697470146305086,8.515163061100619,-0.17498452135268883,-0.025616600302381443
7.680007110141352,-2.697470146305086,8.515163061100619,-0.17498452135268883,-0.025616600302381443
7.680007110141352,-2.697470146305086,8.515163061100619,-0.17498452135268883,-0.025616600302381443
7.680007110141352,-2.697470146305086,8.515163061100619,-0.17498452135268883,-0.025616600302381443
7.680007110141352,-2.697470146305086,8.515163061100619,-0.17498452135268883,-0.025616600302381443
7.680007110141352,-2.697470146305086,8.515163061100619,-0.17498452135268883,-0.025616600302381443
7.680007110141352,-2.697470146305086,8.515163061100619,-0.17498452135268883,-0.025616600302381443
7.680007110141352,-2.697470146305086,8.515163061100619,-0.17498452135268883,-0.025616600302381443
7.680007110141352,-2.697470146305086,8.515163061100619,-0.17498452135268883,-0.025616600302381443
7.680007110141352,-2.697470146305086,8.515163061100619,-0.17498452135268883,-0.025616600302381443
7.680007110141352,-2.697470146305086,8.515163061100619,-0.17498452135268883,-0.025616600302381443
7.680007110141352,-2.697470146305086,8.515163061100619,-0.17498452135268883,-0.025616600302381443
7.680007110141352,-2.697470146305086,8.515163061100619,-0.17498452135268883,-0.025616600302381443
7.680007110141352,-2.697470146305086,8.515163061100619,-0.17498452135268883,-0.025616600302381443
7.680007110141352,-2.697470146305086,8.515163061100619,-0.17498452135268883,-0.025616600302381443
7.680007110141352,-2.697470146305086,8.515163061100619,-0.17498452135268883,-0.025616600302381443
7.657386100479999,-2.68706234838245,8.529717539825212,-0.16457672343005303,-0.01106212157778863
7.657386100479999,-2.68706234838245,8.529717539825212,-0.16457672343005303,-0.01106212157778863
7.657386100479999,-2.68706234838245,8.529717539825212,-0.16457672343005303,-0.01106212157778863
7.657386100479999,-2.68706234838245,8.529717539825212,-0.16457672343005303,-0.01106212157778863
7.657386100479999,-2.68706234838245,8.529717539825212,-0.16457672343005303,-0.01106212157778863
7.657386100479999,-2.68706234838245,8.529717539825212,-0.16457672343005303,-0.01106212157778863
7.657386100479999,-2.68706234838245,8.529717539825212,-0.16457672343005303,-0.01106212157778863
7.657386100479999,-2.68706234838245,8.529717539825212,-0.16457672343005303,-0.01106212157778863
7.657386100479999,-2.68706234838245,8.529717539825212,-0.16457672343005303,-0.01106212157778863
7.657386100479999,-2.68706234838245,8.529717539825212,-0.16457672343005303,-0.01106212157778863
7.657386100479999,-2.68706234838245,8.529717539825212,-0.16457672343005303,-0.01106212157778863
7.657386100479999,-2.68706234838245,8.529717539825212,-0.16457672343005303,-0.01106212157778863
7.657386100479999,-2.68706234838245,8.529717539825212,-0.16457672343005303,-0.01106212157778863
7.657386100479999,-2.68706234838245,8.529717539825212,-0.16457672343005303,-0.01106212157778863
7.657386100479999,-2.68706234838245,8.529717539825212,-0.16457672343005303,-0.01106212157778863
7.657386100479999,-2.68706234838245,8.529717539825212,-0.16457672343005303,-0.01106212157778863
7.657386100479999,-2.68706234838245,8.529717539825212,-0.16457672343005303,-0.01106212157778863
7.657386100479999,-2.68706234838245,8.529717539825212,-0.16457672343005303,-0.01106212157778863
7.657386100479999,-2.68706234838245,8.529717539825212,-0.16457672343005303,-0.01106212157778863
7.657386100479999,-2.68706234838245,8.529717539825212,-0.16457672343005303,-0.01106212157778863
7.657386100479999,-2.68706234838245,8.529717539825212,-0.16457672343005303,-0.01106212157778863
7.657386100479999,-2.68706234838245,8.529717539825212,-0.16457672343005303,-0.01106212157778863
7.657386100479999,-2.68706234838245,8.529717539825212,-0.16457672343005303,-0.01106212157778863
7.657386100479999,-2.68706234838245,8.529717539825212,-0.16457672343005303,-0.01106212157778863
7.657386100479999,-2.68706234838245,8.529717539825212,-0.16457672343005303,-0.01106212157778863
7.773511833351803,-2.686472415467612,8.538959664416458,-0.16398679051521503,-0.0018199969865424492
7.773511833351803,-2.686472415467612,8.538959664416458,-0.16398679051521503,-0.0018199969865424492
7.773511833351803,-2.686472415467612,8.538959664416458,-0.16398679051521503,-0.0018199969865424492
7.773511833351803,-2.686472415467612,8.538959664416458,-0.16398679051521503,-0.0018199969865424492
7.773511833351803,-2.686472415467612,8.538959664416458,-0.16398679051521503,-0.0018199969865424492
7.773511833351803,-2.686472415467612,8.538959664416458,-0.16398679051521503,-0.0018199969865424492
7.773511833351803,-2.686472415467612,8.538959664416458,-0.16398679051521503,-0.0018199969865424492
7.773511833351803,-2.686472415467612,8.538959664416458,-0.16398679051521503,-0.0018199969865424492
7.773511833351803,-2.686472415467612,8.538959664416458,-0.16398679051521503,-0.0018199969865424492
7.773511833351803,-2.686472415467612,8.538959664416458,-0.16398679051521503,-0.0018199969865424492
7.773511833351803,-2.686472415467612,8.538959664416458,-0.16398679051521503,-0.0018199969865424492
7.773511833351803,-2.686472415467612,8.538959664416458,-0.16398679051521503,-0.0018199969865424492
7.771242481673865,-2.684477324161762,8.556306959397075,-0.16199169920936507,0.015527297994074374
7.771242481673865,-2.684477324161762,8.556306959397075,-0.16199169920936507,0.015527297994074374
7.771242481673865,-2.684477324161762,8.556306959397075,-0.16199169920936507,0.015527297994074374
7.771242481673865,-2.684477324161762,8.556306959397075,-0.16199169920936507,0.015527297994074374
7.771242481673865,-2.684477324161762,8.556306959397075,-0.16199169920936507,0.015527297994074374
7.771242481673865,-2.684477324161762,8.556306959397075,-0.16199169920936507,0.015527297994074374
7.771242481673865,-2.684477324161762,8.556306959397075,-0.16199169920936507,0.015527297994074374
7.771242481673865,-2.684477324161762,8.556306959397075,-0.16199169920936507,0.015527297994074374
7.771242481673865,-2.684477324161762,8.556306959397075,-0.16199169920936507,0.015527297994074374
7.771242481673865,-2.684477324161762,8.556306959397075,-0.16199169920936507,0.015527297994074374
7.771242481673865,-2.684477324161762,8.556306959397075,-0.16199169920936507,0.015527297994074374
7.771242481673865,-2.684477324161762,8.556306959397075,-0.16199169920936507,0.015527297994074374
7.771242481673865,-2.684477324161762,8.556306959397075,-0.16199169920936507,0.015527297994074374
7.771242481673865,-2.684477324161762,8.556306959397075,-0.16199169920936507,0.015527297994074374
7.771242481673865,-2.684477324161762,8.556306959397075,-0.16199169920936507,0.015527297994074374
7.771242481673865,-2.684477324161762,8.556306959397075,-0.16199169920936507,0.015527297994074374
7.771242481673865,-2.684477324161762,8.556306959397075,-0.16199169920936507,0.015527297994074374
7.771242481673865,-2.684477324161762,8.556306959397075,-0.16199169920936507,0.015527297994074374
7.771242481673865,-2.684477324161762,8.556306959397075,-0.16199169920936507,0.015527297994074374
7.719604317604677,-2.684028460700976,8.52167441181109,-0.16154283574857908,-0.01910524959191129
7.719604317604677,-2.684028460700976,8.52167441181109,-0.16154283574857908,-0.01910524959191129
7.719604317604677,-2.684028460700976,8.52167441181109,-0.16154283574857908,-0.01910524959191129
7.719604317604677,-2.684028460700976,8.52167441181109,-0.16154283574857908,-0.01910524959191129
7.719604317604677,-2.684028460700976,8.52167441181109,-0.16154283574857908,-0.01910524959191129
7.719604317604677,-2.684028460700976,8.52167441181109,-0.16154283574857908,-0.01910524959191129
7.719604317604677,-2.684028460700976,8.52167441181109,-0.16154283574857908,-0.01910524959191129
7.719604317604677,-2.684028460700976,8.52167441181109,-0.16154283574857908,-0.01910524959191129
7.719604317604677,-2.684028460700976,8.52167441181109,-0.16154283574857908,-0.01910524959191129
7.719604317604677,-2.684028460700976,8.52167441181109,-0.16154283574857908,-0.01910524959191129
7.719604317604677,-2.684028460700976,8.52167441181109,-0.16154283574857908,-0.01910524959191129
7.719604317604677,-2.684028460700976,8.52167441181109,-0.16154283574857908,-0.01910524959191129
7.719604317604677,-2.684028460700976,8.52167441181109,-0.16154283574857908,-0.01910524959191129
7.719604317604677,-2.684028460700976,8.52167441181109,-0.16154283574857908,-0.01910524959191129
7.719604317604677,-2.684028460700976,8.52167441181109,-0.16154283574857908,-0.01910524959191129
7.719604317604677,-2.684028460700976,8.52167441181109,-0.16154283574857908,-0.01910524959191129
7.719604317604677,-2.684028460700976,8.52167441181109,-0.16154283574857908,-0.01910524959191129
7.719604317604677,-2.684028460700976,8.52167441181109,-0.16154283574857908,-0.01910524959191129
7.719604317604677,-2.684028460700976,8.52167441181109,-0.16154283574857908,-0.01910524959191129
7.719604317604677,-2.684028460700976,8.52167441181109,-0.16154283574857908,-0.01910524959191129
7.719604317604677,-2.684028460700976,8.52167441181109,-0.16154283574857908,-0.01910524959191129
7.719604317604677,-2.684028460700976,8.52167441181109,-0.16154283574857908,-0.01910524959191129
7.719604317604677,-2.684028460700976,8.52167441181109,-0.16154283574857908,-0.01910524959191129
7.719604317604677,-2.684028460700976,8.52167441181109,-0.16154283574857908,-0.01910524959191129
7.719604317604677,-2.684028460700976,8.52167441181109,-0.16154283574857908,-0.01910524959191129
7.726365201611254,-2.6824283033553633,8.536140645100645,-0.15994267840296628,-0.004639016302355969
7.726365201611254,-2.6824283033553633,8.536140645100645,-0.15994267840296628,-0.004639016302355969
7.726365201611254,-2.6824283033553633,8.536140645100645,-0.15994267840296628,-0.004639016302355969
7.726365201611254,-2.6824283033553633,8.536140645100645,-0.15994267840296628,-0.004639016302355969
7.726365201611254,-2.6824283033553633,8.536140645100645,-0.15994267840296628,-0.004639016302355969
7.726365201611254,-2.6824283033553633,8.536140645100645,-0.15994267840296628,-0.004639016302355969
7.726365201611254,-2.6824283033553633,8.536140645100645,-0.15994267840296628,-0.004639016302355969
7.726365201611254,-2.6824283033553633,8.536140645100645,-0.15994267840296628,-0.004639016302355969
7.726365201611254,-2.6824283033553633,8.536140645100645,-0.15994267840296628,-0.004639016302355969
7.726365201611254,-2.6824283033553633,8.536140645100645,-0.15994267840296628,-0.004639016302355969
7.726365201611254,-2.6824283033553633,8.536140645100645,-0.15994267840296628,-0.004639016302355969
7.726365201611254,-2.6824283033553633,8.536140645100645,-0.15994267840296628,-0.004639016302355969
7.726365201611254,-2.6824283033553633,8.536140645100645,-0.15994267840296628,-0.004639016302355969
7.726365201611254,-2.6824283033553633,8.536140645100645,-0.15994267840296628,-0.004639016302355969
7.726365201611254,-2.6824283033553633,8.536140645100645,-0.15994267840296628,-0.004639016302355969
7.726365201611254,-2.6824283033553633,8.536140645100645,-0.15994267840296628,-0.004639016302355969
7.726365201611254,-2.6824283033553633,8.536140645100645,-0.15994267840296628,-0.004639016302355969
7.726365201611254,-2.6824283033553633,8.536140645100645,-0.15994267840296628,-0.004639016302355969
7.726365201611254,-2.6824283033553633,8.536140645100645,-0.15994267840296628,-0.004639016302355969
7.726365201611254,-2.6824283033553633,8.536140645100645,-0.15994267840296628,-0.004639016302355969
7.726365201611254,-2.6824283033553633,8.536140645100645,-0.15994267840296628,-0.004639016302355969
7.822228778414825,-2.678361758886494,8.525791538778087,-0.15587613393409683,-0.014988122624913558
7.822228778414825,-2.678361758886494,8.525791538778087,-0.15587613393409683,-0.014988122624913558
7.822228778414825,-2.678361758886494,8.525791538778087,-0.15587613393409683,-0.014988122624913558
7.822228778414825,-2.678361758886494,8.525791538778087,-0.15587613393409683,-0.014988122624913558
7.822228778414825,-2.678361758886494,8.525791538778087,-0.15587613393409683,-0.014988122624913558
7.822228778414825,-2.678361758886494,8.525791538778087,-0.15587613393409683,-0.014988122624913558
7.822228778414825,-2.678361758886494,8.525791538778087,-0.15587613393409683,-0.014988122624913558
7.822228778414825,-2.678361758886494,8.525791538778087,-0.15587613393409683,-0.014988122624913558
7.822228778414825,-2.678361758886494,8.525791538778087,-0.15587613393409683,-0.014988122624913558
7.7567547332498386,-2.6777545528541404,8.500108590121155,-0.1552689279017434,-0.04067107128184588
7.7567547332498386,-2.6777545528541404,8.500108590121155,-0.1552689279017434,-0.04067107128184588
7.7567547332498386,-2.6777545528541404,8.500108590121155,-0.1552689279017434,-0.04067107128184588
7.7567547332498386,-2.6777545528541404,8.500108590121155,-0.1552689279017434,-0.04067107128184588
7.7567547332498386,-2.6777545528541404,8.500108590121155,-0.1552689279017434,-0.04067107128184588
7.7514711487915084,-2.6746753360135354,8.504915074243193,-0.15218971106113832,-0.035864587159807115
7.7514711487915084,-2.6746753360135354,8.504915074243193,-0.15218971106113832,-0.035864587159807115
7.7514711487915084,-2.6746753360135354,8.504915074243193,-0.15218971106113832,-0.035864587159807115
7.7514711487915084,-2.6746753360135354,8.504915074243193,-0.15218971106113832,-0.035864587159807115
7.7514711487915084,-2.6746753360135354,8.504915074243193,-0.15218971106113832,-0.035864587159807115
7.7514711487915084,-2.6746753360135354,8.504915074243193,-0.15218971106113832,-0.035864587159807115
7.7514711487915084,-2.6746753360135354,8.504915074243193,-0.15218971106113832,-0.035864587159807115
7.7514711487915084,-2.6746753360135354,8.504915074243193,-0.15218971106113832,-0.035864587159807115
7.7514711487915084,-2.6746753360135354,8.504915074243193,-0.15218971106113832,-0.035864587159807115
7.7514711487915084,-2.6746753360135354,8.504915074243193,-0.15218971106113832,-0.035864587159807115
7.7514711487915084,-2.6746753360135354,8.504915074243193,-0.15218971106113832,-0.035864587159807115
7.7514711487915084,-2.6746753360135354,8.504915074243193,-0.15218971106113832,-0.035864587159807115
7.7514711487915084,-2.6746753360135354,8.504915074243193,-0.15218971106113832,-0.035864587159807115
7.7514711487915084,-2.6746753360135354,8.504915074243193,-0.15218971106113832,-0.035864587159807115
7.7514711487915084,-2.6746753360135354,8.504915074243193,-0.15218971106113832,-0.035864587159807115
7.7514711487915084,-2.6746753360135354,8.504915074243193,-0.15218971106113832,-0.035864587159807115
7.7514711487915084,-2.6746753360135354,8.504915074243193,-0.15218971106113832,-0.035864587159807115
7.7514711487915084,-2.6746753360135354,8.504915074243193,-0.15218971106113832,-0.035864587159807115
7.7514711487915084,-2.6746753360135354,8.504915074243193,-0.15218971106113832,-0.035864587159807115
7.7514711487915084,-2.6746753360135354,8.504915074243193,-0.15218971106113832,-0.035864587159807115
7.7514711487915084,-2.6746753360135354,8.504915074243193,-0.15218971106113832,-0.035864587159807115
7.7514711487915084,-2.6746753360135354,8.504915074243193,-0.15218971106113832,-0.035864587159807115
7.7514711487915084,-2.6746753360135354,8.504915074243193,-0.15218971106113832,-0.035864587159807115
7.664422216269911,-2.6640392523293324,8.481311757037858,-0.14155362737693533,-0.05946790436514249
7.664422216269911,-2.6640392523293324,8.481311757037858,-0.14155362737693533,-0.05946790436514249
7.664422216269911,-2.6640392523293324,8.481311757037858,-0.14155362737693533,-0.05946790436514249
7.664422216269911,-2.6640392523293324,8.481311757037858,-0.14155362737693533,-0.05946790436514249
7.664422216269911,-2.6640392523293324,8.481311757037858,-0.14155362737693533,-0.05946790436514249
7.664422216269911,-2.6640392523293324,8.481311757037858,-0.14155362737693533,-0.05946790436514249
7.664422216269911,-2.6640392523293324,8.481311757037858,-0.14155362737693533,-0.05946790436514249
7.664422216269911,-2.6640392523293324,8.481311757037858,-0.14155362737693533,-0.05946790436514249
7.664422216269911,-2.6640392523293324,8.481311757037858,-0.14155362737693533,-0.05946790436514249
7.664422216269911,-2.6640392523293324,8.481311757037858,-0.14155362737693533,-0.05946790436514249
7.664422216269911,-2.6640392523293324,8.481311757037858,-0.14155362737693533,-0.05946790436514249
7.664422216269911,-2.6640392523293324,8.481311757037858,-0.14155362737693533,-0.05946790436514249
7.664422216269911,-2.6640392523293324,8.481311757037858,-0.14155362737693533,-0.05946790436514249
7.664422216269911,-2.6640392523293324,8.481311757037858,-0.14155362737693533,-0.05946790436514249
7.664422216269911,-2.6640392523293324,8.481311757037858,-0.14155362737693533,-0.05946790436514249
7.664422216269911,-2.6640392523293324,8.481311757037858,-0.14155362737693533,-0.05946790436514249
7.664422216269911,-2.6640392523293324,8.481311757037858,-0.14155362737693533,-0.05946790436514249
7.701962559873886,-2.663697726920486,8.529572316995726,-0.14121210196808898,-0.011207344407274888
7.701962559873886,-2.663697726920486,8.529572316995726,-0.14121210196808898,-0.011207344407274888
7.701962559873886,-2.663697726920486,8.529572316995726,-0.14121210196808898,-0.011207344407274888
7.701962559873886,-2.663697726920486,8.529572316995726,-0.14121210196808898,-0.011207344407274888
7.701962559873886,-2.663697726920486,8.529572316995726,-0.14121210196808898,-0.011207344407274888
7.701962559873886,-2.663697726920486,8.529572316995726,-0.14121210196808898,-0.011207344407274888
7.701962559873886,-2.663697726920486,8.529572316995726,-0.14121210196808898,-0.011207344407274888
7.701962559873886,-2.663697726920486,8.529572316995726,-0.14121210196808898,-0.011207344407274888
7.701962559873886,-2.663697726920486,8.529572316995726,-0.14121210196808898,-0.011207344407274888
7.701962559873886,-2.663697726920486,8.529572316995726,-0.14121210196808898,-0.011207344407274888
7.701962559873886,-2.663697726920486,8.529572316995726,-0.14121210196808898,-0.011207344407274888
7.701962559873886,-2.663697726920486,8.529572316995726,-0.14121210196808898,-0.011207344407274888
7.701962559873886,-2.663697726920486,8.529572316995726,-0.14121210196808898,-0.011207344407274888
7.701962559873886,-2.663697726920486,8.529572316995726,-0.14121210196808898,-0.011207344407274888
7.701962559873886,-2.663697726920486,8.529572316995726,-0.14121210196808898,-0.011207344407274888
7.665523277290897,-2.6631580505533283,8.519295815556656,-0.1406724256009313,-0.021483845846343996
7.665523277290897,-2.6631580505533283,8.519295815556656,-0.1406724256009313,-0.021483845846343996
7.665523277290897,-2.6631580505533283,8.519295815556656,-0.1406724256009313,-0.021483845846343996
7.665523277290897,-2.6631580505533283,8.519295815556656,-0.1406724256009313,-0.021483845846343996
7.665523277290897,-2.6631580505533283,8.519295815556656,-0.1406724256009313,-0.021483845846343996
7.665523277290897,-2.6631580505533283,8.519295815556656,-0.1406724256009313,-0.021483845846343996
7.665523277290897,-2.6631580505533283,8.519295815556656,-0.1406724256009313,-0.021483845846343996
7.665523277290897,-2.6631580505533283,8.519295815556656,-0.1406724256009313,-0.021483845846343996
7.665523277290897,-2.6631580505533283,8.519295815556656,-0.1406724256009313,-0.021483845846343996
7.665523277290897,-2.6631580505533283,8.519295815556656,-0.1406724256009313,-0.021483845846343996
7.665523277290897,-2.6631580505533283,8.519295815556656,-0.1406724256009313,-0.021483845846343996
7.665523277290897,-2.6631580505533283,8.519295815556656,-0.1406724256009313,-0.021483845846343996
7.665523277290897,-2.6631580505533283,8.519295815556656,-0.1406724256009313,-0.021483845846343996
7.665523277290897,-2.6631580505533283,8.519295815556656,-0.1406724256009313,-0.021483845846343996
7.665523277290897,-2.6631580505533283,8.519295815556656,-0.1406724256009313,-0.021483845846343996
7.665523277290897,-2.6631580505533283,8.519295815556656,-0.1406724256009313,-0.021483845846343996
7.753864980302551,-2.662394814645053,8.529805692449461,-0.1399091896926561,-0.010973968953539526
7.753864980302551,-2.662394814645053,8.529805692449461,-0.1399091896926561,-0.010973968953539526
7.753864980302551,-2.662394814645053,8.529805692449461,-0.1399091896926561,-0.010973968953539526
7.753864980302551,-2.662394814645053,8.529805692449461,-0.1399091896926561,-0.010973968953539526
7.753864980302551,-2.662394814645053,8.529805692449461,-0.1399091896926561,-0.010973968953539526
7.753864980302551,-2.662394814645053,8.529805692449461,-0.1399091896926561,-0.010973968953539526
7.753864980302551,-2.662394814645053,8.529805692449461,-0.1399091896926561,-0.010973968953539526
7.753864980302551,-2.662394814645053,8.529805692449461,-0.1399091896926561,-0.010973968953539526
7.753864980302551,-2.662394814645053,8.529805692449461,-0.1399091896926561,-0.010973968953539526
7.753864980302551,-2.662394814645053,8.529805692449461,-0.1399091896926561,-0.010973968953539526
7.753864980302551,-2.662394814645053,8.529805692449461,-0.1399091896926561,-0.010973968953539526
7.753864980302551,-2.662394814645053,8.529805692449461,-0.1399091896926561,-0.010973968953539526
7.753864980302551,-2.662394814645053,8.529805692449461,-0.1399091896926561,-0.010973968953539526
7.753864980302551,-2.662394814645053,8.529805692449461,-0.1399091896926561,-0.010973968953539526
7.753864980302551,-2.662394814645053,8.529805692449461,-0.1399091896926561,-0.010973968953539526
7.753864980302551,-2.662394814645053,8.529805692449461,-0.1399091896926561,-0.010973968953539526
7.753864980302551,-2.662394814645053,8.529805692449461,-0.1399091896926561,-0.010973968953539526
7.753864980302551,-2.662394814645053,8.529805692449461,-0.1399091896926561,-0.010973968953539526
7.796880855468386,-2.655603310622032,8.495291156781848,-0.13311768566963478,-0.045488504621152615
7.796880855468386,-2.655603310622032,8.495291156781848,-0.13311768566963478,-0.045488504621152615
7.796880855468386,-2.655603310622032,8.495291156781848,-0.13311768566963478,-0.045488504621152615
7.796880855468386,-2.655603310622032,8.495291156781848,-0.13311768566963478,-0.045488504621152615
7.796880855468386,-2.655603310622032,8.495291156781848,-0.13311768566963478,-0.045488504621152615
7.796880855468386,-2.655603310622032,8.495291156781848,-0.13311768566963478,-0.045488504621152615
7.796880855468386,-2.655603310622032,8.495291156781848,-0.13311768566963478,-0.045488504621152615
7.796880855468386,-2.655603310622032,8.495291156781848,-0.13311768566963478,-0.045488504621152615
7.796880855468386,-2.655603310622032,8.495291156781848,-0.13311768566963478,-0.045488504621152615
7.796880855468386,-2.655603310622032,8.495291156781848,-0.13311768566963478,-0.045488504621152615
7.796880855468386,-2.655603310622032,8.495291156781848,-0.13311768566963478,-0.045488504621152615
7.796880855468386,-2.655603310622032,8.495291156781848,-0.13311768566963478,-0.045488504621152615
7.796880855468386,-2.655603310622032,8.495291156781848,-0.13311768566963478,-0.045488504621152615
7.796880855468386,-2.655603310622032,8.495291156781848,-0.13311768566963478,-0.045488504621152615
7.796880855468386,-2.655603310622032,8.495291156781848,-0.13311768566963478,-0.045488504621152615
7.796880855468386,-2.655603310622032,8.495291156781848,-0.13311768566963478,-0.045488504621152615
7.796880855468386,-2.655603310622032,8.495291156781848,-0.13311768566963478,-0.045488504621152615
7.796880855468386,-2.655603310622032,8.495291156781848,-0.13311768566963478,-0.045488504621152615
7.796880855468386,-2.655603310622032,8.495291156781848,-0.13311768566963478,-0.045488504621152615
7.796880855468386,-2.655603310622032,8.495291156781848,-0.13311768566963478,-0.045488504621152615
7.796880855468386,-2.655603310622032,8.495291156781848,-0.13311768566963478,-0.045488504621152615
7.796880855468386,-2.655603310622032,8.495291156781848,-0.13311768566963478,-0.045488504621152615
7.796880855468386,-2.655603310622032,8.495291156781848,-0.13311768566963478,-0.045488504621152615
7.796880855468386,-2.655603310622032,8.495291156781848,-0.13311768566963478,-0.045488504621152615
7.796880855468386,-2.655603310622032,8.495291156781848,-0.13311768566963478,-0.045488504621152615
7.796880855468386,-2.655603310622032,8.495291156781848,-0.13311768566963478,-0.045488504621152615
7.796880855468386,-2.655603310622032,8.495291156781848,-0.13311768566963478,-0.045488504621152615
7.796880855468386,-2.655603310622032,8.495291156781848,-0.13311768566963478,-0.045488504621152615
7.796880855468386,-2.655603310622032,8.495291156781848,-0.13311768566963478,-0.045488504621152615
7.796880855468386,-2.655603310622032,8.495291156781848,-0.13311768566963478,-0.045488504621152615
7.796880855468386,-2.655603310622032,8.495291156781848,-0.13311768566963478,-0.045488504621152615
7.796880855468386,-2.655603310622032,8.495291156781848,-0.13311768566963478,-0.045488504621152615
7.747039227055835,-2.6545008367943637,8.491910689884644,-0.13201521184196663,-0.04886897151835612
7.747039227055835,-2.6545008367943637,8.491910689884644,-0.13201521184196663,-0.04886897151835612
7.747039227055835,-2.6545008367943637,8.491910689884644,-0.13201521184196663,-0.04886897151835612
7.747039227055835,-2.6545008367943637,8.491910689884644,-0.13201521184196663,-0.04886897151835612
7.747039227055835,-2.6545008367943637,8.491910689884644,-0.13201521184196663,-0.04886897151835612
7.747039227055835,-2.6545008367943637,8.491910689884644,-0.13201521184196663,-0.04886897151835612
7.747039227055835,-2.6545008367943637,8.491910689884644,-0.13201521184196663,-0.04886897151835612
7.747039227055835,-2.6545008367943637,8.491910689884644,-0.13201521184196663,-0.04886897151835612
7.747039227055835,-2.6545008367943637,8.491910689884644,-0.13201521184196663,-0.04886897151835612
7.747039227055835,-2.6545008367943637,8.491910689884644,-0.13201521184196663,-0.04886897151835612
7.747039227055835,-2.6545008367943637,8.491910689884644,-0.13201521184196663,-0.04886897151835612
7.665027699019491,-2.652573567018563,8.567691786929853,-0.13008794206616603,0.026912125526852293
7.665027699019491,-2.652573567018563,8.567691786929853,-0.13008794206616603,0.026912125526852293
7.665027699019491,-2.652573567018563,8.567691786929853,-0.13008794206616603,0.026912125526852293
7.665027699019491,-2.652573567018563,8.567691786929853,-0.13008794206616603,0.026912125526852293
7.665027699019491,-2.652573567018563,8.567691786929853,-0.13008794206616603,0.026912125526852293
7.665027699019491,-2.652573567018563,8.567691786929853,-0.13008794206616603,0.026912125526852293
7.665027699019491,-2.652573567018563,8.567691786929853,-0.13008794206616603,0.026912125526852293
7.665027699019491,-2.652573567018563,8.567691786929853,-0.13008794206616603,0.026912125526852293
7.665027699019491,-2.652573567018563,8.567691786929853,-0.13008794206616603,0.026912125526852293
7.665027699019491,-2.652573567018563,8.567691786929853,-0.13008794206616603,0.026912125526852293
7.665027699019491,-2.652573567018563,8.567691786929853,-0.13008794206616603,0.026912125526852293
7.665027699019491,-2.652573567018563,8.567691786929853,-0.13008794206616603,0.026912125526852293
7.665027699019491,-2.652573567018563,8.567691786929853,-0.13008794206616603,0.026912125526852293
7.665027699019491,-2.652573567018563,8.567691786929853,-0.13008794206616603,0.026912125526852293
7.665027699019491,-2.652573567018563,8.567691786929853,-0.13008794206616603,0.026912125526852293
7.733315949404405,-2.650388414553703,8.482299999879885,-0.12790278960130586,-0.05847966152311557
7.733315949404405,-2.650388414553703,8.482299999879885,-0.12790278960130586,-0.05847966152311557
7.733315949404405,-2.650388414553703,8.482299999879885,-0.12790278960130586,-0.05847966152311557
7.733315949404405,-2.650388414553703,8.482299999879885,-0.12790278960130586,-0.05847966152311557
7.733315949404405,-2.650388414553703,8.482299999879885,-0.12790278960130586,-0.05847966152311557
7.733315949404405,-2.650388414553703,8.482299999879885,-0.12790278960130586,-0.05847966152311557
7.733315949404405,-2.650388414553703,8.482299999879885,-0.12790278960130586,-0.05847966152311557
7.733315949404405,-2.650388414553703,8.482299999879885,-0.12790278960130586,-0.05847966152311557
7.733315949404405,-2.650388414553703,8.482299999879885,-0.12790278960130586,-0.05847966152311557
7.733315949404405,-2.650388414553703,8.482299999879885,-0.12790278960130586,-0.05847966152311557
7.733315949404405,-2.650388414553703,8.482299999879885,-0.12790278960130586,-0.05847966152311557
7.733315949404405,-2.650388414553703,8.482299999879885,-0.12790278960130586,-0.05847966152311557
7.733315949404405,-2.650388414553703,8.482299999879885,-0.12790278960130586,-0.05847966152311557
7.733315949404405,-2.650388414553703,8.482299999879885,-0.12790278960130586,-0.05847966152311557
7.733315949404405,-2.650388414553703,8.482299999879885,-0.12790278960130586,-0.05847966152311557
7.733315949404405,-2.650388414553703,8.482299999879885,-0.12790278960130586,-0.05847966152311557
7.733315949404405,-2.650388414553703,8.482299999879885,-0.12790278960130586,-0.05847966152311557
7.733315949404405,-2.650388414553703,8.482299999879885,-0.12790278960130586,-0.05847966152311557
7.733315949404405,-2.650388414553703,8.482299999879885,-0.12790278960130586,-0.05847966152311557
7.733315949404405,-2.650388414553703,8.482299999879885,-0.12790278960130586,-0.05847966152311557
7.733315949404405,-2.650388414553703,8.482299999879885,-0.12790278960130586,-0.05847966152311557
7.733315949404405,-2.650388414553703,8.482299999879885,-0.12790278960130586,-0.05847966152311557
7.733315949404405,-2.650388414553703,8.482299999879885,-0.12790278960130586,-0.05847966152311557
7.733315949404405,-2.650388414553703,8.482299999879885,-0.12790278960130586,-0.05847966152311557
7.733315949404405,-2.650388414553703,8.482299999879885,-0.12790278960130586,-0.05847966152311557
7.733315949404405,-2.650388414553703,8.482299999879885,-0.12790278960130586,-0.05847966152311557
7.733315949404405,-2.650388414553703,8.482299999879885,-0.12790278960130586,-0.05847966152311557
7.733315949404405,-2.650388414553703,8.482299999879885,-0.12790278960130586,-0.05847966152311557
7.733315949404405,-2.650388414553703,8.482299999879885,-0.12790278960130586,-0.05847966152311557
7.733315949404405,-2.650388414553703,8.482299999879885,-0.12790278960130586,-0.05847966152311557
7.733315949404405,-2.650388414553703,8.482299999879885,-0.12790278960130586,-0.05847966152311557
7.733315949404405,-2.650388414553703,8.482299999879885,-0.12790278960130586,-0.05847966152311557
7.733315949404405,-2.650388414553703,8.482299999879885,-0.12790278960130586,-0.05847966152311557
7.733315949404405,-2.650388414553703,8.482299999879885,-0.12790278960130586,-0.05847966152311557
7.733315949404405,-2.650388414553703,8.482299999879885,-0.12790278960130586,-0.05847966152311557
7.733315949404405,-2.650388414553703,8.482299999879885,-0.12790278960130586,-0.05847966152311557
7.733315949404405,-2.650388414553703,8.482299999879885,-0.12790278960130586,-0.05847966152311557
7.733315949404405,-2.650388414553703,8.482299999879885,-0.12790278960130586,-0.05847966152311557
7.733315949404405,-2.650388414553703,8.482299999879885,-0.12790278960130586,-0.05847966152311557
7.733315949404405,-2.650388414553703,8.482299999879885,-0.12790278960130586,-0.05847966152311557
7.733315949404405,-2.650388414553703,8.482299999879885,-0.12790278960130586,-0.05847966152311557
7.733315949404405,-2.650388414553703,8.482299999879885,-0.12790278960130586,-0.05847966152311557
7.733315949404405,-2.650388414553703,8.482299999879885,-0.12790278960130586,-0.05847966152311557
7.733315949404405,-2.650388414553703,8.482299999879885,-0.12790278960130586,-0.05847966152311557
7.733315949404405,-2.650388414553703,8.482299999879885,-0.12790278960130586,-0.05847966152311557
7.733315949404405,-2.650388414553703,8.482299999879885,-0.12790278960130586,-0.05847966152311557
7.733315949404405,-2.650388414553703,8.482299999879885,-0.12790278960130586,-0.05847966152311557
7.733315949404405,-2.650388414553703,8.482299999879885,-0.12790278960130586,-0.05847966152311557
7.733315949404405,-2.650388414553703,8.482299999879885,-0.12790278960130586,-0.05847966152311557
7.733315949404405,-2.650388414553703,8.482299999879885,-0.12790278960130586,-0.05847966152311557
7.733315949404405,-2.650388414553703,8.482299999879885,-0.12790278960130586,-0.05847966152311557
7.733315949404405,-2.650388414553703,8.482299999879885,-0.12790278960130586,-0.05847966152311557
7.733315949404405,-2.650388414553703,8.482299999879885,-0.12790278960130586,-0.05847966152311557
7.733315949404405,-2.650388414553703,8.482299999879885,-0.12790278960130586,-0.05847966152311557
7.733315949404405,-2.650388414553703,8.482299999879885,-0.12790278960130586,-0.05847966152311557
7.733315949404405,-2.650388414553703,8.482299999879885,-0.12790278960130586,-0.05847966152311557
7.733315949404405,-2.650388414553703,8.482299999879885,-0.12790278960130586,-0.05847966152311557
7.733315949404405,-2.650388414553703,8.482299999879885,-0.12790278960130586,-0.05847966152311557
7.6451981140392515,-2.648346959454184,8.54972105927346,-0.12586133450178716,0.008941397870460221
7.6451981140392515,-2.648346959454184,8.54972105927346,-0.12586133450178716,0.008941397870460221
7.6451981140392515,-2.648346959454184,8.54972105927346,-0.12586133450178716,0.008941397870460221
7.6451981140392515,-2.648346959454184,8.54972105927346,-0.12586133450178716,0.008941397870460221
7.6451981140392515,-2.648346959454184,8.54972105927346,-0.12586133450178716,0.008941397870460221
7.6451981140392515,-2.648346959454184,8.54972105927346,-0.12586133450178716,0.008941397870460221
7.6451981140392515,-2.648346959454184,8.54972105927346,-0.12586133450178716,0.008941397870460221
7.6451981140392515,-2.648346959454184,8.54972105927346,-0.12586133450178716,0.008941397870460221
7.6451981140392515,-2.648346959454184,8.54972105927346,-0.12586133450178716,0.008941397870460221
7.6451981140392515,-2.648346959454184,8.54972105927346,-0.12586133450178716,0.008941397870460221
7.6451981140392515,-2.648346959454184,8.54972105927346,-0.12586133450178716,0.008941397870460221
7.6451981140392515,-2.648346959454184,8.54972105927346,-0.12586133450178716,0.008941397870460221
7.6451981140392515,-2.648346959454184,8.54972105927346,-0.12586133450178716,0.008941397870460221
7.6451981140392515,-2.648346959454184,8.54972105927346,-0.12586133450178716,0.008941397870460221
7.6451981140392515,-2.648346959454184,8.54972105927346,-0.12586133450178716,0.008941397870460221
7.6451981140392515,-2.648346959454184,8.54972105927346,-0.12586133450178716,0.008941397870460221
7.6451981140392515,-2.648346959454184,8.54972105927346,-0.12586133450178716,0.008941397870460221
7.6451981140392515,-2.648346959454184,8.54972105927346,-0.12586133450178716,0.008941397870460221
7.6451981140392515,-2.648346959454184,8.54972105927346,-0.12586133450178716,0.008941397870460221
7.6451981140392515,-2.648346959454184,8.54972105927346,-0.12586133450178716,0.008941397870460221
7.6451981140392515,-2.648346959454184,8.54972105927346,-0.12586133450178716,0.008941397870460221
7.752002266898128,-2.6463659015780197,8.498576714526065,-0.12388027662562262,-0.0422029468769356
7.752002266898128,-2.6463659015780197,8.498576714526065,-0.12388027662562262,-0.0422029468769356
7.752002266898128,-2.6463659015780197,8.498576714526065,-0.12388027662562262,-0.0422029468769356
7.752002266898128,-2.6463659015780197,8.498576714526065,-0.12388027662562262,-0.0422029468769356
7.752002266898128,-2.6463659015780197,8.498576714526065,-0.12388027662562262,-0.0422029468769356
7.752002266898128,-2.6463659015780197,8.498576714526065,-0.12388027662562262,-0.0422029468769356
7.752002266898128,-2.6463659015780197,8.498576714526065,-0.12388027662562262,-0.0422029468769356
7.752002266898128,-2.6463659015780197,8.498576714526065,-0.12388027662562262,-0.0422029468769356
7.752002266898128,-2.6463659015780197,8.498576714526065,-0.12388027662562262,-0.0422029468769356
7.752002266898128,-2.6463659015780197,8.498576714526065,-0.12388027662562262,-0.0422029468769356
7.752002266898128,-2.6463659015780197,8.498576714526065,-0.12388027662562262,-0.0422029468769356
7.752002266898128,-2.6463659015780197,8.498576714526065,-0.12388027662562262,-0.0422029468769356
7.752002266898128,-2.6463659015780197,8.498576714526065,-0.12388027662562262,-0.0422029468769356
7.752002266898128,-2.6463659015780197,8.498576714526065,-0.12388027662562262,-0.0422029468769356
7.752002266898128,-2.6463659015780197,8.498576714526065,-0.12388027662562262,-0.0422029468769356
7.752002266898128,-2.6463659015780197,8.498576714526065,-0.12388027662562262,-0.0422029468769356
7.752002266898128,-2.6463659015780197,8.498576714526065,-0.12388027662562262,-0.0422029468769356
7.752002266898128,-2.6463659015780197,8.498576714526065,-0.12388027662562262,-0.0422029468769356
7.752002266898128,-2.6463659015780197,8.498576714526065,-0.12388027662562262,-0.0422029468769356
7.752002266898128,-2.6463659015780197,8.498576714526065,-0.12388027662562262,-0.0422029468769356
7.752002266898128,-2.6463659015780197,8.498576714526065,-0.12388027662562262,-0.0422029468769356
7.752002266898128,-2.6463659015780197,8.498576714526065,-0.12388027662562262,-0.0422029468769356
7.752002266898128,-2.6463659015780197,8.498576714526065,-0.12388027662562262,-0.0422029468769356
7.752002266898128,-2.6463659015780197,8.498576714526065,-0.12388027662562262,-0.0422029468769356
7.752002266898128,-2.6463659015780197,8.498576714526065,-0.12388027662562262,-0.0422029468769356
7.752002266898128,-2.6463659015780197,8.498576714526065,-0.12388027662562262,-0.0422029468769356
7.752002266898128,-2.6463659015780197,8.498576714526065,-0.12388027662562262,-0.0422029468769356
7.752002266898128,-2.6463659015780197,8.498576714526065,-0.12388027662562262,-0.0422029468769356
7.752002266898128,-2.6463659015780197,8.498576714526065,-0.12388027662562262,-0.0422029468769356
7.752002266898128,-2.6463659015780197,8.498576714526065,-0.12388027662562262,-0.0422029468769356
7.752002266898128,-2.6463659015780197,8.498576714526065,-0.12388027662562262,-0.0422029468769356
7.752002266898128,-2.6463659015780197,8.498576714526065,-0.12388027662562262,-0.0422029468769356
7.752002266898128,-2.6463659015780197,8.498576714526065,-0.12388027662562262,-0.0422029468769356
7.752002266898128,-2.6463659015780197,8.498576714526065,-0.12388027662562262,-0.0422029468769356
7.752002266898128,-2.6463659015780197,8.498576714526065,-0.12388027662562262,-0.0422029468769356
7.752002266898128,-2.6463659015780197,8.498576714526065,-0.12388027662562262,-0.0422029468769356
7.752002266898128,-2.6463659015780197,8.498576714526065,-0.12388027662562262,-0.0422029468769356
7.77556997177147,-2.642873524014462,8.486000878128124,-0.12038789906206482,-0.05477878327487673
7.77556997177147,-2.642873524014462,8.486000878128124,-0.12038789906206482,-0.05477878327487673
7.77556997177147,-2.642873524014462,8.486000878128124,-0.12038789906206482,-0.05477878327487673
7.77556997177147,-2.642873524014462,8.486000878128124,-0.12038789906206482,-0.05477878327487673
7.77556997177147,-2.642873524014462,8.486000878128124,-0.12038789906206482,-0.05477878327487673
7.77556997177147,-2.642873524014462,8.486000878128124,-0.12038789906206482,-0.05477878327487673
7.77556997177147,-2.642873524014462,8.486000878128124,-0.12038789906206482,-0.05477878327487673
7.77556997177147,-2.642873524014462,8.486000878128124,-0.12038789906206482,-0.05477878327487673
7.77556997177147,-2.642873524014462,8.486000878128124,-0.12038789906206482,-0.05477878327487673
7.77556997177147,-2.642873524014462,8.486000878128124,-0.12038789906206482,-0.05477878327487673
7.77556997177147,-2.642873524014462,8.486000878128124,-0.12038789906206482,-0.05477878327487673
7.77556997177147,-2.642873524014462,8.486000878128124,-0.12038789906206482,-0.05477878327487673
7.77556997177147,-2.642873524014462,8.486000878128124,-0.12038789906206482,-0.05477878327487673
7.77556997177147,-2.642873524014462,8.486000878128124,-0.12038789906206482,-0.05477878327487673
7.77556997177147,-2.642873524014462,8.486000878128124,-0.12038789906206482,-0.05477878327487673
7.77556997177147,-2.642873524014462,8.486000878128124,-0.12038789906206482,-0.05477878327487673
7.77556997177147,-2.642873524014462,8.486000878128124,-0.12038789906206482,-0.05477878327487673
7.77556997177147,-2.642873524014462,8.486000878128124,-0.12038789906206482,-0.05477878327487673
7.77556997177147,-2.642873524014462,8.486000878128124,-0.12038789906206482,-0.05477878327487673
7.77556997177147,-2.642873524014462,8.486000878128124,-0.12038789906206482,-0.05477878327487673
7.77556997177147,-2.642873524014462,8.486000878128124,-0.12038789906206482,-0.05477878327487673
7.77556997177147,-2.642873524014462,8.486000878128124,-0.12038789906206482,-0.05477878327487673
7.77556997177147,-2.642873524014462,8.486000878128124,-0.12038789906206482,-0.05477878327487673
7.692577090448543,-2.6365126900653,8.514863561891131,-0.11402706511290317,-0.02591609951186946
7.692577090448543,-2.6365126900653,8.514863561891131,-0.11402706511290317,-0.02591609951186946
7.692577090448543,-2.6365126900653,8.514863561891131,-0.11402706511290317,-0.02591609951186946
7.692577090448543,-2.6365126900653,8.514863561891131,-0.11402706511290317,-0.02591609951186946
7.692577090448543,-2.6365126900653,8.514863561891131,-0.11402706511290317,-0.02591609951186946
7.692577090448543,-2.6365126900653,8.514863561891131,-0.11402706511290317,-0.02591609951186946
7.692577090448543,-2.6365126900653,8.514863561891131,-0.11402706511290317,-0.02591609951186946
7.692577090448543,-2.6365126900653,8.514863561891131,-0.11402706511290317,-0.02591609951186946
7.692577090448543,-2.6365126900653,8.514863561891131,-0.11402706511290317,-0.02591609951186946
7.743814025154465,-2.631985629824738,8.555114886827909,-0.1095000048723409,0.01433522542490806
7.743814025154465,-2.631985629824738,8.555114886827909,-0.1095000048723409,0.01433522542490806
7.743814025154465,-2.631985629824738,8.555114886827909,-0.1095000048723409,0.01433522542490806
7.743814025154465,-2.631985629824738,8.555114886827909,-0.1095000048723409,0.01433522542490806
7.743814025154465,-2.631985629824738,8.555114886827909,-0.1095000048723409,0.01433522542490806
7.743814025154465,-2.631985629824738,8.555114886827909,-0.1095000048723409,0.01433522542490806
7.743814025154465,-2.631985629824738,8.555114886827909,-0.1095000048723409,0.01433522542490806
7.743814025154465,-2.631985629824738,8.555114886827909,-0.1095000048723409,0.01433522542490806
7.766213683047175,-2.6319537898937213,8.502926401411822,-0.10946816494132428,-0.037853259991178945
7.766213683047175,-2.6319537898937213,8.502926401411822,-0.10946816494132428,-0.037853259991178945
7.766213683047175,-2.6319537898937213,8.502926401411822,-0.10946816494132428,-0.037853259991178945
7.766213683047175,-2.6319537898937213,8.502926401411822,-0.10946816494132428,-0.037853259991178945
7.766213683047175,-2.6319537898937213,8.502926401411822,-0.10946816494132428,-0.037853259991178945
7.766213683047175,-2.6319537898937213,8.502926401411822,-0.10946816494132428,-0.037853259991178945
7.766213683047175,-2.6319537898937213,8.502926401411822,-0.10946816494132428,-0.037853259991178945
7.766213683047175,-2.6319537898937213,8.502926401411822,-0.10946816494132428,-0.037853259991178945
7.766213683047175,-2.6319537898937213,8.502926401411822,-0.10946816494132428,-0.037853259991178945
7.766213683047175,-2.6319537898937213,8.502926401411822,-0.10946816494132428,-0.037853259991178945
7.766213683047175,-2.6319537898937213,8.502926401411822,-0.10946816494132428,-0.037853259991178945
7.652919033288832,-2.6305613619093324,8.47031185439763,-0.1080757369569354,-0.07046780700536992
7.652919033288832,-2.6305613619093324,8.47031185439763,-0.1080757369569354,-0.07046780700536992
7.652919033288832,-2.6305613619093324,8.47031185439763,-0.1080757369569354,-0.07046780700536992
7.652919033288832,-2.6305613619093324,8.47031185439763,-0.1080757369569354,-0.07046780700536992
7.652919033288832,-2.6305613619093324,8.47031185439763,-0.1080757369569354,-0.07046780700536992
7.652919033288832,-2.6305613619093324,8.47031185439763,-0.1080757369569354,-0.07046780700536992
7.652919033288832,-2.6305613619093324,8.47031185439763,-0.1080757369569354,-0.07046780700536992
7.652919033288832,-2.6305613619093324,8.47031185439763,-0.1080757369569354,-0.07046780700536992
7.652919033288832,-2.6305613619093324,8.47031185439763,-0.1080757369569354,-0.07046780700536992
7.652919033288832,-2.6305613619093324,8.47031185439763,-0.1080757369569354,-0.07046780700536992
7.652919033288832,-2.6305613619093324,8.47031185439763,-0.1080757369569354,-0.07046780700536992
7.652919033288832,-2.6305613619093324,8.47031185439763,-0.1080757369569354,-0.07046780700536992
7.652919033288832,-2.6305613619093324,8.47031185439763,-0.1080757369569354,-0.07046780700536992
7.652919033288832,-2.6305613619093324,8.47031185439763,-0.1080757369569354,-0.07046780700536992
7.652919033288832,-2.6305613619093324,8.47031185439763,-0.1080757369569354,-0.07046780700536992
7.652919033288832,-2.6305613619093324,8.47031185439763,-0.1080757369569354,-0.07046780700536992
7.652919033288832,-2.6305613619093324,8.47031185439763,-0.1080757369569354,-0.07046780700536992
7.652919033288832,-2.6305613619093324,8.47031185439763,-0.1080757369569354,-0.07046780700536992
7.652919033288832,-2.6305613619093324,8.47031185439763,-0.1080757369569354,-0.07046780700536992
7.652919033288832,-2.6305613619093324,8.47031185439763,-0.1080757369569354,-0.07046780700536992
7.652919033288832,-2.6305613619093324,8.47031185439763,-0.1080757369569354,-0.07046780700536992
7.652919033288832,-2.6305613619093324,8.47031185439763,-0.1080757369569354,-0.07046780700536992
7.652919033288832,-2.6305613619093324,8.47031185439763,-0.1080757369569354,-0.07046780700536992
7.652919033288832,-2.6305613619093324,8.47031185439763,-0.1080757369569354,-0.07046780700536992
7.652919033288832,-2.6305613619093324,8.47031185439763,-0.1080757369569354,-0.07046780700536992
7.652919033288832,-2.6305613619093324,8.47031185439763,-0.1080757369569354,-0.07046780700536992
7.652919033288832,-2.6305613619093324,8.47031185439763,-0.1080757369569354,-0.07046780700536992
7.652919033288832,-2.6305613619093324,8.47031185439763,-0.1080757369569354,-0.07046780700536992
7.652919033288832,-2.6305613619093324,8.47031185439763,-0.1080757369569354,-0.07046780700536992
7.652919033288832,-2.6305613619093324,8.47031185439763,-0.1080757369569354,-0.07046780700536992
7.652919033288832,-2.6305613619093324,8.47031185439763,-0.1080757369569354,-0.07046780700536992
7.652919033288832,-2.6305613619093324,8.47031185439763,-0.1080757369569354,-0.07046780700536992
7.652919033288832,-2.6305613619093324,8.47031185439763,-0.1080757369569354,-0.07046780700536992
7.652919033288832,-2.6305613619093324,8.47031185439763,-0.1080757369569354,-0.07046780700536992
7.652919033288832,-2.6305613619093324,8.47031185439763,-0.1080757369569354,-0.07046780700536992
7.652919033288832,-2.6305613619093324,8.47031185439763,-0.1080757369569354,-0.07046780700536992
7.652919033288832,-2.6305613619093324,8.47031185439763,-0.1080757369569354,-0.07046780700536992
7.652919033288832,-2.6305613619093324,8.47031185439763,-0.1080757369569354,-0.07046780700536992
7.652919033288832,-2.6305613619093324,8.47031185439763,-0.1080757369569354,-0.07046780700536992
7.725813390386732,-2.6268491948343384,8.504638488099326,-0.1043635698819414,-0.03614117330367428
7.725813390386732,-2.6268491948343384,8.504638488099326,-0.1043635698819414,-0.03614117330367428
7.725813390386732,-2.6268491948343384,8.504638488099326,-0.1043635698819414,-0.03614117330367428
7.725813390386732,-2.6268491948343384,8.504638488099326,-0.1043635698819414,-0.03614117330367428
7.725813390386732,-2.6268491948343384,8.504638488099326,-0.1043635698819414,-0.03614117330367428
7.725813390386732,-2.6268491948343384,8.504638488099326,-0.1043635698819414,-0.03614117330367428
7.725813390386732,-2.6268491948343384,8.504638488099326,-0.1043635698819414,-0.03614117330367428
7.725813390386732,-2.6268491948343384,8.504638488099326,-0.1043635698819414,-0.03614117330367428
7.725813390386732,-2.6268491948343384,8.504638488099326,-0.1043635698819414,-0.03614117330367428
7.725813390386732,-2.6268491948343384,8.504638488099326,-0.1043635698819414,-0.03614117330367428
7.725813390386732,-2.6268491948343384,8.504638488099326,-0.1043635698819414,-0.03614117330367428
7.725813390386732,-2.6268491948343384,8.504638488099326,-0.1043635698819414,-0.03614117330367428
7.725813390386732,-2.6268491948343384,8.504638488099326,-0.1043635698819414,-0.03614117330367428
7.725813390386732,-2.6268491948343384,8.504638488099326,-0.1043635698819414,-0.03614117330367428
7.725813390386732,-2.6268491948343384,8.504638488099326,-0.1043635698819414,-0.03614117330367428
7.725813390386732,-2.6268491948343384,8.504638488099326,-0.1043635698819414,-0.03614117330367428
7.725813390386732,-2.6268491948343384,8.504638488099326,-0.1043635698819414,-0.03614117330367428
7.725813390386732,-2.6268491948343384,8.504638488099326,-0.1043635698819414,-0.03614117330367428
7.725813390386732,-2.6268491948343384,8.504638488099326,-0.1043635698819414,-0.03614117330367428
7.725813390386732,-2.6268491948343384,8.504638488099326,-0.1043635698819414,-0.03614117330367428
7.725813390386732,-2.6268491948343384,8.504638488099326,-0.1043635698819414,-0.03614117330367428
7.725813390386732,-2.6268491948343384,8.504638488099326,-0.1043635698819414,-0.03614117330367428
7.725813390386732,-2.6268491948343384,8.504638488099326,-0.1043635698819414,-0.03614117330367428
7.725813390386732,-2.6268491948343384,8.504638488099326,-0.1043635698819414,-0.03614117330367428
7.725813390386732,-2.6268491948343384,8.504638488099326,-0.1043635698819414,-0.03614117330367428
7.725813390386732,-2.6268491948343384,8.504638488099326,-0.1043635698819414,-0.03614117330367428
7.725813390386732,-2.6268491948343384,8.504638488099326,-0.1043635698819414,-0.03614117330367428
7.725813390386732,-2.6268491948343384,8.504638488099326,-0.1043635698819414,-0.03614117330367428
7.725813390386732,-2.6268491948343384,8.504638488099326,-0.1043635698819414,-0.03614117330367428
7.725813390386732,-2.6268491948343384,8.504638488099326,-0.1043635698819414,-0.03614117330367428
7.725813390386732,-2.6268491948343384,8.504638488099326,-0.1043635698819414,-0.03614117330367428
7.725813390386732,-2.6268491948343384,8.504638488099326,-0.1043635698819414,-0.03614117330367428
7.725813390386732,-2.6268491948343384,8.504638488099326,-0.1043635698819414,-0.03614117330367428
7.725813390386732,-2.6268491948343384,8.504638488099326,-0.1043635698819414,-0.03614117330367428
7.725813390386732,-2.6268491948343384,8.504638488099326,-0.1043635698819414,-0.03614117330367428
7.725813390386732,-2.6268491948343384,8.504638488099326,-0.1043635698819414,-0.03614117330367428
7.725813390386732,-2.6268491948343384,8.504638488099326,-0.1043635698819414,-0.03614117330367428
7.725813390386732,-2.6268491948343384,8.504638488099326,-0.1043635698819414,-0.03614117330367428
7.725813390386732,-2.6268491948343384,8.504638488099326,-0.1043635698819414,-0.03614117330367428
7.725813390386732,-2.6268491948343384,8.504638488099326,-0.1043635698819414,-0.03614117330367428
7.725813390386732,-2.6268491948343384,8.504638488099326,-0.1043635698819414,-0.03614117330367428
7.725813390386732,-2.6268491948343384,8.504638488099326,-0.1043635698819414,-0.03614117330367428
7.725813390386732,-2.6268491948343384,8.504638488099326,-0.1043635698819414,-0.03614117330367428
7.725813390386732,-2.6268491948343384,8.504638488099326,-0.1043635698819414,-0.03614117330367428
7.725813390386732,-2.6268491948343384,8.504638488099326,-0.1043635698819414,-0.03614117330367428
7.725813390386732,-2.6268491948343384,8.504638488099326,-0.1043635698819414,-0.03614117330367428
7.77573608475142,-2.625223202726591,8.50369421711924,-0.10273757777419412,-0.03708544428376115
7.77573608475142,-2.625223202726591,8.50369421711924,-0.10273757777419412,-0.03708544428376115
7.77573608475142,-2.625223202726591,8.50369421711924,-0.10273757777419412,-0.03708544428376115
7.77573608475142,-2.625223202726591,8.50369421711924,-0.10273757777419412,-0.03708544428376115
7.77573608475142,-2.625223202726591,8.50369421711924,-0.10273757777419412,-0.03708544428376115
7.77573608475142,-2.625223202726591,8.50369421711924,-0.10273757777419412,-0.03708544428376115
7.77573608475142,-2.625223202726591,8.50369421711924,-0.10273757777419412,-0.03708544428376115
7.77573608475142,-2.625223202726591,8.50369421711924,-0.10273757777419412,-0.03708544428376115
7.77573608475142,-2.625223202726591,8.50369421711924,-0.10273757777419412,-0.03708544428376115
7.77573608475142,-2.625223202726591,8.50369421711924,-0.10273757777419412,-0.03708544428376115
7.77573608475142,-2.625223202726591,8.50369421711924,-0.10273757777419412,-0.03708544428376115
7.77573608475142,-2.625223202726591,8.50369421711924,-0.10273757777419412,-0.03708544428376115
7.77573608475142,-2.625223202726591,8.50369421711924,-0.10273757777419412,-0.03708544428376115
7.77573608475142,-2.625223202726591,8.50369421711924,-0.10273757777419412,-0.03708544428376115
7.77573608475142,-2.625223202726591,8.50369421711924,-0.10273757777419412,-0.03708544428376115
7.77573608475142,-2.625223202726591,8.50369421711924,-0.10273757777419412,-0.03708544428376115
7.77573608475142,-2.625223202726591,8.50369421711924,-0.10273757777419412,-0.03708544428376115
7.77573608475142,-2.625223202726591,8.50369421711924,-0.10273757777419412,-0.03708544428376115
7.77573608475142,-2.625223202726591,8.50369421711924,-0.10273757777419412,-0.03708544428376115
7.77573608475142,-2.625223202726591,8.50369421711924,-0.10273757777419412,-0.03708544428376115
7.731604468278279,-2.6240353310114957,8.520209316314936,-0.10154970605909863,-0.0205703450880641
7.731604468278279,-2.6240353310114957,8.520209316314936,-0.10154970605909863,-0.0205703450880641
7.731604468278279,-2.6240353310114957,8.520209316314936,-0.10154970605909863,-0.0205703450880641
7.731604468278279,-2.6240353310114957,8.520209316314936,-0.10154970605909863,-0.0205703450880641
7.731604468278279,-2.6240353310114957,8.520209316314936,-0.10154970605909863,-0.0205703450880641
7.731604468278279,-2.6240353310114957,8.520209316314936,-0.10154970605909863,-0.0205703450880641
7.731604468278279,-2.6240353310114957,8.520209316314936,-0.10154970605909863,-0.0205703450880641
7.731604468278279,-2.6240353310114957,8.520209316314936,-0.10154970605909863,-0.0205703450880641
7.731604468278279,-2.6240353310114957,8.520209316314936,-0.10154970605909863,-0.0205703450880641
7.731604468278279,-2.6240353310114957,8.520209316314936,-0.10154970605909863,-0.0205703450880641
7.731604468278279,-2.6240353310114957,8.520209316314936,-0.10154970605909863,-0.0205703450880641
7.731604468278279,-2.6240353310114957,8.520209316314936,-0.10154970605909863,-0.0205703450880641
7.731604468278279,-2.6240353310114957,8.520209316314936,-0.10154970605909863,-0.0205703450880641
7.731604468278279,-2.6240353310114957,8.520209316314936,-0.10154970605909863,-0.0205703450880641
7.731604468278279,-2.6240353310114957,8.520209316314936,-0.10154970605909863,-0.0205703450880641
7.731604468278279,-2.6240353310114957,8.520209316314936,-0.10154970605909863,-0.0205703450880641
7.731604468278279,-2.6240353310114957,8.520209316314936,-0.10154970605909863,-0.0205703450880641
7.731604468278279,-2.6240353310114957,8.520209316314936,-0.10154970605909863,-0.0205703450880641
7.7798623692403295,-2.6235344852675393,8.54308626783279,-0.10104886031514226,0.002306606429788971
7.7798623692403295,-2.6235344852675393,8.54308626783279,-0.10104886031514226,0.002306606429788971
7.7798623692403295,-2.6235344852675393,8.54308626783279,-0.10104886031514226,0.002306606429788971
7.7798623692403295,-2.6235344852675393,8.54308626783279,-0.10104886031514226,0.002306606429788971
7.7798623692403295,-2.6235344852675393,8.54308626783279,-0.10104886031514226,0.002306606429788971
7.7798623692403295,-2.6235344852675393,8.54308626783279,-0.10104886031514226,0.002306606429788971
7.7798623692403295,-2.6235344852675393,8.54308626783279,-0.10104886031514226,0.002306606429788971
7.7798623692403295,-2.6235344852675393,8.54308626783279,-0.10104886031514226,0.002306606429788971
7.7798623692403295,-2.6235344852675393,8.54308626783279,-0.10104886031514226,0.002306606429788971
7.7798623692403295,-2.6235344852675393,8.54308626783279,-0.10104886031514226,0.002306606429788971
7.7798623692403295,-2.6235344852675393,8.54308626783279,-0.10104886031514226,0.002306606429788971
7.7798623692403295,-2.6235344852675393,8.54308626783279,-0.10104886031514226,0.002306606429788971
7.79722485388248,-2.6233405165016963,8.379436789757474,-0.10085489154929927,-0.16134287164552674
7.79722485388248,-2.6233405165016963,8.379436789757474,-0.10085489154929927,-0.16134287164552674
7.79722485388248,-2.6233405165016963,8.379436789757474,-0.10085489154929927,-0.16134287164552674
7.79722485388248,-2.6233405165016963,8.379436789757474,-0.10085489154929927,-0.16134287164552674
7.79722485388248,-2.6233405165016963,8.379436789757474,-0.10085489154929927,-0.16134287164552674
7.79722485388248,-2.6233405165016963,8.379436789757474,-0.10085489154929927,-0.16134287164552674
7.79722485388248,-2.6233405165016963,8.379436789757474,-0.10085489154929927,-0.16134287164552674
7.79722485388248,-2.6233405165016963,8.379436789757474,-0.10085489154929927,-0.16134287164552674
7.79722485388248,-2.6233405165016963,8.379436789757474,-0.10085489154929927,-0.16134287164552674
7.79722485388248,-2.6233405165016963,8.379436789757474,-0.10085489154929927,-0.16134287164552674
7.79722485388248,-2.6233405165016963,8.379436789757474,-0.10085489154929927,-0.16134287164552674
7.79722485388248,-2.6233405165016963,8.379436789757474,-0.10085489154929927,-0.16134287164552674
7.79722485388248,-2.6233405165016963,8.379436789757474,-0.10085489154929927,-0.16134287164552674
7.79722485388248,-2.6233405165016963,8.379436789757474,-0.10085489154929927,-0.16134287164552674
7.79722485388248,-2.6233405165016963,8.379436789757474,-0.10085489154929927,-0.16134287164552674
7.79722485388248,-2.6233405165016963,8.379436789757474,-0.10085489154929927,-0.16134287164552674
7.79722485388248,-2.6233405165016963,8.379436789757474,-0.10085489154929927,-0.16134287164552674
7.79722485388248,-2.6233405165016963,8.379436789757474,-0.10085489154929927,-0.16134287164552674
7.79722485388248,-2.6233405165016963,8.379436789757474,-0.10085489154929927,-0.16134287164552674
7.79722485388248,-2.6233405165016963,8.379436789757474,-0.10085489154929927,-0.16134287164552674
7.79722485388248,-2.6233405165016963,8.379436789757474,-0.10085489154929927,-0.16134287164552674
7.79722485388248,-2.6233405165016963,8.379436789757474,-0.10085489154929927,-0.16134287164552674
7.7054034608620485,-2.6183687495791865,8.546894146853326,-0.0958831246267895,0.0061144854503254464
7.7054034608620485,-2.6183687495791865,8.546894146853326,-0.0958831246267895,0.0061144854503254464
7.7054034608620485,-2.6183687495791865,8.546894146853326,-0.0958831246267895,0.0061144854503254464
7.7054034608620485,-2.6183687495791865,8.546894146853326,-0.0958831246267895,0.0061144854503254464
7.7054034608620485,-2.6183687495791865,8.546894146853326,-0.0958831246267895,0.0061144854503254464
7.7054034608620485,-2.6183687495791865,8.546894146853326,-0.0958831246267895,0.0061144854503254464
7.7054034608620485,-2.6183687495791865,8.546894146853326,-0.0958831246267895,0.0061144854503254464
7.7054034608620485,-2.6183687495791865,8.546894146853326,-0.0958831246267895,0.0061144854503254464
7.7054034608620485,-2.6183687495791865,8.546894146853326,-0.0958831246267895,0.0061144854503254464
7.7054034608620485,-2.6183687495791865,8.546894146853326,-0.0958831246267895,0.0061144854503254464
7.7054034608620485,-2.6183687495791865,8.546894146853326,-0.0958831246267895,0.0061144854503254464
7.7054034608620485,-2.6183687495791865,8.546894146853326,-0.0958831246267895,0.0061144854503254464
7.7054034608620485,-2.6183687495791865,8.546894146853326,-0.0958831246267895,0.0061144854503254464
7.7054034608620485,-2.6183687495791865,8.546894146853326,-0.0958831246267895,0.0061144854503254464
7.798882370289005,-2.618367760882236,8.539879057637377,-0.09588213592983896,-0.0009006037656238419
7.798882370289005,-2.618367760882236,8.539879057637377,-0.09588213592983896,-0.0009006037656238419
7.798882370289005,-2.618367760882236,8.539879057637377,-0.09588213592983896,-0.0009006037656238419
7.798882370289005,-2.618367760882236,8.539879057637377,-0.09588213592983896,-0.0009006037656238419
7.798882370289005,-2.618367760882236,8.539879057637377,-0.09588213592983896,-0.0009006037656238419
7.798882370289005,-2.618367760882236,8.539879057637377,-0.09588213592983896,-0.0009006037656238419
7.798882370289005,-2.618367760882236,8.539879057637377,-0.09588213592983896,-0.0009006037656238419
7.798882370289005,-2.618367760882236,8.539879057637377,-0.09588213592983896,-0.0009006037656238419
7.798882370289005,-2.618367760882236,8.539879057637377,-0.09588213592983896,-0.0009006037656238419
7.798882370289005,-2.618367760882236,8.539879057637377,-0.09588213592983896,-0.0009006037656238419
7.798882370289005,-2.618367760882236,8.539879057637377,-0.09588213592983896,-0.0009006037656238419
7.798882370289005,-2.618367760882236,8.539879057637377,-0.09588213592983896,-0.0009006037656238419
7.798882370289005,-2.618367760882236,8.539879057637377,-0.09588213592983896,-0.0009006037656238419
7.798882370289005,-2.618367760882236,8.539879057637377,-0.09588213592983896,-0.0009006037656238419
7.798882370289005,-2.618367760882236,8.539879057637377,-0.09588213592983896,-0.0009006037656238419
7.798882370289005,-2.618367760882236,8.539879057637377,-0.09588213592983896,-0.0009006037656238419
7.798882370289005,-2.618367760882236,8.539879057637377,-0.09588213592983896,-0.0009006037656238419
7.798882370289005,-2.618367760882236,8.539879057637377,-0.09588213592983896,-0.0009006037656238419
7.798882370289005,-2.618367760882236,8.539879057637377,-0.09588213592983896,-0.0009006037656238419
7.828901691844696,-2.6180265814298163,8.54933084985639,-0.09554095647741923,0.008551188453388647
7.828901691844696,-2.6180265814298163,8.54933084985639,-0.09554095647741923,0.008551188453388647
7.828901691844696,-2.6180265814298163,8.54933084985639,-0.09554095647741923,0.008551188453388647
7.828901691844696,-2.6180265814298163,8.54933084985639,-0.09554095647741923,0.008551188453388647
7.828901691844696,-2.6180265814298163,8.54933084985639,-0.09554095647741923,0.008551188453388647
7.828901691844696,-2.6180265814298163,8.54933084985639,-0.09554095647741923,0.008551188453388647
7.828901691844696,-2.6180265814298163,8.54933084985639,-0.09554095647741923,0.008551188453388647
7.828901691844696,-2.6180265814298163,8.54933084985639,-0.09554095647741923,0.008551188453388647
7.828901691844696,-2.6180265814298163,8.54933084985639,-0.09554095647741923,0.008551188453388647
7.828901691844696,-2.6180265814298163,8.54933084985639,-0.09554095647741923,0.008551188453388647
7.828901691844696,-2.6180265814298163,8.54933084985639,-0.09554095647741923,0.008551188453388647
7.828901691844696,-2.6180265814298163,8.54933084985639,-0.09554095647741923,0.008551188453388647
7.828901691844696,-2.6180265814298163,8.54933084985639,-0.09554095647741923,0.008551188453388647
7.718443655207276,-2.616359892992053,8.518943607892657,-0.09387426803965582,-0.021836053510343234
7.718443655207276,-2.616359892992053,8.518943607892657,-0.09387426803965582,-0.021836053510343234
7.718443655207276,-2.616359892992053,8.518943607892657,-0.09387426803965582,-0.021836053510343234
7.718443655207276,-2.616359892992053,8.518943607892657,-0.09387426803965582,-0.021836053510343234
7.718443655207276,-2.616359892992053,8.518943607892657,-0.09387426803965582,-0.021836053510343234
7.718443655207276,-2.616359892992053,8.518943607892657,-0.09387426803965582,-0.021836053510343234
7.718443655207276,-2.616359892992053,8.518943607892657,-0.09387426803965582,-0.021836053510343234
7.718443655207276,-2.616359892992053,8.518943607892657,-0.09387426803965582,-0.021836053510343234
7.718443655207276,-2.616359892992053,8.518943607892657,-0.09387426803965582,-0.021836053510343234
7.718443655207276,-2.616359892992053,8.518943607892657,-0.09387426803965582,-0.021836053510343234
7.718443655207276,-2.616359892992053,8.518943607892657,-0.09387426803965582,-0.021836053510343234
7.718443655207276,-2.616359892992053,8.518943607892657,-0.09387426803965582,-0.021836053510343234
7.694104203034433,-2.611039813931189,8.453209064080868,-0.08855418897879197,-0.08757059732213257
7.694104203034433,-2.611039813931189,8.453209064080868,-0.08855418897879197,-0.08757059732213257
7.694104203034433,-2.611039813931189,8.453209064080868,-0.08855418897879197,-0.08757059732213257
7.694104203034433,-2.611039813931189,8.453209064080868,-0.08855418897879197,-0.08757059732213257
7.694104203034433,-2.611039813931189,8.453209064080868,-0.08855418897879197,-0.08757059732213257
7.694104203034433,-2.611039813931189,8.453209064080868,-0.08855418897879197,-0.08757059732213257
7.694104203034433,-2.611039813931189,8.453209064080868,-0.08855418897879197,-0.08757059732213257
7.694104203034433,-2.611039813931189,8.453209064080868,-0.08855418897879197,-0.08757059732213257
7.694104203034433,-2.611039813931189,8.453209064080868,-0.08855418897879197,-0.08757059732213257
7.694104203034433,-2.611039813931189,8.453209064080868,-0.08855418897879197,-0.08757059732213257
7.694104203034433,-2.611039813931189,8.453209064080868,-0.08855418897879197,-0.08757059732213257
7.694104203034433,-2.611039813931189,8.453209064080868,-0.08855418897879197,-0.08757059732213257
7.694104203034433,-2.611039813931189,8.453209064080868,-0.08855418897879197,-0.08757059732213257
7.694104203034433,-2.611039813931189,8.453209064080868,-0.08855418897879197,-0.08757059732213257
7.694104203034433,-2.611039813931189,8.453209064080868,-0.08855418897879197,-0.08757059732213257
7.694104203034433,-2.611039813931189,8.453209064080868,-0.08855418897879197,-0.08757059732213257
7.694104203034433,-2.611039813931189,8.453209064080868,-0.08855418897879197,-0.08757059732213257
7.694104203034433,-2.611039813931189,8.453209064080868,-0.08855418897879197,-0.08757059732213257
7.694104203034433,-2.611039813931189,8.453209064080868,-0.08855418897879197,-0.08757059732213257
7.694104203034433,-2.611039813931189,8.453209064080868,-0.08855418897879197,-0.08757059732213257
7.803823777019457,-2.6034399570713895,8.518472851759851,-0.0809543321189925,-0.02230680964314935
7.803823777019457,-2.6034399570713895,8.518472851759851,-0.0809543321189925,-0.02230680964314935
7.803823777019457,-2.6034399570713895,8.518472851759851,-0.0809543321189925,-0.02230680964314935
7.803823777019457,-2.6034399570713895,8.518472851759851,-0.0809543321189925,-0.02230680964314935
7.803823777019457,-2.6034399570713895,8.518472851759851,-0.0809543321189925,-0.02230680964314935
7.803823777019457,-2.6034399570713895,8.518472851759851,-0.0809543321189925,-0.02230680964314935
7.803823777019457,-2.6034399570713895,8.518472851759851,-0.0809543321189925,-0.02230680964314935
7.803823777019457,-2.6034399570713895,8.518472851759851,-0.0809543321189925,-0.02230680964314935
7.803823777019457,-2.6034399570713895,8.518472851759851,-0.0809543321189925,-0.02230680964314935
7.803823777019457,-2.6034399570713895,8.518472851759851,-0.0809543321189925,-0.02230680964314935
7.803823777019457,-2.6034399570713895,8.518472851759851,-0.0809543321189925,-0.02230680964314935
7.803823777019457,-2.6034399570713895,8.518472851759851,-0.0809543321189925,-0.02230680964314935
7.803823777019457,-2.6034399570713895,8.518472851759851,-0.0809543321189925,-0.02230680964314935
7.803823777019457,-2.6034399570713895,8.518472851759851,-0.0809543321189925,-0.02230680964314935
7.803823777019457,-2.6034399570713895,8.518472851759851,-0.0809543321189925,-0.02230680964314935
7.803823777019457,-2.6034399570713895,8.518472851759851,-0.0809543321189925,-0.02230680964314935
7.803823777019457,-2.6034399570713895,8.518472851759851,-0.0809543321189925,-0.02230680964314935
7.803823777019457,-2.6034399570713895,8.518472851759851,-0.0809543321189925,-0.02230680964314935
7.762711817864342,-2.603381499277446,8.531267039871938,-0.08089587432504919,-0.009512621531062138
7.762711817864342,-2.603381499277446,8.531267039871938,-0.08089587432504919,-0.009512621531062138
7.762711817864342,-2.603381499277446,8.531267039871938,-0.08089587432504919,-0.009512621531062138
7.762711817864342,-2.603381499277446,8.531267039871938,-0.08089587432504919,-0.009512621531062138
7.762711817864342,-2.603381499277446,8.531267039871938,-0.08089587432504919,-0.009512621531062138
7.762711817864342,-2.603381499277446,8.531267039871938,-0.08089587432504919,-0.009512621531062138
7.762711817864342,-2.603381499277446,8.531267039871938,-0.08089587432504919,-0.009512621531062138
7.762711817864342,-2.603381499277446,8.531267039871938,-0.08089587432504919,-0.009512621531062138
7.762711817864342,-2.603381499277446,8.531267039871938,-0.08089587432504919,-0.009512621531062138
7.762711817864342,-2.603381499277446,8.531267039871938,-0.08089587432504919,-0.009512621531062138
7.762711817864342,-2.603381499277446,8.531267039871938,-0.08089587432504919,-0.009512621531062138
7.762711817864342,-2.603381499277446,8.531267039871938,-0.08089587432504919,-0.009512621531062138
7.742337803593754,-2.603166170175859,8.48335171683506,-0.08068054522346202,-0.05742794456794087
7.742337803593754,-2.603166170175859,8.48335171683506,-0.08068054522346202,-0.05742794456794087
7.742337803593754,-2.603166170175859,8.48335171683506,-0.08068054522346202,-0.05742794456794087
7.742337803593754,-2.603166170175859,8.48335171683506,-0.08068054522346202,-0.05742794456794087
7.742337803593754,-2.603166170175859,8.48335171683506,-0.08068054522346202,-0.05742794456794087
7.742337803593754,-2.603166170175859,8.48335171683506,-0.08068054522346202,-0.05742794456794087
7.742337803593754,-2.603166170175859,8.48335171683506,-0.08068054522346202,-0.05742794456794087
7.742337803593754,-2.603166170175859,8.48335171683506,-0.08068054522346202,-0.05742794456794087
7.742490593632491,-2.6024120845359846,8.526673002014569,-0.07992645958358757,-0.014106659388431808
7.742490593632491,-2.6024120845359846,8.526673002014569,-0.07992645958358757,-0.014106659388431808
7.742490593632491,-2.6024120845359846,8.526673002014569,-0.07992645958358757,-0.014106659388431808
7.742490593632491,-2.6024120845359846,8.526673002014569,-0.07992645958358757,-0.014106659388431808
7.742490593632491,-2.6024120845359846,8.526673002014569,-0.07992645958358757,-0.014106659388431808
7.742490593632491,-2.6024120845359846,8.526673002014569,-0.07992645958358757,-0.014106659388431808
7.742490593632491,-2.6024120845359846,8.526673002014569,-0.07992645958358757,-0.014106659388431808
7.742490593632491,-2.6024120845359846,8.526673002014569,-0.07992645958358757,-0.014106659388431808
7.742490593632491,-2.6024120845359846,8.526673002014569,-0.07992645958358757,-0.014106659388431808
7.742490593632491,-2.6024120845359846,8.526673002014569,-0.07992645958358757,-0.014106659388431808
7.742490593632491,-2.6024120845359846,8.526673002014569,-0.07992645958358757,-0.014106659388431808
7.742490593632491,-2.6024120845359846,8.526673002014569,-0.07992645958358757,-0.014106659388431808
7.742490593632491,-2.6024120845359846,8.526673002014569,-0.07992645958358757,-0.014106659388431808
7.742490593632491,-2.6024120845359846,8.526673002014569,-0.07992645958358757,-0.014106659388431808
7.742490593632491,-2.6024120845359846,8.526673002014569,-0.07992645958358757,-0.014106659388431808
7.742490593632491,-2.6024120845359846,8.526673002014569,-0.07992645958358757,-0.014106659388431808
7.742490593632491,-2.6024120845359846,8.526673002014569,-0.07992645958358757,-0.014106659388431808
7.694564357792803,-2.6013098533011694,8.538100784009519,-0.07882422834877234,-0.0026788773934818266
7.694564357792803,-2.6013098533011694,8.538100784009519,-0.07882422834877234,-0.0026788773934818266
7.694564357792803,-2.6013098533011694,8.538100784009519,-0.07882422834877234,-0.0026788773934818266
7.694564357792803,-2.6013098533011694,8.538100784009519,-0.07882422834877234,-0.0026788773934818266
7.694564357792803,-2.6013098533011694,8.538100784009519,-0.07882422834877234,-0.0026788773934818266
7.694564357792803,-2.6013098533011694,8.538100784009519,-0.07882422834877234,-0.0026788773934818266
7.694564357792803,-2.6013098533011694,8.538100784009519,-0.07882422834877234,-0.0026788773934818266
7.694564357792803,-2.6013098533011694,8.538100784009519,-0.07882422834877234,-0.0026788773934818266
7.694564357792803,-2.6013098533011694,8.538100784009519,-0.07882422834877234,-0.0026788773934818266
7.694564357792803,-2.6013098533011694,8.538100784009519,-0.07882422834877234,-0.0026788773934818266
7.694564357792803,-2.6013098533011694,8.538100784009519,-0.07882422834877234,-0.0026788773934818266
7.694564357792803,-2.6013098533011694,8.538100784009519,-0.07882422834877234,-0.0026788773934818266
7.694564357792803,-2.6013098533011694,8.538100784009519,-0.07882422834877234,-0.0026788773934818266
7.694564357792803,-2.6013098533011694,8.538100784009519,-0.07882422834877234,-0.0026788773934818266
7.694564357792803,-2.6013098533011694,8.538100784009519,-0.07882422834877234,-0.0026788773934818266
7.777333288843675,-2.600023301875552,8.479896405834769,-0.07753767692315483,-0.06088325556823193
7.777333288843675,-2.600023301875552,8.479896405834769,-0.07753767692315483,-0.06088325556823193
7.777333288843675,-2.600023301875552,8.479896405834769,-0.07753767692315483,-0.06088325556823193
7.777333288843675,-2.600023301875552,8.479896405834769,-0.07753767692315483,-0.06088325556823193
7.777333288843675,-2.600023301875552,8.479896405834769,-0.07753767692315483,-0.06088325556823193
7.777333288843675,-2.600023301875552,8.479896405834769,-0.07753767692315483,-0.06088325556823193
7.777333288843675,-2.600023301875552,8.479896405834769,-0.07753767692315483,-0.06088325556823193
7.777333288843675,-2.600023301875552,8.479896405834769,-0.07753767692315483,-0.06088325556823193
7.777333288843675,-2.600023301875552,8.479896405834769,-0.07753767692315483,-0.06088325556823193
7.777333288843675,-2.600023301875552,8.479896405834769,-0.07753767692315483,-0.06088325556823193
7.777333288843675,-2.600023301875552,8.479896405834769,-0.07753767692315483,-0.06088325556823193
7.777333288843675,-2.600023301875552,8.479896405834769,-0.07753767692315483,-0.06088325556823193
7.777333288843675,-2.600023301875552,8.479896405834769,-0.07753767692315483,-0.06088325556823193
7.742324054210542,-2.5982874451593703,8.430253655858117,-0.07580182020697324,-0.11052600554488379
7.742324054210542,-2.5982874451593703,8.430253655858117,-0.07580182020697324,-0.11052600554488379
7.742324054210542,-2.5982874451593703,8.430253655858117,-0.07580182020697324,-0.11052600554488379
7.742324054210542,-2.5982874451593703,8.430253655858117,-0.07580182020697324,-0.11052600554488379
7.742324054210542,-2.5982874451593703,8.430253655858117,-0.07580182020697324,-0.11052600554488379
7.742324054210542,-2.5982874451593703,8.430253655858117,-0.07580182020697324,-0.11052600554488379
7.742324054210542,-2.5982874451593703,8.430253655858117,-0.07580182020697324,-0.11052600554488379
7.742324054210542,-2.5982874451593703,8.430253655858117,-0.07580182020697324,-0.11052600554488379
7.742324054210542,-2.5982874451593703,8.430253655858117,-0.07580182020697324,-0.11052600554488379
7.742324054210542,-2.5982874451593703,8.430253655858117,-0.07580182020697324,-0.11052600554488379
7.742324054210542,-2.5982874451593703,8.430253655858117,-0.07580182020697324,-0.11052600554488379
7.742324054210542,-2.5982874451593703,8.430253655858117,-0.07580182020697324,-0.11052600554488379
7.742324054210542,-2.5982874451593703,8.430253655858117,-0.07580182020697324,-0.11052600554488379
7.742324054210542,-2.5982874451593703,8.430253655858117,-0.07580182020697324,-0.11052600554488379
7.742324054210542,-2.5982874451593703,8.430253655858117,-0.07580182020697324,-0.11052600554488379
7.742324054210542,-2.5982874451593703,8.430253655858117,-0.07580182020697324,-0.11052600554488379
7.742324054210542,-2.5982874451593703,8.430253655858117,-0.07580182020697324,-0.11052600554488379
7.742324054210542,-2.5982874451593703,8.430253655858117,-0.07580182020697324,-0.11052600554488379
7.742324054210542,-2.5982874451593703,8.430253655858117,-0.07580182020697324,-0.11052600554488379
7.742324054210542,-2.5982874451593703,8.430253655858117,-0.07580182020697324,-0.11052600554488379
7.671946586997486,-2.5908357411094074,8.530912807697355,-0.06835011615701037,-0.00986685370564544
7.671946586997486,-2.5908357411094074,8.530912807697355,-0.06835011615701037,-0.00986685370564544
7.671946586997486,-2.5908357411094074,8.530912807697355,-0.06835011615701037,-0.00986685370564544
7.671946586997486,-2.5908357411094074,8.530912807697355,-0.06835011615701037,-0.00986685370564544
7.671946586997486,-2.5908357411094074,8.530912807697355,-0.06835011615701037,-0.00986685370564544
7.671946586997486,-2.5908357411094074,8.530912807697355,-0.06835011615701037,-0.00986685370564544
7.671946586997486,-2.5908357411094074,8.530912807697355,-0.06835011615701037,-0.00986685370564544
7.671946586997486,-2.5908357411094074,8.530912807697355,-0.06835011615701037,-0.00986685370564544
7.671946586997486,-2.5908357411094074,8.530912807697355,-0.06835011615701037,-0.00986685370564544
7.671946586997486,-2.5908357411094074,8.530912807697355,-0.06835011615701037,-0.00986685370564544
7.671946586997486,-2.5908357411094074,8.530912807697355,-0.06835011615701037,-0.00986685370564544
7.671946586997486,-2.5908357411094074,8.530912807697355,-0.06835011615701037,-0.00986685370564544
7.671946586997486,-2.5908357411094074,8.530912807697355,-0.06835011615701037,-0.00986685370564544
7.671946586997486,-2.5908357411094074,8.530912807697355,-0.06835011615701037,-0.00986685370564544
7.671946586997486,-2.5908357411094074,8.530912807697355,-0.06835011615701037,-0.00986685370564544
7.671946586997486,-2.5908357411094074,8.530912807697355,-0.06835011615701037,-0.00986685370564544
7.671946586997486,-2.5908357411094074,8.530912807697355,-0.06835011615701037,-0.00986685370564544
7.671946586997486,-2.5908357411094074,8.530912807697355,-0.06835011615701037,-0.00986685370564544
7.671946586997486,-2.5908357411094074,8.530912807697355,-0.06835011615701037,-0.00986685370564544
7.671946586997486,-2.5908357411094074,8.530912807697355,-0.06835011615701037,-0.00986685370564544
7.671946586997486,-2.5908357411094074,8.530912807697355,-0.06835011615701037,-0.00986685370564544
7.712937780785742,-2.5812143086767123,8.585154506823104,-0.05872868372431528,0.04437484542010317
7.712937780785742,-2.5812143086767123,8.585154506823104,-0.05872868372431528,0.04437484542010317
7.712937780785742,-2.5812143086767123,8.585154506823104,-0.05872868372431528,0.04437484542010317
7.712937780785742,-2.5812143086767123,8.585154506823104,-0.05872868372431528,0.04437484542010317
7.712937780785742,-2.5812143086767123,8.585154506823104,-0.05872868372431528,0.04437484542010317
7.712937780785742,-2.5812143086767123,8.585154506823104,-0.05872868372431528,0.04437484542010317
7.712937780785742,-2.5812143086767123,8.585154506823104,-0.05872868372431528,0.04437484542010317
7.712937780785742,-2.5812143086767123,8.585154506823104,-0.05872868372431528,0.04437484542010317
7.712937780785742,-2.5812143086767123,8.585154506823104,-0.05872868372431528,0.04437484542010317
7.769643952992754,-2.5786148585836797,8.517413734355037,-0.05612923363128264,-0.023365927047963808
7.769643952992754,-2.5786148585836797,8.517413734355037,-0.05612923363128264,-0.023365927047963808
7.769643952992754,-2.5786148585836797,8.517413734355037,-0.05612923363128264,-0.023365927047963808
7.769643952992754,-2.5786148585836797,8.517413734355037,-0.05612923363128264,-0.023365927047963808
7.769643952992754,-2.5786148585836797,8.517413734355037,-0.05612923363128264,-0.023365927047963808
7.769643952992754,-2.5786148585836797,8.517413734355037,-0.05612923363128264,-0.023365927047963808
7.769643952992754,-2.5786148585836797,8.517413734355037,-0.05612923363128264,-0.023365927047963808
7.769643952992754,-2.5786148585836797,8.517413734355037,-0.05612923363128264,-0.023365927047963808
7.769643952992754,-2.5786148585836797,8.517413734355037,-0.05612923363128264,-0.023365927047963808
7.769643952992754,-2.5786148585836797,8.517413734355037,-0.05612923363128264,-0.023365927047963808
7.769643952992754,-2.5786148585836797,8.517413734355037,-0.05612923363128264,-0.023365927047963808
7.769643952992754,-2.5786148585836797,8.517413734355037,-0.05612923363128264,-0.023365927047963808
7.769643952992754,-2.5786148585836797,8.517413734355037,-0.05612923363128264,-0.023365927047963808
7.686468643800298,-2.5785505465499963,8.515860022984235,-0.05606492159759924,-0.024919638418765544
7.686468643800298,-2.5785505465499963,8.515860022984235,-0.05606492159759924,-0.024919638418765544
7.686468643800298,-2.5785505465499963,8.515860022984235,-0.05606492159759924,-0.024919638418765544
7.686468643800298,-2.5785505465499963,8.515860022984235,-0.05606492159759924,-0.024919638418765544
7.686468643800298,-2.5785505465499963,8.515860022984235,-0.05606492159759924,-0.024919638418765544
7.686468643800298,-2.5785505465499963,8.515860022984235,-0.05606492159759924,-0.024919638418765544
7.686468643800298,-2.5785505465499963,8.515860022984235,-0.05606492159759924,-0.024919638418765544
7.686468643800298,-2.5785505465499963,8.515860022984235,-0.05606492159759924,-0.024919638418765544
7.686468643800298,-2.5785505465499963,8.515860022984235,-0.05606492159759924,-0.024919638418765544
7.686468643800298,-2.5785505465499963,8.515860022984235,-0.05606492159759924,-0.024919638418765544
7.686468643800298,-2.5785505465499963,8.515860022984235,-0.05606492159759924,-0.024919638418765544
7.686468643800298,-2.5785505465499963,8.515860022984235,-0.05606492159759924,-0.024919638418765544
7.686468643800298,-2.5785505465499963,8.515860022984235,-0.05606492159759924,-0.024919638418765544
7.686468643800298,-2.5785505465499963,8.515860022984235,-0.05606492159759924,-0.024919638418765544
7.686468643800298,-2.5785505465499963,8.515860022984235,-0.05606492159759924,-0.024919638418765544
7.686468643800298,-2.5785505465499963,8.515860022984235,-0.05606492159759924,-0.024919638418765544
7.686468643800298,-2.5785505465499963,8.515860022984235,-0.05606492159759924,-0.024919638418765544
7.686468643800298,-2.5785505465499963,8.515860022984235,-0.05606492159759924,-0.024919638418765544
7.686468643800298,-2.5785505465499963,8.515860022984235,-0.05606492159759924,-0.024919638418765544
7.686468643800298,-2.5785505465499963,8.515860022984235,-0.05606492159759924,-0.024919638418765544
7.686468643800298,-2.5785505465499963,8.515860022984235,-0.05606492159759924,-0.024919638418765544
7.686468643800298,-2.5785505465499963,8.515860022984235,-0.05606492159759924,-0.024919638418765544
7.686468643800298,-2.5785505465499963,8.515860022984235,-0.05606492159759924,-0.024919638418765544
7.686468643800298,-2.5785505465499963,8.515860022984235,-0.05606492159759924,-0.024919638418765544
7.686468643800298,-2.5785505465499963,8.515860022984235,-0.05606492159759924,-0.024919638418765544
7.686468643800298,-2.5785505465499963,8.515860022984235,-0.05606492159759924,-0.024919638418765544
7.686468643800298,-2.5785505465499963,8.515860022984235,-0.05606492159759924,-0.024919638418765544
7.686468643800298,-2.5785505465499963,8.515860022984235,-0.05606492159759924,-0.024919638418765544
7.686468643800298,-2.5785505465499963,8.515860022984235,-0.05606492159759924,-0.024919638418765544
7.686468643800298,-2.5785505465499963,8.515860022984235,-0.05606492159759924,-0.024919638418765544
7.686468643800298,-2.5785505465499963,8.515860022984235,-0.05606492159759924,-0.024919638418765544
7.686468643800298,-2.5785505465499963,8.515860022984235,-0.05606492159759924,-0.024919638418765544
7.686468643800298,-2.5785505465499963,8.515860022984235,-0.05606492159759924,-0.024919638418765544
7.686468643800298,-2.5785505465499963,8.515860022984235,-0.05606492159759924,-0.024919638418765544
7.686468643800298,-2.5785505465499963,8.515860022984235,-0.05606492159759924,-0.024919638418765544
7.686468643800298,-2.5785505465499963,8.515860022984235,-0.05606492159759924,-0.024919638418765544
7.686468643800298,-2.5785505465499963,8.515860022984235,-0.05606492159759924,-0.024919638418765544
7.686468643800298,-2.5785505465499963,8.515860022984235,-0.05606492159759924,-0.024919638418765544
7.686468643800298,-2.5785505465499963,8.515860022984235,-0.05606492159759924,-0.024919638418765544
7.686468643800298,-2.5785505465499963,8.515860022984235,-0.05606492159759924,-0.024919638418765544
7.686468643800298,-2.5785505465499963,8.515860022984235,-0.05606492159759924,-0.024919638418765544
7.686468643800298,-2.5785505465499963,8.515860022984235,-0.05606492159759924,-0.024919638418765544
7.686468643800298,-2.5785505465499963,8.515860022984235,-0.05606492159759924,-0.024919638418765544
7.686468643800298,-2.5785505465499963,8.515860022984235,-0.05606492159759924,-0.024919638418765544
7.686468643800298,-2.5785505465499963,8.515860022984235,-0.05606492159759924,-0.024919638418765544
7.686468643800298,-2.5785505465499963,8.515860022984235,-0.05606492159759924,-0.024919638418765544
7.757243290995186,-2.57713406341639,8.607332732534427,-0.05464843846399292,0.06655307113142683
7.757243290995186,-2.57713406341639,8.607332732534427,-0.05464843846399292,0.06655307113142683
7.757243290995186,-2.57713406341639,8.607332732534427,-0.05464843846399292,0.06655307113142683
7.757243290995186,-2.57713406341639,8.607332732534427,-0.05464843846399292,0.06655307113142683
7.757243290995186,-2.57713406341639,8.607332732534427,-0.05464843846399292,0.06655307113142683
7.757243290995186,-2.57713406341639,8.607332732534427,-0.05464843846399292,0.06655307113142683
7.757243290995186,-2.57713406341639,8.607332732534427,-0.05464843846399292,0.06655307113142683
7.757243290995186,-2.57713406341639,8.607332732534427,-0.05464843846399292,0.06655307113142683
7.757243290995186,-2.57713406341639,8.607332732534427,-0.05464843846399292,0.06655307113142683
7.757243290995186,-2.57713406341639,8.607332732534427,-0.05464843846399292,0.06655307113142683
7.757243290995186,-2.57713406341639,8.607332732534427,-0.05464843846399292,0.06655307113142683
7.757243290995186,-2.57713406341639,8.607332732534427,-0.05464843846399292,0.06655307113142683
7.757243290995186,-2.57713406341639,8.607332732534427,-0.05464843846399292,0.06655307113142683
7.757243290995186,-2.57713406341639,8.607332732534427,-0.05464843846399292,0.06655307113142683
7.757243290995186,-2.57713406341639,8.607332732534427,-0.05464843846399292,0.06655307113142683
7.757243290995186,-2.57713406341639,8.607332732534427,-0.05464843846399292,0.06655307113142683
7.757243290995186,-2.57713406341639,8.607332732534427,-0.05464843846399292,0.06655307113142683
7.751501518904621,-2.5758121950883517,8.55676338515878,-0.053326570135954654,0.015983723755779167
7.751501518904621,-2.5758121950883517,8.55676338515878,-0.053326570135954654,0.015983723755779167
7.751501518904621,-2.5758121950883517,8.55676338515878,-0.053326570135954654,0.015983723755779167
7.751501518904621,-2.5758121950883517,8.55676338515878,-0.053326570135954654,0.015983723755779167
7.751501518904621,-2.5758121950883517,8.55676338515878,-0.053326570135954654,0.015983723755779167
7.751501518904621,-2.5758121950883517,8.55676338515878,-0.053326570135954654,0.015983723755779167
7.751501518904621,-2.5758121950883517,8.55676338515878,-0.053326570135954654,0.015983723755779167
7.751501518904621,-2.5758121950883517,8.55676338515878,-0.053326570135954654,0.015983723755779167
7.751501518904621,-2.5758121950883517,8.55676338515878,-0.053326570135954654,0.015983723755779167
7.751501518904621,-2.5758121950883517,8.55676338515878,-0.053326570135954654,0.015983723755779167
7.751501518904621,-2.5758121950883517,8.55676338515878,-0.053326570135954654,0.015983723755779167
7.751501518904621,-2.5758121950883517,8.55676338515878,-0.053326570135954654,0.015983723755779167
7.751501518904621,-2.5758121950883517,8.55676338515878,-0.053326570135954654,0.015983723755779167
7.751501518904621,-2.5758121950883517,8.55676338515878,-0.053326570135954654,0.015983723755779167
7.751501518904621,-2.5758121950883517,8.55676338515878,-0.053326570135954654,0.015983723755779167
7.751501518904621,-2.5758121950883517,8.55676338515878,-0.053326570135954654,0.015983723755779167
7.751501518904621,-2.5758121950883517,8.55676338515878,-0.053326570135954654,0.015983723755779167
7.751501518904621,-2.5758121950883517,8.55676338515878,-0.053326570135954654,0.015983723755779167
7.751501518904621,-2.5758121950883517,8.55676338515878,-0.053326570135954654,0.015983723755779167
7.751501518904621,-2.5758121950883517,8.55676338515878,-0.053326570135954654,0.015983723755779167
7.751501518904621,-2.5758121950883517,8.55676338515878,-0.053326570135954654,0.015983723755779167
7.751501518904621,-2.5758121950883517,8.55676338515878,-0.053326570135954654,0.015983723755779167
7.751501518904621,-2.5758121950883517,8.55676338515878,-0.053326570135954654,0.015983723755779167
7.751501518904621,-2.5758121950883517,8.55676338515878,-0.053326570135954654,0.015983723755779167
7.751501518904621,-2.5758121950883517,8.55676338515878,-0.053326570135954654,0.015983723755779167
7.751501518904621,-2.5758121950883517,8.55676338515878,-0.053326570135954654,0.015983723755779167
7.751501518904621,-2.5758121950883517,8.55676338515878,-0.053326570135954654,0.015983723755779167
7.751501518904621,-2.5758121950883517,8.55676338515878,-0.053326570135954654,0.015983723755779167
7.751501518904621,-2.5758121950883517,8.55676338515878,-0.053326570135954654,0.015983723755779167
7.751501518904621,-2.5758121950883517,8.55676338515878,-0.053326570135954654,0.015983723755779167
7.751501518904621,-2.5758121950883517,8.55676338515878,-0.053326570135954654,0.015983723755779167
7.751501518904621,-2.5758121950883517,8.55676338515878,-0.053326570135954654,0.015983723755779167
7.751501518904621,-2.5758121950883517,8.55676338515878,-0.053326570135954654,0.015983723755779167
7.791086136707886,-2.5745258789385788,8.512606157949742,-0.05204025398618173,-0.02817350345325842
7.791086136707886,-2.5745258789385788,8.512606157949742,-0.05204025398618173,-0.02817350345325842
7.791086136707886,-2.5745258789385788,8.512606157949742,-0.05204025398618173,-0.02817350345325842
7.791086136707886,-2.5745258789385788,8.512606157949742,-0.05204025398618173,-0.02817350345325842
7.791086136707886,-2.5745258789385788,8.512606157949742,-0.05204025398618173,-0.02817350345325842
7.791086136707886,-2.5745258789385788,8.512606157949742,-0.05204025398618173,-0.02817350345325842
7.791086136707886,-2.5745258789385788,8.512606157949742,-0.05204025398618173,-0.02817350345325842
7.791086136707886,-2.5745258789385788,8.512606157949742,-0.05204025398618173,-0.02817350345325842
7.791086136707886,-2.5745258789385788,8.512606157949742,-0.05204025398618173,-0.02817350345325842
7.791086136707886,-2.5745258789385788,8.512606157949742,-0.05204025398618173,-0.02817350345325842
7.791086136707886,-2.5745258789385788,8.512606157949742,-0.05204025398618173,-0.02817350345325842
7.791086136707886,-2.5745258789385788,8.512606157949742,-0.05204025398618173,-0.02817350345325842
7.791086136707886,-2.5745258789385788,8.512606157949742,-0.05204025398618173,-0.02817350345325842
7.791086136707886,-2.5745258789385788,8.512606157949742,-0.05204025398618173,-0.02817350345325842
7.791086136707886,-2.5745258789385788,8.512606157949742,-0.05204025398618173,-0.02817350345325842
7.791086136707886,-2.5745258789385788,8.512606157949742,-0.05204025398618173,-0.02817350345325842
7.791086136707886,-2.5745258789385788,8.512606157949742,-0.05204025398618173,-0.02817350345325842
7.791086136707886,-2.5745258789385788,8.512606157949742,-0.05204025398618173,-0.02817350345325842
7.791086136707886,-2.5745258789385788,8.512606157949742,-0.05204025398618173,-0.02817350345325842
7.791086136707886,-2.5745258789385788,8.512606157949742,-0.05204025398618173,-0.02817350345325842
7.791086136707886,-2.5745258789385788,8.512606157949742,-0.05204025398618173,-0.02817350345325842
7.774646957202921,-2.573944604412229,8.513359940653332,-0.05145897945983213,-0.02741972074966803
7.774646957202921,-2.573944604412229,8.513359940653332,-0.05145897945983213,-0.02741972074966803
7.774646957202921,-2.573944604412229,8.513359940653332,-0.05145897945983213,-0.02741972074966803
7.774646957202921,-2.573944604412229,8.513359940653332,-0.05145897945983213,-0.02741972074966803
7.774646957202921,-2.573944604412229,8.513359940653332,-0.05145897945983213,-0.02741972074966803
7.774646957202921,-2.573944604412229,8.513359940653332,-0.05145897945983213,-0.02741972074966803
7.774646957202921,-2.573944604412229,8.513359940653332,-0.05145897945983213,-0.02741972074966803
7.774646957202921,-2.573944604412229,8.513359940653332,-0.05145897945983213,-0.02741972074966803
7.774646957202921,-2.573944604412229,8.513359940653332,-0.05145897945983213,-0.02741972074966803
7.774646957202921,-2.573944604412229,8.513359940653332,-0.05145897945983213,-0.02741972074966803
7.774646957202921,-2.573944604412229,8.513359940653332,-0.05145897945983213,-0.02741972074966803
7.774646957202921,-2.573944604412229,8.513359940653332,-0.05145897945983213,-0.02741972074966803
7.774646957202921,-2.573944604412229,8.513359940653332,-0.05145897945983213,-0.02741972074966803
7.774646957202921,-2.573944604412229,8.513359940653332,-0.05145897945983213,-0.02741972074966803
7.774646957202921,-2.573944604412229,8.513359940653332,-0.05145897945983213,-0.02741972074966803
7.774646957202921,-2.573944604412229,8.513359940653332,-0.05145897945983213,-0.02741972074966803
7.774646957202921,-2.573944604412229,8.513359940653332,-0.05145897945983213,-0.02741972074966803
7.774646957202921,-2.573944604412229,8.513359940653332,-0.05145897945983213,-0.02741972074966803
7.774646957202921,-2.573944604412229,8.513359940653332,-0.05145897945983213,-0.02741972074966803
7.774646957202921,-2.573944604412229,8.513359940653332,-0.05145897945983213,-0.02741972074966803
7.774646957202921,-2.573944604412229,8.513359940653332,-0.05145897945983213,-0.02741972074966803
7.774646957202921,-2.573944604412229,8.513359940653332,-0.05145897945983213,-0.02741972074966803
7.774646957202921,-2.573944604412229,8.513359940653332,-0.05145897945983213,-0.02741972074966803
7.774646957202921,-2.573944604412229,8.513359940653332,-0.05145897945983213,-0.02741972074966803
7.774646957202921,-2.573944604412229,8.513359940653332,-0.05145897945983213,-0.02741972074966803
7.774646957202921,-2.573944604412229,8.513359940653332,-0.05145897945983213,-0.02741972074966803
7.774646957202921,-2.573944604412229,8.513359940653332,-0.05145897945983213,-0.02741972074966803
7.774646957202921,-2.573944604412229,8.513359940653332,-0.05145897945983213,-0.02741972074966803
7.774646957202921,-2.573944604412229,8.513359940653332,-0.05145897945983213,-0.02741972074966803
7.774646957202921,-2.573944604412229,8.513359940653332,-0.05145897945983213,-0.02741972074966803
7.774646957202921,-2.573944604412229,8.513359940653332,-0.05145897945983213,-0.02741972074966803
7.774646957202921,-2.573944604412229,8.513359940653332,-0.05145897945983213,-0.02741972074966803
7.774646957202921,-2.573944604412229,8.513359940653332,-0.05145897945983213,-0.02741972074966803
7.756022956963317,-2.573545685790135,8.449052133432543,-0.051060060837738064,-0.09172752797045725
7.756022956963317,-2.573545685790135,8.449052133432543,-0.051060060837738064,-0.09172752797045725
7.756022956963317,-2.573545685790135,8.449052133432543,-0.051060060837738064,-0.09172752797045725
7.756022956963317,-2.573545685790135,8.449052133432543,-0.051060060837738064,-0.09172752797045725
7.756022956963317,-2.573545685790135,8.449052133432543,-0.051060060837738064,-0.09172752797045725
7.756022956963317,-2.573545685790135,8.449052133432543,-0.051060060837738064,-0.09172752797045725
7.756022956963317,-2.573545685790135,8.449052133432543,-0.051060060837738064,-0.09172752797045725
7.756022956963317,-2.573545685790135,8.449052133432543,-0.051060060837738064,-0.09172752797045725
7.756022956963317,-2.573545685790135,8.449052133432543,-0.051060060837738064,-0.09172752797045725
7.756022956963317,-2.573545685790135,8.449052133432543,-0.051060060837738064,-0.09172752797045725
7.710278483499802,-2.571439527644035,8.480828079846066,-0.04895390269163791,-0.05995158155693403
7.710278483499802,-2.571439527644035,8.480828079846066,-0.04895390269163791,-0.05995158155693403
7.710278483499802,-2.571439527644035,8.480828079846066,-0.04895390269163791,-0.05995158155693403
7.710278483499802,-2.571439527644035,8.480828079846066,-0.04895390269163791,-0.05995158155693403
7.710278483499802,-2.571439527644035,8.480828079846066,-0.04895390269163791,-0.05995158155693403
7.710278483499802,-2.571439527644035,8.480828079846066,-0.04895390269163791,-0.05995158155693403
7.710278483499802,-2.571439527644035,8.480828079846066,-0.04895390269163791,-0.05995158155693403
7.710278483499802,-2.571439527644035,8.480828079846066,-0.04895390269163791,-0.05995158155693403
7.710278483499802,-2.571439527644035,8.480828079846066,-0.04895390269163791,-0.05995158155693403
7.710278483499802,-2.571439527644035,8.480828079846066,-0.04895390269163791,-0.05995158155693403
7.710278483499802,-2.571439527644035,8.480828079846066,-0.04895390269163791,-0.05995158155693403
7.710278483499802,-2.571439527644035,8.480828079846066,-0.04895390269163791,-0.05995158155693403
7.710278483499802,-2.571439527644035,8.480828079846066,-0.04895390269163791,-0.05995158155693403
7.710278483499802,-2.571439527644035,8.480828079846066,-0.04895390269163791,-0.05995158155693403
7.710278483499802,-2.571439527644035,8.480828079846066,-0.04895390269163791,-0.05995158155693403
7.710278483499802,-2.571439527644035,8.480828079846066,-0.04895390269163791,-0.05995158155693403
7.710278483499802,-2.571439527644035,8.480828079846066,-0.04895390269163791,-0.05995158155693403
7.710278483499802,-2.571439527644035,8.480828079846066,-0.04895390269163791,-0.05995158155693403
7.710278483499802,-2.571439527644035,8.480828079846066,-0.04895390269163791,-0.05995158155693403
7.710278483499802,-2.571439527644035,8.480828079846066,-0.04895390269163791,-0.05995158155693403
7.710278483499802,-2.571439527644035,8.480828079846066,-0.04895390269163791,-0.05995158155693403
7.749091214581682,-2.5651156871294885,8.521729915296113,-0.04263006217709142,-0.019049746106887255
7.749091214581682,-2.5651156871294885,8.521729915296113,-0.04263006217709142,-0.019049746106887255
7.749091214581682,-2.5651156871294885,8.521729915296113,-0.04263006217709142,-0.019049746106887255
7.749091214581682,-2.5651156871294885,8.521729915296113,-0.04263006217709142,-0.019049746106887255
7.749091214581682,-2.5651156871294885,8.521729915296113,-0.04263006217709142,-0.019049746106887255
7.749091214581682,-2.5651156871294885,8.521729915296113,-0.04263006217709142,-0.019049746106887255
7.749091214581682,-2.5651156871294885,8.521729915296113,-0.04263006217709142,-0.019049746106887255
7.749091214581682,-2.5651156871294885,8.521729915296113,-0.04263006217709142,-0.019049746106887255
7.749091214581682,-2.5651156871294885,8.521729915296113,-0.04263006217709142,-0.019049746106887255
7.749091214581682,-2.5651156871294885,8.521729915296113,-0.04263006217709142,-0.019049746106887255
7.749091214581682,-2.5651156871294885,8.521729915296113,-0.04263006217709142,-0.019049746106887255
7.749091214581682,-2.5651156871294885,8.521729915296113,-0.04263006217709142,-0.019049746106887255
7.749091214581682,-2.5651156871294885,8.521729915296113,-0.04263006217709142,-0.019049746106887255
7.749091214581682,-2.5651156871294885,8.521729915296113,-0.04263006217709142,-0.019049746106887255
7.749091214581682,-2.5651156871294885,8.521729915296113,-0.04263006217709142,-0.019049746106887255
7.749091214581682,-2.5651156871294885,8.521729915296113,-0.04263006217709142,-0.019049746106887255
7.749091214581682,-2.5651156871294885,8.521729915296113,-0.04263006217709142,-0.019049746106887255
7.749091214581682,-2.5651156871294885,8.521729915296113,-0.04263006217709142,-0.019049746106887255
7.646144594180585,-2.565028855532738,8.577421319720154,-0.04254323058034082,0.03664165831715316
7.646144594180585,-2.565028855532738,8.577421319720154,-0.04254323058034082,0.03664165831715316
7.646144594180585,-2.565028855532738,8.577421319720154,-0.04254323058034082,0.03664165831715316
7.646144594180585,-2.565028855532738,8.577421319720154,-0.04254323058034082,0.03664165831715316
7.646144594180585,-2.565028855532738,8.577421319720154,-0.04254323058034082,0.03664165831715316
7.646144594180585,-2.565028855532738,8.577421319720154,-0.04254323058034082,0.03664165831715316
7.646144594180585,-2.565028855532738,8.577421319720154,-0.04254323058034082,0.03664165831715316
7.646144594180585,-2.565028855532738,8.577421319720154,-0.04254323058034082,0.03664165831715316
7.646144594180585,-2.565028855532738,8.577421319720154,-0.04254323058034082,0.03664165831715316
7.646144594180585,-2.565028855532738,8.577421319720154,-0.04254323058034082,0.03664165831715316
7.646144594180585,-2.565028855532738,8.577421319720154,-0.04254323058034082,0.03664165831715316
7.646144594180585,-2.565028855532738,8.577421319720154,-0.04254323058034082,0.03664165831715316
7.646144594180585,-2.565028855532738,8.577421319720154,-0.04254323058034082,0.03664165831715316
7.646144594180585,-2.565028855532738,8.577421319720154,-0.04254323058034082,0.03664165831715316
7.646144594180585,-2.565028855532738,8.577421319720154,-0.04254323058034082,0.03664165831715316
7.646144594180585,-2.565028855532738,8.577421319720154,-0.04254323058034082,0.03664165831715316
7.646144594180585,-2.565028855532738,8.577421319720154,-0.04254323058034082,0.03664165831715316
7.646144594180585,-2.565028855532738,8.577421319720154,-0.04254323058034082,0.03664165831715316
7.646144594180585,-2.565028855532738,8.577421319720154,-0.04254323058034082,0.03664165831715316
7.646144594180585,-2.565028855532738,8.577421319720154,-0.04254323058034082,0.03664165831715316
7.646144594180585,-2.565028855532738,8.577421319720154,-0.04254323058034082,0.03664165831715316
7.646144594180585,-2.565028855532738,8.577421319720154,-0.04254323058034082,0.03664165831715316
7.646144594180585,-2.565028855532738,8.577421319720154,-0.04254323058034082,0.03664165831715316
7.646144594180585,-2.565028855532738,8.577421319720154,-0.04254323058034082,0.03664165831715316
7.646144594180585,-2.565028855532738,8.577421319720154,-0.04254323058034082,0.03664165831715316
7.646144594180585,-2.565028855532738,8.577421319720154,-0.04254323058034082,0.03664165831715316
7.646144594180585,-2.565028855532738,8.577421319720154,-0.04254323058034082,0.03664165831715316
7.646144594180585,-2.565028855532738,8.577421319720154,-0.04254323058034082,0.03664165831715316
7.824184126138859,-2.561275323082321,8.517154476839721,-0.038789698129924055,-0.023625184563279333
7.824184126138859,-2.561275323082321,8.517154476839721,-0.038789698129924055,-0.023625184563279333
7.824184126138859,-2.561275323082321,8.517154476839721,-0.038789698129924055,-0.023625184563279333
7.824184126138859,-2.561275323082321,8.517154476839721,-0.038789698129924055,-0.023625184563279333
7.824184126138859,-2.561275323082321,8.517154476839721,-0.038789698129924055,-0.023625184563279333
7.824184126138859,-2.561275323082321,8.517154476839721,-0.038789698129924055,-0.023625184563279333
7.824184126138859,-2.561275323082321,8.517154476839721,-0.038789698129924055,-0.023625184563279333
7.824184126138859,-2.561275323082321,8.517154476839721,-0.038789698129924055,-0.023625184563279333
7.824184126138859,-2.561275323082321,8.517154476839721,-0.038789698129924055,-0.023625184563279333
7.824184126138859,-2.561275323082321,8.517154476839721,-0.038789698129924055,-0.023625184563279333
7.824184126138859,-2.561275323082321,8.517154476839721,-0.038789698129924055,-0.023625184563279333
7.824184126138859,-2.561275323082321,8.517154476839721,-0.038789698129924055,-0.023625184563279333
7.824184126138859,-2.561275323082321,8.517154476839721,-0.038789698129924055,-0.023625184563279333
7.824184126138859,-2.561275323082321,8.517154476839721,-0.038789698129924055,-0.023625184563279333
7.824184126138859,-2.561275323082321,8.517154476839721,-0.038789698129924055,-0.023625184563279333
7.725702351354919,-2.5611405601355224,8.559019076714488,-0.03865493518312535,0.01823941531148776
7.725702351354919,-2.5611405601355224,8.559019076714488,-0.03865493518312535,0.01823941531148776
7.725702351354919,-2.5611405601355224,8.559019076714488,-0.03865493518312535,0.01823941531148776
7.725702351354919,-2.5611405601355224,8.559019076714488,-0.03865493518312535,0.01823941531148776
7.725702351354919,-2.5611405601355224,8.559019076714488,-0.03865493518312535,0.01823941531148776
7.725702351354919,-2.5611405601355224,8.559019076714488,-0.03865493518312535,0.01823941531148776
7.725702351354919,-2.5611405601355224,8.559019076714488,-0.03865493518312535,0.01823941531148776
7.725702351354919,-2.5611405601355224,8.559019076714488,-0.03865493518312535,0.01823941531148776
7.725702351354919,-2.5611405601355224,8.559019076714488,-0.03865493518312535,0.01823941531148776
7.725702351354919,-2.5611405601355224,8.559019076714488,-0.03865493518312535,0.01823941531148776
7.725702351354919,-2.5611405601355224,8.559019076714488,-0.03865493518312535,0.01823941531148776
7.725702351354919,-2.5611405601355224,8.559019076714488,-0.03865493518312535,0.01823941531148776
7.725702351354919,-2.5611405601355224,8.559019076714488,-0.03865493518312535,0.01823941531148776
7.725702351354919,-2.5611405601355224,8.559019076714488,-0.03865493518312535,0.01823941531148776
7.725702351354919,-2.5611405601355224,8.559019076714488,-0.03865493518312535,0.01823941531148776
7.672239605165931,-2.5561063172290677,8.464289014780523,-0.03362069227667064,-0.07649064662247795
7.672239605165931,-2.5561063172290677,8.464289014780523,-0.03362069227667064,-0.07649064662247795
7.672239605165931,-2.5561063172290677,8.464289014780523,-0.03362069227667064,-0.07649064662247795
7.672239605165931,-2.5561063172290677,8.464289014780523,-0.03362069227667064,-0.07649064662247795
7.672239605165931,-2.5561063172290677,8.464289014780523,-0.03362069227667064,-0.07649064662247795
7.672239605165931,-2.5561063172290677,8.464289014780523,-0.03362069227667064,-0.07649064662247795
7.672239605165931,-2.5561063172290677,8.464289014780523,-0.03362069227667064,-0.07649064662247795
7.672239605165931,-2.5561063172290677,8.464289014780523,-0.03362069227667064,-0.07649064662247795
7.672239605165931,-2.5561063172290677,8.464289014780523,-0.03362069227667064,-0.07649064662247795
7.672239605165931,-2.5561063172290677,8.464289014780523,-0.03362069227667064,-0.07649064662247795
7.672239605165931,-2.5561063172290677,8.464289014780523,-0.03362069227667064,-0.07649064662247795
7.672239605165931,-2.5561063172290677,8.464289014780523,-0.03362069227667064,-0.07649064662247795
7.672239605165931,-2.5561063172290677,8.464289014780523,-0.03362069227667064,-0.07649064662247795
7.672239605165931,-2.5561063172290677,8.464289014780523,-0.03362069227667064,-0.07649064662247795
7.672239605165931,-2.5561063172290677,8.464289014780523,-0.03362069227667064,-0.07649064662247795
7.672239605165931,-2.5561063172290677,8.464289014780523,-0.03362069227667064,-0.07649064662247795
7.672239605165931,-2.5561063172290677,8.464289014780523,-0.03362069227667064,-0.07649064662247795
7.672239605165931,-2.5561063172290677,8.464289014780523,-0.03362069227667064,-0.07649064662247795
7.672239605165931,-2.5561063172290677,8.464289014780523,-0.03362069227667064,-0.07649064662247795
7.672239605165931,-2.5561063172290677,8.464289014780523,-0.03362069227667064,-0.07649064662247795
7.672239605165931,-2.5561063172290677,8.464289014780523,-0.03362069227667064,-0.07649064662247795
7.688578295060811,-2.5551979308171826,8.568431782348927,-0.032712305864785574,0.02765212094592684
7.688578295060811,-2.5551979308171826,8.568431782348927,-0.032712305864785574,0.02765212094592684
7.688578295060811,-2.5551979308171826,8.568431782348927,-0.032712305864785574,0.02765212094592684
7.688578295060811,-2.5551979308171826,8.568431782348927,-0.032712305864785574,0.02765212094592684
7.688578295060811,-2.5551979308171826,8.568431782348927,-0.032712305864785574,0.02765212094592684
7.688578295060811,-2.5551979308171826,8.568431782348927,-0.032712305864785574,0.02765212094592684
7.688578295060811,-2.5551979308171826,8.568431782348927,-0.032712305864785574,0.02765212094592684
7.688578295060811,-2.5551979308171826,8.568431782348927,-0.032712305864785574,0.02765212094592684
7.688578295060811,-2.5551979308171826,8.568431782348927,-0.032712305864785574,0.02765212094592684
7.688578295060811,-2.5551979308171826,8.568431782348927,-0.032712305864785574,0.02765212094592684
7.688578295060811,-2.5551979308171826,8.568431782348927,-0.032712305864785574,0.02765212094592684
7.688578295060811,-2.5551979308171826,8.568431782348927,-0.032712305864785574,0.02765212094592684
7.688578295060811,-2.5551979308171826,8.568431782348927,-0.032712305864785574,0.02765212094592684
7.688578295060811,-2.5551979308171826,8.568431782348927,-0.032712305864785574,0.02765212094592684
7.688578295060811,-2.5551979308171826,8.568431782348927,-0.032712305864785574,0.02765212094592684
7.688578295060811,-2.5551979308171826,8.568431782348927,-0.032712305864785574,0.02765212094592684
7.688578295060811,-2.5551979308171826,8.568431782348927,-0.032712305864785574,0.02765212094592684
7.688578295060811,-2.5551979308171826,8.568431782348927,-0.032712305864785574,0.02765212094592684
7.688578295060811,-2.5551979308171826,8.568431782348927,-0.032712305864785574,0.02765212094592684
7.688578295060811,-2.5551979308171826,8.568431782348927,-0.032712305864785574,0.02765212094592684
7.688578295060811,-2.5551979308171826,8.568431782348927,-0.032712305864785574,0.02765212094592684
7.688578295060811,-2.5551979308171826,8.568431782348927,-0.032712305864785574,0.02765212094592684
7.688578295060811,-2.5551979308171826,8.568431782348927,-0.032712305864785574,0.02765212094592684
7.688578295060811,-2.5551979308171826,8.568431782348927,-0.032712305864785574,0.02765212094592684
7.688578295060811,-2.5551979308171826,8.568431782348927,-0.032712305864785574,0.02765212094592684
7.688578295060811,-2.5551979308171826,8.568431782348927,-0.032712305864785574,0.02765212094592684
7.688578295060811,-2.5551979308171826,8.568431782348927,-0.032712305864785574,0.02765212094592684
7.688578295060811,-2.5551979308171826,8.568431782348927,-0.032712305864785574,0.02765212094592684
7.688578295060811,-2.5551979308171826,8.568431782348927,-0.032712305864785574,0.02765212094592684
7.688578295060811,-2.5551979308171826,8.568431782348927,-0.032712305864785574,0.02765212094592684
7.688578295060811,-2.5551979308171826,8.568431782348927,-0.032712305864785574,0.02765212094592684
7.688578295060811,-2.5551979308171826,8.568431782348927,-0.032712305864785574,0.02765212094592684
7.688578295060811,-2.5551979308171826,8.568431782348927,-0.032712305864785574,0.02765212094592684
7.688578295060811,-2.5551979308171826,8.568431782348927,-0.032712305864785574,0.02765212094592684
7.688578295060811,-2.5551979308171826,8.568431782348927,-0.032712305864785574,0.02765212094592684
7.688578295060811,-2.5551979308171826,8.568431782348927,-0.032712305864785574,0.02765212094592684
7.688578295060811,-2.5551979308171826,8.568431782348927,-0.032712305864785574,0.02765212094592684
7.688578295060811,-2.5551979308171826,8.568431782348927,-0.032712305864785574,0.02765212094592684
7.688578295060811,-2.5551979308171826,8.568431782348927,-0.032712305864785574,0.02765212094592684
7.688578295060811,-2.5551979308171826,8.568431782348927,-0.032712305864785574,0.02765212094592684
7.688578295060811,-2.5551979308171826,8.568431782348927,-0.032712305864785574,0.02765212094592684
7.688578295060811,-2.5551979308171826,8.568431782348927,-0.032712305864785574,0.02765212094592684
7.688578295060811,-2.5551979308171826,8.568431782348927,-0.032712305864785574,0.02765212094592684
7.688578295060811,-2.5551979308171826,8.568431782348927,-0.032712305864785574,0.02765212094592684
7.688578295060811,-2.5551979308171826,8.568431782348927,-0.032712305864785574,0.02765212094592684
7.688578295060811,-2.5551979308171826,8.568431782348927,-0.032712305864785574,0.02765212094592684
7.688578295060811,-2.5551979308171826,8.568431782348927,-0.032712305864785574,0.02765212094592684
7.688578295060811,-2.5551979308171826,8.568431782348927,-0.032712305864785574,0.02765212094592684
7.688578295060811,-2.5551979308171826,8.568431782348927,-0.032712305864785574,0.02765212094592684
7.688578295060811,-2.5551979308171826,8.568431782348927,-0.032712305864785574,0.02765212094592684
7.688578295060811,-2.5551979308171826,8.568431782348927,-0.032712305864785574,0.02765212094592684
7.688578295060811,-2.5551979308171826,8.568431782348927,-0.032712305864785574,0.02765212094592684
7.688578295060811,-2.5551979308171826,8.568431782348927,-0.032712305864785574,0.02765212094592684
7.754048019968689,-2.5548165875412128,8.498180363180694,-0.03233096258881574,-0.04259929822230646
7.754048019968689,-2.5548165875412128,8.498180363180694,-0.03233096258881574,-0.04259929822230646
7.754048019968689,-2.5548165875412128,8.498180363180694,-0.03233096258881574,-0.04259929822230646
7.754048019968689,-2.5548165875412128,8.498180363180694,-0.03233096258881574,-0.04259929822230646
7.754048019968689,-2.5548165875412128,8.498180363180694,-0.03233096258881574,-0.04259929822230646
7.754048019968689,-2.5548165875412128,8.498180363180694,-0.03233096258881574,-0.04259929822230646
7.754048019968689,-2.5548165875412128,8.498180363180694,-0.03233096258881574,-0.04259929822230646
7.754048019968689,-2.5548165875412128,8.498180363180694,-0.03233096258881574,-0.04259929822230646
7.754048019968689,-2.5548165875412128,8.498180363180694,-0.03233096258881574,-0.04259929822230646
7.754048019968689,-2.5548165875412128,8.498180363180694,-0.03233096258881574,-0.04259929822230646
7.754048019968689,-2.5548165875412128,8.498180363180694,-0.03233096258881574,-0.04259929822230646
7.754048019968689,-2.5548165875412128,8.498180363180694,-0.03233096258881574,-0.04259929822230646
7.754048019968689,-2.5548165875412128,8.498180363180694,-0.03233096258881574,-0.04259929822230646
7.754048019968689,-2.5548165875412128,8.498180363180694,-0.03233096258881574,-0.04259929822230646
7.754048019968689,-2.5548165875412128,8.498180363180694,-0.03233096258881574,-0.04259929822230646
7.754048019968689,-2.5548165875412128,8.498180363180694,-0.03233096258881574,-0.04259929822230646
7.754048019968689,-2.5548165875412128,8.498180363180694,-0.03233096258881574,-0.04259929822230646
7.754048019968689,-2.5548165875412128,8.498180363180694,-0.03233096258881574,-0.04259929822230646
7.754048019968689,-2.5548165875412128,8.498180363180694,-0.03233096258881574,-0.04259929822230646
7.754048019968689,-2.5548165875412128,8.498180363180694,-0.03233096258881574,-0.04259929822230646
7.754048019968689,-2.5548165875412128,8.498180363180694,-0.03233096258881574,-0.04259929822230646
7.754048019968689,-2.5548165875412128,8.498180363180694,-0.03233096258881574,-0.04259929822230646
7.754048019968689,-2.5548165875412128,8.498180363180694,-0.03233096258881574,-0.04259929822230646
7.754048019968689,-2.5548165875412128,8.498180363180694,-0.03233096258881574,-0.04259929822230646
7.754048019968689,-2.5548165875412128,8.498180363180694,-0.03233096258881574,-0.04259929822230646
7.754048019968689,-2.5548165875412128,8.498180363180694,-0.03233096258881574,-0.04259929822230646
7.754048019968689,-2.5548165875412128,8.498180363180694,-0.03233096258881574,-0.04259929822230646
7.754048019968689,-2.5548165875412128,8.498180363180694,-0.03233096258881574,-0.04259929822230646
7.754048019968689,-2.5548165875412128,8.498180363180694,-0.03233096258881574,-0.04259929822230646
7.728071309638777,-2.553692158202119,8.534488813872615,-0.03120653324972178,-0.006290847530385335
7.728071309638777,-2.553692158202119,8.534488813872615,-0.03120653324972178,-0.006290847530385335
7.728071309638777,-2.553692158202119,8.534488813872615,-0.03120653324972178,-0.006290847530385335
7.728071309638777,-2.553692158202119,8.534488813872615,-0.03120653324972178,-0.006290847530385335
7.728071309638777,-2.553692158202119,8.534488813872615,-0.03120653324972178,-0.006290847530385335
7.728071309638777,-2.553692158202119,8.534488813872615,-0.03120653324972178,-0.006290847530385335
7.728071309638777,-2.553692158202119,8.534488813872615,-0.03120653324972178,-0.006290847530385335
7.728071309638777,-2.553692158202119,8.534488813872615,-0.03120653324972178,-0.006290847530385335
7.728071309638777,-2.553692158202119,8.534488813872615,-0.03120653324972178,-0.006290847530385335
7.728071309638777,-2.553692158202119,8.534488813872615,-0.03120653324972178,-0.006290847530385335
7.728071309638777,-2.553692158202119,8.534488813872615,-0.03120653324972178,-0.006290847530385335
7.728071309638777,-2.553692158202119,8.534488813872615,-0.03120653324972178,-0.006290847530385335
7.728071309638777,-2.553692158202119,8.534488813872615,-0.03120653324972178,-0.006290847530385335
7.6933897071245685,-2.5432494563179806,8.48174380583276,-0.020763831365583574,-0.05903585557024016
7.6933897071245685,-2.5432494563179806,8.48174380583276,-0.020763831365583574,-0.05903585557024016
7.6933897071245685,-2.5432494563179806,8.48174380583276,-0.020763831365583574,-0.05903585557024016
7.6933897071245685,-2.5432494563179806,8.48174380583276,-0.020763831365583574,-0.05903585557024016
7.6933897071245685,-2.5432494563179806,8.48174380583276,-0.020763831365583574,-0.05903585557024016
7.6933897071245685,-2.5432494563179806,8.48174380583276,-0.020763831365583574,-0.05903585557024016
7.6933897071245685,-2.5432494563179806,8.48174380583276,-0.020763831365583574,-0.05903585557024016
7.6933897071245685,-2.5432494563179806,8.48174380583276,-0.020763831365583574,-0.05903585557024016
7.669679536678259,-2.538587063135965,8.5318597531239,-0.016101438183568018,-0.008919908279100497
7.669679536678259,-2.538587063135965,8.5318597531239,-0.016101438183568018,-0.008919908279100497
7.669679536678259,-2.538587063135965,8.5318597531239,-0.016101438183568018,-0.008919908279100497
7.669679536678259,-2.538587063135965,8.5318597531239,-0.016101438183568018,-0.008919908279100497
7.669679536678259,-2.538587063135965,8.5318597531239,-0.016101438183568018,-0.008919908279100497
7.669679536678259,-2.538587063135965,8.5318597531239,-0.016101438183568018,-0.008919908279100497
7.669679536678259,-2.538587063135965,8.5318597531239,-0.016101438183568018,-0.008919908279100497
7.669679536678259,-2.538587063135965,8.5318597531239,-0.016101438183568018,-0.008919908279100497
7.669679536678259,-2.538587063135965,8.5318597531239,-0.016101438183568018,-0.008919908279100497
7.669679536678259,-2.538587063135965,8.5318597531239,-0.016101438183568018,-0.008919908279100497
7.669679536678259,-2.538587063135965,8.5318597531239,-0.016101438183568018,-0.008919908279100497
7.669679536678259,-2.538587063135965,8.5318597531239,-0.016101438183568018,-0.008919908279100497
7.669679536678259,-2.538587063135965,8.5318597531239,-0.016101438183568018,-0.008919908279100497
7.669679536678259,-2.538587063135965,8.5318597531239,-0.016101438183568018,-0.008919908279100497
7.669679536678259,-2.538587063135965,8.5318597531239,-0.016101438183568018,-0.008919908279100497
7.669679536678259,-2.538587063135965,8.5318597531239,-0.016101438183568018,-0.008919908279100497
7.669679536678259,-2.538587063135965,8.5318597531239,-0.016101438183568018,-0.008919908279100497
7.669679536678259,-2.538587063135965,8.5318597531239,-0.016101438183568018,-0.008919908279100497
7.669679536678259,-2.538587063135965,8.5318597531239,-0.016101438183568018,-0.008919908279100497
7.669679536678259,-2.538587063135965,8.5318597531239,-0.016101438183568018,-0.008919908279100497
7.669679536678259,-2.538587063135965,8.5318597531239,-0.016101438183568018,-0.008919908279100497
7.669679536678259,-2.538587063135965,8.5318597531239,-0.016101438183568018,-0.008919908279100497
7.669679536678259,-2.538587063135965,8.5318597531239,-0.016101438183568018,-0.008919908279100497
7.669679536678259,-2.538587063135965,8.5318597531239,-0.016101438183568018,-0.008919908279100497
7.669679536678259,-2.538587063135965,8.5318597531239,-0.016101438183568018,-0.008919908279100497
7.669679536678259,-2.538587063135965,8.5318597531239,-0.016101438183568018,-0.008919908279100497
7.669679536678259,-2.538587063135965,8.5318597531239,-0.016101438183568018,-0.008919908279100497
7.669679536678259,-2.538587063135965,8.5318597531239,-0.016101438183568018,-0.008919908279100497
7.66311130311182,-2.53642778868702,8.592400954249992,-0.01394216373462287,0.051621292846991906
7.66311130311182,-2.53642778868702,8.592400954249992,-0.01394216373462287,0.051621292846991906
7.66311130311182,-2.53642778868702,8.592400954249992,-0.01394216373462287,0.051621292846991906
7.66311130311182,-2.53642778868702,8.592400954249992,-0.01394216373462287,0.051621292846991906
7.66311130311182,-2.53642778868702,8.592400954249992,-0.01394216373462287,0.051621292846991906
7.66311130311182,-2.53642778868702,8.592400954249992,-0.01394216373462287,0.051621292846991906
7.66311130311182,-2.53642778868702,8.592400954249992,-0.01394216373462287,0.051621292846991906
7.66311130311182,-2.53642778868702,8.592400954249992,-0.01394216373462287,0.051621292846991906
7.66311130311182,-2.53642778868702,8.592400954249992,-0.01394216373462287,0.051621292846991906
7.66311130311182,-2.53642778868702,8.592400954249992,-0.01394216373462287,0.051621292846991906
7.66311130311182,-2.53642778868702,8.592400954249992,-0.01394216373462287,0.051621292846991906
7.66311130311182,-2.53642778868702,8.592400954249992,-0.01394216373462287,0.051621292846991906
7.66311130311182,-2.53642778868702,8.592400954249992,-0.01394216373462287,0.051621292846991906
7.66311130311182,-2.53642778868702,8.592400954249992,-0.01394216373462287,0.051621292846991906
7.66311130311182,-2.53642778868702,8.592400954249992,-0.01394216373462287,0.051621292846991906
7.66311130311182,-2.53642778868702,8.592400954249992,-0.01394216373462287,0.051621292846991906
7.66311130311182,-2.53642778868702,8.592400954249992,-0.01394216373462287,0.051621292846991906
7.66311130311182,-2.53642778868702,8.592400954249992,-0.01394216373462287,0.051621292846991906
7.756890046779905,-2.5353571122720737,8.534482263727405,-0.012871487319676689,-0.006297397675595562
7.756890046779905,-2.5353571122720737,8.534482263727405,-0.012871487319676689,-0.006297397675595562
7.756890046779905,-2.5353571122720737,8.534482263727405,-0.012871487319676689,-0.006297397675595562
7.756890046779905,-2.5353571122720737,8.534482263727405,-0.012871487319676689,-0.006297397675595562
7.756890046779905,-2.5353571122720737,8.534482263727405,-0.012871487319676689,-0.006297397675595562
7.756890046779905,-2.5353571122720737,8.534482263727405,-0.012871487319676689,-0.006297397675595562
7.756890046779905,-2.5353571122720737,8.534482263727405,-0.012871487319676689,-0.006297397675595562
7.756890046779905,-2.5353571122720737,8.534482263727405,-0.012871487319676689,-0.006297397675595562
7.756890046779905,-2.5353571122720737,8.534482263727405,-0.012871487319676689,-0.006297397675595562
7.756890046779905,-2.5353571122720737,8.534482263727405,-0.012871487319676689,-0.006297397675595562
7.756890046779905,-2.5353571122720737,8.534482263727405,-0.012871487319676689,-0.006297397675595562
7.756890046779905,-2.5353571122720737,8.534482263727405,-0.012871487319676689,-0.006297397675595562
7.756890046779905,-2.5353571122720737,8.534482263727405,-0.012871487319676689,-0.006297397675595562
7.756890046779905,-2.5353571122720737,8.534482263727405,-0.012871487319676689,-0.006297397675595562
7.756890046779905,-2.5353571122720737,8.534482263727405,-0.012871487319676689,-0.006297397675595562
7.756890046779905,-2.5353571122720737,8.534482263727405,-0.012871487319676689,-0.006297397675595562
7.756890046779905,-2.5353571122720737,8.534482263727405,-0.012871487319676689,-0.006297397675595562
7.756890046779905,-2.5353571122720737,8.534482263727405,-0.012871487319676689,-0.006297397675595562
7.756890046779905,-2.5353571122720737,8.534482263727405,-0.012871487319676689,-0.006297397675595562
7.756890046779905,-2.5353571122720737,8.534482263727405,-0.012871487319676689,-0.006297397675595562
7.724913329007292,-2.5350744915443384,8.555720981309971,-0.012588866591941361,0.014941319906970563
7.724913329007292,-2.5350744915443384,8.555720981309971,-0.012588866591941361,0.014941319906970563
7.724913329007292,-2.5350744915443384,8.555720981309971,-0.012588866591941361,0.014941319906970563
7.724913329007292,-2.5350744915443384,8.555720981309971,-0.012588866591941361,0.014941319906970563
7.724913329007292,-2.5350744915443384,8.555720981309971,-0.012588866591941361,0.014941319906970563
7.724913329007292,-2.5350744915443384,8.555720981309971,-0.012588866591941361,0.014941319906970563
7.724913329007292,-2.5350744915443384,8.555720981309971,-0.012588866591941361,0.014941319906970563
7.724913329007292,-2.5350744915443384,8.555720981309971,-0.012588866591941361,0.014941319906970563
7.724913329007292,-2.5350744915443384,8.555720981309971,-0.012588866591941361,0.014941319906970563
7.724913329007292,-2.5350744915443384,8.555720981309971,-0.012588866591941361,0.014941319906970563
7.724913329007292,-2.5350744915443384,8.555720981309971,-0.012588866591941361,0.014941319906970563
7.73065974156963,-2.5275814893023054,8.551444107085596,-0.0050958643499083855,0.010664445682595058
7.73065974156963,-2.5275814893023054,8.551444107085596,-0.0050958643499083855,0.010664445682595058
7.73065974156963,-2.5275814893023054,8.551444107085596,-0.0050958643499083855,0.010664445682595058
7.73065974156963,-2.5275814893023054,8.551444107085596,-0.0050958643499083855,0.010664445682595058
7.73065974156963,-2.5275814893023054,8.551444107085596,-0.0050958643499083855,0.010664445682595058
7.73065974156963,-2.5275814893023054,8.551444107085596,-0.0050958643499083855,0.010664445682595058
7.73065974156963,-2.5275814893023054,8.551444107085596,-0.0050958643499083855,0.010664445682595058
7.73065974156963,-2.5275814893023054,8.551444107085596,-0.0050958643499083855,0.010664445682595058
7.73065974156963,-2.5275814893023054,8.551444107085596,-0.0050958643499083855,0.010664445682595058
7.73065974156963,-2.5275814893023054,8.551444107085596,-0.0050958643499083855,0.010664445682595058
7.73065974156963,-2.5275814893023054,8.551444107085596,-0.0050958643499083855,0.010664445682595058
7.73065974156963,-2.5275814893023054,8.551444107085596,-0.0050958643499083855,0.010664445682595058
7.73065974156963,-2.5275814893023054,8.551444107085596,-0.0050958643499083855,0.010664445682595058
7.73065974156963,-2.5275814893023054,8.551444107085596,-0.0050958643499083855,0.010664445682595058
7.73065974156963,-2.5275814893023054,8.551444107085596,-0.0050958643499083855,0.010664445682595058
7.702731581158703,-2.5225881745990804,8.468413942810919,-0.00010254964668332534,-0.07236571859208141
7.702731581158703,-2.5225881745990804,8.468413942810919,-0.00010254964668332534,-0.07236571859208141
7.702731581158703,-2.5225881745990804,8.468413942810919,-0.00010254964668332534,-0.07236571859208141
7.702731581158703,-2.5225881745990804,8.468413942810919,-0.00010254964668332534,-0.07236571859208141
7.702731581158703,-2.5225881745990804,8.468413942810919,-0.00010254964668332534,-0.07236571859208141
7.702731581158703,-2.5225881745990804,8.468413942810919,-0.00010254964668332534,-0.07236571859208141
7.702731581158703,-2.5225881745990804,8.468413942810919,-0.00010254964668332534,-0.07236571859208141
7.702731581158703,-2.5225881745990804,8.468413942810919,-0.00010254964668332534,-0.07236571859208141
7.702731581158703,-2.5225881745990804,8.468413942810919,-0.00010254964668332534,-0.07236571859208141
7.702731581158703,-2.5225881745990804,8.468413942810919,-0.00010254964668332534,-0.07236571859208141
7.702731581158703,-2.5225881745990804,8.468413942810919,-0.00010254964668332534,-0.07236571859208141
7.702731581158703,-2.5225881745990804,8.468413942810919,-0.00010254964668332534,-0.07236571859208141
7.702731581158703,-2.5225881745990804,8.468413942810919,-0.00010254964668332534,-0.07236571859208141
7.702731581158703,-2.5225881745990804,8.468413942810919,-0.00010254964668332534,-0.07236571859208141
7.702731581158703,-2.5225881745990804,8.468413942810919,-0.00010254964668332534,-0.07236571859208141
7.649629223441459,-2.5197081333700546,8.510354397027854,0.0027774915823424173,-0.03042526437514681
7.649629223441459,-2.5197081333700546,8.510354397027854,0.0027774915823424173,-0.03042526437514681
7.649629223441459,-2.5197081333700546,8.510354397027854,0.0027774915823424173,-0.03042526437514681
7.649629223441459,-2.5197081333700546,8.510354397027854,0.0027774915823424173,-0.03042526437514681
7.649629223441459,-2.5197081333700546,8.510354397027854,0.0027774915823424173,-0.03042526437514681
7.649629223441459,-2.5197081333700546,8.510354397027854,0.0027774915823424173,-0.03042526437514681
7.649629223441459,-2.5197081333700546,8.510354397027854,0.0027774915823424173,-0.03042526437514681
7.649629223441459,-2.5197081333700546,8.510354397027854,0.0027774915823424173,-0.03042526437514681
7.649629223441459,-2.5197081333700546,8.510354397027854,0.0027774915823424173,-0.03042526437514681
7.649629223441459,-2.5197081333700546,8.510354397027854,0.0027774915823424173,-0.03042526437514681
7.649629223441459,-2.5197081333700546,8.510354397027854,0.0027774915823424173,-0.03042526437514681
7.649629223441459,-2.5197081333700546,8.510354397027854,0.0027774915823424173,-0.03042526437514681
7.649629223441459,-2.5197081333700546,8.510354397027854,0.0027774915823424173,-0.03042526437514681
7.649629223441459,-2.5197081333700546,8.510354397027854,0.0027774915823424173,-0.03042526437514681
7.649629223441459,-2.5197081333700546,8.510354397027854,0.0027774915823424173,-0.03042526437514681
7.649629223441459,-2.5197081333700546,8.510354397027854,0.0027774915823424173,-0.03042526437514681
7.649629223441459,-2.5197081333700546,8.510354397027854,0.0027774915823424173,-0.03042526437514681
7.649629223441459,-2.5197081333700546,8.510354397027854,0.0027774915823424173,-0.03042526437514681
7.649629223441459,-2.5197081333700546,8.510354397027854,0.0027774915823424173,-0.03042526437514681
7.649629223441459,-2.5197081333700546,8.510354397027854,0.0027774915823424173,-0.03042526437514681
7.649629223441459,-2.5197081333700546,8.510354397027854,0.0027774915823424173,-0.03042526437514681
7.649629223441459,-2.5197081333700546,8.510354397027854,0.0027774915823424173,-0.03042526437514681
7.649629223441459,-2.5197081333700546,8.510354397027854,0.0027774915823424173,-0.03042526437514681
7.649629223441459,-2.5197081333700546,8.510354397027854,0.0027774915823424173,-0.03042526437514681
7.649629223441459,-2.5197081333700546,8.510354397027854,0.0027774915823424173,-0.03042526437514681
7.649629223441459,-2.5197081333700546,8.510354397027854,0.0027774915823424173,-0.03042526437514681
7.649629223441459,-2.5197081333700546,8.510354397027854,0.0027774915823424173,-0.03042526437514681
7.661616986932507,-2.5196391087520724,8.481789038998004,0.0028465162003246114,-0.05899062240499653
7.661616986932507,-2.5196391087520724,8.481789038998004,0.0028465162003246114,-0.05899062240499653
7.661616986932507,-2.5196391087520724,8.481789038998004,0.0028465162003246114,-0.05899062240499653
7.661616986932507,-2.5196391087520724,8.481789038998004,0.0028465162003246114,-0.05899062240499653
7.661616986932507,-2.5196391087520724,8.481789038998004,0.0028465162003246114,-0.05899062240499653
7.661616986932507,-2.5196391087520724,8.481789038998004,0.0028465162003246114,-0.05899062240499653
7.661616986932507,-2.5196391087520724,8.481789038998004,0.0028465162003246114,-0.05899062240499653
7.661616986932507,-2.5196391087520724,8.481789038998004,0.0028465162003246114,-0.05899062240499653
7.661616986932507,-2.5196391087520724,8.481789038998004,0.0028465162003246114,-0.05899062240499653
7.661616986932507,-2.5196391087520724,8.481789038998004,0.0028465162003246114,-0.05899062240499653
7.661616986932507,-2.5196391087520724,8.481789038998004,0.0028465162003246114,-0.05899062240499653
7.661616986932507,-2.5196391087520724,8.481789038998004,0.0028465162003246114,-0.05899062240499653
7.661616986932507,-2.5196391087520724,8.481789038998004,0.0028465162003246114,-0.05899062240499653
7.661616986932507,-2.5196391087520724,8.481789038998004,0.0028465162003246114,-0.05899062240499653
7.661616986932507,-2.5196391087520724,8.481789038998004,0.0028465162003246114,-0.05899062240499653
7.661616986932507,-2.5196391087520724,8.481789038998004,0.0028465162003246114,-0.05899062240499653
7.661616986932507,-2.5196391087520724,8.481789038998004,0.0028465162003246114,-0.05899062240499653
7.661616986932507,-2.5196391087520724,8.481789038998004,0.0028465162003246114,-0.05899062240499653
7.661616986932507,-2.5196391087520724,8.481789038998004,0.0028465162003246114,-0.05899062240499653
7.661616986932507,-2.5196391087520724,8.481789038998004,0.0028465162003246114,-0.05899062240499653
7.661616986932507,-2.5196391087520724,8.481789038998004,0.0028465162003246114,-0.05899062240499653
7.661616986932507,-2.5196391087520724,8.481789038998004,0.0028465162003246114,-0.05899062240499653
7.8259822427411,-2.507930981940746,8.512193418946662,0.014554643011650992,-0.02858624245633834
7.8259822427411,-2.507930981940746,8.512193418946662,0.014554643011650992,-0.02858624245633834
7.8259822427411,-2.507930981940746,8.512193418946662,0.014554643011650992,-0.02858624245633834
7.8259822427411,-2.507930981940746,8.512193418946662,0.014554643011650992,-0.02858624245633834
7.8259822427411,-2.507930981940746,8.512193418946662,0.014554643011650992,-0.02858624245633834
7.8259822427411,-2.507930981940746,8.512193418946662,0.014554643011650992,-0.02858624245633834
7.8259822427411,-2.507930981940746,8.512193418946662,0.014554643011650992,-0.02858624245633834
7.8259822427411,-2.507930981940746,8.512193418946662,0.014554643011650992,-0.02858624245633834
7.8259822427411,-2.507930981940746,8.512193418946662,0.014554643011650992,-0.02858624245633834
7.8259822427411,-2.507930981940746,8.512193418946662,0.014554643011650992,-0.02858624245633834
7.67653337914439,-2.502751035460722,8.45197956103227,0.01973458949167517,-0.08880010037073127
7.67653337914439,-2.502751035460722,8.45197956103227,0.01973458949167517,-0.08880010037073127
7.67653337914439,-2.502751035460722,8.45197956103227,0.01973458949167517,-0.08880010037073127
7.67653337914439,-2.502751035460722,8.45197956103227,0.01973458949167517,-0.08880010037073127
7.67653337914439,-2.502751035460722,8.45197956103227,0.01973458949167517,-0.08880010037073127
7.67653337914439,-2.502751035460722,8.45197956103227,0.01973458949167517,-0.08880010037073127
7.67653337914439,-2.502751035460722,8.45197956103227,0.01973458949167517,-0.08880010037073127
7.67653337914439,-2.502751035460722,8.45197956103227,0.01973458949167517,-0.08880010037073127
7.67653337914439,-2.502751035460722,8.45197956103227,0.01973458949167517,-0.08880010037073127
7.67653337914439,-2.502751035460722,8.45197956103227,0.01973458949167517,-0.08880010037073127
7.67653337914439,-2.502751035460722,8.45197956103227,0.01973458949167517,-0.08880010037073127
7.67653337914439,-2.502751035460722,8.45197956103227,0.01973458949167517,-0.08880010037073127
7.67653337914439,-2.502751035460722,8.45197956103227,0.01973458949167517,-0.08880010037073127
7.67653337914439,-2.502751035460722,8.45197956103227,0.01973458949167517,-0.08880010037073127
7.7658848694143074,-2.501339960782669,8.48380840311097,0.02114566416972785,-0.05697125829203031
7.7658848694143074,-2.501339960782669,8.48380840311097,0.02114566416972785,-0.05697125829203031
7.7658848694143074,-2.501339960782669,8.48380840311097,0.02114566416972785,-0.05697125829203031
7.7658848694143074,-2.501339960782669,8.48380840311097,0.02114566416972785,-0.05697125829203031
7.7658848694143074,-2.501339960782669,8.48380840311097,0.02114566416972785,-0.05697125829203031
7.7658848694143074,-2.501339960782669,8.48380840311097,0.02114566416972785,-0.05697125829203031
7.7658848694143074,-2.501339960782669,8.48380840311097,0.02114566416972785,-0.05697125829203031
7.7658848694143074,-2.501339960782669,8.48380840311097,0.02114566416972785,-0.05697125829203031
7.7658848694143074,-2.501339960782669,8.48380840311097,0.02114566416972785,-0.05697125829203031
7.7658848694143074,-2.501339960782669,8.48380840311097,0.02114566416972785,-0.05697125829203031
7.7658848694143074,-2.501339960782669,8.48380840311097,0.02114566416972785,-0.05697125829203031
7.7658848694143074,-2.501339960782669,8.48380840311097,0.02114566416972785,-0.05697125829203031
7.7658848694143074,-2.501339960782669,8.48380840311097,0.02114566416972785,-0.05697125829203031
7.7658848694143074,-2.501339960782669,8.48380840311097,0.02114566416972785,-0.05697125829203031
7.7658848694143074,-2.501339960782669,8.48380840311097,0.02114566416972785,-0.05697125829203031
7.7658848694143074,-2.501339960782669,8.48380840311097,0.02114566416972785,-0.05697125829203031
7.7658848694143074,-2.501339960782669,8.48380840311097,0.02114566416972785,-0.05697125829203031
7.7658848694143074,-2.501339960782669,8.48380840311097,0.02114566416972785,-0.05697125829203031
7.7658848694143074,-2.501339960782669,8.48380840311097,0.02114566416972785,-0.05697125829203031
7.7658848694143074,-2.501339960782669,8.48380840311097,0.02114566416972785,-0.05697125829203031
7.7658848694143074,-2.501339960782669,8.48380840311097,0.02114566416972785,-0.05697125829203031
7.7658848694143074,-2.501339960782669,8.48380840311097,0.02114566416972785,-0.05697125829203031
7.7658848694143074,-2.501339960782669,8.48380840311097,0.02114566416972785,-0.05697125829203031
7.7658848694143074,-2.501339960782669,8.48380840311097,0.02114566416972785,-0.05697125829203031
7.7658848694143074,-2.501339960782669,8.48380840311097,0.02114566416972785,-0.05697125829203031
7.7658848694143074,-2.501339960782669,8.48380840311097,0.02114566416972785,-0.05697125829203031
7.7658848694143074,-2.501339960782669,8.48380840311097,0.02114566416972785,-0.05697125829203031
7.715335038392156,-2.4927457475603885,8.498310193168937,0.029739877392008562,-0.04246946823406361
7.715335038392156,-2.4927457475603885,8.498310193168937,0.029739877392008562,-0.04246946823406361
7.715335038392156,-2.4927457475603885,8.498310193168937,0.029739877392008562,-0.04246946823406361
7.715335038392156,-2.4927457475603885,8.498310193168937,0.029739877392008562,-0.04246946823406361
7.715335038392156,-2.4927457475603885,8.498310193168937,0.029739877392008562,-0.04246946823406361
7.715335038392156,-2.4927457475603885,8.498310193168937,0.029739877392008562,-0.04246946823406361
7.715335038392156,-2.4927457475603885,8.498310193168937,0.029739877392008562,-0.04246946823406361
7.715335038392156,-2.4927457475603885,8.498310193168937,0.029739877392008562,-0.04246946823406361
7.715335038392156,-2.4927457475603885,8.498310193168937,0.029739877392008562,-0.04246946823406361
7.715335038392156,-2.4927457475603885,8.498310193168937,0.029739877392008562,-0.04246946823406361
7.715335038392156,-2.4927457475603885,8.498310193168937,0.029739877392008562,-0.04246946823406361
7.807721919818843,-2.4906414026444135,8.533444403383122,0.03184422230798356,-0.0073352580198786654
7.807721919818843,-2.4906414026444135,8.533444403383122,0.03184422230798356,-0.0073352580198786654
7.807721919818843,-2.4906414026444135,8.533444403383122,0.03184422230798356,-0.0073352580198786654
7.807721919818843,-2.4906414026444135,8.533444403383122,0.03184422230798356,-0.0073352580198786654
7.807721919818843,-2.4906414026444135,8.533444403383122,0.03184422230798356,-0.0073352580198786654
7.807721919818843,-2.4906414026444135,8.533444403383122,0.03184422230798356,-0.0073352580198786654
7.807721919818843,-2.4906414026444135,8.533444403383122,0.03184422230798356,-0.0073352580198786654
7.807721919818843,-2.4906414026444135,8.533444403383122,0.03184422230798356,-0.0073352580198786654
7.807721919818843,-2.4906414026444135,8.533444403383122,0.03184422230798356,-0.0073352580198786654
7.807721919818843,-2.4906414026444135,8.533444403383122,0.03184422230798356,-0.0073352580198786654
7.807721919818843,-2.4906414026444135,8.533444403383122,0.03184422230798356,-0.0073352580198786654
7.807721919818843,-2.4906414026444135,8.533444403383122,0.03184422230798356,-0.0073352580198786654
7.807721919818843,-2.4906414026444135,8.533444403383122,0.03184422230798356,-0.0073352580198786654
7.71746347009235,-2.4897427675114057,8.566027571549096,0.03274285744099137,0.02524791014609562
7.71746347009235,-2.4897427675114057,8.566027571549096,0.03274285744099137,0.02524791014609562
7.71746347009235,-2.4897427675114057,8.566027571549096,0.03274285744099137,0.02524791014609562
7.71746347009235,-2.4897427675114057,8.566027571549096,0.03274285744099137,0.02524791014609562
7.71746347009235,-2.4897427675114057,8.566027571549096,0.03274285744099137,0.02524791014609562
7.71746347009235,-2.4897427675114057,8.566027571549096,0.03274285744099137,0.02524791014609562
7.71746347009235,-2.4897427675114057,8.566027571549096,0.03274285744099137,0.02524791014609562
7.71746347009235,-2.4897427675114057,8.566027571549096,0.03274285744099137,0.02524791014609562
7.71746347009235,-2.4897427675114057,8.566027571549096,0.03274285744099137,0.02524791014609562
7.71746347009235,-2.4897427675114057,8.566027571549096,0.03274285744099137,0.02524791014609562
7.71746347009235,-2.4897427675114057,8.566027571549096,0.03274285744099137,0.02524791014609562
7.71746347009235,-2.4897427675114057,8.566027571549096,0.03274285744099137,0.02524791014609562
7.71746347009235,-2.4897427675114057,8.566027571549096,0.03274285744099137,0.02524791014609562
7.71746347009235,-2.4897427675114057,8.566027571549096,0.03274285744099137,0.02524791014609562
7.71746347009235,-2.4897427675114057,8.566027571549096,0.03274285744099137,0.02524791014609562
7.71746347009235,-2.4897427675114057,8.566027571549096,0.03274285744099137,0.02524791014609562
7.647099638369222,-2.4887117595718373,8.445457107264586,0.03377386538055971,-0.09532255413841462
7.647099638369222,-2.4887117595718373,8.445457107264586,0.03377386538055971,-0.09532255413841462
7.647099638369222,-2.4887117595718373,8.445457107264586,0.03377386538055971,-0.09532255413841462
7.647099638369222,-2.4887117595718373,8.445457107264586,0.03377386538055971,-0.09532255413841462
7.647099638369222,-2.4887117595718373,8.445457107264586,0.03377386538055971,-0.09532255413841462
7.647099638369222,-2.4887117595718373,8.445457107264586,0.03377386538055971,-0.09532255413841462
7.647099638369222,-2.4887117595718373,8.445457107264586,0.03377386538055971,-0.09532255413841462
7.647099638369222,-2.4887117595718373,8.445457107264586,0.03377386538055971,-0.09532255413841462
7.647099638369222,-2.4887117595718373,8.445457107264586,0.03377386538055971,-0.09532255413841462
7.647099638369222,-2.4887117595718373,8.445457107264586,0.03377386538055971,-0.09532255413841462
7.647099638369222,-2.4887117595718373,8.445457107264586,0.03377386538055971,-0.09532255413841462
7.647099638369222,-2.4887117595718373,8.445457107264586,0.03377386538055971,-0.09532255413841462
7.647099638369222,-2.4887117595718373,8.445457107264586,0.03377386538055971,-0.09532255413841462
7.647099638369222,-2.4887117595718373,8.445457107264586,0.03377386538055971,-0.09532255413841462
7.647099638369222,-2.4887117595718373,8.445457107264586,0.03377386538055971,-0.09532255413841462
7.647099638369222,-2.4887117595718373,8.445457107264586,0.03377386538055971,-0.09532255413841462
7.647099638369222,-2.4887117595718373,8.445457107264586,0.03377386538055971,-0.09532255413841462
7.647099638369222,-2.4887117595718373,8.445457107264586,0.03377386538055971,-0.09532255413841462
7.647099638369222,-2.4887117595718373,8.445457107264586,0.03377386538055971,-0.09532255413841462
7.743764058025962,-2.4820333500020544,8.63474421942513,0.04045227495034265,0.09396455802212955
7.743764058025962,-2.4820333500020544,8.63474421942513,0.04045227495034265,0.09396455802212955
7.743764058025962,-2.4820333500020544,8.63474421942513,0.04045227495034265,0.09396455802212955
7.743764058025962,-2.4820333500020544,8.63474421942513,0.04045227495034265,0.09396455802212955
7.743764058025962,-2.4820333500020544,8.63474421942513,0.04045227495034265,0.09396455802212955
7.743764058025962,-2.4820333500020544,8.63474421942513,0.04045227495034265,0.09396455802212955
7.743764058025962,-2.4820333500020544,8.63474421942513,0.04045227495034265,0.09396455802212955
7.743764058025962,-2.4820333500020544,8.63474421942513,0.04045227495034265,0.09396455802212955
7.743764058025962,-2.4820333500020544,8.63474421942513,0.04045227495034265,0.09396455802212955
7.743764058025962,-2.4820333500020544,8.63474421942513,0.04045227495034265,0.09396455802212955
7.743764058025962,-2.4820333500020544,8.63474421942513,0.04045227495034265,0.09396455802212955
7.743764058025962,-2.4820333500020544,8.63474421942513,0.04045227495034265,0.09396455802212955
7.743764058025962,-2.4820333500020544,8.63474421942513,0.04045227495034265,0.09396455802212955
7.743764058025962,-2.4820333500020544,8.63474421942513,0.04045227495034265,0.09396455802212955
7.743764058025962,-2.4820333500020544,8.63474421942513,0.04045227495034265,0.09396455802212955
7.743764058025962,-2.4820333500020544,8.63474421942513,0.04045227495034265,0.09396455802212955
7.743764058025962,-2.4820333500020544,8.63474421942513,0.04045227495034265,0.09396455802212955
7.743764058025962,-2.4820333500020544,8.63474421942513,0.04045227495034265,0.09396455802212955
7.649286670052001,-2.4738843534101878,8.50018544155832,0.04860127154220928,-0.04059421984467981
7.649286670052001,-2.4738843534101878,8.50018544155832,0.04860127154220928,-0.04059421984467981
7.649286670052001,-2.4738843534101878,8.50018544155832,0.04860127154220928,-0.04059421984467981
7.649286670052001,-2.4738843534101878,8.50018544155832,0.04860127154220928,-0.04059421984467981
7.649286670052001,-2.4738843534101878,8.50018544155832,0.04860127154220928,-0.04059421984467981
7.649286670052001,-2.4738843534101878,8.50018544155832,0.04860127154220928,-0.04059421984467981
7.649286670052001,-2.4738843534101878,8.50018544155832,0.04860127154220928,-0.04059421984467981
7.649286670052001,-2.4738843534101878,8.50018544155832,0.04860127154220928,-0.04059421984467981
7.649286670052001,-2.4738843534101878,8.50018544155832,0.04860127154220928,-0.04059421984467981
7.649286670052001,-2.4738843534101878,8.50018544155832,0.04860127154220928,-0.04059421984467981
7.649286670052001,-2.4738843534101878,8.50018544155832,0.04860127154220928,-0.04059421984467981
7.649286670052001,-2.4738843534101878,8.50018544155832,0.04860127154220928,-0.04059421984467981
7.699103387716049,-2.4711431101484393,8.520416515269005,0.051342514803957684,-0.020363146133995258
7.699103387716049,-2.4711431101484393,8.520416515269005,0.051342514803957684,-0.020363146133995258
7.699103387716049,-2.4711431101484393,8.520416515269005,0.051342514803957684,-0.020363146133995258
7.699103387716049,-2.4711431101484393,8.520416515269005,0.051342514803957684,-0.020363146133995258
7.699103387716049,-2.4711431101484393,8.520416515269005,0.051342514803957684,-0.020363146133995258
7.699103387716049,-2.4711431101484393,8.520416515269005,0.051342514803957684,-0.020363146133995258
7.699103387716049,-2.4711431101484393,8.520416515269005,0.051342514803957684,-0.020363146133995258
7.699103387716049,-2.4711431101484393,8.520416515269005,0.051342514803957684,-0.020363146133995258
7.699103387716049,-2.4711431101484393,8.520416515269005,0.051342514803957684,-0.020363146133995258
7.699103387716049,-2.4711431101484393,8.520416515269005,0.051342514803957684,-0.020363146133995258
7.699103387716049,-2.4711431101484393,8.520416515269005,0.051342514803957684,-0.020363146133995258
7.699103387716049,-2.4711431101484393,8.520416515269005,0.051342514803957684,-0.020363146133995258
7.699103387716049,-2.4711431101484393,8.520416515269005,0.051342514803957684,-0.020363146133995258
7.699103387716049,-2.4711431101484393,8.520416515269005,0.051342514803957684,-0.020363146133995258
7.807665413617659,-2.470656419844974,8.539787351483268,0.05182920510742317,-0.000992309919732648
7.807665413617659,-2.470656419844974,8.539787351483268,0.05182920510742317,-0.000992309919732648
7.807665413617659,-2.470656419844974,8.539787351483268,0.05182920510742317,-0.000992309919732648
7.807665413617659,-2.470656419844974,8.539787351483268,0.05182920510742317,-0.000992309919732648
7.807665413617659,-2.470656419844974,8.539787351483268,0.05182920510742317,-0.000992309919732648
7.807665413617659,-2.470656419844974,8.539787351483268,0.05182920510742317,-0.000992309919732648
7.807665413617659,-2.470656419844974,8.539787351483268,0.05182920510742317,-0.000992309919732648
7.807665413617659,-2.470656419844974,8.539787351483268,0.05182920510742317,-0.000992309919732648
7.807665413617659,-2.470656419844974,8.539787351483268,0.05182920510742317,-0.000992309919732648
7.807665413617659,-2.470656419844974,8.539787351483268,0.05182920510742317,-0.000992309919732648
7.807665413617659,-2.470656419844974,8.539787351483268,0.05182920510742317,-0.000992309919732648
7.807665413617659,-2.470656419844974,8.539787351483268,0.05182920510742317,-0.000992309919732648
7.807665413617659,-2.470656419844974,8.539787351483268,0.05182920510742317,-0.000992309919732648
7.807665413617659,-2.470656419844974,8.539787351483268,0.05182920510742317,-0.000992309919732648
7.807665413617659,-2.470656419844974,8.539787351483268,0.05182920510742317,-0.000992309919732648
7.807665413617659,-2.470656419844974,8.539787351483268,0.05182920510742317,-0.000992309919732648
7.807665413617659,-2.470656419844974,8.539787351483268,0.05182920510742317,-0.000992309919732648
7.807665413617659,-2.470656419844974,8.539787351483268,0.05182920510742317,-0.000992309919732648
7.724985307647708,-2.46944655217239,8.592137900273574,0.05303907278000697,0.05135823887057356
7.724985307647708,-2.46944655217239,8.592137900273574,0.05303907278000697,0.05135823887057356
7.724985307647708,-2.46944655217239,8.592137900273574,0.05303907278000697,0.05135823887057356
7.724985307647708,-2.46944655217239,8.592137900273574,0.05303907278000697,0.05135823887057356
7.724985307647708,-2.46944655217239,8.592137900273574,0.05303907278000697,0.05135823887057356
7.724985307647708,-2.46944655217239,8.592137900273574,0.05303907278000697,0.05135823887057356
7.724985307647708,-2.46944655217239,8.592137900273574,0.05303907278000697,0.05135823887057356
7.724985307647708,-2.46944655217239,8.592137900273574,0.05303907278000697,0.05135823887057356
7.724985307647708,-2.46944655217239,8.592137900273574,0.05303907278000697,0.05135823887057356
7.724985307647708,-2.46944655217239,8.592137900273574,0.05303907278000697,0.05135823887057356
7.724985307647708,-2.46944655217239,8.592137900273574,0.05303907278000697,0.05135823887057356
7.724985307647708,-2.46944655217239,8.592137900273574,0.05303907278000697,0.05135823887057356
7.724985307647708,-2.46944655217239,8.592137900273574,0.05303907278000697,0.05135823887057356
7.724985307647708,-2.46944655217239,8.592137900273574,0.05303907278000697,0.05135823887057356
7.724985307647708,-2.46944655217239,8.592137900273574,0.05303907278000697,0.05135823887057356
7.724985307647708,-2.46944655217239,8.592137900273574,0.05303907278000697,0.05135823887057356
7.701101374368799,-2.4648594692213095,8.522893506543983,0.057626155731087536,-0.01788615485901701
7.701101374368799,-2.4648594692213095,8.522893506543983,0.057626155731087536,-0.01788615485901701
7.701101374368799,-2.4648594692213095,8.522893506543983,0.057626155731087536,-0.01788615485901701
7.701101374368799,-2.4648594692213095,8.522893506543983,0.057626155731087536,-0.01788615485901701
7.701101374368799,-2.4648594692213095,8.522893506543983,0.057626155731087536,-0.01788615485901701
7.701101374368799,-2.4648594692213095,8.522893506543983,0.057626155731087536,-0.01788615485901701
7.701101374368799,-2.4648594692213095,8.522893506543983,0.057626155731087536,-0.01788615485901701
7.701101374368799,-2.4648594692213095,8.522893506543983,0.057626155731087536,-0.01788615485901701
7.701101374368799,-2.4648594692213095,8.522893506543983,0.057626155731087536,-0.01788615485901701
7.701101374368799,-2.4648594692213095,8.522893506543983,0.057626155731087536,-0.01788615485901701
7.701101374368799,-2.4648594692213095,8.522893506543983,0.057626155731087536,-0.01788615485901701
7.701101374368799,-2.4648594692213095,8.522893506543983,0.057626155731087536,-0.01788615485901701
7.701101374368799,-2.4648594692213095,8.522893506543983,0.057626155731087536,-0.01788615485901701
7.701101374368799,-2.4648594692213095,8.522893506543983,0.057626155731087536,-0.01788615485901701
7.701101374368799,-2.4648594692213095,8.522893506543983,0.057626155731087536,-0.01788615485901701
7.712007663071861,-2.4646241250672327,8.570601186624623,0.057861499885164314,0.029821525221622736
7.712007663071861,-2.4646241250672327,8.570601186624623,0.057861499885164314,0.029821525221622736
7.712007663071861,-2.4646241250672327,8.570601186624623,0.057861499885164314,0.029821525221622736
7.712007663071861,-2.4646241250672327,8.570601186624623,0.057861499885164314,0.029821525221622736
7.712007663071861,-2.4646241250672327,8.570601186624623,0.057861499885164314,0.029821525221622736
7.712007663071861,-2.4646241250672327,8.570601186624623,0.057861499885164314,0.029821525221622736
7.712007663071861,-2.4646241250672327,8.570601186624623,0.057861499885164314,0.029821525221622736
7.712007663071861,-2.4646241250672327,8.570601186624623,0.057861499885164314,0.029821525221622736
7.712007663071861,-2.4646241250672327,8.570601186624623,0.057861499885164314,0.029821525221622736
7.712007663071861,-2.4646241250672327,8.570601186624623,0.057861499885164314,0.029821525221622736
7.712007663071861,-2.4646241250672327,8.570601186624623,0.057861499885164314,0.029821525221622736
7.712007663071861,-2.4646241250672327,8.570601186624623,0.057861499885164314,0.029821525221622736
7.712007663071861,-2.4646241250672327,8.570601186624623,0.057861499885164314,0.029821525221622736
7.712007663071861,-2.4646241250672327,8.570601186624623,0.057861499885164314,0.029821525221622736
7.712007663071861,-2.4646241250672327,8.570601186624623,0.057861499885164314,0.029821525221622736
7.75568741449107,-2.4632902209366967,8.527049199856915,0.05919540401570034,-0.013730461546085593
7.75568741449107,-2.4632902209366967,8.527049199856915,0.05919540401570034,-0.013730461546085593
7.75568741449107,-2.4632902209366967,8.527049199856915,0.05919540401570034,-0.013730461546085593
7.75568741449107,-2.4632902209366967,8.527049199856915,0.05919540401570034,-0.013730461546085593
7.75568741449107,-2.4632902209366967,8.527049199856915,0.05919540401570034,-0.013730461546085593
7.75568741449107,-2.4632902209366967,8.527049199856915,0.05919540401570034,-0.013730461546085593
7.75568741449107,-2.4632902209366967,8.527049199856915,0.05919540401570034,-0.013730461546085593
7.75568741449107,-2.4632902209366967,8.527049199856915,0.05919540401570034,-0.013730461546085593
7.75568741449107,-2.4632902209366967,8.527049199856915,0.05919540401570034,-0.013730461546085593
7.75568741449107,-2.4632902209366967,8.527049199856915,0.05919540401570034,-0.013730461546085593
7.75568741449107,-2.4632902209366967,8.527049199856915,0.05919540401570034,-0.013730461546085593
7.75568741449107,-2.4632902209366967,8.527049199856915,0.05919540401570034,-0.013730461546085593
7.75568741449107,-2.4632902209366967,8.527049199856915,0.05919540401570034,-0.013730461546085593
7.75568741449107,-2.4632902209366967,8.527049199856915,0.05919540401570034,-0.013730461546085593
7.75568741449107,-2.4632902209366967,8.527049199856915,0.05919540401570034,-0.013730461546085593
7.774612511360891,-2.4617097298090886,8.494631391328692,0.06077589514330839,-0.04614827007430833
7.774612511360891,-2.4617097298090886,8.494631391328692,0.06077589514330839,-0.04614827007430833
7.774612511360891,-2.4617097298090886,8.494631391328692,0.06077589514330839,-0.04614827007430833
7.774612511360891,-2.4617097298090886,8.494631391328692,0.06077589514330839,-0.04614827007430833
7.774612511360891,-2.4617097298090886,8.494631391328692,0.06077589514330839,-0.04614827007430833
7.774612511360891,-2.4617097298090886,8.494631391328692,0.06077589514330839,-0.04614827007430833
7.774612511360891,-2.4617097298090886,8.494631391328692,0.06077589514330839,-0.04614827007430833
7.774612511360891,-2.4617097298090886,8.494631391328692,0.06077589514330839,-0.04614827007430833
7.774612511360891,-2.4617097298090886,8.494631391328692,0.06077589514330839,-0.04614827007430833
7.774612511360891,-2.4617097298090886,8.494631391328692,0.06077589514330839,-0.04614827007430833
7.774612511360891,-2.4617097298090886,8.494631391328692,0.06077589514330839,-0.04614827007430833
7.774612511360891,-2.4617097298090886,8.494631391328692,0.06077589514330839,-0.04614827007430833
7.774612511360891,-2.4617097298090886,8.494631391328692,0.06077589514330839,-0.04614827007430833
7.774612511360891,-2.4617097298090886,8.494631391328692,0.06077589514330839,-0.04614827007430833
7.774612511360891,-2.4617097298090886,8.494631391328692,0.06077589514330839,-0.04614827007430833
7.774612511360891,-2.4617097298090886,8.494631391328692,0.06077589514330839,-0.04614827007430833
7.774612511360891,-2.4617097298090886,8.494631391328692,0.06077589514330839,-0.04614827007430833
7.774612511360891,-2.4617097298090886,8.494631391328692,0.06077589514330839,-0.04614827007430833
7.727381167274711,-2.460245223598454,8.44028131978122,0.06224040135394304,-0.10049834162177973
7.727381167274711,-2.460245223598454,8.44028131978122,0.06224040135394304,-0.10049834162177973
7.727381167274711,-2.460245223598454,8.44028131978122,0.06224040135394304,-0.10049834162177973
7.727381167274711,-2.460245223598454,8.44028131978122,0.06224040135394304,-0.10049834162177973
7.727381167274711,-2.460245223598454,8.44028131978122,0.06224040135394304,-0.10049834162177973
7.727381167274711,-2.460245223598454,8.44028131978122,0.06224040135394304,-0.10049834162177973
7.727381167274711,-2.460245223598454,8.44028131978122,0.06224040135394304,-0.10049834162177973
7.727381167274711,-2.460245223598454,8.44028131978122,0.06224040135394304,-0.10049834162177973
7.727381167274711,-2.460245223598454,8.44028131978122,0.06224040135394304,-0.10049834162177973
7.727381167274711,-2.460245223598454,8.44028131978122,0.06224040135394304,-0.10049834162177973
7.727381167274711,-2.460245223598454,8.44028131978122,0.06224040135394304,-0.10049834162177973
7.727381167274711,-2.460245223598454,8.44028131978122,0.06224040135394304,-0.10049834162177973
7.727381167274711,-2.460245223598454,8.44028131978122,0.06224040135394304,-0.10049834162177973
7.727381167274711,-2.460245223598454,8.44028131978122,0.06224040135394304,-0.10049834162177973
7.727381167274711,-2.460245223598454,8.44028131978122,0.06224040135394304,-0.10049834162177973
7.727381167274711,-2.460245223598454,8.44028131978122,0.06224040135394304,-0.10049834162177973
7.727381167274711,-2.460245223598454,8.44028131978122,0.06224040135394304,-0.10049834162177973
7.727381167274711,-2.460245223598454,8.44028131978122,0.06224040135394304,-0.10049834162177973
7.727381167274711,-2.460245223598454,8.44028131978122,0.06224040135394304,-0.10049834162177973
7.825271694381982,-2.4509412055671196,8.487562360654536,0.07154441938527745,-0.053217300748464424
7.825271694381982,-2.4509412055671196,8.487562360654536,0.07154441938527745,-0.053217300748464424
7.825271694381982,-2.4509412055671196,8.487562360654536,0.07154441938527745,-0.053217300748464424
7.825271694381982,-2.4509412055671196,8.487562360654536,0.07154441938527745,-0.053217300748464424
7.825271694381982,-2.4509412055671196,8.487562360654536,0.07154441938527745,-0.053217300748464424
7.825271694381982,-2.4509412055671196,8.487562360654536,0.07154441938527745,-0.053217300748464424
7.825271694381982,-2.4509412055671196,8.487562360654536,0.07154441938527745,-0.053217300748464424
7.825271694381982,-2.4509412055671196,8.487562360654536,0.07154441938527745,-0.053217300748464424
7.825271694381982,-2.4509412055671196,8.487562360654536,0.07154441938527745,-0.053217300748464424
7.825271694381982,-2.4509412055671196,8.487562360654536,0.07154441938527745,-0.053217300748464424
7.825271694381982,-2.4509412055671196,8.487562360654536,0.07154441938527745,-0.053217300748464424
7.825271694381982,-2.4509412055671196,8.487562360654536,0.07154441938527745,-0.053217300748464424
7.825271694381982,-2.4509412055671196,8.487562360654536,0.07154441938527745,-0.053217300748464424
7.825271694381982,-2.4509412055671196,8.487562360654536,0.07154441938527745,-0.053217300748464424
7.825271694381982,-2.4509412055671196,8.487562360654536,0.07154441938527745,-0.053217300748464424
7.825271694381982,-2.4509412055671196,8.487562360654536,0.07154441938527745,-0.053217300748464424
7.825271694381982,-2.4509412055671196,8.487562360654536,0.07154441938527745,-0.053217300748464424
7.825271694381982,-2.4509412055671196,8.487562360654536,0.07154441938527745,-0.053217300748464424
7.825271694381982,-2.4509412055671196,8.487562360654536,0.07154441938527745,-0.053217300748464424
7.825271694381982,-2.4509412055671196,8.487562360654536,0.07154441938527745,-0.053217300748464424
7.825271694381982,-2.4509412055671196,8.487562360654536,0.07154441938527745,-0.053217300748464424
7.825271694381982,-2.4509412055671196,8.487562360654536,0.07154441938527745,-0.053217300748464424
7.825271694381982,-2.4509412055671196,8.487562360654536,0.07154441938527745,-0.053217300748464424
7.825271694381982,-2.4509412055671196,8.487562360654536,0.07154441938527745,-0.053217300748464424
7.7978570617260035,-2.4505825597986792,8.562126910776026,0.0719030651537178,0.02134724937302579
7.7978570617260035,-2.4505825597986792,8.562126910776026,0.0719030651537178,0.02134724937302579
7.7978570617260035,-2.4505825597986792,8.562126910776026,0.0719030651537178,0.02134724937302579
7.7978570617260035,-2.4505825597986792,8.562126910776026,0.0719030651537178,0.02134724937302579
7.7978570617260035,-2.4505825597986792,8.562126910776026,0.0719030651537178,0.02134724937302579
7.7978570617260035,-2.4505825597986792,8.562126910776026,0.0719030651537178,0.02134724937302579
7.7978570617260035,-2.4505825597986792,8.562126910776026,0.0719030651537178,0.02134724937302579
7.7978570617260035,-2.4505825597986792,8.562126910776026,0.0719030651537178,0.02134724937302579
7.7978570617260035,-2.4505825597986792,8.562126910776026,0.0719030651537178,0.02134724937302579
7.7978570617260035,-2.4505825597986792,8.562126910776026,0.0719030651537178,0.02134724937302579
7.7978570617260035,-2.4505825597986792,8.562126910776026,0.0719030651537178,0.02134724937302579
7.7978570617260035,-2.4505825597986792,8.562126910776026,0.0719030651537178,0.02134724937302579
7.7978570617260035,-2.4505825597986792,8.562126910776026,0.0719030651537178,0.02134724937302579
7.707225579110157,-2.448078764342343,8.512699524590749,0.07440686061005408,-0.02808013681225141
7.707225579110157,-2.448078764342343,8.512699524590749,0.07440686061005408,-0.02808013681225141
7.707225579110157,-2.448078764342343,8.512699524590749,0.07440686061005408,-0.02808013681225141
7.707225579110157,-2.448078764342343,8.512699524590749,0.07440686061005408,-0.02808013681225141
7.707225579110157,-2.448078764342343,8.512699524590749,0.07440686061005408,-0.02808013681225141
7.707225579110157,-2.448078764342343,8.512699524590749,0.07440686061005408,-0.02808013681225141
7.707225579110157,-2.448078764342343,8.512699524590749,0.07440686061005408,-0.02808013681225141
7.707225579110157,-2.448078764342343,8.512699524590749,0.07440686061005408,-0.02808013681225141
7.707225579110157,-2.448078764342343,8.512699524590749,0.07440686061005408,-0.02808013681225141
7.707225579110157,-2.448078764342343,8.512699524590749,0.07440686061005408,-0.02808013681225141
7.707225579110157,-2.448078764342343,8.512699524590749,0.07440686061005408,-0.02808013681225141
7.707225579110157,-2.448078764342343,8.512699524590749,0.07440686061005408,-0.02808013681225141
7.707225579110157,-2.448078764342343,8.512699524590749,0.07440686061005408,-0.02808013681225141
7.8066690428428425,-2.4468707524076345,8.524683454024094,0.07561487254476251,-0.016096207378906158
7.8066690428428425,-2.4468707524076345,8.524683454024094,0.07561487254476251,-0.016096207378906158
7.8066690428428425,-2.4468707524076345,8.524683454024094,0.07561487254476251,-0.016096207378906158
7.8066690428428425,-2.4468707524076345,8.524683454024094,0.07561487254476251,-0.016096207378906158
7.8066690428428425,-2.4468707524076345,8.524683454024094,0.07561487254476251,-0.016096207378906158
7.8066690428428425,-2.4468707524076345,8.524683454024094,0.07561487254476251,-0.016096207378906158
7.8066690428428425,-2.4468707524076345,8.524683454024094,0.07561487254476251,-0.016096207378906158
7.8066690428428425,-2.4468707524076345,8.524683454024094,0.07561487254476251,-0.016096207378906158
7.8066690428428425,-2.4468707524076345,8.524683454024094,0.07561487254476251,-0.016096207378906158
7.8066690428428425,-2.4468707524076345,8.524683454024094,0.07561487254476251,-0.016096207378906158
7.8066690428428425,-2.4468707524076345,8.524683454024094,0.07561487254476251,-0.016096207378906158
7.8066690428428425,-2.4468707524076345,8.524683454024094,0.07561487254476251,-0.016096207378906158
7.8066690428428425,-2.4468707524076345,8.524683454024094,0.07561487254476251,-0.016096207378906158
7.8066690428428425,-2.4468707524076345,8.524683454024094,0.07561487254476251,-0.016096207378906158
7.8066690428428425,-2.4468707524076345,8.524683454024094,0.07561487254476251,-0.016096207378906158
7.8066690428428425,-2.4468707524076345,8.524683454024094,0.07561487254476251,-0.016096207378906158
7.8066690428428425,-2.4468707524076345,8.524683454024094,0.07561487254476251,-0.016096207378906158
7.789661369122857,-2.4453888772209074,8.478441349848756,0.07709674773148967,-0.062338311554244186
7.789661369122857,-2.4453888772209074,8.478441349848756,0.07709674773148967,-0.062338311554244186
7.789661369122857,-2.4453888772209074,8.478441349848756,0.07709674773148967,-0.062338311554244186
7.789661369122857,-2.4453888772209074,8.478441349848756,0.07709674773148967,-0.062338311554244186
7.789661369122857,-2.4453888772209074,8.478441349848756,0.07709674773148967,-0.062338311554244186
7.789661369122857,-2.4453888772209074,8.478441349848756,0.07709674773148967,-0.062338311554244186
7.789661369122857,-2.4453888772209074,8.478441349848756,0.07709674773148967,-0.062338311554244186
7.789661369122857,-2.4453888772209074,8.478441349848756,0.07709674773148967,-0.062338311554244186
7.789661369122857,-2.4453888772209074,8.478441349848756,0.07709674773148967,-0.062338311554244186
7.789661369122857,-2.4453888772209074,8.478441349848756,0.07709674773148967,-0.062338311554244186
7.789661369122857,-2.4453888772209074,8.478441349848756,0.07709674773148967,-0.062338311554244186
7.789661369122857,-2.4453888772209074,8.478441349848756,0.07709674773148967,-0.062338311554244186
7.789661369122857,-2.4453888772209074,8.478441349848756,0.07709674773148967,-0.062338311554244186
7.789661369122857,-2.4453888772209074,8.478441349848756,0.07709674773148967,-0.062338311554244186
7.789661369122857,-2.4453888772209074,8.478441349848756,0.07709674773148967,-0.062338311554244186
7.789661369122857,-2.4453888772209074,8.478441349848756,0.07709674773148967,-0.062338311554244186
7.789661369122857,-2.4453888772209074,8.478441349848756,0.07709674773148967,-0.062338311554244186
7.789661369122857,-2.4453888772209074,8.478441349848756,0.07709674773148967,-0.062338311554244186
7.789661369122857,-2.4453888772209074,8.478441349848756,0.07709674773148967,-0.062338311554244186
7.789661369122857,-2.4453888772209074,8.478441349848756,0.07709674773148967,-0.062338311554244186
7.789661369122857,-2.4453888772209074,8.478441349848756,0.07709674773148967,-0.062338311554244186
7.789661369122857,-2.4453888772209074,8.478441349848756,0.07709674773148967,-0.062338311554244186
7.789661369122857,-2.4453888772209074,8.478441349848756,0.07709674773148967,-0.062338311554244186
7.789661369122857,-2.4453888772209074,8.478441349848756,0.07709674773148967,-0.062338311554244186
7.789661369122857,-2.4453888772209074,8.478441349848756,0.07709674773148967,-0.062338311554244186
7.789661369122857,-2.4453888772209074,8.478441349848756,0.07709674773148967,-0.062338311554244186
7.789661369122857,-2.4453888772209074,8.478441349848756,0.07709674773148967,-0.062338311554244186
7.789661369122857,-2.4453888772209074,8.478441349848756,0.07709674773148967,-0.062338311554244186
7.789661369122857,-2.4453888772209074,8.478441349848756,0.07709674773148967,-0.062338311554244186
7.789661369122857,-2.4453888772209074,8.478441349848756,0.07709674773148967,-0.062338311554244186
7.789661369122857,-2.4453888772209074,8.478441349848756,0.07709674773148967,-0.062338311554244186
7.789661369122857,-2.4453888772209074,8.478441349848756,0.07709674773148967,-0.062338311554244186
7.789661369122857,-2.4453888772209074,8.478441349848756,0.07709674773148967,-0.062338311554244186
7.789661369122857,-2.4453888772209074,8.478441349848756,0.07709674773148967,-0.062338311554244186
7.789661369122857,-2.4453888772209074,8.478441349848756,0.07709674773148967,-0.062338311554244186
7.789661369122857,-2.4453888772209074,8.478441349848756,0.07709674773148967,-0.062338311554244186
7.789661369122857,-2.4453888772209074,8.478441349848756,0.07709674773148967,-0.062338311554244186
7.789661369122857,-2.4453888772209074,8.478441349848756,0.07709674773148967,-0.062338311554244186
7.789661369122857,-2.4453888772209074,8.478441349848756,0.07709674773148967,-0.062338311554244186
7.789661369122857,-2.4453888772209074,8.478441349848756,0.07709674773148967,-0.062338311554244186
7.789661369122857,-2.4453888772209074,8.478441349848756,0.07709674773148967,-0.062338311554244186
7.789661369122857,-2.4453888772209074,8.478441349848756,0.07709674773148967,-0.062338311554244186
7.789661369122857,-2.4453888772209074,8.478441349848756,0.07709674773148967,-0.062338311554244186
7.789661369122857,-2.4453888772209074,8.478441349848756,0.07709674773148967,-0.062338311554244186
7.789661369122857,-2.4453888772209074,8.478441349848756,0.07709674773148967,-0.062338311554244186
7.646024629892361,-2.441150948410074,8.490157102216052,0.08133467654232307,-0.050622559186948024
7.646024629892361,-2.441150948410074,8.490157102216052,0.08133467654232307,-0.050622559186948024
7.646024629892361,-2.441150948410074,8.490157102216052,0.08133467654232307,-0.050622559186948024
7.646024629892361,-2.441150948410074,8.490157102216052,0.08133467654232307,-0.050622559186948024
7.646024629892361,-2.441150948410074,8.490157102216052,0.08133467654232307,-0.050622559186948024
7.646024629892361,-2.441150948410074,8.490157102216052,0.08133467654232307,-0.050622559186948024
7.646024629892361,-2.441150948410074,8.490157102216052,0.08133467654232307,-0.050622559186948024
7.646024629892361,-2.441150948410074,8.490157102216052,0.08133467654232307,-0.050622559186948024
7.646024629892361,-2.441150948410074,8.490157102216052,0.08133467654232307,-0.050622559186948024
7.646024629892361,-2.441150948410074,8.490157102216052,0.08133467654232307,-0.050622559186948024
7.736840101623609,-2.4318632734079455,8.53213216644929,0.09062235154445153,-0.008647494953709867
7.736840101623609,-2.4318632734079455,8.53213216644929,0.09062235154445153,-0.008647494953709867
7.736840101623609,-2.4318632734079455,8.53213216644929,0.09062235154445153,-0.008647494953709867
7.736840101623609,-2.4318632734079455,8.53213216644929,0.09062235154445153,-0.008647494953709867
7.736840101623609,-2.4318632734079455,8.53213216644929,0.09062235154445153,-0.008647494953709867
7.736840101623609,-2.4318632734079455,8.53213216644929,0.09062235154445153,-0.008647494953709867
7.736840101623609,-2.4318632734079455,8.53213216644929,0.09062235154445153,-0.008647494953709867
7.736840101623609,-2.4318632734079455,8.53213216644929,0.09062235154445153,-0.008647494953709867
7.736840101623609,-2.4318632734079455,8.53213216644929,0.09062235154445153,-0.008647494953709867
7.736840101623609,-2.4318632734079455,8.53213216644929,0.09062235154445153,-0.008647494953709867
7.736840101623609,-2.4318632734079455,8.53213216644929,0.09062235154445153,-0.008647494953709867
7.736840101623609,-2.4318632734079455,8.53213216644929,0.09062235154445153,-0.008647494953709867
7.736840101623609,-2.4318632734079455,8.53213216644929,0.09062235154445153,-0.008647494953709867
7.662929034332407,-2.4263300187346624,8.537052966354267,0.09615560621773467,-0.003726695048733575
7.662929034332407,-2.4263300187346624,8.537052966354267,0.09615560621773467,-0.003726695048733575
7.662929034332407,-2.4263300187346624,8.537052966354267,0.09615560621773467,-0.003726695048733575
7.662929034332407,-2.4263300187346624,8.537052966354267,0.09615560621773467,-0.003726695048733575
7.662929034332407,-2.4263300187346624,8.537052966354267,0.09615560621773467,-0.003726695048733575
7.662929034332407,-2.4263300187346624,8.537052966354267,0.09615560621773467,-0.003726695048733575
7.662929034332407,-2.4263300187346624,8.537052966354267,0.09615560621773467,-0.003726695048733575
7.662929034332407,-2.4263300187346624,8.537052966354267,0.09615560621773467,-0.003726695048733575
7.662929034332407,-2.4263300187346624,8.537052966354267,0.09615560621773467,-0.003726695048733575
7.662929034332407,-2.4263300187346624,8.537052966354267,0.09615560621773467,-0.003726695048733575
7.662929034332407,-2.4263300187346624,8.537052966354267,0.09615560621773467,-0.003726695048733575
7.662929034332407,-2.4263300187346624,8.537052966354267,0.09615560621773467,-0.003726695048733575
7.658259883707377,-2.421262203763024,8.513130043875915,0.10122342118937322,-0.027649617527085724
7.658259883707377,-2.421262203763024,8.513130043875915,0.10122342118937322,-0.027649617527085724
7.658259883707377,-2.421262203763024,8.513130043875915,0.10122342118937322,-0.027649617527085724
7.658259883707377,-2.421262203763024,8.513130043875915,0.10122342118937322,-0.027649617527085724
7.658259883707377,-2.421262203763024,8.513130043875915,0.10122342118937322,-0.027649617527085724
7.658259883707377,-2.421262203763024,8.513130043875915,0.10122342118937322,-0.027649617527085724
7.658259883707377,-2.421262203763024,8.513130043875915,0.10122342118937322,-0.027649617527085724
7.658259883707377,-2.421262203763024,8.513130043875915,0.10122342118937322,-0.027649617527085724
7.658259883707377,-2.421262203763024,8.513130043875915,0.10122342118937322,-0.027649617527085724
7.658259883707377,-2.421262203763024,8.513130043875915,0.10122342118937322,-0.027649617527085724
7.658259883707377,-2.421262203763024,8.513130043875915,0.10122342118937322,-0.027649617527085724
7.658259883707377,-2.421262203763024,8.513130043875915,0.10122342118937322,-0.027649617527085724
7.658259883707377,-2.421262203763024,8.513130043875915,0.10122342118937322,-0.027649617527085724
7.658259883707377,-2.421262203763024,8.513130043875915,0.10122342118937322,-0.027649617527085724
7.658259883707377,-2.421262203763024,8.513130043875915,0.10122342118937322,-0.027649617527085724
7.658259883707377,-2.421262203763024,8.513130043875915,0.10122342118937322,-0.027649617527085724
7.658259883707377,-2.421262203763024,8.513130043875915,0.10122342118937322,-0.027649617527085724
7.658259883707377,-2.421262203763024,8.513130043875915,0.10122342118937322,-0.027649617527085724
7.658259883707377,-2.421262203763024,8.513130043875915,0.10122342118937322,-0.027649617527085724
7.658259883707377,-2.421262203763024,8.513130043875915,0.10122342118937322,-0.027649617527085724
7.658259883707377,-2.421262203763024,8.513130043875915,0.10122342118937322,-0.027649617527085724
7.658259883707377,-2.421262203763024,8.513130043875915,0.10122342118937322,-0.027649617527085724
7.658259883707377,-2.421262203763024,8.513130043875915,0.10122342118937322,-0.027649617527085724
7.658259883707377,-2.421262203763024,8.513130043875915,0.10122342118937322,-0.027649617527085724
7.658259883707377,-2.421262203763024,8.513130043875915,0.10122342118937322,-0.027649617527085724
7.658259883707377,-2.421262203763024,8.513130043875915,0.10122342118937322,-0.027649617527085724
7.658259883707377,-2.421262203763024,8.513130043875915,0.10122342118937322,-0.027649617527085724
7.658259883707377,-2.421262203763024,8.513130043875915,0.10122342118937322,-0.027649617527085724
7.658259883707377,-2.421262203763024,8.513130043875915,0.10122342118937322,-0.027649617527085724
7.658259883707377,-2.421262203763024,8.513130043875915,0.10122342118937322,-0.027649617527085724
7.658259883707377,-2.421262203763024,8.513130043875915,0.10122342118937322,-0.027649617527085724
7.658259883707377,-2.421262203763024,8.513130043875915,0.10122342118937322,-0.027649617527085724
7.658259883707377,-2.421262203763024,8.513130043875915,0.10122342118937322,-0.027649617527085724
7.658259883707377,-2.421262203763024,8.513130043875915,0.10122342118937322,-0.027649617527085724
7.658259883707377,-2.421262203763024,8.513130043875915,0.10122342118937322,-0.027649617527085724
7.658259883707377,-2.421262203763024,8.513130043875915,0.10122342118937322,-0.027649617527085724
7.658259883707377,-2.421262203763024,8.513130043875915,0.10122342118937322,-0.027649617527085724
7.658259883707377,-2.421262203763024,8.513130043875915,0.10122342118937322,-0.027649617527085724
7.658259883707377,-2.421262203763024,8.513130043875915,0.10122342118937322,-0.027649617527085724
7.658259883707377,-2.421262203763024,8.513130043875915,0.10122342118937322,-0.027649617527085724
7.658259883707377,-2.421262203763024,8.513130043875915,0.10122342118937322,-0.027649617527085724
7.658259883707377,-2.421262203763024,8.513130043875915,0.10122342118937322,-0.027649617527085724
7.658259883707377,-2.421262203763024,8.513130043875915,0.10122342118937322,-0.027649617527085724
7.658259883707377,-2.421262203763024,8.513130043875915,0.10122342118937322,-0.027649617527085724
7.658259883707377,-2.421262203763024,8.513130043875915,0.10122342118937322,-0.027649617527085724
7.658259883707377,-2.421262203763024,8.513130043875915,0.10122342118937322,-0.027649617527085724
7.658259883707377,-2.421262203763024,8.513130043875915,0.10122342118937322,-0.027649617527085724
7.658259883707377,-2.421262203763024,8.513130043875915,0.10122342118937322,-0.027649617527085724
7.658259883707377,-2.421262203763024,8.513130043875915,0.10122342118937322,-0.027649617527085724
7.76138430087779,-2.4114026515017217,8.382046364286408,0.1110829734506753,-0.15873329711659245
7.76138430087779,-2.4114026515017217,8.382046364286408,0.1110829734506753,-0.15873329711659245
7.76138430087779,-2.4114026515017217,8.382046364286408,0.1110829734506753,-0.15873329711659245
7.76138430087779,-2.4114026515017217,8.382046364286408,0.1110829734506753,-0.15873329711659245
7.76138430087779,-2.4114026515017217,8.382046364286408,0.1110829734506753,-0.15873329711659245
7.76138430087779,-2.4114026515017217,8.382046364286408,0.1110829734506753,-0.15873329711659245
7.76138430087779,-2.4114026515017217,8.382046364286408,0.1110829734506753,-0.15873329711659245
7.76138430087779,-2.4114026515017217,8.382046364286408,0.1110829734506753,-0.15873329711659245
7.76138430087779,-2.4114026515017217,8.382046364286408,0.1110829734506753,-0.15873329711659245
7.76138430087779,-2.4114026515017217,8.382046364286408,0.1110829734506753,-0.15873329711659245
7.76138430087779,-2.4114026515017217,8.382046364286408,0.1110829734506753,-0.15873329711659245
7.76138430087779,-2.4114026515017217,8.382046364286408,0.1110829734506753,-0.15873329711659245
7.76138430087779,-2.4114026515017217,8.382046364286408,0.1110829734506753,-0.15873329711659245
7.76138430087779,-2.4114026515017217,8.382046364286408,0.1110829734506753,-0.15873329711659245
7.76138430087779,-2.4114026515017217,8.382046364286408,0.1110829734506753,-0.15873329711659245
7.76138430087779,-2.4114026515017217,8.382046364286408,0.1110829734506753,-0.15873329711659245
7.76138430087779,-2.4114026515017217,8.382046364286408,0.1110829734506753,-0.15873329711659245
7.76138430087779,-2.4114026515017217,8.382046364286408,0.1110829734506753,-0.15873329711659245
7.76138430087779,-2.4114026515017217,8.382046364286408,0.1110829734506753,-0.15873329711659245
7.76138430087779,-2.4114026515017217,8.382046364286408,0.1110829734506753,-0.15873329711659245
7.76138430087779,-2.4114026515017217,8.382046364286408,0.1110829734506753,-0.15873329711659245
7.76138430087779,-2.4114026515017217,8.382046364286408,0.1110829734506753,-0.15873329711659245
7.76138430087779,-2.4114026515017217,8.382046364286408,0.1110829734506753,-0.15873329711659245
7.76138430087779,-2.4114026515017217,8.382046364286408,0.1110829734506753,-0.15873329711659245
7.76138430087779,-2.4114026515017217,8.382046364286408,0.1110829734506753,-0.15873329711659245
7.76138430087779,-2.4114026515017217,8.382046364286408,0.1110829734506753,-0.15873329711659245
7.76138430087779,-2.4114026515017217,8.382046364286408,0.1110829734506753,-0.15873329711659245
7.76138430087779,-2.4114026515017217,8.382046364286408,0.1110829734506753,-0.15873329711659245
7.792585823806879,-2.4106612113026387,8.487124480677736,0.11182441364975837,-0.053655180725264984
7.792585823806879,-2.4106612113026387,8.487124480677736,0.11182441364975837,-0.053655180725264984
7.792585823806879,-2.4106612113026387,8.487124480677736,0.11182441364975837,-0.053655180725264984
7.792585823806879,-2.4106612113026387,8.487124480677736,0.11182441364975837,-0.053655180725264984
7.792585823806879,-2.4106612113026387,8.487124480677736,0.11182441364975837,-0.053655180725264984
7.792585823806879,-2.4106612113026387,8.487124480677736,0.11182441364975837,-0.053655180725264984
7.792585823806879,-2.4106612113026387,8.487124480677736,0.11182441364975837,-0.053655180725264984
7.792585823806879,-2.4106612113026387,8.487124480677736,0.11182441364975837,-0.053655180725264984
7.792585823806879,-2.4106612113026387,8.487124480677736,0.11182441364975837,-0.053655180725264984
7.792585823806879,-2.4106612113026387,8.487124480677736,0.11182441364975837,-0.053655180725264984
7.792585823806879,-2.4106612113026387,8.487124480677736,0.11182441364975837,-0.053655180725264984
7.792585823806879,-2.4106612113026387,8.487124480677736,0.11182441364975837,-0.053655180725264984
7.792585823806879,-2.4106612113026387,8.487124480677736,0.11182441364975837,-0.053655180725264984
7.792585823806879,-2.4106612113026387,8.487124480677736,0.11182441364975837,-0.053655180725264984
7.792585823806879,-2.4106612113026387,8.487124480677736,0.11182441364975837,-0.053655180725264984
7.792585823806879,-2.4106612113026387,8.487124480677736,0.11182441364975837,-0.053655180725264984
7.792585823806879,-2.4106612113026387,8.487124480677736,0.11182441364975837,-0.053655180725264984
7.792585823806879,-2.4106612113026387,8.487124480677736,0.11182441364975837,-0.053655180725264984
7.792585823806879,-2.4106612113026387,8.487124480677736,0.11182441364975837,-0.053655180725264984
7.792585823806879,-2.4106612113026387,8.487124480677736,0.11182441364975837,-0.053655180725264984
7.792585823806879,-2.4106612113026387,8.487124480677736,0.11182441364975837,-0.053655180725264984
7.731859997586657,-2.407164244155894,8.537632009782008,0.115321380796503,-0.0031476516209920646
7.731859997586657,-2.407164244155894,8.537632009782008,0.115321380796503,-0.0031476516209920646
7.731859997586657,-2.407164244155894,8.537632009782008,0.115321380796503,-0.0031476516209920646
7.731859997586657,-2.407164244155894,8.537632009782008,0.115321380796503,-0.0031476516209920646
7.731859997586657,-2.407164244155894,8.537632009782008,0.115321380796503,-0.0031476516209920646
7.731859997586657,-2.407164244155894,8.537632009782008,0.115321380796503,-0.0031476516209920646
7.731859997586657,-2.407164244155894,8.537632009782008,0.115321380796503,-0.0031476516209920646
7.731859997586657,-2.407164244155894,8.537632009782008,0.115321380796503,-0.0031476516209920646
7.731859997586657,-2.407164244155894,8.537632009782008,0.115321380796503,-0.0031476516209920646
7.731859997586657,-2.407164244155894,8.537632009782008,0.115321380796503,-0.0031476516209920646
7.731859997586657,-2.407164244155894,8.537632009782008,0.115321380796503,-0.0031476516209920646
7.731859997586657,-2.407164244155894,8.537632009782008,0.115321380796503,-0.0031476516209920646
7.731859997586657,-2.407164244155894,8.537632009782008,0.115321380796503,-0.0031476516209920646
7.731859997586657,-2.407164244155894,8.537632009782008,0.115321380796503,-0.0031476516209920646
7.731859997586657,-2.407164244155894,8.537632009782008,0.115321380796503,-0.0031476516209920646
7.731859997586657,-2.407164244155894,8.537632009782008,0.115321380796503,-0.0031476516209920646
7.731859997586657,-2.407164244155894,8.537632009782008,0.115321380796503,-0.0031476516209920646
7.731859997586657,-2.407164244155894,8.537632009782008,0.115321380796503,-0.0031476516209920646
7.731859997586657,-2.407164244155894,8.537632009782008,0.115321380796503,-0.0031476516209920646
7.731859997586657,-2.407164244155894,8.537632009782008,0.115321380796503,-0.0031476516209920646
7.731859997586657,-2.407164244155894,8.537632009782008,0.115321380796503,-0.0031476516209920646
7.731859997586657,-2.407164244155894,8.537632009782008,0.115321380796503,-0.0031476516209920646
7.731859997586657,-2.407164244155894,8.537632009782008,0.115321380796503,-0.0031476516209920646
7.731859997586657,-2.407164244155894,8.537632009782008,0.115321380796503,-0.0031476516209920646
7.731859997586657,-2.407164244155894,8.537632009782008,0.115321380796503,-0.0031476516209920646
7.731859997586657,-2.407164244155894,8.537632009782008,0.115321380796503,-0.0031476516209920646
7.731859997586657,-2.407164244155894,8.537632009782008,0.115321380796503,-0.0031476516209920646
7.731859997586657,-2.407164244155894,8.537632009782008,0.115321380796503,-0.0031476516209920646
7.731859997586657,-2.407164244155894,8.537632009782008,0.115321380796503,-0.0031476516209920646
7.731859997586657,-2.407164244155894,8.537632009782008,0.115321380796503,-0.0031476516209920646
7.731859997586657,-2.407164244155894,8.537632009782008,0.115321380796503,-0.0031476516209920646
7.731859997586657,-2.407164244155894,8.537632009782008,0.115321380796503,-0.0031476516209920646
7.731859997586657,-2.407164244155894,8.537632009782008,0.115321380796503,-0.0031476516209920646
7.731859997586657,-2.407164244155894,8.537632009782008,0.115321380796503,-0.0031476516209920646
7.731859997586657,-2.407164244155894,8.537632009782008,0.115321380796503,-0.0031476516209920646
7.731859997586657,-2.407164244155894,8.537632009782008,0.115321380796503,-0.0031476516209920646
7.731859997586657,-2.407164244155894,8.537632009782008,0.115321380796503,-0.0031476516209920646
7.731859997586657,-2.407164244155894,8.537632009782008,0.115321380796503,-0.0031476516209920646
7.731859997586657,-2.407164244155894,8.537632009782008,0.115321380796503,-0.0031476516209920646
7.731859997586657,-2.407164244155894,8.537632009782008,0.115321380796503,-0.0031476516209920646
7.731859997586657,-2.407164244155894,8.537632009782008,0.115321380796503,-0.0031476516209920646
7.731859997586657,-2.407164244155894,8.537632009782008,0.115321380796503,-0.0031476516209920646
7.731859997586657,-2.407164244155894,8.537632009782008,0.115321380796503,-0.0031476516209920646
7.675537781047857,-2.4039395729392132,8.452629003007559,0.1185460520131838,-0.0881506583954419
7.675537781047857,-2.4039395729392132,8.452629003007559,0.1185460520131838,-0.0881506583954419
7.675537781047857,-2.4039395729392132,8.452629003007559,0.1185460520131838,-0.0881506583954419
7.675537781047857,-2.4039395729392132,8.452629003007559,0.1185460520131838,-0.0881506583954419
7.675537781047857,-2.4039395729392132,8.452629003007559,0.1185460520131838,-0.0881506583954419
7.675537781047857,-2.4039395729392132,8.452629003007559,0.1185460520131838,-0.0881506583954419
7.675537781047857,-2.4039395729392132,8.452629003007559,0.1185460520131838,-0.0881506583954419
7.675537781047857,-2.4039395729392132,8.452629003007559,0.1185460520131838,-0.0881506583954419
7.675537781047857,-2.4039395729392132,8.452629003007559,0.1185460520131838,-0.0881506583954419
7.675537781047857,-2.4039395729392132,8.452629003007559,0.1185460520131838,-0.0881506583954419
7.675537781047857,-2.4039395729392132,8.452629003007559,0.1185460520131838,-0.0881506583954419
7.675537781047857,-2.4039395729392132,8.452629003007559,0.1185460520131838,-0.0881506583954419
7.675537781047857,-2.4039395729392132,8.452629003007559,0.1185460520131838,-0.0881506583954419
7.675537781047857,-2.4039395729392132,8.452629003007559,0.1185460520131838,-0.0881506583954419
7.675537781047857,-2.4039395729392132,8.452629003007559,0.1185460520131838,-0.0881506583954419
7.675537781047857,-2.4039395729392132,8.452629003007559,0.1185460520131838,-0.0881506583954419
7.675537781047857,-2.4039395729392132,8.452629003007559,0.1185460520131838,-0.0881506583954419
7.675537781047857,-2.4039395729392132,8.452629003007559,0.1185460520131838,-0.0881506583954419
7.675537781047857,-2.4039395729392132,8.452629003007559,0.1185460520131838,-0.0881506583954419
7.675537781047857,-2.4039395729392132,8.452629003007559,0.1185460520131838,-0.0881506583954419
7.675537781047857,-2.4039395729392132,8.452629003007559,0.1185460520131838,-0.0881506583954419
7.675537781047857,-2.4039395729392132,8.452629003007559,0.1185460520131838,-0.0881506583954419
7.675537781047857,-2.4039395729392132,8.452629003007559,0.1185460520131838,-0.0881506583954419
7.702398774536823,-2.401225099911201,8.513490156398424,0.12126052504119622,-0.027289505004576498
7.702398774536823,-2.401225099911201,8.513490156398424,0.12126052504119622,-0.027289505004576498
7.702398774536823,-2.401225099911201,8.513490156398424,0.12126052504119622,-0.027289505004576498
7.702398774536823,-2.401225099911201,8.513490156398424,0.12126052504119622,-0.027289505004576498
7.702398774536823,-2.401225099911201,8.513490156398424,0.12126052504119622,-0.027289505004576498
7.702398774536823,-2.401225099911201,8.513490156398424,0.12126052504119622,-0.027289505004576498
7.702398774536823,-2.401225099911201,8.513490156398424,0.12126052504119622,-0.027289505004576498
7.702398774536823,-2.401225099911201,8.513490156398424,0.12126052504119622,-0.027289505004576498
7.702398774536823,-2.401225099911201,8.513490156398424,0.12126052504119622,-0.027289505004576498
7.702398774536823,-2.401225099911201,8.513490156398424,0.12126052504119622,-0.027289505004576498
7.702398774536823,-2.401225099911201,8.513490156398424,0.12126052504119622,-0.027289505004576498
7.702398774536823,-2.401225099911201,8.513490156398424,0.12126052504119622,-0.027289505004576498
7.702398774536823,-2.401225099911201,8.513490156398424,0.12126052504119622,-0.027289505004576498
7.702398774536823,-2.401225099911201,8.513490156398424,0.12126052504119622,-0.027289505004576498
7.702398774536823,-2.401225099911201,8.513490156398424,0.12126052504119622,-0.027289505004576498
7.702398774536823,-2.401225099911201,8.513490156398424,0.12126052504119622,-0.027289505004576498
7.736843636311773,-2.399612219209581,8.542454802559638,0.12287340574281602,0.0016751411566371388
7.736843636311773,-2.399612219209581,8.542454802559638,0.12287340574281602,0.0016751411566371388
7.736843636311773,-2.399612219209581,8.542454802559638,0.12287340574281602,0.0016751411566371388
7.736843636311773,-2.399612219209581,8.542454802559638,0.12287340574281602,0.0016751411566371388
7.736843636311773,-2.399612219209581,8.542454802559638,0.12287340574281602,0.0016751411566371388
7.736843636311773,-2.399612219209581,8.542454802559638,0.12287340574281602,0.0016751411566371388
7.736843636311773,-2.399612219209581,8.542454802559638,0.12287340574281602,0.0016751411566371388
7.736843636311773,-2.399612219209581,8.542454802559638,0.12287340574281602,0.0016751411566371388
7.736843636311773,-2.399612219209581,8.542454802559638,0.12287340574281602,0.0016751411566371388
7.736843636311773,-2.399612219209581,8.542454802559638,0.12287340574281602,0.0016751411566371388
7.736843636311773,-2.399612219209581,8.542454802559638,0.12287340574281602,0.0016751411566371388
7.736843636311773,-2.399612219209581,8.542454802559638,0.12287340574281602,0.0016751411566371388
7.72597519145043,-2.3912049977275585,8.544898442126058,0.13128062722483858,0.004118780723057824
7.72597519145043,-2.3912049977275585,8.544898442126058,0.13128062722483858,0.004118780723057824
7.72597519145043,-2.3912049977275585,8.544898442126058,0.13128062722483858,0.004118780723057824
7.72597519145043,-2.3912049977275585,8.544898442126058,0.13128062722483858,0.004118780723057824
7.72597519145043,-2.3912049977275585,8.544898442126058,0.13128062722483858,0.004118780723057824
7.72597519145043,-2.3912049977275585,8.544898442126058,0.13128062722483858,0.004118780723057824
7.72597519145043,-2.3912049977275585,8.544898442126058,0.13128062722483858,0.004118780723057824
7.72597519145043,-2.3912049977275585,8.544898442126058,0.13128062722483858,0.004118780723057824
7.72597519145043,-2.3912049977275585,8.544898442126058,0.13128062722483858,0.004118780723057824
7.72597519145043,-2.3912049977275585,8.544898442126058,0.13128062722483858,0.004118780723057824
7.72597519145043,-2.3912049977275585,8.544898442126058,0.13128062722483858,0.004118780723057824
7.72597519145043,-2.3912049977275585,8.544898442126058,0.13128062722483858,0.004118780723057824
7.72597519145043,-2.3912049977275585,8.544898442126058,0.13128062722483858,0.004118780723057824
7.7281077925865125,-2.38870006654658,8.536568811646598,0.13378555840581718,-0.004210849756402624
7.7281077925865125,-2.38870006654658,8.536568811646598,0.13378555840581718,-0.004210849756402624
7.7281077925865125,-2.38870006654658,8.536568811646598,0.13378555840581718,-0.004210849756402624
7.7281077925865125,-2.38870006654658,8.536568811646598,0.13378555840581718,-0.004210849756402624
7.7281077925865125,-2.38870006654658,8.536568811646598,0.13378555840581718,-0.004210849756402624
7.7281077925865125,-2.38870006654658,8.536568811646598,0.13378555840581718,-0.004210849756402624
7.7281077925865125,-2.38870006654658,8.536568811646598,0.13378555840581718,-0.004210849756402624
7.7281077925865125,-2.38870006654658,8.536568811646598,0.13378555840581718,-0.004210849756402624
7.7281077925865125,-2.38870006654658,8.536568811646598,0.13378555840581718,-0.004210849756402624
7.7281077925865125,-2.38870006654658,8.536568811646598,0.13378555840581718,-0.004210849756402624
7.7281077925865125,-2.38870006654658,8.536568811646598,0.13378555840581718,-0.004210849756402624
7.7281077925865125,-2.38870006654658,8.536568811646598,0.13378555840581718,-0.004210849756402624
7.7281077925865125,-2.38870006654658,8.536568811646598,0.13378555840581718,-0.004210849756402624
7.681774995029185,-2.387656227072741,8.522867572185694,0.1348293978796562,-0.01791208921730636
7.681774995029185,-2.387656227072741,8.522867572185694,0.1348293978796562,-0.01791208921730636
7.681774995029185,-2.387656227072741,8.522867572185694,0.1348293978796562,-0.01791208921730636
7.681774995029185,-2.387656227072741,8.522867572185694,0.1348293978796562,-0.01791208921730636
7.681774995029185,-2.387656227072741,8.522867572185694,0.1348293978796562,-0.01791208921730636
7.681774995029185,-2.387656227072741,8.522867572185694,0.1348293978796562,-0.01791208921730636
7.681774995029185,-2.387656227072741,8.522867572185694,0.1348293978796562,-0.01791208921730636
7.681774995029185,-2.387656227072741,8.522867572185694,0.1348293978796562,-0.01791208921730636
7.681774995029185,-2.387656227072741,8.522867572185694,0.1348293978796562,-0.01791208921730636
7.681774995029185,-2.387656227072741,8.522867572185694,0.1348293978796562,-0.01791208921730636
7.792531108731095,-2.3773098910454915,8.510788472279879,0.14517573390690552,-0.029991189123121487
7.792531108731095,-2.3773098910454915,8.510788472279879,0.14517573390690552,-0.029991189123121487
7.792531108731095,-2.3773098910454915,8.510788472279879,0.14517573390690552,-0.029991189123121487
7.792531108731095,-2.3773098910454915,8.510788472279879,0.14517573390690552,-0.029991189123121487
7.792531108731095,-2.3773098910454915,8.510788472279879,0.14517573390690552,-0.029991189123121487
7.792531108731095,-2.3773098910454915,8.510788472279879,0.14517573390690552,-0.029991189123121487
7.792531108731095,-2.3773098910454915,8.510788472279879,0.14517573390690552,-0.029991189123121487
7.792531108731095,-2.3773098910454915,8.510788472279879,0.14517573390690552,-0.029991189123121487
7.792531108731095,-2.3773098910454915,8.510788472279879,0.14517573390690552,-0.029991189123121487
7.792531108731095,-2.3773098910454915,8.510788472279879,0.14517573390690552,-0.029991189123121487
7.792531108731095,-2.3773098910454915,8.510788472279879,0.14517573390690552,-0.029991189123121487
7.792531108731095,-2.3773098910454915,8.510788472279879,0.14517573390690552,-0.029991189123121487
7.792531108731095,-2.3773098910454915,8.510788472279879,0.14517573390690552,-0.029991189123121487
7.792531108731095,-2.3773098910454915,8.510788472279879,0.14517573390690552,-0.029991189123121487
7.792531108731095,-2.3773098910454915,8.510788472279879,0.14517573390690552,-0.029991189123121487
7.792531108731095,-2.3773098910454915,8.510788472279879,0.14517573390690552,-0.029991189123121487
7.724873249833095,-2.369340817024984,8.5627157655644,0.15314480792741314,0.021936104161399683
7.724873249833095,-2.369340817024984,8.5627157655644,0.15314480792741314,0.021936104161399683
7.724873249833095,-2.369340817024984,8.5627157655644,0.15314480792741314,0.021936104161399683
7.724873249833095,-2.369340817024984,8.5627157655644,0.15314480792741314,0.021936104161399683
7.724873249833095,-2.369340817024984,8.5627157655644,0.15314480792741314,0.021936104161399683
7.724873249833095,-2.369340817024984,8.5627157655644,0.15314480792741314,0.021936104161399683
7.724873249833095,-2.369340817024984,8.5627157655644,0.15314480792741314,0.021936104161399683
7.724873249833095,-2.369340817024984,8.5627157655644,0.15314480792741314,0.021936104161399683
7.724873249833095,-2.369340817024984,8.5627157655644,0.15314480792741314,0.021936104161399683
7.724873249833095,-2.369340817024984,8.5627157655644,0.15314480792741314,0.021936104161399683
7.724873249833095,-2.369340817024984,8.5627157655644,0.15314480792741314,0.021936104161399683
7.724873249833095,-2.369340817024984,8.5627157655644,0.15314480792741314,0.021936104161399683
7.724873249833095,-2.369340817024984,8.5627157655644,0.15314480792741314,0.021936104161399683
7.724873249833095,-2.369340817024984,8.5627157655644,0.15314480792741314,0.021936104161399683
7.724873249833095,-2.369340817024984,8.5627157655644,0.15314480792741314,0.021936104161399683
7.724873249833095,-2.369340817024984,8.5627157655644,0.15314480792741314,0.021936104161399683
7.724873249833095,-2.369340817024984,8.5627157655644,0.15314480792741314,0.021936104161399683
7.724873249833095,-2.369340817024984,8.5627157655644,0.15314480792741314,0.021936104161399683
7.724873249833095,-2.369340817024984,8.5627157655644,0.15314480792741314,0.021936104161399683
7.724873249833095,-2.369340817024984,8.5627157655644,0.15314480792741314,0.021936104161399683
7.724873249833095,-2.369340817024984,8.5627157655644,0.15314480792741314,0.021936104161399683
7.724873249833095,-2.369340817024984,8.5627157655644,0.15314480792741314,0.021936104161399683
7.724873249833095,-2.369340817024984,8.5627157655644,0.15314480792741314,0.021936104161399683
7.724873249833095,-2.369340817024984,8.5627157655644,0.15314480792741314,0.021936104161399683
7.724873249833095,-2.369340817024984,8.5627157655644,0.15314480792741314,0.021936104161399683
7.724873249833095,-2.369340817024984,8.5627157655644,0.15314480792741314,0.021936104161399683
7.724873249833095,-2.369340817024984,8.5627157655644,0.15314480792741314,0.021936104161399683
7.724873249833095,-2.369340817024984,8.5627157655644,0.15314480792741314,0.021936104161399683
7.724873249833095,-2.369340817024984,8.5627157655644,0.15314480792741314,0.021936104161399683
7.724873249833095,-2.369340817024984,8.5627157655644,0.15314480792741314,0.021936104161399683
7.724873249833095,-2.369340817024984,8.5627157655644,0.15314480792741314,0.021936104161399683
7.724873249833095,-2.369340817024984,8.5627157655644,0.15314480792741314,0.021936104161399683
7.724873249833095,-2.369340817024984,8.5627157655644,0.15314480792741314,0.021936104161399683
7.724873249833095,-2.369340817024984,8.5627157655644,0.15314480792741314,0.021936104161399683
7.724873249833095,-2.369340817024984,8.5627157655644,0.15314480792741314,0.021936104161399683
7.652903771119372,-2.365263554831512,8.506754004286881,0.15722207012088507,-0.03402565711611949
7.652903771119372,-2.365263554831512,8.506754004286881,0.15722207012088507,-0.03402565711611949
7.652903771119372,-2.365263554831512,8.506754004286881,0.15722207012088507,-0.03402565711611949
7.652903771119372,-2.365263554831512,8.506754004286881,0.15722207012088507,-0.03402565711611949
7.652903771119372,-2.365263554831512,8.506754004286881,0.15722207012088507,-0.03402565711611949
7.652903771119372,-2.365263554831512,8.506754004286881,0.15722207012088507,-0.03402565711611949
7.652903771119372,-2.365263554831512,8.506754004286881,0.15722207012088507,-0.03402565711611949
7.652903771119372,-2.365263554831512,8.506754004286881,0.15722207012088507,-0.03402565711611949
7.652903771119372,-2.365263554831512,8.506754004286881,0.15722207012088507,-0.03402565711611949
7.652903771119372,-2.365263554831512,8.506754004286881,0.15722207012088507,-0.03402565711611949
7.652903771119372,-2.365263554831512,8.506754004286881,0.15722207012088507,-0.03402565711611949
7.652903771119372,-2.365263554831512,8.506754004286881,0.15722207012088507,-0.03402565711611949
7.652903771119372,-2.365263554831512,8.506754004286881,0.15722207012088507,-0.03402565711611949
7.652903771119372,-2.365263554831512,8.506754004286881,0.15722207012088507,-0.03402565711611949
7.652903771119372,-2.365263554831512,8.506754004286881,0.15722207012088507,-0.03402565711611949
7.652903771119372,-2.365263554831512,8.506754004286881,0.15722207012088507,-0.03402565711611949
7.652903771119372,-2.365263554831512,8.506754004286881,0.15722207012088507,-0.03402565711611949
7.652903771119372,-2.365263554831512,8.506754004286881,0.15722207012088507,-0.03402565711611949
7.652903771119372,-2.365263554831512,8.506754004286881,0.15722207012088507,-0.03402565711611949
7.652903771119372,-2.365263554831512,8.506754004286881,0.15722207012088507,-0.03402565711611949
7.652903771119372,-2.365263554831512,8.506754004286881,0.15722207012088507,-0.03402565711611949
7.652903771119372,-2.365263554831512,8.506754004286881,0.15722207012088507,-0.03402565711611949
7.652903771119372,-2.365263554831512,8.506754004286881,0.15722207012088507,-0.03402565711611949
7.652903771119372,-2.365263554831512,8.506754004286881,0.15722207012088507,-0.03402565711611949
7.652903771119372,-2.365263554831512,8.506754004286881,0.15722207012088507,-0.03402565711611949
7.652903771119372,-2.365263554831512,8.506754004286881,0.15722207012088507,-0.03402565711611949
7.652903771119372,-2.365263554831512,8.506754004286881,0.15722207012088507,-0.03402565711611949
7.652903771119372,-2.365263554831512,8.506754004286881,0.15722207012088507,-0.03402565711611949
7.652903771119372,-2.365263554831512,8.506754004286881,0.15722207012088507,-0.03402565711611949
7.652903771119372,-2.365263554831512,8.506754004286881,0.15722207012088507,-0.03402565711611949
7.652903771119372,-2.365263554831512,8.506754004286881,0.15722207012088507,-0.03402565711611949
7.652903771119372,-2.365263554831512,8.506754004286881,0.15722207012088507,-0.03402565711611949
7.652903771119372,-2.365263554831512,8.506754004286881,0.15722207012088507,-0.03402565711611949
7.652903771119372,-2.365263554831512,8.506754004286881,0.15722207012088507,-0.03402565711611949
7.652903771119372,-2.365263554831512,8.506754004286881,0.15722207012088507,-0.03402565711611949
7.737573294330277,-2.365193961367357,8.567736133394511,0.1572916635850401,0.026956471991510966
7.737573294330277,-2.365193961367357,8.567736133394511,0.1572916635850401,0.026956471991510966
7.737573294330277,-2.365193961367357,8.567736133394511,0.1572916635850401,0.026956471991510966
7.737573294330277,-2.365193961367357,8.567736133394511,0.1572916635850401,0.026956471991510966
7.737573294330277,-2.365193961367357,8.567736133394511,0.1572916635850401,0.026956471991510966
7.737573294330277,-2.365193961367357,8.567736133394511,0.1572916635850401,0.026956471991510966
7.737573294330277,-2.365193961367357,8.567736133394511,0.1572916635850401,0.026956471991510966
7.737573294330277,-2.365193961367357,8.567736133394511,0.1572916635850401,0.026956471991510966
7.737573294330277,-2.365193961367357,8.567736133394511,0.1572916635850401,0.026956471991510966
7.737573294330277,-2.365193961367357,8.567736133394511,0.1572916635850401,0.026956471991510966
7.737573294330277,-2.365193961367357,8.567736133394511,0.1572916635850401,0.026956471991510966
7.737573294330277,-2.365193961367357,8.567736133394511,0.1572916635850401,0.026956471991510966
7.737573294330277,-2.365193961367357,8.567736133394511,0.1572916635850401,0.026956471991510966
7.737573294330277,-2.365193961367357,8.567736133394511,0.1572916635850401,0.026956471991510966
7.737573294330277,-2.365193961367357,8.567736133394511,0.1572916635850401,0.026956471991510966
7.737573294330277,-2.365193961367357,8.567736133394511,0.1572916635850401,0.026956471991510966
7.737573294330277,-2.365193961367357,8.567736133394511,0.1572916635850401,0.026956471991510966
7.737573294330277,-2.365193961367357,8.567736133394511,0.1572916635850401,0.026956471991510966
7.737573294330277,-2.365193961367357,8.567736133394511,0.1572916635850401,0.026956471991510966
7.737573294330277,-2.365193961367357,8.567736133394511,0.1572916635850401,0.026956471991510966
7.737573294330277,-2.365193961367357,8.567736133394511,0.1572916635850401,0.026956471991510966
7.737573294330277,-2.365193961367357,8.567736133394511,0.1572916635850401,0.026956471991510966
7.737573294330277,-2.365193961367357,8.567736133394511,0.1572916635850401,0.026956471991510966
7.737573294330277,-2.365193961367357,8.567736133394511,0.1572916635850401,0.026956471991510966
7.737573294330277,-2.365193961367357,8.567736133394511,0.1572916635850401,0.026956471991510966
7.737573294330277,-2.365193961367357,8.567736133394511,0.1572916635850401,0.026956471991510966
7.761855308163409,-2.3614034707037823,8.565074575829742,0.16108215424861472,0.0242949144267417
7.761855308163409,-2.3614034707037823,8.565074575829742,0.16108215424861472,0.0242949144267417
7.761855308163409,-2.3614034707037823,8.565074575829742,0.16108215424861472,0.0242949144267417
7.761855308163409,-2.3614034707037823,8.565074575829742,0.16108215424861472,0.0242949144267417
7.761855308163409,-2.3614034707037823,8.565074575829742,0.16108215424861472,0.0242949144267417
7.761855308163409,-2.3614034707037823,8.565074575829742,0.16108215424861472,0.0242949144267417
7.761855308163409,-2.3614034707037823,8.565074575829742,0.16108215424861472,0.0242949144267417
7.761855308163409,-2.3614034707037823,8.565074575829742,0.16108215424861472,0.0242949144267417
7.761855308163409,-2.3614034707037823,8.565074575829742,0.16108215424861472,0.0242949144267417
7.761855308163409,-2.3614034707037823,8.565074575829742,0.16108215424861472,0.0242949144267417
7.759350919795819,-2.3589679801733006,8.596990003337558,0.16351764477909647,0.056210341934557206
7.759350919795819,-2.3589679801733006,8.596990003337558,0.16351764477909647,0.056210341934557206
7.759350919795819,-2.3589679801733006,8.596990003337558,0.16351764477909647,0.056210341934557206
7.759350919795819,-2.3589679801733006,8.596990003337558,0.16351764477909647,0.056210341934557206
7.759350919795819,-2.3589679801733006,8.596990003337558,0.16351764477909647,0.056210341934557206
7.759350919795819,-2.3589679801733006,8.596990003337558,0.16351764477909647,0.056210341934557206
7.759350919795819,-2.3589679801733006,8.596990003337558,0.16351764477909647,0.056210341934557206
7.759350919795819,-2.3589679801733006,8.596990003337558,0.16351764477909647,0.056210341934557206
7.759350919795819,-2.3589679801733006,8.596990003337558,0.16351764477909647,0.056210341934557206
7.759350919795819,-2.3589679801733006,8.596990003337558,0.16351764477909647,0.056210341934557206
7.759350919795819,-2.3589679801733006,8.596990003337558,0.16351764477909647,0.056210341934557206
7.759350919795819,-2.3589679801733006,8.596990003337558,0.16351764477909647,0.056210341934557206
7.759350919795819,-2.3589679801733006,8.596990003337558,0.16351764477909647,0.056210341934557206
7.759350919795819,-2.3589679801733006,8.596990003337558,0.16351764477909647,0.056210341934557206
7.707018668453369,-2.3565475215774834,8.507904111055025,0.16593810337491366,-0.032875550347975846
7.707018668453369,-2.3565475215774834,8.507904111055025,0.16593810337491366,-0.032875550347975846
7.707018668453369,-2.3565475215774834,8.507904111055025,0.16593810337491366,-0.032875550347975846
7.707018668453369,-2.3565475215774834,8.507904111055025,0.16593810337491366,-0.032875550347975846
7.707018668453369,-2.3565475215774834,8.507904111055025,0.16593810337491366,-0.032875550347975846
7.707018668453369,-2.3565475215774834,8.507904111055025,0.16593810337491366,-0.032875550347975846
7.707018668453369,-2.3565475215774834,8.507904111055025,0.16593810337491366,-0.032875550347975846
7.707018668453369,-2.3565475215774834,8.507904111055025,0.16593810337491366,-0.032875550347975846
7.707018668453369,-2.3565475215774834,8.507904111055025,0.16593810337491366,-0.032875550347975846
7.707018668453369,-2.3565475215774834,8.507904111055025,0.16593810337491366,-0.032875550347975846
7.707018668453369,-2.3565475215774834,8.507904111055025,0.16593810337491366,-0.032875550347975846
7.707018668453369,-2.3565475215774834,8.507904111055025,0.16593810337491366,-0.032875550347975846
7.687603434180334,-2.347910671468185,8.602631228973015,0.17457495348421181,0.061851567570014865
7.687603434180334,-2.347910671468185,8.602631228973015,0.17457495348421181,0.061851567570014865
7.687603434180334,-2.347910671468185,8.602631228973015,0.17457495348421181,0.061851567570014865
7.687603434180334,-2.347910671468185,8.602631228973015,0.17457495348421181,0.061851567570014865
7.687603434180334,-2.347910671468185,8.602631228973015,0.17457495348421181,0.061851567570014865
7.687603434180334,-2.347910671468185,8.602631228973015,0.17457495348421181,0.061851567570014865
7.687603434180334,-2.347910671468185,8.602631228973015,0.17457495348421181,0.061851567570014865
7.687603434180334,-2.347910671468185,8.602631228973015,0.17457495348421181,0.061851567570014865
7.687603434180334,-2.347910671468185,8.602631228973015,0.17457495348421181,0.061851567570014865
7.687603434180334,-2.347910671468185,8.602631228973015,0.17457495348421181,0.061851567570014865
7.687603434180334,-2.347910671468185,8.602631228973015,0.17457495348421181,0.061851567570014865
7.687603434180334,-2.347910671468185,8.602631228973015,0.17457495348421181,0.061851567570014865
7.687603434180334,-2.347910671468185,8.602631228973015,0.17457495348421181,0.061851567570014865
7.687603434180334,-2.347910671468185,8.602631228973015,0.17457495348421181,0.061851567570014865
7.687603434180334,-2.347910671468185,8.602631228973015,0.17457495348421181,0.061851567570014865
7.687603434180334,-2.347910671468185,8.602631228973015,0.17457495348421181,0.061851567570014865
7.687603434180334,-2.347910671468185,8.602631228973015,0.17457495348421181,0.061851567570014865
7.687603434180334,-2.347910671468185,8.602631228973015,0.17457495348421181,0.061851567570014865
7.687603434180334,-2.347910671468185,8.602631228973015,0.17457495348421181,0.061851567570014865
7.687603434180334,-2.347910671468185,8.602631228973015,0.17457495348421181,0.061851567570014865
7.687603434180334,-2.347910671468185,8.602631228973015,0.17457495348421181,0.061851567570014865
7.687603434180334,-2.347910671468185,8.602631228973015,0.17457495348421181,0.061851567570014865
7.687603434180334,-2.347910671468185,8.602631228973015,0.17457495348421181,0.061851567570014865
7.687603434180334,-2.347910671468185,8.602631228973015,0.17457495348421181,0.061851567570014865
7.687603434180334,-2.347910671468185,8.602631228973015,0.17457495348421181,0.061851567570014865
7.687603434180334,-2.347910671468185,8.602631228973015,0.17457495348421181,0.061851567570014865
7.723707293283422,-2.3452324976004646,8.53446184739927,0.17725312735193244,-0.006317814003731215
7.723707293283422,-2.3452324976004646,8.53446184739927,0.17725312735193244,-0.006317814003731215
7.723707293283422,-2.3452324976004646,8.53446184739927,0.17725312735193244,-0.006317814003731215
7.723707293283422,-2.3452324976004646,8.53446184739927,0.17725312735193244,-0.006317814003731215
7.723707293283422,-2.3452324976004646,8.53446184739927,0.17725312735193244,-0.006317814003731215
7.723707293283422,-2.3452324976004646,8.53446184739927,0.17725312735193244,-0.006317814003731215
7.723707293283422,-2.3452324976004646,8.53446184739927,0.17725312735193244,-0.006317814003731215
7.723707293283422,-2.3452324976004646,8.53446184739927,0.17725312735193244,-0.006317814003731215
7.723707293283422,-2.3452324976004646,8.53446184739927,0.17725312735193244,-0.006317814003731215
7.723707293283422,-2.3452324976004646,8.53446184739927,0.17725312735193244,-0.006317814003731215
7.723707293283422,-2.3452324976004646,8.53446184739927,0.17725312735193244,-0.006317814003731215
7.723707293283422,-2.3452324976004646,8.53446184739927,0.17725312735193244,-0.006317814003731215
7.723707293283422,-2.3452324976004646,8.53446184739927,0.17725312735193244,-0.006317814003731215
7.688948950050996,-2.3331982132051796,8.540974251087336,0.18928741174721742,0.00019458968433561097
7.688948950050996,-2.3331982132051796,8.540974251087336,0.18928741174721742,0.00019458968433561097
7.688948950050996,-2.3331982132051796,8.540974251087336,0.18928741174721742,0.00019458968433561097
7.688948950050996,-2.3331982132051796,8.540974251087336,0.18928741174721742,0.00019458968433561097
7.688948950050996,-2.3331982132051796,8.540974251087336,0.18928741174721742,0.00019458968433561097
7.688948950050996,-2.3331982132051796,8.540974251087336,0.18928741174721742,0.00019458968433561097
7.688948950050996,-2.3331982132051796,8.540974251087336,0.18928741174721742,0.00019458968433561097
7.688948950050996,-2.3331982132051796,8.540974251087336,0.18928741174721742,0.00019458968433561097
7.688948950050996,-2.3331982132051796,8.540974251087336,0.18928741174721742,0.00019458968433561097
7.688948950050996,-2.3331982132051796,8.540974251087336,0.18928741174721742,0.00019458968433561097
7.688948950050996,-2.3331982132051796,8.540974251087336,0.18928741174721742,0.00019458968433561097
7.688948950050996,-2.3331982132051796,8.540974251087336,0.18928741174721742,0.00019458968433561097
7.688948950050996,-2.3331982132051796,8.540974251087336,0.18928741174721742,0.00019458968433561097
7.688948950050996,-2.3331982132051796,8.540974251087336,0.18928741174721742,0.00019458968433561097
7.688948950050996,-2.3331982132051796,8.540974251087336,0.18928741174721742,0.00019458968433561097
7.776939891900735,-2.332765938084456,8.528156130754576,0.18971968686794094,-0.012623530648424364
7.776939891900735,-2.332765938084456,8.528156130754576,0.18971968686794094,-0.012623530648424364
7.776939891900735,-2.332765938084456,8.528156130754576,0.18971968686794094,-0.012623530648424364
7.776939891900735,-2.332765938084456,8.528156130754576,0.18971968686794094,-0.012623530648424364
7.776939891900735,-2.332765938084456,8.528156130754576,0.18971968686794094,-0.012623530648424364
7.776939891900735,-2.332765938084456,8.528156130754576,0.18971968686794094,-0.012623530648424364
7.776939891900735,-2.332765938084456,8.528156130754576,0.18971968686794094,-0.012623530648424364
7.776939891900735,-2.332765938084456,8.528156130754576,0.18971968686794094,-0.012623530648424364
7.776939891900735,-2.332765938084456,8.528156130754576,0.18971968686794094,-0.012623530648424364
7.776939891900735,-2.332765938084456,8.528156130754576,0.18971968686794094,-0.012623530648424364
7.776939891900735,-2.332765938084456,8.528156130754576,0.18971968686794094,-0.012623530648424364
7.776939891900735,-2.332765938084456,8.528156130754576,0.18971968686794094,-0.012623530648424364
7.776939891900735,-2.332765938084456,8.528156130754576,0.18971968686794094,-0.012623530648424364
7.776939891900735,-2.332765938084456,8.528156130754576,0.18971968686794094,-0.012623530648424364
7.678722625258193,-2.3161514115507935,8.512742933369019,0.20633421340160352,-0.028036728033981717
7.678722625258193,-2.3161514115507935,8.512742933369019,0.20633421340160352,-0.028036728033981717
7.678722625258193,-2.3161514115507935,8.512742933369019,0.20633421340160352,-0.028036728033981717
7.678722625258193,-2.3161514115507935,8.512742933369019,0.20633421340160352,-0.028036728033981717
7.678722625258193,-2.3161514115507935,8.512742933369019,0.20633421340160352,-0.028036728033981717
7.678722625258193,-2.3161514115507935,8.512742933369019,0.20633421340160352,-0.028036728033981717
7.678722625258193,-2.3161514115507935,8.512742933369019,0.20633421340160352,-0.028036728033981717
7.678722625258193,-2.3161514115507935,8.512742933369019,0.20633421340160352,-0.028036728033981717
7.678722625258193,-2.3161514115507935,8.512742933369019,0.20633421340160352,-0.028036728033981717
7.678722625258193,-2.3161514115507935,8.512742933369019,0.20633421340160352,-0.028036728033981717
7.678722625258193,-2.3161514115507935,8.512742933369019,0.20633421340160352,-0.028036728033981717
7.678722625258193,-2.3161514115507935,8.512742933369019,0.20633421340160352,-0.028036728033981717
7.678722625258193,-2.3161514115507935,8.512742933369019,0.20633421340160352,-0.028036728033981717
7.678722625258193,-2.3161514115507935,8.512742933369019,0.20633421340160352,-0.028036728033981717
7.678722625258193,-2.3161514115507935,8.512742933369019,0.20633421340160352,-0.028036728033981717
7.678722625258193,-2.3161514115507935,8.512742933369019,0.20633421340160352,-0.028036728033981717
7.678722625258193,-2.3161514115507935,8.512742933369019,0.20633421340160352,-0.028036728033981717
7.678722625258193,-2.3161514115507935,8.512742933369019,0.20633421340160352,-0.028036728033981717
7.678722625258193,-2.3161514115507935,8.512742933369019,0.20633421340160352,-0.028036728033981717
7.678722625258193,-2.3161514115507935,8.512742933369019,0.20633421340160352,-0.028036728033981717
7.678722625258193,-2.3161514115507935,8.512742933369019,0.20633421340160352,-0.028036728033981717
7.678722625258193,-2.3161514115507935,8.512742933369019,0.20633421340160352,-0.028036728033981717
7.678722625258193,-2.3161514115507935,8.512742933369019,0.20633421340160352,-0.028036728033981717
7.678722625258193,-2.3161514115507935,8.512742933369019,0.20633421340160352,-0.028036728033981717
7.678722625258193,-2.3161514115507935,8.512742933369019,0.20633421340160352,-0.028036728033981717
7.678722625258193,-2.3161514115507935,8.512742933369019,0.20633421340160352,-0.028036728033981717
7.678722625258193,-2.3161514115507935,8.512742933369019,0.20633421340160352,-0.028036728033981717
7.678722625258193,-2.3161514115507935,8.512742933369019,0.20633421340160352,-0.028036728033981717
7.678722625258193,-2.3161514115507935,8.512742933369019,0.20633421340160352,-0.028036728033981717
7.678722625258193,-2.3161514115507935,8.512742933369019,0.20633421340160352,-0.028036728033981717
7.678722625258193,-2.3161514115507935,8.512742933369019,0.20633421340160352,-0.028036728033981717
7.678722625258193,-2.3161514115507935,8.512742933369019,0.20633421340160352,-0.028036728033981717
7.678722625258193,-2.3161514115507935,8.512742933369019,0.20633421340160352,-0.028036728033981717
7.678722625258193,-2.3161514115507935,8.512742933369019,0.20633421340160352,-0.028036728033981717
7.678722625258193,-2.3161514115507935,8.512742933369019,0.20633421340160352,-0.028036728033981717
7.678722625258193,-2.3161514115507935,8.512742933369019,0.20633421340160352,-0.028036728033981717
7.678722625258193,-2.3161514115507935,8.512742933369019,0.20633421340160352,-0.028036728033981717
7.678722625258193,-2.3161514115507935,8.512742933369019,0.20633421340160352,-0.028036728033981717
7.787270001846458,-2.3030045494237505,8.50619214328077,0.21948107552864649,-0.03458751812222971
7.787270001846458,-2.3030045494237505,8.50619214328077,0.21948107552864649,-0.03458751812222971
7.787270001846458,-2.3030045494237505,8.50619214328077,0.21948107552864649,-0.03458751812222971
7.787270001846458,-2.3030045494237505,8.50619214328077,0.21948107552864649,-0.03458751812222971
7.787270001846458,-2.3030045494237505,8.50619214328077,0.21948107552864649,-0.03458751812222971
7.787270001846458,-2.3030045494237505,8.50619214328077,0.21948107552864649,-0.03458751812222971
7.787270001846458,-2.3030045494237505,8.50619214328077,0.21948107552864649,-0.03458751812222971
7.787270001846458,-2.3030045494237505,8.50619214328077,0.21948107552864649,-0.03458751812222971
7.787270001846458,-2.3030045494237505,8.50619214328077,0.21948107552864649,-0.03458751812222971
7.787270001846458,-2.3030045494237505,8.50619214328077,0.21948107552864649,-0.03458751812222971
7.787270001846458,-2.3030045494237505,8.50619214328077,0.21948107552864649,-0.03458751812222971
7.787270001846458,-2.3030045494237505,8.50619214328077,0.21948107552864649,-0.03458751812222971
7.787270001846458,-2.3030045494237505,8.50619214328077,0.21948107552864649,-0.03458751812222971
7.787270001846458,-2.3030045494237505,8.50619214328077,0.21948107552864649,-0.03458751812222971
7.787270001846458,-2.3030045494237505,8.50619214328077,0.21948107552864649,-0.03458751812222971
7.787270001846458,-2.3030045494237505,8.50619214328077,0.21948107552864649,-0.03458751812222971
7.787270001846458,-2.3030045494237505,8.50619214328077,0.21948107552864649,-0.03458751812222971
7.787270001846458,-2.3030045494237505,8.50619214328077,0.21948107552864649,-0.03458751812222971
7.787270001846458,-2.3030045494237505,8.50619214328077,0.21948107552864649,-0.03458751812222971
7.787270001846458,-2.3030045494237505,8.50619214328077,0.21948107552864649,-0.03458751812222971
7.787270001846458,-2.3030045494237505,8.50619214328077,0.21948107552864649,-0.03458751812222971
7.787270001846458,-2.3030045494237505,8.50619214328077,0.21948107552864649,-0.03458751812222971
7.787270001846458,-2.3030045494237505,8.50619214328077,0.21948107552864649,-0.03458751812222971
7.787270001846458,-2.3030045494237505,8.50619214328077,0.21948107552864649,-0.03458751812222971
7.787270001846458,-2.3030045494237505,8.50619214328077,0.21948107552864649,-0.03458751812222971
7.787270001846458,-2.3030045494237505,8.50619214328077,0.21948107552864649,-0.03458751812222971
7.787270001846458,-2.3030045494237505,8.50619214328077,0.21948107552864649,-0.03458751812222971
7.787270001846458,-2.3030045494237505,8.50619214328077,0.21948107552864649,-0.03458751812222971
7.787270001846458,-2.3030045494237505,8.50619214328077,0.21948107552864649,-0.03458751812222971
7.787270001846458,-2.3030045494237505,8.50619214328077,0.21948107552864649,-0.03458751812222971
7.787270001846458,-2.3030045494237505,8.50619214328077,0.21948107552864649,-0.03458751812222971
7.681015511074326,-2.3019374290651284,8.567244175231249,0.2205481958872686,0.026464513828248215
7.681015511074326,-2.3019374290651284,8.567244175231249,0.2205481958872686,0.026464513828248215
7.681015511074326,-2.3019374290651284,8.567244175231249,0.2205481958872686,0.026464513828248215
7.681015511074326,-2.3019374290651284,8.567244175231249,0.2205481958872686,0.026464513828248215
7.681015511074326,-2.3019374290651284,8.567244175231249,0.2205481958872686,0.026464513828248215
7.681015511074326,-2.3019374290651284,8.567244175231249,0.2205481958872686,0.026464513828248215
7.681015511074326,-2.3019374290651284,8.567244175231249,0.2205481958872686,0.026464513828248215
7.681015511074326,-2.3019374290651284,8.567244175231249,0.2205481958872686,0.026464513828248215
7.681015511074326,-2.3019374290651284,8.567244175231249,0.2205481958872686,0.026464513828248215
7.681015511074326,-2.3019374290651284,8.567244175231249,0.2205481958872686,0.026464513828248215
7.681015511074326,-2.3019374290651284,8.567244175231249,0.2205481958872686,0.026464513828248215
7.681015511074326,-2.3019374290651284,8.567244175231249,0.2205481958872686,0.026464513828248215
7.681015511074326,-2.3019374290651284,8.567244175231249,0.2205481958872686,0.026464513828248215
7.681015511074326,-2.3019374290651284,8.567244175231249,0.2205481958872686,0.026464513828248215
7.727596918924462,-2.2845343406704868,8.54291054502822,0.23795128428191026,0.0021308836252202923
7.727596918924462,-2.2845343406704868,8.54291054502822,0.23795128428191026,0.0021308836252202923
7.727596918924462,-2.2845343406704868,8.54291054502822,0.23795128428191026,0.0021308836252202923
7.727596918924462,-2.2845343406704868,8.54291054502822,0.23795128428191026,0.0021308836252202923
7.727596918924462,-2.2845343406704868,8.54291054502822,0.23795128428191026,0.0021308836252202923
7.727596918924462,-2.2845343406704868,8.54291054502822,0.23795128428191026,0.0021308836252202923
7.727596918924462,-2.2845343406704868,8.54291054502822,0.23795128428191026,0.0021308836252202923
7.727596918924462,-2.2845343406704868,8.54291054502822,0.23795128428191026,0.0021308836252202923
7.727596918924462,-2.2845343406704868,8.54291054502822,0.23795128428191026,0.0021308836252202923
7.727596918924462,-2.2845343406704868,8.54291054502822,0.23795128428191026,0.0021308836252202923
7.727596918924462,-2.2845343406704868,8.54291054502822,0.23795128428191026,0.0021308836252202923
7.747030434947007,-2.2574554611106494,8.540903943010502,0.2650301638417476,0.00012428160750133088
7.747030434947007,-2.2574554611106494,8.540903943010502,0.2650301638417476,0.00012428160750133088
7.747030434947007,-2.2574554611106494,8.540903943010502,0.2650301638417476,0.00012428160750133088
7.747030434947007,-2.2574554611106494,8.540903943010502,0.2650301638417476,0.00012428160750133088
7.747030434947007,-2.2574554611106494,8.540903943010502,0.2650301638417476,0.00012428160750133088
7.747030434947007,-2.2574554611106494,8.540903943010502,0.2650301638417476,0.00012428160750133088
7.747030434947007,-2.2574554611106494,8.540903943010502,0.2650301638417476,0.00012428160750133088
7.747030434947007,-2.2574554611106494,8.540903943010502,0.2650301638417476,0.00012428160750133088
7.747030434947007,-2.2574554611106494,8.540903943010502,0.2650301638417476,0.00012428160750133088
7.747030434947007,-2.2574554611106494,8.540903943010502,0.2650301638417476,0.00012428160750133088
7.747030434947007,-2.2574554611106494,8.540903943010502,0.2650301638417476,0.00012428160750133088
7.747030434947007,-2.2574554611106494,8.540903943010502,0.2650301638417476,0.00012428160750133088
7.747030434947007,-2.2574554611106494,8.540903943010502,0.2650301638417476,0.00012428160750133088
7.747030434947007,-2.2574554611106494,8.540903943010502,0.2650301638417476,0.00012428160750133088
7.747030434947007,-2.2574554611106494,8.540903943010502,0.2650301638417476,0.00012428160750133088
7.747030434947007,-2.2574554611106494,8.540903943010502,0.2650301638417476,0.00012428160750133088
7.747030434947007,-2.2574554611106494,8.540903943010502,0.2650301638417476,0.00012428160750133088
7.747030434947007,-2.2574554611106494,8.540903943010502,0.2650301638417476,0.00012428160750133088
7.747030434947007,-2.2574554611106494,8.540903943010502,0.2650301638417476,0.00012428160750133088
7.7785014917336515,-2.249652530889254,8.480373242651629,0.27283309406314293,-0.06040641875137176
7.7785014917336515,-2.249652530889254,8.480373242651629,0.27283309406314293,-0.06040641875137176
7.7785014917336515,-2.249652530889254,8.480373242651629,0.27283309406314293,-0.06040641875137176
7.7785014917336515,-2.249652530889254,8.480373242651629,0.27283309406314293,-0.06040641875137176
7.7785014917336515,-2.249652530889254,8.480373242651629,0.27283309406314293,-0.06040641875137176
7.7785014917336515,-2.249652530889254,8.480373242651629,0.27283309406314293,-0.06040641875137176
7.7785014917336515,-2.249652530889254,8.480373242651629,0.27283309406314293,-0.06040641875137176
7.7785014917336515,-2.249652530889254,8.480373242651629,0.27283309406314293,-0.06040641875137176
7.7785014917336515,-2.249652530889254,8.480373242651629,0.27283309406314293,-0.06040641875137176
7.7785014917336515,-2.249652530889254,8.480373242651629,0.27283309406314293,-0.06040641875137176
7.7785014917336515,-2.249652530889254,8.480373242651629,0.27283309406314293,-0.06040641875137176
7.7785014917336515,-2.249652530889254,8.480373242651629,0.27283309406314293,-0.06040641875137176
7.7785014917336515,-2.249652530889254,8.480373242651629,0.27283309406314293,-0.06040641875137176
7.7785014917336515,-2.249652530889254,8.480373242651629,0.27283309406314293,-0.06040641875137176
7.7785014917336515,-2.249652530889254,8.480373242651629,0.27283309406314293,-0.06040641875137176
7.653304707929056,-2.2452756601476636,8.498366189801251,0.2772099648047335,-0.042413471601749464
7.653304707929056,-2.2452756601476636,8.498366189801251,0.2772099648047335,-0.042413471601749464
7.653304707929056,-2.2452756601476636,8.498366189801251,0.2772099648047335,-0.042413471601749464
7.653304707929056,-2.2452756601476636,8.498366189801251,0.2772099648047335,-0.042413471601749464
7.653304707929056,-2.2452756601476636,8.498366189801251,0.2772099648047335,-0.042413471601749464
7.653304707929056,-2.2452756601476636,8.498366189801251,0.2772099648047335,-0.042413471601749464
7.653304707929056,-2.2452756601476636,8.498366189801251,0.2772099648047335,-0.042413471601749464
7.653304707929056,-2.2452756601476636,8.498366189801251,0.2772099648047335,-0.042413471601749464
7.653304707929056,-2.2452756601476636,8.498366189801251,0.2772099648047335,-0.042413471601749464
7.653304707929056,-2.2452756601476636,8.498366189801251,0.2772099648047335,-0.042413471601749464
7.653304707929056,-2.2452756601476636,8.498366189801251,0.2772099648047335,-0.042413471601749464
7.653304707929056,-2.2452756601476636,8.498366189801251,0.2772099648047335,-0.042413471601749464
7.653304707929056,-2.2452756601476636,8.498366189801251,0.2772099648047335,-0.042413471601749464
7.653304707929056,-2.2452756601476636,8.498366189801251,0.2772099648047335,-0.042413471601749464
7.653304707929056,-2.2452756601476636,8.498366189801251,0.2772099648047335,-0.042413471601749464
7.653304707929056,-2.2452756601476636,8.498366189801251,0.2772099648047335,-0.042413471601749464
7.653304707929056,-2.2452756601476636,8.498366189801251,0.2772099648047335,-0.042413471601749464
7.653304707929056,-2.2452756601476636,8.498366189801251,0.2772099648047335,-0.042413471601749464
7.653304707929056,-2.2452756601476636,8.498366189801251,0.2772099648047335,-0.042413471601749464
7.653304707929056,-2.2452756601476636,8.498366189801251,0.2772099648047335,-0.042413471601749464
7.653304707929056,-2.2452756601476636,8.498366189801251,0.2772099648047335,-0.042413471601749464
7.653304707929056,-2.2452756601476636,8.498366189801251,0.2772099648047335,-0.042413471601749464
7.653304707929056,-2.2452756601476636,8.498366189801251,0.2772099648047335,-0.042413471601749464
7.653304707929056,-2.2452756601476636,8.498366189801251,0.2772099648047335,-0.042413471601749464
7.653304707929056,-2.2452756601476636,8.498366189801251,0.2772099648047335,-0.042413471601749464
7.653304707929056,-2.2452756601476636,8.498366189801251,0.2772099648047335,-0.042413471601749464
7.795030529393216,-2.234814446055196,8.540471209345549,0.28767117889720106,-0.0003084520574514471
7.795030529393216,-2.234814446055196,8.540471209345549,0.28767117889720106,-0.0003084520574514471
7.795030529393216,-2.234814446055196,8.540471209345549,0.28767117889720106,-0.0003084520574514471
7.795030529393216,-2.234814446055196,8.540471209345549,0.28767117889720106,-0.0003084520574514471
7.795030529393216,-2.234814446055196,8.540471209345549,0.28767117889720106,-0.0003084520574514471
7.795030529393216,-2.234814446055196,8.540471209345549,0.28767117889720106,-0.0003084520574514471
7.795030529393216,-2.234814446055196,8.540471209345549,0.28767117889720106,-0.0003084520574514471
7.795030529393216,-2.234814446055196,8.540471209345549,0.28767117889720106,-0.0003084520574514471
7.795030529393216,-2.234814446055196,8.540471209345549,0.28767117889720106,-0.0003084520574514471
7.795030529393216,-2.234814446055196,8.540471209345549,0.28767117889720106,-0.0003084520574514471
7.795030529393216,-2.234814446055196,8.540471209345549,0.28767117889720106,-0.0003084520574514471
7.795030529393216,-2.234814446055196,8.540471209345549,0.28767117889720106,-0.0003084520574514471
7.795030529393216,-2.234814446055196,8.540471209345549,0.28767117889720106,-0.0003084520574514471
7.795030529393216,-2.234814446055196,8.540471209345549,0.28767117889720106,-0.0003084520574514471
7.795030529393216,-2.234814446055196,8.540471209345549,0.28767117889720106,-0.0003084520574514471
7.795030529393216,-2.234814446055196,8.540471209345549,0.28767117889720106,-0.0003084520574514471
7.795030529393216,-2.234814446055196,8.540471209345549,0.28767117889720106,-0.0003084520574514471
7.714219670753052,-2.2294989482230507,8.53816097497382,0.2929866767293463,-0.0026186864291801726
7.714219670753052,-2.2294989482230507,8.53816097497382,0.2929866767293463,-0.0026186864291801726
7.714219670753052,-2.2294989482230507,8.53816097497382,0.2929866767293463,-0.0026186864291801726
7.714219670753052,-2.2294989482230507,8.53816097497382,0.2929866767293463,-0.0026186864291801726
7.714219670753052,-2.2294989482230507,8.53816097497382,0.2929866767293463,-0.0026186864291801726
7.714219670753052,-2.2294989482230507,8.53816097497382,0.2929866767293463,-0.0026186864291801726
7.714219670753052,-2.2294989482230507,8.53816097497382,0.2929866767293463,-0.0026186864291801726
7.714219670753052,-2.2294989482230507,8.53816097497382,0.2929866767293463,-0.0026186864291801726
7.714219670753052,-2.2294989482230507,8.53816097497382,0.2929866767293463,-0.0026186864291801726
7.714219670753052,-2.2294989482230507,8.53816097497382,0.2929866767293463,-0.0026186864291801726
7.714219670753052,-2.2294989482230507,8.53816097497382,0.2929866767293463,-0.0026186864291801726
7.714219670753052,-2.2294989482230507,8.53816097497382,0.2929866767293463,-0.0026186864291801726
7.714219670753052,-2.2294989482230507,8.53816097497382,0.2929866767293463,-0.0026186864291801726
7.714219670753052,-2.2294989482230507,8.53816097497382,0.2929866767293463,-0.0026186864291801726
7.662861646503766,-2.2243836560979684,8.540426507253128,0.29810196885442863,-0.00035315414987202587
7.662861646503766,-2.2243836560979684,8.540426507253128,0.29810196885442863,-0.00035315414987202587
7.662861646503766,-2.2243836560979684,8.540426507253128,0.29810196885442863,-0.00035315414987202587
7.662861646503766,-2.2243836560979684,8.540426507253128,0.29810196885442863,-0.00035315414987202587
7.662861646503766,-2.2243836560979684,8.540426507253128,0.29810196885442863,-0.00035315414987202587
7.662861646503766,-2.2243836560979684,8.540426507253128,0.29810196885442863,-0.00035315414987202587
7.662861646503766,-2.2243836560979684,8.540426507253128,0.29810196885442863,-0.00035315414987202587
7.662861646503766,-2.2243836560979684,8.540426507253128,0.29810196885442863,-0.00035315414987202587
7.662861646503766,-2.2243836560979684,8.540426507253128,0.29810196885442863,-0.00035315414987202587
7.662861646503766,-2.2243836560979684,8.540426507253128,0.29810196885442863,-0.00035315414987202587
7.662861646503766,-2.2243836560979684,8.540426507253128,0.29810196885442863,-0.00035315414987202587
7.662861646503766,-2.2243836560979684,8.540426507253128,0.29810196885442863,-0.00035315414987202587
7.662861646503766,-2.2243836560979684,8.540426507253128,0.29810196885442863,-0.00035315414987202587
7.662861646503766,-2.2243836560979684,8.540426507253128,0.29810196885442863,-0.00035315414987202587
7.662861646503766,-2.2243836560979684,8.540426507253128,0.29810196885442863,-0.00035315414987202587
7.662861646503766,-2.2243836560979684,8.540426507253128,0.29810196885442863,-0.00035315414987202587
7.662861646503766,-2.2243836560979684,8.540426507253128,0.29810196885442863,-0.00035315414987202587
7.662861646503766,-2.2243836560979684,8.540426507253128,0.29810196885442863,-0.00035315414987202587
7.662861646503766,-2.2243836560979684,8.540426507253128,0.29810196885442863,-0.00035315414987202587
7.662861646503766,-2.2243836560979684,8.540426507253128,0.29810196885442863,-0.00035315414987202587
7.662861646503766,-2.2243836560979684,8.540426507253128,0.29810196885442863,-0.00035315414987202587
7.662861646503766,-2.2243836560979684,8.540426507253128,0.29810196885442863,-0.00035315414987202587
7.662861646503766,-2.2243836560979684,8.540426507253128,0.29810196885442863,-0.00035315414987202587
7.662861646503766,-2.2243836560979684,8.540426507253128,0.29810196885442863,-0.00035315414987202587
7.662861646503766,-2.2243836560979684,8.540426507253128,0.29810196885442863,-0.00035315414987202587
7.662861646503766,-2.2243836560979684,8.540426507253128,0.29810196885442863,-0.00035315414987202587
7.662861646503766,-2.2243836560979684,8.540426507253128,0.29810196885442863,-0.00035315414987202587
7.662861646503766,-2.2243836560979684,8.540426507253128,0.29810196885442863,-0.00035315414987202587
7.662861646503766,-2.2243836560979684,8.540426507253128,0.29810196885442863,-0.00035315414987202587
7.662861646503766,-2.2243836560979684,8.540426507253128,0.29810196885442863,-0.00035315414987202587
7.662861646503766,-2.2243836560979684,8.540426507253128,0.29810196885442863,-0.00035315414987202587
7.662861646503766,-2.2243836560979684,8.540426507253128,0.29810196885442863,-0.00035315414987202587
7.662861646503766,-2.2243836560979684,8.540426507253128,0.29810196885442863,-0.00035315414987202587
7.662861646503766,-2.2243836560979684,8.540426507253128,0.29810196885442863,-0.00035315414987202587
7.662861646503766,-2.2243836560979684,8.540426507253128,0.29810196885442863,-0.00035315414987202587
7.662861646503766,-2.2243836560979684,8.540426507253128,0.29810196885442863,-0.00035315414987202587
7.662861646503766,-2.2243836560979684,8.540426507253128,0.29810196885442863,-0.00035315414987202587
7.662861646503766,-2.2243836560979684,8.540426507253128,0.29810196885442863,-0.00035315414987202587
7.662861646503766,-2.2243836560979684,8.540426507253128,0.29810196885442863,-0.00035315414987202587
7.662861646503766,-2.2243836560979684,8.540426507253128,0.29810196885442863,-0.00035315414987202587
7.662861646503766,-2.2243836560979684,8.540426507253128,0.29810196885442863,-0.00035315414987202587
7.662861646503766,-2.2243836560979684,8.540426507253128,0.29810196885442863,-0.00035315414987202587
7.662861646503766,-2.2243836560979684,8.540426507253128,0.29810196885442863,-0.00035315414987202587
7.662861646503766,-2.2243836560979684,8.540426507253128,0.29810196885442863,-0.00035315414987202587
7.662861646503766,-2.2243836560979684,8.540426507253128,0.29810196885442863,-0.00035315414987202587
7.662861646503766,-2.2243836560979684,8.540426507253128,0.29810196885442863,-0.00035315414987202587
7.662861646503766,-2.2243836560979684,8.540426507253128,0.29810196885442863,-0.00035315414987202587
7.662861646503766,-2.2243836560979684,8.540426507253128,0.29810196885442863,-0.00035315414987202587
7.662861646503766,-2.2243836560979684,8.540426507253128,0.29810196885442863,-0.00035315414987202587
7.662861646503766,-2.2243836560979684,8.540426507253128,0.29810196885442863,-0.00035315414987202587
7.662861646503766,-2.2243836560979684,8.540426507253128,0.29810196885442863,-0.00035315414987202587
7.662861646503766,-2.2243836560979684,8.540426507253128,0.29810196885442863,-0.00035315414987202587
7.662861646503766,-2.2243836560979684,8.540426507253128,0.29810196885442863,-0.00035315414987202587
7.811694866277605,-2.2185089870284163,8.545051525111123,0.3039766379239808,0.004271863708122936
7.811694866277605,-2.2185089870284163,8.545051525111123,0.3039766379239808,0.004271863708122936
7.811694866277605,-2.2185089870284163,8.545051525111123,0.3039766379239808,0.004271863708122936
7.811694866277605,-2.2185089870284163,8.545051525111123,0.3039766379239808,0.004271863708122936
7.811694866277605,-2.2185089870284163,8.545051525111123,0.3039766379239808,0.004271863708122936
7.811694866277605,-2.2185089870284163,8.545051525111123,0.3039766379239808,0.004271863708122936
7.811694866277605,-2.2185089870284163,8.545051525111123,0.3039766379239808,0.004271863708122936
7.811694866277605,-2.2185089870284163,8.545051525111123,0.3039766379239808,0.004271863708122936
7.811694866277605,-2.2185089870284163,8.545051525111123,0.3039766379239808,0.004271863708122936
7.811273415931283,-2.2155603496064464,8.492422635366331,0.3069252753459506,-0.048357026036669026
7.811273415931283,-2.2155603496064464,8.492422635366331,0.3069252753459506,-0.048357026036669026
7.811273415931283,-2.2155603496064464,8.492422635366331,0.3069252753459506,-0.048357026036669026
7.811273415931283,-2.2155603496064464,8.492422635366331,0.3069252753459506,-0.048357026036669026
7.811273415931283,-2.2155603496064464,8.492422635366331,0.3069252753459506,-0.048357026036669026
7.811273415931283,-2.2155603496064464,8.492422635366331,0.3069252753459506,-0.048357026036669026
7.811273415931283,-2.2155603496064464,8.492422635366331,0.3069252753459506,-0.048357026036669026
7.811273415931283,-2.2155603496064464,8.492422635366331,0.3069252753459506,-0.048357026036669026
7.811273415931283,-2.2155603496064464,8.492422635366331,0.3069252753459506,-0.048357026036669026
7.811273415931283,-2.2155603496064464,8.492422635366331,0.3069252753459506,-0.048357026036669026
7.811273415931283,-2.2155603496064464,8.492422635366331,0.3069252753459506,-0.048357026036669026
7.811273415931283,-2.2155603496064464,8.492422635366331,0.3069252753459506,-0.048357026036669026
7.811273415931283,-2.2155603496064464,8.492422635366331,0.3069252753459506,-0.048357026036669026
7.811273415931283,-2.2155603496064464,8.492422635366331,0.3069252753459506,-0.048357026036669026
7.811273415931283,-2.2155603496064464,8.492422635366331,0.3069252753459506,-0.048357026036669026
7.811273415931283,-2.2155603496064464,8.492422635366331,0.3069252753459506,-0.048357026036669026
7.811273415931283,-2.2155603496064464,8.492422635366331,0.3069252753459506,-0.048357026036669026
7.811273415931283,-2.2155603496064464,8.492422635366331,0.3069252753459506,-0.048357026036669026
7.811273415931283,-2.2155603496064464,8.492422635366331,0.3069252753459506,-0.048357026036669026
7.811273415931283,-2.2155603496064464,8.492422635366331,0.3069252753459506,-0.048357026036669026
7.811273415931283,-2.2155603496064464,8.492422635366331,0.3069252753459506,-0.048357026036669026
7.811273415931283,-2.2155603496064464,8.492422635366331,0.3069252753459506,-0.048357026036669026
7.811273415931283,-2.2155603496064464,8.492422635366331,0.3069252753459506,-0.048357026036669026
7.811273415931283,-2.2155603496064464,8.492422635366331,0.3069252753459506,-0.048357026036669026
7.811273415931283,-2.2155603496064464,8.492422635366331,0.3069252753459506,-0.048357026036669026
7.811273415931283,-2.2155603496064464,8.492422635366331,0.3069252753459506,-0.048357026036669026
7.670750278623084,-2.196731600610263,8.52957767688259,0.32575402434213396,-0.01120198452040988
7.670750278623084,-2.196731600610263,8.52957767688259,0.32575402434213396,-0.01120198452040988
7.670750278623084,-2.196731600610263,8.52957767688259,0.32575402434213396,-0.01120198452040988
7.670750278623084,-2.196731600610263,8.52957767688259,0.32575402434213396,-0.01120198452040988
7.670750278623084,-2.196731600610263,8.52957767688259,0.32575402434213396,-0.01120198452040988
7.670750278623084,-2.196731600610263,8.52957767688259,0.32575402434213396,-0.01120198452040988
7.670750278623084,-2.196731600610263,8.52957767688259,0.32575402434213396,-0.01120198452040988
7.670750278623084,-2.196731600610263,8.52957767688259,0.32575402434213396,-0.01120198452040988
7.670750278623084,-2.196731600610263,8.52957767688259,0.32575402434213396,-0.01120198452040988
7.670750278623084,-2.196731600610263,8.52957767688259,0.32575402434213396,-0.01120198452040988
7.670750278623084,-2.196731600610263,8.52957767688259,0.32575402434213396,-0.01120198452040988
7.670750278623084,-2.196731600610263,8.52957767688259,0.32575402434213396,-0.01120198452040988
7.670750278623084,-2.196731600610263,8.52957767688259,0.32575402434213396,-0.01120198452040988
7.670750278623084,-2.196731600610263,8.52957767688259,0.32575402434213396,-0.01120198452040988
7.670750278623084,-2.196731600610263,8.52957767688259,0.32575402434213396,-0.01120198452040988
7.670750278623084,-2.196731600610263,8.52957767688259,0.32575402434213396,-0.01120198452040988
7.670750278623084,-2.196731600610263,8.52957767688259,0.32575402434213396,-0.01120198452040988
7.670750278623084,-2.196731600610263,8.52957767688259,0.32575402434213396,-0.01120198452040988
7.670750278623084,-2.196731600610263,8.52957767688259,0.32575402434213396,-0.01120198452040988
7.809580491687685,-2.1960867440580736,8.505022581982624,0.32639888089432345,-0.035757079420376314
7.809580491687685,-2.1960867440580736,8.505022581982624,0.32639888089432345,-0.035757079420376314
7.809580491687685,-2.1960867440580736,8.505022581982624,0.32639888089432345,-0.035757079420376314
7.809580491687685,-2.1960867440580736,8.505022581982624,0.32639888089432345,-0.035757079420376314
7.809580491687685,-2.1960867440580736,8.505022581982624,0.32639888089432345,-0.035757079420376314
7.809580491687685,-2.1960867440580736,8.505022581982624,0.32639888089432345,-0.035757079420376314
7.809580491687685,-2.1960867440580736,8.505022581982624,0.32639888089432345,-0.035757079420376314
7.809580491687685,-2.1960867440580736,8.505022581982624,0.32639888089432345,-0.035757079420376314
7.809580491687685,-2.1960867440580736,8.505022581982624,0.32639888089432345,-0.035757079420376314
7.809580491687685,-2.1960867440580736,8.505022581982624,0.32639888089432345,-0.035757079420376314
7.809580491687685,-2.1960867440580736,8.505022581982624,0.32639888089432345,-0.035757079420376314
7.809580491687685,-2.1960867440580736,8.505022581982624,0.32639888089432345,-0.035757079420376314
7.809580491687685,-2.1960867440580736,8.505022581982624,0.32639888089432345,-0.035757079420376314
7.809580491687685,-2.1960867440580736,8.505022581982624,0.32639888089432345,-0.035757079420376314
7.809580491687685,-2.1960867440580736,8.505022581982624,0.32639888089432345,-0.035757079420376314
7.809580491687685,-2.1960867440580736,8.505022581982624,0.32639888089432345,-0.035757079420376314
7.809580491687685,-2.1960867440580736,8.505022581982624,0.32639888089432345,-0.035757079420376314
7.809580491687685,-2.1960867440580736,8.505022581982624,0.32639888089432345,-0.035757079420376314
7.754422789261392,-2.191640553485546,8.582949162304548,0.33084507146685116,0.04216950090154725
7.754422789261392,-2.191640553485546,8.582949162304548,0.33084507146685116,0.04216950090154725
7.754422789261392,-2.191640553485546,8.582949162304548,0.33084507146685116,0.04216950090154725
7.754422789261392,-2.191640553485546,8.582949162304548,0.33084507146685116,0.04216950090154725
7.754422789261392,-2.191640553485546,8.582949162304548,0.33084507146685116,0.04216950090154725
7.754422789261392,-2.191640553485546,8.582949162304548,0.33084507146685116,0.04216950090154725
7.754422789261392,-2.191640553485546,8.582949162304548,0.33084507146685116,0.04216950090154725
7.754422789261392,-2.191640553485546,8.582949162304548,0.33084507146685116,0.04216950090154725
7.754422789261392,-2.191640553485546,8.582949162304548,0.33084507146685116,0.04216950090154725
7.754422789261392,-2.191640553485546,8.582949162304548,0.33084507146685116,0.04216950090154725
7.754422789261392,-2.191640553485546,8.582949162304548,0.33084507146685116,0.04216950090154725
7.754422789261392,-2.191640553485546,8.582949162304548,0.33084507146685116,0.04216950090154725
7.754422789261392,-2.191640553485546,8.582949162304548,0.33084507146685116,0.04216950090154725
7.754422789261392,-2.191640553485546,8.582949162304548,0.33084507146685116,0.04216950090154725
7.754422789261392,-2.191640553485546,8.582949162304548,0.33084507146685116,0.04216950090154725
7.754422789261392,-2.191640553485546,8.582949162304548,0.33084507146685116,0.04216950090154725
7.754422789261392,-2.191640553485546,8.582949162304548,0.33084507146685116,0.04216950090154725
7.754422789261392,-2.191640553485546,8.582949162304548,0.33084507146685116,0.04216950090154725
7.754422789261392,-2.191640553485546,8.582949162304548,0.33084507146685116,0.04216950090154725
7.754422789261392,-2.191640553485546,8.582949162304548,0.33084507146685116,0.04216950090154725
7.754422789261392,-2.191640553485546,8.582949162304548,0.33084507146685116,0.04216950090154725
7.754422789261392,-2.191640553485546,8.582949162304548,0.33084507146685116,0.04216950090154725
7.754422789261392,-2.191640553485546,8.582949162304548,0.33084507146685116,0.04216950090154725
7.754422789261392,-2.191640553485546,8.582949162304548,0.33084507146685116,0.04216950090154725
7.823149538019369,-2.1830586757870796,8.489476096375418,0.33942694916531746,-0.05130356502758282
7.823149538019369,-2.1830586757870796,8.489476096375418,0.33942694916531746,-0.05130356502758282
7.823149538019369,-2.1830586757870796,8.489476096375418,0.33942694916531746,-0.05130356502758282
7.823149538019369,-2.1830586757870796,8.489476096375418,0.33942694916531746,-0.05130356502758282
7.823149538019369,-2.1830586757870796,8.489476096375418,0.33942694916531746,-0.05130356502758282
7.823149538019369,-2.1830586757870796,8.489476096375418,0.33942694916531746,-0.05130356502758282
7.823149538019369,-2.1830586757870796,8.489476096375418,0.33942694916531746,-0.05130356502758282
7.823149538019369,-2.1830586757870796,8.489476096375418,0.33942694916531746,-0.05130356502758282
7.823149538019369,-2.1830586757870796,8.489476096375418,0.33942694916531746,-0.05130356502758282
7.823149538019369,-2.1830586757870796,8.489476096375418,0.33942694916531746,-0.05130356502758282
7.823149538019369,-2.1830586757870796,8.489476096375418,0.33942694916531746,-0.05130356502758282
7.823149538019369,-2.1830586757870796,8.489476096375418,0.33942694916531746,-0.05130356502758282
7.823149538019369,-2.1830586757870796,8.489476096375418,0.33942694916531746,-0.05130356502758282
7.823149538019369,-2.1830586757870796,8.489476096375418,0.33942694916531746,-0.05130356502758282
7.823149538019369,-2.1830586757870796,8.489476096375418,0.33942694916531746,-0.05130356502758282
7.823149538019369,-2.1830586757870796,8.489476096375418,0.33942694916531746,-0.05130356502758282
7.823149538019369,-2.1830586757870796,8.489476096375418,0.33942694916531746,-0.05130356502758282
7.823149538019369,-2.1830586757870796,8.489476096375418,0.33942694916531746,-0.05130356502758282
7.662137198999314,-2.168930601086737,8.582238357529578,0.3535550238656602,0.041458696126577266
7.662137198999314,-2.168930601086737,8.582238357529578,0.3535550238656602,0.041458696126577266
7.662137198999314,-2.168930601086737,8.582238357529578,0.3535550238656602,0.041458696126577266
7.662137198999314,-2.168930601086737,8.582238357529578,0.3535550238656602,0.041458696126577266
7.662137198999314,-2.168930601086737,8.582238357529578,0.3535550238656602,0.041458696126577266
7.662137198999314,-2.168930601086737,8.582238357529578,0.3535550238656602,0.041458696126577266
7.662137198999314,-2.168930601086737,8.582238357529578,0.3535550238656602,0.041458696126577266
7.662137198999314,-2.168930601086737,8.582238357529578,0.3535550238656602,0.041458696126577266
7.662137198999314,-2.168930601086737,8.582238357529578,0.3535550238656602,0.041458696126577266
7.662137198999314,-2.168930601086737,8.582238357529578,0.3535550238656602,0.041458696126577266
7.662137198999314,-2.168930601086737,8.582238357529578,0.3535550238656602,0.041458696126577266
7.662137198999314,-2.168930601086737,8.582238357529578,0.3535550238656602,0.041458696126577266
7.662137198999314,-2.168930601086737,8.582238357529578,0.3535550238656602,0.041458696126577266
7.662137198999314,-2.168930601086737,8.582238357529578,0.3535550238656602,0.041458696126577266
7.662137198999314,-2.168930601086737,8.582238357529578,0.3535550238656602,0.041458696126577266
7.662137198999314,-2.168930601086737,8.582238357529578,0.3535550238656602,0.041458696126577266
7.662137198999314,-2.168930601086737,8.582238357529578,0.3535550238656602,0.041458696126577266
7.662137198999314,-2.168930601086737,8.582238357529578,0.3535550238656602,0.041458696126577266
7.662137198999314,-2.168930601086737,8.582238357529578,0.3535550238656602,0.041458696126577266
7.662137198999314,-2.168930601086737,8.582238357529578,0.3535550238656602,0.041458696126577266
7.662137198999314,-2.168930601086737,8.582238357529578,0.3535550238656602,0.041458696126577266
7.662137198999314,-2.168930601086737,8.582238357529578,0.3535550238656602,0.041458696126577266
7.77838631547114,-2.1617716801398443,8.513948691702486,0.3607139448125527,-0.026830969700514018
7.77838631547114,-2.1617716801398443,8.513948691702486,0.3607139448125527,-0.026830969700514018
7.77838631547114,-2.1617716801398443,8.513948691702486,0.3607139448125527,-0.026830969700514018
7.77838631547114,-2.1617716801398443,8.513948691702486,0.3607139448125527,-0.026830969700514018
7.77838631547114,-2.1617716801398443,8.513948691702486,0.3607139448125527,-0.026830969700514018
7.77838631547114,-2.1617716801398443,8.513948691702486,0.3607139448125527,-0.026830969700514018
7.77838631547114,-2.1617716801398443,8.513948691702486,0.3607139448125527,-0.026830969700514018
7.77838631547114,-2.1617716801398443,8.513948691702486,0.3607139448125527,-0.026830969700514018
7.77838631547114,-2.1617716801398443,8.513948691702486,0.3607139448125527,-0.026830969700514018
7.77838631547114,-2.1617716801398443,8.513948691702486,0.3607139448125527,-0.026830969700514018
7.77838631547114,-2.1617716801398443,8.513948691702486,0.3607139448125527,-0.026830969700514018
7.77838631547114,-2.1617716801398443,8.513948691702486,0.3607139448125527,-0.026830969700514018
7.77838631547114,-2.1617716801398443,8.513948691702486,0.3607139448125527,-0.026830969700514018
7.77838631547114,-2.1617716801398443,8.513948691702486,0.3607139448125527,-0.026830969700514018
7.77838631547114,-2.1617716801398443,8.513948691702486,0.3607139448125527,-0.026830969700514018
7.77838631547114,-2.1617716801398443,8.513948691702486,0.3607139448125527,-0.026830969700514018
7.77838631547114,-2.1617716801398443,8.513948691702486,0.3607139448125527,-0.026830969700514018
7.77838631547114,-2.1617716801398443,8.513948691702486,0.3607139448125527,-0.026830969700514018
7.77838631547114,-2.1617716801398443,8.513948691702486,0.3607139448125527,-0.026830969700514018
7.77838631547114,-2.1617716801398443,8.513948691702486,0.3607139448125527,-0.026830969700514018
7.77838631547114,-2.1617716801398443,8.513948691702486,0.3607139448125527,-0.026830969700514018
7.77838631547114,-2.1617716801398443,8.513948691702486,0.3607139448125527,-0.026830969700514018
7.77838631547114,-2.1617716801398443,8.513948691702486,0.3607139448125527,-0.026830969700514018
7.77838631547114,-2.1617716801398443,8.513948691702486,0.3607139448125527,-0.026830969700514018
7.807147018965773,-2.1447014739747567,8.571603643965355,0.3777841509776403,0.030823982562354857
7.807147018965773,-2.1447014739747567,8.571603643965355,0.3777841509776403,0.030823982562354857
7.807147018965773,-2.1447014739747567,8.571603643965355,0.3777841509776403,0.030823982562354857
7.807147018965773,-2.1447014739747567,8.571603643965355,0.3777841509776403,0.030823982562354857
7.807147018965773,-2.1447014739747567,8.571603643965355,0.3777841509776403,0.030823982562354857
7.807147018965773,-2.1447014739747567,8.571603643965355,0.3777841509776403,0.030823982562354857
7.807147018965773,-2.1447014739747567,8.571603643965355,0.3777841509776403,0.030823982562354857
7.807147018965773,-2.1447014739747567,8.571603643965355,0.3777841509776403,0.030823982562354857
7.807147018965773,-2.1447014739747567,8.571603643965355,0.3777841509776403,0.030823982562354857
7.807147018965773,-2.1447014739747567,8.571603643965355,0.3777841509776403,0.030823982562354857
7.807147018965773,-2.1447014739747567,8.571603643965355,0.3777841509776403,0.030823982562354857
7.807147018965773,-2.1447014739747567,8.571603643965355,0.3777841509776403,0.030823982562354857
7.807147018965773,-2.1447014739747567,8.571603643965355,0.3777841509776403,0.030823982562354857
7.807147018965773,-2.1447014739747567,8.571603643965355,0.3777841509776403,0.030823982562354857
7.807147018965773,-2.1447014739747567,8.571603643965355,0.3777841509776403,0.030823982562354857
7.807147018965773,-2.1447014739747567,8.571603643965355,0.3777841509776403,0.030823982562354857
7.807147018965773,-2.1447014739747567,8.571603643965355,0.3777841509776403,0.030823982562354857
7.807147018965773,-2.1447014739747567,8.571603643965355,0.3777841509776403,0.030823982562354857
7.807147018965773,-2.1447014739747567,8.571603643965355,0.3777841509776403,0.030823982562354857
7.807147018965773,-2.1447014739747567,8.571603643965355,0.3777841509776403,0.030823982562354857
7.807147018965773,-2.1447014739747567,8.571603643965355,0.3777841509776403,0.030823982562354857
7.807147018965773,-2.1447014739747567,8.571603643965355,0.3777841509776403,0.030823982562354857
7.807147018965773,-2.1447014739747567,8.571603643965355,0.3777841509776403,0.030823982562354857
7.807147018965773,-2.1447014739747567,8.571603643965355,0.3777841509776403,0.030823982562354857
7.807147018965773,-2.1447014739747567,8.571603643965355,0.3777841509776403,0.030823982562354857
7.807147018965773,-2.1447014739747567,8.571603643965355,0.3777841509776403,0.030823982562354857
7.807147018965773,-2.1447014739747567,8.571603643965355,0.3777841509776403,0.030823982562354857
7.807147018965773,-2.1447014739747567,8.571603643965355,0.3777841509776403,0.030823982562354857
7.753134849416951,-2.117563141040371,8.539167674059476,0.404922483912026,-0.0016119873435247456
7.753134849416951,-2.117563141040371,8.539167674059476,0.404922483912026,-0.0016119873435247456
7.753134849416951,-2.117563141040371,8.539167674059476,0.404922483912026,-0.0016119873435247456
7.753134849416951,-2.117563141040371,8.539167674059476,0.404922483912026,-0.0016119873435247456
7.753134849416951,-2.117563141040371,8.539167674059476,0.404922483912026,-0.0016119873435247456
7.753134849416951,-2.117563141040371,8.539167674059476,0.404922483912026,-0.0016119873435247456
7.753134849416951,-2.117563141040371,8.539167674059476,0.404922483912026,-0.0016119873435247456
7.753134849416951,-2.117563141040371,8.539167674059476,0.404922483912026,-0.0016119873435247456
7.753134849416951,-2.117563141040371,8.539167674059476,0.404922483912026,-0.0016119873435247456
7.753134849416951,-2.117563141040371,8.539167674059476,0.404922483912026,-0.0016119873435247456
7.753134849416951,-2.117563141040371,8.539167674059476,0.404922483912026,-0.0016119873435247456
7.753134849416951,-2.117563141040371,8.539167674059476,0.404922483912026,-0.0016119873435247456
7.753134849416951,-2.117563141040371,8.539167674059476,0.404922483912026,-0.0016119873435247456
7.753134849416951,-2.117563141040371,8.539167674059476,0.404922483912026,-0.0016119873435247456
7.753134849416951,-2.117563141040371,8.539167674059476,0.404922483912026,-0.0016119873435247456
7.753134849416951,-2.117563141040371,8.539167674059476,0.404922483912026,-0.0016119873435247456
7.81179615713565,-2.115839035945316,8.531013490043318,0.40664658900708117,-0.00976617135968283
7.81179615713565,-2.115839035945316,8.531013490043318,0.40664658900708117,-0.00976617135968283
7.81179615713565,-2.115839035945316,8.531013490043318,0.40664658900708117,-0.00976617135968283
7.81179615713565,-2.115839035945316,8.531013490043318,0.40664658900708117,-0.00976617135968283
7.81179615713565,-2.115839035945316,8.531013490043318,0.40664658900708117,-0.00976617135968283
7.81179615713565,-2.115839035945316,8.531013490043318,0.40664658900708117,-0.00976617135968283
7.81179615713565,-2.115839035945316,8.531013490043318,0.40664658900708117,-0.00976617135968283
7.81179615713565,-2.115839035945316,8.531013490043318,0.40664658900708117,-0.00976617135968283
7.81179615713565,-2.115839035945316,8.531013490043318,0.40664658900708117,-0.00976617135968283
7.81179615713565,-2.115839035945316,8.531013490043318,0.40664658900708117,-0.00976617135968283
7.81179615713565,-2.115839035945316,8.531013490043318,0.40664658900708117,-0.00976617135968283
7.81179615713565,-2.115839035945316,8.531013490043318,0.40664658900708117,-0.00976617135968283
7.81179615713565,-2.115839035945316,8.531013490043318,0.40664658900708117,-0.00976617135968283
7.81179615713565,-2.115839035945316,8.531013490043318,0.40664658900708117,-0.00976617135968283
7.81179615713565,-2.115839035945316,8.531013490043318,0.40664658900708117,-0.00976617135968283
7.81179615713565,-2.115839035945316,8.531013490043318,0.40664658900708117,-0.00976617135968283
7.81179615713565,-2.115839035945316,8.531013490043318,0.40664658900708117,-0.00976617135968283
7.81179615713565,-2.115839035945316,8.531013490043318,0.40664658900708117,-0.00976617135968283
7.81179615713565,-2.115839035945316,8.531013490043318,0.40664658900708117,-0.00976617135968283
7.81179615713565,-2.115839035945316,8.531013490043318,0.40664658900708117,-0.00976617135968283
7.81179615713565,-2.115839035945316,8.531013490043318,0.40664658900708117,-0.00976617135968283
7.81179615713565,-2.115839035945316,8.531013490043318,0.40664658900708117,-0.00976617135968283
7.81179615713565,-2.115839035945316,8.531013490043318,0.40664658900708117,-0.00976617135968283
7.81179615713565,-2.115839035945316,8.531013490043318,0.40664658900708117,-0.00976617135968283
7.81179615713565,-2.115839035945316,8.531013490043318,0.40664658900708117,-0.00976617135968283
7.81179615713565,-2.115839035945316,8.531013490043318,0.40664658900708117,-0.00976617135968283
7.81179615713565,-2.115839035945316,8.531013490043318,0.40664658900708117,-0.00976617135968283
7.81179615713565,-2.115839035945316,8.531013490043318,0.40664658900708117,-0.00976617135968283
7.81179615713565,-2.115839035945316,8.531013490043318,0.40664658900708117,-0.00976617135968283
7.81179615713565,-2.115839035945316,8.531013490043318,0.40664658900708117,-0.00976617135968283
7.81179615713565,-2.115839035945316,8.531013490043318,0.40664658900708117,-0.00976617135968283
7.81179615713565,-2.115839035945316,8.531013490043318,0.40664658900708117,-0.00976617135968283
7.81179615713565,-2.115839035945316,8.531013490043318,0.40664658900708117,-0.00976617135968283
7.81179615713565,-2.115839035945316,8.531013490043318,0.40664658900708117,-0.00976617135968283
7.655928754775183,-2.1105618497198355,8.543995468655158,0.4119237752325615,0.003215807252157532
7.655928754775183,-2.1105618497198355,8.543995468655158,0.4119237752325615,0.003215807252157532
7.655928754775183,-2.1105618497198355,8.543995468655158,0.4119237752325615,0.003215807252157532
7.655928754775183,-2.1105618497198355,8.543995468655158,0.4119237752325615,0.003215807252157532
7.655928754775183,-2.1105618497198355,8.543995468655158,0.4119237752325615,0.003215807252157532
7.655928754775183,-2.1105618497198355,8.543995468655158,0.4119237752325615,0.003215807252157532
7.655928754775183,-2.1105618497198355,8.543995468655158,0.4119237752325615,0.003215807252157532
7.655928754775183,-2.1105618497198355,8.543995468655158,0.4119237752325615,0.003215807252157532
7.655928754775183,-2.1105618497198355,8.543995468655158,0.4119237752325615,0.003215807252157532
7.655928754775183,-2.1105618497198355,8.543995468655158,0.4119237752325615,0.003215807252157532
7.655928754775183,-2.1105618497198355,8.543995468655158,0.4119237752325615,0.003215807252157532
7.655928754775183,-2.1105618497198355,8.543995468655158,0.4119237752325615,0.003215807252157532
7.655928754775183,-2.1105618497198355,8.543995468655158,0.4119237752325615,0.003215807252157532
7.655928754775183,-2.1105618497198355,8.543995468655158,0.4119237752325615,0.003215807252157532
7.655928754775183,-2.1105618497198355,8.543995468655158,0.4119237752325615,0.003215807252157532
7.655928754775183,-2.1105618497198355,8.543995468655158,0.4119237752325615,0.003215807252157532
7.655928754775183,-2.1105618497198355,8.543995468655158,0.4119237752325615,0.003215807252157532
7.655928754775183,-2.1105618497198355,8.543995468655158,0.4119237752325615,0.003215807252157532
7.655928754775183,-2.1105618497198355,8.543995468655158,0.4119237752325615,0.003215807252157532
7.655928754775183,-2.1105618497198355,8.543995468655158,0.4119237752325615,0.003215807252157532
7.655928754775183,-2.1105618497198355,8.543995468655158,0.4119237752325615,0.003215807252157532
7.655928754775183,-2.1105618497198355,8.543995468655158,0.4119237752325615,0.003215807252157532
7.655928754775183,-2.1105618497198355,8.543995468655158,0.4119237752325615,0.003215807252157532
7.747140106086537,-2.090716051507247,8.487312323659255,0.4317695734451501,-0.05346733774374535
7.747140106086537,-2.090716051507247,8.487312323659255,0.4317695734451501,-0.05346733774374535
7.747140106086537,-2.090716051507247,8.487312323659255,0.4317695734451501,-0.05346733774374535
7.747140106086537,-2.090716051507247,8.487312323659255,0.4317695734451501,-0.05346733774374535
7.747140106086537,-2.090716051507247,8.487312323659255,0.4317695734451501,-0.05346733774374535
7.747140106086537,-2.090716051507247,8.487312323659255,0.4317695734451501,-0.05346733774374535
7.747140106086537,-2.090716051507247,8.487312323659255,0.4317695734451501,-0.05346733774374535
7.747140106086537,-2.090716051507247,8.487312323659255,0.4317695734451501,-0.05346733774374535
7.747140106086537,-2.090716051507247,8.487312323659255,0.4317695734451501,-0.05346733774374535
7.747140106086537,-2.090716051507247,8.487312323659255,0.4317695734451501,-0.05346733774374535
7.747140106086537,-2.090716051507247,8.487312323659255,0.4317695734451501,-0.05346733774374535
7.747140106086537,-2.090716051507247,8.487312323659255,0.4317695734451501,-0.05346733774374535
7.747140106086537,-2.090716051507247,8.487312323659255,0.4317695734451501,-0.05346733774374535
7.747140106086537,-2.090716051507247,8.487312323659255,0.4317695734451501,-0.05346733774374535
7.747140106086537,-2.090716051507247,8.487312323659255,0.4317695734451501,-0.05346733774374535
7.747140106086537,-2.090716051507247,8.487312323659255,0.4317695734451501,-0.05346733774374535
7.747140106086537,-2.090716051507247,8.487312323659255,0.4317695734451501,-0.05346733774374535
7.747140106086537,-2.090716051507247,8.487312323659255,0.4317695734451501,-0.05346733774374535
7.747140106086537,-2.090716051507247,8.487312323659255,0.4317695734451501,-0.05346733774374535
7.747140106086537,-2.090716051507247,8.487312323659255,0.4317695734451501,-0.05346733774374535
7.747140106086537,-2.090716051507247,8.487312323659255,0.4317695734451501,-0.05346733774374535
7.747140106086537,-2.090716051507247,8.487312323659255,0.4317695734451501,-0.05346733774374535
7.747140106086537,-2.090716051507247,8.487312323659255,0.4317695734451501,-0.05346733774374535
7.747140106086537,-2.090716051507247,8.487312323659255,0.4317695734451501,-0.05346733774374535
7.747140106086537,-2.090716051507247,8.487312323659255,0.4317695734451501,-0.05346733774374535
7.747140106086537,-2.090716051507247,8.487312323659255,0.4317695734451501,-0.05346733774374535
7.747140106086537,-2.090716051507247,8.487312323659255,0.4317695734451501,-0.05346733774374535
7.747140106086537,-2.090716051507247,8.487312323659255,0.4317695734451501,-0.05346733774374535
7.747140106086537,-2.090716051507247,8.487312323659255,0.4317695734451501,-0.05346733774374535
7.747140106086537,-2.090716051507247,8.487312323659255,0.4317695734451501,-0.05346733774374535
7.747140106086537,-2.090716051507247,8.487312323659255,0.4317695734451501,-0.05346733774374535
7.747140106086537,-2.090716051507247,8.487312323659255,0.4317695734451501,-0.05346733774374535
7.747140106086537,-2.090716051507247,8.487312323659255,0.4317695734451501,-0.05346733774374535
7.747140106086537,-2.090716051507247,8.487312323659255,0.4317695734451501,-0.05346733774374535
7.747140106086537,-2.090716051507247,8.487312323659255,0.4317695734451501,-0.05346733774374535
7.747140106086537,-2.090716051507247,8.487312323659255,0.4317695734451501,-0.05346733774374535
7.747140106086537,-2.090716051507247,8.487312323659255,0.4317695734451501,-0.05346733774374535
7.747140106086537,-2.090716051507247,8.487312323659255,0.4317695734451501,-0.05346733774374535
7.747140106086537,-2.090716051507247,8.487312323659255,0.4317695734451501,-0.05346733774374535
7.747140106086537,-2.090716051507247,8.487312323659255,0.4317695734451501,-0.05346733774374535
7.747140106086537,-2.090716051507247,8.487312323659255,0.4317695734451501,-0.05346733774374535
7.747140106086537,-2.090716051507247,8.487312323659255,0.4317695734451501,-0.05346733774374535
7.747140106086537,-2.090716051507247,8.487312323659255,0.4317695734451501,-0.05346733774374535
7.747140106086537,-2.090716051507247,8.487312323659255,0.4317695734451501,-0.05346733774374535
7.747140106086537,-2.090716051507247,8.487312323659255,0.4317695734451501,-0.05346733774374535
7.747140106086537,-2.090716051507247,8.487312323659255,0.4317695734451501,-0.05346733774374535
7.659317028598576,-2.0609754324785223,8.50462077991714,0.4615101924738747,-0.03615888148586066
7.659317028598576,-2.0609754324785223,8.50462077991714,0.4615101924738747,-0.03615888148586066
7.659317028598576,-2.0609754324785223,8.50462077991714,0.4615101924738747,-0.03615888148586066
7.659317028598576,-2.0609754324785223,8.50462077991714,0.4615101924738747,-0.03615888148586066
7.659317028598576,-2.0609754324785223,8.50462077991714,0.4615101924738747,-0.03615888148586066
7.659317028598576,-2.0609754324785223,8.50462077991714,0.4615101924738747,-0.03615888148586066
7.659317028598576,-2.0609754324785223,8.50462077991714,0.4615101924738747,-0.03615888148586066
7.659317028598576,-2.0609754324785223,8.50462077991714,0.4615101924738747,-0.03615888148586066
7.659317028598576,-2.0609754324785223,8.50462077991714,0.4615101924738747,-0.03615888148586066
7.659317028598576,-2.0609754324785223,8.50462077991714,0.4615101924738747,-0.03615888148586066
7.659317028598576,-2.0609754324785223,8.50462077991714,0.4615101924738747,-0.03615888148586066
7.659317028598576,-2.0609754324785223,8.50462077991714,0.4615101924738747,-0.03615888148586066
7.659317028598576,-2.0609754324785223,8.50462077991714,0.4615101924738747,-0.03615888148586066
7.659317028598576,-2.0609754324785223,8.50462077991714,0.4615101924738747,-0.03615888148586066
7.659317028598576,-2.0609754324785223,8.50462077991714,0.4615101924738747,-0.03615888148586066
7.659317028598576,-2.0609754324785223,8.50462077991714,0.4615101924738747,-0.03615888148586066
7.659317028598576,-2.0609754324785223,8.50462077991714,0.4615101924738747,-0.03615888148586066
7.659317028598576,-2.0609754324785223,8.50462077991714,0.4615101924738747,-0.03615888148586066
7.659317028598576,-2.0609754324785223,8.50462077991714,0.4615101924738747,-0.03615888148586066
7.659317028598576,-2.0609754324785223,8.50462077991714,0.4615101924738747,-0.03615888148586066
7.659317028598576,-2.0609754324785223,8.50462077991714,0.4615101924738747,-0.03615888148586066
7.659317028598576,-2.0609754324785223,8.50462077991714,0.4615101924738747,-0.03615888148586066
7.659317028598576,-2.0609754324785223,8.50462077991714,0.4615101924738747,-0.03615888148586066
7.659317028598576,-2.0609754324785223,8.50462077991714,0.4615101924738747,-0.03615888148586066
7.659317028598576,-2.0609754324785223,8.50462077991714,0.4615101924738747,-0.03615888148586066
7.659317028598576,-2.0609754324785223,8.50462077991714,0.4615101924738747,-0.03615888148586066
7.659317028598576,-2.0609754324785223,8.50462077991714,0.4615101924738747,-0.03615888148586066
7.659317028598576,-2.0609754324785223,8.50462077991714,0.4615101924738747,-0.03615888148586066
7.659317028598576,-2.0609754324785223,8.50462077991714,0.4615101924738747,-0.03615888148586066
7.659317028598576,-2.0609754324785223,8.50462077991714,0.4615101924738747,-0.03615888148586066
7.659317028598576,-2.0609754324785223,8.50462077991714,0.4615101924738747,-0.03615888148586066
7.659317028598576,-2.0609754324785223,8.50462077991714,0.4615101924738747,-0.03615888148586066
7.659317028598576,-2.0609754324785223,8.50462077991714,0.4615101924738747,-0.03615888148586066
7.659317028598576,-2.0609754324785223,8.50462077991714,0.4615101924738747,-0.03615888148586066
7.659317028598576,-2.0609754324785223,8.50462077991714,0.4615101924738747,-0.03615888148586066
7.646302825204117,-2.05549852542456,8.46704283728163,0.4669870995278371,-0.0737368241213705
7.646302825204117,-2.05549852542456,8.46704283728163,0.4669870995278371,-0.0737368241213705
7.646302825204117,-2.05549852542456,8.46704283728163,0.4669870995278371,-0.0737368241213705
7.646302825204117,-2.05549852542456,8.46704283728163,0.4669870995278371,-0.0737368241213705
7.646302825204117,-2.05549852542456,8.46704283728163,0.4669870995278371,-0.0737368241213705
7.646302825204117,-2.05549852542456,8.46704283728163,0.4669870995278371,-0.0737368241213705
7.646302825204117,-2.05549852542456,8.46704283728163,0.4669870995278371,-0.0737368241213705
7.646302825204117,-2.05549852542456,8.46704283728163,0.4669870995278371,-0.0737368241213705
7.646302825204117,-2.05549852542456,8.46704283728163,0.4669870995278371,-0.0737368241213705
7.646302825204117,-2.05549852542456,8.46704283728163,0.4669870995278371,-0.0737368241213705
7.646302825204117,-2.05549852542456,8.46704283728163,0.4669870995278371,-0.0737368241213705
7.646302825204117,-2.05549852542456,8.46704283728163,0.4669870995278371,-0.0737368241213705
7.646302825204117,-2.05549852542456,8.46704283728163,0.4669870995278371,-0.0737368241213705
7.646302825204117,-2.05549852542456,8.46704283728163,0.4669870995278371,-0.0737368241213705
7.646302825204117,-2.05549852542456,8.46704283728163,0.4669870995278371,-0.0737368241213705
7.646302825204117,-2.05549852542456,8.46704283728163,0.4669870995278371,-0.0737368241213705
7.646302825204117,-2.05549852542456,8.46704283728163,0.4669870995278371,-0.0737368241213705
7.646302825204117,-2.05549852542456,8.46704283728163,0.4669870995278371,-0.0737368241213705
7.646302825204117,-2.05549852542456,8.46704283728163,0.4669870995278371,-0.0737368241213705
7.646302825204117,-2.05549852542456,8.46704283728163,0.4669870995278371,-0.0737368241213705
7.646302825204117,-2.05549852542456,8.46704283728163,0.4669870995278371,-0.0737368241213705
7.646302825204117,-2.05549852542456,8.46704283728163,0.4669870995278371,-0.0737368241213705
7.646302825204117,-2.05549852542456,8.46704283728163,0.4669870995278371,-0.0737368241213705
7.646302825204117,-2.05549852542456,8.46704283728163,0.4669870995278371,-0.0737368241213705
7.646302825204117,-2.05549852542456,8.46704283728163,0.4669870995278371,-0.0737368241213705
7.646302825204117,-2.05549852542456,8.46704283728163,0.4669870995278371,-0.0737368241213705
7.646302825204117,-2.05549852542456,8.46704283728163,0.4669870995278371,-0.0737368241213705
7.646302825204117,-2.05549852542456,8.46704283728163,0.4669870995278371,-0.0737368241213705
7.646302825204117,-2.05549852542456,8.46704283728163,0.4669870995278371,-0.0737368241213705
7.646302825204117,-2.05549852542456,8.46704283728163,0.4669870995278371,-0.0737368241213705
7.646302825204117,-2.05549852542456,8.46704283728163,0.4669870995278371,-0.0737368241213705
7.646302825204117,-2.05549852542456,8.46704283728163,0.4669870995278371,-0.0737368241213705
7.646302825204117,-2.05549852542456,8.46704283728163,0.4669870995278371,-0.0737368241213705
7.646302825204117,-2.05549852542456,8.46704283728163,0.4669870995278371,-0.0737368241213705
7.646302825204117,-2.05549852542456,8.46704283728163,0.4669870995278371,-0.0737368241213705
7.646302825204117,-2.05549852542456,8.46704283728163,0.4669870995278371,-0.0737368241213705
7.646302825204117,-2.05549852542456,8.46704283728163,0.4669870995278371,-0.0737368241213705
7.646302825204117,-2.05549852542456,8.46704283728163,0.4669870995278371,-0.0737368241213705
7.646302825204117,-2.05549852542456,8.46704283728163,0.4669870995278371,-0.0737368241213705
7.646302825204117,-2.05549852542456,8.46704283728163,0.4669870995278371,-0.0737368241213705
7.646302825204117,-2.05549852542456,8.46704283728163,0.4669870995278371,-0.0737368241213705
7.646302825204117,-2.05549852542456,8.46704283728163,0.4669870995278371,-0.0737368241213705
7.646302825204117,-2.05549852542456,8.46704283728163,0.4669870995278371,-0.0737368241213705
7.646302825204117,-2.05549852542456,8.46704283728163,0.4669870995278371,-0.0737368241213705
7.646302825204117,-2.05549852542456,8.46704283728163,0.4669870995278371,-0.0737368241213705
7.646302825204117,-2.05549852542456,8.46704283728163,0.4669870995278371,-0.0737368241213705
7.646302825204117,-2.05549852542456,8.46704283728163,0.4669870995278371,-0.0737368241213705
7.646302825204117,-2.05549852542456,8.46704283728163,0.4669870995278371,-0.0737368241213705
7.646302825204117,-2.05549852542456,8.46704283728163,0.4669870995278371,-0.0737368241213705
7.646302825204117,-2.05549852542456,8.46704283728163,0.4669870995278371,-0.0737368241213705
7.73295486818016,-2.0377648830315227,8.537287179202357,0.48472074192087433,-0.0034924822006434653
7.73295486818016,-2.0377648830315227,8.537287179202357,0.48472074192087433,-0.0034924822006434653
7.73295486818016,-2.0377648830315227,8.537287179202357,0.48472074192087433,-0.0034924822006434653
7.73295486818016,-2.0377648830315227,8.537287179202357,0.48472074192087433,-0.0034924822006434653
7.73295486818016,-2.0377648830315227,8.537287179202357,0.48472074192087433,-0.0034924822006434653
7.73295486818016,-2.0377648830315227,8.537287179202357,0.48472074192087433,-0.0034924822006434653
7.73295486818016,-2.0377648830315227,8.537287179202357,0.48472074192087433,-0.0034924822006434653
7.73295486818016,-2.0377648830315227,8.537287179202357,0.48472074192087433,-0.0034924822006434653
7.73295486818016,-2.0377648830315227,8.537287179202357,0.48472074192087433,-0.0034924822006434653
7.73295486818016,-2.0377648830315227,8.537287179202357,0.48472074192087433,-0.0034924822006434653
7.73295486818016,-2.0377648830315227,8.537287179202357,0.48472074192087433,-0.0034924822006434653
7.73295486818016,-2.0377648830315227,8.537287179202357,0.48472074192087433,-0.0034924822006434653
7.73295486818016,-2.0377648830315227,8.537287179202357,0.48472074192087433,-0.0034924822006434653
7.73295486818016,-2.0377648830315227,8.537287179202357,0.48472074192087433,-0.0034924822006434653
7.73295486818016,-2.0377648830315227,8.537287179202357,0.48472074192087433,-0.0034924822006434653
7.73295486818016,-2.0377648830315227,8.537287179202357,0.48472074192087433,-0.0034924822006434653
7.73295486818016,-2.0377648830315227,8.537287179202357,0.48472074192087433,-0.0034924822006434653
7.73295486818016,-2.0377648830315227,8.537287179202357,0.48472074192087433,-0.0034924822006434653
7.73295486818016,-2.0377648830315227,8.537287179202357,0.48472074192087433,-0.0034924822006434653
7.73295486818016,-2.0377648830315227,8.537287179202357,0.48472074192087433,-0.0034924822006434653
7.73295486818016,-2.0377648830315227,8.537287179202357,0.48472074192087433,-0.0034924822006434653
7.73295486818016,-2.0377648830315227,8.537287179202357,0.48472074192087433,-0.0034924822006434653
7.73295486818016,-2.0377648830315227,8.537287179202357,0.48472074192087433,-0.0034924822006434653
7.73295486818016,-2.0377648830315227,8.537287179202357,0.48472074192087433,-0.0034924822006434653
7.73295486818016,-2.0377648830315227,8.537287179202357,0.48472074192087433,-0.0034924822006434653
7.73295486818016,-2.0377648830315227,8.537287179202357,0.48472074192087433,-0.0034924822006434653
7.73295486818016,-2.0377648830315227,8.537287179202357,0.48472074192087433,-0.0034924822006434653
7.73295486818016,-2.0377648830315227,8.537287179202357,0.48472074192087433,-0.0034924822006434653
7.73295486818016,-2.0377648830315227,8.537287179202357,0.48472074192087433,-0.0034924822006434653
7.73295486818016,-2.0377648830315227,8.537287179202357,0.48472074192087433,-0.0034924822006434653
7.73295486818016,-2.0377648830315227,8.537287179202357,0.48472074192087433,-0.0034924822006434653
7.73295486818016,-2.0377648830315227,8.537287179202357,0.48472074192087433,-0.0034924822006434653
7.73295486818016,-2.0377648830315227,8.537287179202357,0.48472074192087433,-0.0034924822006434653
7.73295486818016,-2.0377648830315227,8.537287179202357,0.48472074192087433,-0.0034924822006434653
7.73295486818016,-2.0377648830315227,8.537287179202357,0.48472074192087433,-0.0034924822006434653
7.73295486818016,-2.0377648830315227,8.537287179202357,0.48472074192087433,-0.0034924822006434653
7.73295486818016,-2.0377648830315227,8.537287179202357,0.48472074192087433,-0.0034924822006434653
7.73295486818016,-2.0377648830315227,8.537287179202357,0.48472074192087433,-0.0034924822006434653
7.73295486818016,-2.0377648830315227,8.537287179202357,0.48472074192087433,-0.0034924822006434653
7.73295486818016,-2.0377648830315227,8.537287179202357,0.48472074192087433,-0.0034924822006434653
7.73295486818016,-2.0377648830315227,8.537287179202357,0.48472074192087433,-0.0034924822006434653
7.73295486818016,-2.0377648830315227,8.537287179202357,0.48472074192087433,-0.0034924822006434653
7.73295486818016,-2.0377648830315227,8.537287179202357,0.48472074192087433,-0.0034924822006434653
7.73295486818016,-2.0377648830315227,8.537287179202357,0.48472074192087433,-0.0034924822006434653
7.73295486818016,-2.0377648830315227,8.537287179202357,0.48472074192087433,-0.0034924822006434653
7.665773815521656,-2.022616210527755,8.50045790364379,0.49986941442464206,-0.04032175775921054
7.665773815521656,-2.022616210527755,8.50045790364379,0.49986941442464206,-0.04032175775921054
7.665773815521656,-2.022616210527755,8.50045790364379,0.49986941442464206,-0.04032175775921054
7.665773815521656,-2.022616210527755,8.50045790364379,0.49986941442464206,-0.04032175775921054
7.665773815521656,-2.022616210527755,8.50045790364379,0.49986941442464206,-0.04032175775921054
7.665773815521656,-2.022616210527755,8.50045790364379,0.49986941442464206,-0.04032175775921054
7.665773815521656,-2.022616210527755,8.50045790364379,0.49986941442464206,-0.04032175775921054
7.665773815521656,-2.022616210527755,8.50045790364379,0.49986941442464206,-0.04032175775921054
7.665773815521656,-2.022616210527755,8.50045790364379,0.49986941442464206,-0.04032175775921054
7.665773815521656,-2.022616210527755,8.50045790364379,0.49986941442464206,-0.04032175775921054
7.665773815521656,-2.022616210527755,8.50045790364379,0.49986941442464206,-0.04032175775921054
7.665773815521656,-2.022616210527755,8.50045790364379,0.49986941442464206,-0.04032175775921054
7.665773815521656,-2.022616210527755,8.50045790364379,0.49986941442464206,-0.04032175775921054
7.665773815521656,-2.022616210527755,8.50045790364379,0.49986941442464206,-0.04032175775921054
7.665773815521656,-2.022616210527755,8.50045790364379,0.49986941442464206,-0.04032175775921054
7.665773815521656,-2.022616210527755,8.50045790364379,0.49986941442464206,-0.04032175775921054
7.7976374453527475,-2.02203889570908,8.472174295268276,0.500446729243317,-0.06860536613472412
7.7976374453527475,-2.02203889570908,8.472174295268276,0.500446729243317,-0.06860536613472412
7.7976374453527475,-2.02203889570908,8.472174295268276,0.500446729243317,-0.06860536613472412
7.7976374453527475,-2.02203889570908,8.472174295268276,0.500446729243317,-0.06860536613472412
7.7976374453527475,-2.02203889570908,8.472174295268276,0.500446729243317,-0.06860536613472412
7.7976374453527475,-2.02203889570908,8.472174295268276,0.500446729243317,-0.06860536613472412
7.7976374453527475,-2.02203889570908,8.472174295268276,0.500446729243317,-0.06860536613472412
7.7976374453527475,-2.02203889570908,8.472174295268276,0.500446729243317,-0.06860536613472412
7.7976374453527475,-2.02203889570908,8.472174295268276,0.500446729243317,-0.06860536613472412
7.7976374453527475,-2.02203889570908,8.472174295268276,0.500446729243317,-0.06860536613472412
7.7976374453527475,-2.02203889570908,8.472174295268276,0.500446729243317,-0.06860536613472412
7.7976374453527475,-2.02203889570908,8.472174295268276,0.500446729243317,-0.06860536613472412
7.7976374453527475,-2.02203889570908,8.472174295268276,0.500446729243317,-0.06860536613472412
7.7976374453527475,-2.02203889570908,8.472174295268276,0.500446729243317,-0.06860536613472412
7.7976374453527475,-2.02203889570908,8.472174295268276,0.500446729243317,-0.06860536613472412
7.7976374453527475,-2.02203889570908,8.472174295268276,0.500446729243317,-0.06860536613472412
7.67410442541444,-2.0011479693777097,8.512176288600143,0.5213376555746874,-0.028603372802857407
7.67410442541444,-2.0011479693777097,8.512176288600143,0.5213376555746874,-0.028603372802857407
7.67410442541444,-2.0011479693777097,8.512176288600143,0.5213376555746874,-0.028603372802857407
7.67410442541444,-2.0011479693777097,8.512176288600143,0.5213376555746874,-0.028603372802857407
7.67410442541444,-2.0011479693777097,8.512176288600143,0.5213376555746874,-0.028603372802857407
7.67410442541444,-2.0011479693777097,8.512176288600143,0.5213376555746874,-0.028603372802857407
7.67410442541444,-2.0011479693777097,8.512176288600143,0.5213376555746874,-0.028603372802857407
7.67410442541444,-2.0011479693777097,8.512176288600143,0.5213376555746874,-0.028603372802857407
7.67410442541444,-2.0011479693777097,8.512176288600143,0.5213376555746874,-0.028603372802857407
7.67410442541444,-2.0011479693777097,8.512176288600143,0.5213376555746874,-0.028603372802857407
7.67410442541444,-2.0011479693777097,8.512176288600143,0.5213376555746874,-0.028603372802857407
7.67410442541444,-2.0011479693777097,8.512176288600143,0.5213376555746874,-0.028603372802857407
7.67410442541444,-2.0011479693777097,8.512176288600143,0.5213376555746874,-0.028603372802857407
7.67410442541444,-2.0011479693777097,8.512176288600143,0.5213376555746874,-0.028603372802857407
7.67410442541444,-2.0011479693777097,8.512176288600143,0.5213376555746874,-0.028603372802857407
7.67410442541444,-2.0011479693777097,8.512176288600143,0.5213376555746874,-0.028603372802857407
7.67410442541444,-2.0011479693777097,8.512176288600143,0.5213376555746874,-0.028603372802857407
7.67410442541444,-2.0011479693777097,8.512176288600143,0.5213376555746874,-0.028603372802857407
7.67410442541444,-2.0011479693777097,8.512176288600143,0.5213376555746874,-0.028603372802857407
7.67410442541444,-2.0011479693777097,8.512176288600143,0.5213376555746874,-0.028603372802857407
7.67410442541444,-2.0011479693777097,8.512176288600143,0.5213376555746874,-0.028603372802857407
7.747145500942855,-1.9570765834813246,8.540467739570193,0.5654090414710724,-0.0003119218328073714
7.747145500942855,-1.9570765834813246,8.540467739570193,0.5654090414710724,-0.0003119218328073714
7.747145500942855,-1.9570765834813246,8.540467739570193,0.5654090414710724,-0.0003119218328073714
7.747145500942855,-1.9570765834813246,8.540467739570193,0.5654090414710724,-0.0003119218328073714
7.747145500942855,-1.9570765834813246,8.540467739570193,0.5654090414710724,-0.0003119218328073714
7.747145500942855,-1.9570765834813246,8.540467739570193,0.5654090414710724,-0.0003119218328073714
7.747145500942855,-1.9570765834813246,8.540467739570193,0.5654090414710724,-0.0003119218328073714
7.747145500942855,-1.9570765834813246,8.540467739570193,0.5654090414710724,-0.0003119218328073714
7.747145500942855,-1.9570765834813246,8.540467739570193,0.5654090414710724,-0.0003119218328073714
7.747145500942855,-1.9570765834813246,8.540467739570193,0.5654090414710724,-0.0003119218328073714
7.747145500942855,-1.9570765834813246,8.540467739570193,0.5654090414710724,-0.0003119218328073714
7.747145500942855,-1.9570765834813246,8.540467739570193,0.5654090414710724,-0.0003119218328073714
7.747145500942855,-1.9570765834813246,8.540467739570193,0.5654090414710724,-0.0003119218328073714
7.747145500942855,-1.9570765834813246,8.540467739570193,0.5654090414710724,-0.0003119218328073714
7.747145500942855,-1.9570765834813246,8.540467739570193,0.5654090414710724,-0.0003119218328073714
7.747145500942855,-1.9570765834813246,8.540467739570193,0.5654090414710724,-0.0003119218328073714
7.747145500942855,-1.9570765834813246,8.540467739570193,0.5654090414710724,-0.0003119218328073714
7.747145500942855,-1.9570765834813246,8.540467739570193,0.5654090414710724,-0.0003119218328073714
7.747145500942855,-1.9570765834813246,8.540467739570193,0.5654090414710724,-0.0003119218328073714
7.747145500942855,-1.9570765834813246,8.540467739570193,0.5654090414710724,-0.0003119218328073714
7.747145500942855,-1.9570765834813246,8.540467739570193,0.5654090414710724,-0.0003119218328073714
7.747145500942855,-1.9570765834813246,8.540467739570193,0.5654090414710724,-0.0003119218328073714
7.747145500942855,-1.9570765834813246,8.540467739570193,0.5654090414710724,-0.0003119218328073714
7.747145500942855,-1.9570765834813246,8.540467739570193,0.5654090414710724,-0.0003119218328073714
7.747145500942855,-1.9570765834813246,8.540467739570193,0.5654090414710724,-0.0003119218328073714
7.747145500942855,-1.9570765834813246,8.540467739570193,0.5654090414710724,-0.0003119218328073714
7.6586496887902955,-1.9540613935690996,8.523669113542011,0.5684242313832975,-0.0171105478609892
7.6586496887902955,-1.9540613935690996,8.523669113542011,0.5684242313832975,-0.0171105478609892
7.6586496887902955,-1.9540613935690996,8.523669113542011,0.5684242313832975,-0.0171105478609892
7.6586496887902955,-1.9540613935690996,8.523669113542011,0.5684242313832975,-0.0171105478609892
7.6586496887902955,-1.9540613935690996,8.523669113542011,0.5684242313832975,-0.0171105478609892
7.6586496887902955,-1.9540613935690996,8.523669113542011,0.5684242313832975,-0.0171105478609892
7.6586496887902955,-1.9540613935690996,8.523669113542011,0.5684242313832975,-0.0171105478609892
7.6586496887902955,-1.9540613935690996,8.523669113542011,0.5684242313832975,-0.0171105478609892
7.6586496887902955,-1.9540613935690996,8.523669113542011,0.5684242313832975,-0.0171105478609892
7.6586496887902955,-1.9540613935690996,8.523669113542011,0.5684242313832975,-0.0171105478609892
7.6586496887902955,-1.9540613935690996,8.523669113542011,0.5684242313832975,-0.0171105478609892
7.6586496887902955,-1.9540613935690996,8.523669113542011,0.5684242313832975,-0.0171105478609892
7.6586496887902955,-1.9540613935690996,8.523669113542011,0.5684242313832975,-0.0171105478609892
7.6586496887902955,-1.9540613935690996,8.523669113542011,0.5684242313832975,-0.0171105478609892
7.6586496887902955,-1.9540613935690996,8.523669113542011,0.5684242313832975,-0.0171105478609892
7.6586496887902955,-1.9540613935690996,8.523669113542011,0.5684242313832975,-0.0171105478609892
7.6586496887902955,-1.9540613935690996,8.523669113542011,0.5684242313832975,-0.0171105478609892
7.6586496887902955,-1.9540613935690996,8.523669113542011,0.5684242313832975,-0.0171105478609892
7.6586496887902955,-1.9540613935690996,8.523669113542011,0.5684242313832975,-0.0171105478609892
7.6586496887902955,-1.9540613935690996,8.523669113542011,0.5684242313832975,-0.0171105478609892
7.6586496887902955,-1.9540613935690996,8.523669113542011,0.5684242313832975,-0.0171105478609892
7.6586496887902955,-1.9540613935690996,8.523669113542011,0.5684242313832975,-0.0171105478609892
7.6586496887902955,-1.9540613935690996,8.523669113542011,0.5684242313832975,-0.0171105478609892
7.6586496887902955,-1.9540613935690996,8.523669113542011,0.5684242313832975,-0.0171105478609892
7.6586496887902955,-1.9540613935690996,8.523669113542011,0.5684242313832975,-0.0171105478609892
7.6586496887902955,-1.9540613935690996,8.523669113542011,0.5684242313832975,-0.0171105478609892
7.6586496887902955,-1.9540613935690996,8.523669113542011,0.5684242313832975,-0.0171105478609892
7.6586496887902955,-1.9540613935690996,8.523669113542011,0.5684242313832975,-0.0171105478609892
7.6586496887902955,-1.9540613935690996,8.523669113542011,0.5684242313832975,-0.0171105478609892
7.6586496887902955,-1.9540613935690996,8.523669113542011,0.5684242313832975,-0.0171105478609892
7.6586496887902955,-1.9540613935690996,8.523669113542011,0.5684242313832975,-0.0171105478609892
7.6586496887902955,-1.9540613935690996,8.523669113542011,0.5684242313832975,-0.0171105478609892
7.656005534607781,-1.9274820888271267,8.516927575038547,0.5950035361252703,-0.02385208636445313
7.656005534607781,-1.9274820888271267,8.516927575038547,0.5950035361252703,-0.02385208636445313
7.656005534607781,-1.9274820888271267,8.516927575038547,0.5950035361252703,-0.02385208636445313
7.656005534607781,-1.9274820888271267,8.516927575038547,0.5950035361252703,-0.02385208636445313
7.656005534607781,-1.9274820888271267,8.516927575038547,0.5950035361252703,-0.02385208636445313
7.656005534607781,-1.9274820888271267,8.516927575038547,0.5950035361252703,-0.02385208636445313
7.656005534607781,-1.9274820888271267,8.516927575038547,0.5950035361252703,-0.02385208636445313
7.656005534607781,-1.9274820888271267,8.516927575038547,0.5950035361252703,-0.02385208636445313
7.656005534607781,-1.9274820888271267,8.516927575038547,0.5950035361252703,-0.02385208636445313
7.656005534607781,-1.9274820888271267,8.516927575038547,0.5950035361252703,-0.02385208636445313
7.656005534607781,-1.9274820888271267,8.516927575038547,0.5950035361252703,-0.02385208636445313
7.656005534607781,-1.9274820888271267,8.516927575038547,0.5950035361252703,-0.02385208636445313
7.656005534607781,-1.9274820888271267,8.516927575038547,0.5950035361252703,-0.02385208636445313
7.656005534607781,-1.9274820888271267,8.516927575038547,0.5950035361252703,-0.02385208636445313
7.656005534607781,-1.9274820888271267,8.516927575038547,0.5950035361252703,-0.02385208636445313
7.656005534607781,-1.9274820888271267,8.516927575038547,0.5950035361252703,-0.02385208636445313
7.656005534607781,-1.9274820888271267,8.516927575038547,0.5950035361252703,-0.02385208636445313
7.6997956387367035,-1.8668985221397265,8.594358959333729,0.6555871028126705,0.05357929793072813
7.6997956387367035,-1.8668985221397265,8.594358959333729,0.6555871028126705,0.05357929793072813
7.6997956387367035,-1.8668985221397265,8.594358959333729,0.6555871028126705,0.05357929793072813
7.6997956387367035,-1.8668985221397265,8.594358959333729,0.6555871028126705,0.05357929793072813
7.6997956387367035,-1.8668985221397265,8.594358959333729,0.6555871028126705,0.05357929793072813
7.6997956387367035,-1.8668985221397265,8.594358959333729,0.6555871028126705,0.05357929793072813
7.6997956387367035,-1.8668985221397265,8.594358959333729,0.6555871028126705,0.05357929793072813
7.6997956387367035,-1.8668985221397265,8.594358959333729,0.6555871028126705,0.05357929793072813
7.6997956387367035,-1.8668985221397265,8.594358959333729,0.6555871028126705,0.05357929793072813
7.6997956387367035,-1.8668985221397265,8.594358959333729,0.6555871028126705,0.05357929793072813
7.6997956387367035,-1.8668985221397265,8.594358959333729,0.6555871028126705,0.05357929793072813
7.6997956387367035,-1.8668985221397265,8.594358959333729,0.6555871028126705,0.05357929793072813
7.6997956387367035,-1.8668985221397265,8.594358959333729,0.6555871028126705,0.05357929793072813
7.6997956387367035,-1.8668985221397265,8.594358959333729,0.6555871028126705,0.05357929793072813
7.6997956387367035,-1.8668985221397265,8.594358959333729,0.6555871028126705,0.05357929793072813
7.6997956387367035,-1.8668985221397265,8.594358959333729,0.6555871028126705,0.05357929793072813
7.6997956387367035,-1.8668985221397265,8.594358959333729,0.6555871028126705,0.05357929793072813
7.6997956387367035,-1.8668985221397265,8.594358959333729,0.6555871028126705,0.05357929793072813
7.6997956387367035,-1.8668985221397265,8.594358959333729,0.6555871028126705,0.05357929793072813
7.696960644709384,-1.852283320834269,8.553035468390597,0.670202304118128,0.01225580698759643
7.696960644709384,-1.852283320834269,8.553035468390597,0.670202304118128,0.01225580698759643
7.696960644709384,-1.852283320834269,8.553035468390597,0.670202304118128,0.01225580698759643
7.696960644709384,-1.852283320834269,8.553035468390597,0.670202304118128,0.01225580698759643
7.696960644709384,-1.852283320834269,8.553035468390597,0.670202304118128,0.01225580698759643
7.696960644709384,-1.852283320834269,8.553035468390597,0.670202304118128,0.01225580698759643
7.696960644709384,-1.852283320834269,8.553035468390597,0.670202304118128,0.01225580698759643
7.696960644709384,-1.852283320834269,8.553035468390597,0.670202304118128,0.01225580698759643
7.696960644709384,-1.852283320834269,8.553035468390597,0.670202304118128,0.01225580698759643
7.696960644709384,-1.852283320834269,8.553035468390597,0.670202304118128,0.01225580698759643
7.696960644709384,-1.852283320834269,8.553035468390597,0.670202304118128,0.01225580698759643
7.696960644709384,-1.852283320834269,8.553035468390597,0.670202304118128,0.01225580698759643
7.696960644709384,-1.852283320834269,8.553035468390597,0.670202304118128,0.01225580698759643
7.696960644709384,-1.852283320834269,8.553035468390597,0.670202304118128,0.01225580698759643
7.71533031470785,-1.7062280874574756,8.488865815042171,0.8162575374949215,-0.0519138463608293
7.71533031470785,-1.7062280874574756,8.488865815042171,0.8162575374949215,-0.0519138463608293
7.71533031470785,-1.7062280874574756,8.488865815042171,0.8162575374949215,-0.0519138463608293
7.71533031470785,-1.7062280874574756,8.488865815042171,0.8162575374949215,-0.0519138463608293
7.71533031470785,-1.7062280874574756,8.488865815042171,0.8162575374949215,-0.0519138463608293
7.71533031470785,-1.7062280874574756,8.488865815042171,0.8162575374949215,-0.0519138463608293
7.71533031470785,-1.7062280874574756,8.488865815042171,0.8162575374949215,-0.0519138463608293
7.71533031470785,-1.7062280874574756,8.488865815042171,0.8162575374949215,-0.0519138463608293
7.71533031470785,-1.7062280874574756,8.488865815042171,0.8162575374949215,-0.0519138463608293
7.71533031470785,-1.7062280874574756,8.488865815042171,0.8162575374949215,-0.0519138463608293
7.71533031470785,-1.7062280874574756,8.488865815042171,0.8162575374949215,-0.0519138463608293
7.71533031470785,-1.7062280874574756,8.488865815042171,0.8162575374949215,-0.0519138463608293
7.71533031470785,-1.7062280874574756,8.488865815042171,0.8162575374949215,-0.0519138463608293
7.71533031470785,-1.7062280874574756,8.488865815042171,0.8162575374949215,-0.0519138463608293
7.71533031470785,-1.7062280874574756,8.488865815042171,0.8162575374949215,-0.0519138463608293
7.71533031470785,-1.7062280874574756,8.488865815042171,0.8162575374949215,-0.0519138463608293
7.71533031470785,-1.7062280874574756,8.488865815042171,0.8162575374949215,-0.0519138463608293
7.71533031470785,-1.7062280874574756,8.488865815042171,0.8162575374949215,-0.0519138463608293
7.71533031470785,-1.7062280874574756,8.488865815042171,0.8162575374949215,-0.0519138463608293
7.71533031470785,-1.7062280874574756,8.488865815042171,0.8162575374949215,-0.0519138463608293
7.71533031470785,-1.7062280874574756,8.488865815042171,0.8162575374949215,-0.0519138463608293
7.71533031470785,-1.7062280874574756,8.488865815042171,0.8162575374949215,-0.0519138463608293
7.71533031470785,-1.7062280874574756,8.488865815042171,0.8162575374949215,-0.0519138463608293
7.71533031470785,-1.7062280874574756,8.488865815042171,0.8162575374949215,-0.0519138463608293
7.71533031470785,-1.7062280874574756,8.488865815042171,0.8162575374949215,-0.0519138463608293
7.71533031470785,-1.7062280874574756,8.488865815042171,0.8162575374949215,-0.0519138463608293
7.71533031470785,-1.7062280874574756,8.488865815042171,0.8162575374949215,-0.0519138463608293
7.71533031470785,-1.7062280874574756,8.488865815042171,0.8162575374949215,-0.0519138463608293
7.71533031470785,-1.7062280874574756,8.488865815042171,0.8162575374949215,-0.0519138463608293
7.71533031470785,-1.7062280874574756,8.488865815042171,0.8162575374949215,-0.0519138463608293
7.71533031470785,-1.7062280874574756,8.488865815042171,0.8162575374949215,-0.0519138463608293
7.71533031470785,-1.7062280874574756,8.488865815042171,0.8162575374949215,-0.0519138463608293
7.71533031470785,-1.7062280874574756,8.488865815042171,0.8162575374949215,-0.0519138463608293
7.71533031470785,-1.7062280874574756,8.488865815042171,0.8162575374949215,-0.0519138463608293
7.71533031470785,-1.7062280874574756,8.488865815042171,0.8162575374949215,-0.0519138463608293
7.71533031470785,-1.7062280874574756,8.488865815042171,0.8162575374949215,-0.0519138463608293
7.71533031470785,-1.7062280874574756,8.488865815042171,0.8162575374949215,-0.0519138463608293
7.71533031470785,-1.7062280874574756,8.488865815042171,0.8162575374949215,-0.0519138463608293
7.71533031470785,-1.7062280874574756,8.488865815042171,0.8162575374949215,-0.0519138463608293
7.71533031470785,-1.7062280874574756,8.488865815042171,0.8162575374949215,-0.0519138463608293
7.71533031470785,-1.7062280874574756,8.488865815042171,0.8162575374949215,-0.0519138463608293
7.71533031470785,-1.7062280874574756,8.488865815042171,0.8162575374949215,-0.0519138463608293
7.71533031470785,-1.7062280874574756,8.488865815042171,0.8162575374949215,-0.0519138463608293
7.71533031470785,-1.7062280874574756,8.488865815042171,0.8162575374949215,-0.0519138463608293
7.71533031470785,-1.7062280874574756,8.488865815042171,0.8162575374949215,-0.0519138463608293
7.737640316774597,-1.6977882874995163,8.50950501718241,0.8246973374528808,-0.03127464422059134
7.737640316774597,-1.6977882874995163,8.50950501718241,0.8246973374528808,-0.03127464422059134
7.737640316774597,-1.6977882874995163,8.50950501718241,0.8246973374528808,-0.03127464422059134
7.737640316774597,-1.6977882874995163,8.50950501718241,0.8246973374528808,-0.03127464422059134
7.737640316774597,-1.6977882874995163,8.50950501718241,0.8246973374528808,-0.03127464422059134
7.737640316774597,-1.6977882874995163,8.50950501718241,0.8246973374528808,-0.03127464422059134
7.737640316774597,-1.6977882874995163,8.50950501718241,0.8246973374528808,-0.03127464422059134
7.737640316774597,-1.6977882874995163,8.50950501718241,0.8246973374528808,-0.03127464422059134
7.737640316774597,-1.6977882874995163,8.50950501718241,0.8246973374528808,-0.03127464422059134
7.737640316774597,-1.6977882874995163,8.50950501718241,0.8246973374528808,-0.03127464422059134
7.737640316774597,-1.6977882874995163,8.50950501718241,0.8246973374528808,-0.03127464422059134
7.737640316774597,-1.6977882874995163,8.50950501718241,0.8246973374528808,-0.03127464422059134
7.737640316774597,-1.6977882874995163,8.50950501718241,0.8246973374528808,-0.03127464422059134
7.737640316774597,-1.6977882874995163,8.50950501718241,0.8246973374528808,-0.03127464422059134
7.737640316774597,-1.6977882874995163,8.50950501718241,0.8246973374528808,-0.03127464422059134
7.737640316774597,-1.6977882874995163,8.50950501718241,0.8246973374528808,-0.03127464422059134
7.737640316774597,-1.6977882874995163,8.50950501718241,0.8246973374528808,-0.03127464422059134
7.737640316774597,-1.6977882874995163,8.50950501718241,0.8246973374528808,-0.03127464422059134
7.737640316774597,-1.6977882874995163,8.50950501718241,0.8246973374528808,-0.03127464422059134
7.737640316774597,-1.6977882874995163,8.50950501718241,0.8246973374528808,-0.03127464422059134
7.737640316774597,-1.6977882874995163,8.50950501718241,0.8246973374528808,-0.03127464422059134
7.737640316774597,-1.6977882874995163,8.50950501718241,0.8246973374528808,-0.03127464422059134
7.737640316774597,-1.6977882874995163,8.50950501718241,0.8246973374528808,-0.03127464422059134
7.737640316774597,-1.6977882874995163,8.50950501718241,0.8246973374528808,-0.03127464422059134
7.737640316774597,-1.6977882874995163,8.50950501718241,0.8246973374528808,-0.03127464422059134
7.737640316774597,-1.6977882874995163,8.50950501718241,0.8246973374528808,-0.03127464422059134
7.737640316774597,-1.6977882874995163,8.50950501718241,0.8246973374528808,-0.03127464422059134
7.737640316774597,-1.6977882874995163,8.50950501718241,0.8246973374528808,-0.03127464422059134
7.737640316774597,-1.6977882874995163,8.50950501718241,0.8246973374528808,-0.03127464422059134
7.737640316774597,-1.6977882874995163,8.50950501718241,0.8246973374528808,-0.03127464422059134
7.737640316774597,-1.6977882874995163,8.50950501718241,0.8246973374528808,-0.03127464422059134
7.737640316774597,-1.6977882874995163,8.50950501718241,0.8246973374528808,-0.03127464422059134
7.737640316774597,-1.6977882874995163,8.50950501718241,0.8246973374528808,-0.03127464422059134
7.737640316774597,-1.6977882874995163,8.50950501718241,0.8246973374528808,-0.03127464422059134
7.737640316774597,-1.6977882874995163,8.50950501718241,0.8246973374528808,-0.03127464422059134
7.737640316774597,-1.6977882874995163,8.50950501718241,0.8246973374528808,-0.03127464422059134
7.655581356007139,-1.688255008820777,8.541877335511344,0.83423061613162,0.0010976741083439379
7.655581356007139,-1.688255008820777,8.541877335511344,0.83423061613162,0.0010976741083439379
7.655581356007139,-1.688255008820777,8.541877335511344,0.83423061613162,0.0010976741083439379
7.655581356007139,-1.688255008820777,8.541877335511344,0.83423061613162,0.0010976741083439379
7.655581356007139,-1.688255008820777,8.541877335511344,0.83423061613162,0.0010976741083439379
7.655581356007139,-1.688255008820777,8.541877335511344,0.83423061613162,0.0010976741083439379
7.655581356007139,-1.688255008820777,8.541877335511344,0.83423061613162,0.0010976741083439379
7.655581356007139,-1.688255008820777,8.541877335511344,0.83423061613162,0.0010976741083439379
7.655581356007139,-1.688255008820777,8.541877335511344,0.83423061613162,0.0010976741083439379
7.655581356007139,-1.688255008820777,8.541877335511344,0.83423061613162,0.0010976741083439379
7.655581356007139,-1.688255008820777,8.541877335511344,0.83423061613162,0.0010976741083439379
7.655581356007139,-1.688255008820777,8.541877335511344,0.83423061613162,0.0010976741083439379
7.655581356007139,-1.688255008820777,8.541877335511344,0.83423061613162,0.0010976741083439379
7.655581356007139,-1.688255008820777,8.541877335511344,0.83423061613162,0.0010976741083439379
7.655581356007139,-1.688255008820777,8.541877335511344,0.83423061613162,0.0010976741083439379
7.655581356007139,-1.688255008820777,8.541877335511344,0.83423061613162,0.0010976741083439379
7.655581356007139,-1.688255008820777,8.541877335511344,0.83423061613162,0.0010976741083439379
7.655581356007139,-1.688255008820777,8.541877335511344,0.83423061613162,0.0010976741083439379
7.655581356007139,-1.688255008820777,8.541877335511344,0.83423061613162,0.0010976741083439379
7.655581356007139,-1.688255008820777,8.541877335511344,0.83423061613162,0.0010976741083439379
7.819381975933569,-1.4127254555017341,8.576448776657058,1.109760169450663,0.03566911525405736
7.819381975933569,-1.4127254555017341,8.576448776657058,1.109760169450663,0.03566911525405736
7.819381975933569,-1.4127254555017341,8.576448776657058,1.109760169450663,0.03566911525405736
7.819381975933569,-1.4127254555017341,8.576448776657058,1.109760169450663,0.03566911525405736
7.819381975933569,-1.4127254555017341,8.576448776657058,1.109760169450663,0.03566911525405736
7.819381975933569,-1.4127254555017341,8.576448776657058,1.109760169450663,0.03566911525405736
7.819381975933569,-1.4127254555017341,8.576448776657058,1.109760169450663,0.03566911525405736
7.819381975933569,-1.4127254555017341,8.576448776657058,1.109760169450663,0.03566911525405736
7.819381975933569,-1.4127254555017341,8.576448776657058,1.109760169450663,0.03566911525405736
7.819381975933569,-1.4127254555017341,8.576448776657058,1.109760169450663,0.03566911525405736
7.819381975933569,-1.4127254555017341,8.576448776657058,1.109760169450663,0.03566911525405736
7.819381975933569,-1.4127254555017341,8.576448776657058,1.109760169450663,0.03566911525405736
7.819381975933569,-1.4127254555017341,8.576448776657058,1.109760169450663,0.03566911525405736
7.819381975933569,-1.4127254555017341,8.576448776657058,1.109760169450663,0.03566911525405736
7.819381975933569,-1.4127254555017341,8.576448776657058,1.109760169450663,0.03566911525405736
7.6583611248076915,-1.337449759786014,8.585030184825452,1.185035865166383,0.04425052342245195
7.6583611248076915,-1.337449759786014,8.585030184825452,1.185035865166383,0.04425052342245195
7.6583611248076915,-1.337449759786014,8.585030184825452,1.185035865166383,0.04425052342245195
7.6583611248076915,-1.337449759786014,8.585030184825452,1.185035865166383,0.04425052342245195
7.6583611248076915,-1.337449759786014,8.585030184825452,1.185035865166383,0.04425052342245195
7.6583611248076915,-1.337449759786014,8.585030184825452,1.185035865166383,0.04425052342245195
7.6583611248076915,-1.337449759786014,8.585030184825452,1.185035865166383,0.04425052342245195
7.6583611248076915,-1.337449759786014,8.585030184825452,1.185035865166383,0.04425052342245195
7.6583611248076915,-1.337449759786014,8.585030184825452,1.185035865166383,0.04425052342245195
7.6583611248076915,-1.337449759786014,8.585030184825452,1.185035865166383,0.04425052342245195
7.6583611248076915,-1.337449759786014,8.585030184825452,1.185035865166383,0.04425052342245195
7.6583611248076915,-1.337449759786014,8.585030184825452,1.185035865166383,0.04425052342245195
7.6583611248076915,-1.337449759786014,8.585030184825452,1.185035865166383,0.04425052342245195
7.6583611248076915,-1.337449759786014,8.585030184825452,1.185035865166383,0.04425052342245195
7.6583611248076915,-1.337449759786014,8.585030184825452,1.185035865166383,0.04425052342245195
7.693241708272083,-1.2671665264010277,8.697736572737865,1.2553190985513694,0.15695691133486456
7.693241708272083,-1.2671665264010277,8.697736572737865,1.2553190985513694,0.15695691133486456
7.693241708272083,-1.2671665264010277,8.697736572737865,1.2553190985513694,0.15695691133486456
7.693241708272083,-1.2671665264010277,8.697736572737865,1.2553190985513694,0.15695691133486456
7.693241708272083,-1.2671665264010277,8.697736572737865,1.2553190985513694,0.15695691133486456
7.693241708272083,-1.2671665264010277,8.697736572737865,1.2553190985513694,0.15695691133486456
7.693241708272083,-1.2671665264010277,8.697736572737865,1.2553190985513694,0.15695691133486456
7.693241708272083,-1.2671665264010277,8.697736572737865,1.2553190985513694,0.15695691133486456
7.693241708272083,-1.2671665264010277,8.697736572737865,1.2553190985513694,0.15695691133486456
7.693241708272083,-1.2671665264010277,8.697736572737865,1.2553190985513694,0.15695691133486456
7.693241708272083,-1.2671665264010277,8.697736572737865,1.2553190985513694,0.15695691133486456
7.693241708272083,-1.2671665264010277,8.697736572737865,1.2553190985513694,0.15695691133486456
7.693241708272083,-1.2671665264010277,8.697736572737865,1.2553190985513694,0.15695691133486456
7.693241708272083,-1.2671665264010277,8.697736572737865,1.2553190985513694,0.15695691133486456
7.693241708272083,-1.2671665264010277,8.697736572737865,1.2553190985513694,0.15695691133486456
7.693241708272083,-1.2671665264010277,8.697736572737865,1.2553190985513694,0.15695691133486456
7.693241708272083,-1.2671665264010277,8.697736572737865,1.2553190985513694,0.15695691133486456
7.693241708272083,-1.2671665264010277,8.697736572737865,1.2553190985513694,0.15695691133486456
7.693241708272083,-1.2671665264010277,8.697736572737865,1.2553190985513694,0.15695691133486456
7.693241708272083,-1.2671665264010277,8.697736572737865,1.2553190985513694,0.15695691133486456
7.693241708272083,-1.2671665264010277,8.697736572737865,1.2553190985513694,0.15695691133486456
7.693241708272083,-1.2671665264010277,8.697736572737865,1.2553190985513694,0.15695691133486456
7.693241708272083,-1.2671665264010277,8.697736572737865,1.2553190985513694,0.15695691133486456
7.693241708272083,-1.2671665264010277,8.697736572737865,1.2553190985513694,0.15695691133486456
7.693241708272083,-1.2671665264010277,8.697736572737865,1.2553190985513694,0.15695691133486456
7.693241708272083,-1.2671665264010277,8.697736572737865,1.2553190985513694,0.15695691133486456
7.693241708272083,-1.2671665264010277,8.697736572737865,1.2553190985513694,0.15695691133486456
7.693241708272083,-1.2671665264010277,8.697736572737865,1.2553190985513694,0.15695691133486456
7.693241708272083,-1.2671665264010277,8.697736572737865,1.2553190985513694,0.15695691133486456
7.693241708272083,-1.2671665264010277,8.697736572737865,1.2553190985513694,0.15695691133486456
7.693241708272083,-1.2671665264010277,8.697736572737865,1.2553190985513694,0.15695691133486456
7.693241708272083,-1.2671665264010277,8.697736572737865,1.2553190985513694,0.15695691133486456
7.693241708272083,-1.2671665264010277,8.697736572737865,1.2553190985513694,0.15695691133486456
7.693241708272083,-1.2671665264010277,8.697736572737865,1.2553190985513694,0.15695691133486456
7.693241708272083,-1.2671665264010277,8.697736572737865,1.2553190985513694,0.15695691133486456
7.693241708272083,-1.2671665264010277,8.697736572737865,1.2553190985513694,0.15695691133486456
7.693241708272083,-1.2671665264010277,8.697736572737865,1.2553190985513694,0.15695691133486456
7.693241708272083,-1.2671665264010277,8.697736572737865,1.2553190985513694,0.15695691133486456
7.693241708272083,-1.2671665264010277,8.697736572737865,1.2553190985513694,0.15695691133486456
7.693241708272083,-1.2671665264010277,8.697736572737865,1.2553190985513694,0.15695691133486456
7.693241708272083,-1.2671665264010277,8.697736572737865,1.2553190985513694,0.15695691133486456
7.693241708272083,-1.2671665264010277,8.697736572737865,1.2553190985513694,0.15695691133486456
7.693241708272083,-1.2671665264010277,8.697736572737865,1.2553190985513694,0.15695691133486456
7.693241708272083,-1.2671665264010277,8.697736572737865,1.2553190985513694,0.15695691133486456
7.693241708272083,-1.2671665264010277,8.697736572737865,1.2553190985513694,0.15695691133486456
7.693241708272083,-1.2671665264010277,8.697736572737865,1.2553190985513694,0.15695691133486456
7.693241708272083,-1.2671665264010277,8.697736572737865,1.2553190985513694,0.15695691133486456
7.693241708272083,-1.2671665264010277,8.697736572737865,1.2553190985513694,0.15695691133486456
7.693241708272083,-1.2671665264010277,8.697736572737865,1.2553190985513694,0.15695691133486456
7.693241708272083,-1.2671665264010277,8.697736572737865,1.2553190985513694,0.15695691133486456
7.693241708272083,-1.2671665264010277,8.697736572737865,1.2553190985513694,0.15695691133486456
7.693241708272083,-1.2671665264010277,8.697736572737865,1.2553190985513694,0.15695691133486456
7.693241708272083,-1.2671665264010277,8.697736572737865,1.2553190985513694,0.15695691133486456
7.693241708272083,-1.2671665264010277,8.697736572737865,1.2553190985513694,0.15695691133486456
7.693241708272083,-1.2671665264010277,8.697736572737865,1.2553190985513694,0.15695691133486456
7.693241708272083,-1.2671665264010277,8.697736572737865,1.2553190985513694,0.15695691133486456
7.693241708272083,-1.2671665264010277,8.697736572737865,1.2553190985513694,0.15695691133486456
7.693241708272083,-1.2671665264010277,8.697736572737865,1.2553190985513694,0.15695691133486456
7.693241708272083,-1.2671665264010277,8.697736572737865,1.2553190985513694,0.15695691133486456
7.693241708272083,-1.2671665264010277,8.697736572737865,1.2553190985513694,0.15695691133486456
7.693241708272083,-1.2671665264010277,8.697736572737865,1.2553190985513694,0.15695691133486456
7.693241708272083,-1.2671665264010277,8.697736572737865,1.2553190985513694,0.15695691133486456
7.693241708272083,-1.2671665264010277,8.697736572737865,1.2553190985513694,0.15695691133486456
7.693241708272083,-1.2671665264010277,8.697736572737865,1.2553190985513694,0.15695691133486456
7.693241708272083,-1.2671665264010277,8.697736572737865,1.2553190985513694,0.15695691133486456
7.693241708272083,-1.2671665264010277,8.697736572737865,1.2553190985513694,0.15695691133486456
7.693241708272083,-1.2671665264010277,8.697736572737865,1.2553190985513694,0.15695691133486456
7.693241708272083,-1.2671665264010277,8.697736572737865,1.2553190985513694,0.15695691133486456
7.693241708272083,-1.2671665264010277,8.697736572737865,1.2553190985513694,0.15695691133486456
7.693241708272083,-1.2671665264010277,8.697736572737865,1.2553190985513694,0.15695691133486456
7.693241708272083,-1.2671665264010277,8.697736572737865,1.2553190985513694,0.15695691133486456
7.693241708272083,-1.2671665264010277,8.697736572737865,1.2553190985513694,0.15695691133486456
7.693241708272083,-1.2671665264010277,8.697736572737865,1.2553190985513694,0.15695691133486456
7.693241708272083,-1.2671665264010277,8.697736572737865,1.2553190985513694,0.15695691133486456
7.693241708272083,-1.2671665264010277,8.697736572737865,1.2553190985513694,0.15695691133486456
7.693241708272083,-1.2671665264010277,8.697736572737865,1.2553190985513694,0.15695691133486456
7.693241708272083,-1.2671665264010277,8.697736572737865,1.2553190985513694,0.15695691133486456
7.693241708272083,-1.2671665264010277,8.697736572737865,1.2553190985513694,0.15695691133486456
7.693241708272083,-1.2671665264010277,8.697736572737865,1.2553190985513694,0.15695691133486456
7.693241708272083,-1.2671665264010277,8.697736572737865,1.2553190985513694,0.15695691133486456
7.693241708272083,-1.2671665264010277,8.697736572737865,1.2553190985513694,0.15695691133486456
7.693241708272083,-1.2671665264010277,8.697736572737865,1.2553190985513694,0.15695691133486456
7.693241708272083,-1.2671665264010277,8.697736572737865,1.2553190985513694,0.15695691133486456
7.693241708272083,-1.2671665264010277,8.697736572737865,1.2553190985513694,0.15695691133486456
7.693241708272083,-1.2671665264010277,8.697736572737865,1.2553190985513694,0.15695691133486456
7.693241708272083,-1.2671665264010277,8.697736572737865,1.2553190985513694,0.15695691133486456
7.693241708272083,-1.2671665264010277,8.697736572737865,1.2553190985513694,0.15695691133486456
7.693241708272083,-1.2671665264010277,8.697736572737865,1.2553190985513694,0.15695691133486456
7.693241708272083,-1.2671665264010277,8.697736572737865,1.2553190985513694,0.15695691133486456
7.693241708272083,-1.2671665264010277,8.697736572737865,1.2553190985513694,0.15695691133486456
7.693241708272083,-1.2671665264010277,8.697736572737865,1.2553190985513694,0.15695691133486456
7.693241708272083,-1.2671665264010277,8.697736572737865,1.2553190985513694,0.15695691133486456
7.693241708272083,-1.2671665264010277,8.697736572737865,1.2553190985513694,0.15695691133486456
7.693241708272083,-1.2671665264010277,8.697736572737865,1.2553190985513694,0.15695691133486456
7.693241708272083,-1.2671665264010277,8.697736572737865,1.2553190985513694,0.15695691133486456
7.693241708272083,-1.2671665264010277,8.697736572737865,1.2553190985513694,0.15695691133486456
7.693241708272083,-1.2671665264010277,8.697736572737865,1.2553190985513694,0.15695691133486456
7.693241708272083,-1.2671665264010277,8.697736572737865,1.2553190985513694,0.15695691133486456
7.693241708272083,-1.2671665264010277,8.697736572737865,1.2553190985513694,0.15695691133486456
7.693241708272083,-1.2671665264010277,8.697736572737865,1.2553190985513694,0.15695691133486456
7.693241708272083,-1.2671665264010277,8.697736572737865,1.2553190985513694,0.15695691133486456
7.693241708272083,-1.2671665264010277,8.697736572737865,1.2553190985513694,0.15695691133486456
7.693241708272083,-1.2671665264010277,8.697736572737865,1.2553190985513694,0.15695691133486456
7.693241708272083,-1.2671665264010277,8.697736572737865,1.2553190985513694,0.15695691133486456
7.693241708272083,-1.2671665264010277,8.697736572737865,1.2553190985513694,0.15695691133486456
7.693241708272083,-1.2671665264010277,8.697736572737865,1.2553190985513694,0.15695691133486456
7.693241708272083,-1.2671665264010277,8.697736572737865,1.2553190985513694,0.15695691133486456
7.693241708272083,-1.2671665264010277,8.697736572737865,1.2553190985513694,0.15695691133486456
7.693241708272083,-1.2671665264010277,8.697736572737865,1.2553190985513694,0.15695691133486456
7.693241708272083,-1.2671665264010277,8.697736572737865,1.2553190985513694,0.15695691133486456
7.693241708272083,-1.2671665264010277,8.697736572737865,1.2553190985513694,0.15695691133486456
7.693241708272083,-1.2671665264010277,8.697736572737865,1.2553190985513694,0.15695691133486456
7.693241708272083,-1.2671665264010277,8.697736572737865,1.2553190985513694,0.15695691133486456
7.693241708272083,-1.2671665264010277,8.697736572737865,1.2553190985513694,0.15695691133486456
7.693241708272083,-1.2671665264010277,8.697736572737865,1.2553190985513694,0.15695691133486456
7.693241708272083,-1.2671665264010277,8.697736572737865,1.2553190985513694,0.15695691133486456
7.693241708272083,-1.2671665264010277,8.697736572737865,1.2553190985513694,0.15695691133486456
7.693241708272083,-1.2671665264010277,8.697736572737865,1.2553190985513694,0.15695691133486456
7.693241708272083,-1.2671665264010277,8.697736572737865,1.2553190985513694,0.15695691133486456
7.693241708272083,-1.2671665264010277,8.697736572737865,1.2553190985513694,0.15695691133486456
7.693241708272083,-1.2671665264010277,8.697736572737865,1.2553190985513694,0.15695691133486456
7.693241708272083,-1.2671665264010277,8.697736572737865,1.2553190985513694,0.15695691133486456
7.693241708272083,-1.2671665264010277,8.697736572737865,1.2553190985513694,0.15695691133486456
7.693241708272083,-1.2671665264010277,8.697736572737865,1.2553190985513694,0.15695691133486456
7.693241708272083,-1.2671665264010277,8.697736572737865,1.2553190985513694,0.15695691133486456
7.693241708272083,-1.2671665264010277,8.697736572737865,1.2553190985513694,0.15695691133486456
7.693241708272083,-1.2671665264010277,8.697736572737865,1.2553190985513694,0.15695691133486456
7.693241708272083,-1.2671665264010277,8.697736572737865,1.2553190985513694,0.15695691133486456
7.693241708272083,-1.2671665264010277,8.697736572737865,1.2553190985513694,0.15695691133486456
7.693241708272083,-1.2671665264010277,8.697736572737865,1.2553190985513694,0.15695691133486456
7.693241708272083,-1.2671665264010277,8.697736572737865,1.2553190985513694,0.15695691133486456
7.693241708272083,-1.2671665264010277,8.697736572737865,1.2553190985513694,0.15695691133486456
7.693241708272083,-1.2671665264010277,8.697736572737865,1.2553190985513694,0.15695691133486456
7.693241708272083,-1.2671665264010277,8.697736572737865,1.2553190985513694,0.15695691133486456
7.693241708272083,-1.2671665264010277,8.697736572737865,1.2553190985513694,0.15695691133486456
7.693241708272083,-1.2671665264010277,8.697736572737865,1.2553190985513694,0.15695691133486456
7.693241708272083,-1.2671665264010277,8.697736572737865,1.2553190985513694,0.15695691133486456
7.693241708272083,-1.2671665264010277,8.697736572737865,1.2553190985513694,0.15695691133486456
7.693241708272083,-1.2671665264010277,8.697736572737865,1.2553190985513694,0.15695691133486456
7.693241708272083,-1.2671665264010277,8.697736572737865,1.2553190985513694,0.15695691133486456
7.693241708272083,-1.2671665264010277,8.697736572737865,1.2553190985513694,0.15695691133486456
7.693241708272083,-1.2671665264010277,8.697736572737865,1.2553190985513694,0.15695691133486456
7.693241708272083,-1.2671665264010277,8.697736572737865,1.2553190985513694,0.15695691133486456
7.693241708272083,-1.2671665264010277,8.697736572737865,1.2553190985513694,0.15695691133486456
7.693241708272083,-1.2671665264010277,8.697736572737865,1.2553190985513694,0.15695691133486456
7.693241708272083,-1.2671665264010277,8.697736572737865,1.2553190985513694,0.15695691133486456
7.693241708272083,-1.2671665264010277,8.697736572737865,1.2553190985513694,0.15695691133486456
7.693241708272083,-1.2671665264010277,8.697736572737865,1.2553190985513694,0.15695691133486456
7.693241708272083,-1.2671665264010277,8.697736572737865,1.2553190985513694,0.15695691133486456
7.693241708272083,-1.2671665264010277,8.697736572737865,1.2553190985513694,0.15695691133486456
7.693241708272083,-1.2671665264010277,8.697736572737865,1.2553190985513694,0.15695691133486456
7.693241708272083,-1.2671665264010277,8.697736572737865,1.2553190985513694,0.15695691133486456
7.693241708272083,-1.2671665264010277,8.697736572737865,1.2553190985513694,0.15695691133486456
7.693241708272083,-1.2671665264010277,8.697736572737865,1.2553190985513694,0.15695691133486456
7.693241708272083,-1.2671665264010277,8.697736572737865,1.2553190985513694,0.15695691133486456
7.693241708272083,-1.2671665264010277,8.697736572737865,1.2553190985513694,0.15695691133486456
7.693241708272083,-1.2671665264010277,8.697736572737865,1.2553190985513694,0.15695691133486456
7.693241708272083,-1.2671665264010277,8.697736572737865,1.2553190985513694,0.15695691133486456
7.693241708272083,-1.2671665264010277,8.697736572737865,1.2553190985513694,0.15695691133486456
7.693241708272083,-1.2671665264010277,8.697736572737865,1.2553190985513694,0.15695691133486456
7.693241708272083,-1.2671665264010277,8.697736572737865,1.2553190985513694,0.15695691133486456
7.693241708272083,-1.2671665264010277,8.697736572737865,1.2553190985513694,0.15695691133486456
7.693241708272083,-1.2671665264010277,8.697736572737865,1.2553190985513694,0.15695691133486456
7.693241708272083,-1.2671665264010277,8.697736572737865,1.2553190985513694,0.15695691133486456
7.693241708272083,-1.2671665264010277,8.697736572737865,1.2553190985513694,0.15695691133486456
7.693241708272083,-1.2671665264010277,8.697736572737865,1.2553190985513694,0.15695691133486456
7.693241708272083,-1.2671665264010277,8.697736572737865,1.2553190985513694,0.15695691133486456
7.693241708272083,-1.2671665264010277,8.697736572737865,1.2553190985513694,0.15695691133486456
7.693241708272083,-1.2671665264010277,8.697736572737865,1.2553190985513694,0.15695691133486456
7.693241708272083,-1.2671665264010277,8.697736572737865,1.2553190985513694,0.15695691133486456
7.693241708272083,-1.2671665264010277,8.697736572737865,1.2553190985513694,0.15695691133486456
7.693241708272083,-1.2671665264010277,8.697736572737865,1.2553190985513694,0.15695691133486456
7.693241708272083,-1.2671665264010277,8.697736572737865,1.2553190985513694,0.15695691133486456
7.693241708272083,-1.2671665264010277,8.697736572737865,1.2553190985513694,0.15695691133486456
7.693241708272083,-1.2671665264010277,8.697736572737865,1.2553190985513694,0.15695691133486456
7.693241708272083,-1.2671665264010277,8.697736572737865,1.2553190985513694,0.15695691133486456
7.693241708272083,-1.2671665264010277,8.697736572737865,1.2553190985513694,0.15695691133486456
7.693241708272083,-1.2671665264010277,8.697736572737865,1.2553190985513694,0.15695691133486456
7.693241708272083,-1.2671665264010277,8.697736572737865,1.2553190985513694,0.15695691133486456
7.693241708272083,-1.2671665264010277,8.697736572737865,1.2553190985513694,0.15695691133486456
7.693241708272083,-1.2671665264010277,8.697736572737865,1.2553190985513694,0.15695691133486456
7.693241708272083,-1.2671665264010277,8.697736572737865,1.2553190985513694,0.15695691133486456
7.693241708272083,-1.2671665264010277,8.697736572737865,1.2553190985513694,0.15695691133486456
7.693241708272083,-1.2671665264010277,8.697736572737865,1.2553190985513694,0.15695691133486456
7.693241708272083,-1.2671665264010277,8.697736572737865,1.2553190985513694,0.15695691133486456
7.693241708272083,-1.2671665264010277,8.697736572737865,1.2553190985513694,0.15695691133486456
7.693241708272083,-1.2671665264010277,8.697736572737865,1.2553190985513694,0.15695691133486456
7.693241708272083,-1.2671665264010277,8.697736572737865,1.2553190985513694,0.15695691133486456
7.693241708272083,-1.2671665264010277,8.697736572737865,1.2553190985513694,0.15695691133486456
7.693241708272083,-1.2671665264010277,8.697736572737865,1.2553190985513694,0.15695691133486456
7.693241708272083,-1.2671665264010277,8.697736572737865,1.2553190985513694,0.15695691133486456
7.693241708272083,-1.2671665264010277,8.697736572737865,1.2553190985513694,0.15695691133486456
7.693241708272083,-1.2671665264010277,8.697736572737865,1.2553190985513694,0.15695691133486456
7.693241708272083,-1.2671665264010277,8.697736572737865,1.2553190985513694,0.15695691133486456
7.693241708272083,-1.2671665264010277,8.697736572737865,1.2553190985513694,0.15695691133486456
7.693241708272083,-1.2671665264010277,8.697736572737865,1.2553190985513694,0.15695691133486456
7.693241708272083,-1.2671665264010277,8.697736572737865,1.2553190985513694,0.15695691133486456
7.693241708272083,-1.2671665264010277,8.697736572737865,1.2553190985513694,0.15695691133486456
7.693241708272083,-1.2671665264010277,8.697736572737865,1.2553190985513694,0.15695691133486456
7.693241708272083,-1.2671665264010277,8.697736572737865,1.2553190985513694,0.15695691133486456
7.693241708272083,-1.2671665264010277,8.697736572737865,1.2553190985513694,0.15695691133486456
7.693241708272083,-1.2671665264010277,8.697736572737865,1.2553190985513694,0.15695691133486456
7.693241708272083,-1.2671665264010277,8.697736572737865,1.2553190985513694,0.15695691133486456
7.693241708272083,-1.2671665264010277,8.697736572737865,1.2553190985513694,0.15695691133486456
7.693241708272083,-1.2671665264010277,8.697736572737865,1.2553190985513694,0.15695691133486456
7.693241708272083,-1.2671665264010277,8.697736572737865,1.2553190985513694,0.15695691133486456
7.693241708272083,-1.2671665264010277,8.697736572737865,1.2553190985513694,0.15695691133486456
7.693241708272083,-1.2671665264010277,8.697736572737865,1.2553190985513694,0.15695691133486456
7.693241708272083,-1.2671665264010277,8.697736572737865,1.2553190985513694,0.15695691133486456
7.693241708272083,-1.2671665264010277,8.697736572737865,1.2553190985513694,0.15695691133486456
7.693241708272083,-1.2671665264010277,8.697736572737865,1.2553190985513694,0.15695691133486456
7.693241708272083,-1.2671665264010277,8.697736572737865,1.2553190985513694,0.15695691133486456
7.693241708272083,-1.2671665264010277,8.697736572737865,1.2553190985513694,0.15695691133486456
7.693241708272083,-1.2671665264010277,8.697736572737865,1.2553190985513694,0.15695691133486456
7.693241708272083,-1.2671665264010277,8.697736572737865,1.2553190985513694,0.15695691133486456
7.693241708272083,-1.2671665264010277,8.697736572737865,1.2553190985513694,0.15695691133486456
7.693241708272083,-1.2671665264010277,8.697736572737865,1.2553190985513694,0.15695691133486456
7.693241708272083,-1.2671665264010277,8.697736572737865,1.2553190985513694,0.15695691133486456
7.693241708272083,-1.2671665264010277,8.697736572737865,1.2553190985513694,0.15695691133486456
7.693241708272083,-1.2671665264010277,8.697736572737865,1.2553190985513694,0.15695691133486456
7.693241708272083,-1.2671665264010277,8.697736572737865,1.2553190985513694,0.15695691133486456
7.693241708272083,-1.2671665264010277,8.697736572737865,1.2553190985513694,0.15695691133486456
7.693241708272083,-1.2671665264010277,8.697736572737865,1.2553190985513694,0.15695691133486456
7.693241708272083,-1.2671665264010277,8.697736572737865,1.2553190985513694,0.15695691133486456
7.693241708272083,-1.2671665264010277,8.697736572737865,1.2553190985513694,0.15695691133486456
7.693241708272083,-1.2671665264010277,8.697736572737865,1.2553190985513694,0.15695691133486456
7.693241708272083,-1.2671665264010277,8.697736572737865,1.2553190985513694,0.15695691133486456
7.693241708272083,-1.2671665264010277,8.697736572737865,1.2553190985513694,0.15695691133486456
7.693241708272083,-1.2671665264010277,8.697736572737865,1.2553190985513694,0.15695691133486456
7.693241708272083,-1.2671665264010277,8.697736572737865,1.2553190985513694,0.15695691133486456
7.693241708272083,-1.2671665264010277,8.697736572737865,1.2553190985513694,0.15695691133486456
7.693241708272083,-1.2671665264010277,8.697736572737865,1.2553190985513694,0.15695691133486456
7.693241708272083,-1.2671665264010277,8.697736572737865,1.2553190985513694,0.15695691133486456
7.693241708272083,-1.2671665264010277,8.697736572737865,1.2553190985513694,0.15695691133486456
7.693241708272083,-1.2671665264010277,8.697736572737865,1.2553190985513694,0.15695691133486456
7.693241708272083,-1.2671665264010277,8.697736572737865,1.2553190985513694,0.15695691133486456
7.693241708272083,-1.2671665264010277,8.697736572737865,1.2553190985513694,0.15695691133486456
7.693241708272083,-1.2671665264010277,8.697736572737865,1.2553190985513694,0.15695691133486456
7.693241708272083,-1.2671665264010277,8.697736572737865,1.2553190985513694,0.15695691133486456
7.693241708272083,-1.2671665264010277,8.697736572737865,1.2553190985513694,0.15695691133486456
7.693241708272083,-1.2671665264010277,8.697736572737865,1.2553190985513694,0.15695691133486456
7.693241708272083,-1.2671665264010277,8.697736572737865,1.2553190985513694,0.15695691133486456
7.693241708272083,-1.2671665264010277,8.697736572737865,1.2553190985513694,0.15695691133486456
7.693241708272083,-1.2671665264010277,8.697736572737865,1.2553190985513694,0.15695691133486456
7.693241708272083,-1.2671665264010277,8.697736572737865,1.2553190985513694,0.15695691133486456
7.693241708272083,-1.2671665264010277,8.697736572737865,1.2553190985513694,0.15695691133486456
7.693241708272083,-1.2671665264010277,8.697736572737865,1.2553190985513694,0.15695691133486456
7.693241708272083,-1.2671665264010277,8.697736572737865,1.2553190985513694,0.15695691133486456
7.693241708272083,-1.2671665264010277,8.697736572737865,1.2553190985513694,0.15695691133486456
7.693241708272083,-1.2671665264010277,8.697736572737865,1.2553190985513694,0.15695691133486456
7.693241708272083,-1.2671665264010277,8.697736572737865,1.2553190985513694,0.15695691133486456
7.693241708272083,-1.2671665264010277,8.697736572737865,1.2553190985513694,0.15695691133486456
7.693241708272083,-1.2671665264010277,8.697736572737865,1.2553190985513694,0.15695691133486456
7.693241708272083,-1.2671665264010277,8.697736572737865,1.2553190985513694,0.15695691133486456
7.693241708272083,-1.2671665264010277,8.697736572737865,1.2553190985513694,0.15695691133486456
7.693241708272083,-1.2671665264010277,8.697736572737865,1.2553190985513694,0.15695691133486456
7.693241708272083,-1.2671665264010277,8.697736572737865,1.2553190985513694,0.15695691133486456
7.693241708272083,-1.2671665264010277,8.697736572737865,1.2553190985513694,0.15695691133486456
7.693241708272083,-1.2671665264010277,8.697736572737865,1.2553190985513694,0.15695691133486456
7.693241708272083,-1.2671665264010277,8.697736572737865,1.2553190985513694,0.15695691133486456
7.693241708272083,-1.2671665264010277,8.697736572737865,1.2553190985513694,0.15695691133486456
7.693241708272083,-1.2671665264010277,8.697736572737865,1.2553190985513694,0.15695691133486456
7.693241708272083,-1.2671665264010277,8.697736572737865,1.2553190985513694,0.15695691133486456
7.693241708272083,-1.2671665264010277,8.697736572737865,1.2553190985513694,0.15695691133486456
7.693241708272083,-1.2671665264010277,8.697736572737865,1.2553190985513694,0.15695691133486456
7.693241708272083,-1.2671665264010277,8.697736572737865,1.2553190985513694,0.15695691133486456
7.693241708272083,-1.2671665264010277,8.697736572737865,1.2553190985513694,0.15695691133486456
7.693241708272083,-1.2671665264010277,8.697736572737865,1.2553190985513694,0.15695691133486456
7.693241708272083,-1.2671665264010277,8.697736572737865,1.2553190985513694,0.15695691133486456
7.693241708272083,-1.2671665264010277,8.697736572737865,1.2553190985513694,0.15695691133486456
7.693241708272083,-1.2671665264010277,8.697736572737865,1.2553190985513694,0.15695691133486456
7.693241708272083,-1.2671665264010277,8.697736572737865,1.2553190985513694,0.15695691133486456
7.693241708272083,-1.2671665264010277,8.697736572737865,1.2553190985513694,0.15695691133486456
7.693241708272083,-1.2671665264010277,8.697736572737865,1.2553190985513694,0.15695691133486456
7.693241708272083,-1.2671665264010277,8.697736572737865,1.2553190985513694,0.15695691133486456
7.693241708272083,-1.2671665264010277,8.697736572737865,1.2553190985513694,0.15695691133486456
7.693241708272083,-1.2671665264010277,8.697736572737865,1.2553190985513694,0.15695691133486456
7.693241708272083,-1.2671665264010277,8.697736572737865,1.2553190985513694,0.15695691133486456
7.693241708272083,-1.2671665264010277,8.697736572737865,1.2553190985513694,0.15695691133486456
7.693241708272083,-1.2671665264010277,8.697736572737865,1.2553190985513694,0.15695691133486456
7.693241708272083,-1.2671665264010277,8.697736572737865,1.2553190985513694,0.15695691133486456
7.693241708272083,-1.2671665264010277,8.697736572737865,1.2553190985513694,0.15695691133486456
7.693241708272083,-1.2671665264010277,8.697736572737865,1.2553190985513694,0.15695691133486456
7.693241708272083,-1.2671665264010277,8.697736572737865,1.2553190985513694,0.15695691133486456
7.693241708272083,-1.2671665264010277,8.697736572737865,1.2553190985513694,0.15695691133486456
7.693241708272083,-1.2671665264010277,8.697736572737865,1.2553190985513694,0.15695691133486456
7.693241708272083,-1.2671665264010277,8.697736572737865,1.2553190985513694,0.15695691133486456
7.693241708272083,-1.2671665264010277,8.697736572737865,1.2553190985513694,0.15695691133486456
7.693241708272083,-1.2671665264010277,8.697736572737865,1.2553190985513694,0.15695691133486456
7.693241708272083,-1.2671665264010277,8.697736572737865,1.2553190985513694,0.15695691133486456
7.693241708272083,-1.2671665264010277,8.697736572737865,1.2553190985513694,0.15695691133486456
7.693241708272083,-1.2671665264010277,8.697736572737865,1.2553190985513694,0.15695691133486456
7.693241708272083,-1.2671665264010277,8.697736572737865,1.2553190985513694,0.15695691133486456
7.693241708272083,-1.2671665264010277,8.697736572737865,1.2553190985513694,0.15695691133486456
7.693241708272083,-1.2671665264010277,8.697736572737865,1.2553190985513694,0.15695691133486456
7.693241708272083,-1.2671665264010277,8.697736572737865,1.2553190985513694,0.15695691133486456
7.693241708272083,-1.2671665264010277,8.697736572737865,1.2553190985513694,0.15695691133486456
7.693241708272083,-1.2671665264010277,8.697736572737865,1.2553190985513694,0.15695691133486456
7.693241708272083,-1.2671665264010277,8.697736572737865,1.2553190985513694,0.15695691133486456
7.693241708272083,-1.2671665264010277,8.697736572737865,1.2553190985513694,0.15695691133486456
7.693241708272083,-1.2671665264010277,8.697736572737865,1.2553190985513694,0.15695691133486456
7.693241708272083,-1.2671665264010277,8.697736572737865,1.2553190985513694,0.15695691133486456
7.693241708272083,-1.2671665264010277,8.697736572737865,1.2553190985513694,0.15695691133486456
7.693241708272083,-1.2671665264010277,8.697736572737865,1.2553190985513694,0.15695691133486456
7.693241708272083,-1.2671665264010277,8.697736572737865,1.2553190985513694,0.15695691133486456
7.693241708272083,-1.2671665264010277,8.697736572737865,1.2553190985513694,0.15695691133486456
7.693241708272083,-1.2671665264010277,8.697736572737865,1.2553190985513694,0.15695691133486456
7.693241708272083,-1.2671665264010277,8.697736572737865,1.2553190985513694,0.15695691133486456
7.693241708272083,-1.2671665264010277,8.697736572737865,1.2553190985513694,0.15695691133486456
7.693241708272083,-1.2671665264010277,8.697736572737865,1.2553190985513694,0.15695691133486456
7.693241708272083,-1.2671665264010277,8.697736572737865,1.2553190985513694,0.15695691133486456
7.693241708272083,-1.2671665264010277,8.697736572737865,1.2553190985513694,0.15695691133486456
7.693241708272083,-1.2671665264010277,8.697736572737865,1.2553190985513694,0.15695691133486456
7.693241708272083,-1.2671665264010277,8.697736572737865,1.2553190985513694,0.15695691133486456
7.693241708272083,-1.2671665264010277,8.697736572737865,1.2553190985513694,0.15695691133486456
7.693241708272083,-1.2671665264010277,8.697736572737865,1.2553190985513694,0.15695691133486456
7.693241708272083,-1.2671665264010277,8.697736572737865,1.2553190985513694,0.15695691133486456
7.693241708272083,-1.2671665264010277,8.697736572737865,1.2553190985513694,0.15695691133486456
7.693241708272083,-1.2671665264010277,8.697736572737865,1.2553190985513694,0.15695691133486456
7.693241708272083,-1.2671665264010277,8.697736572737865,1.2553190985513694,0.15695691133486456
7.693241708272083,-1.2671665264010277,8.697736572737865,1.2553190985513694,0.15695691133486456
7.693241708272083,-1.2671665264010277,8.697736572737865,1.2553190985513694,0.15695691133486456
7.693241708272083,-1.2671665264010277,8.697736572737865,1.2553190985513694,0.15695691133486456
7.693241708272083,-1.2671665264010277,8.697736572737865,1.2553190985513694,0.15695691133486456
7.693241708272083,-1.2671665264010277,8.697736572737865,1.2553190985513694,0.15695691133486456
7.693241708272083,-1.2671665264010277,8.697736572737865,1.2553190985513694,0.15695691133486456
7.693241708272083,-1.2671665264010277,8.697736572737865,1.2553190985513694,0.15695691133486456
7.693241708272083,-1.2671665264010277,8.697736572737865,1.2553190985513694,0.15695691133486456
7.693241708272083,-1.2671665264010277,8.697736572737865,1.2553190985513694,0.15695691133486456
7.693241708272083,-1.2671665264010277,8.697736572737865,1.2553190985513694,0.15695691133486456
7.693241708272083,-1.2671665264010277,8.697736572737865,1.2553190985513694,0.15695691133486456
7.693241708272083,-1.2671665264010277,8.697736572737865,1.2553190985513694,0.15695691133486456
7.693241708272083,-1.2671665264010277,8.697736572737865,1.2553190985513694,0.15695691133486456
7.693241708272083,-1.2671665264010277,8.697736572737865,1.2553190985513694,0.15695691133486456
7.693241708272083,-1.2671665264010277,8.697736572737865,1.2553190985513694,0.15695691133486456
7.693241708272083,-1.2671665264010277,8.697736572737865,1.2553190985513694,0.15695691133486456
7.693241708272083,-1.2671665264010277,8.697736572737865,1.2553190985513694,0.15695691133486456
7.693241708272083,-1.2671665264010277,8.697736572737865,1.2553190985513694,0.15695691133486456
7.693241708272083,-1.2671665264010277,8.697736572737865,1.2553190985513694,0.15695691133486456
7.693241708272083,-1.2671665264010277,8.697736572737865,1.2553190985513694,0.15695691133486456
7.693241708272083,-1.2671665264010277,8.697736572737865,1.2553190985513694,0.15695691133486456
7.693241708272083,-1.2671665264010277,8.697736572737865,1.2553190985513694,0.15695691133486456
7.693241708272083,-1.2671665264010277,8.697736572737865,1.2553190985513694,0.15695691133486456
7.693241708272083,-1.2671665264010277,8.697736572737865,1.2553190985513694,0.15695691133486456
7.693241708272083,-1.2671665264010277,8.697736572737865,1.2553190985513694,0.15695691133486456
7.693241708272083,-1.2671665264010277,8.697736572737865,1.2553190985513694,0.15695691133486456
7.693241708272083,-1.2671665264010277,8.697736572737865,1.2553190985513694,0.15695691133486456
7.693241708272083,-1.2671665264010277,8.697736572737865,1.2553190985513694,0.15695691133486456
7.693241708272083,-1.2671665264010277,8.697736572737865,1.2553190985513694,0.15695691133486456
7.693241708272083,-1.2671665264010277,8.697736572737865,1.2553190985513694,0.15695691133486456
7.693241708272083,-1.2671665264010277,8.697736572737865,1.2553190985513694,0.15695691133486456
7.693241708272083,-1.2671665264010277,8.697736572737865,1.2553190985513694,0.15695691133486456
7.693241708272083,-1.2671665264010277,8.697736572737865,1.2553190985513694,0.15695691133486456
7.693241708272083,-1.2671665264010277,8.697736572737865,1.2553190985513694,0.15695691133486456
7.693241708272083,-1.2671665264010277,8.697736572737865,1.2553190985513694,0.15695691133486456
7.693241708272083,-1.2671665264010277,8.697736572737865,1.2553190985513694,0.15695691133486456
7.693241708272083,-1.2671665264010277,8.697736572737865,1.2553190985513694,0.15695691133486456
7.693241708272083,-1.2671665264010277,8.697736572737865,1.2553190985513694,0.15695691133486456
7.693241708272083,-1.2671665264010277,8.697736572737865,1.2553190985513694,0.15695691133486456
7.693241708272083,-1.2671665264010277,8.697736572737865,1.2553190985513694,0.15695691133486456
7.693241708272083,-1.2671665264010277,8.697736572737865,1.2553190985513694,0.15695691133486456
7.693241708272083,-1.2671665264010277,8.697736572737865,1.2553190985513694,0.15695691133486456
7.693241708272083,-1.2671665264010277,8.697736572737865,1.2553190985513694,0.15695691133486456
7.693241708272083,-1.2671665264010277,8.697736572737865,1.2553190985513694,0.15695691133486456
7.693241708272083,-1.2671665264010277,8.697736572737865,1.2553190985513694,0.15695691133486456
7.693241708272083,-1.2671665264010277,8.697736572737865,1.2553190985513694,0.15695691133486456
7.693241708272083,-1.2671665264010277,8.697736572737865,1.2553190985513694,0.15695691133486456
7.693241708272083,-1.2671665264010277,8.697736572737865,1.2553190985513694,0.15695691133486456
7.693241708272083,-1.2671665264010277,8.697736572737865,1.2553190985513694,0.15695691133486456
7.693241708272083,-1.2671665264010277,8.697736572737865,1.2553190985513694,0.15695691133486456
7.693241708272083,-1.2671665264010277,8.697736572737865,1.2553190985513694,0.15695691133486456
7.693241708272083,-1.2671665264010277,8.697736572737865,1.2553190985513694,0.15695691133486456
7.693241708272083,-1.2671665264010277,8.697736572737865,1.2553190985513694,0.15695691133486456
7.693241708272083,-1.2671665264010277,8.697736572737865,1.2553190985513694,0.15695691133486456
7.693241708272083,-1.2671665264010277,8.697736572737865,1.2553190985513694,0.15695691133486456
7.693241708272083,-1.2671665264010277,8.697736572737865,1.2553190985513694,0.15695691133486456
7.693241708272083,-1.2671665264010277,8.697736572737865,1.2553190985513694,0.15695691133486456
7.693241708272083,-1.2671665264010277,8.697736572737865,1.2553190985513694,0.15695691133486456
7.693241708272083,-1.2671665264010277,8.697736572737865,1.2553190985513694,0.15695691133486456
7.693241708272083,-1.2671665264010277,8.697736572737865,1.2553190985513694,0.15695691133486456
7.693241708272083,-1.2671665264010277,8.697736572737865,1.2553190985513694,0.15695691133486456
7.693241708272083,-1.2671665264010277,8.697736572737865,1.2553190985513694,0.15695691133486456
7.693241708272083,-1.2671665264010277,8.697736572737865,1.2553190985513694,0.15695691133486456
7.693241708272083,-1.2671665264010277,8.697736572737865,1.2553190985513694,0.15695691133486456
7.693241708272083,-1.2671665264010277,8.697736572737865,1.2553190985513694,0.15695691133486456
7.693241708272083,-1.2671665264010277,8.697736572737865,1.2553190985513694,0.15695691133486456
7.693241708272083,-1.2671665264010277,8.697736572737865,1.2553190985513694,0.15695691133486456
7.693241708272083,-1.2671665264010277,8.697736572737865,1.2553190985513694,0.15695691133486456
7.693241708272083,-1.2671665264010277,8.697736572737865,1.2553190985513694,0.15695691133486456
7.693241708272083,-1.2671665264010277,8.697736572737865,1.2553190985513694,0.15695691133486456
7.693241708272083,-1.2671665264010277,8.697736572737865,1.2553190985513694,0.15695691133486456
7.693241708272083,-1.2671665264010277,8.697736572737865,1.2553190985513694,0.15695691133486456
7.693241708272083,-1.2671665264010277,8.697736572737865,1.2553190985513694,0.15695691133486456
7.693241708272083,-1.2671665264010277,8.697736572737865,1.2553190985513694,0.15695691133486456
7.693241708272083,-1.2671665264010277,8.697736572737865,1.2553190985513694,0.15695691133486456
7.693241708272083,-1.2671665264010277,8.697736572737865,1.2553190985513694,0.15695691133486456
7.693241708272083,-1.2671665264010277,8.697736572737865,1.2553190985513694,0.15695691133486456
7.693241708272083,-1.2671665264010277,8.697736572737865,1.2553190985513694,0.15695691133486456
7.693241708272083,-1.2671665264010277,8.697736572737865,1.2553190985513694,0.15695691133486456
7.693241708272083,-1.2671665264010277,8.697736572737865,1.2553190985513694,0.15695691133486456
7.693241708272083,-1.2671665264010277,8.697736572737865,1.2553190985513694,0.15695691133486456
7.693241708272083,-1.2671665264010277,8.697736572737865,1.2553190985513694,0.15695691133486456
7.693241708272083,-1.2671665264010277,8.697736572737865,1.2553190985513694,0.15695691133486456
7.693241708272083,-1.2671665264010277,8.697736572737865,1.2553190985513694,0.15695691133486456
7.693241708272083,-1.2671665264010277,8.697736572737865,1.2553190985513694,0.15695691133486456
7.693241708272083,-1.2671665264010277,8.697736572737865,1.2553190985513694,0.15695691133486456
7.693241708272083,-1.2671665264010277,8.697736572737865,1.2553190985513694,0.15695691133486456
7.693241708272083,-1.2671665264010277,8.697736572737865,1.2553190985513694,0.15695691133486456
7.693241708272083,-1.2671665264010277,8.697736572737865,1.2553190985513694,0.15695691133486456
7.693241708272083,-1.2671665264010277,8.697736572737865,1.2553190985513694,0.15695691133486456
7.693241708272083,-1.2671665264010277,8.697736572737865,1.2553190985513694,0.15695691133486456
7.693241708272083,-1.2671665264010277,8.697736572737865,1.2553190985513694,0.15695691133486456
7.693241708272083,-1.2671665264010277,8.697736572737865,1.2553190985513694,0.15695691133486456
7.693241708272083,-1.2671665264010277,8.697736572737865,1.2553190985513694,0.15695691133486456
7.693241708272083,-1.2671665264010277,8.697736572737865,1.2553190985513694,0.15695691133486456
7.693241708272083,-1.2671665264010277,8.697736572737865,1.2553190985513694,0.15695691133486456
7.693241708272083,-1.2671665264010277,8.697736572737865,1.2553190985513694,0.15695691133486456
7.693241708272083,-1.2671665264010277,8.697736572737865,1.2553190985513694,0.15695691133486456
7.693241708272083,-1.2671665264010277,8.697736572737865,1.2553190985513694,0.15695691133486456
7.693241708272083,-1.2671665264010277,8.697736572737865,1.2553190985513694,0.15695691133486456
7.693241708272083,-1.2671665264010277,8.697736572737865,1.2553190985513694,0.15695691133486456
7.693241708272083,-1.2671665264010277,8.697736572737865,1.2553190985513694,0.15695691133486456
7.693241708272083,-1.2671665264010277,8.697736572737865,1.2553190985513694,0.15695691133486456
7.693241708272083,-1.2671665264010277,8.697736572737865,1.2553190985513694,0.15695691133486456
7.693241708272083,-1.2671665264010277,8.697736572737865,1.2553190985513694,0.15695691133486456
7.693241708272083,-1.2671665264010277,8.697736572737865,1.2553190985513694,0.15695691133486456
7.693241708272083,-1.2671665264010277,8.697736572737865,1.2553190985513694,0.15695691133486456
7.693241708272083,-1.2671665264010277,8.697736572737865,1.2553190985513694,0.15695691133486456
7.693241708272083,-1.2671665264010277,8.697736572737865,1.2553190985513694,0.15695691133486456
7.693241708272083,-1.2671665264010277,8.697736572737865,1.2553190985513694,0.15695691133486456
7.693241708272083,-1.2671665264010277,8.697736572737865,1.2553190985513694,0.15695691133486456
7.693241708272083,-1.2671665264010277,8.697736572737865,1.2553190985513694,0.15695691133486456
7.693241708272083,-1.2671665264010277,8.697736572737865,1.2553190985513694,0.15695691133486456
7.693241708272083,-1.2671665264010277,8.697736572737865,1.2553190985513694,0.15695691133486456
7.693241708272083,-1.2671665264010277,8.697736572737865,1.2553190985513694,0.15695691133486456
7.693241708272083,-1.2671665264010277,8.697736572737865,1.2553190985513694,0.15695691133486456
7.693241708272083,-1.2671665264010277,8.697736572737865,1.2553190985513694,0.15695691133486456
7.693241708272083,-1.2671665264010277,8.697736572737865,1.2553190985513694,0.15695691133486456
7.693241708272083,-1.2671665264010277,8.697736572737865,1.2553190985513694,0.15695691133486456
7.693241708272083,-1.2671665264010277,8.697736572737865,1.2553190985513694,0.15695691133486456
7.693241708272083,-1.2671665264010277,8.697736572737865,1.2553190985513694,0.15695691133486456
7.693241708272083,-1.2671665264010277,8.697736572737865,1.2553190985513694,0.15695691133486456
7.693241708272083,-1.2671665264010277,8.697736572737865,1.2553190985513694,0.15695691133486456
7.693241708272083,-1.2671665264010277,8.697736572737865,1.2553190985513694,0.15695691133486456
7.693241708272083,-1.2671665264010277,8.697736572737865,1.2553190985513694,0.15695691133486456
7.693241708272083,-1.2671665264010277,8.697736572737865,1.2553190985513694,0.15695691133486456
7.693241708272083,-1.2671665264010277,8.697736572737865,1.2553190985513694,0.15695691133486456
7.693241708272083,-1.2671665264010277,8.697736572737865,1.2553190985513694,0.15695691133486456
7.693241708272083,-1.2671665264010277,8.697736572737865,1.2553190985513694,0.15695691133486456
7.693241708272083,-1.2671665264010277,8.697736572737865,1.2553190985513694,0.15695691133486456
7.693241708272083,-1.2671665264010277,8.697736572737865,1.2553190985513694,0.15695691133486456
7.693241708272083,-1.2671665264010277,8.697736572737865,1.2553190985513694,0.15695691133486456
7.693241708272083,-1.2671665264010277,8.697736572737865,1.2553190985513694,0.15695691133486456
7.693241708272083,-1.2671665264010277,8.697736572737865,1.2553190985513694,0.15695691133486456
7.693241708272083,-1.2671665264010277,8.697736572737865,1.2553190985513694,0.15695691133486456
7.693241708272083,-1.2671665264010277,8.697736572737865,1.2553190985513694,0.15695691133486456
7.693241708272083,-1.2671665264010277,8.697736572737865,1.2553190985513694,0.15695691133486456
7.693241708272083,-1.2671665264010277,8.697736572737865,1.2553190985513694,0.15695691133486456
7.693241708272083,-1.2671665264010277,8.697736572737865,1.2553190985513694,0.15695691133486456
7.693241708272083,-1.2671665264010277,8.697736572737865,1.2553190985513694,0.15695691133486456
7.693241708272083,-1.2671665264010277,8.697736572737865,1.2553190985513694,0.15695691133486456
7.693241708272083,-1.2671665264010277,8.697736572737865,1.2553190985513694,0.15695691133486456
7.693241708272083,-1.2671665264010277,8.697736572737865,1.2553190985513694,0.15695691133486456
7.693241708272083,-1.2671665264010277,8.697736572737865,1.2553190985513694,0.15695691133486456
7.693241708272083,-1.2671665264010277,8.697736572737865,1.2553190985513694,0.15695691133486456
7.693241708272083,-1.2671665264010277,8.697736572737865,1.2553190985513694,0.15695691133486456
7.693241708272083,-1.2671665264010277,8.697736572737865,1.2553190985513694,0.15695691133486456
7.693241708272083,-1.2671665264010277,8.697736572737865,1.2553190985513694,0.15695691133486456
7.693241708272083,-1.2671665264010277,8.697736572737865,1.2553190985513694,0.15695691133486456
7.693241708272083,-1.2671665264010277,8.697736572737865,1.2553190985513694,0.15695691133486456
7.693241708272083,-1.2671665264010277,8.697736572737865,1.2553190985513694,0.15695691133486456
7.693241708272083,-1.2671665264010277,8.697736572737865,1.2553190985513694,0.15695691133486456
7.693241708272083,-1.2671665264010277,8.697736572737865,1.2553190985513694,0.15695691133486456
7.693241708272083,-1.2671665264010277,8.697736572737865,1.2553190985513694,0.15695691133486456
7.693241708272083,-1.2671665264010277,8.697736572737865,1.2553190985513694,0.15695691133486456
7.693241708272083,-1.2671665264010277,8.697736572737865,1.2553190985513694,0.15695691133486456
7.693241708272083,-1.2671665264010277,8.697736572737865,1.2553190985513694,0.15695691133486456
7.693241708272083,-1.2671665264010277,8.697736572737865,1.2553190985513694,0.15695691133486456
7.693241708272083,-1.2671665264010277,8.697736572737865,1.2553190985513694,0.15695691133486456
7.693241708272083,-1.2671665264010277,8.697736572737865,1.2553190985513694,0.15695691133486456
7.693241708272083,-1.2671665264010277,8.697736572737865,1.2553190985513694,0.15695691133486456
7.693241708272083,-1.2671665264010277,8.697736572737865,1.2553190985513694,0.15695691133486456
7.693241708272083,-1.2671665264010277,8.697736572737865,1.2553190985513694,0.15695691133486456
7.693241708272083,-1.2671665264010277,8.697736572737865,1.2553190985513694,0.15695691133486456
7.693241708272083,-1.2671665264010277,8.697736572737865,1.2553190985513694,0.15695691133486456
7.693241708272083,-1.2671665264010277,8.697736572737865,1.2553190985513694,0.15695691133486456
7.693241708272083,-1.2671665264010277,8.697736572737865,1.2553190985513694,0.15695691133486456
7.693241708272083,-1.2671665264010277,8.697736572737865,1.2553190985513694,0.15695691133486456
7.693241708272083,-1.2671665264010277,8.697736572737865,1.2553190985513694,0.15695691133486456
7.693241708272083,-1.2671665264010277,8.697736572737865,1.2553190985513694,0.15695691133486456
7.693241708272083,-1.2671665264010277,8.697736572737865,1.2553190985513694,0.15695691133486456
7.693241708272083,-1.2671665264010277,8.697736572737865,1.2553190985513694,0.15695691133486456
7.693241708272083,-1.2671665264010277,8.697736572737865,1.2553190985513694,0.15695691133486456
7.693241708272083,-1.2671665264010277,8.697736572737865,1.2553190985513694,0.15695691133486456
7.693241708272083,-1.2671665264010277,8.697736572737865,1.2553190985513694,0.15695691133486456
7.693241708272083,-1.2671665264010277,8.697736572737865,1.2553190985513694,0.15695691133486456
7.693241708272083,-1.2671665264010277,8.697736572737865,1.2553190985513694,0.15695691133486456
7.693241708272083,-1.2671665264010277,8.697736572737865,1.2553190985513694,0.15695691133486456
7.693241708272083,-1.2671665264010277,8.697736572737865,1.2553190985513694,0.15695691133486456
7.693241708272083,-1.2671665264010277,8.697736572737865,1.2553190985513694,0.15695691133486456
7.693241708272083,-1.2671665264010277,8.697736572737865,1.2553190985513694,0.15695691133486456
7.693241708272083,-1.2671665264010277,8.697736572737865,1.2553190985513694,0.15695691133486456
7.693241708272083,-1.2671665264010277,8.697736572737865,1.2553190985513694,0.15695691133486456
7.693241708272083,-1.2671665264010277,8.697736572737865,1.2553190985513694,0.15695691133486456
7.693241708272083,-1.2671665264010277,8.697736572737865,1.2553190985513694,0.15695691133486456
7.693241708272083,-1.2671665264010277,8.697736572737865,1.2553190985513694,0.15695691133486456
7.693241708272083,-1.2671665264010277,8.697736572737865,1.2553190985513694,0.15695691133486456
7.693241708272083,-1.2671665264010277,8.697736572737865,1.2553190985513694,0.15695691133486456
7.693241708272083,-1.2671665264010277,8.697736572737865,1.2553190985513694,0.15695691133486456
7.693241708272083,-1.2671665264010277,8.697736572737865,1.2553190985513694,0.15695691133486456
7.693241708272083,-1.2671665264010277,8.697736572737865,1.2553190985513694,0.15695691133486456
7.693241708272083,-1.2671665264010277,8.697736572737865,1.2553190985513694,0.15695691133486456
7.693241708272083,-1.2671665264010277,8.697736572737865,1.2553190985513694,0.15695691133486456
7.693241708272083,-1.2671665264010277,8.697736572737865,1.2553190985513694,0.15695691133486456
7.693241708272083,-1.2671665264010277,8.697736572737865,1.2553190985513694,0.15695691133486456
7.693241708272083,-1.2671665264010277,8.697736572737865,1.2553190985513694,0.15695691133486456
7.693241708272083,-1.2671665264010277,8.697736572737865,1.2553190985513694,0.15695691133486456
7.693241708272083,-1.2671665264010277,8.697736572737865,1.2553190985513694,0.15695691133486456
7.693241708272083,-1.2671665264010277,8.697736572737865,1.2553190985513694,0.15695691133486456
7.693241708272083,-1.2671665264010277,8.697736572737865,1.2553190985513694,0.15695691133486456
7.693241708272083,-1.2671665264010277,8.697736572737865,1.2553190985513694,0.15695691133486456
7.693241708272083,-1.2671665264010277,8.697736572737865,1.2553190985513694,0.15695691133486456
7.693241708272083,-1.2671665264010277,8.697736572737865,1.2553190985513694,0.15695691133486456
7.693241708272083,-1.2671665264010277,8.697736572737865,1.2553190985513694,0.15695691133486456
7.693241708272083,-1.2671665264010277,8.697736572737865,1.2553190985513694,0.15695691133486456
7.693241708272083,-1.2671665264010277,8.697736572737865,1.2553190985513694,0.15695691133486456
7.693241708272083,-1.2671665264010277,8.697736572737865,1.2553190985513694,0.15695691133486456
7.693241708272083,-1.2671665264010277,8.697736572737865,1.2553190985513694,0.15695691133486456
7.693241708272083,-1.2671665264010277,8.697736572737865,1.2553190985513694,0.15695691133486456
7.693241708272083,-1.2671665264010277,8.697736572737865,1.2553190985513694,0.15695691133486456
7.693241708272083,-1.2671665264010277,8.697736572737865,1.2553190985513694,0.15695691133486456
7.693241708272083,-1.2671665264010277,8.697736572737865,1.2553190985513694,0.15695691133486456
7.693241708272083,-1.2671665264010277,8.697736572737865,1.2553190985513694,0.15695691133486456
7.693241708272083,-1.2671665264010277,8.697736572737865,1.2553190985513694,0.15695691133486456
7.693241708272083,-1.2671665264010277,8.697736572737865,1.2553190985513694,0.15695691133486456
7.693241708272083,-1.2671665264010277,8.697736572737865,1.2553190985513694,0.15695691133486456
7.693241708272083,-1.2671665264010277,8.697736572737865,1.2553190985513694,0.15695691133486456
7.693241708272083,-1.2671665264010277,8.697736572737865,1.2553190985513694,0.15695691133486456
7.693241708272083,-1.2671665264010277,8.697736572737865,1.2553190985513694,0.15695691133486456
7.693241708272083,-1.2671665264010277,8.697736572737865,1.2553190985513694,0.15695691133486456
7.693241708272083,-1.2671665264010277,8.697736572737865,1.2553190985513694,0.15695691133486456
7.693241708272083,-1.2671665264010277,8.697736572737865,1.2553190985513694,0.15695691133486456
7.693241708272083,-1.2671665264010277,8.697736572737865,1.2553190985513694,0.15695691133486456
7.693241708272083,-1.2671665264010277,8.697736572737865,1.2553190985513694,0.15695691133486456
7.693241708272083,-1.2671665264010277,8.697736572737865,1.2553190985513694,0.15695691133486456
7.693241708272083,-1.2671665264010277,8.697736572737865,1.2553190985513694,0.15695691133486456
7.693241708272083,-1.2671665264010277,8.697736572737865,1.2553190985513694,0.15695691133486456
7.693241708272083,-1.2671665264010277,8.697736572737865,1.2553190985513694,0.15695691133486456
7.693241708272083,-1.2671665264010277,8.697736572737865,1.2553190985513694,0.15695691133486456
7.693241708272083,-1.2671665264010277,8.697736572737865,1.2553190985513694,0.15695691133486456
7.693241708272083,-1.2671665264010277,8.697736572737865,1.2553190985513694,0.15695691133486456
7.693241708272083,-1.2671665264010277,8.697736572737865,1.2553190985513694,0.15695691133486456
7.693241708272083,-1.2671665264010277,8.697736572737865,1.2553190985513694,0.15695691133486456
7.693241708272083,-1.2671665264010277,8.697736572737865,1.2553190985513694,0.15695691133486456
7.693241708272083,-1.2671665264010277,8.697736572737865,1.2553190985513694,0.15695691133486456
7.693241708272083,-1.2671665264010277,8.697736572737865,1.2553190985513694,0.15695691133486456
7.693241708272083,-1.2671665264010277,8.697736572737865,1.2553190985513694,0.15695691133486456
7.693241708272083,-1.2671665264010277,8.697736572737865,1.2553190985513694,0.15695691133486456
7.693241708272083,-1.2671665264010277,8.697736572737865,1.2553190985513694,0.15695691133486456
7.693241708272083,-1.2671665264010277,8.697736572737865,1.2553190985513694,0.15695691133486456
7.693241708272083,-1.2671665264010277,8.697736572737865,1.2553190985513694,0.15695691133486456
7.693241708272083,-1.2671665264010277,8.697736572737865,1.2553190985513694,0.15695691133486456
7.693241708272083,-1.2671665264010277,8.697736572737865,1.2553190985513694,0.15695691133486456
7.693241708272083,-1.2671665264010277,8.697736572737865,1.2553190985513694,0.15695691133486456
7.693241708272083,-1.2671665264010277,8.697736572737865,1.2553190985513694,0.15695691133486456
7.693241708272083,-1.2671665264010277,8.697736572737865,1.2553190985513694,0.15695691133486456
7.693241708272083,-1.2671665264010277,8.697736572737865,1.2553190985513694,0.15695691133486456
7.693241708272083,-1.2671665264010277,8.697736572737865,1.2553190985513694,0.15695691133486456
7.693241708272083,-1.2671665264010277,8.697736572737865,1.2553190985513694,0.15695691133486456
7.693241708272083,-1.2671665264010277,8.697736572737865,1.2553190985513694,0.15695691133486456
7.693241708272083,-1.2671665264010277,8.697736572737865,1.2553190985513694,0.15695691133486456
7.693241708272083,-1.2671665264010277,8.697736572737865,1.2553190985513694,0.15695691133486456
7.693241708272083,-1.2671665264010277,8.697736572737865,1.2553190985513694,0.15695691133486456
7.693241708272083,-1.2671665264010277,8.697736572737865,1.2553190985513694,0.15695691133486456
7.693241708272083,-1.2671665264010277,8.697736572737865,1.2553190985513694,0.15695691133486456
7.693241708272083,-1.2671665264010277,8.697736572737865,1.2553190985513694,0.15695691133486456
7.693241708272083,-1.2671665264010277,8.697736572737865,1.2553190985513694,0.15695691133486456
7.693241708272083,-1.2671665264010277,8.697736572737865,1.2553190985513694,0.15695691133486456
7.693241708272083,-1.2671665264010277,8.697736572737865,1.2553190985513694,0.15695691133486456
7.693241708272083,-1.2671665264010277,8.697736572737865,1.2553190985513694,0.15695691133486456
7.693241708272083,-1.2671665264010277,8.697736572737865,1.2553190985513694,0.15695691133486456
7.693241708272083,-1.2671665264010277,8.697736572737865,1.2553190985513694,0.15695691133486456
7.693241708272083,-1.2671665264010277,8.697736572737865,1.2553190985513694,0.15695691133486456
7.693241708272083,-1.2671665264010277,8.697736572737865,1.2553190985513694,0.15695691133486456
7.693241708272083,-1.2671665264010277,8.697736572737865,1.2553190985513694,0.15695691133486456
7.693241708272083,-1.2671665264010277,8.697736572737865,1.2553190985513694,0.15695691133486456
7.693241708272083,-1.2671665264010277,8.697736572737865,1.2553190985513694,0.15695691133486456
7.693241708272083,-1.2671665264010277,8.697736572737865,1.2553190985513694,0.15695691133486456
7.693241708272083,-1.2671665264010277,8.697736572737865,1.2553190985513694,0.15695691133486456
7.693241708272083,-1.2671665264010277,8.697736572737865,1.2553190985513694,0.15695691133486456
7.693241708272083,-1.2671665264010277,8.697736572737865,1.2553190985513694,0.15695691133486456
7.693241708272083,-1.2671665264010277,8.697736572737865,1.2553190985513694,0.15695691133486456
7.693241708272083,-1.2671665264010277,8.697736572737865,1.2553190985513694,0.15695691133486456
7.693241708272083,-1.2671665264010277,8.697736572737865,1.2553190985513694,0.15695691133486456
7.693241708272083,-1.2671665264010277,8.697736572737865,1.2553190985513694,0.15695691133486456
7.693241708272083,-1.2671665264010277,8.697736572737865,1.2553190985513694,0.15695691133486456
7.693241708272083,-1.2671665264010277,8.697736572737865,1.2553190985513694,0.15695691133486456
7.693241708272083,-1.2671665264010277,8.697736572737865,1.2553190985513694,0.15695691133486456
7.693241708272083,-1.2671665264010277,8.697736572737865,1.2553190985513694,0.15695691133486456
7.693241708272083,-1.2671665264010277,8.697736572737865,1.2553190985513694,0.15695691133486456
7.693241708272083,-1.2671665264010277,8.697736572737865,1.2553190985513694,0.15695691133486456
7.693241708272083,-1.2671665264010277,8.697736572737865,1.2553190985513694,0.15695691133486456
7.693241708272083,-1.2671665264010277,8.697736572737865,1.2553190985513694,0.15695691133486456
7.693241708272083,-1.2671665264010277,8.697736572737865,1.2553190985513694,0.15695691133486456
7.693241708272083,-1.2671665264010277,8.697736572737865,1.2553190985513694,0.15695691133486456
7.693241708272083,-1.2671665264010277,8.697736572737865,1.2553190985513694,0.15695691133486456
7.693241708272083,-1.2671665264010277,8.697736572737865,1.2553190985513694,0.15695691133486456
7.693241708272083,-1.2671665264010277,8.697736572737865,1.2553190985513694,0.15695691133486456
7.693241708272083,-1.2671665264010277,8.697736572737865,1.2553190985513694,0.15695691133486456
7.693241708272083,-1.2671665264010277,8.697736572737865,1.2553190985513694,0.15695691133486456
7.693241708272083,-1.2671665264010277,8.697736572737865,1.2553190985513694,0.15695691133486456
7.693241708272083,-1.2671665264010277,8.697736572737865,1.2553190985513694,0.15695691133486456
7.693241708272083,-1.2671665264010277,8.697736572737865,1.2553190985513694,0.15695691133486456
7.693241708272083,-1.2671665264010277,8.697736572737865,1.2553190985513694,0.15695691133486456
7.693241708272083,-1.2671665264010277,8.697736572737865,1.2553190985513694,0.15695691133486456
7.693241708272083,-1.2671665264010277,8.697736572737865,1.2553190985513694,0.15695691133486456
7.693241708272083,-1.2671665264010277,8.697736572737865,1.2553190985513694,0.15695691133486456
7.693241708272083,-1.2671665264010277,8.697736572737865,1.2553190985513694,0.15695691133486456
7.693241708272083,-1.2671665264010277,8.697736572737865,1.2553190985513694,0.15695691133486456
7.693241708272083,-1.2671665264010277,8.697736572737865,1.2553190985513694,0.15695691133486456
7.693241708272083,-1.2671665264010277,8.697736572737865,1.2553190985513694,0.15695691133486456
7.693241708272083,-1.2671665264010277,8.697736572737865,1.2553190985513694,0.15695691133486456
7.693241708272083,-1.2671665264010277,8.697736572737865,1.2553190985513694,0.15695691133486456
7.693241708272083,-1.2671665264010277,8.697736572737865,1.2553190985513694,0.15695691133486456
7.693241708272083,-1.2671665264010277,8.697736572737865,1.2553190985513694,0.15695691133486456
7.693241708272083,-1.2671665264010277,8.697736572737865,1.2553190985513694,0.15695691133486456
7.693241708272083,-1.2671665264010277,8.697736572737865,1.2553190985513694,0.15695691133486456
7.693241708272083,-1.2671665264010277,8.697736572737865,1.2553190985513694,0.15695691133486456
7.693241708272083,-1.2671665264010277,8.697736572737865,1.2553190985513694,0.15695691133486456
7.693241708272083,-1.2671665264010277,8.697736572737865,1.2553190985513694,0.15695691133486456
7.693241708272083,-1.2671665264010277,8.697736572737865,1.2553190985513694,0.15695691133486456
7.693241708272083,-1.2671665264010277,8.697736572737865,1.2553190985513694,0.15695691133486456
7.693241708272083,-1.2671665264010277,8.697736572737865,1.2553190985513694,0.15695691133486456
7.693241708272083,-1.2671665264010277,8.697736572737865,1.2553190985513694,0.15695691133486456
7.693241708272083,-1.2671665264010277,8.697736572737865,1.2553190985513694,0.15695691133486456
7.693241708272083,-1.2671665264010277,8.697736572737865,1.2553190985513694,0.15695691133486456
7.693241708272083,-1.2671665264010277,8.697736572737865,1.2553190985513694,0.15695691133486456
7.693241708272083,-1.2671665264010277,8.697736572737865,1.2553190985513694,0.15695691133486456
7.693241708272083,-1.2671665264010277,8.697736572737865,1.2553190985513694,0.15695691133486456
7.693241708272083,-1.2671665264010277,8.697736572737865,1.2553190985513694,0.15695691133486456
7.693241708272083,-1.2671665264010277,8.697736572737865,1.2553190985513694,0.15695691133486456
7.693241708272083,-1.2671665264010277,8.697736572737865,1.2553190985513694,0.15695691133486456
7.693241708272083,-1.2671665264010277,8.697736572737865,1.2553190985513694,0.15695691133486456
7.693241708272083,-1.2671665264010277,8.697736572737865,1.2553190985513694,0.15695691133486456
7.693241708272083,-1.2671665264010277,8.697736572737865,1.2553190985513694,0.15695691133486456
7.693241708272083,-1.2671665264010277,8.697736572737865,1.2553190985513694,0.15695691133486456
7.693241708272083,-1.2671665264010277,8.697736572737865,1.2553190985513694,0.15695691133486456
7.693241708272083,-1.2671665264010277,8.697736572737865,1.2553190985513694,0.15695691133486456
7.693241708272083,-1.2671665264010277,8.697736572737865,1.2553190985513694,0.15695691133486456
7.693241708272083,-1.2671665264010277,8.697736572737865,1.2553190985513694,0.15695691133486456
7.693241708272083,-1.2671665264010277,8.697736572737865,1.2553190985513694,0.15695691133486456
7.693241708272083,-1.2671665264010277,8.697736572737865,1.2553190985513694,0.15695691133486456
7.693241708272083,-1.2671665264010277,8.697736572737865,1.2553190985513694,0.15695691133486456
7.693241708272083,-1.2671665264010277,8.697736572737865,1.2553190985513694,0.15695691133486456
7.693241708272083,-1.2671665264010277,8.697736572737865,1.2553190985513694,0.15695691133486456
7.693241708272083,-1.2671665264010277,8.697736572737865,1.2553190985513694,0.15695691133486456
7.693241708272083,-1.2671665264010277,8.697736572737865,1.2553190985513694,0.15695691133486456
7.693241708272083,-1.2671665264010277,8.697736572737865,1.2553190985513694,0.15695691133486456
7.693241708272083,-1.2671665264010277,8.697736572737865,1.2553190985513694,0.15695691133486456
7.693241708272083,-1.2671665264010277,8.697736572737865,1.2553190985513694,0.15695691133486456
7.693241708272083,-1.2671665264010277,8.697736572737865,1.2553190985513694,0.15695691133486456
7.693241708272083,-1.2671665264010277,8.697736572737865,1.2553190985513694,0.15695691133486456
7.693241708272083,-1.2671665264010277,8.697736572737865,1.2553190985513694,0.15695691133486456
7.693241708272083,-1.2671665264010277,8.697736572737865,1.2553190985513694,0.15695691133486456
7.693241708272083,-1.2671665264010277,8.697736572737865,1.2553190985513694,0.15695691133486456
7.693241708272083,-1.2671665264010277,8.697736572737865,1.2553190985513694,0.15695691133486456
7.693241708272083,-1.2671665264010277,8.697736572737865,1.2553190985513694,0.15695691133486456
7.693241708272083,-1.2671665264010277,8.697736572737865,1.2553190985513694,0.15695691133486456
7.693241708272083,-1.2671665264010277,8.697736572737865,1.2553190985513694,0.15695691133486456
7.693241708272083,-1.2671665264010277,8.697736572737865,1.2553190985513694,0.15695691133486456
7.693241708272083,-1.2671665264010277,8.697736572737865,1.2553190985513694,0.15695691133486456
7.693241708272083,-1.2671665264010277,8.697736572737865,1.2553190985513694,0.15695691133486456
7.693241708272083,-1.2671665264010277,8.697736572737865,1.2553190985513694,0.15695691133486456
7.693241708272083,-1.2671665264010277,8.697736572737865,1.2553190985513694,0.15695691133486456
7.693241708272083,-1.2671665264010277,8.697736572737865,1.2553190985513694,0.15695691133486456
7.693241708272083,-1.2671665264010277,8.697736572737865,1.2553190985513694,0.15695691133486456
7.693241708272083,-1.2671665264010277,8.697736572737865,1.2553190985513694,0.15695691133486456
7.693241708272083,-1.2671665264010277,8.697736572737865,1.2553190985513694,0.15695691133486456
7.693241708272083,-1.2671665264010277,8.697736572737865,1.2553190985513694,0.15695691133486456
7.693241708272083,-1.2671665264010277,8.697736572737865,1.2553190985513694,0.15695691133486456
7.693241708272083,-1.2671665264010277,8.697736572737865,1.2553190985513694,0.15695691133486456
7.693241708272083,-1.2671665264010277,8.697736572737865,1.2553190985513694,0.15695691133486456
7.693241708272083,-1.2671665264010277,8.697736572737865,1.2553190985513694,0.15695691133486456
7.693241708272083,-1.2671665264010277,8.697736572737865,1.2553190985513694,0.15695691133486456
7.693241708272083,-1.2671665264010277,8.697736572737865,1.2553190985513694,0.15695691133486456
7.693241708272083,-1.2671665264010277,8.697736572737865,1.2553190985513694,0.15695691133486456
7.693241708272083,-1.2671665264010277,8.697736572737865,1.2553190985513694,0.15695691133486456
7.693241708272083,-1.2671665264010277,8.697736572737865,1.2553190985513694,0.15695691133486456
7.693241708272083,-1.2671665264010277,8.697736572737865,1.2553190985513694,0.15695691133486456
7.693241708272083,-1.2671665264010277,8.697736572737865,1.2553190985513694,0.15695691133486456
7.693241708272083,-1.2671665264010277,8.697736572737865,1.2553190985513694,0.15695691133486456
7.693241708272083,-1.2671665264010277,8.697736572737865,1.2553190985513694,0.15695691133486456
7.693241708272083,-1.2671665264010277,8.697736572737865,1.2553190985513694,0.15695691133486456
7.693241708272083,-1.2671665264010277,8.697736572737865,1.2553190985513694,0.15695691133486456
7.693241708272083,-1.2671665264010277,8.697736572737865,1.2553190985513694,0.15695691133486456
7.693241708272083,-1.2671665264010277,8.697736572737865,1.2553190985513694,0.15695691133486456
7.693241708272083,-1.2671665264010277,8.697736572737865,1.2553190985513694,0.15695691133486456
7.693241708272083,-1.2671665264010277,8.697736572737865,1.2553190985513694,0.15695691133486456
7.693241708272083,-1.2671665264010277,8.697736572737865,1.2553190985513694,0.15695691133486456
7.693241708272083,-1.2671665264010277,8.697736572737865,1.2553190985513694,0.15695691133486456
