t_gyr,reference_sfr,accumulated_sfr,spatial_excess_dex
0.0,0.01752770579149763,0.026291558687246443,0.17609125905568124
0.001,0.017527703027758825,0.026291542731723044,0.17609106397470406
0.002,0.01752769474152133,0.026291494957581964,0.17609048013429668
0.003,0.01752768094024727,0.02629141550304418,0.17608950963009615
0.004,0.017527661631390426,0.02629130450576893,0.1760881545469256
0.005,0.01752763682239625,0.02629116210285595,0.17608641695885816
0.006,0.017527606520701875,0.026290988430847748,0.1760842989292802
0.007,0.017527570733736106,0.02629078362573186,0.17608180251095443
0.008,0.017527529468919462,0.026290547822943117,0.1760789297460824
0.009000000000000001,0.01752748273366415,0.026290281157365834,0.17607568266636667
0.01,0.0175274305353741,0.026289983763336078,0.17607206329307232
0.011,0.017527372881444955,0.026289655774643858,0.17606807363708812
0.012,0.017527309779264096,0.02628929732453536,0.17606371569898768
0.013000000000000001,0.017527241236210644,0.026288908545715126,0.17605899146908907
0.014,0.017527167259655457,0.026288489570348246,0.17605390292751572
0.015,0.01752708785696116,0.02628804053006255,0.17604845204425495
0.016,0.01752700303548214,0.026287561555950793,0.17604264077921786
0.017,0.01752691280256456,0.026287052778572767,0.1760364710822973
0.018000000000000002,0.01752681716554637,0.02628651432795754,0.17602994489342685
0.019,0.0175267161317573,0.026285946333605512,0.17602306414263774
0.02,0.0175266097085189,0.026285348924490626,0.1760158307501174
0.021,0.017526497903144502,0.026284722229062453,0.17600824662626582
0.022,0.017526380722939286,0.026284066375248348,0.17600031367175215
0.023,0.017526258175200246,0.026283381490455525,0.1759920337775712
0.024,0.017526130267216205,0.026282667701573198,0.1759834088250996
0.025,0.017525997006267842,0.026281925134974626,0.17597444068615029
0.026000000000000002,0.017525858399627683,0.026281153916519286,0.1759651312230291
0.027,0.017525714454560117,0.026280354171554835,0.1759554822885878
0.028,0.017525565178321406,0.026279526024919293,0.1759454957262798
0.029,0.017525410578159692,0.02627866960094303,0.1759351733702134
0.03,0.017525250661315002,0.02627778502345085,0.17592451704520556
0.031,0.01752508543501926,0.02627687241576403,0.17591352856683523
0.032,0.0175249149064963,0.026275931900702362,0.17590220974149595
0.033,0.01752473908296186,0.026274963600586156,0.17589056236644854
0.034,0.017524557971623615,0.026273967637238316,0.1758785882298734
0.035,0.017524371579681154,0.02627294413198629,0.17586628911092195
0.036000000000000004,0.01752417991432603,0.02627189320566411,0.17585366677976794
0.037,0.017523982982741715,0.026270814978614374,0.17584072299765932
0.038,0.01752378079210367,0.026269709570690247,0.1758274595169677
0.039,0.017523573349579293,0.026268577101257434,0.17581387808124033
0.04,0.017523360662327972,0.026267417689196142,0.1757999804252486
0.041,0.017523142737501083,0.02626623145290307,0.17578576827503878
0.042,0.017522919582241975,0.026265018510293323,0.1757712433479809
0.043000000000000003,0.017522691203686012,0.0262637789788024,0.17575640735281783
0.044,0.017522457608960568,0.02626251297538813,0.17574126198971424
0.045,0.017522218805185022,0.02626122061653257,0.17572580895030476
0.046,0.01752197479947079,0.026259902018243964,0.17571004991774175
0.047,0.01752172559892132,0.02625855729605865,0.17569398656674376
0.048,0.017521471210632092,0.026257186565042973,0.17567762056364247
0.049,0.01752121164169066,0.02625578993979518,0.1756609535664295
0.05,0.01752094689917661,0.026254367534447293,0.17564398722480376
0.051000000000000004,0.017520676990161625,0.026252919462667043,0.17562672318021746
0.052000000000000005,0.017520401921709443,0.026251445837659714,0.17560916306592264
0.053,0.017520121700875895,0.026249946772170015,0.17559130850701662
0.054,0.017519836334708907,0.02624842237848396,0.17557316112048804
0.055,0.01751954583024851,0.0262468727684307,0.1755547225152611
0.056,0.017519250194526832,0.026245298053384394,0.17553599429224212
0.057,0.01751894943456814,0.026243698344266052,0.1755169780443626
0.058,0.017518643557388816,0.026242073751545327,0.17549767535662403
0.059000000000000004,0.01751833256999738,0.026240424385242392,0.1754780878061425
0.06,0.017518016479394497,0.026238750354929733,0.175458216962192
0.061,0.017517695292572983,0.026237051769733948,0.17543806438624754
0.062,0.01751736901651782,0.02623532873833759,0.17541763163202906
0.063,0.017517037658206152,0.026233581368980935,0.17539692024554418
0.064,0.01751670122460731,0.02623180976946375,0.17537593176512975
0.065,0.01751635972268281,0.026230014047147136,0.17535466772149577
0.066,0.017516013159386355,0.026228194308955247,0.17533312963776662
0.067,0.017515661541663858,0.026226350661377074,0.17531131902952254
0.068,0.01751530487645344,0.026224483210468233,0.17528923740484198
0.069,0.01751494317068544,0.02622259206185266,0.17526688626434203
0.07,0.017514576431282434,0.026220677320724427,0.17524426710121985
0.07100000000000001,0.01751420466515922,0.026218739091849425,0.1752213814012934
0.07200000000000001,0.017513827879222864,0.026216777479567126,0.17519823064304132
0.073,0.017513446080372655,0.026214792587792288,0.17517481629764395
0.074,0.017513059275500165,0.02621278452001669,0.1751511398290223
0.075,0.01751266747148923,0.026210753379310843,0.17512720269387863
0.076,0.01751227067521596,0.026208699268325683,0.17510300634173512
0.077,0.017511868893548756,0.026206622289294282,0.1750785522149736
0.078,0.017511462133348307,0.026204522544033517,0.1750538417488738
0.079,0.017511050401467613,0.026202400133945772,0.17502887637165246
0.08,0.01751063370475198,0.026200255160020613,0.17500365750450145
0.081,0.017510212050039033,0.026198087722836463,0.1749781865616264
0.082,0.01750978544415872,0.026195897922562238,0.1749524649502839
0.083,0.01750935389393334,0.02619368585895904,0.17492649407081945
0.084,0.017508917406177514,0.026191451631381778,0.17490027531670507
0.085,0.017508475987698235,0.026189195338780828,0.17487381007457617
0.08600000000000001,0.01750802964529484,0.026186917079703675,0.17484709972426898
0.08700000000000001,0.017507578385759042,0.026184616952296506,0.1748201456388564
0.088,0.017507122215874936,0.026182295054305894,0.17479294918468524
0.089,0.017506661142418986,0.026179951483080353,0.17476551172141222
0.09,0.01750619517216007,0.02617758633557199,0.17473783460203957
0.091,0.01750572431185944,0.026175199708338093,0.17470991917295173
0.092,0.017505248568270782,0.02617279169754272,0.17468176677394973
0.093,0.017504767948140185,0.026170362398958313,0.17465337873828748
0.094,0.017504282458206167,0.02616791190796727,0.17462475639270647
0.095,0.017503792105199686,0.026165440319563513,0.17459590105747033
0.096,0.017503296895844123,0.02616294772835407,0.17456681404640048
0.097,0.017502796836855326,0.02616043422856064,0.17453749666690924
0.098,0.0175022919349416,0.02615789991402116,0.17450795022003507
0.099,0.0175017821968037,0.026155344878191333,0.17447817600047627
0.1,0.01750126762913487,0.026152769214146204,0.17444817529662454
0.101,0.01750074823862084,0.026150173014581675,0.17441794939059882
0.10200000000000001,0.017500224031939807,0.02614755637181606,0.17438749955827873
0.10300000000000001,0.017499695015762488,0.0261449193777916,0.1743568270693376
0.10400000000000001,0.017499161196752093,0.02614226212407597,0.17432593318727518
0.105,0.017498622581564354,0.02613958470186383,0.1742948191694506
0.106,0.017498079176847522,0.026136887201978324,0.1742634862671155
0.107,0.017497530989242376,0.026134169714872545,0.1742319357254452
0.108,0.017496978025382238,0.026131432330631088,0.17420016878357175
0.109,0.017496420291892963,0.026128675138971498,0.17416818667461564
0.11,0.017495857795392984,0.02612589822924578,0.17413599062571708
0.111,0.01749529054249327,0.026123101690441866,0.17410358185806854
0.112,0.01749471853979737,0.026120285611185092,0.17407096158694513
0.113,0.017494141793901418,0.02611745007973966,0.17403813102173607
0.114,0.017493560311394124,0.026114595184010117,0.17400509136597614
0.115,0.0174929740988568,0.026111721011542778,0.17397184381737543
0.116,0.01749238316286335,0.026108827649527207,0.1739383895678511
0.117,0.0174917875099803,0.026105915184797636,0.17390472980355673
0.11800000000000001,0.01749118714676677,0.026102983703834428,0.17387086570491367
0.11900000000000001,0.017490582079774542,0.02610003329276548,0.17383679844663943
0.12,0.017489972315547997,0.026097064037367675,0.1738025291977795
0.121,0.01748935786062417,0.026094076023068277,0.17376805912173532
0.122,0.017488738721532747,0.02609106933494637,0.1737333893762948
0.123,0.01748811490479608,0.02608804405773426,0.17369852111366071
0.124,0.017487486416929165,0.02608500027581886,0.17366345548048118
0.125,0.01748685326443968,0.0260819380732431,0.1736281936178771
0.126,0.017486215453827985,0.026078857533707346,0.17359273666147207
0.127,0.017485572991587137,0.02607575874057072,0.17355708574141987
0.128,0.01748492588420287,0.026072641776852555,0.17352124198243415
0.129,0.017484274138153632,0.026069506725233716,0.1734852065038158
0.13,0.017483617759910586,0.02606635366805799,0.1734489804194811
0.131,0.017482956755937612,0.026063182687333465,0.17341256483798997
0.132,0.017482291132691313,0.02605999386473385,0.17337596086257345
0.133,0.01748162089662103,0.02605678728159986,0.17333916959116133
0.134,0.01748094605416885,0.02605356301894055,0.17330219211640951
0.135,0.01748026661176961,0.02605032115743466,0.17326502952572728
0.136,0.017479582575850895,0.026047061777431952,0.1732276829013044
0.137,0.01747889395283307,0.02604378495895454,0.17319015332013793
0.138,0.017478200749129275,0.026040490781698226,0.1731524418540592
0.139,0.017477502971145413,0.026037179325033785,0.17311454956976008
0.14,0.0174768006252802,0.02603385066800832,0.17307647752881944
0.14100000000000001,0.01747609371792513,0.026030504889346568,0.17303822678772993
0.14200000000000002,0.017475382255464512,0.02602714206745218,0.17299979839792348
0.14300000000000002,0.017474666244275468,0.026023762280409014,0.17296119340579716
0.14400000000000002,0.017473945690727934,0.026020365605982494,0.17292241285273993
0.145,0.01747322060118468,0.02601695212162082,0.1728834577751574
0.146,0.017472490982001307,0.02601352190445628,0.1728443292044972
0.147,0.01747175683952626,0.026010075031306548,0.17280502816727542
0.148,0.017471018180100842,0.02600661157867594,0.17276555568510038
0.149,0.017470275010059204,0.02600313162275668,0.17272591277469906
0.15,0.017469527335728374,0.025999635239430163,0.17268610044794078
0.151,0.017468775163428242,0.025996122504268207,0.17264611971186278
0.152,0.017468018499471587,0.02599259349253433,0.17260597156869445
0.153,0.01746725735016408,0.025989048279184985,0.17256565701588197
0.154,0.01746649172180428,0.025985486938870775,0.17252517704611256
0.155,0.017465721620683657,0.025981909545937737,0.17248453264733843
0.156,0.017464947053086592,0.02597831617442854,0.17244372480280112
0.157,0.017464168025290387,0.025974706898083722,0.17240275449105516
0.158,0.01746338454356526,0.02597108179034293,0.1723616226859923
0.159,0.017462596614174385,0.0259674409243461,0.17232033035686412
0.16,0.017461804243373857,0.025963784372934715,0.1722788784683068
0.161,0.01746100743741273,0.02596011220865296,0.17223726798036318
0.162,0.017460206202533024,0.025956424503748993,0.17219549984850707
0.163,0.017459400544969708,0.025952721330176065,0.17215357502366538
0.164,0.017458590470950726,0.025949002759593782,0.17211149445224197
0.165,0.017457775986697018,0.025945268863369248,0.1720692590761392
0.166,0.017456957098422494,0.025941519712578263,0.17202686983278195
0.167,0.017456133812334067,0.02593775537800652,0.1719843276551395
0.168,0.01745530613463165,0.025933975930150736,0.1719416334717475
0.169,0.01745447407150817,0.025930181439219865,0.1718987882067311
0.17,0.017453637629149567,0.02592637197513624,0.17185579277982654
0.171,0.01745279681373481,0.025922547607536737,0.17181264810640332
0.17200000000000001,0.01745195163143589,0.025918708405773927,0.17176935509748623
0.17300000000000001,0.017451102088417856,0.025914854438917233,0.17172591465977669
0.17400000000000002,0.01745024819083879,0.02591098577575407,0.17168232769567468
0.17500000000000002,0.017449389944849836,0.025907102484790986,0.17163859510330037
0.176,0.0174485273565952,0.025903204634254814,0.1715947177765154
0.177,0.017447660432212152,0.025899292292093777,0.17155069660494376
0.178,0.01744678917783104,0.02589536552597863,0.17150653247399372
0.179,0.017445913599575303,0.025891424403303782,0.17146222626487792
0.18,0.017445033703561475,0.025887468991188413,0.17141777885463472
0.181,0.01744414949589917,0.025883499356477612,0.1713731911161499
0.182,0.017443260982691132,0.02587951556574342,0.17132846391817516
0.183,0.01744236817003321,0.02587551768528601,0.17128359812535063
0.184,0.017441471064014367,0.02587150578113475,0.17123859459822455
0.185,0.017440569670716704,0.02586747991904929,0.17119345419327342
0.186,0.017439663996215455,0.025863440164520676,0.17114817776292246
0.187,0.017438754046579002,0.025859386582772433,0.1711027661555656
0.188,0.017437839827868874,0.02585531923876163,0.17105722021558548
0.189,0.01743692134613976,0.02585123819717999,0.17101154078337338
0.19,0.01743599860743951,0.025847143522454916,0.17096572869534854
0.191,0.01743507161780915,0.02584303527875062,0.17091978478397865
0.192,0.017434140383282892,0.025838913529969122,0.17087370987779807
0.193,0.01743320490988813,0.025834778339751382,0.17082750480142847
0.194,0.01743226520364545,0.0258306297714783,0.17078117037559779
0.195,0.017431321270568647,0.025826467888271785,0.1707347074171587
0.196,0.017430373116664722,0.025822292752995822,0.17068811673910886
0.197,0.017429420747933896,0.025818104428257486,0.1706413991506087
0.198,0.017428464170369605,0.02581390297640801,0.17059455545700153
0.199,0.017427503389958528,0.025809688459543796,0.17054758645983115
0.2,0.01742653841268058,0.02580546093950746,0.17050049295686104
0.201,0.01742556924450891,0.025801220477888846,0.1704532757420929
0.202,0.017424595891409937,0.02579696713602608,0.17040593560578546
0.203,0.017423618359343328,0.025792700975006546,0.17035847333447168
0.20400000000000001,0.017422636654262028,0.025788422055667934,0.17031088971097827
0.20500000000000002,0.017421650782112247,0.02578413043859923,0.1702631855144431
0.20600000000000002,0.01742066074883348,0.025779826184141742,0.1702153615203337
0.20700000000000002,0.017419666560358517,0.025775509352390077,0.1701674185004643
0.20800000000000002,0.017418668222613433,0.02577118000319316,0.17011935722301486
0.209,0.017417665741517614,0.025766838196155224,0.17007117845254818
0.21,0.01741665912298376,0.025762483990636794,0.1700228829500273
0.211,0.01741564837291788,0.025758117445755672,0.16997447147283348
0.212,0.01741463349721932,0.025753738620387944,0.1699259447747836
0.213,0.017413614501780743,0.025749347573168914,0.1698773036061474
0.214,0.01741259139248816,0.02574494436249411,0.16982854871366454
0.215,0.017411564175220936,0.025740529046520258,0.16977968084056214
0.216,0.017410532855851778,0.025736101683166222,0.16973070072657145
0.217,0.017409497440246748,0.025731662330113994,0.16968160910794558
0.218,0.017408457934265296,0.025727211044809625,0.16963240671747487
0.219,0.01740741434376023,0.025722747884464228,0.1695830942845058
0.22,0.01740636667457775,0.025718272906054863,0.16953367253495552
0.221,0.017405314932557443,0.025713786166325518,0.16948414219132968
0.222,0.017404259123532287,0.02570928772178808,0.16943450397273904
0.223,0.017403199253328668,0.025704777628723224,0.16938475859491517
0.224,0.01740213532776638,0.025700255943181368,0.16933490677022733
0.225,0.017401067352658638,0.02569572272098362,0.16928494920769832
0.226,0.017399995333812084,0.02569117801772269,0.16923488661302094
0.227,0.017398919277026782,0.025686621888763812,0.16918471968857393
0.228,0.017397839188096235,0.02568205438924568,0.16913444913343825
0.229,0.01739675507280741,0.025677475574081343,0.16908407564341188
0.23,0.017395666936940703,0.025672885497959135,0.16903359991102698
0.231,0.017394574786269983,0.025668284215343586,0.16898302262556505
0.232,0.01739347862656258,0.02566367178047632,0.16893234447307245
0.233,0.017392378463579307,0.025659048247376956,0.16888156613637573
0.234,0.017391274303074446,0.025654413669844,0.16883068829509776
0.23500000000000001,0.017390166150795777,0.025649768101455778,0.16877971162567257
0.23600000000000002,0.017389054012484566,0.025645111595571257,0.1687286368013607
0.23700000000000002,0.017387937893875587,0.02564044420533101,0.1686774644922647
0.23800000000000002,0.01738681780069712,0.025635765983658035,0.1686261953653438
0.23900000000000002,0.01738569373867096,0.025631076983258692,0.16857483008442953
0.24,0.017384565713512424,0.025626377256623534,0.16852336931024023
0.241,0.017383433730930365,0.0256216668560282,0.16847181370039588
0.242,0.01738229779662716,0.025616945833534292,0.1684201639094336
0.243,0.017381157916298743,0.025612214240990215,0.16836842058882123
0.244,0.017380014095634597,0.02560747213003209,0.16831658438697306
0.245,0.017378866340317746,0.02560271955208454,0.16826465594926387
0.246,0.0173777146560248,0.025597956558361622,0.16821263591804336
0.247,0.017376559048425926,0.025593183199867614,0.16816052493265063
0.248,0.017375399523184874,0.02558839952739792,0.1681083236294291
0.249,0.01737423608595897,0.025583605591539875,0.1680560326417398
0.25,0.017373068742399154,0.025578801442673597,0.16800365259997577
0.251,0.01737189749814994,0.02557398713097285,0.16795118413157722
0.252,0.017370722358849462,0.025569162706405826,0.1678986278610436
0.253,0.01736954333012946,0.025564328218736047,0.16784598440994972
0.254,0.017368360417615296,0.025559483717523136,0.1677932543969582
0.255,0.017367173626925962,0.02555462925212366,0.16774043843783326
0.256,0.017365982963674066,0.02554976487169197,0.16768753714545587
0.257,0.017364788433465877,0.025544890625180984,0.16763455112983522
0.258,0.017363590041901304,0.025540006561343052,0.16758148099812453
0.259,0.0173623877945739,0.0255351127287307,0.16752832735463266
0.26,0.017361181697070883,0.02553020917569751,0.16747509080083936
0.261,0.017359971754973155,0.025525295950398874,0.16742177193540655
0.262,0.01735875797385526,0.02552037310079282,0.16736837135419402
0.263,0.017357540359285446,0.025515440674640805,0.16731488965027044
0.264,0.017356318916825646,0.025510498719508508,0.16726132741392793
0.265,0.017355093652031476,0.02550554728276663,0.16720768523269489
0.266,0.017353864570452262,0.025500586411591676,0.16715396369134847
0.267,0.017352631677631035,0.025495616152966753,0.16710016337192843
0.268,0.017351394979104536,0.025490636553682316,0.1670462848537489
0.269,0.017350154480403245,0.025485647660337004,0.16699232871341219
0.27,0.017348910187051345,0.02548064951933838,0.16693829552482117
0.271,0.017347662104566768,0.02547564217690369,0.1668841858591918
0.272,0.01734641023846119,0.025470625679060693,0.16683000028506598
0.273,0.01734515459424002,0.025465600071648362,0.16677573936832435
0.274,0.017343895177402435,0.025460565400317686,0.16672140367219793
0.275,0.017342631993441375,0.02545552171053242,0.16666699375728122
0.276,0.017341365047843536,0.02545046904756984,0.16661251018154474
0.277,0.0173400943460894,0.02544540745652151,0.16655795350034655
0.278,0.017338819893653226,0.025440336982294025,0.16650332426644526
0.279,0.01733754169600306,0.025435257669609745,0.1664486230300116
0.28,0.01733625975860074,0.02543016956300758,0.1663938503386411
0.281,0.017334974086901923,0.02542507270684369,0.16633900673736532
0.28200000000000003,0.017333684686356047,0.025419967145292245,0.1662840927686648
0.28300000000000003,0.017332391562406384,0.02541485292234618,0.16622910897248044
0.28400000000000003,0.017331094720490024,0.02540973008181787,0.16617405588622486
0.28500000000000003,0.01732979416603788,0.02540459866733994,0.1661189340447955
0.28600000000000003,0.017328489904474713,0.025399458722365934,0.16606374398058507
0.28700000000000003,0.017327181941219096,0.02539431029017105,0.16600848622349415
0.28800000000000003,0.017325870281683486,0.02538915341385288,0.1659531613009418
0.289,0.017324554931274175,0.025383988136332133,0.16589776973787831
0.29,0.01732323589539131,0.025378814500353297,0.1658423120567958
0.291,0.017321913179428924,0.02537363254848543,0.1657867887777398
0.292,0.017320586788774912,0.025368442323122818,0.16573120041832104
0.293,0.017319256728811055,0.02536324386648569,0.16567554749372612
0.294,0.017317923004913017,0.025358037220620952,0.16561983051672974
0.295,0.017316585622450354,0.025352822427402832,0.16556404999770463
0.296,0.017315244586786533,0.025347599528533646,0.16550820644463374
0.297,0.01731389990327892,0.025342368565544435,0.16545230036312053
0.298,0.017312551577278797,0.02533712957979571,0.16539633225640119
0.299,0.017311199614131367,0.025331882612478096,0.16534030262535374
0.3,0.017309844019175756,0.02532662770461304,0.16528421196851079
0.301,0.017308484797745025,0.025321364897053503,0.1652280607820694
0.302,0.017307121955166184,0.02531609423048465,0.16517184955990202
0.303,0.017305755496760167,0.025310815745424486,0.1651155787935677
0.304,0.017304385427841882,0.025305529482224573,0.16505924897232183
0.305,0.01730301175372019,0.0253002354810707,0.16500286058312774
0.306,0.017301634479697913,0.025294933781983546,0.1649464141106671
0.307,0.017300253611071854,0.025289624424819326,0.16488991003734957
0.308,0.017298869153132786,0.025284307449270505,0.16483334884332462
0.309,0.017297481111165466,0.025278982894866416,0.16477673100649104
0.31,0.017296089490448655,0.025273650800973962,0.1647200570025076
0.311,0.0172946942962551,0.025268311206798233,0.1646633273048033
0.312,0.017293295533851557,0.025262964151383176,0.16460654238458766
0.313,0.017291893208498794,0.025257609673612264,0.16454970271086108
0.314,0.017290487325451593,0.025252247812209132,0.16449280875042488
0.315,0.01728907788995876,0.025246878605738206,0.1644358609678912
0.316,0.017287664907263137,0.025241502092605388,0.16437885982569325
0.317,0.0172862483826016,0.025236118311058667,0.16432180578409575
0.318,0.01728482832120506,0.02523072729918876,0.16426469930120402
0.319,0.017283404728298493,0.025225329094929763,0.1642075408329745
0.32,0.017281977609100916,0.02521992373605978,0.1641503308332246
0.321,0.01728054696882541,0.025214511260201536,0.1640930697536421
0.322,0.01727911281267914,0.02520909170482305,0.16403575804379533
0.323,0.01727767514586332,0.025203665107238208,0.1639783961511429
0.324,0.017276233973573276,0.025198231504607434,0.1639209845210428
0.325,0.01727478930099839,0.02519279093393826,0.16386352359676265
0.326,0.017273341133322167,0.025187343432086014,0.16380601381948906
0.327,0.017271889475722193,0.025181889035754357,0.1637484556283368
0.328,0.017270434333370163,0.02517642778149596,0.163690849460359
0.329,0.0172689757114319,0.025170959705713106,0.16363319575055585
0.33,0.017267513615067318,0.025165484844658248,0.16357549493188453
0.331,0.01726604804943049,0.025160003234434687,0.16351774743526795
0.332,0.017264579019669594,0.025154514910997114,0.16345995368960467
0.333,0.01726310653092696,0.02514901991015226,0.16340211412177788
0.334,0.01726163058833906,0.02514351826755947,0.16334422915666408
0.335,0.01726015119703652,0.0251380100187313,0.16328629921714327
0.336,0.01725866836214411,0.02513249519903412,0.1632283247241073
0.337,0.017257182088780784,0.025126973843688696,0.16317030609646888
0.338,0.017255692382059647,0.02512144598777078,0.1631122437511709
0.339,0.017254199247087994,0.025115911666211722,0.1630541381031954
0.34,0.017252702688967288,0.025110370913799022,0.1629959895655727
0.341,0.017251202712793196,0.025104823765176917,0.16293779854938917
0.342,0.01724969932365556,0.02509927025484698,0.1628795654637977
0.343,0.01724819252663845,0.02509371041716869,0.16282129071602516
0.34400000000000003,0.01724668232682012,0.02508814428635999,0.16276297471138168
0.34500000000000003,0.017245168729273043,0.0250825718964979,0.16270461785326978
0.34600000000000003,0.01724365173906392,0.025076993281519026,0.16264622054319172
0.34700000000000003,0.017242131361253667,0.025071408475220193,0.16258778318075975
0.34800000000000003,0.01724060760089744,0.025065817511258973,0.16252930616370354
0.34900000000000003,0.01723908046304463,0.025060220423154256,0.16247078988787905
0.35000000000000003,0.017237549952738875,0.025054617244286814,0.16241223474727706
0.35100000000000003,0.017236016075018054,0.025049008007899866,0.16235364113403183
0.352,0.017234478834914312,0.025043392747099616,0.16229500943842884
0.353,0.017232938237454063,0.025037771494855844,0.16223634004891402
0.354,0.01723139428765797,0.025032144284002404,0.1621776333521013
0.355,0.017229846990540993,0.02502651114723784,0.1621188897327816
0.356,0.01722829635111236,0.025020872117125864,0.16206010957393024
0.357,0.017226742374375586,0.025015227226095962,0.16200129325671597
0.358,0.01722518506532849,0.025009576506443913,0.16194244116050885
0.359,0.01722362442896318,0.025003919990332316,0.16188355366288798
0.36,0.01722206047026608,0.02499825770979115,0.1618246311396501
0.361,0.01722049319421792,0.024992589696718304,0.1617656739648173
0.362,0.017218922605793746,0.024986915982880116,0.1617066825106452
0.363,0.01721734870996293,0.024981236599911902,0.16164765714763127
0.364,0.01721577151168918,0.024975551579318477,0.1615885982445217
0.365,0.017214191015930535,0.024969860952474714,0.1615295061683204
0.366,0.017212607227639377,0.024964164750626027,0.16147038128429636
0.367,0.01721102015176244,0.024958463004888937,0.1614112239559914
0.368,0.017209429793240808,0.024952755746251547,0.16135203454522792
0.369,0.017207836157009923,0.02494704300557412,0.1612928134121172
0.37,0.01720623924799961,0.024941324813589547,0.16123356091506613
0.371,0.017204639071134044,0.024935601200903892,0.1611742774107859
0.372,0.0172030356313318,0.0249298721979969,0.16111496325429883
0.373,0.017201428933505826,0.02492413783522248,0.16105561879894628
0.374,0.017199818982563456,0.02491839814280926,0.16099624439639632
0.375,0.01719820578340644,0.02491265315086107,0.16093684039665082
0.376,0.017196589340930917,0.024906902889357457,0.16087740714805374
0.377,0.017194969660027436,0.02490114738815416,0.16081794499729732
0.378,0.017193346745580967,0.024895386676983655,0.16075845428943086
0.379,0.01719172060247089,0.024889620785455622,0.16069893536786722
0.38,0.017190091235571022,0.024883849743057452,0.16063938857439025
0.381,0.017188458649749615,0.02487807357915475,0.16057981424916223
0.382,0.017186822849869356,0.02487229232299181,0.16052021273073122
0.383,0.017185183840787373,0.024866506003692133,0.16046058435603816
0.384,0.017183541627355244,0.024860714650258887,0.1604009294604243
0.385,0.017181896214419016,0.024854918291575406,0.16034124837763766
0.386,0.017180247606819195,0.024849116956405695,0.160281541439841
0.387,0.017178595809390743,0.024843310673394882,0.16022180897761873
0.388,0.01717694082696311,0.024837499471069707,0.16016205131998335
0.389,0.01717528266436023,0.024831683377839024,0.16010226879438308
0.39,0.01717362132640051,0.02482586242199425,0.16004246172670888
0.391,0.017171956817896857,0.02482003663170986,0.15998263044130134
0.392,0.017170289143656675,0.02481420603504384,0.15992277526095686
0.393,0.017168618308481882,0.024808370659938184,0.15986289650693555
0.394,0.017166944317168892,0.02480253053421936,0.15980299449896807
0.395,0.017165267174508638,0.024796685685598743,0.1597430695552616
0.396,0.01716358688528659,0.024790836141673128,0.15968312199250698
0.397,0.017161903454282725,0.024784981929925162,0.15962315212588601
0.398,0.01716021688627157,0.02477912307772384,0.1595631602690779
0.399,0.01715852718602218,0.02477325961232492,0.15950314673426547
0.4,0.017156834358298165,0.024767391560871408,0.15944311183214233
0.401,0.017155138407857685,0.02476151895039402,0.15938305587191917
0.402,0.017153439339453458,0.024755641807811625,0.1593229791613309
0.403,0.017151737157832754,0.024749760159931695,0.15926288200664282
0.404,0.017150031867737427,0.024743874033450783,0.1592027647126572
0.405,0.0171483234739039,0.024737983454954926,0.15914262758271966
0.406,0.01714661198106317,0.024732088450920134,0.15908247091872593
0.40700000000000003,0.01714489739394084,0.024726189047712822,0.15902229502112822
0.40800000000000003,0.01714317971725709,0.02472028527159023,0.15896210018894114
0.40900000000000003,0.017141458955726694,0.024714377148700933,0.1589018867197495
0.41000000000000003,0.017139735114059043,0.024708464705085177,0.15884165490971258
0.41100000000000003,0.017138008196958127,0.024702547966675426,0.1587814050535725
0.41200000000000003,0.017136278209122568,0.02469662695929671,0.15872113744465857
0.41300000000000003,0.01713454515524559,0.024690701708667145,0.15866085237489577
0.41400000000000003,0.01713280904001506,0.024684772240398264,0.15860055013480867
0.41500000000000004,0.017131069868113462,0.024678838579995553,0.1585402310135297
0.41600000000000004,0.017129327644217932,0.024672900752858808,0.15847989529880369
0.417,0.01712758237300025,0.024666958784282586,0.1584195432769949
0.418,0.017125834059126842,0.024661012699456652,0.1583591752330932
0.419,0.017124082707258785,0.024655062523466355,0.15829879145071957
0.42,0.017122328322051832,0.02464910828129311,0.15823839221213262
0.421,0.017120570908156392,0.02464314999781477,0.1581779777982347
0.422,0.01711881047021755,0.024637187697806075,0.15811754848857734
0.423,0.017117047012875076,0.024631221405939048,0.1580571045613679
0.424,0.017115280540763413,0.024625251146783433,0.15799664629347518
0.425,0.017113511058511704,0.024619276944807103,0.15793617396043536
0.426,0.017111738570743783,0.024613298824376444,0.15787568783645772
0.427,0.017109963082078197,0.02460731680975682,0.157815188194431
0.428,0.017108184597128186,0.02460133092511294,0.1577546753059287
0.429,0.017106403120501712,0.024595341194509276,0.15769414944121538
0.43,0.01710461865680145,0.024589347641910474,0.15763361086925198
0.431,0.017102831210624805,0.024583350291181753,0.15757305985770179
0.432,0.017101040786563916,0.024577349166089328,0.15751249667293643
0.433,0.017099247389205645,0.02457134429030076,0.15745192158004095
0.434,0.017097451023131607,0.024565335687385437,0.15739133484282056
0.435,0.017095651692918157,0.024559323380814867,0.15733073672380452
0.436,0.017093849403136418,0.024553307393963185,0.15727012748425362
0.437,0.01709204415835225,0.024547287750107463,0.15720950738416498
0.438,0.01709023596312629,0.02454126447242814,0.15714887668227717
0.439,0.017088424822013948,0.02453523758400942,0.1570882356360767
0.44,0.017086610739565394,0.02452920710783963,0.1570275845018029
0.441,0.017084793720325606,0.02452317306681165,0.15696692353445324
0.442,0.017082973768834317,0.02451713548372326,0.15690625298778985
0.443,0.017081150889626074,0.024511094381277555,0.1568455731143437
0.444,0.01707932508723022,0.02450504978208331,0.15678488416542058
0.445,0.017077496366170886,0.024499001708655366,0.15672418639110686
0.446,0.01707566473096704,0.024492950183415033,0.15666348004027408
0.447,0.017073830186132437,0.024486895228690426,0.15660276536058512
0.448,0.017071992736175667,0.024480836866716874,0.1565420425984987
0.449,0.017070152385600144,0.024474775119637304,0.15648131199927542
0.45,0.017068309138904114,0.02446871000950257,0.15642057380698227
0.451,0.017066463000580658,0.024462641558271877,0.15635982826449873
0.452,0.017064613975117694,0.024456569787813128,0.15629907561352158
0.453,0.017062762066998003,0.024450494719903293,0.15623831609456962
0.454,0.01706090728069921,0.024444416376228774,0.15617754994698954
0.455,0.017059049620693795,0.024438334778385796,0.15611677740896115
0.456,0.017057189091449116,0.02443224994788075,0.15605599871750175
0.457,0.01705532569742739,0.024426161906130544,0.15599521410847175
0.458,0.01705345944308571,0.02442007067446301,0.15593442381657988
0.459,0.017051590332876062,0.02441397627411723,0.15587362807538793
0.46,0.017049718371245307,0.0244078787262439,0.15581282711731587
0.461,0.017047843562635202,0.024401778051905694,0.1557520211736469
0.462,0.0170459659114824,0.024395674272077627,0.15569121047453258
0.463,0.01704408542221847,0.02438956740764739,0.15563039524899713
0.464,0.017042202099269863,0.024383457479415727,0.15556957572494365
0.465,0.017040315947057978,0.024377344508096775,0.1555087521291576
0.466,0.017038426969999104,0.02437122851431841,0.15544792468731275
0.467,0.017036535172504478,0.024365109518622613,0.15538709362397546
0.468,0.01703464055898025,0.024358987541465798,0.1553262591626099
0.46900000000000003,0.01703274313382752,0.02435286260321918,0.1552654215255826
0.47000000000000003,0.01703084290144232,0.0243467347241691,0.15520458093416759
0.47100000000000003,0.017028939866215634,0.02434060392451739,0.1551437376085508
0.47200000000000003,0.0170270340325334,0.024334470224381687,0.15508289176783488
0.47300000000000003,0.01702512540477651,0.024328333643795816,0.15502204363004451
0.47400000000000003,0.01702321398732082,0.024322194202710062,0.1549611934121299
0.47500000000000003,0.017021299784537154,0.024316051920991597,0.15490034132997332
0.47600000000000003,0.017019382800791318,0.02430990681842475,0.15483948759839175
0.47700000000000004,0.017017463040444093,0.024303758914711357,0.15477863243114287
0.47800000000000004,0.017015540507851236,0.024297608229471118,0.15471777604092973
0.47900000000000004,0.017013615207363504,0.024291454782241897,0.15465691863940434
0.48,0.017011687143326654,0.02428529859248009,0.15459606043717322
0.481,0.017009756320081434,0.02427913967956092,0.15453520164380175
0.482,0.017007822741963607,0.024272978062778786,0.15447434246781827
0.483,0.017005886413303938,0.024266813761347587,0.1544134831167194
0.484,0.01700394733842823,0.02426064679440105,0.1543526237969734
0.485,0.01700200552165727,0.024254477180993043,0.15429176471402653
0.486,0.017000060967306926,0.02424830494009792,0.15423090607230494
0.487,0.01699811367968805,0.024242130090610818,0.1541700480752216
0.488,0.016996163663106568,0.02423595265134801,0.15410919092517947
0.489,0.016994210921863425,0.024229772641047184,0.15404833482357588
0.49,0.016992255460254634,0.024223590078367795,0.15398747997080697
0.491,0.016990297282571256,0.02421740498189138,0.15392662656627296
0.492,0.01698833639309941,0.024211217370121843,0.1538657748083811
0.493,0.016986372796120277,0.0242050272614858,0.1538049248945509
0.494,0.016984406495910126,0.024198834674332884,0.15374407702121803
0.495,0.01698243749674028,0.024192639626936067,0.15368323138383946
0.496,0.016980465802877157,0.024186442137491944,0.1536223881768964
0.497,0.016978491418582264,0.024180242224121067,0.15356154759389945
0.498,0.016976514348112186,0.02417403990486823,0.1535007098273925
0.499,0.01697453459571862,0.024167835197702825,0.1534398750689575
0.5,0.016972552165648358,0.024161628120519064,0.15337904350921736
0.501,0.016970567062143296,0.024155418691136375,0.15331821533784193
0.502,0.01696857928944046,0.02414920692729965,0.15325739074355055
0.503,0.016966588851771974,0.02414299284667956,0.15319656991411723
0.504,0.016964595753365095,0.024136776466872838,0.15313575303637406
0.505,0.016962599998442213,0.02413055780540263,0.15307494029621585
0.506,0.016960601591220845,0.024124336879718745,0.15301413187860413
0.507,0.01695860053591365,0.02411811370719795,0.15295332796757052
0.508,0.016956596836728434,0.024111888305144318,0.15289252874622217
0.509,0.016954590497868145,0.02410566069078946,0.1528317343967444
0.51,0.0169525815235309,0.02409943088129286,0.15277094510040523
0.511,0.016950569917909962,0.024093198893742153,0.15271016103755988
0.512,0.01694855568519377,0.024086964745153414,0.15264938238765383
0.513,0.016946538829565927,0.024080728452471452,0.1525886093292275
0.514,0.016944519355205214,0.02407449003257011,0.15252784203991987
0.515,0.016942497266285595,0.024068249502252517,0.15246708069647227
0.516,0.016940472566976218,0.024062006878251423,0.1524063254747328
0.517,0.016938445261441424,0.024055762177229448,0.1523455765496596
0.518,0.016936415353840748,0.024049515415779384,0.15228483409532528
0.519,0.016934382848328936,0.02404326661042447,0.1522240982849201
0.52,0.01693234774905593,0.02403701577761867,0.1521633692907566
0.521,0.01693031006016688,0.024030762933746973,0.15210264728427303
0.522,0.01692826978580218,0.024024508095125657,0.1520419324360366
0.523,0.01692622693009741,0.02401825127800257,0.15198122491574867
0.524,0.01692418149718341,0.024011992498557393,0.15192052489224686
0.525,0.01692213349118623,0.024005731772901964,0.15185983253351024
0.526,0.01692008291622717,0.02399946911708048,0.15179914800666178
0.527,0.01691802977642277,0.023993204547069845,0.15173847147797323
0.528,0.016915974075884823,0.023986938078779895,0.15167780311286808
0.529,0.016913915818720364,0.02398066972805369,0.15161714307592564
0.53,0.016911855009031695,0.023974399510667776,0.15155649153088438
0.531,0.01690979165091638,0.023968127442332454,0.15149584864064575
0.532,0.016907725748467252,0.02396185353869206,0.15143521456727785
0.533,0.016905657305772415,0.02395557781532522,0.15137458947201898
0.534,0.01690358632691526,0.02394930028774513,0.15131397351528125
0.535,0.016901512815974448,0.023943020971399796,0.1512533668566543
0.536,0.016899436777023946,0.02393673988167233,0.15119276965490858
0.537,0.016897358214133,0.0239304570338812,0.15113218206799922
0.538,0.01689527713136616,0.02392417244328047,0.15107160425306954
0.539,0.016893193532783287,0.023917886125060104,0.15101103636645416
0.54,0.016891107422439548,0.023911598094346193,0.15095047856368302
0.541,0.016889018804385415,0.02390530836620123,0.15088993099948478
0.542,0.016886927682666694,0.023899016955624346,0.1508293938277898
0.543,0.016884834061324502,0.0238927238775516,0.15076886720173438
0.544,0.016882737944395296,0.023886429146856222,0.15070835127366392
0.545,0.016880639335910868,0.023880132778348852,0.15064784619513577
0.546,0.01687853823989834,0.023873834786777806,0.15058735211692345
0.547,0.016876434660380184,0.023867535186829325,0.1505268691890196
0.548,0.01687432860137422,0.023861233993127846,0.1504663975606399
0.549,0.01687222006689363,0.02385493122023622,0.15040593738022534
0.55,0.016870109060946947,0.023848626882655995,0.150345488795447
0.551,0.01686799558753807,0.023842320994827623,0.1502850519532081
0.552,0.01686587965066627,0.023836013571130764,0.1502246269996484
0.553,0.016863761254326197,0.02382970462588447,0.1501642140801465
0.554,0.016861640402507868,0.023823394173347483,0.15010381333932407
0.555,0.0168595170991967,0.02381708222771846,0.1500434249210485
0.556,0.016857391348373486,0.023810768803136192,0.14998304896843648
0.557,0.016855263154014425,0.023804453913679906,0.14992268562385716
0.558,0.016853132520091102,0.02379813757336944,0.14986233502893553
0.559,0.016850999450570524,0.02379181979616552,0.149801997324555
0.56,0.016848863949415094,0.023785500595970024,0.1497416726508619
0.561,0.016846726020582632,0.02377917998662614,0.14968136114726716
0.562,0.016844585668026383,0.023772857981918694,0.14962106295245067
0.5630000000000001,0.016842442895695007,0.02376653459557434,0.14956077820436414
0.5640000000000001,0.016840297707532606,0.0237602098412618,0.14950050704023382
0.5650000000000001,0.016838150107478706,0.0237538837325921,0.14944024959656388
0.5660000000000001,0.01683600009946827,0.023747556283118802,0.14938000600913987
0.5670000000000001,0.016833847687431715,0.02374122750633826,0.1493197764130317
0.5680000000000001,0.0168316928752949,0.02373489741568982,0.14925956094259632
0.5690000000000001,0.01682953566697914,0.023728566024556072,0.14919935973148132
0.5700000000000001,0.016827376066401212,0.02372223334626306,0.1491391729126276
0.5710000000000001,0.01682521407747335,0.02371589939408054,0.1490790006182728
0.5720000000000001,0.01682304970410326,0.02370956418122219,0.14901884297995413
0.5730000000000001,0.016820882950194124,0.02370322772084583,0.14895870012851148
0.5740000000000001,0.016818713819644594,0.023696890026053675,0.14889857219409044
0.5750000000000001,0.016816542316348815,0.02369055110989253,0.14883845930614514
0.5760000000000001,0.016814368444196412,0.02368421098535404,0.14877836159344174
0.577,0.016812192207072515,0.023677869665374898,0.14871827918406053
0.578,0.016810013608857737,0.023671527162837082,0.1486582122054
0.579,0.016807832653428202,0.023665183490568044,0.14859816078417862
0.58,0.016805649344655536,0.023658838661340983,0.14853812504643915
0.581,0.016803463686406887,0.023652492687875025,0.1484781051175501
0.582,0.016801275682544914,0.023646145582835454,0.14841810112220968
0.583,0.016799085336927796,0.02363979735883393,0.14835811318444833
0.584,0.01679689265340924,0.023633448028428712,0.14829814142763195
0.585,0.01679469763583849,0.023627097604124868,0.14823818597446395
0.586,0.01679250028806032,0.0236207460983745,0.14817824694698928
0.587,0.016790300613915055,0.023614393523576943,0.14811832446659592
0.588,0.01678809861723855,0.023608039892078984,0.1480584186540192
0.589,0.01678589430186222,0.02360168521617509,0.14799852962934362
0.59,0.01678368767161304,0.023595329508107613,0.147938657512006
0.591,0.01678147873031354,0.02358897278006698,0.14787880242079798
0.592,0.01677926748178182,0.023582615044191943,0.14781896447386955
0.593,0.016777053929831545,0.02357625631256975,0.14775914378873084
0.594,0.016774838078271955,0.023569896597236382,0.14769934048225575
0.595,0.016772619930907874,0.023563535910176743,0.14763955467068418
0.596,0.016770399491539703,0.023557174263324883,0.14757978646962536
0.597,0.016768176763963447,0.02355081166856419,0.14752003599405944
0.598,0.01676595175197069,0.023544448137727603,0.14746030335834157
0.599,0.016763724459348615,0.023538083682597806,0.14740058867620368
0.6,0.01676149488988002,0.023531718314907468,0.1473408920607579
0.601,0.016759263047343303,0.02352535204633939,0.14728121362449828
0.602,0.01675702893551248,0.023518984888526752,0.1472215534793043
0.603,0.016754792558157178,0.023512616853053288,0.14716191173644322
0.604,0.016752553919042647,0.023506247951453507,0.14710228850657295
0.605,0.016750313021929773,0.023499878195212893,0.14704268389974434
0.606,0.016748069870575068,0.023493507595768067,0.14698309802540377
0.607,0.016745824468730675,0.023487136164507025,0.14692353099239625
0.608,0.01674357682014439,0.023480763912769348,0.14686398290896802
0.609,0.016741326928559643,0.02347439085184632,0.1468044538827681
0.61,0.016739074797715532,0.023468016992981226,0.1467449440208522
0.611,0.016736820431346788,0.023461642347369478,0.14668545342968486
0.612,0.016734563833183818,0.023455266926158833,0.1466259822151416
0.613,0.016732305006952688,0.02344889074044957,0.1465665304825117
0.614,0.016730043956375135,0.023442513801294716,0.1465070983365011
0.615,0.016727780685168572,0.023436136119700208,0.14644768588123444
0.616,0.016725515197046088,0.02342975770662509,0.14638829322025787
0.617,0.016723247495716454,0.023423378572981712,0.14632892045654133
0.618,0.016720977584884132,0.02341699872963591,0.14626956769248134
0.619,0.016718705468249277,0.023410618187407202,0.14621023502990324
0.62,0.01671643114950774,0.023404236957068975,0.14615092257006373
0.621,0.016714154632351076,0.023397855049348666,0.14609163041365342
0.622,0.01671187592046655,0.023391472474927955,0.146032358660799
0.623,0.016709595017537125,0.023385089244442943,0.14597310741106623
0.624,0.016707311927241494,0.023378705368484354,0.1459138767634619
0.625,0.016705026653254067,0.023372320857597703,0.14585466681643638
0.626,0.016702739199244972,0.023365935722283473,0.14579547766788606
0.627,0.01670044956888008,0.023359549972997332,0.14573630941515558
0.628,0.016698157765820985,0.023353163620150264,0.14567716215504065
0.629,0.01669586379372503,0.023346776674108803,0.14561803598378997
0.63,0.016693567656245287,0.023340389145195175,0.14555893099710793
0.631,0.01669126935703059,0.023334001043687498,0.14549984729015672
0.632,0.016688968899725525,0.02332761237981995,0.14544078495755877
0.633,0.01668666628797043,0.023321223163782958,0.1453817440933992
0.634,0.016684361525401405,0.02331483340572336,0.14532272479122818
0.635,0.01668205461565032,0.023308443115744606,0.14526372714406283
0.636,0.016679745562344812,0.023302052303906903,0.1452047512443901
0.637,0.016677434369108304,0.02329566098022742,0.14514579718416845
0.638,0.01667512103955999,0.02328926915468045,0.14508686505483107
0.639,0.01667280557731484,0.023282876837197573,0.145027954947287
0.64,0.016670487985983636,0.023276484037667855,0.14496906695192455
0.641,0.016668168269172945,0.023270090765937997,0.1449102011586123
0.642,0.01666584643048512,0.023263697031812518,0.14485135765670276
0.643,0.016663522473518332,0.023257302845053927,0.1447925365350336
0.644,0.016661196401866557,0.02325090821538289,0.14473373788192997
0.645,0.016658868219119577,0.023244513152478396,0.1446749617852073
0.646,0.016656537928862996,0.023238117665977942,0.144616208332173
0.647,0.016654205534678244,0.02323172176547768,0.14455747760962867
0.648,0.016651871040142558,0.023225325460532603,0.14449876970387285
0.649,0.016649534448829027,0.023218928760656704,0.14444008470070238
0.65,0.016647195764306566,0.023212531675323136,0.14438142268541512
0.651,0.016644854990139926,0.02320613421396439,0.1443227837428121
0.652,0.0166425121298897,0.02319973638597246,0.14426416795719954
0.653,0.016640167187112347,0.023193338200699,0.14420557541239082
0.654,0.016637820165360154,0.023186939667455483,0.1441470061917092
0.655,0.016635471068181282,0.02318054079551338,0.14408846037798922
0.656,0.016633119899119746,0.02317414159410431,0.14402993805357936
0.657,0.01663076666171543,0.02316774207242021,0.143971439300344
0.658,0.01662841135950409,0.02316134223961349,0.1439129641996654
0.659,0.016626053996017354,0.023154942104797193,0.14385451283244585
0.66,0.016623694574782733,0.023148541677045165,0.14379608527910992
0.661,0.016621333099323614,0.023142140965392195,0.1437376816196064
0.662,0.016618969573159285,0.023135739978834197,0.14367930193341022
0.663,0.01661660399980492,0.023129338726328347,0.14362094629952468
0.664,0.016614236382771586,0.02312293721679326,0.14356261479648386
0.665,0.01661186672556626,0.023116535459109126,0.14350430750235385
0.666,0.016609495031691818,0.023110133462117884,0.14344602449473537
0.667,0.016607121304647053,0.023103731234623365,0.14338776585076576
0.668,0.01660474554792667,0.023097328785391454,0.14332953164712062
0.669,0.016602367765021293,0.02309092612315023,0.14327132196001618
0.67,0.01659998795941747,0.02308452325659016,0.1432131368652115
0.671,0.01659760613459768,0.023078120194364192,0.14315497643800953
0.672,0.016595222294040327,0.02307171694508796,0.14309684075326054
0.673,0.01659283644121977,0.02306531351733989,0.1430387298853622
0.674,0.01659044857960628,0.02305890991966141,0.1429806439082639
0.675,0.016588058712666102,0.023052506160557033,0.14292258289546633
0.676,0.01658566684386142,0.023046102248494557,0.1428645469200249
0.677,0.016583272976650368,0.02303969819190519,0.14280653605455165
0.678,0.016580877114487046,0.023033293999183704,0.14274855037121614
0.679,0.016578479260821517,0.023026889678688597,0.14269058994174866
0.68,0.016576079419099807,0.02302048523874221,0.1426326548374413
0.681,0.016573677592763916,0.023014080687630896,0.14257474512915005
0.682,0.016571273785251826,0.02300767603360518,0.14251686088729698
0.683,0.01656886799999749,0.023001271284879853,0.14245900218187155
0.684,0.016566460240430854,0.02299486644963418,0.14240116908243317
0.685,0.01656405050997785,0.022988461536012007,0.14234336165811284
0.686,0.016561638812060405,0.022982056552121904,0.1422855799776144
0.687,0.016559225150096446,0.022975651506037326,0.1422278241092174
0.6880000000000001,0.016556809527499893,0.02296924640579674,0.14217009412077844
0.6890000000000001,0.016554391947680686,0.022962841259403777,0.14211239007973284
0.6900000000000001,0.01655197241404477,0.02295643607482738,0.14205471205309683
0.6910000000000001,0.016549550929994102,0.022950030860001913,0.14199706010746893
0.6920000000000001,0.016547127498926666,0.022943625622827354,0.1419394343090328
0.6930000000000001,0.016544702124236466,0.022937220371169374,0.14188183472355734
0.6940000000000001,0.01654227480931353,0.022930815112859534,0.14182426141640048
0.6950000000000001,0.016539845557543925,0.02292440985569537,0.141766714452509
0.6960000000000001,0.016537414372309763,0.022918004607440583,0.14170919389642195
0.6970000000000001,0.016534981256989174,0.022911599375825143,0.14165169981227183
0.6980000000000001,0.01653254621495635,0.02290519416854543,0.14159423226378595
0.6990000000000001,0.016530109249581534,0.022898788993264373,0.1415367913142886
0.7000000000000001,0.016527670364231018,0.022892383857611602,0.14147937702670288
0.7010000000000001,0.016525229562267155,0.022885978769183555,0.1414219894635523
0.7020000000000001,0.016522786847048353,0.02287957373554364,0.14136462868696298
0.7030000000000001,0.016520342221929094,0.022873168764222337,0.1413072947586641
0.704,0.01651789569025993,0.022866763862717375,0.14124998773999128
0.705,0.01651544725538749,0.022860359038493826,0.1411927076918871
0.706,0.01651299692065448,0.022853954298984264,0.14113545467490363
0.707,0.01651054468939969,0.022847549651588875,0.14107822874920323
0.708,0.016508090564957997,0.02284114510367561,0.1410210299745613
0.709,0.016505634550660373,0.0228347406625803,0.14096385841036715
0.71,0.016503176649833886,0.022828336335606794,0.14090671411562597
0.711,0.016500716865801707,0.022821932130027093,0.14084959714896073
0.712,0.016498255201883104,0.022815528053081464,0.1407925075686134
0.713,0.01649579166139346,0.02280912411197859,0.14073544543244715
0.714,0.016493326247644272,0.022802720313895686,0.14067841079794755
0.715,0.01649085896394315,0.02279631666597861,0.14062140372222426
0.716,0.01648838981359384,0.02278991317534204,0.1405644242620131
0.717,0.01648591879989619,0.02278350984906955,0.1405074724736773
0.718,0.016483445926146204,0.02277710669421376,0.14045054841320898
0.719,0.016480971195635994,0.022770703717796457,0.14039365213623156
0.72,0.016478494611653828,0.022764300926808725,0.14033678369800043
0.721,0.01647601617748412,0.022757898328211068,0.14027994315340506
0.722,0.01647353589640742,0.022751495928933517,0.14022313055697033
0.723,0.016471053771700436,0.022745093735875802,0.1401663459628589
0.724,0.01646856980663602,0.022738691755907404,0.14010958942487162
0.725,0.0164660840044832,0.022732289995867745,0.1400528609964498
0.726,0.016463596368507156,0.02272588846256627,0.1399961607306771
0.727,0.016461106901969242,0.022719487162782586,0.13993948868028022
0.728,0.016458615608126975,0.02271308610326657,0.1398828448976312
0.729,0.016456122490234062,0.022706685290738517,0.13982622943474882
0.73,0.01645362755154037,0.02270028473188921,0.13976964234329967
0.731,0.016451130795291976,0.022693884433380104,0.13971308367460036
0.732,0.016448632224731124,0.022687484401843396,0.13965655347961878
0.733,0.016446131843096262,0.022681084643882167,0.13960005180897556
0.734,0.01644362965362203,0.022674685166070484,0.13954357871294557
0.735,0.016441125659539268,0.022668285974953538,0.13948713424145961
0.736,0.016438619864075025,0.02266188707704775,0.13943071844410593
0.737,0.01643611227045256,0.022655488478840895,0.13937433137013158
0.738,0.016433602881891333,0.022649090186792196,0.13931797306844398
0.739,0.016431091701607038,0.022642692207332477,0.13926164358761225
0.74,0.016428578732811578,0.022636294546864243,0.1392053429758691
0.741,0.01642606397871309,0.02262989721176182,0.13914907128111184
0.742,0.016423547442515934,0.022623500208371467,0.13909282855090455
0.743,0.016421029127420706,0.02261710354301147,0.13903661483247848
0.744,0.01641850903662424,0.022610707221972278,0.13898043017273443
0.745,0.01641598717331961,0.022604311251516598,0.1389242746182438
0.746,0.016413463540696144,0.022597915637879537,0.13886814821525018
0.747,0.0164109381419394,0.02259152038726868,0.13881205100967087
0.748,0.016408410980231217,0.022585125505864216,0.13875598304709794
0.749,0.01640588205874967,0.02257873099981906,0.1386999443728001
0.75,0.016403351380669104,0.022572336875258947,0.13864393503172376
0.751,0.01640081894916013,0.022565943138282557,0.13858795506849503
0.752,0.016398284767389637,0.022559549794961612,0.13853200452742018
0.753,0.016395748838520772,0.02255315685134099,0.13847608345248794
0.754,0.01639321116571297,0.022546764313438845,0.13842019188737067
0.755,0.016390671752121947,0.0225403721872467,0.13836432987542532
0.756,0.01638813060089971,0.022533980478729565,0.13830849745969545
0.757,0.016385587715194543,0.02252758919382604,0.13825269468291215
0.758,0.01638304309815104,0.02252119833844843,0.13819692158749586
0.759,0.01638049675291008,0.022514807918482836,0.1381411782155569
0.76,0.016377948682608858,0.022508417939789284,0.13808546460889787
0.761,0.01637539889038086,0.022502028408201813,0.13802978080901476
0.762,0.016372847379355893,0.022495639329528583,0.13797412685709734
0.763,0.01637029415266008,0.022489250709551996,0.137918502794032
0.764,0.016367739213415843,0.02248286255402878,0.1378629086604023
0.765,0.01636518256474196,0.022476474868690106,0.13780734449648951
0.766,0.016362624209753505,0.02247008765924169,0.1377518103422761
0.767,0.016360064151561896,0.02246370093136389,0.13769630623744483
0.768,0.016357502393274884,0.02245731469071182,0.13764083222138127
0.769,0.01635493893799655,0.022450928942915446,0.1375853883331752
0.77,0.016352373788827337,0.022444543693579695,0.13752997461162117
0.771,0.016349806948864013,0.022438158948284534,0.1374745910952202
0.772,0.016347238421199704,0.022431774712585114,0.13741923782218154
0.773,0.016344668208923895,0.02242539099201183,0.13736391483042312
0.774,0.01634209631512242,0.02241900779207044,0.1373086221575735
0.775,0.016339522742877484,0.022412625118242165,0.13725335984097264
0.776,0.016336947495267647,0.022406242975983794,0.13719812791767388
0.777,0.01633437057536785,0.022399861370727758,0.1371429264244442
0.778,0.016331791986249403,0.02239348030788227,0.13708775539776652
0.779,0.01632921173098,0.02238709979283139,0.13703261487384033
0.78,0.016326629812623693,0.02238071983093514,0.13697750488858337
0.781,0.01632404623424095,0.022374340427529588,0.13692242547763225
0.782,0.01632146099888862,0.022367961587926963,0.13686737667634413
0.783,0.01631887410961993,0.02236158331741574,0.13681235851979842
0.784,0.01631628556948452,0.02235520562126074,0.1367573710427969
0.785,0.016313695381528423,0.022348828504703228,0.13670241427986593
0.786,0.016311103548794084,0.022342451972961003,0.13664748826525733
0.787,0.016308510074320354,0.022336076031228502,0.1365925930329493
0.788,0.016305914961142493,0.022329700684676896,0.13653772861664829
0.789,0.016303318212292185,0.022323325938454167,0.13648289504978958
0.79,0.016300719830797526,0.022316951797685225,0.13642809236553896
0.791,0.016298119819683047,0.022310578267471997,0.1363733205967937
0.792,0.016295518181969695,0.022304205352893493,0.13631857977618347
0.793,0.01629291492067486,0.02229783305900595,0.13626386993607217
0.794,0.01629031003881237,0.02229146139084288,0.13620919110855878
0.795,0.016287703539392476,0.022285090353415186,0.1361545433254783
0.796,0.016285095425421888,0.02227871995171124,0.13609992661840337
0.797,0.016282485699903763,0.022272350190696996,0.13604534101864535
0.798,0.016279874365837707,0.022265981075316063,0.13599078655725502
0.799,0.01627726142621978,0.022259612610489785,0.13593626326502428
0.8,0.016274646884042496,0.022253244801117372,0.13588177117248745
0.801,0.016272030742294843,0.02224687765207594,0.13582731030992154
0.802,0.016269413003962275,0.02224051116822066,0.13577288070734841
0.803,0.016266793672026707,0.02223414535438478,0.1357184823945352
0.804,0.016264172749466538,0.022227780215379765,0.1356641154009959
0.805,0.01626155023925664,0.02222141575599537,0.13560977975599225
0.806,0.016258926144368368,0.022215051980999725,0.135555475488535
0.807,0.01625630046776957,0.022208688895139425,0.1355012026273846
0.808,0.016253673212424578,0.022202326503139615,0.1354469612010532
0.809,0.01625104438129421,0.02219596480970409,0.13539275123780523
0.81,0.016248413977335795,0.022189603819515364,0.13533857276565814
0.811,0.016245782003503156,0.02218324353723477,0.13528442581238415
0.812,0.016243148462746625,0.022176883967502545,0.13523031040551126
0.8130000000000001,0.01624051335801304,0.022170525114937906,0.1351762265723237
0.8140000000000001,0.016237876692245756,0.022164166984139144,0.1351221743398639
0.8150000000000001,0.016235238468384632,0.02215780957968371,0.13506815373493322
0.8160000000000001,0.01623259868936606,0.022151452906128306,0.13501416478409295
0.8170000000000001,0.016229957358122955,0.02214509696800894,0.13496020751366525
0.8180000000000001,0.016227314477584753,0.022138741769841052,0.1349062819497345
0.8190000000000001,0.016224670050677428,0.022132387316119568,0.13485238811814837
0.8200000000000001,0.016222024080323482,0.022126033611319,0.1347985260445189
0.8210000000000001,0.01621937656944197,0.02211968065989351,0.13474469575422307
0.8220000000000001,0.016216727520948472,0.02211332846627701,0.13469089727240446
0.8230000000000001,0.016214076937755124,0.02210697703488326,0.13463713062397453
0.8240000000000001,0.016211424822770614,0.022100626370105896,0.13458339583361245
0.8250000000000001,0.01620877117890018,0.022094276476318567,0.1345296929257673
0.8260000000000001,0.016206116009045618,0.022087927357875,0.134476021924659
0.8270000000000001,0.01620345931610529,0.02208157901910906,0.13442238285427838
0.8280000000000001,0.01620080110297412,0.022075231464334863,0.13436877573838965
0.8290000000000001,0.016198141372543596,0.022068884697846826,0.13431520060053012
0.8300000000000001,0.016195480127701785,0.022062538723919778,0.1342616574640121
0.8310000000000001,0.016192817371333334,0.022056193546809016,0.13420814635192346
0.8320000000000001,0.016190153106319462,0.0220498491707504,0.13415466728712888
0.833,0.01618748733553797,0.022043505599960413,0.13410122029227073
0.834,0.01618482006186326,0.022037162838636257,0.13404780538976976
0.835,0.01618215128816631,0.022030820890955944,0.1339944226018272
0.836,0.016179481017314704,0.022024479761078332,0.13394107195042423
0.837,0.016176809252172616,0.022018139453143244,0.13388775345732437
0.838,0.016174135995600837,0.022011799971271534,0.1338344671440733
0.839,0.01617146125045674,0.022005461319565135,0.13378121303200072
0.84,0.01616878501959433,0.02199912350210719,0.13372799114222092
0.841,0.016166107305864222,0.021992786522962098,0.13367480149563382
0.842,0.016163428112113628,0.021986450386175565,0.1336216441129261
0.843,0.01616074744118641,0.021980115095774744,0.13356851901457162
0.844,0.01615806529592303,0.02197378065576825,0.13351542622083346
0.845,0.01615538167916059,0.021967447070146272,0.13346236575176354
0.846,0.016152696593732824,0.021961114342880634,0.13340933762720456
0.847,0.016150010042470103,0.02195478247792487,0.13335634186679063
0.848,0.016147322028199428,0.021948451479214297,0.13330337848994814
0.849,0.01614463255374445,0.021942121350666106,0.13325044751589682
0.85,0.016141941621925462,0.021935792096179414,0.13319754896365077
0.851,0.016139249235559414,0.02192946371963535,0.13314468285201914
0.852,0.0161365553974599,0.02192313622489713,0.1330918491996074
0.853,0.01613386011043718,0.021916809615810114,0.13303904802481756
0.854,0.01613116337729817,0.0219104838962019,0.1329862793458502
0.855,0.016128465200846445,0.021904159069882377,0.13293354318070452
0.856,0.016125765583882266,0.021897835140643824,0.13288083954717952
0.857,0.01612306452920255,0.021891512112260956,0.13282816846287493
0.858,0.01612036203960089,0.021885189988490997,0.13277552994519218
0.859,0.016117658117867566,0.021878868773073767,0.13272292401133523
0.86,0.016114952766789533,0.02187254846973175,0.13267035067831146
0.861,0.016112245989150436,0.02186622908217015,0.13261780996293263
0.862,0.016109537787730614,0.02185991061407698,0.13256530188181556
0.863,0.01610682816530709,0.021853593069123118,0.13251282645138335
0.864,0.01610411712465359,0.021847276450962384,0.1324603836878662
0.865,0.01610140466854054,0.021840960763231602,0.13240797360730197
0.866,0.01609869079973507,0.0218346460095507,0.13235559622553753
0.867,0.016095975521001005,0.02182833219352272,0.13230325155822947
0.868,0.016093258835098913,0.02182201931873395,0.1322509396208444
0.869,0.016090540744786046,0.021815707388753946,0.13219866042866082
0.87,0.01608782125281638,0.021809396407135626,0.13214641399676944
0.871,0.01608510036194063,0.021803086377415334,0.13209420034007396
0.872,0.016082378074906218,0.02179677730311289,0.13204201947329194
0.873,0.01607965439445731,0.02179046918773169,0.13198987141095606
0.874,0.016076929323334783,0.021784162034758744,0.13193775616741465
0.875,0.016074202864276278,0.02177785584766475,0.13188567375683227
0.876,0.016071475020016154,0.021771550629904168,0.13183362419319117
0.877,0.01606874579328552,0.02176524638491529,0.13178160749029189
0.878,0.01606601518681224,0.021758943116120286,0.13172962366175356
0.879,0.01606328320332091,0.021752640826925285,0.13167767272101574
0.88,0.016060549845532898,0.021746339520720446,0.13162575468133852
0.881,0.016057815116166326,0.021740039200880006,0.13157386955580316
0.882,0.01605507901793607,0.021733739870762363,0.13152201735731409
0.883,0.01605234155355377,0.02172744153371012,0.1314701980985982
0.884,0.016049602725727845,0.02172114419305017,0.13141841179220662
0.885,0.016046862537163472,0.021714847852093752,0.13136665845051557
0.886,0.016044120990562613,0.0217085525141365,0.13131493808572642
0.887,0.016041378088624006,0.021702258182458547,0.13126325070986747
0.888,0.016038633834043164,0.02169596486032454,0.13121159633479393
0.889,0.016035888229512397,0.02168967255098373,0.13115997497218915
0.89,0.016033141277720795,0.021683381257670043,0.1311083866335654
0.891,0.016030392981354245,0.02167709098360212,0.1310568313302645
0.892,0.01602764334309543,0.021670801731983387,0.1310053090734585
0.893,0.016024892365623836,0.02166451350600213,0.13095381987415106
0.894,0.016022140051615737,0.02165822630883154,0.1309023637431777
0.895,0.016019386403744222,0.021651940143629773,0.1308509406912065
0.896,0.01601663142467921,0.021645655013540047,0.13079955072873925
0.897,0.01601387511708739,0.02163937092169065,0.13074819386611225
0.898,0.016011117483632313,0.02163308787119504,0.13069687011349637
0.899,0.01600835852697432,0.021626805865151873,0.1306455794808988
0.9,0.016005598249770586,0.021620524906645122,0.13059432197816345
0.901,0.016002836654675116,0.021614244998744064,0.13054309761497115
0.902,0.01600007374433874,0.021607966144503388,0.1304919064008412
0.903,0.015997309521409122,0.021601688346963237,0.13044074834513192
0.904,0.01599454398853077,0.02159541160914927,0.13038962345704075
0.905,0.015991777148345033,0.021589135934072735,0.13033853174560603
0.906,0.015989009003490092,0.0215828613247305,0.13028747321970718
0.907,0.015986239556600983,0.02157658778410513,0.1302364478880653
0.908,0.015983468810309605,0.02157031531516495,0.13018545575924417
0.909,0.01598069676724469,0.02156404392086409,0.13013449684165118
0.91,0.015977923430031845,0.02155777360414256,0.13008357114353764
0.911,0.01597514880129353,0.021551504367926286,0.13003267867299964
0.912,0.015972372883649076,0.021545236215127172,0.12998181943797868
0.913,0.015969595679714673,0.021538969148643186,0.12993099344626313
0.914,0.015966817192103393,0.021532703171358376,0.12988020070548775
0.915,0.01596403742342518,0.021526438286142945,0.12982944122313506
0.916,0.015961256376286852,0.021520174495853334,0.12977871500653668
0.917,0.01595847405329211,0.021513911803332213,0.12972802206287248
0.918,0.01595569045704155,0.02150765021140861,0.12967736239917274
0.919,0.015952905590132637,0.021501389722897918,0.12962673602231825
0.92,0.015950119455159752,0.021495130340601975,0.12957614293904085
0.921,0.01594733205471416,0.021488872067309102,0.12952558315592433
0.922,0.015944543391384014,0.021482614905794173,0.12947505667940562
0.923,0.015941753467754387,0.02147635885881867,0.12942456351577464
0.924,0.015938962286407243,0.021470103929130718,0.1293741036711754
0.925,0.015936169849921474,0.021463850119465167,0.1293236771516065
0.926,0.015933376160872863,0.021457597432543628,0.12927328396292226
0.927,0.01593058122183412,0.02145134587107453,0.12922292411083292
0.928,0.01592778503537488,0.021445095437753182,0.12917259760090546
0.929,0.015924987604061677,0.021438846135261813,0.1291223044385648
0.93,0.015922188930458003,0.02143259796626965,0.1290720446290933
0.931,0.01591938901712425,0.021426350933432935,0.12902181817763272
0.932,0.015916587866617763,0.02142010503939501,0.12897162508918372
0.933,0.015913785481492807,0.021413860286786355,0.12892146536860793
0.934,0.0159109818643006,0.021407616678224644,0.12887133902062692
0.935,0.015908177017589297,0.021401374216314793,0.12882124604982426
0.936,0.01590537094390399,0.021395132903649024,0.1287711864606457
0.937,0.01590256364578673,0.0213888927428069,0.12872116025739955
0.9380000000000001,0.015899755125776523,0.021382653736355395,0.12867116744425755
0.9390000000000001,0.015896945386409324,0.021376415886848934,0.12862120802525567
0.9400000000000001,0.01589413443021805,0.021370179196829438,0.12857128200429446
0.9410000000000001,0.01589132225973257,0.021363943668826397,0.12852138938514018
0.9420000000000001,0.015888508877479737,0.0213577093053569,0.12847153017142485
0.9430000000000001,0.015885694285983368,0.021351476108925696,0.12842170436664702
0.9440000000000001,0.01588287848776423,0.02134524408202524,0.12837191197417297
0.9450000000000001,0.015880061485340102,0.02133901322713576,0.12832215299723665
0.9460000000000001,0.015877243281225716,0.02133278354672527,0.12827242743894063
0.9470000000000001,0.01587442387793279,0.021326555043249658,0.12822273530225653
0.9480000000000001,0.015871603277970034,0.02132032771915272,0.12817307659002627
0.9490000000000001,0.015868781483843148,0.0213141015768662,0.12812345130496136
0.9500000000000001,0.01586595849805481,0.021307876618809857,0.12807385944964544
0.9510000000000001,0.01586313432310471,0.021301652847391512,0.12802430102653292
0.9520000000000001,0.01586030896148952,0.021295430265007083,0.12797477603795138
0.9530000000000001,0.015857482415702936,0.021289208874040646,0.12792528448610033
0.9540000000000001,0.015854654688235634,0.021282988676864477,0.12787582637305372
0.9550000000000001,0.01585182578157532,0.021276769675839097,0.1278264017007589
0.9560000000000001,0.01584899569820669,0.02127055187331335,0.1277770104710387
0.9570000000000001,0.015846164440611474,0.0212643352716244,0.12772765268559066
0.9580000000000001,0.01584333201126841,0.021258119873097822,0.12767832834598872
0.9590000000000001,0.015840498412653264,0.021251905680047624,0.12762903745368293
0.96,0.015837663647238816,0.021245692694776323,0.1275797800100011
0.961,0.015834827717494886,0.021239480919574942,0.12753055601614796
0.962,0.01583199062588831,0.021233270356723115,0.12748136547320738
0.963,0.015829152374882974,0.021227061008489097,0.1274322083821417
0.964,0.015826312966939798,0.02122085287712982,0.12738308474379265
0.965,0.01582347240451673,0.021214645964890942,0.12733399455888259
0.966,0.015820630690068775,0.02120844027400688,0.12728493782801387
0.967,0.015817787826047983,0.021202235806700893,0.12723591455167063
0.968,0.015814943814903448,0.021196032565185083,0.12718692473021875
0.969,0.015812098659081335,0.021189830551660464,0.1271379683639061
0.97,0.015809252361024834,0.021183629768317,0.1270890454528641
0.971,0.015806404923174228,0.021177430217333655,0.12704015599710716
0.972,0.01580355634796685,0.021171231900878443,0.12699129999653402
0.973,0.015800706637837083,0.021165034821108458,0.12694247745092846
0.974,0.015797855795216413,0.02115883898016994,0.12689368835995893
0.975,0.01579500382253337,0.021152644380198288,0.1268449327231799
0.976,0.015792150722213575,0.021146451023318143,0.12679621054003223
0.977,0.015789296496679723,0.0211402589116434,0.12674752180984375
0.978,0.015786441148351593,0.021134068047277278,0.12669886653182957
0.979,0.015783584679646044,0.021127878432312328,0.126650244705093
0.98,0.015780727092977037,0.021121690068830516,0.1266016563286255
0.981,0.015777868390755605,0.02111550295890325,0.1265531014013082
0.982,0.015775008575389896,0.02110931710459142,0.1265045799219117
0.983,0.015772147649285147,0.021103132507945446,0.1264560918890964
0.984,0.01576928561484369,0.021096949171005314,0.12640763730141413
0.985,0.015766422474464976,0.021090767095800628,0.12635921615730725
0.986,0.015763558230545552,0.021084586284350646,0.1263108284551103
0.987,0.01576069288547908,0.021078406738664332,0.12626247419305034
0.988,0.015757826441656332,0.02107222846074039,0.12621415336924705
0.989,0.015754958901465207,0.02106605145256729,0.12616586598171334
0.99,0.01575209026729071,0.021059875716123357,0.12611761202835647
0.991,0.015749220541514987,0.02105370125337676,0.12606939150697766
0.992,0.015746349726517297,0.021047528066285594,0.12602120441527348
0.993,0.015743477824674026,0.021041356156797884,0.1259730507508359
0.994,0.015740604838358707,0.021035185526851675,0.1259249305111529
0.995,0.015737730769941994,0.021029016178375003,0.1258768436936086
0.996,0.015734855621791694,0.021022848113286027,0.12582879029548485
0.997,0.015731979396272747,0.021016681333492993,0.12578077031396048
0.998,0.015729102095747235,0.021010515840894285,0.12573278374611246
0.999,0.015726223722574404,0.02100435163737853,0.12568483058891664
1.0,0.01572334427911063,0.020998188724824545,0.12563691083924752
1.0010000000000001,0.015720463767709462,0.020992027105101452,0.12558902449387951
1.002,0.015717582190721596,0.020985866780068675,0.1255411715494869
1.0030000000000001,0.015714699550494895,0.020979707751576003,0.12549335200264455
1.004,0.015711815849374377,0.020973550021463602,0.12544556584982838
1.0050000000000001,0.015708931089702238,0.020967393591562095,0.1253978130874159
1.006,0.01570604527381784,0.02096123846369257,0.12535009371168673
1.0070000000000001,0.015703158404057713,0.020955084639666628,0.12530240771882276
1.008,0.015700270482755567,0.02094893212128642,0.12525475510490938
1.0090000000000001,0.015697381512242294,0.020942780910344686,0.12520713586593504
1.01,0.01569449149484597,0.020936631008624817,0.12515954999779244
1.0110000000000001,0.015691600432891844,0.02093048241790084,0.12511199749627872
1.012,0.015688708328702367,0.020924335139937498,0.1250644783570956
1.0130000000000001,0.015685815184597173,0.020918189176490305,0.12501699257585103
1.014,0.015682921002893098,0.020912044529305524,0.12496954014805811
1.0150000000000001,0.01568002578590417,0.020905901200120258,0.12492212106913674
1.016,0.01567712953594162,0.02089975919066247,0.12487473533441362
1.0170000000000001,0.015674232255313874,0.020893618502650996,0.12482738293912268
1.018,0.015671333946326586,0.020887479137795636,0.12478006387840569
1.0190000000000001,0.0156684346112826,0.020881341097797147,0.12473277814731275
1.02,0.01566553425248198,0.020875204384347285,0.12468552574080245
1.0210000000000001,0.01566263287222201,0.020869068999128874,0.12463830665374315
1.022,0.01565973047279718,0.020862934943815796,0.12459112088091207
1.0230000000000001,0.015656827056499217,0.020856802220073065,0.12454396841699711
1.024,0.01565392262561707,0.020850670829556845,0.12449684925659636
1.025,0.015651017182436906,0.0208445407739145,0.12444976339421938
1.026,0.015648110729242132,0.02083841205478461,0.12440271082428682
1.027,0.01564520326831339,0.020832284673797028,0.12435569154113145
1.028,0.015642294801928552,0.020826158632572905,0.12430870553899834
1.029,0.015639385332362744,0.020820033932724722,0.12426175281204527
1.03,0.01563647486188831,0.020813910575856336,0.12421483335434359
1.031,0.015633563392774875,0.020807788563563016,0.12416794715987799
1.032,0.01563065092728928,0.020801667897431455,0.12412109422254752
1.033,0.015627737467695635,0.02079554857903985,0.1240742745361661
1.034,0.015624823016255304,0.020789430609957887,0.12402748809446192
1.035,0.015621907575226907,0.020783313991746818,0.12398073489107948
1.036,0.015618991146866327,0.02077719872595946,0.12393401491957859
1.037,0.015616073733426711,0.020771084814140264,0.1238873281734356
1.038,0.015613155337158468,0.020764972257825316,0.12384067464604373
1.039,0.015610235960309285,0.0207588610585424,0.12379405433071312
1.04,0.015607315605124118,0.020752751217811023,0.12374746722067202
1.041,0.015604394273845197,0.020746642737142426,0.12370091330906595
1.042,0.015601471968712035,0.02074053561803966,0.12365439258895959
1.043,0.015598548691961426,0.02073442986199759,0.12360790505333628
1.044,0.015595624445827447,0.020728325470502934,0.12356145069509865
1.045,0.01559269923254147,0.020722222445034306,0.12351502950706893
1.046,0.015589773054332144,0.020716120787062232,0.12346864148198969
1.047,0.015586845913425424,0.02071002049804921,0.1234222866125241
1.048,0.015583917812044561,0.02070392157944971,0.12337596489125612
1.049,0.015580988752410098,0.020697824032710234,0.12332967631069112
1.05,0.015578058736739887,0.020691727859269343,0.12328342086325648
1.051,0.015575127767249087,0.020685633060557672,0.12323719854130141
1.052,0.01557219584615016,0.020679539637997995,0.12319100933709813
1.053,0.015569262975652884,0.02067344759300522,0.12314485324284148
1.054,0.015566329157964348,0.02066735692698645,0.12309873025065014
1.055,0.01556339439528896,0.020661267641341012,0.12305264035256624
1.056,0.015560458689828452,0.020655179737460463,0.12300658354055624
1.057,0.015557522043781875,0.02064909321672867,0.12296055980651141
1.058,0.015554584459345603,0.02064300808052178,0.1229145691422476
1.059,0.01555164593871335,0.02063692433020832,0.12286861153950657
1.06,0.015548706484076148,0.020630841967149163,0.12282268698995549
1.061,0.015545766097622373,0.02062476099269761,0.12277679548518801
1.062,0.01554282478153774,0.020618681408199394,0.12273093701672413
1.063,0.015539882538005301,0.02061260321499272,0.12268511157601078
1.064,0.01553693936920545,0.020606526414408292,0.12263931915442246
1.065,0.015533995277315934,0.020600451007769357,0.12259355974326135
1.066,0.015531050264511837,0.02059437699639171,0.12254783333375778
1.067,0.015528104332965614,0.020588304381583752,0.12250213991707022
1.068,0.01552515748484706,0.0205822331646465,0.12245647948428649
1.069,0.015522209722323335,0.020576163346873642,0.12241085202642352
1.07,0.015519261047558951,0.02057009492955153,0.12236525753442787
1.071,0.015516311462715803,0.020564027913959254,0.12231969599917605
1.072,0.01551336096995313,0.020557962301368624,0.12227416741147482
1.073,0.015510409571427557,0.020551898093044255,0.12222867176206215
1.074,0.015507457269293074,0.020545835290243543,0.12218320904160669
1.075,0.015504504065701053,0.020539773894216736,0.12213777924070876
1.076,0.015501549962800228,0.020533713906206934,0.12209238234990065
1.077,0.015498594962736739,0.020527655327450146,0.12204701835964668
1.078,0.01549563906765409,0.02052159815917529,0.12200168726034379
1.079,0.015492682279693177,0.020515542402604246,0.12195638904232202
1.08,0.01548972460099229,0.02050948805895187,0.12191112369584459
1.081,0.015486766033687111,0.020503435129426043,0.12186589121110859
1.082,0.01548380657991071,0.020497383615227672,0.12182069157824495
1.083,0.015480846241793567,0.020491333517550732,0.12177552478731885
1.084,0.01547788502146355,0.0204852848375823,0.12173039082833069
1.085,0.015474922921045941,0.020479237576502593,0.12168528969121566
1.086,0.015471959942663422,0.020473191735484952,0.12164022136584436
1.087,0.015468996088436092,0.020467147315695926,0.12159518584202317
1.088,0.015466031360481454,0.02046110431829526,0.12155018310949495
1.089,0.015463065760914435,0.02045506274443596,0.12150521315793888
1.09,0.015460099291847372,0.020449022595264266,0.12146027597697064
1.091,0.015457131955390026,0.020442983871919736,0.12141537155614372
1.092,0.015454163753649585,0.020436946575535245,0.12137049988494868
1.093,0.015451194688730659,0.020430910707237016,0.12132566095281418
1.094,0.015448224762735293,0.020424876268144657,0.12128085474910695
1.095,0.015445253977762951,0.02041884325937117,0.12123608126313247
1.096,0.015442282335910548,0.02041281168202299,0.12119134048413492
1.097,0.01543930983927243,0.02040678153720003,0.12114663240129797
1.098,0.01543633648994038,0.020400752825995662,0.1211019570037444
1.099,0.015433362290003635,0.020394725549496798,0.12105731428053741
1.1,0.015430387241548861,0.020388699708783868,0.1210127042206802
1.101,0.01542741134666019,0.02038267530493088,0.12096812681311635
1.102,0.015424434607419196,0.020376652339005433,0.12092358204673069
1.103,0.01542145702590491,0.020370630812068753,0.12087906991034894
1.104,0.015418478604193823,0.020364610725175706,0.12083459039273863
1.105,0.01541549934435988,0.02035859207937483,0.12079014348260902
1.106,0.015412519248474492,0.020352574875708365,0.12074572916861162
1.107,0.015409538318606543,0.020346559115212274,0.12070134743934027
1.108,0.01540655655682237,0.02034054479891628,0.12065699828333208
1.109,0.015403573965185796,0.020334531927843867,0.12061268168906682
1.11,0.015400590545758111,0.020328520503012343,0.12056839764496806
1.111,0.015397606300598077,0.020322510525432817,0.12052414613940302
1.112,0.015394621231761945,0.02031650199611028,0.12047992716068305
1.113,0.015391635341303446,0.020310494916043587,0.12043574069706409
1.114,0.015388648631273785,0.020304489286225497,0.12039158673674659
1.115,0.015385661103721675,0.020298485107642712,0.12034746526787603
1.116,0.015382672760693302,0.02029248238127588,0.12030337627854354
1.117,0.015379683604232352,0.020286481108099625,0.12025931975678565
1.118,0.01537669363638001,0.020280481289082587,0.1202152956905848
1.119,0.015373702859174948,0.02027448292518743,0.12017130406787006
1.12,0.015370711274653353,0.02026848601737087,0.12012734487651676
1.121,0.015367718884848914,0.020262490566583715,0.12008341810434717
1.122,0.015364725691792815,0.020256496573770866,0.12003952373913106
1.123,0.015361731697513767,0.020250504039871362,0.11999566176858528
1.124,0.01535873690403798,0.020244512965818376,0.11995183218037456
1.125,0.01535574131338918,0.020238523352539284,0.11990803496211214
1.1260000000000001,0.015352744927588619,0.020232535200955644,0.11986427010135901
1.127,0.015349747748655065,0.02022654851198325,0.11982053758562529
1.1280000000000001,0.015346749778604809,0.020220563286532135,0.1197768374023697
1.129,0.015343751019451667,0.020214579525506624,0.11973316953900089
1.1300000000000001,0.015340751473206984,0.020208597229805322,0.11968953398287639
1.131,0.015337751141879635,0.02020261640032116,0.11964593072130408
1.1320000000000001,0.015334750027476035,0.020196637037941417,0.11960235974154167
1.133,0.015331748132000132,0.02019065914354773,0.11955882103079722
1.1340000000000001,0.015328745457453411,0.020184682718016142,0.11951531457623003
1.135,0.015325742005834904,0.0201787077622171,0.11947184036494989
1.1360000000000001,0.015322737779141178,0.020172734277015488,0.11942839838401827
1.137,0.015319732779366362,0.020166762263270653,0.11938498862044775
1.1380000000000001,0.015316727008502127,0.020160791721836435,0.11934161106120326
1.139,0.015313720468537692,0.020154822653561166,0.11929826569320173
1.1400000000000001,0.015310713161459846,0.020148855059287717,0.11925495250331224
1.141,0.015307705089252919,0.020142888939853512,0.11921167147835705
1.1420000000000001,0.015304696253898815,0.020136924296090535,0.11916842260511087
1.143,0.015301686657376995,0.020130961128825394,0.11912520587030226
1.1440000000000001,0.01529867630166449,0.020124999438879295,0.1190820212606127
1.145,0.015295665188735897,0.020119039227068092,0.1190388687626779
1.1460000000000001,0.015292653320563381,0.02011308049420231,0.11899574836308764
1.147,0.015289640699116695,0.020107123241087155,0.1189526600483858
1.1480000000000001,0.015286627326363152,0.020101167468522533,0.11890960380507087
1.149,0.015283613204267655,0.020095213177303107,0.11886657961959685
1.1500000000000001,0.015280598334792686,0.020089260368218263,0.11882358747837189
1.151,0.015277582719898312,0.020083309042052182,0.11878062736776052
1.1520000000000001,0.01527456636154219,0.020077359199583835,0.11873769927408236
1.153,0.015271549261679559,0.020071410841587006,0.11869480318361338
1.154,0.015268531422263261,0.02006546396883033,0.11865193908258545
1.155,0.015265512845243726,0.020059518582077294,0.11860910695718722
1.156,0.01526249353256899,0.020053574682086267,0.11856630679356374
1.157,0.015259473486184677,0.020047632269610524,0.11852353857781735
1.158,0.015256452708034026,0.020041691345398266,0.1184808022960076
1.159,0.015253431200057881,0.020035751910192648,0.11843809793415168
1.16,0.01525040896419468,0.020029813964731767,0.11839542547822428
1.161,0.015247386002380497,0.020023877509748746,0.11835278491415838
1.162,0.015244362316548998,0.02001794254597168,0.11831017622784518
1.163,0.015241337908631475,0.02001200907412371,0.1182675994051342
1.164,0.015238312780556835,0.02000607709492304,0.11822505443183444
1.165,0.015235286934251612,0.020000146609082916,0.11818254129371313
1.166,0.015232260371639961,0.019994217617311703,0.11814005997649735
1.167,0.01522923309464366,0.019988290120312863,0.1180976104658736
1.168,0.015226205105182126,0.019982364118784998,0.1180551927474881
1.169,0.0152231764051724,0.01997643961342185,0.11801280680694702
1.17,0.015220146996529156,0.019970516604912357,0.11797045262981753
1.171,0.015217116881164717,0.01996459509394062,0.1179281302016261
1.172,0.01521408606098903,0.019958675081185984,0.1178858395078613
1.173,0.015211054537909698,0.019952756567323003,0.11784358053397179
1.174,0.015208022313831957,0.019946839553021498,0.11780135326536809
1.175,0.015204989390658702,0.01994092403894656,0.11775915768742186
1.176,0.015201955770290473,0.01993501002575856,0.11771699378546657
1.177,0.015198921454625453,0.0199290975141132,0.11767486154479806
1.178,0.015195886445559505,0.01992318650466151,0.11763276095067389
1.179,0.015192850744986119,0.019917276998049856,0.11759069198831458
1.18,0.01518981435479647,0.019911368994919992,0.11754865464290291
1.181,0.015186777276879386,0.01990546249590905,0.11750664889958463
1.182,0.015183739513121358,0.01989955750164958,0.11746467474346926
1.183,0.015180701065406551,0.01989365401276956,0.11742273215962909
1.184,0.015177661935616794,0.019887752029892403,0.11738082113310032
1.185,0.015174622125631596,0.019881851553637003,0.11733894164888305
1.186,0.015171581637328142,0.019875952584617735,0.11729709369194129
1.187,0.015168540472581284,0.019870055123444468,0.1172552772472035
1.188,0.015165498633263568,0.019864159170722616,0.11721349229956304
1.189,0.015162456121245218,0.01985826472705311,0.11717173883387741
1.19,0.015159412938394142,0.01985237179303246,0.11713001683496965
1.191,0.01515636908657594,0.019846480369252743,0.1170883262876277
1.192,0.0151533245676539,0.019840590456301637,0.11704666717660521
1.193,0.015150279383489005,0.019834702054762444,0.11700503948662155
1.194,0.01514723353593994,0.019828815165214092,0.11696344320236175
1.195,0.015144187026863074,0.01982292978823115,0.11692187830847699
1.196,0.015141139858112489,0.01981704592438388,0.11688034478958509
1.197,0.015138092031539964,0.019811163574238226,0.1168388426302704
1.198,0.015135043548994993,0.01980528273835582,0.11679737181508358
1.199,0.015131994412324769,0.019799403417294054,0.11675593232854305
1.2,0.015128944623374201,0.01979352561160603,0.11671452415513386
1.201,0.01512589418398591,0.019787649321840618,0.11667314727930865
1.202,0.015122843096000238,0.019781774548542484,0.11663180168548805
1.203,0.015119791361255235,0.019775901292252065,0.11659048735805999
1.204,0.015116738981586681,0.019770029553505628,0.11654920428138102
1.205,0.01511368595882808,0.019764159332835263,0.11650795243977558
1.206,0.015110632294810656,0.019758290630768914,0.11646673181753692
1.207,0.015107577991363363,0.019752423447830385,0.11642554239892697
1.208,0.015104523050312894,0.019746557784539365,0.11638438416817616
1.209,0.01510146747348367,0.019740693641411445,0.1163432571094847
1.21,0.015098411262697842,0.019734831018958135,0.1163021612070218
1.211,0.015095354419775308,0.01972896991768687,0.11626109644492613
1.212,0.015092296946533709,0.01972311033810105,0.11622006280730625
1.213,0.01508923884478842,0.019717252280700034,0.1161790602782409
1.214,0.015086180116352566,0.019711395745979174,0.1161380888417787
1.215,0.015083120763037026,0.019705540734429816,0.1160971484819387
1.216,0.015080060786650428,0.01969968724653933,0.11605623918271032
1.217,0.015077000188999146,0.019693835282791117,0.11601536092805398
1.218,0.015073938971887316,0.019687984843664637,0.11597451370190133
1.219,0.01507087713711683,0.019682135929635414,0.1159336974881547
1.22,0.015067814686487347,0.019676288541175074,0.11589291227068838
1.221,0.015064751621796279,0.019670442678751305,0.11585215803334721
1.222,0.015061687944838816,0.01966459834282796,0.11581143475994889
1.223,0.015058623657407903,0.019658755533864994,0.11577074243428256
1.224,0.015055558761294267,0.019652914252318524,0.11573008104010943
1.225,0.0150524932582864,0.01964707449864084,0.11568945056116353
1.226,0.015049427150170571,0.0196412362732804,0.11564885098115082
1.227,0.015046360438730836,0.01963539957668188,0.11560828228375046
1.228,0.01504329312574902,0.019629564409286156,0.11556774445261439
1.229,0.015040225213004731,0.01962373077153034,0.11552723747136767
1.23,0.015037156702275374,0.01961789866384779,0.11548676132360869
1.231,0.015034087595336133,0.019612068086668124,0.11544631599290905
1.232,0.015031017893959974,0.019606239040417247,0.11540590146281479
1.233,0.015027947599917676,0.019600411525517347,0.115365517716845
1.234,0.015024876714977795,0.01959458554238693,0.11532516473849339
1.235,0.015021805240906695,0.019588761091440823,0.11528484251122753
1.236,0.015018733179468531,0.019582938173090193,0.11524455101848981
1.237,0.015015660532425272,0.019577116787742557,0.11520429024369673
1.238,0.015012587301536678,0.01957129693580182,0.11516406017024035
1.239,0.015009513488560328,0.01956547861766826,0.11512386078148706
1.24,0.015006439095251603,0.019559661833738556,0.11508369206077854
1.241,0.015003364123363701,0.019553846584405815,0.11504355399143205
1.242,0.01500028857464763,0.019548032870059566,0.11500344655674025
1.243,0.014997212450852216,0.019542220691085778,0.11496336973997144
1.244,0.014994135753724104,0.019536410047866902,0.11492332352436994
1.245,0.014991058485007761,0.019530600940781847,0.11488330789315601
1.246,0.01498798064644548,0.01952479337020603,0.11484332282952645
1.247,0.014984902239777376,0.01951898733651136,0.11480336831665403
1.248,0.014981823266741396,0.01951318284006627,0.11476344433768838
1.249,0.014978743729073313,0.01950737988123574,0.11472355087575611
1.25,0.014975663628506743,0.01950157846038128,0.11468368791396014
1.2510000000000001,0.014972582966773127,0.019495778577860987,0.11464385543538132
1.252,0.014969501745601755,0.019489980234029522,0.11460405342307702
1.2530000000000001,0.014966419966719744,0.019484183429238147,0.11456428186008283
1.254,0.014963337631852069,0.019478388163834726,0.11452454072941133
1.2550000000000001,0.014960254742721536,0.019472594438163748,0.11448483001405316
1.256,0.014957171301048811,0.019466802252566348,0.11444514969697722
1.2570000000000001,0.014954087308552402,0.019461011607380296,0.11440549976113
1.258,0.014951002766948673,0.019455222502940038,0.11436588018943683
1.2590000000000001,0.014947917677951844,0.0194494349395767,0.11432629096480114
1.26,0.014944832043273987,0.01944364891761809,0.1142867320701052
1.2610000000000001,0.014941745864625034,0.01943786443738873,0.11424720348821002
1.262,0.014938659143712786,0.019432081499209865,0.11420770520195572
1.2630000000000001,0.0149355718822429,0.019426300103399477,0.11416823719416157
1.264,0.014932484081918903,0.01942052025027228,0.11412879944762576
1.2650000000000001,0.014929395744442195,0.01941474194013978,0.11408939194512663
1.266,0.014926306871512036,0.019408965173310228,0.1140500146694214
1.2670000000000001,0.014923217464825571,0.01940318995008868,0.11401066760324766
1.268,0.014920127526077815,0.019397416270777,0.11397135072932284
1.2690000000000001,0.014917037056961664,0.019391644135673857,0.11393206403034428
1.27,0.01491394605916789,0.019385873545074758,0.11389280748898982
1.2710000000000001,0.014910854534385154,0.019380104499272046,0.11385358108791757
1.272,0.0149077624843,0.01937433699855494,0.11381438480976644
1.2730000000000001,0.014904669910596852,0.019368571043209493,0.11377521863715583
1.274,0.014901576814958038,0.019362806633518685,0.11373608255268633
1.2750000000000001,0.014898483199063764,0.01935704376976236,0.11369697653893944
1.276,0.014895389064592144,0.019351282452217282,0.11365790057847779
1.2770000000000001,0.014892294413219176,0.01934552268115714,0.1136188546538456
1.278,0.01488919924661877,0.019339764456852572,0.11357983874756858
1.2790000000000001,0.01488610356646272,0.01933400777957113,0.11354085284215396
1.28,0.014883007374420743,0.019328252649577365,0.11350189692009102
1.281,0.014879910672160454,0.019322499067132775,0.11346297096385073
1.282,0.014876813461347366,0.019316747032495862,0.11342407495588662
1.283,0.01487371574364492,0.019310996545922124,0.11338520887863421
1.284,0.01487061752071446,0.019305247607664063,0.11334637271451135
1.285,0.01486751879421525,0.01929950021797123,0.11330756644591893
1.286,0.014864419565804466,0.019293754377090196,0.11326879005524046
1.287,0.014861319837137206,0.019288010085264574,0.11323004352484181
1.288,0.014858219609866491,0.019282267342735058,0.11319132683707236
1.289,0.014855118885643266,0.01927652614973941,0.1131526399742647
1.29,0.014852017666116407,0.019270786506512497,0.11311398291873473
1.291,0.01484891595293271,0.019265048413286252,0.11307535565278147
1.292,0.01484581374773691,0.019259311870289758,0.1130367581586881
1.293,0.01484271105217167,0.01925357687774919,0.11299819041872097
1.294,0.014839607867877594,0.01924784343588789,0.1129596524151308
1.295,0.014836504196493218,0.019242111544926326,0.11292114413015221
1.296,0.014833400039655024,0.019236381205082143,0.11288266554600407
1.297,0.014830295398997436,0.01923065241657015,0.11284421664488926
1.298,0.014827190276152815,0.019224925179602347,0.11280579740899574
1.299,0.014824084672751479,0.019219199494387933,0.11276740782049548
1.3,0.014820978590421693,0.019213475361133315,0.11272904786154563
1.301,0.014817872030789674,0.01920775278004212,0.11269071751428782
1.302,0.014814764995479584,0.019202031751315202,0.11265241676084918
1.303,0.014811657486113555,0.019196312275150673,0.11261414558334158
1.304,0.014808549504311664,0.019190594351743896,0.11257590396386263
1.305,0.014805441051691959,0.0191848779812875,0.1125376918844951
1.306,0.014802332129870449,0.019179163163971395,0.11249950932730715
1.307,0.014799222740461103,0.019173449899982785,0.11246135627435318
1.308,0.014796112885075862,0.01916773818950617,0.11242323270767285
1.309,0.014793002565324632,0.019162028032723384,0.1123851386092925
1.31,0.0147898917828153,0.01915631942981356,0.11234707396122381
1.311,0.014786780539153718,0.019150612380953187,0.11230903874546516
1.312,0.014783668835943717,0.019144906886316104,0.11227103294400152
1.313,0.014780556674787103,0.01913920294607349,0.11223305653880379
1.314,0.014777444057283673,0.019133500560393923,0.11219510951182998
1.315,0.014774330985031196,0.019127799729443343,0.11215719184502473
1.316,0.014771217459625436,0.019122100453385093,0.11211930352031932
1.317,0.014768103482660134,0.019116402732379918,0.11208144451963266
1.318,0.014764989055727023,0.01911070656658597,0.11204361482487021
1.319,0.014761874180415841,0.01910501195615886,0.11200581441792512
1.32,0.014758758858314298,0.01909931890125159,0.11196804328067794
1.321,0.014755643091008123,0.01909362740201465,0.11193030139499627
1.322,0.014752526880081024,0.019087937458595973,0.11189258874273615
1.323,0.014749410227114719,0.01908224907114096,0.11185490530574095
1.324,0.014746293133688929,0.019076562239792504,0.11181725106584206
1.325,0.014743175601381383,0.019070876964690984,0.11177962600485883
1.326,0.014740057631767806,0.019065193245974273,0.11174203010459884
1.327,0.014736939226421945,0.01905951108377778,0.11170446334685813
1.328,0.014733820386915548,0.019053830478234418,0.11166692571342103
1.329,0.01473070111481839,0.019048151429474646,0.11162941718606029
1.33,0.014727581411698247,0.019042473937626456,0.11159193774653735
1.331,0.014724461279120924,0.019036798002815422,0.11155448737660294
1.332,0.014721340718650238,0.019031123625164643,0.11151706605799591
1.333,0.01471821973184804,0.019025450804794838,0.11147967377244464
1.334,0.014715098320274195,0.01901977954182428,0.11144231050166643
1.335,0.0147119764854866,0.01901410983636886,0.11140497622736813
1.336,0.014708854229041182,0.019008441688542075,0.11136767093124572
1.337,0.014705731552491896,0.01900277509845503,0.11133039459498481
1.338,0.014702608457390728,0.018997110066216454,0.11129314720026044
1.339,0.01469948494528771,0.018991446591932734,0.1112559287287376
1.34,0.014696361017730898,0.018985784675707898,0.11121873916207127
1.341,0.014693236676266404,0.01898012431764362,0.11118157848190582
1.342,0.014690111922438366,0.018974465517839257,0.1111444466698764
1.343,0.014686986757788975,0.01896880827639184,0.11110734370760803
1.344,0.01468386118385847,0.01896315259339609,0.11107026957671588
1.345,0.014680735202185134,0.018957498468944418,0.11103322425880571
1.346,0.0146776088143053,0.018951845903126957,0.11099620773547407
1.347,0.014674482021753357,0.018946194896031547,0.11095921998830781
1.348,0.01467135482606175,0.018940545447743765,0.11092226099888469
1.349,0.014668227228760978,0.018934897558346923,0.11088533074877348
1.35,0.014665099231379604,0.018929251227922075,0.11084842921953356
1.351,0.014661970835444241,0.018923606456548035,0.11081155639271588
1.352,0.014658842042479582,0.01891796324430139,0.11077471224986232
1.353,0.014655712854008374,0.018912321591256494,0.11073789677250606
1.354,0.014652583271551431,0.018906681497485492,0.11070110994217193
1.355,0.01464945329662765,0.018901042963058327,0.11066435174037602
1.356,0.01464632293075398,0.01889540598804275,0.11062762214862659
1.357,0.014643192175445468,0.018889770572504308,0.11059092114842282
1.358,0.014640061032215214,0.018884136716506385,0.11055424872125638
1.359,0.014636929502574413,0.018878504420110215,0.11051760484861113
1.36,0.014633797588032335,0.018872873683374838,0.11048098951196202
1.361,0.014630665290096328,0.018867244506357173,0.11044440269277725
1.362,0.014627532610271835,0.018861616889111997,0.11040784437251674
1.363,0.014624399550062379,0.018855990831691948,0.11037131453263281
1.364,0.014621266110969571,0.018850366334147547,0.11033481315457053
1.365,0.014618132294493115,0.018844743396527204,0.11029834021976741
1.366,0.014614998102130813,0.018839122018877236,0.1102618957096537
1.367,0.014611863535378555,0.01883350220124186,0.11022547960565257
1.368,0.014608728595730333,0.018827883943663193,0.11018909188917972
1.369,0.014605593284678234,0.018822267246181305,0.11015273254164439
1.37,0.014602457603712456,0.018816652108834188,0.1101164015444486
1.371,0.014599321554321289,0.01881103853165776,0.1100800988789875
1.372,0.014596185137991135,0.018805426514685922,0.11004382452664992
1.373,0.014593048356206508,0.018799816057950516,0.11000757846881781
1.374,0.014589911210450026,0.018794207161481356,0.10997136068686679
1.375,0.014586773702202413,0.018788599825306233,0.10993517116216615
1.3760000000000001,0.014583635832942522,0.01878299404945093,0.1098990098760787
1.377,0.014580497604147315,0.018777389833939225,0.10986287680996105
1.3780000000000001,0.014577359017291869,0.01877178717879289,0.10982677194516388
1.379,0.014574220073849386,0.01876618608403172,0.10979069526303187
1.3800000000000001,0.01457108077529119,0.01876058654967354,0.10975464674490377
1.381,0.01456794112308673,0.018754988575734186,0.10971862637211253
1.3820000000000001,0.014564801118703579,0.01874939216222754,0.10968263412598529
1.383,0.014561660763607437,0.018743797309165533,0.10964666998784374
1.3840000000000001,0.014558520059262144,0.018738204016558162,0.10961073393900411
1.385,0.014555379007129663,0.01873261228441346,0.10957482596077693
1.3860000000000001,0.014552237608670098,0.018727022112737562,0.1095389460344677
1.387,0.014549095865341685,0.018721433501534667,0.10950309414137652
1.3880000000000001,0.0145459537786008,0.018715846450807063,0.10946727026279852
1.389,0.014542811349901966,0.018710260960555142,0.10943147438002349
1.3900000000000001,0.014539668580697843,0.018704677030777408,0.10939570647433673
1.391,0.014536525472439242,0.018699094661470465,0.10935996652701818
1.3920000000000001,0.014533382026575111,0.01869351385262904,0.10932425451934329
1.393,0.014530238244552558,0.018687934604246,0.10928857043258292
1.3940000000000001,0.014527094127816834,0.01868235691631234,0.10925291424800307
1.395,0.014523949677811353,0.018676780788817217,0.10921728594686557
1.3960000000000001,0.014520804895977672,0.018671206221747918,0.10918168551042756
1.397,0.014517659783755514,0.018665633215089912,0.1091461129199419
1.3980000000000001,0.01451451434258276,0.018660061768826838,0.10911056815665754
1.399,0.014511368573895454,0.018654491882940504,0.10907505120181885
1.4000000000000001,0.014508222479127801,0.018648923557410914,0.10903956203666648
1.401,0.01450507605971217,0.018643356792216254,0.10900410064243693
1.4020000000000001,0.0145019293170791,0.018637791587332926,0.10896866700036296
1.403,0.014498782252657301,0.018632227942735537,0.10893326109167348
1.4040000000000001,0.014495634867873653,0.018626665858396906,0.10889788289759367
1.405,0.014492487164153205,0.018621105334288082,0.10886253239934524
1.4060000000000001,0.014489339142919192,0.018615546370378353,0.10882720957814615
1.407,0.014486190805593017,0.018609988966635238,0.10879191441521113
1.408,0.014483042153594269,0.01860443312302451,0.10875664689175138
1.409,0.014479893188340712,0.0185988788395102,0.10872140698897506
1.41,0.014476743911248304,0.0185933261160546,0.1086861946880867
1.411,0.014473594323731182,0.01858777495261828,0.10865100997028837
1.412,0.014470444427201667,0.018582225349160073,0.10861585281677852
1.413,0.014467294223070276,0.01857667730563712,0.10858072320875307
1.414,0.014464143712745717,0.018571130822004834,0.10854562112740476
1.415,0.014460992897634889,0.01856558589821695,0.1085105465539239
1.416,0.014457841779142893,0.018560042534225503,0.10847549946949771
1.417,0.014454690358673018,0.01855450072998084,0.10844047985531122
1.418,0.01445153863762676,0.018548960485431646,0.10840548769254672
1.419,0.01444838661740381,0.018543421800524915,0.10837052296238406
1.42,0.014445234299402074,0.018537884675206,0.10833558564600063
1.421,0.014442081685017651,0.01853234910941859,0.10830067572457175
1.422,0.014438928775644861,0.018526815103104728,0.10826579317927021
1.423,0.014435775572676219,0.018521282656204827,0.10823093799126728
1.424,0.014432622077502462,0.01851575176865765,0.10819611014173137
1.425,0.014429468291512537,0.018510222440400334,0.10816130961182933
1.426,0.014426314216093607,0.01850469467136843,0.10812653638272655
1.427,0.014423159852631049,0.018499168461495838,0.10809179043558576
1.428,0.014420005202508468,0.018493643810714874,0.10805707175156837
1.429,0.014416850267107682,0.018488120718956252,0.10802238031183418
1.43,0.014413695047808739,0.01848259918614911,0.10798771609754154
1.431,0.014410539545989908,0.01847707921222097,0.10795307908984664
1.432,0.014407383763027689,0.018471560797097823,0.10791846926990516
1.433,0.0144042277002968,0.018466043940704044,0.10788388661887062
1.434,0.01440107135917021,0.01846052864296248,0.10784933111789566
1.435,0.014397914741019108,0.018455014903794413,0.10781480274813177
1.436,0.014394757847212917,0.01844950272311956,0.10778030149072891
1.437,0.014391600679119303,0.01844399210085613,0.10774582732683649
1.438,0.014388443238104173,0.018438483036920764,0.1077113802376024
1.439,0.014385285525531663,0.018432975531228593,0.10767696020417424
1.44,0.014382127542764165,0.01842746958369322,0.10764256720769816
1.441,0.014378969291162311,0.018421965194226737,0.10760820122931979
1.442,0.01437581077208498,0.018416462362739732,0.1075738622501843
1.443,0.014372651986889298,0.018410961089141278,0.10753955025143587
1.444,0.014369492936930649,0.01840546137333897,0.1075052652142183
1.445,0.01436633362356266,0.018399963215238894,0.10747100711967468
1.446,0.014363174048137214,0.018394466614745676,0.10743677594894818
1.447,0.014360014212004456,0.018388971571762457,0.10740257168318132
1.448,0.01435685411651279,0.01838347808619091,0.10736839430351616
1.449,0.014353693763008872,0.018377986157931243,0.10733424379109488
1.45,0.014350533152837632,0.01837249578688222,0.1073001201270595
1.451,0.014347372287342253,0.018367006972941143,0.1072660232925518
1.452,0.014344211167864189,0.018361519716003867,0.10723195326871347
1.453,0.014341049795743167,0.01835603401596484,0.10719791003668688
1.454,0.014337888172317173,0.018350549872717045,0.10716389357761384
1.455,0.014334726298922478,0.01834506728615206,0.10712990387263663
1.456,0.014331564176893612,0.018339586256160043,0.10709594090289798
1.457,0.014328401807563396,0.01833410678262974,0.10706200464954083
1.458,0.014325239192262923,0.0183286288654485,0.10702809509370827
1.459,0.014322076332321552,0.018323152504502255,0.1069942122165445
1.46,0.01431891322906695,0.018317677699675558,0.10696035599919342
1.461,0.014315749883825045,0.018312204450851584,0.1069265264228005
1.462,0.014312586297920059,0.018306732757912107,0.10689272346851107
1.463,0.014309422472674502,0.018301262620737543,0.10685894711747161
1.464,0.01430625840940917,0.018295794039206933,0.10682519735082924
1.465,0.014303094109443155,0.018290327013197966,0.10679147414973209
1.466,0.014299929574093831,0.018284861542586957,0.10675777749532912
1.467,0.014296764804676886,0.018279397627248898,0.10672410736877039
1.468,0.014293599802506277,0.018273935267057412,0.10669046375120705
1.469,0.01429043456889429,0.018268474461884794,0.10665684662379084
1.47,0.014287269105151492,0.018263015211602025,0.10662325596767577
1.471,0.014284103412586752,0.018257557516078722,0.10658969176401592
1.472,0.014280937492507252,0.018252101375183218,0.10655615399396746
1.473,0.01427777134621848,0.018246646788782517,0.10652264263868758
1.474,0.014274604975024224,0.01824119375674232,0.10648915767933526
1.475,0.014271438380226587,0.018235742278927016,0.10645569909707044
1.476,0.01426827156312598,0.018230292355199705,0.10642226687305507
1.477,0.014265104525021133,0.018224843985422196,0.10638886098845249
1.478,0.014261937267209092,0.018219397169455025,0.10635548142442787
1.479,0.01425876979098521,0.01821395190715742,0.10632212816214787
1.48,0.014255602097643172,0.01820850819838737,0.10628880118278138
1.481,0.014252434188474975,0.018203066043001568,0.10625550046749868
1.482,0.014249266064770944,0.018197625440855465,0.10622222599747233
1.483,0.014246097727819724,0.018192186391803245,0.10618897775387662
1.484,0.014242929178908292,0.01818674889569784,0.10615575571788789
1.485,0.014239760419321951,0.01818131295239095,0.10612255987068481
1.486,0.014236591450344331,0.01817587856173302,0.10608939019344794
1.487,0.014233422273257402,0.018170445723573275,0.10605624666736017
1.488,0.014230252889341459,0.018165014437759697,0.10602312927360669
1.489,0.014227083299875138,0.01815958470413906,0.10599003799337488
1.49,0.014223913506135416,0.01815415652255691,0.10595697280785453
1.491,0.0142207435093976,0.01814872989285759,0.10592393369823815
1.492,0.014217573310935346,0.01814330481488423,0.10589092064572031
1.493,0.01421440291202065,0.018137881288478756,0.10585793363149838
1.494,0.014211232313923855,0.018132459313481914,0.10582497263677237
1.495,0.01420806151791365,0.018127038889733244,0.10579203764274471
1.496,0.014204890525257072,0.01812162001707111,0.10575912863062095
1.497,0.01420171933721951,0.018116202695332685,0.10572624558160883
1.498,0.014198547955064708,0.018110786924353993,0.10569338847691946
1.499,0.014195376380054749,0.018105372703969853,0.10566055729776673
1.5,0.0141922046134501,0.018099960034013957,0.10562775202536705
1.5010000000000001,0.014189032656509554,0.018094548914318807,0.10559497264094025
1.502,0.014185860510490289,0.018089139344715784,0.10556221912570933
1.5030000000000001,0.014182688176647834,0.0180837313250351,0.10552949146089999
1.504,0.014179515656236081,0.018078324855105816,0.10549678962774076
1.5050000000000001,0.014176342950507285,0.01807291993475588,0.10546411360746442
1.506,0.014173170060712075,0.018067516563812093,0.10543146338130621
1.5070000000000001,0.014169996988099445,0.018062114742100132,0.10539883893050477
1.508,0.014166823733916756,0.018056714469444554,0.10536624023630241
1.5090000000000001,0.014163650299409745,0.01805131574566879,0.10533366727994445
1.51,0.014160476685822529,0.018045918570595176,0.10530112004268001
1.5110000000000001,0.014157302894397593,0.018040522944044922,0.10526859850576123
1.512,0.014154128926375796,0.01803512886583815,0.10523610265044452
1.5130000000000001,0.014150954782996389,0.018029736335793883,0.10520363245798944
1.514,0.014147780465496996,0.018024345353730042,0.10517118790965914
1.5150000000000001,0.01414460597511362,0.018018955919463474,0.10513876898672089
1.516,0.014141431313080665,0.01801356803280994,0.10510637567044527
1.5170000000000001,0.014138256480630903,0.018008181693584115,0.10507400794210699
1.518,0.01413508147899551,0.018002796901599623,0.10504166578298442
1.5190000000000001,0.014131906309404042,0.01799741365666899,0.10500934917435989
1.52,0.014128730973084452,0.017992031958603716,0.10497705809751996
1.5210000000000001,0.014125555471263082,0.017986651807214208,0.1049447925337548
1.522,0.014122379805164679,0.01798127320230985,0.10491255246435871
1.5230000000000001,0.014119203976012377,0.017975896143698947,0.10488033787063017
1.524,0.014116027985027717,0.0179705206311888,0.10484814873387209
1.5250000000000001,0.014112851833430634,0.017965146664585634,0.10481598503539107
1.526,0.014109675522439477,0.017959774243694673,0.10478384675649838
1.5270000000000001,0.014106499053270986,0.017954403368320077,0.10475173387850914
1.528,0.014103322427140316,0.017949034038265012,0.10471964638274323
1.5290000000000001,0.01410014564526103,0.017943666253331606,0.1046875842505245
1.53,0.014096968708845095,0.01793830001332099,0.10465554746318201
1.5310000000000001,0.014093791619102897,0.017932935318033267,0.10462353600204828
1.532,0.014090614377243226,0.01792757216726754,0.10459154984846113
1.5330000000000001,0.014087436984473302,0.017922210560821918,0.10455958898376248
1.534,0.014084259441998747,0.0179168504984935,0.10452765338929902
1.5350000000000001,0.014081081751023607,0.017911491980078416,0.10449574304642242
1.536,0.014077903912750354,0.017906135005371776,0.10446385793648831
1.537,0.014074725928379871,0.017900779574167736,0.10443199804085797
1.538,0.014071547799111479,0.01789542568625946,0.10440016334089655
1.539,0.014068369526142908,0.017890073341439144,0.10436835381797503
1.54,0.014065191110670333,0.017884722539498014,0.1043365694534684
1.541,0.014062012553888345,0.017879373280226325,0.10430481022875708
1.542,0.01405883385698997,0.017874025563413373,0.10427307612522606
1.543,0.014055655021166671,0.017868679388847515,0.10424136712426596
1.544,0.014052476047608339,0.01786333475631613,0.10420968320727175
1.545,0.014049296937503307,0.017857991665605664,0.10417802435564388
1.546,0.014046117692038338,0.017852650116501625,0.104146390550788
1.547,0.014042938312398643,0.01784731010878858,0.10411478177411493
1.548,0.01403975879976787,0.017841971642250144,0.10408319800704013
1.549,0.014036579155328114,0.017836634716669034,0.10405163923098536
1.55,0.014033399380259909,0.017831299331827016,0.10402010542737675
1.551,0.014030219475742236,0.017825965487504942,0.10398859657764636
1.552,0.014027039442952527,0.017820633183482745,0.10395711266323132
1.553,0.01402385928306667,0.017815302419539464,0.1039256536655744
1.554,0.014020678997258996,0.017809973195453205,0.10389421956612366
1.555,0.014017498586702287,0.01780464551100118,0.10386281034633287
1.556,0.014014318052567792,0.017799319365959698,0.10383142598766106
1.557,0.014011137396025204,0.01779399476010418,0.10380006647157325
1.558,0.014007956618242685,0.017788671693209152,0.10376873177953973
1.559,0.014004775720386853,0.017783350165048242,0.1037374218930365
1.56,0.014001594703622786,0.017778030175394213,0.1037061367935457
1.561,0.013998413569114033,0.017772711724018935,0.10367487646255454
1.562,0.013995232318022596,0.017767394810693407,0.10364364088155668
1.563,0.013992050951508952,0.017762079435187747,0.10361243003205092
1.564,0.013988869470732053,0.017756765597271237,0.10358124389554273
1.565,0.01398568787684931,0.01775145329671226,0.10355008245354282
1.566,0.013982506171016611,0.017746142533278355,0.10351894568756805
1.567,0.013979324354388322,0.01774083330673621,0.1034878335791413
1.568,0.013976142428117278,0.017735525616851662,0.10345674610979157
1.569,0.013972960393354796,0.017730219463389693,0.10342568326105372
1.57,0.01396977825125067,0.017724914846114444,0.10339464501446873
1.571,0.013966596002953172,0.017719611764789228,0.10336363135158404
1.572,0.013963413649609062,0.017714310219176497,0.10333264225395253
1.573,0.013960231192363582,0.017709010209037906,0.10330167770313405
1.574,0.013957048632360459,0.017703711734134257,0.10327073768069421
1.575,0.013953865970741912,0.017698414794225542,0.10323982216820514
1.576,0.013950683208648638,0.01769311938907093,0.10320893114724518
1.577,0.013947500347219836,0.017687825518428762,0.10317806459939907
1.578,0.013944317387593195,0.01768253318205659,0.10314722250625775
1.579,0.013941134330904895,0.01767724237971114,0.10311640484941886
1.58,0.013937951178289613,0.01767195311114834,0.1030856116104863
1.581,0.013934767930880524,0.017666665376123318,0.1030548427710705
1.582,0.013931584589809306,0.01766137917439041,0.10302409831278855
1.583,0.013928401156206133,0.01765609450570315,0.10299337821726383
1.584,0.01392521763119968,0.017650811369814275,0.10296268246612639
1.585,0.013922034015917135,0.017645529766475775,0.10293201104101332
1.586,0.013918850311484184,0.017640249695438804,0.1029013639235675
1.587,0.01391566651902502,0.01763497115645378,0.10287074109543942
1.588,0.013912482639662355,0.017629694149270334,0.1028401425382858
1.589,0.013909298674517396,0.017624418673637315,0.10280956823377027
1.59,0.013906114624709877,0.017619144729302816,0.10277901816356304
1.591,0.01390293049135804,0.01761387231601417,0.10274849230934147
1.592,0.013899746275578643,0.017608601433517945,0.10271799065278982
1.593,0.013896561978486967,0.01760333208155995,0.10268751317559854
1.594,0.013893377601196799,0.017598064259885242,0.10265705985946598
1.595,0.013890193144820462,0.017592797968238136,0.10262663068609675
1.596,0.013887008610468791,0.017587533206362194,0.1025962256372028
1.597,0.01388382399925115,0.017582269974000243,0.10256584469450292
1.598,0.013880639312275433,0.017577008270894368,0.10253548783972306
1.599,0.013877454550648045,0.017571748096785907,0.10250515505459623
1.6,0.01387426971547394,0.017566489451415493,0.10247484632086253
1.601,0.013871084807856591,0.01756123233452301,0.10244456162026912
1.602,0.013867899828898002,0.01755597674584762,0.10241430093457066
1.603,0.013864714779698722,0.01755072268512778,0.10238406424552868
1.604,0.013861529661357824,0.017545470152101207,0.1023538515349122
1.605,0.013858344474972929,0.017540219146504922,0.10232366278449706
1.606,0.01385515922164018,0.017534969668075225,0.10229349797606713
1.607,0.013851973902454278,0.017529721716547708,0.102263357091413
1.608,0.01384878851850846,0.017524475291657265,0.10223324011233278
1.609,0.013845603070894504,0.017519230393138095,0.10220314702063225
1.61,0.013842417560702735,0.017513987020723685,0.10217307779812412
1.611,0.013839231989022028,0.017508745174146845,0.10214303242662919
1.612,0.013836046356939802,0.017503504853139673,0.1021130108879749
1.613,0.013832860665542025,0.017498266057433595,0.10208301316399698
1.614,0.013829674915913224,0.017493028786759353,0.1020530392365383
1.615,0.013826489109136475,0.017487793040847015,0.10202308908744953
1.616,0.01382330324629341,0.017482558819425946,0.10199316269858841
1.617,0.013820117328464216,0.017477326122224877,0.1019632600518213
1.618,0.013816931356727635,0.01747209494897182,0.10193338112902096
1.619,0.013813745332160982,0.01746686529939416,0.10190352591206889
1.62,0.01381055925584012,0.0174616371732186,0.10187369438285365
1.621,0.013807373128839479,0.017456410570171183,0.1018438865232718
1.622,0.013804186952232055,0.0174511854899773,0.10181410231522782
1.623,0.013801000727089415,0.017445961932361684,0.10178434174063354
1.624,0.013797814454481678,0.017440739897048405,0.10175460478140894
1.625,0.013794628135477556,0.01743551938376091,0.10172489141948171
1.6260000000000001,0.01379144177114431,0.017430300392221983,0.10169520163678783
1.627,0.013788255362547786,0.017425082922153768,0.10166553541527033
1.6280000000000001,0.0137850689107524,0.017419866973277767,0.10163589273688087
1.629,0.013781882416821146,0.01741465254531486,0.10160627358357881
1.6300000000000001,0.013778695881815593,0.017409439637985278,0.10157667793733156
1.631,0.0137755093067959,0.017404228251008638,0.10154710578011435
1.6320000000000001,0.013772322692820782,0.017399018384103918,0.10151755709391086
1.633,0.013769136040947559,0.01739381003698948,0.10148803186071241
1.6340000000000001,0.013765949352232128,0.01738860320938306,0.10145853006251845
1.635,0.013762762627728973,0.017383397901001782,0.10142905168133683
1.6360000000000001,0.013759575868491155,0.01737819411156215,0.10139959669918318
1.637,0.013756389075570336,0.017372991840780064,0.10137016509808155
1.6380000000000001,0.013753202250016763,0.01736779108837081,0.101340756860064
1.639,0.013750015392879273,0.01736259185404907,0.10131137196717085
1.6400000000000001,0.0137468285052053,0.01735739413752893,0.10128201040145085
1.641,0.013743641588040869,0.017352197938523863,0.10125267214496061
1.6420000000000001,0.013740454642430603,0.017347003256746756,0.10122335717976542
1.643,0.013737267669417727,0.0173418100919099,0.10119406548793841
1.6440000000000001,0.013734080670044058,0.017336618443724996,0.10116479705156166
1.645,0.013730893645350016,0.017331428311903155,0.10113555185272517
1.6460000000000001,0.013727706596374631,0.017326239696154915,0.10110632987352754
1.647,0.013724519524155526,0.01732105259619021,0.10107713109607536
1.6480000000000001,0.013721332429728941,0.01731586701171841,0.1010479555024841
1.649,0.01371814531412971,0.017310682942448304,0.1010188030748775
1.6500000000000001,0.013714958178391289,0.01730550038808812,0.10098967379538784
1.651,0.013711771023545741,0.017300319348345496,0.10096056764615575
1.6520000000000001,0.013708583850623731,0.017295139822927515,0.1009314846093306
1.653,0.013705396660654552,0.017289961811540695,0.10090242466707015
1.6540000000000001,0.013702209454666105,0.017284785313890987,0.10087338780154062
1.655,0.013699022233684905,0.017279610329683785,0.10084437399491711
1.6560000000000001,0.013695834998736093,0.017274436858623926,0.10081538322938294
1.657,0.013692647750843416,0.017269264900415696,0.1007864154871306
1.6580000000000001,0.013689460491029261,0.01726409445476283,0.10075747075036061
1.659,0.013686273220314621,0.017258925521368505,0.10072854900128259
1.6600000000000001,0.013683085939719125,0.017253758099935373,0.10069965022211488
1.661,0.013679898650261021,0.017248592190165526,0.10067077439508419
1.6620000000000001,0.013676711352957184,0.017243427791760517,0.10064192150242622
1.663,0.013673524048823127,0.017238264904421374,0.10061309152638542
1.6640000000000001,0.01367033673887298,0.017233103527848584,0.10058428444921513
1.665,0.013667149424119519,0.017227943661742094,0.10055550025317703
1.666,0.01366396210557414,0.01722278530580133,0.1005267389205421
1.667,0.013660774784246883,0.017217628459725194,0.10049800043359003
1.668,0.013657587461146424,0.017212473123212065,0.10046928477460947
1.669,0.013654400137280068,0.017207319295959783,0.10044059192589766
1.67,0.013651212813653776,0.017202166977665696,0.10041192186976099
1.671,0.013648025491272137,0.01719701616802662,0.10038327458851466
1.672,0.013644838171138382,0.017191866866738854,0.10035465006448299
1.673,0.013641650854254398,0.0171867190734982,0.10032604827999894
1.674,0.013638463541620707,0.01718157278799995,0.10029746921740504
1.675,0.013635276234236484,0.017176428009938873,0.10026891285905197
1.676,0.013632088933099544,0.017171284739009255,0.10024037918730032
1.677,0.013628901639206365,0.017166142974904874,0.10021186818451916
1.678,0.01362571435355207,0.017161002717319008,0.10018337983308666
1.679,0.013622527077130431,0.017155863965944443,0.10015491411539049
1.68,0.01361933981093388,0.017150726720473467,0.10012647101382689
1.681,0.013616152555953512,0.017145590980597893,0.10009805051080159
1.682,0.01361296531317906,0.017140456746009024,0.10006965258872945
1.683,0.01360977808359894,0.017135324016397693,0.10004127723003407
1.684,0.013606590868200208,0.01713019279145424,0.10001292441714886
1.685,0.0136034036679686,0.017125063070868543,0.09998459413251583
1.686,0.013600216483888502,0.017119934854329978,0.09995628635858667
1.687,0.013597029316942968,0.01711480814152745,0.09992800107782188
1.688,0.01359384216811373,0.01710968293214942,0.0998997382726917
1.689,0.013590655038381172,0.017104559225883845,0.09987149792567537
1.69,0.013587467928724357,0.01709943702241822,0.0998432800192612
1.691,0.01358428084012102,0.01709431632143959,0.09981508453594734
1.692,0.013581093773547562,0.017089197122634514,0.0997869114582407
1.693,0.013577906729979062,0.01708407942568911,0.09975876076865792
1.694,0.013574719710389281,0.017078963230289033,0.09973063244972488
1.695,0.013571532715750644,0.017073848536119474,0.09970252648397682
1.696,0.013568345747034267,0.017068735342865172,0.09967444285395818
1.697,0.013565158805209938,0.01706362365021042,0.09964638154222315
1.698,0.01356197189124613,0.017058513457839063,0.09961834253133538
1.699,0.013558785006109996,0.017053404765434488,0.09959032580386751
1.7,0.01355559815076738,0.017048297572679647,0.09956233134240192
1.701,0.01355241132618281,0.017043191879257052,0.0995343591295304
1.702,0.01354922453331949,0.017038087684848765,0.09950640914785461
1.703,0.013546037773139329,0.01703298498913642,0.09947848137998519
1.704,0.013542851046602921,0.01702788379180121,0.0994505758085423
1.705,0.013539664354669547,0.01702278409252389,0.09942269241615605
1.706,0.013536477698297186,0.017017685890984808,0.09939483118546602
1.707,0.013533291078442509,0.01701258918686385,0.09936699209912096
1.708,0.013530104496060891,0.017007493979840502,0.0993391751397796
1.709,0.013526917952106391,0.017002400269593817,0.09931138029011045
1.71,0.013523731447531783,0.01699730805580242,0.09928360753279084
1.711,0.013520544983288524,0.016992217338144523,0.09925585685050858
1.712,0.013517358560326792,0.016987128116297923,0.09922812822596064
1.713,0.013514172179595454,0.016982040389939997,0.09920042164185386
1.714,0.013510985842042085,0.01697695415874771,0.09917273708090481
1.715,0.013507799548612975,0.016971869422397617,0.09914507452583943
1.716,0.013504613300253114,0.01696678618056587,0.09911743395939376
1.717,0.013501427097906197,0.0169617044329282,0.09908981536431341
1.718,0.013498240942514643,0.01695662417915995,0.09906221872335354
1.719,0.013495054835019568,0.01695154541893605,0.09903464401927947
1.72,0.01349186877636082,0.016946468151931036,0.09900709123486569
1.721,0.013488682767476945,0.01694139237781904,0.09897956035289707
1.722,0.013485496809305213,0.016936318096273814,0.09895205135616822
1.723,0.013482310902781609,0.016931245306968688,0.09892456422748303
1.724,0.013479125048840843,0.016926174009576626,0.09889709894965568
1.725,0.013475939248416344,0.016921104203770194,0.09886965550551001
1.726,0.013472753502440258,0.01691603588922157,0.0988422338778799
1.727,0.013469567811843459,0.01691096906560255,0.09881483404960893
1.728,0.01346638217755555,0.016905903732584535,0.0987874560035503
1.729,0.013463196600504851,0.01690083988983856,0.09876009972256777
1.73,0.01346001108161842,0.016895777537035285,0.0987327651895346
1.731,0.013456825621822035,0.016890716673844966,0.09870545238733364
1.732,0.013453640222040212,0.016885657299937507,0.09867816129885834
1.733,0.013450454883196197,0.016880599414982437,0.09865089190701157
1.734,0.01344726960621197,0.01687554301864891,0.09862364419470653
1.735,0.013444084392008247,0.01687048811060571,0.09859641814486621
1.736,0.013440899241504477,0.01686543469052125,0.09856921374042327
1.737,0.01343771415561885,0.01686038275806359,0.09854203096432111
1.738,0.013434529135268294,0.016855332312900425,0.09851486979951253
1.739,0.013431344181368477,0.01685028335469907,0.09848773022896044
1.74,0.013428159294833816,0.016845235883126513,0.09846061223563804
1.741,0.013424974476577464,0.016840189897849363,0.09843351580252839
1.742,0.01342178972751132,0.01683514539853387,0.0984064409126243
1.743,0.01341860504854603,0.016830102384845943,0.09837938754892936
1.744,0.013415420440590992,0.01682506085645115,0.09835235569445676
1.745,0.01341223590455435,0.01682002081301468,0.09832534533222975
1.746,0.013409051441342993,0.0168149822542014,0.09829835644528181
1.747,0.013405867051862572,0.016809945179675812,0.09827138901665655
1.748,0.013402682737017486,0.0168049095891021,0.0982444430294078
1.749,0.013399498497710891,0.016799875482144084,0.09821751846659924
1.75,0.013396314334844697,0.01679484285846525,0.09819061531130498
1.7510000000000001,0.013393130249319572,0.016789811717728753,0.09816373354660905
1.752,0.01338994624203495,0.01678478205959741,0.09813687315560587
1.7530000000000001,0.013386762313889005,0.01677975388373369,0.09811003412140003
1.754,0.0133835784657787,0.016774727189799752,0.09808321642710625
1.7550000000000001,0.013380394698599746,0.016769701977457405,0.09805642005584912
1.756,0.01337721101324662,0.016764678246368146,0.098029644990764
1.7570000000000001,0.013374027410612567,0.016759655996193137,0.09800289121499625
1.758,0.01337084389158959,0.016754635226593206,0.09797615871170139
1.7590000000000001,0.013367660457068479,0.016749615937228877,0.09794944746404527
1.76,0.01336447710793878,0.016744598127760343,0.09792275745520404
1.7610000000000001,0.013361293845088816,0.016739581797847475,0.09789608866836393
1.762,0.013358110669405683,0.016734566947149837,0.09786944108672171
1.7630000000000001,0.013354927581775243,0.016729553575326652,0.09784281469348403
1.764,0.013351744583082147,0.01672454168203686,0.0978162094718683
1.7650000000000001,0.013348561674209817,0.016719531266939078,0.09778962540510215
1.766,0.013345378856040447,0.016714522329691603,0.09776306247642318
1.7670000000000001,0.01334219612945502,0.016709514869952435,0.09773652066907978
1.768,0.013339013495333299,0.01670450888737926,0.09770999996633034
1.7690000000000001,0.013335830954553825,0.016699504381629454,0.09768350035144346
1.77,0.013332648507993925,0.01669450135236011,0.09765702180769874
1.7710000000000001,0.013329466156529711,0.016689499799228,0.09763056431838556
1.772,0.013326283901036086,0.016684499721889595,0.0976041278668037
1.7730000000000001,0.01332310174238673,0.016679501120001085,0.09757771243626384
1.774,0.013319919681454127,0.016674503993218355,0.09755131801008657
1.7750000000000001,0.013316737719109541,0.01666950834119698,0.09752494457160268
1.776,0.013313555856223028,0.016664514163592263,0.09749859210415412
1.7770000000000001,0.013310374093663441,0.016659521460059206,0.09747226059109271
1.778,0.013307192432298432,0.016654530230252526,0.09744595001578074
1.7790000000000001,0.013304010872994442,0.016649540473826645,0.09741966036159101
1.78,0.013300829416616713,0.01664455219043571,0.097393391611907
1.7810000000000001,0.013297648064029282,0.01663956537973356,0.097367143750122
1.782,0.01329446681609499,0.01663458004137378,0.09734091675964063
1.7830000000000001,0.013291285673675478,0.016629596175009646,0.09731471062387703
1.784,0.013288104637631193,0.016624613780294187,0.09728852532625688
1.7850000000000001,0.013284923708821377,0.016619632856880118,0.09726236085021549
1.786,0.013281742888104096,0.01661465340441991,0.09723621717919903
1.7870000000000001,0.013278562176336198,0.016609675422565726,0.09721009429666394
1.788,0.013275381574373359,0.01660469891096948,0.09718399218607748
1.7890000000000001,0.013272201083070057,0.01659972386928281,0.09715791083091724
1.79,0.01326902070327958,0.016594750297157082,0.0971318502146716
1.7910000000000001,0.013265840435854034,0.01658977819424339,0.09710581032083898
1.792,0.013262660281644328,0.01658480756019256,0.09707979113292861
1.793,0.0132594802415002,0.016579838394655162,0.0970537926344605
1.794,0.01325630031627019,0.01657487069728149,0.09702781480896486
1.795,0.013253120506801667,0.01656990446772159,0.09700185763998252
1.796,0.013249940813940816,0.01656493970562524,0.09697592111106514
1.797,0.013246761238532632,0.016559976410641955,0.09695000520577493
1.798,0.013243581781420948,0.016555014582420986,0.096924109907684
1.799,0.01324040244344841,0.016550054220611357,0.09689823520037615
1.8,0.013237223225456486,0.016545095324861803,0.09687238106744489
1.801,0.013234044128285482,0.016540137894820832,0.09684654749249481
1.802,0.013230865152774517,0.016535181930136686,0.09682073445914095
1.803,0.013227686299761544,0.016530227430457362,0.09679494195100907
1.804,0.013224507570083347,0.016525274395430608,0.09676916995173544
1.805,0.013221328964575538,0.01652032282470392,0.09674341844496685
1.806,0.013218150484072565,0.016515372717924564,0.09671768741436118
1.807,0.013214972129407705,0.016510424074739544,0.09669197684358645
1.808,0.013211793901413069,0.01650547689479563,0.09666628671632177
1.809,0.01320861580091961,0.01650053117773936,0.09664061701625659
1.81,0.013205437828757117,0.01649558692321701,0.09661496772709097
1.811,0.013202259985754212,0.016490644130874636,0.09658933883253606
1.812,0.01319908227273836,0.016485702800358056,0.09656373031631334
1.813,0.013195904690535875,0.01648076293131285,0.09653814216215512
1.814,0.013192727239971896,0.016475824523384357,0.09651257435380427
1.815,0.013189549921870427,0.016470887576217702,0.09648702687501462
1.816,0.0131863727370543,0.016465952089457756,0.09646149970955031
1.817,0.013183195686345206,0.016461018062749178,0.09643599284118637
1.818,0.013180018770563672,0.0164560854957364,0.09641050625370896
1.819,0.013176841990529084,0.01645115438806361,0.09638503993091423
1.82,0.013173665347059674,0.016446224739374793,0.09635959385660954
1.821,0.013170488840972527,0.016441296549313693,0.09633416801461281
1.822,0.013167312473083585,0.01643636981752385,0.0963087623887528
1.823,0.013164136244207633,0.01643144454364856,0.09628337696286887
1.824,0.01316096015515832,0.016426520727330918,0.09625801172081135
1.825,0.013157784206748149,0.01642159836821379,0.09623266664644105
1.826,0.013154608399788485,0.01641667746593983,0.09620734172362967
1.827,0.013151432735089553,0.016411758020151483,0.09618203693625976
1.828,0.013148257213460428,0.01640684003049097,0.09615675226822458
1.829,0.013145081835709062,0.016401923496600305,0.09613148770342798
1.83,0.013141906602642257,0.016397008418121282,0.09610624322578482
1.831,0.013138731515065692,0.016392094794695507,0.09608101881922089
1.832,0.0131355565737839,0.016387182625964346,0.09605581446767215
1.833,0.01313238177960029,0.016382271911568984,0.09603063015508594
1.834,0.01312920713331713,0.016377362651150387,0.09600546586542032
1.835,0.013126032635735573,0.016372454844349325,0.09598032158264387
1.836,0.013122858287655628,0.016367548490806356,0.09595519729073623
1.837,0.013119684089876184,0.016362643590161846,0.0959300929736878
1.838,0.013116510043194996,0.016357740142055946,0.09590500861549972
1.839,0.013113336148408709,0.01635283814612862,0.09587994420018385
1.84,0.013110162406312824,0.016347937602019635,0.09585489971176336
1.841,0.013106988817701738,0.01634303850936855,0.09582987513427155
1.842,0.013103815383368715,0.016338140867814748,0.09580487045175319
1.843,0.0131006421041059,0.01633324467699739,0.09577988564826337
1.844,0.01309746898070432,0.016328349936555464,0.09575492070786847
1.845,0.013094296013953895,0.016323456646127773,0.09572997561464537
1.846,0.013091123204643411,0.01631856480535291,0.09570505035268194
1.847,0.013087950553560547,0.016313674413869286,0.09568014490607689
1.848,0.01308477806149187,0.016308785471315132,0.09565525925893982
1.849,0.013081605729222835,0.016303897977328487,0.09563039339539121
1.85,0.013078433557537777,0.0162990119315472,0.09560554729956226
1.851,0.013075261547219936,0.016294127333608948,0.0955807209555951
1.852,0.01307208969905143,0.016289244183151214,0.09555591434764284
1.853,0.013068918013813269,0.016284362479811302,0.0955311274598694
1.854,0.013065746492285367,0.016279482223226338,0.09550636027644957
1.855,0.013062575135246531,0.016274603413033273,0.09548161278156872
1.856,0.013059403943474455,0.016269726048868876,0.09545688495942388
1.857,0.013056232917745738,0.016264850130369726,0.095432176794222
1.858,0.013053062058835871,0.016259975657172257,0.09540748827018193
1.859,0.013049891367519256,0.0162551026289127,0.09538281937153241
1.86,0.013046720844569187,0.01625023104522713,0.09535817008251384
1.861,0.013043550490757866,0.016245360905751443,0.09533354038737696
1.862,0.01304038030685639,0.016240492210121363,0.095308930270384
1.863,0.013037210293634773,0.016235624957972455,0.09528433971580758
1.864,0.013034040451861923,0.016230759148940097,0.0952597687079315
1.865,0.013030870782305665,0.016225894782659525,0.09523521723105051
1.866,0.013027701285732728,0.016221031858765785,0.09521068526946992
1.867,0.013024531962908748,0.016216170376893768,0.09518617280750635
1.868,0.013021362814598283,0.01621131033667821,0.09516167982948709
1.869,0.013018193841564787,0.016206451737753674,0.09513720631975074
1.87,0.01301502504457064,0.01620159457975456,0.09511275226264626
1.871,0.013011856424377133,0.016196738862315117,0.09508831764253402
1.872,0.013008687981744479,0.016191884585069427,0.09506390244378468
1.873,0.013005519717431793,0.016187031747651418,0.09503950665078065
1.874,0.013002351632197118,0.01618218034969486,0.09501513024791497
1.875,0.01299918372679742,0.01617733039083337,0.09499077321959132
1.8760000000000001,0.012996016001988582,0.01617248187070041,0.09496643555022466
1.877,0.012992848458525405,0.01616763478892928,0.09494211722424063
1.8780000000000001,0.01298968109716162,0.01616278914515314,0.09491781822607603
1.879,0.01298651391864988,0.01615794493900499,0.09489353854017843
1.8800000000000001,0.012983346923741763,0.01615310217011769,0.0948692781510067
1.881,0.012980180113187773,0.01614826083812394,0.0948450370430302
1.8820000000000001,0.012977013487737348,0.016143420942656295,0.09482081520072921
1.883,0.012973847048138844,0.01613858248334717,0.09479661260859566
1.8840000000000001,0.012970680795139557,0.016133745459828822,0.09477242925113169
1.885,0.012967514729485716,0.01612890987173338,0.09474826511285073
1.8860000000000001,0.012964348851922474,0.01612407571869281,0.09472412017827705
1.887,0.012961183163193927,0.016119243000338956,0.09469999443194602
1.8880000000000001,0.012958017664043099,0.016114411716303498,0.09467588785840376
1.889,0.012954852355211958,0.016109581866217998,0.09465180044220761
1.8900000000000001,0.012951687237441402,0.016104753449713866,0.09462773216792583
1.891,0.012948522311471275,0.016099926466422373,0.0946036830201373
1.8920000000000001,0.012945357578040358,0.01609510091597466,0.09457965298343218
1.893,0.01294219303788637,0.016090276798001724,0.0945556420424118
1.8940000000000001,0.012939028691745983,0.016085454112134436,0.09453165018168792
1.895,0.012935864540354801,0.01608063285800352,0.0945076773858836
1.8960000000000001,0.012932700584447378,0.016075813035239583,0.09448372363963295
1.897,0.012929536824757214,0.016070994643473082,0.09445978892758074
1.8980000000000001,0.012926373262016759,0.016066177682334364,0.0944358732343831
1.899,0.012923209896957406,0.016061362151453627,0.09441197654470689
1.9000000000000001,0.012920046730309505,0.016056548050460945,0.09438809884322959
1.901,0.012916883762802348,0.016051735378986277,0.09436424011464072
1.9020000000000001,0.012913720995164189,0.016046924136659438,0.09434040034363965
1.903,0.012910558428122224,0.01604211432311012,0.09431657951493723
1.9040000000000001,0.01290739606240261,0.0160373059379679,0.09429277761325544
1.905,0.012904233898730464,0.016032498980862224,0.09426899462332697
1.9060000000000001,0.012901071937829854,0.016027693451422416,0.09424523052989561
1.907,0.012897910180423805,0.016022889349277675,0.09422148531771592
1.9080000000000001,0.012894748627234302,0.016018086674057082,0.09419775897155369
1.909,0.012891587278982295,0.0160132854253896,0.09417405147618577
1.9100000000000001,0.012888426136387694,0.01600848560290407,0.09415036281639952
1.911,0.012885265200169362,0.016003687206229213,0.09412669297699396
1.9120000000000001,0.012882104471045146,0.015998890234993644,0.09410304194277858
1.913,0.012878943949731837,0.01599409468882584,0.09407940969857378
1.9140000000000001,0.0128757836369452,0.015989300567354186,0.09405579622921162
1.915,0.012872623533399977,0.01598450787020694,0.09403220151953429
1.9160000000000001,0.012869463639809864,0.015979716597012247,0.09400862555439561
1.917,0.012866303956887535,0.015974926747398144,0.09398506831866009
1.9180000000000001,0.012863144485344633,0.015970138320992557,0.09396152979720339
1.919,0.012859985225891773,0.01596535131742329,0.09393800997491171
1.92,0.012856826179238544,0.01596056573631806,0.09391450883668295
1.921,0.012853667346093507,0.015955781577304453,0.0938910263674255
1.922,0.012850508727164204,0.015950998840009955,0.0938675625520587
1.923,0.012847350323157147,0.015946217524061952,0.09384411737551333
1.924,0.01284419213477783,0.015941437629087712,0.09382069082273053
1.925,0.01284103416273073,0.01593665915471441,0.09379728287866289
1.926,0.012837876407719289,0.015931882100569107,0.09377389352827398
1.927,0.012834718870445948,0.01592710646627877,0.09375052275653818
1.928,0.012831561551612124,0.01592233225147025,0.09372717054844074
1.929,0.012828404451918213,0.01591755945577031,0.09370383688897801
1.93,0.012825247572063605,0.015912788078805615,0.0936805217631576
1.931,0.012822090912746664,0.015908018120202715,0.09365722515599782
1.932,0.012818934474664756,0.015903249579588073,0.09363394705252795
1.933,0.012815778258514222,0.01589848245658805,0.0936106874377883
1.934,0.012812622264990402,0.015893716750828908,0.09358744629683008
1.935,0.012809466494787614,0.01588895246193682,0.09356422361471593
1.936,0.012806310948599183,0.015884189589537856,0.09354101937651878
1.937,0.01280315562711742,0.015879428133258,0.09351783356732296
1.938,0.012800000531033626,0.015874668092723136,0.093494666172224
1.939,0.012796845661038104,0.015869909467559052,0.09347151717632766
1.94,0.012793691017820153,0.015865152257391456,0.0934483865647513
1.941,0.01279053660206806,0.01586039646184595,0.09342527432262307
1.942,0.012787382414469126,0.015855642080548068,0.09340218043508224
1.943,0.012784228455709633,0.01585088911312323,0.09337910488727892
1.944,0.012781074726474882,0.015846137559196786,0.09335604766437414
1.945,0.012777921227449165,0.015841387418393985,0.09333300875153996
1.946,0.01277476795931578,0.015836638690339997,0.09330998813395938
1.947,0.012771614922757033,0.015831891374659915,0.09328698579682662
1.948,0.012768462118454223,0.01582714547097872,0.09326400172534648
1.949,0.012765309547087671,0.015822400978921326,0.09324103590473475
1.95,0.012762157209336697,0.01581765789811258,0.09321808832021881
1.951,0.01275900510587963,0.015812916228177216,0.09319515895703641
1.952,0.012755853237393817,0.01580817596873991,0.09317224780043612
1.953,0.012752701604555603,0.015803437119425234,0.093149354835678
1.954,0.01274955020804035,0.0157986996798577,0.09312648004803296
1.955,0.012746399048522438,0.015793963649661735,0.09310362342278272
1.956,0.012743248126675261,0.01578922902846168,0.09308078494521962
1.957,0.01274009744317122,0.015784495815881806,0.09305796460064769
1.958,0.012736946998681742,0.015779764011546314,0.0930351623743817
1.959,0.012733796793877266,0.015775033615079304,0.09301237825174685
1.96,0.012730646829427254,0.015770304626104827,0.09298961221807989
1.961,0.012727497106000183,0.015765577044246845,0.09296686425872837
1.962,0.012724347624263554,0.01576085086912925,0.09294413435905068
1.963,0.012721198384883897,0.015756126100375873,0.09292142250441635
1.964,0.012718049388526742,0.015751402737610443,0.09289872868020574
1.965,0.012714900635856678,0.015746680780456643,0.09287605287180987
1.966,0.01271175212753729,0.015741960228538073,0.09285339506463114
1.967,0.012708603864231203,0.01573724108147828,0.0928307552440831
1.968,0.012705455846600067,0.015732523338900718,0.09280813339558949
1.969,0.012702308075304565,0.015727807000428785,0.09278552950458534
1.97,0.012699160551004403,0.015723092065685815,0.09276294355651697
1.971,0.012696013274358322,0.015718378534295068,0.09274037553684122
1.972,0.012692866246024092,0.01571366640587974,0.0927178254310261
1.973,0.012689719466658521,0.01570895568006296,0.09269529322455021
1.974,0.012686572936917452,0.015704246356467798,0.09267277890290335
1.975,0.01268342665745575,0.01569953843471725,0.09265028245158652
1.976,0.012680280628927341,0.015694831914434264,0.09262780385611095
1.977,0.012677134851985166,0.01569012679524171,0.09260534310199946
1.978,0.012673989327281214,0.015685423076762406,0.09258290017478543
1.979,0.012670844055466509,0.015680720758619093,0.09256047506001322
1.98,0.012667699037191126,0.015676019840434482,0.09253806774323826
1.981,0.012664554273104176,0.015671320321831196,0.09251567821002667
1.982,0.012661409763853809,0.015666622202431812,0.09249330644595563
1.983,0.012658265510087226,0.015661925481858848,0.09247095243661316
1.984,0.012655121512450669,0.01565723015973476,0.09244861616759832
1.985,0.012651977771589424,0.01565253623568195,0.092426297624521
1.986,0.012648834288147838,0.015647843709322772,0.09240399679300185
1.987,0.012645691062769287,0.01564315258027951,0.09238171365867276
1.988,0.01264254809609621,0.015638462848174398,0.09235944820717609
1.989,0.012639405388770092,0.015633774512629622,0.09233720042416553
1.99,0.012636262941431472,0.01562908757326731,0.09231497029530535
1.991,0.012633120754719939,0.015624402029709536,0.09229275780627075
1.992,0.012629978829274134,0.01561971788157833,0.09227056294274824
1.993,0.012626837165731765,0.015615035128495663,0.09224838569043455
1.994,0.012623695764729577,0.015610353770083454,0.09222622603503784
1.995,0.012620554626903393,0.015605673805963583,0.09220408396227672
1.996,0.012617413752888076,0.015600995235757868,0.0921819594578811
1.997,0.012614273143317556,0.015596318059088085,0.09215985250759154
1.998,0.01261113279882483,0.015591642275575968,0.09213776309715943
1.999,0.012607992720041943,0.015586967884843183,0.0921156912123471
2.0,0.012604852907600007,0.015582294886511378,0.09209363683892804
