case,line,young_fraction,total_ha,holmes_weight,ratio,line_surface
bright_NSF_anchor,nii_ha,1.0,3.557592149526691e+39,0.011384761493937875,0.36309247571802855,1.291734941166669e+39
bright_NSF_anchor,nii_ha,0.9908319448927676,3.5253472763185834e+39,0.011488893133207162,0.3632122271031882,1.2804492355438313e+39
bright_NSF_anchor,nii_ha,0.9817479430199844,3.4933980258849735e+39,0.011593966051093417,0.36333306095875745,1.269266997892068e+39
bright_NSF_anchor,nii_ha,0.9727472237769651,3.461741687939974e+39,0.011699988550898906,0.3634549868335337,1.258187279611318e+39
bright_NSF_anchor,nii_ha,0.9638290236239705,3.4303755770457467e+39,0.011806969005402004,0.3635780143562123,1.2472091407983385e+39
bright_NSF_anchor,nii_ha,0.954992586021436,3.3992970323846984e+39,0.011914915857368799,0.3637021532359741,1.2363316501669716e+39
bright_NSF_anchor,nii_ha,0.9462371613657931,3.368503417533754e+39,0.012023837620067158,0.3638274132630772,1.2255538849691412e+39
bright_NSF_anchor,nii_ha,0.9375620069258802,3.337992120240715e+39,0.012133742877783179,0.3639538043094506,1.2148749309165773e+39
bright_NSF_anchor,nii_ha,0.9289663867799364,3.307760552202651e+39,0.012244640286340097,0.3640813363292911,1.2042938821032551e+39
bright_NSF_anchor,nii_ha,0.9204495717531713,3.277806148846338e+39,0.012356538573619558,0.36421001935966246,1.1938098409285454e+39
bright_NSF_anchor,nii_ha,0.9120108393559098,3.2481263691107006e+39,0.012469446540085267,0.3643398635210981,1.1834219180210725e+39
bright_NSF_anchor,nii_ha,0.9036494737223014,3.218718695231249e+39,0.01258337305930901,0.36447087901820535,1.1731292321632643e+39
bright_NSF_anchor,nii_ha,0.8953647655495938,3.1895806325265003e+39,0.012698327078498975,0.3646030761402738,1.1629309102166023e+39
bright_NSF_anchor,nii_ha,0.8871560120379609,3.160709709186347e+39,0.012814317619030428,0.36473646526188497,1.1528260870475486e+39
bright_NSF_anchor,nii_ha,0.8790225168308843,3.1321034760623725e+39,0.012931353776978658,0.36487105684352544,1.1428139054541575e+39
bright_NSF_anchor,nii_ha,0.8709635899560807,3.10375950646009e+39,0.013049444723654187,0.36500686143220235,1.1328935160933587e+39
bright_NSF_anchor,nii_ha,0.8629785477669702,3.0756753959330775e+39,0.013168599706140257,0.3651438896620613,1.1230640774089043e+39
bright_NSF_anchor,nii_ha,0.8550667128846833,3.047848762079015e+39,0.01328882804783249,0.3652821522550074,1.1133247555599823e+39
bright_NSF_anchor,nii_ha,0.8472274141405964,3.020277244337575e+39,0.013410139148980794,0.3654216600213279,1.1036747243504783e+39
bright_NSF_anchor,nii_ha,0.8394599865193975,2.992958503790179e+39,0.013532542487233413,0.36556242386031845,1.0941131651588899e+39
bright_NSF_anchor,nii_ha,0.831763771102671,2.965890222961581e+39,0.013656047618183134,0.3657044547609106,1.0846392668688806e+39
bright_NSF_anchor,nii_ha,0.8241381150130023,2.939070105623278e+39,0.013780664175915586,0.36584776380230294,1.0752522258004746e+39
bright_NSF_anchor,nii_ha,0.8165823713585925,2.912495876598716e+39,0.013906401873559654,0.3659923621545936,1.0659512456418777e+39
bright_NSF_anchor,nii_ha,0.8090958991783823,2.886165281570282e+39,0.014033270503839944,0.36613826107941594,1.056735537381926e+39
bright_NSF_anchor,nii_ha,0.8016780633876791,2.860076086888075e+39,0.01416127993963125,0.3662854719305759,1.0476043192431535e+39
bright_NSF_anchor,nii_ha,0.7943282347242815,2.8342260793804184e+39,0.014290440134515041,0.3664340061546923,1.0385568166154736e+39
bright_NSF_anchor,nii_ha,0.7870457896950986,2.808613066166114e+39,0.014420761123337896,0.3665838752918386,1.0295922619904672e+39
bright_NSF_anchor,nii_ha,0.7798301105232587,2.7832348744684203e+39,0.014552253022771867,0.3667350909761876,1.0207098948962742e+39
bright_NSF_anchor,nii_ha,0.7726805850957024,2.758089351430734e+39,0.014684926031876712,0.36688766493665814,1.011908961833084e+39
bright_NSF_anchor,nii_ha,0.7655966069112563,2.7331743639339566e+39,0.014818790432664042,0.3670416089975636,1.003188716209212e+39
bright_NSF_anchor,nii_ha,0.7585775750291838,2.7084877984155458e+39,0.014953856590663192,0.36719693507926265,9.945484182777682e+38
bright_NSF_anchor,nii_ha,0.7516228940182055,2.6840275606902163e+39,0.015090134955488941,0.3673536551988123,9.85987335073903e+38
bright_NSF_anchor,nii_ha,0.744731973905989,2.659791575772288e+39,0.015227636061410948,0.3675117814706226,9.77504740352628e+38
bright_NSF_anchor,nii_ha,0.737904230129101,2.6357777876996662e+39,0.015366370527924863,0.36767132610711356,9.690999145272104e+38
bright_NSF_anchor,nii_ha,0.7311390834834174,2.6119841593594268e+39,0.015506349060325119,0.3678323014193739,9.607721446081266e+38
bright_NSF_anchor,nii_ha,0.72443596007499,2.5884086723150123e+39,0.015647582450279307,0.3679947198178212,9.525207241425816e+38
bright_NSF_anchor,nii_ha,0.7177942912713617,2.565049326635001e+39,0.01579008157640413,0.3681585938128647,9.443449531545775e+38
bright_NSF_anchor,nii_ha,0.7112135136533291,2.5419041407234526e+39,0.015933857404842874,0.3683239360155693,9.362441380855356e+38
bright_NSF_anchor,nii_ha,0.7046930689671469,2.518971151151808e+39,0.01607892098984433,0.368490759138321,9.2821759173546e+38
bright_NSF_anchor,nii_ha,0.6982324040771714,2.4962484124923304e+39,0.016225283474343155,0.3686590759954946,9.202646332046428e+38
bright_NSF_anchor,nii_ha,0.6918309709189365,2.47373399715307e+39,0.01637295609054159,0.36882889950412284,9.123845878359017e+38
bright_NSF_anchor,nii_ha,0.6854882264526616,2.451425995214347e+39,0.01652195016049249,0.3690002426845664,9.045767871573486e+38
bright_NSF_anchor,nii_ha,0.6792036326171845,2.4293225142667303e+39,0.01667227709668365,0.36917311866118624,8.968405688256829e+38
bright_NSF_anchor,nii_ha,0.6729766562843177,2.4074216792505032e+39,0.016823948402623277,0.3693475406630167,8.891752765700033e+38
bright_NSF_anchor,nii_ha,0.6668067692136221,2.3857216322965995e+39,0.016976975673426674,0.3695235220244407,8.815802601361371e+38
bright_NSF_anchor,nii_ha,0.660693448007596,2.3642205325689982e+39,0.017131370596404003,0.3697010761858646,8.740548752314766e+38
bright_NSF_anchor,nii_ha,0.6546361740672749,2.3429165561085658e+39,0.017287144951649038,0.3698802166943964,8.665984834703253e+38
bright_NSF_anchor,nii_ha,0.6486344335482384,2.321807895678326e+39,0.017444310612628963,0.3700609572045233,8.592104523197413e+38
bright_NSF_anchor,nii_ha,0.6426877173170197,2.3008927606101506e+39,0.017602879546775026,0.37024331147879125,8.518901550458799e+38
bright_NSF_anchor,nii_ha,0.6367955209079158,2.2801693766528554e+39,0.01776286381607406,0.3704272933884852,8.446369706608266e+38
bright_NSF_anchor,nii_ha,0.6309573444801932,2.2596359858216887e+39,0.017924275577660784,0.37061291691430986,8.374502838699182e+38
bright_NSF_anchor,nii_ha,0.6251726927756858,2.2392908462492006e+39,0.01808712708441082,0.37080019614707244,8.303294850195474e+38
bright_NSF_anchor,nii_ha,0.6194410750767814,2.2191322320374776e+39,0.018251430685534347,0.3709891452883645,8.232739700454444e+38
bright_NSF_anchor,nii_ha,0.6137620051647942,2.199158433111733e+39,0.018417198827170328,0.37117977865124585,8.162831404214337e+38
bright_NSF_anchor,nii_ha,0.6081350012787179,2.1793677550752405e+39,0.018584444052981246,0.37137211066092846,8.093564031086614e+38
bright_NSF_anchor,nii_ha,0.6025595860743578,2.1597585190655962e+39,0.018753179004748266,0.3715661558554605,8.024931705052858e+38
bright_NSF_anchor,nii_ha,0.5970352865838369,2.1403290616122985e+39,0.018923416422966733,0.37176192888641174,7.956928603966316e+38
bright_NSF_anchor,nii_ha,0.5915616341754739,2.1210777344956364e+39,0.01909516914744195,0.3719594445195582,7.889548959057999e+38
bright_NSF_anchor,nii_ha,0.5861381645140287,2.1020029046068674e+39,0.01926845011788516,0.3721587176355679,7.822787054447307e+38
bright_NSF_anchor,nii_ha,0.580764417521312,2.0831029538096798e+39,0.019443272374509626,0.37235976323068604,7.756637226657151e+38
bright_NSF_anchor,nii_ha,0.5754399373371569,2.064376278802925e+39,0.019619649058626724,0.37256259641742073,7.691093864133509e+38
bright_NSF_anchor,nii_ha,0.5701642722807475,2.045821290984607e+39,0.019797593413242023,0.3727672324252283,7.626151406769396e+38
bright_NSF_anchor,nii_ha,0.5649369748123025,2.0274364163171214e+39,0.019977118783651153,0.37297368660119884,7.561804345433197e+38
bright_NSF_anchor,nii_ha,0.5597576014951101,2.0092200951937268e+39,0.0201582386180355,0.37318197441074086,7.498047221501317e+38
bright_NSF_anchor,nii_ha,0.5546257129579107,1.9911707823062428e+39,0.020340966468057522,0.37339211143826617,7.434874626395122e+38
bright_NSF_anchor,nii_ha,0.5495408738576245,1.9732869465139585e+39,0.02052531598945569,0.373604113387874,7.372281201122127e+38
bright_NSF_anchor,nii_ha,0.5445026528424212,1.955567070713747e+39,0.02071130094263886,0.37381799608403465,7.310261635821386e+38
bright_NSF_anchor,nii_ha,0.5395106225151276,1.938009651711365e+39,0.020898935193280094,0.3740337754722721,7.24881066931305e+38
bright_NSF_anchor,nii_ha,0.5345643593969717,1.9206132000939376e+39,0.021088232712909695,0.3742514676198461,7.187923088652053e+38
bright_NSF_anchor,nii_ha,0.5296634438916578,1.9033762401036087e+39,0.02127920757950747,0.3744710887164336,7.127593728685903e+38
bright_NSF_anchor,nii_ha,0.5248074602497725,1.8862973095123528e+39,0.02147187397809407,0.37469265507480815,7.067817471616506e+38
bright_NSF_anchor,nii_ha,0.5199959965335159,1.86937495949793e+39,0.02166624620132128,0.3749161831315195,7.008589246566027e+38
bright_NSF_anchor,nii_ha,0.5152286445817564,1.8526077545209832e+39,0.02186233865006118,0.3751416894475703,6.949904029146712e+38
bright_NSF_anchor,nii_ha,0.5105049999754063,1.83599427220326e+39,0.02206016583399406,0.3753691907090932,6.891756841034682e+38
bright_NSF_anchor,nii_ha,0.505824662003114,1.8195331032069476e+39,0.022259742372195,0.3755987037280243,6.834142749547589e+38
bright_NSF_anchor,nii_ha,0.5011872336272722,1.8032228511151233e+39,0.022461082993718868,0.37583024544277666,6.7770568672262035e+38
bright_NSF_anchor,nii_ha,0.4965923214503361,1.78706213231329e+39,0.02266420253818387,0.37606383291891143,6.720494351419787e+38
bright_NSF_anchor,nii_ha,0.4920395356814509,1.771049575872004e+39,0.022869115956353273,0.3762994833498063,6.664450403875287e+38
bright_NSF_anchor,nii_ha,0.48752849010338634,1.75518382343058e+39,0.023075838310715305,0.3765372140573226,6.6089202703303014e+38
bright_NSF_anchor,nii_ha,0.48305880203977264,1.7394635290818558e+39,0.02328438477606114,0.3767770424924703,6.5538992401097674e+38
bright_NSF_anchor,nii_ha,0.4786300923226383,1.723887359258023e+39,0.023494770640060687,0.3770189862360698,6.4993826457263524e+38
bright_NSF_anchor,nii_ha,0.47424198526024464,1.708453992617495e+39,0.023707011303836262,0.3772630629994117,6.445365862484504e+38
bright_NSF_anchor,nii_ha,0.4698941086052154,1.693162119932817e+39,0.023921122282533843,0.37750929062491395,6.391844308088132e+38
bright_NSF_anchor,nii_ha,0.46558609352295893,1.6780104439796052e+39,0.024137119205891795,0.37775768708677554,6.33881344225189e+38
bright_NSF_anchor,nii_ha,0.46131757456037936,1.6629976794264993e+39,0.02435501781880704,0.3780082704916281,6.2862687663160195e+38
bright_NSF_anchor,nii_ha,0.457088189614875,1.6481225527261283e+39,0.02457483398189837,0.37826105907918317,6.234205822864722e+38
bright_NSF_anchor,nii_ha,0.45289757990362073,1.6333838020070734e+39,0.024796583672066896,0.37851607122287695,6.182620195348029e+38
bright_NSF_anchor,nii_ha,0.4487453899331321,1.6187801769668222e+39,0.025020282983053397,0.3787733254305114,6.13150750770715e+38
bright_NSF_anchor,nii_ha,0.4446312674691087,1.6043104387657057e+39,0.025245948125992422,0.3790328403448913,6.080863424003242e+38
bright_NSF_anchor,nii_ha,0.4405548635065533,1.589973359921804e+39,0.0254735954299631,0.37929463474445757,6.030683648049587e+38
bright_NSF_anchor,nii_ha,0.436515832240166,1.5757677242068203e+39,0.02570324134253634,0.3795587275439168,5.9809639230471435e+38
bright_NSF_anchor,nii_ha,0.43251383103500873,1.561692326542905e+39,0.025934902430318377,0.37982513779486615,5.9317000312234396e+38
bright_NSF_anchor,nii_ha,0.4285485203974395,1.547745972900428e+39,0.026168595379490487,0.38009388468641403,5.88288779347477e+38
bright_NSF_anchor,nii_ha,0.4246195639463129,1.5339274801966906e+39,0.02640433699634461,0.3803649875457963,5.834523069011689e+38
bright_NSF_anchor,nii_ha,0.4207266283844441,1.5202356761955596e+39,0.02664214420781493,0.3806384658389872,5.786601755007731e+38
bright_NSF_anchor,nii_ha,0.4168693834703354,1.506669399408029e+39,0.026882034062004928,0.3809143391713057,5.739119786251374e+38
bright_NSF_anchor,nii_ha,0.4130475019901613,1.4932274989936858e+39,0.027124023728710086,0.3811926272880166,5.6920731348011724e+38
bright_NSF_anchor,nii_ha,0.40926065973001086,1.4799088346630877e+39,0.027368130499935698,0.38147335007492605,5.645457809644079e+38
bright_NSF_anchor,nii_ha,0.40550853544838383,1.466712276581027e+39,0.02761437179041,0.38175652755897155,5.5992698563568674e+38
bright_NSF_anchor,nii_ha,0.4017908108489399,1.4536367052706884e+39,0.027862765138092063,0.3820421799088059,5.553505356770682e+38
bright_NSF_anchor,nii_ha,0.3981071705534972,1.4406810115186815e+39,0.028113328204674506,0.3823303274353757,5.508160428638658e+38
bright_NSF_anchor,nii_ha,0.3944573020752784,1.4278440962809458e+39,0.028366078776080758,0.3826209905924929,5.4632312253065825e+38
bright_NSF_anchor,nii_ha,0.390840895792402,1.4151248705895162e+39,0.0286210347629567,0.38291418997740023,5.418713935386579e+38
bright_NSF_anchor,nii_ha,0.3872576449216172,1.4025222554601472e+39,0.028878214201156414,0.3832099463313299,5.374604782433788e+38
bright_NSF_anchor,nii_ha,0.38370724549227875,1.3900351818007795e+39,0.029137635252221954,0.3835082805400552,5.330900024626e+38
bright_NSF_anchor,nii_ha,0.3801893963205612,1.3776625903208488e+39,0.02939931620385686,0.38380921363443543,5.287595954446243e+38
bright_NSF_anchor,nii_ha,0.3767037989839089,1.3654034314414255e+39,0.029663275470393203,0.38411276679095213,5.244688898368261e+38
bright_NSF_anchor,nii_ha,0.37325015779572057,1.3532566652061769e+39,0.029929531593252023,0.3844189613322398,5.2021752165448905e+38
bright_NSF_anchor,nii_ha,0.3698281797802662,1.3412212611931479e+39,0.030198103241396834,0.38472781872760636,5.1600513024992895e+38
bright_NSF_anchor,nii_ha,0.3664375746478333,1.3292961984273479e+39,0.030469009211780113,0.3850393605935471,5.118313582818989e+38
bright_NSF_anchor,nii_ha,0.36307805477010135,1.3174804652941421e+39,0.03074226842978241,0.3853536086942497,5.076958516852769e+38
bright_NSF_anchor,nii_ha,0.3597493351557423,1.305773059453434e+39,0.03101789994964399,0.38567058494209056,5.03598259641029e+38
bright_NSF_anchor,nii_ha,0.35645113342624424,1.2941729877546361e+39,0.03129592295488865,0.3859903113981219,4.995382345464498e+38
bright_NSF_anchor,nii_ha,0.35318316979195696,1.2826792661524206e+39,0.031576356758739606,0.38631281027255054,4.955154319856744e+38
bright_NSF_anchor,nii_ha,0.34994516702835726,1.2712909196232415e+39,0.031859220804527084,0.38663810392520614,4.915295107004617e+38
bright_NSF_anchor,nii_ha,0.3467368504525316,1.260006982082622e+39,0.03214453466608751,0.3869662148660006,4.875801325612448e+38
bright_NSF_anchor,nii_ha,0.3435579478998746,1.2488264963032016e+39,0.03243231804815392,0.387297165755377,4.8366696253844775e+38
bright_NSF_anchor,nii_ha,0.34040818970100084,1.2377485138335324e+39,0.03272259078673747,0.38763097940474806,4.797896686740635e+38
bright_NSF_anchor,nii_ha,0.33728730865886886,1.2267720949176224e+39,0.03301537284949971,0.3879676787769247,4.75947922053495e+38
bright_NSF_anchor,nii_ha,0.3341950400261142,1.2158963084152134e+39,0.033310684336115365,0.3883072869865326,4.721413967776518e+38
bright_NSF_anchor,nii_ha,0.3311311214825911,1.205120231722793e+39,0.03360854547862546,0.3886498273004192,4.683697699353047e+38
bright_NSF_anchor,nii_ha,0.328095293113119,1.1944429506953285e+39,0.03390897664178039,0.3889953231380474,4.646327215756921e+38
bright_NSF_anchor,nii_ha,0.3250872973854344,1.1838635595687192e+39,0.03421199832337277,0.38934379807187863,4.6092993468137886e+38
bright_NSF_anchor,nii_ha,0.32210687912834346,1.1733811608829593e+39,0.03451763115455977,0.3896952758277437,4.5726109514136295e+38
bright_NSF_anchor,nii_ha,0.31915378551007617,1.1629948654060067e+39,0.03482589590017459,0.3900497802852007,4.536258917244295e+38
bright_NSF_anchor,nii_ha,0.31622776601683794,1.1527037920583468e+39,0.03513681345902697,0.390407335477881,4.500240160527486e+38
bright_NSF_anchor,nii_ha,0.31332857243155854,1.1425070678382507e+39,0.03545040486419225,0.39076796559382104,4.464551625757149e+38
bright_NSF_anchor,nii_ha,0.31045595881283555,1.1324038277477179e+39,0.03576669128328878,0.39113169497578204,4.429190285440284e+38
bright_NSF_anchor,nii_ha,0.3076096814740708,1.1223932147190966e+39,0.03608569401874346,0.39149854812155493,4.39415313984011e+38
bright_NSF_anchor,nii_ha,0.3047894989627983,1.1124743795423787e+39,0.036407434508045,0.3918685496842517,4.359437216721597e+38
bright_NSF_anchor,nii_ha,0.3019951720402016,1.1026464807931606e+39,0.03673193432398462,0.39224172447258226,4.325039571099334e+38
bright_NSF_anchor,nii_ha,0.2992264636608189,1.0929086847612638e+39,0.037059215174884,0.3926180974511166,4.290957284987695e+38
bright_NSF_anchor,nii_ha,0.2964831389524342,1.0832601653800103e+39,0.03738929890481003,0.3929976937405315,4.257187467153308e+38
bright_NSF_anchor,nii_ha,0.2937649651961531,1.0737001041561474e+39,0.03772220749377605,0.3933805386178424,4.223727252869787e+38
bright_NSF_anchor,nii_ha,0.2910717118066605,1.0642276901004134e+39,0.038057963057929474,0.3937666575166189,4.190573803674719e+38
bright_NSF_anchor,nii_ha,0.28840315031266056,1.0548421196587407e+39,0.03839658784972517,0.3941560760271839,4.157724307128864e+38
bright_NSF_anchor,nii_ha,0.28575905433749466,1.0455425966440901e+39,0.038738104258084494,0.3945488198967972,4.125175976577588e+38
bright_NSF_anchor,nii_ha,0.2831391995799379,1.0363283321689091e+39,0.03908253480853957,0.3949449150298205,4.092926050914454e+38
bright_NSF_anchor,nii_ha,0.2805433637951713,1.0271985445782088e+39,0.03942990216336252,0.3953443874878668,4.060971794347002e+38
bright_NSF_anchor,nii_ha,0.27797132677592884,1.0181524593832576e+39,0.03978022912167919,0.395747263489931,4.029310496164673e+38
bright_NSF_anchor,nii_ha,0.2754228703338166,1.0091893091958784e+39,0.04013353861956722,0.39615356941250224,3.997939470508846e+38
bright_NSF_anchor,nii_ha,0.272897778280804,1.0003083336633514e+39,0.04048985373013797,0.39656333178965864,3.966856056145002e+38
bright_NSF_anchor,nii_ha,0.2703958364108843,9.915087794039126e+38,0.04084919766360197,0.39697657731314223,3.936057616236966e+38
bright_NSF_anchor,nii_ha,0.2679168324819031,9.827898999428434e+38,0.04121159376731757,0.39739333283241524,3.905541538123224e+38
bright_NSF_anchor,nii_ha,0.2654605561975539,9.741509556491467e+38,0.041577065525822465,0.3978136253546958,3.8753052330952854e+38
bright_NSF_anchor,nii_ha,0.2630267991895382,9.655912136728032e+38,0.041945636560847606,0.3982374820449747,3.845346136178083e+38
bright_NSF_anchor,nii_ha,0.2606153549998896,9.571099478826022e+38,0.04231733063131333,0.3986649302260103,3.815661705912379e+38
bright_NSF_anchor,nii_ha,0.25822601906345966,9.487064388045449e+38,0.042692171633307054,0.39909599737830304,3.786249424139178e+38
bright_NSF_anchor,nii_ha,0.2558585886905646,9.403799735608092e+38,0.04307018360004248,0.3995307111400488,3.757106795786104e+38
bright_NSF_anchor,nii_ha,0.25351286304979076,9.321298458092766e+38,0.04345139070179965,0.39996909930706953,3.7282313486557394e+38
bright_NSF_anchor,nii_ha,0.251188643150958,9.239553556836117e+38,0.04383581724584568,0.40041118983272245,3.699620633215913e+38
bright_NSF_anchor,nii_ha,0.2488857318282391,9.158558097338925e+38,0.04422348767633559,0.4008570108277859,3.671272222391896e+38
bright_NSF_anchor,nii_ha,0.24660393372343392,9.07830520867784e+38,0.04461442657419301,0.4013065905603219,3.643183711360516e+38
bright_NSF_anchor,nii_ha,0.2443430552693972,8.998788082922513e+38,0.04500865865697029,0.4017599574555158,3.615352717346151e+38
bright_NSF_anchor,nii_ha,0.2421029046736178,8.91999997455808e+38,0.045406208778687514,0.4022171400954906,3.5877768794186e+38
bright_NSF_anchor,nii_ha,0.23988329190194904,8.841934199912926e+38,0.0458071019296502,0.40267816721909766,3.560453858292796e+38
bright_NSF_anchor,nii_ha,0.23768402866248767,8.764584136591709e+38,0.04621136323624514,0.4031430677216819,3.53338133613037e+38
bright_NSF_anchor,nii_ha,0.23550492838960096,8.687943222913569e+38,0.046619017960714035,0.4036118706548212,3.5065570163430214e+38
bright_NSF_anchor,nii_ha,0.23334580622810028,8.612004957355497e+38,0.04703009150090441,0.40408460522604006,3.479978623397696e+38
bright_NSF_anchor,nii_ha,0.23120647901755947,8.53676289800081e+38,0.04744460938999749,0.404561300798497,3.453643902623555e+38
bright_NSF_anchor,nii_ha,0.2290867652767773,8.462210661992667e+38,0.047862597296212575,0.4050419868906444,3.427550620020705e+38
bright_NSF_anchor,nii_ha,0.2269864851883822,8.388341924992617e+38,0.0482840810224874,0.4055266931758605,3.401696562070688e+38
bright_NSF_anchor,nii_ha,0.2249054605835781,8.315150420644084e+38,0.04870908650613427,0.40601544948205437,3.376079535548701e+38
bright_NSF_anchor,nii_ha,0.22284351492703036,8.242629940040797e+38,0.04913763981847119,0.4065082857912418,3.350697367337551e+38
bright_NSF_anchor,nii_ha,0.22080047330188998,8.170774331200086e+38,0.049569767164427785,0.40700523223909196,3.3255479042433023e+38
bright_NSF_anchor,nii_ha,0.21877616239495523,8.09957749854099e+38,0.050005494882125634,0.40750631911444446,3.3006290128126186e+38
bright_NSF_anchor,nii_ha,0.21677041048196946,8.029033402367174e+38,0.05044484944243223,0.408011576858797,3.275938579151783e+38
bright_NSF_anchor,nii_ha,0.21478304741305337,7.959136058354569e+38,0.050887857448488436,0.4085210360657617,3.251474508747371e+38
bright_NSF_anchor,nii_ha,0.21281390459827118,7.889879537043721e+38,0.05133454563520886,0.4090347274804902,3.2272347262885745e+38
bright_NSF_anchor,nii_ha,0.21086281499332893,7.821257963336785e+38,0.051784940868754605,0.40955268199906775,3.2032171754911468e+38
bright_NSF_anchor,nii_ha,0.20892961308540392,7.75326551599914e+38,0.052239070145978006,0.41007493066787465,3.179419818922971e+38
bright_NSF_anchor,nii_ha,0.2070141348791042,7.685896427165562e+38,0.052696960593838986,0.4106015046829148,3.1558406378312186e+38
bright_NSF_anchor,nii_ha,0.20511621788255652,7.619144981850934e+38,0.05315863946879225,0.41113243538911104,3.1324776319710986e+38
bright_NSF_anchor,nii_ha,0.20323570109362216,7.55300551746544e+38,0.05362413415614518,0.4116677542795669,3.1093288194361756e+38
bright_NSF_anchor,nii_ha,0.2013724249862388,7.487472423334193e+38,0.05409347216938575,0.4122074929947936,3.0863922364902394e+38
bright_NSF_anchor,nii_ha,0.19952623149688792,7.422540140221287e+38,0.05456668114947999,0.412751683321902,3.0636659374007224e+38
bright_NSF_anchor,nii_ha,0.19769696401118608,7.358203159858202e+38,0.05504378886413848,0.4133003571937592,3.0411479942736425e+38
bright_NSF_anchor,nii_ha,0.195884467350599,7.294456024476517e+38,0.05552482320705165,0.41385354668810936,3.018836496890053e+38
bright_NSF_anchor,nii_ha,0.19408858775927784,7.23129332634494e+38,0.05600981219709292,0.4144112840266568,2.996729552544001e+38
bright_NSF_anchor,nii_ha,0.19230917289101584,7.168709707310554e+38,0.056498783977489565,0.414973601574113,2.974825285881966e+38
bright_NSF_anchor,nii_ha,0.19054607179632474,7.106699858344287e+38,0.05699176681496065,0.41554053183720474,2.9531218387437725e+38
bright_NSF_anchor,nii_ha,0.18879913490962935,7.045258519090532e+38,0.05748878909882156,0.41611210746364474,2.931617370004958e+38
bright_NSF_anchor,nii_ha,0.18706821403658005,6.984380477420918e+38,0.05798987934005453,0.4166883612410627,2.910310055420593e+38
bright_NSF_anchor,nii_ha,0.18535316234148114,6.92406056899215e+38,0.05849506617034485,0.41726932609589656,2.8891980874705247e+38
bright_NSF_anchor,nii_ha,0.18365383433483465,6.864293676807923e+38,0.059004378341081985,0.4178550350922443,2.8682796752060454e+38
bright_NSF_anchor,nii_ha,0.18197008586099836,6.8050747307848285e+38,0.05951784472232536,0.41844552143067415,2.847553044097962e+38
bright_NSF_anchor,nii_ha,0.1803017740859569,6.746398707322265e+38,0.060035494301734,0.4190408184469941,2.827016435886065e+38
bright_NSF_anchor,nii_ha,0.17864875748520506,6.688260628876279e+38,0.06055735618345977,0.41964095961097875,2.80666810842997e+38
bright_NSF_anchor,nii_ha,0.17701089583174212,6.630655563537316e+38,0.06108345958700348,0.42024597852505396,2.7865063355613327e+38
bright_NSF_anchor,nii_ha,0.1753880501841761,6.573578624611835e+38,0.06161383384603357,0.42085590892293856,2.7665294069374142e+38
bright_NSF_anchor,nii_ha,0.17378008287493754,6.517024970207775e+38,0.06214850840716643,0.42147078466824134,2.7467356278959933e+38
bright_NSF_anchor,nii_ha,0.1721868574986007,6.4609898028238074e+38,0.06268751282870838,0.42209063975301464,2.727123319311605e+38
bright_NSF_anchor,nii_ha,0.17060823890031235,6.405468368942359e+38,0.06323087677935829,0.42271550829626203,2.707690817453098e+38
bright_NSF_anchor,nii_ha,0.16904409316432642,6.350455958626369e+38,0.06377863003687058,0.42334542454240115,2.688436473842501e+38
bright_NSF_anchor,nii_ha,0.16749428760264373,6.2959479051197365e+38,0.06433080248667793,0.42398042285967963,2.66935865511518e+38
bright_NSF_anchor,nii_ha,0.16595869074375605,6.241939584451441e+38,0.0648874241204733,0.4246205377385443,2.6504557428812766e+38
bright_NSF_anchor,nii_ha,0.16443717232149316,6.1884264150432816e+38,0.06544852503475049,0.42526580378996304,2.6317261335884207e+38
bright_NSF_anchor,nii_ha,0.16292960326397224,6.135403857321219e+38,0.06601413542930308,0.42591625574369857,2.613168238385699e+38
bright_NSF_anchor,nii_ha,0.16143585568264862,6.082867413330278e+38,0.06658428560568071,0.4265719284465328,2.5947804829888695e+38
bright_NSF_anchor,nii_ha,0.15995580286146688,6.0308126263529856e+38,0.06715900596560256,0.427232856860443,2.5765613075468173e+38
bright_NSF_anchor,nii_ha,0.15848931924611134,5.979235080531295e+38,0.0677383270093275,0.4278990760607266,2.5585091665092252e+38
bright_NSF_anchor,nii_ha,0.15703628043335524,5.9281304004919936e+38,0.06832227933397979,0.42857062123407674,2.5406225284954698e+38
bright_NSF_anchor,nii_ha,0.15559656316050743,5.87749425097553e+38,0.06891089363183074,0.42924752767660534,2.5228998761647078e+38
bright_NSF_anchor,nii_ha,0.15417004529495593,5.8273223364682515e+38,0.0695042006885349,0.4299298307918151,2.50533970608716e+38
bright_NSF_anchor,nii_ha,0.15275660582380723,5.7776104008380106e+38,0.07010223138132074,0.43061756608851887,2.487940528616576e+38
bright_NSF_anchor,nii_ha,0.1513561248436208,5.728354226973115e+38,0.0707050166771351,0.43131076917870537,2.4707008677638624e+38
bright_NSF_anchor,nii_ha,0.1499684835502373,5.679549636424585e+38,0.07131258763074101,0.43200947577535215,2.4536192610718768e+38
bright_NSF_anchor,nii_ha,0.14859356422870068,5.63119248905169e+38,0.07192497538276811,0.43271372169018335,2.436694259491364e+38
bright_NSF_anchor,nii_ha,0.14723125024327186,5.583278682670737e+38,0.07254221115771536,0.4334235428313727,2.4199244272580303e+38
bright_NSF_anchor,nii_ha,0.14588142602753484,5.535804152707084e+38,0.07316432626190533,0.43413897520119116,2.4033083417707517e+38
bright_NSF_anchor,nii_ha,0.14454397707459277,5.488764871850327e+38,0.07379135208138973,0.4348600548935982,2.3868445934708866e+38
bright_NSF_anchor,nii_ha,0.14321878992735435,5.442156849712668e+38,0.07442332007980543,0.43558681809177624,2.3705317857227058e+38
bright_NSF_anchor,nii_ha,0.14190575216890922,5.395976132490407e+38,0.0750602617961805,0.4363193010656076,2.3543685346949147e+38
bright_NSF_anchor,nii_ha,0.1406047524129914,5.350218802628531e+38,0.07570220884268992,0.43705754016909343,2.338353469243258e+38
bright_NSF_anchor,nii_ha,0.13931568029453031,5.304880978488388e+38,0.07634919290236024,0.4378015718377143,2.322485230794208e+38
bright_NSF_anchor,nii_ha,0.1380384264602885,5.259958814018405e+38,0.07700124572672258,0.438551432585731,2.306762473229714e+38
bright_NSF_anchor,nii_ha,0.13677288255958492,5.215448498427818e+38,0.07765839913341387,0.439307159003426,2.2911838627730086e+38
bright_NSF_anchor,nii_ha,0.1355189412351036,5.171346255863406e+38,0.07832068500372519,0.440068787754284,2.2757480778754643e+38
bright_NSF_anchor,nii_ha,0.1342764961137864,5.127648345089177e+38,0.07898813528009739,0.440836355572112,2.260453809104484e+38
bright_NSF_anchor,nii_ha,0.1330454417978091,5.084351059168997e+38,0.07966078196356287,0.44160989925809735,2.2452997590324214e+38
bright_NSF_anchor,nii_ha,0.1318256738556407,5.041450725152127e+38,0.08033865711113339,0.44238945567780336,2.2302846421265163e+38
bright_NSF_anchor,nii_ha,0.13061708881318415,4.998943703761643e+38,0.08102179283313321,0.44317506175810323,2.2154071846398475e+38
bright_NSF_anchor,nii_ha,0.1294195841449986,4.95682638908571e+38,0.0817102212904774,0.44396675448404904,2.200666124503271e+38
bright_NSF_anchor,nii_ha,0.12823305826560213,4.915095208271695e+38,0.08240397469189426,0.44476457089567845,2.1860602112183656e+38
bright_NSF_anchor,nii_ha,0.12705741052085415,4.873746621223073e+38,0.08310308529109178,0.4455685480847555,2.1715882057513476e+38
bright_NSF_anchor,nii_ha,0.12589254117941673,4.83277712029912e+38,0.08380758538386784,0.446378723191448,2.157248880427964e+38
bright_NSF_anchor,nii_ha,0.12473835142429429,4.792183230017352e+38,0.08451750730516305,0.44719513340093753,2.1430410188293455e+38
bright_NSF_anchor,nii_ha,0.12359474334445104,4.751961506758705e+38,0.08523288342605628,0.4480178159399647,2.1289634156888187e+38
bright_NSF_anchor,nii_ha,0.12246161992650487,4.7121085384754005e+38,0.08595374615070231,0.4488468080733077,2.1150148767896625e+38
bright_NSF_anchor,nii_ha,0.12133888504649772,4.6726209444015045e+38,0.08668012791321106,0.4496821471001927,2.1011942188637987e+38
bright_NSF_anchor,nii_ha,0.12022644346174129,4.63349537476613e+38,0.087412061174468,0.4505238703506382,2.0875002694914177e+38
bright_NSF_anchor,nii_ha,0.11912420080273747,4.594728510509275e+38,0.08814957841889533,0.45137201518172965,2.0739318670015184e+38
bright_NSF_anchor,nii_ha,0.11803206356517296,4.5563170630002605e+38,0.08889271215115353,0.4522266189738266,2.0604878603733636e+38
bright_NSF_anchor,nii_ha,0.11694993910198709,4.5182577737587575e+38,0.08964149489278271,0.45308771912670015,2.0471671091388374e+38
bright_NSF_anchor,nii_ha,0.1158777356155126,4.480547414178363e+38,0.09039595917878354,0.45395535305560114,2.0339684832856994e+38
bright_NSF_anchor,nii_ha,0.11481536214968827,4.4431827852527154e+38,0.0911561375541373,0.45482955818725795,2.0208908631617227e+38
bright_NSF_anchor,nii_ha,0.11376272858234307,4.406160717304119e+38,0.09192206257026467,0.4557103719558044,2.007933139379714e+38
bright_NSF_anchor,nii_ha,0.11271974561755102,4.369478069714658e+38,0.09269376678142267,0.4565978317986361,1.9950942127234026e+38
bright_NSF_anchor,nii_ha,0.1116863247780561,4.333131730659778e+38,0.09347128274103984,0.4574919751521958,1.9823729940541945e+38
bright_NSF_anchor,nii_ha,0.11066237839776662,4.297118616844298e+38,0.09425464299798897,0.45839283944768733,1.9697684042187767e+38
bright_NSF_anchor,nii_ha,0.1096478196143185,4.261435673240863e+38,0.09504388009279681,0.4593004621067164,1.9572793739575747e+38
bright_NSF_anchor,nii_ha,0.10864256236170655,4.226079872830772e+38,0.09583902655379133,0.46021488053686005,1.9449048438140425e+38
bright_NSF_anchor,nii_ha,0.1076465213629835,4.191048216347201e+38,0.09664011489318497,0.4611361321271627,1.9326437640447926e+38
bright_NSF_anchor,nii_ha,0.10665961212302578,4.156337732020768e+38,0.09744717760309467,0.4620642542435588,1.9204950945305408e+38
bright_NSF_anchor,nii_ha,0.10568175092136585,4.121945475327439e+38,0.09826024715149762,0.4629992842242223,1.908457804687876e+38
bright_NSF_anchor,nii_ha,0.10471285480508996,4.087868528738737e+38,0.09907935597812305,0.46394125937484143,1.89653087338183e+38
bright_NSF_anchor,nii_ha,0.10375284158180126,4.054104001474246e+38,0.09990453649027937,0.46489021696382127,1.8847132888392583e+38
bright_NSF_anchor,nii_ha,0.10280162981264736,4.0206490292563856e+38,0.10073582105861652,0.465846194217409,1.873004048563007e+38
bright_NSF_anchor,nii_ha,0.1018591388054117,3.987500774067429e+38,0.10157324201282336,0.46680922831474686,1.8614021592468724e+38
bright_NSF_anchor,nii_ha,0.10092528860766845,3.9546564239087544e+38,0.10241683163725997,0.4677793563828489,1.849906636691336e+38
bright_NSF_anchor,nii_ha,0.1,3.922113192562295e+38,0.10326662216652445,0.46875661549150305,1.838516505720075e+38
bright_NSF_anchor,nii_ha,0.09908319448927676,3.8898683193541875e+38,0.10412264578095413,0.4697410426480972,1.8272308000972376e+38
bright_NSF_anchor,nii_ha,0.09817479430199844,3.857919068920577e+38,0.10498493460206115,0.47073267479237035,1.8160485624454744e+38
bright_NSF_anchor,nii_ha,0.09727472237769651,3.8262627309755775e+38,0.10585352068790194,0.4717315487910872,1.804968844164724e+38
bright_NSF_anchor,nii_ha,0.09638290236239705,3.794896620081351e+38,0.10672843602838092,0.4727377014326381,1.793990705351745e+38
bright_NSF_anchor,nii_ha,0.09549925860214359,3.763818075420302e+38,0.107609712540488,0.4737511694215612,1.783113214720378e+38
bright_NSF_anchor,nii_ha,0.0946237161365793,3.733024460569358e+38,0.10849738206346968,0.47477198937299014,1.7723354495225476e+38
bright_NSF_anchor,nii_ha,0.09375620069258803,3.702513163276319e+38,0.10939147635393418,0.4758001978070243,1.761656495469984e+38
bright_NSF_anchor,nii_ha,0.09289663867799362,3.672281595238255e+38,0.11029202708088998,0.47683583114302347,1.7510754466566614e+38
bright_NSF_anchor,nii_ha,0.09204495717531712,3.642327191881942e+38,0.11119906582071813,0.47787892569382584,1.7405914054819518e+38
bright_NSF_anchor,nii_ha,0.09120108393559097,3.612647412146305e+38,0.11211262405207809,0.4789295176598898,1.7302034825744787e+38
bright_NSF_anchor,nii_ha,0.09036494737223014,3.583239738266853e+38,0.11303273315074748,0.4799876431233597,1.719910796716671e+38
bright_NSF_anchor,nii_ha,0.08953647655495937,3.554101675562105e+38,0.11395942438439506,0.4810533380420543,1.7097124747700088e+38
bright_NSF_anchor,nii_ha,0.08871560120379608,3.5252307522219515e+38,0.11489272890728795,0.48212663824338114,1.6996076516009552e+38
bright_NSF_anchor,nii_ha,0.08790225168308842,3.4966245190979765e+38,0.11583267775493242,0.48320757941817233,1.689595470007564e+38
bright_NSF_anchor,nii_ha,0.08709635899560805,3.468280549495694e+38,0.11677930183864854,0.4842961971144458,1.679675080646765e+38
bright_NSF_anchor,nii_ha,0.08629785477669702,3.440196438968682e+38,0.11773263194007935,0.48539252673109123,1.6698456419623108e+38
bright_NSF_anchor,nii_ha,0.08550667128846832,3.412369805114619e+38,0.1186926987056337,0.4864966035114788,1.6601063201133888e+38
bright_NSF_anchor,nii_ha,0.08472274141405964,3.3847982873731795e+38,0.11965953264086397,0.4876084625369935,1.650456288903885e+38
bright_NSF_anchor,nii_ha,0.08394599865193973,3.357479546825783e+38,0.12063316410477834,0.4887281387204951,1.6408947297122961e+38
bright_NSF_anchor,nii_ha,0.08317637711026708,3.330411265997185e+38,0.12161362330408769,0.4898556667997008,1.6314208314222868e+38
bright_NSF_anchor,nii_ha,0.08241381150130021,3.3035911486588824e+38,0.12260094028738809,0.4909910813304963,1.622033790353881e+38
bright_NSF_anchor,nii_ha,0.08165823713585922,3.277016919634319e+38,0.12359514493927845,0.49213441668017016,1.6127328101952837e+38
bright_NSF_anchor,nii_ha,0.08090958991783821,3.2506863246058855e+38,0.12459626697441398,0.493285707020576,1.603517101935332e+38
bright_NSF_anchor,nii_ha,0.0801678063387679,3.224597129923679e+38,0.12560433593149595,0.49444498632122036,1.5943858837965598e+38
bright_NSF_anchor,nii_ha,0.07943282347242814,3.1987471224160224e+38,0.1266193811671978,0.49561228834227744,1.58533838116888e+38
bright_NSF_anchor,nii_ha,0.07870457896950984,3.173134109201718e+38,0.12764143185002835,0.4967876466275326,1.5763738265438734e+38
bright_NSF_anchor,nii_ha,0.07798301105232586,3.1477559175040248e+38,0.12867051695413217,0.49797109449725196,1.5674914594496807e+38
bright_NSF_anchor,nii_ha,0.07726805850957022,3.122610394466338e+38,0.12970666525302815,0.49916266504098233,1.5586905263864904e+38
bright_NSF_anchor,nii_ha,0.07655966069112562,3.0976954069695607e+38,0.13074990531328615,0.500362391110279,1.5499702807626184e+38
bright_NSF_anchor,nii_ha,0.07585775750291836,3.0730088414511497e+38,0.13180026548814275,0.5015703053113642,1.5413299828311746e+38
bright_NSF_anchor,nii_ha,0.07516228940182053,3.04854860372582e+38,0.13285777391105633,0.5027864399977148,1.532768899627309e+38
bright_NSF_anchor,nii_ha,0.07447319739059889,3.0243126188078924e+38,0.13392245848920256,0.504010827262583,1.5242863049060344e+38
bright_NSF_anchor,nii_ha,0.07379042301291007,3.0002988307352697e+38,0.13499434689691034,0.5052434989314468,1.5158814790806164e+38
bright_NSF_anchor,nii_ha,0.07311390834834172,2.976505202395031e+38,0.13607346656903918,0.506484486554395,1.507553709161533e+38
bright_NSF_anchor,nii_ha,0.07244359600749899,2.952929715350616e+38,0.13715984469429912,0.5077338213984439,1.4993022886959877e+38
bright_NSF_anchor,nii_ha,0.07177942912713615,2.929570369670605e+38,0.138253508208513,0.50899153443979,1.4911265177079838e+38
bright_NSF_anchor,nii_ha,0.07112135136533289,2.9064251837590563e+38,0.13935448378782286,0.5102576563559963,1.4830257026389419e+38
bright_NSF_anchor,nii_ha,0.07046930689671467,2.883492194187412e+38,0.1404627978418405,0.5115322175181165,1.4749991562888663e+38
bright_NSF_anchor,nii_ha,0.06982324040771715,2.8607694555279354e+38,0.1415784765067436,0.5128152479827551,1.4670461977580495e+38
bright_NSF_anchor,nii_ha,0.06918309709189366,2.838255040188675e+38,0.1427015456383184,0.5141067774840661,1.4591661523893082e+38
bright_NSF_anchor,nii_ha,0.06854882264526617,2.815947038249952e+38,0.1438320308049488,0.5154068354256911,1.4513583517107553e+38
bright_NSF_anchor,nii_ha,0.06792036326171846,2.7938435573023353e+38,0.1449699572805543,0.5167154508726374,1.4436221333790894e+38
bright_NSF_anchor,nii_ha,0.06729766562843179,2.771942722286108e+38,0.14611535003747694,0.5180326525430985,1.4359568411234099e+38
bright_NSF_anchor,nii_ha,0.06668067692136222,2.7502426753322042e+38,0.1472682337393184,0.5193584688002161,1.4283618246895434e+38
bright_NSF_anchor,nii_ha,0.06606934480075961,2.7287415756046034e+38,0.14842863273372855,0.5206929276437878,1.4208364397848833e+38
bright_NSF_anchor,nii_ha,0.0654636174067275,2.7074375991441707e+38,0.14959657104514637,0.5220360567019182,1.4133800480237318e+38
bright_NSF_anchor,nii_ha,0.06486344335482384,2.686328938713931e+38,0.1507720723674945,0.5233878832226185,1.4059920168731478e+38
bright_NSF_anchor,nii_ha,0.06426877173170198,2.6654138036457556e+38,0.15195516005682874,0.524748434065353,1.3986717195992865e+38
bright_NSF_anchor,nii_ha,0.06367955209079158,2.64469041968846e+38,0.15314585712394366,0.5261177356925352,1.391418535214233e+38
bright_NSF_anchor,nii_ha,0.06309573444801933,2.6241570288572938e+38,0.15434418622693533,0.5274958141609756,1.3842318484233249e+38
bright_NSF_anchor,nii_ha,0.06251726927756858,2.6038118892848053e+38,0.15555016966372334,0.5288826951132818,1.377111049572954e+38
bright_NSF_anchor,nii_ha,0.06194410750767815,2.5836532750730824e+38,0.1567638293645322,0.5302784037692121,1.370055534598851e+38
bright_NSF_anchor,nii_ha,0.06137620051647943,2.563679476147338e+38,0.1579851868843351,0.5316829649169853,1.3630647049748403e+38
bright_NSF_anchor,nii_ha,0.060813500127871796,2.5438887981108453e+38,0.15921426339526,0.533096402904549,1.356137967662068e+38
bright_NSF_anchor,nii_ha,0.06025595860743578,2.5242795621012007e+38,0.16045107967896058,0.5345187416308046,1.3492747350586924e+38
bright_NSF_anchor,nii_ha,0.059703528658383694,2.5048501046479033e+38,0.16169565611895326,0.5359500045367962,1.3424744249500383e+38
bright_NSF_anchor,nii_ha,0.0591561634175474,2.4855987775312414e+38,0.16294801269292172,0.53739021459686,1.3357364604592066e+38
bright_NSF_anchor,nii_ha,0.05861381645140288,2.4665239476424723e+38,0.1642081689649909,0.5388393943097395,1.3290602699981373e+38
bright_NSF_anchor,nii_ha,0.05807644175213121,2.4476239968452847e+38,0.16547614407797176,0.5402975656896676,1.3224452872191218e+38
bright_NSF_anchor,nii_ha,0.057543993733715694,2.4288973218385294e+38,0.16675195674557913,0.541764750257416,1.3158909509667573e+38
bright_NSF_anchor,nii_ha,0.05701642722807475,2.4103423340202113e+38,0.16803562524462354,0.543240969031317,1.3093967052303461e+38
bright_NSF_anchor,nii_ha,0.05649369748123025,2.391957459352726e+38,0.1693271674071798,0.5447262425182567,1.3029619990967262e+38
bright_NSF_anchor,nii_ha,0.055975760149511014,2.3737411382293313e+38,0.17062660061273346,0.5462205907046435,1.296586286703538e+38
bright_NSF_anchor,nii_ha,0.055462571295791074,2.3556918253418472e+38,0.1719339417803075,0.5477240330473535,1.2902690271929186e+38
bright_NSF_anchor,nii_ha,0.054954087385762455,2.3378079895495634e+38,0.1732492073605708,0.5492365884646564,1.2840096846656193e+38
bright_NSF_anchor,nii_ha,0.05445026528424212,2.3200881137493516e+38,0.17457241332793094,0.5507582753271205,1.277807728135545e+38
bright_NSF_anchor,nii_ha,0.05395106225151276,2.3025306947469694e+38,0.1759035751726126,0.5522891114485045,1.2716626314847115e+38
bright_NSF_anchor,nii_ha,0.053456435939697164,2.285134243129542e+38,0.17724270789272448,0.5538291140766332,1.265573873418612e+38
bright_NSF_anchor,nii_ha,0.05296634438916578,2.2678972831392135e+38,0.1785898259863162,0.5553782998842636,1.2595409374219968e+38
bright_NSF_anchor,nii_ha,0.05248074602497726,2.2508183525479573e+38,0.17994494344342776,0.5569366849599419,1.2535633117150572e+38
bright_NSF_anchor,nii_ha,0.051999599653351596,2.2338960025335347e+38,0.18130807373813337,0.5585042847988533,1.2476404892100092e+38
bright_NSF_anchor,nii_ha,0.051522864458175645,2.2171287975565877e+38,0.18267922982058243,0.5600811142936698,1.2417719674680778e+38
bright_NSF_anchor,nii_ha,0.05105049999754062,2.200515315238864e+38,0.18405842410903947,0.5616671877253954,1.2359572486568744e+38
bright_NSF_anchor,nii_ha,0.0505824662003114,2.184054146242552e+38,0.18544566848192565,0.5632625187542145,1.2301958395081653e+38
bright_NSF_anchor,nii_ha,0.05011872336272722,2.167743894150728e+38,0.18684097426986424,0.5648671204103438,1.2244872512760269e+38
bright_NSF_anchor,nii_ha,0.0496592321450336,2.1515831753488945e+38,0.1882443522477322,0.566481005084892,1.2188309996953852e+38
bright_NSF_anchor,nii_ha,0.04920395356814509,2.1355706189076085e+38,0.18965581262672074,0.5681041845207289,1.2132266049409351e+38
bright_NSF_anchor,nii_ha,0.04875284901033863,2.119704866466184e+38,0.19107536504640696,0.5697366698033679,1.2076735915864364e+38
bright_NSF_anchor,nii_ha,0.04830588020397726,2.1039845721174603e+38,0.19250301856683957,0.5713784713518655,1.2021714885643832e+38
bright_NSF_anchor,nii_ha,0.047863009232263824,2.0884084022936273e+38,0.1939387816606408,0.5730295989097368,1.1967198291260417e+38
bright_NSF_anchor,nii_ha,0.04742419852602446,2.0729750356530992e+38,0.19538266220512743,0.5746900615358966,1.191318150801857e+38
bright_NSF_anchor,nii_ha,0.04698941086052153,2.0576831629684214e+38,0.19683466747445375,0.5763598675956219,1.1859659953622197e+38
bright_NSF_anchor,nii_ha,0.04655860935229589,2.0425314870152095e+38,0.1982948041317786,0.5780390247515454,1.1806629087785956e+38
bright_NSF_anchor,nii_ha,0.04613175745603793,2.0275187224621036e+38,0.1997630782214598,0.5797275399546787,1.1754084411850084e+38
bright_NSF_anchor,nii_ha,0.04570881896148749,2.0126435957617325e+38,0.20123949516127856,0.5814254194354703,1.1702021468398785e+38
bright_NSF_anchor,nii_ha,0.04528975799036206,1.9979048450426774e+38,0.2027240597346966,0.583132668694901,1.1650435840882092e+38
bright_NSF_anchor,nii_ha,0.04487453899331321,1.9833012200024266e+38,0.20421677608314884,0.5848492924956211,1.1599323153241215e+38
bright_NSF_anchor,nii_ha,0.04446312674691086,1.9688314818013097e+38,0.205717647698375,0.5865752948531313,1.1548679069537306e+38
bright_NSF_anchor,nii_ha,0.04405548635065532,1.9544944029574083e+38,0.20722667741479206,0.588310679027011,1.1498499293583652e+38
bright_NSF_anchor,nii_ha,0.043651583224016584,1.9402887672424243e+38,0.20874386740191175,0.5900554475121985,1.1448779568581207e+38
bright_NSF_anchor,nii_ha,0.04325138310350086,1.9262133695785086e+38,0.2102692191568051,0.591809602030326,1.1399515676757502e+38
bright_NSF_anchor,nii_ha,0.04285485203974394,1.9122670159360323e+38,0.21180273349661752,0.59357314352111,1.1350703439008833e+38
bright_NSF_anchor,nii_ha,0.042461956394631274,1.8984485232322943e+38,0.2133444105511376,0.5953460721338082,1.1302338714545752e+38
bright_NSF_anchor,nii_ha,0.042072662838444394,1.8847567192311637e+38,0.214894249755422,0.5971283872187353,1.1254417400541795e+38
bright_NSF_anchor,nii_ha,0.04168693834703353,1.8711904424436327e+38,0.21645224984248085,0.5989200873188529,1.1206935431785436e+38
bright_NSF_anchor,nii_ha,0.041304750199016124,1.85774854202929e+38,0.2180184088360252,0.600721170161429,1.1159888780335237e+38
bright_NSF_anchor,nii_ha,0.04092606597300107,1.8444298776986917e+38,0.21959272404328106,0.6025316326497732,1.1113273455178142e+38
bright_NSF_anchor,nii_ha,0.040550853544838374,1.8312333196166313e+38,0.22117519204787248,0.6043514708550534,1.106708550189093e+38
bright_NSF_anchor,nii_ha,0.04017908108489398,1.8181577483062924e+38,0.22276580870277707,0.6061806800081936,1.1021321002304745e+38
bright_NSF_anchor,nii_ha,0.03981071705534971,1.8052020545542857e+38,0.2243645691233572,0.6080192544918608,1.0975976074172723e+38
bright_NSF_anchor,nii_ha,0.03944573020752783,1.79236513931655e+38,0.22597146768047033,0.6098671878325408,1.0931046870840646e+38
bright_NSF_anchor,nii_ha,0.039084089579240214,1.779645913625121e+38,0.22758649799366146,0.6117244726927107,1.0886529580920646e+38
bright_NSF_anchor,nii_ha,0.038725764492161724,1.7670432984957517e+38,0.22920965292444145,0.6135911008631078,1.0842420427967853e+38
bright_NSF_anchor,nii_ha,0.03837072454922788,1.754556224836384e+38,0.23084092456965336,0.6154670632551014,1.0798715670160065e+38
bright_NSF_anchor,nii_ha,0.038018939632056124,1.742183633356453e+38,0.23248030425493219,0.617352349893172,1.0755411599980307e+38
bright_NSF_anchor,nii_ha,0.03767037989839089,1.72992447447703e+38,0.2341277825282594,0.6192469499074983,1.0712504543902326e+38
bright_NSF_anchor,nii_ha,0.03732501577957206,1.7177777082417814e+38,0.2357833491536167,0.6211508515266592,1.0669990862078955e+38
bright_NSF_anchor,nii_ha,0.036982817978026626,1.7057423042287523e+38,0.2374469931047421,0.6230640420704534,1.0627866948033354e+38
bright_NSF_anchor,nii_ha,0.03664375746478333,1.6938172414629522e+38,0.23911870255899167,0.6249865079428405,1.0586129228353055e+38
bright_NSF_anchor,nii_ha,0.03630780547701014,1.6820015083297464e+38,0.24079846489131032,0.626918234625007,1.0544774162386835e+38
bright_NSF_anchor,nii_ha,0.03597493351557424,1.6702941024890384e+38,0.24248626666831538,0.6288592066685627,1.0503798241944355e+38
bright_NSF_anchor,nii_ha,0.03564511334262443,1.6586940307902404e+38,0.2441820936424959,0.6308094076888703,1.0463197990998563e+38
bright_NSF_anchor,nii_ha,0.0353183169791957,1.647200309188025e+38,0.2458859307465312,0.6327688203585108,1.0422969965390808e+38
bright_NSF_anchor,nii_ha,0.03499451670283573,1.6358119626588458e+38,0.24759776208773238,0.6347374264008923,1.0383110752538682e+38
bright_NSF_anchor,nii_ha,0.034673685045253165,1.6245280251182264e+38,0.24931757094260995,0.6367152065840014,1.0343616971146513e+38
bright_NSF_anchor,nii_ha,0.034355794789987466,1.613347539338806e+38,0.2510453397515709,0.6387021407143065,1.0304485270918543e+38
bright_NSF_anchor,nii_ha,0.03404081897010009,1.602269556869137e+38,0.25278105011374885,0.6406982076308112,1.0265712332274701e+38
bright_NSF_anchor,nii_ha,0.03372873086588689,1.5912931379532268e+38,0.2545246827819705,0.6427033851992661,1.0227294866069015e+38
bright_NSF_anchor,nii_ha,0.03341950400261143,1.5804173514508178e+38,0.2562762176578619,0.6447176503065413,1.0189229613310584e+38
bright_NSF_anchor,nii_ha,0.03311311214825911,1.5696412747583972e+38,0.258035633787098,0.6467409788551627,1.0151513344887112e+38
bright_NSF_anchor,nii_ha,0.032809529311311904,1.5589639937309327e+38,0.25980290935479805,0.6487733457580177,1.0114142861290985e+38
bright_NSF_anchor,nii_ha,0.032508729738543435,1.5483846026043231e+38,0.26157802168107186,0.6508147249332327,1.0077114992347852e+38
bright_NSF_anchor,nii_ha,0.032210687912834345,1.5379022039185635e+38,0.26336094721671827,0.652865089299226,1.0040426596947694e+38
bright_NSF_anchor,nii_ha,0.031915378551007616,1.527515908441611e+38,0.26515166153908076,0.6549244107699428,1.000407456277836e+38
bright_NSF_anchor,nii_ha,0.03162277660168379,1.517224835093951e+38,0.26695013934806255,0.656992660250272,9.968055806061551e+37
bright_NSF_anchor,nii_ha,0.031332857243155855,1.507028110873855e+38,0.2687563544623049,0.6590698076316506,9.932367271291215e+37
bright_NSF_anchor,nii_ha,0.031045595881283555,1.496924870783322e+38,0.2705702798155313,0.6611558217878609,9.897005930974348e+37
bright_NSF_anchor,nii_ha,0.03076096814740708,1.4869142577547006e+38,0.27239188745306187,0.6632506705710212,9.861968785374173e+37
bright_NSF_anchor,nii_ha,0.03047894989627983,1.476995422577983e+38,0.2742211485284998,0.6653543208077748,9.827252862255662e+37
bright_NSF_anchor,nii_ha,0.03019951720402016,1.4671675238287649e+38,0.27605803330059414,0.6674667382956834,9.7928552166334e+37
bright_NSF_anchor,nii_ha,0.02992264636608189,1.4574297277968681e+38,0.2779025111302809,0.6695878877998231,9.758772930521761e+37
bright_NSF_anchor,nii_ha,0.029648313895243424,1.4477812084156145e+38,0.27975455047790715,0.6717177330495933,9.725003112687373e+37
bright_NSF_anchor,nii_ha,0.029376496519615308,1.4382211471917516e+38,0.2816141189006391,0.6738562367357349,9.691542898403852e+37
bright_NSF_anchor,nii_ha,0.029107171180666053,1.4287487331360176e+38,0.2834811830500591,0.676003360507568,9.658389449208784e+37
bright_NSF_anchor,nii_ha,0.028840315031266057,1.419363162694345e+38,0.2853557086699536,0.6781590649704466,9.625539952662929e+37
bright_NSF_anchor,nii_ha,0.028575905433749466,1.4100636396796945e+38,0.28723766059429434,0.6803233096834386,9.592991622111653e+37
bright_NSF_anchor,nii_ha,0.02831391995799379,1.4008493752045132e+38,0.28912700274541736,0.6824960531572299,9.560741696448518e+37
bright_NSF_anchor,nii_ha,0.028054336379517132,1.391719587613813e+38,0.29102369813240064,0.6846772528522609,9.528787439881069e+37
bright_NSF_anchor,nii_ha,0.027797132677592883,1.3826735024188617e+38,0.29292770884964514,0.686866865177092,9.497126141698738e+37
bright_NSF_anchor,nii_ha,0.02754228703338166,1.3737103522314825e+38,0.2948389960756599,0.689064845487009,9.465755116042912e+37
bright_NSF_anchor,nii_ha,0.027289777828080404,1.3648293766989556e+38,0.2967575200720556,0.6912711480828639,9.434671701679067e+37
bright_NSF_anchor,nii_ha,0.027039583641088435,1.356029822439517e+38,0.29868324018274806,0.6934857262101602,9.403873261771031e+37
bright_NSF_anchor,nii_ha,0.026791683248190316,1.3473109429784479e+38,0.3006161148333747,0.695708532058381,9.37335718365729e+37
bright_NSF_anchor,nii_ha,0.02654605561975539,1.338671998684751e+38,0.3025561015309262,0.6979395167605652,9.34312087862935e+37
bright_NSF_anchor,nii_ha,0.026302679918953815,1.330112256708407e+38,0.3045031568635958,0.7001786303931351,9.313161781712147e+37
bright_NSF_anchor,nii_ha,0.02606153549998895,1.3216309909182061e+38,0.3064572365008485,0.7024258219759758,9.283477351446444e+37
bright_NSF_anchor,nii_ha,0.025822601906345957,1.3132274818401489e+38,0.30841829519371305,0.70468103947277,9.254065069673244e+37
bright_NSF_anchor,nii_ha,0.02558585886905645,1.3049010165964131e+38,0.31038628677529745,0.706944229791592,9.224922441320167e+37
bright_NSF_anchor,nii_ha,0.02535128630497907,1.2966508888448806e+38,0.3123611641615315,0.7092153387857612,9.196046994189803e+37
bright_NSF_anchor,nii_ha,0.025118864315095794,1.2884763987192157e+38,0.31434287935213784,0.7114943112549585,9.167436278749977e+37
bright_NSF_anchor,nii_ha,0.024888573182823902,1.2803768527694965e+38,0.3163313834318332,0.7137810909466082,9.13908786792596e+37
bright_NSF_anchor,nii_ha,0.024660393372343388,1.272351563903388e+38,0.31832662657176225,0.7160756205575266,9.11099935689458e+37
bright_NSF_anchor,nii_ha,0.024434305526939714,1.2643998513278553e+38,0.3203285580311651,0.7183778417358399,9.083168362880215e+37
bright_NSF_anchor,nii_ha,0.024210290467361777,1.256521040491412e+38,0.3223371261592811,0.7206876950831732,9.055592524952663e+37
bright_NSF_anchor,nii_ha,0.023988329190194897,1.2487144630268967e+38,0.32435227839748937,0.7230051201571128,9.02826950382686e+37
bright_NSF_anchor,nii_ha,0.02376840286624876,1.240979456694775e+38,0.3263739612816886,0.7253300554739418,9.001196981664434e+37
bright_NSF_anchor,nii_ha,0.023550492838960088,1.2333153653269608e+38,0.32840212044491707,0.7276624385116547,8.974372661877085e+37
bright_NSF_anchor,nii_ha,0.02333458062281002,1.2257215387711536e+38,0.3304367006202138,0.7300022057132459,8.94779426893176e+37
bright_NSF_anchor,nii_ha,0.023120647901755942,1.2181973328356851e+38,0.33247764564372306,0.7323492924902816,8.92145954815762e+37
bright_NSF_anchor,nii_ha,0.022908676527677724,1.2107421092348708e+38,0.3345248984580426,0.734703633226749,8.89536626555477e+37
bright_NSF_anchor,nii_ha,0.022698648518838214,1.2033552355348657e+38,0.33657840111581616,0.7370651612831887,8.869512207604753e+37
bright_NSF_anchor,nii_ha,0.022490546058357805,1.1960360851000123e+38,0.33863809478357293,0.7394338090011089,8.843895181082765e+37
bright_NSF_anchor,nii_ha,0.02228435149270303,1.1887840370396837e+38,0.34070391974581254,0.7418095077076844,8.818513012871614e+37
bright_NSF_anchor,nii_ha,0.022080047330188993,1.1815984761556129e+38,0.34277581540933805,0.7441921877207387,8.793363549777366e+37
bright_NSF_anchor,nii_ha,0.02187761623949552,1.1744787928897031e+38,0.3448537203078368,0.7465817783540123,8.768444658346683e+37
bright_NSF_anchor,nii_ha,0.02167704104819694,1.1674243832723214e+38,0.34693757210670917,0.7489782079227155,8.743754224685847e+37
bright_NSF_anchor,nii_ha,0.021478304741305344,1.1604346488710614e+38,0.34902730760814654,0.7513814037493685,8.719290154281436e+37
bright_NSF_anchor,nii_ha,0.02128139045982712,1.1535089967399765e+38,0.351122862756459,0.7537912921699277,8.695050371822639e+37
bright_NSF_anchor,nii_ha,0.021086281499332896,1.1466468393692829e+38,0.35322417264365025,0.7562077985401977,8.671032821025212e+37
bright_NSF_anchor,nii_ha,0.020892961308540396,1.1398475946355184e+38,0.3553311715152438,0.7586308472425304,8.647235464457036e+37
bright_NSF_anchor,nii_ha,0.020701413487910426,1.1331106857521608e+38,0.3574437927763573,0.7610603616928109,8.623656283365285e+37
bright_NSF_anchor,nii_ha,0.020511621788255656,1.1264355412206979e+38,0.3595619689980262,0.7634962643477301,8.600293277505164e+37
bright_NSF_anchor,nii_ha,0.02032357010936222,1.1198215947821483e+38,0.36168563192377556,0.7659384767123418,8.57714446497024e+37
bright_NSF_anchor,nii_ha,0.020137242498623885,1.1132682853690237e+38,0.3638147124764407,0.7683869193479067,8.554207882024304e+37
bright_NSF_anchor,nii_ha,0.0199526231496888,1.1067750570577333e+38,0.36594914076523505,0.7708415118800203,8.531481582934788e+37
bright_NSF_anchor,nii_ha,0.01976969640111861,1.1003413590214246e+38,0.3680888460930653,0.7733021730070251,8.508963639807708e+37
bright_NSF_anchor,nii_ha,0.0195884467350599,1.093966645483256e+38,0.3702337569640926,0.7757688205087065,8.486652142424118e+37
bright_NSF_anchor,nii_ha,0.01940885877592778,1.0876503756700982e+38,0.37238380109153896,0.7782413712552698,8.464545198078065e+37
bright_NSF_anchor,nii_ha,0.019230917289101587,1.0813920137666598e+38,0.3745389054057379,0.7807197412165986,8.442640931416031e+37
bright_NSF_anchor,nii_ha,0.019054607179632473,1.075191028870033e+38,0.37669899606242896,0.7832038454717932,8.420937484277837e+37
bright_NSF_anchor,nii_ha,0.018879913490962935,1.0690468949446574e+38,0.37886399845129226,0.7856935982189862,8.399433015539023e+37
bright_NSF_anchor,nii_ha,0.018706821403658005,1.062959090777696e+38,0.38103383720472533,0.7881889127854341,8.378125700954658e+37
bright_NSF_anchor,nii_ha,0.018535316234148114,1.0569270999348195e+38,0.3832084362068578,0.7906897016378865,8.35701373300459e+37
bright_NSF_anchor,nii_ha,0.018365383433483463,1.0509504107163966e+38,0.3853877186028035,0.7931958763932241,8.33609532074011e+37
bright_NSF_anchor,nii_ha,0.018197008586099836,1.0450285161140872e+38,0.3875716068081481,0.7957073478293704,8.315368689632027e+37
bright_NSF_anchor,nii_ha,0.01803017740859569,1.0391609137678308e+38,0.38976002251867004,0.7982240258964705,8.294832081420129e+37
bright_NSF_anchor,nii_ha,0.01786487574852051,1.0333471059232323e+38,0.39195288672029316,0.8007458197283372,8.274483753964036e+37
bright_NSF_anchor,nii_ha,0.01770108958317421,1.0275865993893358e+38,0.394150119699269,0.8032726376541593,8.254321981095397e+37
bright_NSF_anchor,nii_ha,0.017538805018417612,1.0218789054967879e+38,0.39635164105258514,0.805804387210473,8.23434505247148e+37
bright_NSF_anchor,nii_ha,0.017378008287493755,1.0162235400563819e+38,0.3985573696986,0.8083409751533901,8.214551273430059e+37
bright_NSF_anchor,nii_ha,0.01721868574986007,1.0106200233179852e+38,0.4007672238878978,0.8108823074710825,8.19493896484567e+37
bright_NSF_anchor,nii_ha,0.017060823890031235,1.0050678799298402e+38,0.40298112121436463,0.8134282893965193,8.175506462987163e+37
bright_NSF_anchor,nii_ha,0.01690440931643264,9.995666388982411e+37,0.4051989786264806,0.8159788254204526,8.156252119376565e+37
bright_NSF_anchor,nii_ha,0.016749428760264373,9.94115833547578e+37,0.4074207124388259,0.8185338193046497,8.137174300649245e+37
bright_NSF_anchor,nii_ha,0.016595869074375606,9.887150014807484e+37,0.4096462383437982,0.821093174095368,8.118271388415341e+37
bright_NSF_anchor,nii_ha,0.016443717232149314,9.833636845399324e+37,0.4118754714235375,0.823656792137068,8.099541779122485e+37
bright_NSF_anchor,nii_ha,0.016292960326397224,9.780614287677262e+37,0.4141083261620554,0.8262245750863637,8.080983883919763e+37
bright_NSF_anchor,nii_ha,0.01614358556826486,9.72807784368632e+37,0.4163447164575663,0.8287964239262013,8.062596128522934e+37
bright_NSF_anchor,nii_ha,0.01599558028614669,9.676023056709029e+37,0.4185845556350156,0.831372238980268,8.044376953080882e+37
bright_NSF_anchor,nii_ha,0.015848931924611134,9.62444551088734e+37,0.42082775645880277,0.8339519199276232,8.02632481204329e+37
bright_NSF_anchor,nii_ha,0.015703628043335523,9.573340830848038e+37,0.4230742311456942,0.8365353658175484,8.008438174029535e+37
bright_NSF_anchor,nii_ha,0.015559656316050743,9.522704681331573e+37,0.42532389137792365,0.8391224750846121,7.990715521698772e+37
bright_NSF_anchor,nii_ha,0.015417004529495591,9.472532766824294e+37,0.42757664831647474,0.8417131455639459,7.973155351621225e+37
bright_NSF_anchor,nii_ha,0.015275660582380723,9.422820831194054e+37,0.42983241261454314,0.8443072745067247,7.955756174150641e+37
bright_NSF_anchor,nii_ha,0.01513561248436208,9.37356465732916e+37,0.43209109443117244,0.8469047585958484,7.938516513297928e+37
bright_NSF_anchor,nii_ha,0.014996848355023733,9.324760066780628e+37,0.4343526034450619,0.8495054939618212,7.9214349066059415e+37
bright_NSF_anchor,nii_ha,0.014859356422870068,9.276402919407733e+37,0.4366168488685384,0.8521093761988192,7.904509905025429e+37
bright_NSF_anchor,nii_ha,0.014723125024327186,9.22848911302678e+37,0.4388837394616929,0.8547163003809468,7.887740072792095e+37
bright_NSF_anchor,nii_ha,0.014588142602753481,9.181014583063125e+37,0.4411531835466715,0.8573261610786722,7.871123987304816e+37
bright_NSF_anchor,nii_ha,0.014454397707459272,9.13397530220637e+37,0.4434250890221211,0.8599388523754393,7.8546602390049515e+37
bright_NSF_anchor,nii_ha,0.014321878992735432,9.08736728006871e+37,0.44569936337778243,0.8625542678844499,7.838347431256771e+37
bright_NSF_anchor,nii_ha,0.014190575216890919,9.041186562846449e+37,0.447975913709226,0.8651723007656099,7.822184180228979e+37
bright_NSF_anchor,nii_ha,0.014060475241299136,8.995429232984573e+37,0.450254646732727,0.8677928437426361,7.806169114777322e+37
bright_NSF_anchor,nii_ha,0.013931568029453029,8.95009140884443e+37,0.4525354688002735,0.8704157891203145,7.790300876328272e+37
bright_NSF_anchor,nii_ha,0.013803842646028845,8.905169244374447e+37,0.45481828591470275,0.8730410288019081,7.774578118763778e+37
bright_NSF_anchor,nii_ha,0.013677288255958488,8.86065892878386e+37,0.45710300374496143,0.8756684543067056,7.758999508307073e+37
bright_NSF_anchor,nii_ha,0.013551894123510357,8.816556686219449e+37,0.4593895276414834,0.8782979567877058,7.743563723409529e+37
bright_NSF_anchor,nii_ha,0.013427649611378635,8.77285877544522e+37,0.4616777626516809,0.8809294270494331,7.728269454638549e+37
bright_NSF_anchor,nii_ha,0.013304544179780907,8.729561489525039e+37,0.4639676135355433,0.8835627555658747,7.713115404566485e+37
bright_NSF_anchor,nii_ha,0.013182567385564068,8.68666115550817e+37,0.4662589847813369,0.8861978324985375,7.698100287660581e+37
bright_NSF_anchor,nii_ha,0.01306170888131841,8.644154134117685e+37,0.4685517806214043,0.888834547714615,7.683222830173912e+37
bright_NSF_anchor,nii_ha,0.012941958414499856,8.602036819441752e+37,0.4708459050480515,0.8914727908052592,7.668481770037335e+37
bright_NSF_anchor,nii_ha,0.012823305826560211,8.560305638627737e+37,0.47314126182952376,0.8941124511039523,7.65387585675243e+37
bright_NSF_anchor,nii_ha,0.012705741052085412,8.518957051579115e+37,0.47543775452605946,0.8967534177049685,7.639403851285413e+37
bright_NSF_anchor,nii_ha,0.012589254117941668,8.477987550655162e+37,0.47773528650602,0.899395579481923,7.625064525962028e+37
bright_NSF_anchor,nii_ha,0.012473835142429427,8.437393660373395e+37,0.4800337609620875,0.9020388251064007,7.61085666436341e+37
bright_NSF_anchor,nii_ha,0.0123594743344451,8.397171937114747e+37,0.48233308092752564,0.9046830430666546,7.596779061222884e+37
bright_NSF_anchor,nii_ha,0.012246161992650483,8.357318968831442e+37,0.4846331492924981,0.9073281216863729,7.582830522323727e+37
bright_NSF_anchor,nii_ha,0.012133888504649769,8.317831374757548e+37,0.48693386882043793,0.9099739491435036,7.569009864397863e+37
bright_NSF_anchor,nii_ha,0.012022644346174132,8.278705805122175e+37,0.48923514216446323,0.9126204134891327,7.555315915025483e+37
bright_NSF_anchor,nii_ha,0.01191242008027375,8.239938940865319e+37,0.491536871883832,0.9152674026664068,7.541747512535583e+37
bright_NSF_anchor,nii_ha,0.011803206356517298,8.201527493356305e+37,0.49383896046043013,0.9179148045294947,7.5283035059074285e+37
bright_NSF_anchor,nii_ha,0.011694993910198712,8.163468204114802e+37,0.4961413103152887,0.920562506862582,7.514982754672903e+37
bright_NSF_anchor,nii_ha,0.011587773561551261,8.125757844534407e+37,0.4984438238251224,0.9232103973988909,7.501784128819765e+37
bright_NSF_anchor,nii_ha,0.01148153621496883,8.08839321560876e+37,0.5007464033388838,0.9258583638397162,7.488706508695787e+37
bright_NSF_anchor,nii_ha,0.01137627285823431,8.051371147660163e+37,0.5030489511943276,0.9285062938734767,7.475748784913779e+37
bright_NSF_anchor,nii_ha,0.011271974561755105,8.014688500070703e+37,0.5053513697345798,0.9311540751947668,7.462909858257468e+37
bright_NSF_anchor,nii_ha,0.011168632477805612,7.978342161015822e+37,0.5076535613247037,0.9338015955234094,7.45018863958826e+37
bright_NSF_anchor,nii_ha,0.011066237839776664,7.942329047200343e+37,0.5099554283682587,0.9364487426234975,7.437584049752842e+37
bright_NSF_anchor,nii_ha,0.01096478196143185,7.906646103596906e+37,0.5122568733238452,0.939095404322422,7.425095019491639e+37
bright_NSF_anchor,nii_ha,0.010864256236170655,7.871290303186815e+37,0.5145577987216294,0.941741468529874,7.412720489348108e+37
bright_NSF_anchor,nii_ha,0.010764652136298349,7.836258646703243e+37,0.5168581071798428,0.9443868232568192,7.400459409578857e+37
bright_NSF_anchor,nii_ha,0.010665961212302578,7.801548162376812e+37,0.519157701421249,0.9470313566344364,7.388310740064606e+37
bright_NSF_anchor,nii_ha,0.010568175092136586,7.767155905683483e+37,0.5214564842895745,0.9496749569330107,7.376273450221941e+37
bright_NSF_anchor,nii_ha,0.010471285480508996,7.73307895909478e+37,0.5237543587658942,0.9523175125807782,7.364346518915895e+37
bright_NSF_anchor,nii_ha,0.010375284158180127,7.69931443183029e+37,0.5260512279849686,0.9549589121827139,7.352528934373323e+37
bright_NSF_anchor,nii_ha,0.010280162981264735,7.665859459612429e+37,0.5283469952515262,0.957599044539255,7.340819694097072e+37
bright_NSF_anchor,nii_ha,0.010185913880541169,7.6327112044234725e+37,0.5306415640564831,0.9602377986649556,7.329217804780937e+37
bright_NSF_anchor,nii_ha,0.010092528860766845,7.599866854264798e+37,0.5329348380930984,0.9628750638070631,7.317722282225401e+37
bright_NSF_anchor,nii_ha,0.01,7.567323622918338e+37,0.5352267212730545,0.9655107294640127,7.306332151254141e+37
bright_NSF_anchor,sii_ha,1.0,3.557592149526691e+39,0.011384761493937875,0.3079693330457565,1.0956292815385543e+39
bright_NSF_anchor,sii_ha,0.9908319448927676,3.5253472763185834e+39,0.011488893133207162,0.30804222519324503,1.0859558195761221e+39
bright_NSF_anchor,sii_ha,0.9817479430199844,3.4933980258849735e+39,0.011593966051093417,0.3081157762357654,1.076371044446039e+39
bright_NSF_anchor,sii_ha,0.9727472237769651,3.461741687939974e+39,0.011699988550898906,0.30818999198562924,1.0668741430625392e+39
bright_NSF_anchor,sii_ha,0.9638290236239705,3.4303755770457467e+39,0.011806969005402004,0.3082648783037814,1.057464309794271e+39
bright_NSF_anchor,sii_ha,0.954992586021436,3.3992970323846984e+39,0.011914915857368799,0.3083404411001582,1.0481407463959566e+39
bright_NSF_anchor,sii_ha,0.9462371613657931,3.368503417533754e+39,0.012023837620067158,0.30841668633404706,1.0389026619406734e+39
bright_NSF_anchor,sii_ha,0.9375620069258802,3.337992120240715e+39,0.012133742877783179,0.30849362001444824,1.0297492727527615e+39
bright_NSF_anchor,sii_ha,0.9289663867799364,3.307760552202651e+39,0.012244640286340097,0.3085712482004381,1.0206798023413423e+39
bright_NSF_anchor,sii_ha,0.9204495717531713,3.277806148846338e+39,0.012356538573619558,0.30864957700153367,1.0116934813344484e+39
bright_NSF_anchor,sii_ha,0.9120108393559098,3.2481263691107006e+39,0.012469446540085267,0.3087286125780597,1.0027895474137573e+39
bright_NSF_anchor,sii_ha,0.9036494737223014,3.218718695231249e+39,0.01258337305930901,0.30880836114151633,9.939672452499217e+38
bright_NSF_anchor,sii_ha,0.8953647655495938,3.1895806325265003e+39,0.012698327078498975,0.3088888289549493,9.852258264384971e+38
bright_NSF_anchor,sii_ha,0.8871560120379609,3.160709709186347e+39,0.012814317619030428,0.3089700223333213,9.765645494364511e+38
bright_NSF_anchor,sii_ha,0.8790225168308843,3.1321034760623725e+39,0.012931353776978658,0.3090519476438851,9.679826794992589e+38
bright_NSF_anchor,sii_ha,0.8709635899560807,3.10375950646009e+39,0.013049444723654187,0.30913461130655795,9.59479488618574e+38
bright_NSF_anchor,sii_ha,0.8629785477669702,3.0756753959330775e+39,0.013168599706140257,0.3092180197942982,9.510542554604703e+38
bright_NSF_anchor,sii_ha,0.8550667128846833,3.047848762079015e+39,0.01328882804783249,0.3093021796334828,9.427062653042515e+38
bright_NSF_anchor,sii_ha,0.8472274141405964,3.020277244337575e+39,0.013410139148980794,0.3093870974042866,9.344348099818195e+38
bright_NSF_anchor,sii_ha,0.8394599865193975,2.992958503790179e+39,0.013532542487233413,0.3094727797410634,9.262391878176008e+38
bright_NSF_anchor,sii_ha,0.831763771102671,2.965890222961581e+39,0.013656047618183134,0.3095592333327282,9.181187035690214e+38
bright_NSF_anchor,sii_ha,0.8241381150130023,2.939070105623278e+39,0.013780664175915586,0.3096464649231409,9.100726683675304e+38
bright_NSF_anchor,sii_ha,0.8165823713585925,2.912495876598716e+39,0.013906401873559654,0.3097344813114918,9.021003996601618e+38
bright_NSF_anchor,sii_ha,0.8090958991783823,2.886165281570282e+39,0.014033270503839944,0.30982328935268794,8.942012211516316e+38
bright_NSF_anchor,sii_ha,0.8016780633876791,2.860076086888075e+39,0.01416127993963125,0.3099128959577419,8.863744627469696e+38
bright_NSF_anchor,sii_ha,0.7943282347242815,2.8342260793804184e+39,0.014290440134515041,0.31000330809416055,8.786194604946726e+38
bright_NSF_anchor,sii_ha,0.7870457896950986,2.808613066166114e+39,0.014420761123337896,0.31009453278633653,8.709355565303813e+38
bright_NSF_anchor,sii_ha,0.7798301105232587,2.7832348744684203e+39,0.014552253022771867,0.31018657711594033,8.633220990210731e+38
bright_NSF_anchor,sii_ha,0.7726805850957024,2.758089351430734e+39,0.014684926031876712,0.3102794482223137,8.557784421097672e+38
bright_NSF_anchor,sii_ha,0.7655966069112563,2.7331743639339566e+39,0.014818790432664042,0.31037315330286486,8.48303945860734e+38
bright_NSF_anchor,sii_ha,0.7585775750291838,2.7084877984155458e+39,0.014953856590663192,0.3104676996134642,8.408979762052107e+38
bright_NSF_anchor,sii_ha,0.7516228940182055,2.6840275606902163e+39,0.015090134955488941,0.3105630944688423,8.33559904887612e+38
bright_NSF_anchor,sii_ha,0.744731973905989,2.659791575772288e+39,0.015227636061410948,0.31065934524298766,8.262891094122335e+38
bright_NSF_anchor,sii_ha,0.737904230129101,2.6357777876996662e+39,0.015366370527924863,0.31075645936954743,8.190849729904469e+38
bright_NSF_anchor,sii_ha,0.7311390834834174,2.6119841593594268e+39,0.015506349060325119,0.3108544443422276,8.119468844883751e+38
bright_NSF_anchor,sii_ha,0.72443596007499,2.5884086723150123e+39,0.015647582450279307,0.3109533077151955,8.048742383750508e+38
bright_NSF_anchor,sii_ha,0.7177942912713617,2.565049326635001e+39,0.01579008157640413,0.3110530571034829,7.978664346710473e+38
bright_NSF_anchor,sii_ha,0.7112135136533291,2.5419041407234526e+39,0.015933857404842874,0.31115370018339006,7.909228788975829e+38
bright_NSF_anchor,sii_ha,0.7046930689671469,2.518971151151808e+39,0.01607892098984433,0.31125524469289106,7.840429820260894e+38
bright_NSF_anchor,sii_ha,0.6982324040771714,2.4962484124923304e+39,0.016225283474343155,0.3113576984320402,7.772261604282461e+38
bright_NSF_anchor,sii_ha,0.6918309709189365,2.47373399715307e+39,0.01637295609054159,0.31146106926337913,7.70471835826468e+38
bright_NSF_anchor,sii_ha,0.6854882264526616,2.451425995214347e+39,0.01652195016049249,0.3115653651123448,7.637794352448511e+38
bright_NSF_anchor,sii_ha,0.6792036326171845,2.4293225142667303e+39,0.01667227709668365,0.3116705939676786,7.571483909605661e+38
bright_NSF_anchor,sii_ha,0.6729766562843177,2.4074216792505032e+39,0.016823948402623277,0.31177676388183634,7.50578140455698e+38
bright_NSF_anchor,sii_ha,0.6668067692136221,2.3857216322965995e+39,0.016976975673426674,0.3118838829713987,7.440681263695269e+38
bright_NSF_anchor,sii_ha,0.660693448007596,2.3642205325689982e+39,0.017131370596404003,0.31199195941748287,7.376177964512466e+38
bright_NSF_anchor,sii_ha,0.6546361740672749,2.3429165561085658e+39,0.017287144951649038,0.3121010014661544,7.312266035131168e+38
bright_NSF_anchor,sii_ha,0.6486344335482384,2.321807895678326e+39,0.017444310612628963,0.3122110174288403,7.248940053840449e+38
bright_NSF_anchor,sii_ha,0.6426877173170197,2.3008927606101506e+39,0.017602879546775026,0.31232201568274254,7.186194648635922e+38
bright_NSF_anchor,sii_ha,0.6367955209079158,2.2801693766528554e+39,0.01776286381607406,0.3124340046712518,7.124024496764036e+38
bright_NSF_anchor,sii_ha,0.6309573444801932,2.2596359858216887e+39,0.017924275577660784,0.31254699290436255,7.062424324270537e+38
bright_NSF_anchor,sii_ha,0.6251726927756858,2.2392908462492006e+39,0.01808712708441082,0.3126609889590876,7.001388905553072e+38
bright_NSF_anchor,sii_ha,0.6194410750767814,2.2191322320374776e+39,0.018251430685534347,0.31277600147987406,6.940913062917903e+38
bright_NSF_anchor,sii_ha,0.6137620051647942,2.199158433111733e+39,0.018417198827170328,0.31289203917901925,6.88099166614067e+38
bright_NSF_anchor,sii_ha,0.6081350012787179,2.1793677550752405e+39,0.018584444052981246,0.3130091108370869,6.821619632031191e+38
bright_NSF_anchor,sii_ha,0.6025595860743578,2.1597585190655962e+39,0.018753179004748266,0.31312722530332376,6.762791924002259e+38
bright_NSF_anchor,sii_ha,0.5970352865838369,2.1403290616122985e+39,0.018923416422966733,0.3132463914960767,6.704503551642365e+38
bright_NSF_anchor,sii_ha,0.5915616341754739,2.1210777344956364e+39,0.01909516914744195,0.31336661840320934,6.646749570292379e+38
bright_NSF_anchor,sii_ha,0.5861381645140287,2.1020029046068674e+39,0.01926845011788516,0.3134879150825196,6.589525080626072e+38
bright_NSF_anchor,sii_ha,0.580764417521312,2.0831029538096798e+39,0.019443272374509626,0.31361029066215673,6.5328252282345095e+38
bright_NSF_anchor,sii_ha,0.5754399373371569,2.064376278802925e+39,0.019619649058626724,0.31373375434103873,6.476645203214245e+38
bright_NSF_anchor,sii_ha,0.5701642722807475,2.045821290984607e+39,0.019797593413242023,0.3138583153892694,6.42098023975929e+38
bright_NSF_anchor,sii_ha,0.5649369748123025,2.0274364163171214e+39,0.019977118783651153,0.3139839831485558,6.365825615756834e+38
bright_NSF_anchor,sii_ha,0.5597576014951101,2.0092200951937268e+39,0.0201582386180355,0.31411076703262486,6.3111766523866506e+38
bright_NSF_anchor,sii_ha,0.5546257129579107,1.9911707823062428e+39,0.020340966468057522,0.31423867652764026,6.257028713724198e+38
bright_NSF_anchor,sii_ha,0.5495408738576245,1.9732869465139585e+39,0.02052531598945569,0.31436772119261897,6.2033772063473456e+38
bright_NSF_anchor,sii_ha,0.5445026528424212,1.955567070713747e+39,0.02071130094263886,0.3144979106598472,6.150217578946711e+38
bright_NSF_anchor,sii_ha,0.5395106225151276,1.938009651711365e+39,0.020898935193280094,0.31462925463529606,6.097545321939565e+38
bright_NSF_anchor,sii_ha,0.5345643593969717,1.9206132000939376e+39,0.021088232712909695,0.3147617628990368,6.0453559670872825e+38
bright_NSF_anchor,sii_ha,0.5296634438916578,1.9033762401036087e+39,0.02127920757950747,0.3148954453056552,5.993645087116296e+38
bright_NSF_anchor,sii_ha,0.5248074602497725,1.8862973095123528e+39,0.02147187397809407,0.31503031178466584,5.9424082953425284e+38
bright_NSF_anchor,sii_ha,0.5199959965335159,1.86937495949793e+39,0.02166624620132128,0.31516637234092487,5.89164124529926e+38
bright_NSF_anchor,sii_ha,0.5152286445817564,1.8526077545209832e+39,0.02186233865006118,0.31530363705504283,5.84133963036842e+38
bright_NSF_anchor,sii_ha,0.5105049999754063,1.83599427220326e+39,0.02206016583399406,0.31544211608379585,5.7914991834152495e+38
bright_NSF_anchor,sii_ha,0.505824662003114,1.8195331032069476e+39,0.022259742372195,0.3155818196605365,5.7421156764263125e+38
bright_NSF_anchor,sii_ha,0.5011872336272722,1.8032228511151233e+39,0.022461082993718868,0.3157227580956032,5.69318492015084e+38
bright_NSF_anchor,sii_ha,0.4965923214503361,1.78706213231329e+39,0.02266420253818387,0.31586494177672875,5.64470276374534e+38
bright_NSF_anchor,sii_ha,0.4920395356814509,1.771049575872004e+39,0.022869115956353273,0.3160083811694473,5.596665094421482e+38
bright_NSF_anchor,sii_ha,0.48752849010338634,1.75518382343058e+39,0.023075838310715305,0.3161530868175007,5.54906783709721e+38
bright_NSF_anchor,sii_ha,0.48305880203977264,1.7394635290818558e+39,0.02328438477606114,0.3162990693432428,5.501906954051038e+38
bright_NSF_anchor,sii_ha,0.4786300923226383,1.723887359258023e+39,0.023494770640060687,0.31644633944804246,5.455178444579539e+38
bright_NSF_anchor,sii_ha,0.47424198526024464,1.708453992617495e+39,0.023707011303836262,0.31659490791268535,5.4088783446579545e+38
bright_NSF_anchor,sii_ha,0.4698941086052154,1.693162119932817e+39,0.023921122282533843,0.3167447855977737,5.363002726603921e+38
bright_NSF_anchor,sii_ha,0.46558609352295893,1.6780104439796052e+39,0.024137119205891795,0.31689598344412423,5.317547698744285e+38
bright_NSF_anchor,sii_ha,0.46131757456037936,1.6629976794264993e+39,0.02435501781880704,0.3170485124731649,5.272509405084968e+38
bright_NSF_anchor,sii_ha,0.457088189614875,1.6481225527261283e+39,0.02457483398189837,0.31720238378732885,5.227884024983855e+38
bright_NSF_anchor,sii_ha,0.45289757990362073,1.6333838020070734e+39,0.024796583672066896,0.3173576085704468,5.18366777282669e+38
bright_NSF_anchor,sii_ha,0.4487453899331321,1.6187801769668222e+39,0.025020282983053397,0.3175141980881374,5.139856897705937e+38
bright_NSF_anchor,sii_ha,0.4446312674691087,1.6043104387657057e+39,0.025245948125992422,0.3176721636881947,5.0964476831025866e+38
bright_NSF_anchor,sii_ha,0.4405548635065533,1.589973359921804e+39,0.0254735954299631,0.31783151680097416,5.0534364465708825e+38
bright_NSF_anchor,sii_ha,0.436515832240166,1.5757677242068203e+39,0.02570324134253634,0.3179922689397754,5.0108195394259306e+38
bright_NSF_anchor,sii_ha,0.43251383103500873,1.561692326542905e+39,0.025934902430318377,0.3181544317012228,4.968593346434184e+38
bright_NSF_anchor,sii_ha,0.4285485203974395,1.547745972900428e+39,0.026168595379490487,0.3183180167656433,4.9267542855067536e+38
bright_NSF_anchor,sii_ha,0.4246195639463129,1.5339274801966906e+39,0.02640433699634461,0.31848303589744126,4.885298807395542e+38
bright_NSF_anchor,sii_ha,0.4207266283844441,1.5202356761955596e+39,0.02664214420781493,0.31864950094547045,4.8442233953921485e+38
bright_NSF_anchor,sii_ha,0.4168693834703354,1.506669399408029e+39,0.026882034062004928,0.31881742384340345,4.803524565029557e+38
bright_NSF_anchor,sii_ha,0.4130475019901613,1.4932274989936858e+39,0.027124023728710086,0.31898681661009703,4.763198863786527e+38
bright_NSF_anchor,sii_ha,0.40926065973001086,1.4799088346630877e+39,0.027368130499935698,0.319157691349955,4.723242870794733e+38
bright_NSF_anchor,sii_ha,0.40550853544838383,1.466712276581027e+39,0.02761437179041,0.31933006025328703,4.6836531965485514e+38
bright_NSF_anchor,sii_ha,0.4017908108489399,1.4536367052706884e+39,0.027862765138092063,0.3195039355966644,4.644426482617535e+38
bright_NSF_anchor,sii_ha,0.3981071705534972,1.4406810115186815e+39,0.028113328204674506,0.3196793297432722,4.605559401361515e+38
bright_NSF_anchor,sii_ha,0.3944573020752784,1.4278440962809458e+39,0.028366078776080758,0.31985625514325655,4.567048655648308e+38
bright_NSF_anchor,sii_ha,0.390840895792402,1.4151248705895162e+39,0.0286210347629567,0.3200347243340697,4.5288909785740184e+38
bright_NSF_anchor,sii_ha,0.3872576449216172,1.4025222554601472e+39,0.028878214201156414,0.3202147499408095,4.4910831331859116e+38
bright_NSF_anchor,sii_ha,0.38370724549227875,1.3900351818007795e+39,0.029137635252221954,0.32039634467655537,4.453621912207808e+38
bright_NSF_anchor,sii_ha,0.3801893963205612,1.3776625903208488e+39,0.02939931620385686,0.3205795213426998,4.416504137768016e+38
bright_NSF_anchor,sii_ha,0.3767037989839089,1.3654034314414255e+39,0.029663275470393203,0.3207642928292752,4.379726661129746e+38
bright_NSF_anchor,sii_ha,0.37325015779572057,1.3532566652061769e+39,0.029929531593252023,0.3209506721152764,4.343286362424e+38
bright_NSF_anchor,sii_ha,0.3698281797802662,1.3412212611931479e+39,0.030198103241396834,0.32113867226897774,4.307180150384913e+38
bright_NSF_anchor,sii_ha,0.3664375746478333,1.3292961984273479e+39,0.030469009211780113,0.32132830644824606,4.271404962087513e+38
bright_NSF_anchor,sii_ha,0.36307805477010135,1.3174804652941421e+39,0.03074226842978241,0.32151958790084767,4.235957762687896e+38
bright_NSF_anchor,sii_ha,0.3597493351557423,1.305773059453434e+39,0.03101789994964399,0.32171252996475075,4.200835545165771e+38
bright_NSF_anchor,sii_ha,0.35645113342624424,1.2941729877546361e+39,0.03129592295488865,0.32190714606842197,4.1660353300693775e+38
bright_NSF_anchor,sii_ha,0.35318316979195696,1.2826792661524206e+39,0.031576356758739606,0.32210344973111765,4.131554165262731e+38
bright_NSF_anchor,sii_ha,0.34994516702835726,1.2712909196232415e+39,0.031859220804527084,0.3223014545631689,4.097389125675194e+38
bright_NSF_anchor,sii_ha,0.3467368504525316,1.260006982082622e+39,0.03214453466608751,0.3225011742662612,4.063537313053335e+38
bright_NSF_anchor,sii_ha,0.3435579478998746,1.2488264963032016e+39,0.03243231804815392,0.3227026226337077,4.029995855715074e+38
bright_NSF_anchor,sii_ha,0.34040818970100084,1.2377485138335324e+39,0.03272259078673747,0.3229058135507162,3.9967619083060666e+38
bright_NSF_anchor,sii_ha,0.33728730865886886,1.2267720949176224e+39,0.03301537284949971,0.32311076099464975,3.963832651558337e+38
bright_NSF_anchor,sii_ha,0.3341950400261142,1.2158963084152134e+39,0.033310684336115365,0.3233174790352807,3.931205292051109e+38
bright_NSF_anchor,sii_ha,0.3311311214825911,1.205120231722793e+39,0.03360854547862546,0.3235259818350378,3.8988770619738485e+38
bright_NSF_anchor,sii_ha,0.328095293113119,1.1944429506953285e+39,0.03390897664178039,0.3237362836492462,3.866845218891455e+38
bright_NSF_anchor,sii_ha,0.3250872973854344,1.1838635595687192e+39,0.03421199832337277,0.32394839882636095,3.835107045511627e+38
bright_NSF_anchor,sii_ha,0.32210687912834346,1.1733811608829593e+39,0.03451763115455977,0.3241623418081918,3.803659849454348e+38
bright_NSF_anchor,sii_ha,0.31915378551007617,1.1629948654060067e+39,0.03482589590017459,0.32437812713012215,3.7725009630234895e+38
bright_NSF_anchor,sii_ha,0.31622776601683794,1.1527037920583468e+39,0.03513681345902697,0.32459576942131885,3.74162774298051e+38
bright_NSF_anchor,sii_ha,0.31332857243155854,1.1425070678382507e+39,0.03545040486419225,0.32481528340493454,3.711037570320222e+38
bright_NSF_anchor,sii_ha,0.31045595881283555,1.1324038277477179e+39,0.03576669128328878,0.3250366838983021,3.680727850048623e+38
bright_NSF_anchor,sii_ha,0.3076096814740708,1.1223932147190966e+39,0.03608569401874346,0.3252599858131204,3.6506960109627595e+38
bright_NSF_anchor,sii_ha,0.3047894989627983,1.1124743795423787e+39,0.036407434508045,0.3254852041556315,3.620939505432606e+38
bright_NSF_anchor,sii_ha,0.3019951720402016,1.1026464807931606e+39,0.03673193432398462,0.3257123540267892,3.591455809184952e+38
bright_NSF_anchor,sii_ha,0.2992264636608189,1.0929086847612638e+39,0.037059215174884,0.32594145062241875,3.562242421089261e+38
bright_NSF_anchor,sii_ha,0.2964831389524342,1.0832601653800103e+39,0.03738929890481003,0.32617250923336694,3.5332968629455e+38
bright_NSF_anchor,sii_ha,0.2937649651961531,1.0737001041561474e+39,0.03772220749377605,0.3264055452456432,3.5046166792739115e+38
bright_NSF_anchor,sii_ha,0.2910717118066605,1.0642276901004134e+39,0.038057963057929474,0.3266405741405506,3.47619943710671e+38
bright_NSF_anchor,sii_ha,0.28840315031266056,1.0548421196587407e+39,0.03839658784972517,0.3268776114948076,3.448042725781692e+38
bright_NSF_anchor,sii_ha,0.28575905433749466,1.0455425966440901e+39,0.038738104258084494,0.32711667298065916,3.4201441567377405e+38
bright_NSF_anchor,sii_ha,0.2831391995799379,1.0363283321689091e+39,0.03908253480853957,0.3273577743659777,3.392501363312197e+38
bright_NSF_anchor,sii_ha,0.2805433637951713,1.0271985445782088e+39,0.03942990216336252,0.32760093151435377,3.3651120005400963e+38
bright_NSF_anchor,sii_ha,0.27797132677592884,1.0181524593832576e+39,0.03978022912167919,0.3278461603851754,3.3379737449552425e+38
bright_NSF_anchor,sii_ha,0.2754228703338166,1.0091893091958784e+39,0.04013353861956722,0.32809347703369707,3.311084294393105e+38
bright_NSF_anchor,sii_ha,0.272897778280804,1.0003083336633514e+39,0.04048985373013797,0.3283428976110966,3.284441367795524e+38
bright_NSF_anchor,sii_ha,0.2703958364108843,9.915087794039126e+38,0.04084919766360197,0.32859443836452135,3.2580427050172078e+38
bright_NSF_anchor,sii_ha,0.2679168324819031,9.827898999428434e+38,0.04121159376731757,0.3288481156371223,3.2318860666340002e+38
bright_NSF_anchor,sii_ha,0.2654605561975539,9.741509556491467e+38,0.041577065525822465,0.32910394586807573,3.2059692337529103e+38
bright_NSF_anchor,sii_ha,0.2630267991895382,9.655912136728032e+38,0.041945636560847606,0.3293619455925933,3.1802900078238793e+38
bright_NSF_anchor,sii_ha,0.2606153549998896,9.571099478826022e+38,0.04231733063131333,0.3296221314419193,3.1548462104532766e+38
bright_NSF_anchor,sii_ha,0.25822601906345966,9.487064388045449e+38,0.042692171633307054,0.32988452014331493,3.1296356832191046e+38
bright_NSF_anchor,sii_ha,0.2558585886905646,9.403799735608092e+38,0.04307018360004248,0.3301491285200297,3.1046562874878975e+38
bright_NSF_anchor,sii_ha,0.25351286304979076,9.321298458092766e+38,0.04345139070179965,0.3304159734912598,3.0799059042332998e+38
bright_NSF_anchor,sii_ha,0.251188643150958,9.239553556836117e+38,0.04383581724584568,0.33068507207209197,3.055382433856305e+38
bright_NSF_anchor,sii_ha,0.2488857318282391,9.158558097338925e+38,0.04422348767633559,0.33095644137343494,3.0310837960071476e+38
bright_NSF_anchor,sii_ha,0.24660393372343392,9.07830520867784e+38,0.04461442657419301,0.3312300986019351,3.0070079294088218e+38
bright_NSF_anchor,sii_ha,0.2443430552693972,8.998788082922513e+38,0.04500865865697029,0.3315060610598792,2.983152791682224e+38
bright_NSF_anchor,sii_ha,0.2421029046736178,8.91999997455808e+38,0.045406208778687514,0.33178434614508123,2.959516359172894e+38
bright_NSF_anchor,sii_ha,0.23988329190194904,8.841934199912926e+38,0.0458071019296502,0.33206497135075513,2.9360966267793476e+38
bright_NSF_anchor,sii_ha,0.23768402866248767,8.764584136591709e+38,0.04621136323624514,0.3323479542653716,2.9128916077829827e+38
bright_NSF_anchor,sii_ha,0.23550492838960096,8.687943222913569e+38,0.046619017960714035,0.3326333125724998,2.8898993336795404e+38
bright_NSF_anchor,sii_ha,0.23334580622810028,8.612004957355497e+38,0.04703009150090441,0.3329210640506331,2.867117854012119e+38
bright_NSF_anchor,sii_ha,0.23120647901755947,8.53676289800081e+38,0.04744460938999749,0.33321122657299823,2.844545236205713e+38
bright_NSF_anchor,sii_ha,0.2290867652767773,8.462210661992667e+38,0.047862597296212575,0.3335038181073488,2.82217956540327e+38
bright_NSF_anchor,sii_ha,0.2269864851883822,8.388341924992617e+38,0.0482840810224874,0.33379885671574117,2.800018944303255e+38
bright_NSF_anchor,sii_ha,0.2249054605835781,8.315150420644084e+38,0.04870908650613427,0.334096360554294,2.778061492998695e+38
bright_NSF_anchor,sii_ha,0.22284351492703036,8.242629940040797e+38,0.04913763981847119,0.3343963478729298,2.7563053488177093e+38
bright_NSF_anchor,sii_ha,0.22080047330188998,8.170774331200086e+38,0.049569767164427785,0.33469883701509945,2.734748666165496e+38
bright_NSF_anchor,sii_ha,0.21877616239495523,8.09957749854099e+38,0.050005494882125634,0.3350038464174879,2.713389616367767e+38
bright_NSF_anchor,sii_ha,0.21677041048196946,8.029033402367174e+38,0.05044484944243223,0.33531139460970255,2.692226387515622e+38
bright_NSF_anchor,sii_ha,0.21478304741305337,7.959136058354569e+38,0.050887857448488436,0.33562150021394194,2.6712571843118407e+38
bright_NSF_anchor,sii_ha,0.21281390459827118,7.889879537043721e+38,0.05133454563520886,0.3359341819446462,2.6504802279185864e+38
bright_NSF_anchor,sii_ha,0.21086281499332893,7.821257963336785e+38,0.051784940868754605,0.3362494586081282,2.6298937558065055e+38
bright_NSF_anchor,sii_ha,0.20892961308540392,7.75326551599914e+38,0.052239070145978006,0.3365673491021846,2.609496021605212e+38
bright_NSF_anchor,sii_ha,0.2070141348791042,7.685896427165562e+38,0.052696960593838986,0.3368878724156873,2.5892852949551385e+38
bright_NSF_anchor,sii_ha,0.20511621788255652,7.619144981850934e+38,0.05315863946879225,0.33721104762815457,2.56925986136075e+38
bright_NSF_anchor,sii_ha,0.20323570109362216,7.55300551746544e+38,0.05362413415614518,0.33753689390930164,2.549418022045102e+38
bright_NSF_anchor,sii_ha,0.2013724249862388,7.487472423334193e+38,0.05409347216938575,0.33786543051857004,2.5297580938057278e+38
bright_NSF_anchor,sii_ha,0.19952623149688792,7.422540140221287e+38,0.05456668114947999,0.338196676804636,2.510278408871856e+38
bright_NSF_anchor,sii_ha,0.19769696401118608,7.358203159858202e+38,0.05504378886413848,0.3385306522048969,2.4909773147629305e+38
bright_NSF_anchor,sii_ha,0.195884467350599,7.294456024476517e+38,0.05552482320705165,0.3388673762449361,2.471853174148425e+38
bright_NSF_anchor,sii_ha,0.19408858775927784,7.23129332634494e+38,0.05600981219709292,0.33920686853796506,2.452904364708952e+38
bright_NSF_anchor,sii_ha,0.19230917289101584,7.168709707310554e+38,0.056498783977489565,0.3395491487842427,2.4341292789986363e+38
bright_NSF_anchor,sii_ha,0.19054607179632474,7.106699858344287e+38,0.05699176681496065,0.3398942367704724,2.415526324308756e+38
bright_NSF_anchor,sii_ha,0.18879913490962935,7.045258519090532e+38,0.05748878909882156,0.3402421523691751,2.3970939225326295e+38
bright_NSF_anchor,sii_ha,0.18706821403658005,6.984380477420918e+38,0.05798987934005453,0.34059291553803817,2.3788305100317453e+38
bright_NSF_anchor,sii_ha,0.18535316234148114,6.92406056899215e+38,0.05849506617034485,0.3409465463192414,2.3607345375031152e+38
bright_NSF_anchor,sii_ha,0.18365383433483465,6.864293676807923e+38,0.059004378341081985,0.3413030648387574,2.342804469847847e+38
bright_NSF_anchor,sii_ha,0.18197008586099836,6.8050747307848285e+38,0.05951784472232536,0.34166249130562776,2.3250387860409187e+38
bright_NSF_anchor,sii_ha,0.1803017740859569,6.746398707322265e+38,0.060035494301734,0.3420248460112138,2.3074359790021495e+38
bright_NSF_anchor,sii_ha,0.17864875748520506,6.688260628876279e+38,0.06055735618345977,0.3423901493284218,2.289994555468354e+38
bright_NSF_anchor,sii_ha,0.17701089583174212,6.630655563537316e+38,0.06108345958700348,0.34275842171090243,2.272713035866665e+38
bright_NSF_anchor,sii_ha,0.1753880501841761,6.573578624611835e+38,0.06161383384603357,0.3431296836922235,2.2555899541890206e+38
bright_NSF_anchor,sii_ha,0.17378008287493754,6.517024970207775e+38,0.06214850840716643,0.34350395588501653,2.2386238578678026e+38
bright_NSF_anchor,sii_ha,0.1721868574986007,6.4609898028238074e+38,0.06268751282870838,0.3438812589800959,2.2218133076526125e+38
bright_NSF_anchor,sii_ha,0.17060823890031235,6.405468368942359e+38,0.06323087677935829,0.3442616137455508,2.205156877488178e+38
bright_NSF_anchor,sii_ha,0.16904409316432642,6.350455958626369e+38,0.06377863003687058,0.34464504102580945,2.188653154393381e+38
bright_NSF_anchor,sii_ha,0.16749428760264373,6.2959479051197365e+38,0.06433080248667793,0.34503156174067456,2.172300738341391e+38
bright_NSF_anchor,sii_ha,0.16595869074375605,6.241939584451441e+38,0.0648874241204733,0.3454211968843313,2.1560982421409024e+38
bright_NSF_anchor,sii_ha,0.16443717232149316,6.1884264150432816e+38,0.06544852503475049,0.34581396752432536,2.1400442913184547e+38
bright_NSF_anchor,sii_ha,0.16292960326397224,6.135403857321219e+38,0.06601413542930308,0.3462098948005122,2.124137524001836e+38
bright_NSF_anchor,sii_ha,0.16143585568264862,6.082867413330278e+38,0.06658428560568071,0.34660899992397654,2.108376590804554e+38
bright_NSF_anchor,sii_ha,0.15995580286146688,6.0308126263529856e+38,0.06715900596560256,0.3470113041759218,2.092760154711366e+38
bright_NSF_anchor,sii_ha,0.15848931924611134,5.979235080531295e+38,0.0677383270093275,0.34741682890652925,2.0772868909648583e+38
bright_NSF_anchor,sii_ha,0.15703628043335524,5.9281304004919936e+38,0.06832227933397979,0.34782559553378584,2.061955486953068e+38
bright_NSF_anchor,sii_ha,0.15559656316050743,5.87749425097553e+38,0.06891089363183074,0.3482376255422815,2.046764642098129e+38
bright_NSF_anchor,sii_ha,0.15417004529495593,5.8273223364682515e+38,0.0695042006885349,0.3486529404819744,2.0317130677459455e+38
bright_NSF_anchor,sii_ha,0.15275660582380723,5.7776104008380106e+38,0.07010223138132074,0.34907156196692457,2.0167994870568734e+38
bright_NSF_anchor,sii_ha,0.1513561248436208,5.728354226973115e+38,0.0707050166771351,0.34949351167399456,2.0020226348974045e+38
bright_NSF_anchor,sii_ha,0.1499684835502373,5.679549636424585e+38,0.07131258763074101,0.34991881134151875,1.9873812577328457e+38
bright_NSF_anchor,sii_ha,0.14859356422870068,5.63119248905169e+38,0.07192497538276811,0.3503474827679377,1.9728741135209773e+38
bright_NSF_anchor,sii_ha,0.14723125024327186,5.583278682670737e+38,0.07254221115771536,0.35077954781040077,1.9584999716066914e+38
bright_NSF_anchor,sii_ha,0.14588142602753484,5.535804152707084e+38,0.07316432626190533,0.35121502838333374,1.9442576126175953e+38
bright_NSF_anchor,sii_ha,0.14454397707459277,5.488764871850327e+38,0.07379135208138973,0.3516539464569728,1.930145828360568e+38
bright_NSF_anchor,sii_ha,0.14321878992735435,5.442156849712668e+38,0.07442332007980543,0.3520963240558638,1.9161634217192704e+38
bright_NSF_anchor,sii_ha,0.14190575216890922,5.395976132490407e+38,0.0750602617961805,0.35254218325732634,1.902309206552592e+38
bright_NSF_anchor,sii_ha,0.1406047524129914,5.350218802628531e+38,0.07570220884268992,0.35299154618988293,1.8885820075940293e+38
bright_NSF_anchor,sii_ha,0.13931568029453031,5.304880978488388e+38,0.07634919290236024,0.3534444350316522,1.8749806603519865e+38
bright_NSF_anchor,sii_ha,0.1380384264602885,5.259958814018405e+38,0.07700124572672258,0.3539008720087058,1.8615040110109916e+38
bright_NSF_anchor,sii_ha,0.13677288255958492,5.215448498427818e+38,0.07765839913341387,0.35436087939338967,1.8481509163338152e+38
bright_NSF_anchor,sii_ha,0.1355189412351036,5.171346255863406e+38,0.07832068500372519,0.35482447950260765,1.834920243564492e+38
bright_NSF_anchor,sii_ha,0.1342764961137864,5.127648345089177e+38,0.07898813528009739,0.35529169469606814,1.821810870332223e+38
bright_NSF_anchor,sii_ha,0.1330454417978091,5.084351059168997e+38,0.07966078196356287,0.35576254737449403,1.8088216845561694e+38
bright_NSF_anchor,sii_ha,0.1318256738556407,5.041450725152127e+38,0.08033865711113339,0.3562370599777934,1.7959515843511083e+38
bright_NSF_anchor,sii_ha,0.13061708881318415,4.998943703761643e+38,0.08102179283313321,0.35671525498319323,1.783199477933963e+38
bright_NSF_anchor,sii_ha,0.1294195841449986,4.95682638908571e+38,0.0817102212904774,0.3571971549033342,1.770564283531183e+38
bright_NSF_anchor,sii_ha,0.12823305826560213,4.915095208271695e+38,0.08240397469189426,0.357682782284326,1.7580449292869786e+38
bright_NSF_anchor,sii_ha,0.12705741052085415,4.873746621223073e+38,0.08310308529109178,0.35817215970376426,1.745640353172392e+38
bright_NSF_anchor,sii_ha,0.12589254117941673,4.83277712029912e+38,0.08380758538386784,0.3586653097687075,1.733349502895206e+38
bright_NSF_anchor,sii_ha,0.12473835142429429,4.792183230017352e+38,0.08451750730516305,0.3591622551136141,1.7211713358106756e+38
bright_NSF_anchor,sii_ha,0.12359474334445104,4.751961506758705e+38,0.08523288342605628,0.3596630183982394,1.7091048188330814e+38
bright_NSF_anchor,sii_ha,0.12246161992650487,4.7121085384754005e+38,0.08595374615070231,0.3601676223054916,1.6971489283480901e+38
bright_NSF_anchor,sii_ha,0.12133888504649772,4.6726209444015045e+38,0.08668012791321106,0.36067608953924774,1.6853026501259213e+38
bright_NSF_anchor,sii_ha,0.12022644346174129,4.63349537476613e+38,0.087412061174468,0.3611884428221276,1.673564979235309e+38
bright_NSF_anchor,sii_ha,0.11912420080273747,4.594728510509275e+38,0.08814957841889533,0.36170470489322676,1.6619349199582526e+38
bright_NSF_anchor,sii_ha,0.11803206356517296,4.5563170630002605e+38,0.08889271215115353,0.36222489850580747,1.6504114857055482e+38
bright_NSF_anchor,sii_ha,0.11694993910198709,4.5182577737587575e+38,0.08964149489278271,0.36274904642494793,1.6389936989330973e+38
bright_NSF_anchor,sii_ha,0.1158777356155126,4.480547414178363e+38,0.09039595917878354,0.3632771714251485,1.627680591058979e+38
bright_NSF_anchor,sii_ha,0.11481536214968827,4.4431827852527154e+38,0.0911561375541373,0.3638092962878961,1.6164712023812846e+38
bright_NSF_anchor,sii_ha,0.11376272858234307,4.406160717304119e+38,0.09192206257026467,0.36434544379918526,1.6053645819967056e+38
bright_NSF_anchor,sii_ha,0.11271974561755102,4.369478069714658e+38,0.09269376678142267,0.36488563674699587,1.5943597877198675e+38
bright_NSF_anchor,sii_ha,0.1116863247780561,4.333131730659778e+38,0.09347128274103984,0.36542989791872793,1.5834558860034035e+38
bright_NSF_anchor,sii_ha,0.11066237839776662,4.297118616844298e+38,0.09425464299798897,0.3659782500985923,1.5726519518587595e+38
bright_NSF_anchor,sii_ha,0.1096478196143185,4.261435673240863e+38,0.09504388009279681,0.3665307160649578,1.561947068777729e+38
bright_NSF_anchor,sii_ha,0.10864256236170655,4.226079872830772e+38,0.09583902655379133,0.3670873185876539,1.5513403286547017e+38
bright_NSF_anchor,sii_ha,0.1076465213629835,4.191048216347201e+38,0.09664011489318497,0.36764808042522945,1.5408308317096303e+38
bright_NSF_anchor,sii_ha,0.10665961212302578,4.156337732020768e+38,0.09744717760309467,0.3682130243221663,1.5304176864117005e+38
bright_NSF_anchor,sii_ha,0.10568175092136585,4.121945475327439e+38,0.09826024715149762,0.3687821730060483,1.5201000094037018e+38
bright_NSF_anchor,sii_ha,0.10471285480508996,4.087868528738737e+38,0.09907935597812305,0.3693555491846861,1.509876925427091e+38
bright_NSF_anchor,sii_ha,0.10375284158180126,4.054104001474246e+38,0.09990453649027937,0.3699331755431956,1.499747567247744e+38
bright_NSF_anchor,sii_ha,0.10280162981264736,4.0206490292563856e+38,0.10073582105861652,0.37051507474103157,1.4897110755823857e+38
bright_NSF_anchor,sii_ha,0.1018591388054117,3.987500774067429e+38,0.10157324201282336,0.37110126940897636,1.4797665990256987e+38
bright_NSF_anchor,sii_ha,0.10092528860766845,3.9546564239087544e+38,0.10241683163725997,0.37169178214608195,1.4699132939780963e+38
bright_NSF_anchor,sii_ha,0.1,3.922113192562295e+38,0.10326662216652445,0.3722866355165671,1.4601503245741584e+38
bright_NSF_anchor,sii_ha,0.09908319448927676,3.8898683193541875e+38,0.10412264578095413,0.3728858520466679,1.4504768626117263e+38
bright_NSF_anchor,sii_ha,0.09817479430199844,3.857919068920577e+38,0.10498493460206115,0.3734894542214428,1.4408920874816433e+38
bright_NSF_anchor,sii_ha,0.09727472237769651,3.8262627309755775e+38,0.10585352068790194,0.37409746448153136,1.4313951860981433e+38
bright_NSF_anchor,sii_ha,0.09638290236239705,3.794896620081351e+38,0.10672843602838092,0.37470990521986663,1.4219853528298752e+38
bright_NSF_anchor,sii_ha,0.09549925860214359,3.763818075420302e+38,0.107609712540488,0.3753267987783416,1.4126617894315606e+38
bright_NSF_anchor,sii_ha,0.0946237161365793,3.733024460569358e+38,0.10849738206346968,0.37594816744442877,1.4034237049762776e+38
bright_NSF_anchor,sii_ha,0.09375620069258803,3.702513163276319e+38,0.10939147635393418,0.3765740334477539,1.3942703157883658e+38
bright_NSF_anchor,sii_ha,0.09289663867799362,3.672281595238255e+38,0.11029202708088998,0.37720441895662293,1.3852008453769463e+38
bright_NSF_anchor,sii_ha,0.09204495717531712,3.642327191881942e+38,0.11119906582071813,0.3778393460745027,1.3762145243700526e+38
bright_NSF_anchor,sii_ha,0.09120108393559097,3.612647412146305e+38,0.11211262405207809,0.3784788368364546,1.3673105904493614e+38
bright_NSF_anchor,sii_ha,0.09036494737223014,3.583239738266853e+38,0.11303273315074748,0.3791229132055232,1.358488288285526e+38
bright_NSF_anchor,sii_ha,0.08953647655495937,3.554101675562105e+38,0.11395942438439506,0.37977159706907654,1.3497468694741015e+38
bright_NSF_anchor,sii_ha,0.08871560120379608,3.5252307522219515e+38,0.11489272890728795,0.38042491023510155,1.3410855924720554e+38
bright_NSF_anchor,sii_ha,0.08790225168308842,3.4966245190979765e+38,0.11583267775493242,0.3810828744284527,1.3325037225348629e+38
bright_NSF_anchor,sii_ha,0.08709635899560805,3.468280549495694e+38,0.11677930183864854,0.381745511287054,1.324000531654178e+38
bright_NSF_anchor,sii_ha,0.08629785477669702,3.440196438968682e+38,0.11773263194007935,0.3824128423580555,1.3155752984960745e+38
bright_NSF_anchor,sii_ha,0.08550667128846832,3.412369805114619e+38,0.1186926987056337,0.38308488909394356,1.3072273083398556e+38
bright_NSF_anchor,sii_ha,0.08472274141405964,3.3847982873731795e+38,0.11965953264086397,0.38376167284860474,1.2989558530174237e+38
bright_NSF_anchor,sii_ha,0.08394599865193973,3.357479546825783e+38,0.12063316410477834,0.38444321487334476,1.2907602308532047e+38
bright_NSF_anchor,sii_ha,0.08317637711026708,3.330411265997185e+38,0.12161362330408769,0.38512953631286134,1.2826397466046254e+38
bright_NSF_anchor,sii_ha,0.08241381150130021,3.3035911486588824e+38,0.12260094028738809,0.3858206582011716,1.2745937114031346e+38
bright_NSF_anchor,sii_ha,0.08165823713585922,3.277016919634319e+38,0.12359514493927845,0.38651660145749483,1.2666214426957655e+38
bright_NSF_anchor,sii_ha,0.08090958991783821,3.2506863246058855e+38,0.12459626697441398,0.38721738688208973,1.2587222641872355e+38
bright_NSF_anchor,sii_ha,0.0801678063387679,3.224597129923679e+38,0.12560433593149595,0.3879230351520471,1.2508955057825736e+38
bright_NSF_anchor,sii_ha,0.07943282347242814,3.1987471224160224e+38,0.1266193811671978,0.3886335668170384,1.2431405035302766e+38
bright_NSF_anchor,sii_ha,0.07870457896950984,3.173134109201718e+38,0.12764143185002835,0.3893490022950198,1.2354565995659853e+38
bright_NSF_anchor,sii_ha,0.07798301105232586,3.1477559175040248e+38,0.12867051695413217,0.3900693618678925,1.2278431420566774e+38
bright_NSF_anchor,sii_ha,0.07726805850957022,3.122610394466338e+38,0.12970666525302815,0.3907946656771196,1.2202994851453713e+38
bright_NSF_anchor,sii_ha,0.07655966069112562,3.0976954069695607e+38,0.13074990531328615,0.3915249337193003,1.2128249888963382e+38
bright_NSF_anchor,sii_ha,0.07585775750291836,3.0730088414511497e+38,0.13180026548814275,0.39226018584169986,1.2054190192408148e+38
bright_NSF_anchor,sii_ha,0.07516228940182053,3.04854860372582e+38,0.13285777391105633,0.3930004417377394,1.198080947923216e+38
bright_NSF_anchor,sii_ha,0.07447319739059889,3.0243126188078924e+38,0.13392245848920256,0.39374572094244176,1.1908101524478376e+38
bright_NSF_anchor,sii_ha,0.07379042301291007,3.0002988307352697e+38,0.13499434689691034,0.39449604282783723,1.183606016026051e+38
bright_NSF_anchor,sii_ha,0.07311390834834172,2.976505202395031e+38,0.13607346656903918,0.3952514265983274,1.1764679275239792e+38
bright_NSF_anchor,sii_ha,0.07244359600749899,2.952929715350616e+38,0.13715984469429912,0.3960118912860094,1.1693952814106548e+38
bright_NSF_anchor,sii_ha,0.07177942912713615,2.929570369670605e+38,0.138253508208513,0.3967774557459591,1.1623874777066514e+38
bright_NSF_anchor,sii_ha,0.07112135136533289,2.9064251837590563e+38,0.13935448378782286,0.397548138651476,1.155443921933187e+38
bright_NSF_anchor,sii_ha,0.07046930689671467,2.883492194187412e+38,0.1404627978418405,0.3983239584892883,1.1485640250616935e+38
bright_NSF_anchor,sii_ha,0.06982324040771715,2.8607694555279354e+38,0.1415784765067436,0.3991049335547205,1.1417472034638505e+38
bright_NSF_anchor,sii_ha,0.06918309709189366,2.838255040188675e+38,0.1427015456383184,0.3998910819468229,1.1349928788620725e+38
bright_NSF_anchor,sii_ha,0.06854882264526617,2.815947038249952e+38,0.1438320308049488,0.4006824215634642,1.1283004782804557e+38
bright_NSF_anchor,sii_ha,0.06792036326171846,2.7938435573023353e+38,0.1449699572805543,0.401478970096388,1.1216694339961705e+38
bright_NSF_anchor,sii_ha,0.06729766562843179,2.771942722286108e+38,0.14611535003747694,0.40228074502623384,1.1150991834913024e+38
bright_NSF_anchor,sii_ha,0.06668067692136222,2.7502426753322042e+38,0.1472682337393184,0.40308776361752285,1.1085891694051312e+38
bright_NSF_anchor,sii_ha,0.06606934480075961,2.7287415756046034e+38,0.14842863273372855,0.40390004291361,1.102138839486851e+38
bright_NSF_anchor,sii_ha,0.0654636174067275,2.7074375991441707e+38,0.14959657104514637,0.40471759973160243,1.0957476465487212e+38
bright_NSF_anchor,sii_ha,0.06486344335482384,2.686328938713931e+38,0.1507720723674945,0.4055404506572461,1.0894150484196492e+38
bright_NSF_anchor,sii_ha,0.06426877173170198,2.6654138036457556e+38,0.15195516005682874,0.4063686120397801,1.0831405078991967e+38
bright_NSF_anchor,sii_ha,0.06367955209079158,2.64469041968846e+38,0.15314585712394366,0.4072020999867605,1.0769234927120078e+38
bright_NSF_anchor,sii_ha,0.06309573444801933,2.6241570288572938e+38,0.15434418622693533,0.4080409303588547,1.070763475462658e+38
bright_NSF_anchor,sii_ha,0.06251726927756858,2.6038118892848053e+38,0.15555016966372334,0.40888511876460626,1.0646599335909115e+38
bright_NSF_anchor,sii_ha,0.06194410750767815,2.5836532750730824e+38,0.1567638293645322,0.40973468055517254,1.0586123493273947e+38
bright_NSF_anchor,sii_ha,0.06137620051647943,2.563679476147338e+38,0.1579851868843351,0.41058963081903455,1.0526202096496714e+38
bright_NSF_anchor,sii_ha,0.060813500127871796,2.5438887981108453e+38,0.15921426339526,0.41144998437668195,1.0466830062387236e+38
bright_NSF_anchor,sii_ha,0.06025595860743578,2.5242795621012007e+38,0.16045107967896058,0.4123157557752724,1.0408002354358302e+38
bright_NSF_anchor,sii_ha,0.059703528658383694,2.5048501046479033e+38,0.16169565611895326,0.41318695928326726,1.034971398199841e+38
bright_NSF_anchor,sii_ha,0.0591561634175474,2.4855987775312414e+38,0.16294801269292172,0.4140636088850452,1.0291960000648423e+38
bright_NSF_anchor,sii_ha,0.05861381645140288,2.4665239476424723e+38,0.1642081689649909,0.41494571827549365,1.0234735510982117e+38
bright_NSF_anchor,sii_ha,0.05807644175213121,2.4476239968452847e+38,0.16547614407797176,0.4158333008545802,1.0178035658590553e+38
bright_NSF_anchor,sii_ha,0.057543993733715694,2.4288973218385294e+38,0.16675195674557913,0.41672636972190535,1.0121855633570287e+38
bright_NSF_anchor,sii_ha,0.05701642722807475,2.4103423340202113e+38,0.16803562524462354,0.41762493767123643,1.0066190670115333e+38
bright_NSF_anchor,sii_ha,0.05649369748123025,2.391957459352726e+38,0.1693271674071798,0.4185290171850259,1.0011036046112878e+38
bright_NSF_anchor,sii_ha,0.055975760149511014,2.3737411382293313e+38,0.17062660061273346,0.4194386204289134,9.956387082742693e+37
bright_NSF_anchor,sii_ha,0.055462571295791074,2.3556918253418472e+38,0.1719339417803075,0.4203537592462152,9.902239144080241e+37
bright_NSF_anchor,sii_ha,0.054954087385762455,2.3378079895495634e+38,0.1732492073605708,0.4212744451523996,9.84858763670339e+37
bright_NSF_anchor,sii_ha,0.05445026528424212,2.3200881137493516e+38,0.17457241332793094,0.4222006893295517,9.795428009302755e+37
bright_NSF_anchor,sii_ha,0.05395106225151276,2.3025306947469694e+38,0.1759035751726126,0.42313250262082885,9.742755752295609e+37
bright_NSF_anchor,sii_ha,0.053456435939697164,2.285134243129542e+38,0.17724270789272448,0.4240698955249071,9.690566397443325e+37
bright_NSF_anchor,sii_ha,0.05296634438916578,2.2678972831392135e+38,0.1785898259863162,0.4250128781904214,9.638855517472341e+37
bright_NSF_anchor,sii_ha,0.05248074602497726,2.2508183525479573e+38,0.17994494344342776,0.42596146041039945,9.587618725698572e+37
bright_NSF_anchor,sii_ha,0.051999599653351596,2.2338960025335347e+38,0.18130807373813337,0.4269156516166933,9.536851675655303e+37
bright_NSF_anchor,sii_ha,0.051522864458175645,2.2171287975565877e+38,0.18267922982058243,0.4278754608744077,9.486550060724463e+37
bright_NSF_anchor,sii_ha,0.05105049999754062,2.200515315238864e+38,0.18405842410903947,0.42884089687632754,9.43670961377129e+37
bright_NSF_anchor,sii_ha,0.0505824662003114,2.184054146242552e+38,0.18544566848192565,0.42981196793734794,9.387326106782356e+37
bright_NSF_anchor,sii_ha,0.05011872336272722,2.167743894150728e+38,0.18684097426986424,0.43078868198890496,9.338395350506884e+37
bright_NSF_anchor,sii_ha,0.0496592321450336,2.1515831753488945e+38,0.1882443522477322,0.43177104657341253,9.289913194101383e+37
bright_NSF_anchor,sii_ha,0.04920395356814509,2.1355706189076085e+38,0.18965581262672074,0.4327590688387045,9.241875524777526e+37
bright_NSF_anchor,sii_ha,0.04875284901033863,2.119704866466184e+38,0.19107536504640696,0.4337527555324848,9.194278267453251e+37
bright_NSF_anchor,sii_ha,0.04830588020397726,2.1039845721174603e+38,0.19250301856683957,0.4347521129967877,9.14711738440708e+37
bright_NSF_anchor,sii_ha,0.047863009232263824,2.0884084022936273e+38,0.1939387816606408,0.43575714716244857,9.100388874935582e+37
bright_NSF_anchor,sii_ha,0.04742419852602446,2.0729750356530992e+38,0.19538266220512743,0.43676786354358915,9.054088775013997e+37
bright_NSF_anchor,sii_ha,0.04698941086052153,2.0576831629684214e+38,0.19683466747445375,0.4377842672321176,9.008213156959964e+37
bright_NSF_anchor,sii_ha,0.04655860935229589,2.0425314870152095e+38,0.1982948041317786,0.43880636289224495,8.962758129100328e+37
bright_NSF_anchor,sii_ha,0.04613175745603793,2.0275187224621036e+38,0.1997630782214598,0.4398341547550219,8.917719835441012e+37
bright_NSF_anchor,sii_ha,0.04570881896148749,2.0126435957617325e+38,0.20123949516127856,0.44086764661289496,8.873094455339897e+37
bright_NSF_anchor,sii_ha,0.04528975799036206,1.9979048450426774e+38,0.2027240597346966,0.44190684181428763,8.828878203182733e+37
bright_NSF_anchor,sii_ha,0.04487453899331321,1.9833012200024266e+38,0.20421677608314884,0.44295174325820413,8.78506732806198e+37
bright_NSF_anchor,sii_ha,0.04446312674691086,1.9688314818013097e+38,0.205717647698375,0.4440023533888625,8.74165811345863e+37
bright_NSF_anchor,sii_ha,0.04405548635065532,1.9544944029574083e+38,0.20722667741479206,0.44505867419035444,8.698646876926925e+37
bright_NSF_anchor,sii_ha,0.043651583224016584,1.9402887672424243e+38,0.20874386740191175,0.4461207071813383,8.656029969781974e+37
bright_NSF_anchor,sii_ha,0.04325138310350086,1.9262133695785086e+38,0.2102692191568051,0.44718845340976354,8.613803776790225e+37
bright_NSF_anchor,sii_ha,0.04285485203974394,1.9122670159360323e+38,0.21180273349661752,0.4482619134476322,8.571964715862797e+37
bright_NSF_anchor,sii_ha,0.042461956394631274,1.8984485232322943e+38,0.2133444105511376,0.4493410873857963,8.530509237751583e+37
bright_NSF_anchor,sii_ha,0.042072662838444394,1.8847567192311637e+38,0.214894249755422,0.4504259748287954,8.48943382574819e+37
bright_NSF_anchor,sii_ha,0.04168693834703353,1.8711904424436327e+38,0.21645224984248085,0.4515165748897366,8.448734995385599e+37
bright_NSF_anchor,sii_ha,0.041304750199016124,1.85774854202929e+38,0.2180184088360252,0.4526128861852176,8.40840929414257e+37
bright_NSF_anchor,sii_ha,0.04092606597300107,1.8444298776986917e+38,0.21959272404328106,0.45371490683029675,8.368453301150775e+37
bright_NSF_anchor,sii_ha,0.040550853544838374,1.8312333196166313e+38,0.22117519204787248,0.45482263443351073,8.328863626904594e+37
bright_NSF_anchor,sii_ha,0.04017908108489398,1.8181577483062924e+38,0.22276580870277707,0.455936066091944,8.289636912973578e+37
bright_NSF_anchor,sii_ha,0.03981071705534971,1.8052020545542857e+38,0.2243645691233572,0.45705519838635006,8.250769831717558e+37
bright_NSF_anchor,sii_ha,0.03944573020752783,1.79236513931655e+38,0.22597146768047033,0.45818002737632924,8.21225908600435e+37
bright_NSF_anchor,sii_ha,0.039084089579240214,1.779645913625121e+38,0.22758649799366146,0.45931054859556303,8.174101408930064e+37
bright_NSF_anchor,sii_ha,0.038725764492161724,1.7670432984957517e+38,0.22920965292444145,0.46044675704710897,8.136293563541955e+37
bright_NSF_anchor,sii_ha,0.03837072454922788,1.754556224836384e+38,0.23084092456965336,0.46158864719875736,8.098832342563852e+37
bright_NSF_anchor,sii_ha,0.038018939632056124,1.742183633356453e+38,0.23248030425493219,0.4627362129784525,8.06171456812406e+37
bright_NSF_anchor,sii_ha,0.03767037989839089,1.72992447447703e+38,0.2341277825282594,0.4638894477697816,8.02493709148579e+37
bright_NSF_anchor,sii_ha,0.03732501577957206,1.7177777082417814e+38,0.2357833491536167,0.4650483444075317,7.988496792780044e+37
bright_NSF_anchor,sii_ha,0.036982817978026626,1.7057423042287523e+38,0.2374469931047421,0.46621289517331943,7.952390580740956e+37
bright_NSF_anchor,sii_ha,0.03664375746478333,1.6938172414629522e+38,0.23911870255899167,0.46738309179129417,7.916615392443557e+37
bright_NSF_anchor,sii_ha,0.03630780547701014,1.6820015083297464e+38,0.24079846489131032,0.4685589254239172,7.881168193043939e+37
bright_NSF_anchor,sii_ha,0.03597493351557424,1.6702941024890384e+38,0.24248626666831538,0.4697403866678208,7.846045975521816e+37
bright_NSF_anchor,sii_ha,0.03564511334262443,1.6586940307902404e+38,0.2441820936424959,0.4709274655497471,7.8112457604254215e+37
bright_NSF_anchor,sii_ha,0.0353183169791957,1.647200309188025e+38,0.2458859307465312,0.4721201515225718,7.776764595618775e+37
bright_NSF_anchor,sii_ha,0.03499451670283573,1.6358119626588458e+38,0.24759776208773238,0.47331843346141267,7.742599556031238e+37
bright_NSF_anchor,sii_ha,0.034673685045253165,1.6245280251182264e+38,0.24931757094260995,0.474522299659827,7.70874774340938e+37
bright_NSF_anchor,sii_ha,0.034355794789987466,1.613347539338806e+38,0.2510453397515709,0.4757317378260997,7.675206286071118e+37
bright_NSF_anchor,sii_ha,0.03404081897010009,1.602269556869137e+38,0.25278105011374885,0.4769467350796242,7.641972338662111e+37
bright_NSF_anchor,sii_ha,0.03372873086588689,1.5912931379532268e+38,0.2545246827819705,0.47816727794737934,7.609043081914381e+37
bright_NSF_anchor,sii_ha,0.03341950400261143,1.5804173514508178e+38,0.2562762176578619,0.47939335236050334,7.576415722407154e+37
bright_NSF_anchor,sii_ha,0.03311311214825911,1.5696412747583972e+38,0.258035633787098,0.48062494365096864,7.544087492329893e+37
bright_NSF_anchor,sii_ha,0.032809529311311904,1.5589639937309327e+38,0.25980290935479805,0.48186203654835863,7.512055649247499e+37
bright_NSF_anchor,sii_ha,0.032508729738543435,1.5483846026043231e+38,0.26157802168107186,0.4831046151767503,7.48031747586767e+37
bright_NSF_anchor,sii_ha,0.032210687912834345,1.5379022039185635e+38,0.26336094721671827,0.48435266305170277,7.448870279810391e+37
bright_NSF_anchor,sii_ha,0.031915378551007616,1.527515908441611e+38,0.26515166153908076,0.48560616307735655,7.417711393379533e+37
bright_NSF_anchor,sii_ha,0.03162277660168379,1.517224835093951e+38,0.26695013934806255,0.48686509754364377,7.386838173336553e+37
bright_NSF_anchor,sii_ha,0.031332857243155855,1.507028110873855e+38,0.2687563544623049,0.4881294481236134,7.356248000676265e+37
bright_NSF_anchor,sii_ha,0.031045595881283555,1.496924870783322e+38,0.2705702798155313,0.4893991958708719,7.3259382804046665e+37
bright_NSF_anchor,sii_ha,0.03076096814740708,1.4869142577547006e+38,0.27239188745306187,0.4906743212171433,7.295906441318802e+37
bright_NSF_anchor,sii_ha,0.03047894989627983,1.476995422577983e+38,0.2742211485284998,0.4919548039699499,7.266149935788649e+37
bright_NSF_anchor,sii_ha,0.03019951720402016,1.4671675238287649e+38,0.27605803330059414,0.49324062331041596,7.236666239540995e+37
bright_NSF_anchor,sii_ha,0.02992264636608189,1.4574297277968681e+38,0.2779025111302809,0.4945317577911966,7.2074528514453045e+37
bright_NSF_anchor,sii_ha,0.029648313895243424,1.4477812084156145e+38,0.27975455047790715,0.49582818533453504,7.178507293301544e+37
bright_NSF_anchor,sii_ha,0.029376496519615308,1.4382211471917516e+38,0.2816141189006391,0.4971298832304474,7.149827109629956e+37
bright_NSF_anchor,sii_ha,0.029107171180666053,1.4287487331360176e+38,0.2834811830500591,0.49843682813504137,7.121409867462753e+37
bright_NSF_anchor,sii_ha,0.028840315031266057,1.419363162694345e+38,0.2853557086699536,0.4997489960689675,7.093253156137735e+37
bright_NSF_anchor,sii_ha,0.028575905433749466,1.4100636396796945e+38,0.28723766059429434,0.501066362416006,7.065354587093783e+37
bright_NSF_anchor,sii_ha,0.02831391995799379,1.4008493752045132e+38,0.28912700274541736,0.5023889019217922,7.03771179366824e+37
bright_NSF_anchor,sii_ha,0.028054336379517132,1.391719587613813e+38,0.29102369813240064,0.5037165886926804,7.010322430896139e+37
bright_NSF_anchor,sii_ha,0.027797132677592883,1.3826735024188617e+38,0.29292770884964514,0.5050493961947516,6.983184175311285e+37
bright_NSF_anchor,sii_ha,0.02754228703338166,1.3737103522314825e+38,0.2948389960756599,0.5063872972529619,6.956294724749148e+37
bright_NSF_anchor,sii_ha,0.027289777828080404,1.3648293766989556e+38,0.2967575200720556,0.507730264050439,6.929651798151567e+37
bright_NSF_anchor,sii_ha,0.027039583641088435,1.356029822439517e+38,0.29868324018274806,0.5090782681279237,6.903253135373251e+37
bright_NSF_anchor,sii_ha,0.026791683248190316,1.3473109429784479e+38,0.3006161148333747,0.5104312803833623,6.877096496990044e+37
bright_NSF_anchor,sii_ha,0.02654605561975539,1.338671998684751e+38,0.3025561015309262,0.5117892710716484,6.851179664108954e+37
bright_NSF_anchor,sii_ha,0.026302679918953815,1.330112256708407e+38,0.3045031568635958,0.513152209804517,6.825500438179922e+37
bright_NSF_anchor,sii_ha,0.02606153549998895,1.3216309909182061e+38,0.3064572365008485,0.5145200655505939,6.800056640809319e+37
bright_NSF_anchor,sii_ha,0.025822601906345957,1.3132274818401489e+38,0.30841829519371305,0.5158928066355991,6.774846113575147e+37
bright_NSF_anchor,sii_ha,0.02558585886905645,1.3049010165964131e+38,0.31038628677529745,0.5172704007427082,6.74986671784394e+37
bright_NSF_anchor,sii_ha,0.02535128630497907,1.2966508888448806e+38,0.3123611641615315,0.518652814913072,6.725116334589342e+37
bright_NSF_anchor,sii_ha,0.025118864315095794,1.2884763987192157e+38,0.31434287935213784,0.5200400155464965,6.700592864212347e+37
bright_NSF_anchor,sii_ha,0.024888573182823902,1.2803768527694965e+38,0.3163313834318332,0.5214319684022832,6.67629422636319e+37
bright_NSF_anchor,sii_ha,0.024660393372343388,1.272351563903388e+38,0.31832662657176225,0.5228286386002335,6.652218359764864e+37
bright_NSF_anchor,sii_ha,0.024434305526939714,1.2643998513278553e+38,0.3203285580311651,0.5242299906218156,6.628363222038266e+37
bright_NSF_anchor,sii_ha,0.024210290467361777,1.256521040491412e+38,0.3223371261592811,0.5256359883114968,6.604726789528936e+37
bright_NSF_anchor,sii_ha,0.023988329190194897,1.2487144630268967e+38,0.32435227839748937,0.5270465948782426,6.58130705713539e+37
bright_NSF_anchor,sii_ha,0.02376840286624876,1.240979456694775e+38,0.3263739612816886,0.528461772897182,6.558102038139026e+37
bright_NSF_anchor,sii_ha,0.023550492838960088,1.2333153653269608e+38,0.32840212044491707,0.5298814843114419,6.535109764035582e+37
bright_NSF_anchor,sii_ha,0.02333458062281002,1.2257215387711536e+38,0.3304367006202138,0.5313056904341497,6.512328284368161e+37
bright_NSF_anchor,sii_ha,0.023120647901755942,1.2181973328356851e+38,0.33247764564372306,0.5327343519506061,6.489755666561755e+37
bright_NSF_anchor,sii_ha,0.022908676527677724,1.2107421092348708e+38,0.3345248984580426,0.5341674289206297,6.467389995759312e+37
bright_NSF_anchor,sii_ha,0.022698648518838214,1.2033552355348657e+38,0.33657840111581616,0.5356048807810714,6.445229374659298e+37
bright_NSF_anchor,sii_ha,0.022490546058357805,1.1960360851000123e+38,0.33863809478357293,0.5370466663485011,6.423271923354737e+37
bright_NSF_anchor,sii_ha,0.02228435149270303,1.1887840370396837e+38,0.34070391974581254,0.5384927438220688,6.401515779173751e+37
bright_NSF_anchor,sii_ha,0.022080047330188993,1.1815984761556129e+38,0.34277581540933805,0.5399430707865366,6.379959096521538e+37
bright_NSF_anchor,sii_ha,0.02187761623949552,1.1744787928897031e+38,0.3448537203078368,0.5413976042154858,6.358600046723809e+37
bright_NSF_anchor,sii_ha,0.02167704104819694,1.1674243832723214e+38,0.34693757210670917,0.5428563004746964,6.337436817871664e+37
bright_NSF_anchor,sii_ha,0.021478304741305344,1.1604346488710614e+38,0.34902730760814654,0.5443191153257025,6.316467614667884e+37
bright_NSF_anchor,sii_ha,0.02128139045982712,1.1535089967399765e+38,0.351122862756459,0.5457860039295213,6.295690658274629e+37
bright_NSF_anchor,sii_ha,0.021086281499332896,1.1466468393692829e+38,0.35322417264365025,0.5472569208505552,6.275104186162549e+37
bright_NSF_anchor,sii_ha,0.020892961308540396,1.1398475946355184e+38,0.3553311715152438,0.5487318200606707,6.254706451961256e+37
bright_NSF_anchor,sii_ha,0.020701413487910426,1.1331106857521608e+38,0.3574437927763573,0.55021065494345,6.234495725311182e+37
bright_NSF_anchor,sii_ha,0.020511621788255656,1.1264355412206979e+38,0.3595619689980262,0.5516933782986183,6.2144702917167935e+37
bright_NSF_anchor,sii_ha,0.02032357010936222,1.1198215947821483e+38,0.36168563192377556,0.5531799423466429,6.194628452401145e+37
bright_NSF_anchor,sii_ha,0.020137242498623885,1.1132682853690237e+38,0.3638147124764407,0.5546702987335085,6.174968524161771e+37
bright_NSF_anchor,sii_ha,0.0199526231496888,1.1067750570577333e+38,0.36594914076523505,0.5561643985356645,6.1554888392279e+37
bright_NSF_anchor,sii_ha,0.01976969640111861,1.1003413590214246e+38,0.3680888460930653,0.5576621922651457,6.136187745118974e+37
bright_NSF_anchor,sii_ha,0.0195884467350599,1.093966645483256e+38,0.3702337569640926,0.5591636298748648,6.117063604504468e+37
bright_NSF_anchor,sii_ha,0.01940885877592778,1.0876503756700982e+38,0.37238380109153896,0.5606686607640773,6.098114795064995e+37
bright_NSF_anchor,sii_ha,0.019230917289101587,1.0813920137666598e+38,0.3745389054057379,0.5621772337840165,6.07933970935468e+37
bright_NSF_anchor,sii_ha,0.019054607179632473,1.075191028870033e+38,0.37669899606242896,0.5636892972437002,6.060736754664799e+37
bright_NSF_anchor,sii_ha,0.018879913490962935,1.0690468949446574e+38,0.37886399845129226,0.5652047989159046,6.042304352888672e+37
bright_NSF_anchor,sii_ha,0.018706821403658005,1.062959090777696e+38,0.38103383720472533,0.5667236860433077,6.024040940387788e+37
bright_NSF_anchor,sii_ha,0.018535316234148114,1.0569270999348195e+38,0.3832084362068578,0.5682459053448004,6.005944967859158e+37
bright_NSF_anchor,sii_ha,0.018365383433483463,1.0509504107163966e+38,0.3853877186028035,0.5697714030219625,5.98801490020389e+37
bright_NSF_anchor,sii_ha,0.018197008586099836,1.0450285161140872e+38,0.3875716068081481,0.5713001247657036,5.970249216396961e+37
bright_NSF_anchor,sii_ha,0.01803017740859569,1.0391609137678308e+38,0.38976002251867004,0.572832015763069,5.952646409358193e+37
bright_NSF_anchor,sii_ha,0.01786487574852051,1.0333471059232323e+38,0.39195288672029316,0.5743670207042052,5.935204985824397e+37
bright_NSF_anchor,sii_ha,0.01770108958317421,1.0275865993893358e+38,0.394150119699269,0.5759050837894882,5.917923466222707e+37
bright_NSF_anchor,sii_ha,0.017538805018417612,1.0218789054967879e+38,0.39635164105258514,0.5774461487368096,5.900800384545063e+37
bright_NSF_anchor,sii_ha,0.017378008287493755,1.0162235400563819e+38,0.3985573696986,0.57899015878902,5.883834288223846e+37
bright_NSF_anchor,sii_ha,0.01721868574986007,1.0106200233179852e+38,0.4007672238878978,0.5805370567215284,5.867023738008656e+37
bright_NSF_anchor,sii_ha,0.017060823890031235,1.0050678799298402e+38,0.40298112121436463,0.5820867848500553,5.850367307844222e+37
bright_NSF_anchor,sii_ha,0.01690440931643264,9.995666388982411e+37,0.4051989786264806,0.5836392850385363,5.833863584749423e+37
bright_NSF_anchor,sii_ha,0.016749428760264373,9.94115833547578e+37,0.4074207124388259,0.5851944987071781,5.817511168697434e+37
bright_NSF_anchor,sii_ha,0.016595869074375606,9.887150014807484e+37,0.4096462383437982,0.5867523668406588,5.801308672496946e+37
bright_NSF_anchor,sii_ha,0.016443717232149314,9.833636845399324e+37,0.4118754714235375,0.5883128299964762,5.785254721674497e+37
bright_NSF_anchor,sii_ha,0.016292960326397224,9.780614287677262e+37,0.4141083261620554,0.5898758283134389,5.769347954357879e+37
bright_NSF_anchor,sii_ha,0.01614358556826486,9.72807784368632e+37,0.4163447164575663,0.5914413015202964,5.753587021160596e+37
bright_NSF_anchor,sii_ha,0.01599558028614669,9.676023056709029e+37,0.4185845556350156,0.5930091889445109,5.737970585067409e+37
bright_NSF_anchor,sii_ha,0.015848931924611134,9.62444551088734e+37,0.42082775645880277,0.5945794295211619,5.722497321320902e+37
bright_NSF_anchor,sii_ha,0.015703628043335523,9.573340830848038e+37,0.4230742311456942,0.5961519618019858,5.707165917309111e+37
bright_NSF_anchor,sii_ha,0.015559656316050743,9.522704681331573e+37,0.42532389137792365,0.5977267239645465,5.691975072454172e+37
bright_NSF_anchor,sii_ha,0.015417004529495591,9.472532766824294e+37,0.42757664831647474,0.5993036538215324,5.676923498101989e+37
bright_NSF_anchor,sii_ha,0.015275660582380723,9.422820831194054e+37,0.42983241261454314,0.6008826888301801,5.662009917412916e+37
bright_NSF_anchor,sii_ha,0.01513561248436208,9.37356465732916e+37,0.43209109443117244,0.6024637661018207,5.647233065253448e+37
bright_NSF_anchor,sii_ha,0.014996848355023733,9.324760066780628e+37,0.4343526034450619,0.6040468224115434,5.632591688088889e+37
bright_NSF_anchor,sii_ha,0.014859356422870068,9.276402919407733e+37,0.4366168488685384,0.6056317942079769,5.61808454387702e+37
bright_NSF_anchor,sii_ha,0.014723125024327186,9.22848911302678e+37,0.4388837394616929,0.6072186176231851,5.603710401962735e+37
bright_NSF_anchor,sii_ha,0.014588142602753481,9.181014583063125e+37,0.4411531835466715,0.60880722848267,5.589468042973637e+37
bright_NSF_anchor,sii_ha,0.014454397707459272,9.13397530220637e+37,0.4434250890221211,0.6103975623154847,5.5753562587166105e+37
bright_NSF_anchor,sii_ha,0.014321878992735432,9.08736728006871e+37,0.44569936337778243,0.6119895543644477,5.561373852075313e+37
bright_NSF_anchor,sii_ha,0.014190575216890919,9.041186562846449e+37,0.447975913709226,0.6135831395964583,5.547519636908635e+37
bright_NSF_anchor,sii_ha,0.014060475241299136,8.995429232984573e+37,0.450254646732727,0.6151782527129089,5.533792437950072e+37
bright_NSF_anchor,sii_ha,0.013931568029453029,8.95009140884443e+37,0.4525354688002735,0.6167748281601915,5.520191090708029e+37
bright_NSF_anchor,sii_ha,0.013803842646028845,8.905169244374447e+37,0.45481828591470275,0.6183728001402918,5.506714441367034e+37
bright_NSF_anchor,sii_ha,0.013677288255958488,8.86065892878386e+37,0.45710300374496143,0.6199721026214731,5.4933613466898585e+37
bright_NSF_anchor,sii_ha,0.013551894123510357,8.816556686219449e+37,0.4593895276414834,0.6215726693490383,5.480130673920535e+37
bright_NSF_anchor,sii_ha,0.013427649611378635,8.77285877544522e+37,0.4616777626516809,0.6231744338561767,5.467021300688266e+37
bright_NSF_anchor,sii_ha,0.013304544179780907,8.729561489525039e+37,0.4639676135355433,0.6247773294748803,5.454032114912212e+37
bright_NSF_anchor,sii_ha,0.013182567385564068,8.68666115550817e+37,0.4662589847813369,0.6263812893469358,5.441162014707151e+37
bright_NSF_anchor,sii_ha,0.01306170888131841,8.644154134117685e+37,0.4685517806214043,0.627986246434983,5.428409908290006e+37
bright_NSF_anchor,sii_ha,0.012941958414499856,8.602036819441752e+37,0.4708459050480515,0.6295921335336361,5.415774713887226e+37
bright_NSF_anchor,sii_ha,0.012823305826560211,8.560305638627737e+37,0.47314126182952376,0.6311988832806666,5.403255359643022e+37
bright_NSF_anchor,sii_ha,0.012705741052085412,8.518957051579115e+37,0.47543775452605946,0.6328064281682417,5.390850783528435e+37
bright_NSF_anchor,sii_ha,0.012589254117941668,8.477987550655162e+37,0.47773528650602,0.6344147005542139,5.378559933251248e+37
bright_NSF_anchor,sii_ha,0.012473835142429427,8.437393660373395e+37,0.4800337609620875,0.6360236326734612,5.366381766166718e+37
bright_NSF_anchor,sii_ha,0.0123594743344451,8.397171937114747e+37,0.48233308092752564,0.6376331566492679,5.354315249189124e+37
bright_NSF_anchor,sii_ha,0.012246161992650483,8.357318968831442e+37,0.4846331492924981,0.6392432045047487,5.342359358704132e+37
bright_NSF_anchor,sii_ha,0.012133888504649769,8.317831374757548e+37,0.48693386882043793,0.6408537081743065,5.330513080481964e+37
bright_NSF_anchor,sii_ha,0.012022644346174132,8.278705805122175e+37,0.48923514216446323,0.6424645995151242,5.318775409591352e+37
bright_NSF_anchor,sii_ha,0.01191242008027375,8.239938940865319e+37,0.491536871883832,0.6440758103186824,5.307145350314296e+37
bright_NSF_anchor,sii_ha,0.011803206356517298,8.201527493356305e+37,0.49383896046043013,0.645687272322301,5.295621916061592e+37
bright_NSF_anchor,sii_ha,0.011694993910198712,8.163468204114802e+37,0.4961413103152887,0.6472989172207021,5.284204129289141e+37
bright_NSF_anchor,sii_ha,0.011587773561551261,8.125757844534407e+37,0.4984438238251224,0.6489106766775856,5.272891021415022e+37
bright_NSF_anchor,sii_ha,0.01148153621496883,8.08839321560876e+37,0.5007464033388838,0.6505224823372187,5.261681632737328e+37
bright_NSF_anchor,sii_ha,0.01137627285823431,8.051371147660163e+37,0.5030489511943276,0.6521342658360293,5.250575012352749e+37
bright_NSF_anchor,sii_ha,0.011271974561755105,8.014688500070703e+37,0.5053513697345798,0.6537459588142058,5.239570218075911e+37
bright_NSF_anchor,sii_ha,0.011168632477805612,7.978342161015822e+37,0.5076535613247037,0.6553574929272926,5.228666316359447e+37
bright_NSF_anchor,sii_ha,0.011066237839776664,7.942329047200343e+37,0.5099554283682587,0.656968799857781,5.217862382214803e+37
bright_NSF_anchor,sii_ha,0.01096478196143185,7.906646103596906e+37,0.5122568733238452,0.6585798113266917,5.2071574991337725e+37
bright_NSF_anchor,sii_ha,0.010864256236170655,7.871290303186815e+37,0.5145577987216294,0.6601904591051406,5.196550759010745e+37
bright_NSF_anchor,sii_ha,0.010764652136298349,7.836258646703243e+37,0.5168581071798428,0.6618006750258899,5.186041262065673e+37
bright_NSF_anchor,sii_ha,0.010665961212302578,7.801548162376812e+37,0.519157701421249,0.6634103909948743,5.175628116767744e+37
bright_NSF_anchor,sii_ha,0.010568175092136586,7.767155905683483e+37,0.5214564842895745,0.6650195390027022,5.165310439759745e+37
bright_NSF_anchor,sii_ha,0.010471285480508996,7.73307895909478e+37,0.5237543587658942,0.6666280511361259,5.155087355783135e+37
bright_NSF_anchor,sii_ha,0.010375284158180127,7.69931443183029e+37,0.5260512279849686,0.668235859589478,5.144957997603787e+37
bright_NSF_anchor,sii_ha,0.010280162981264735,7.665859459612429e+37,0.5283469952515262,0.6698428966760683,5.134921505938429e+37
bright_NSF_anchor,sii_ha,0.010185913880541169,7.6327112044234725e+37,0.5306415640564831,0.6714490948395382,5.124977029381742e+37
bright_NSF_anchor,sii_ha,0.010092528860766845,7.599866854264798e+37,0.5329348380930984,0.6730543866651688,5.115123724334139e+37
bright_NSF_anchor,sii_ha,0.01,7.567323622918338e+37,0.5352267212730545,0.6746587048911382,5.105360754930202e+37
bright_NSF_anchor,oiii_hb,1.0,3.557592149526691e+39,0.011384761493937875,0.3307388560336323,4.1141047474429676e+38
bright_NSF_anchor,oiii_hb,0.9908319448927676,3.5253472763185834e+39,0.011488893133207162,0.33102001145965937,4.0802814538680295e+38
bright_NSF_anchor,oiii_hb,0.9817479430199844,3.4933980258849735e+39,0.011593966051093417,0.3313037083379522,4.046768254112494e+38
bright_NSF_anchor,oiii_hb,0.9727472237769651,3.461741687939974e+39,0.011699988550898906,0.33158996908742705,4.013562305219138e+38
bright_NSF_anchor,oiii_hb,0.9638290236239705,3.4303755770457467e+39,0.011806969005402004,0.33187881631458543,3.980660790295123e+38
bright_NSF_anchor,oiii_hb,0.954992586021436,3.3992970323846984e+39,0.011914915857368799,0.33217027281489575,3.948060918273045e+38
bright_NSF_anchor,oiii_hb,0.9462371613657931,3.368503417533754e+39,0.012023837620067158,0.33246436157418136,3.915759923674153e+38
bright_NSF_anchor,oiii_hb,0.9375620069258802,3.337992120240715e+39,0.012133742877783179,0.3327611057700146,3.883755066373761e+38
bright_NSF_anchor,oiii_hb,0.9289663867799364,3.307760552202651e+39,0.012244640286340097,0.33306052877311826,3.852043631368799e+38
bright_NSF_anchor,oiii_hb,0.9204495717531713,3.277806148846338e+39,0.012356538573619558,0.3333626541487728,3.820622928547492e+38
bright_NSF_anchor,oiii_hb,0.9120108393559098,3.2481263691107006e+39,0.012469446540085267,0.3336675056582302,3.789490292461159e+38
bright_NSF_anchor,oiii_hb,0.9036494737223014,3.218718695231249e+39,0.01258337305930901,0.33397510726013435,3.758643082098098e+38
bright_NSF_anchor,oiii_hb,0.8953647655495938,3.1895806325265003e+39,0.012698327078498975,0.3342854831119472,3.72807868065955e+38
bright_NSF_anchor,oiii_hb,0.8871560120379609,3.160709709186347e+39,0.012814317619030428,0.33459865757138213,3.697794495337711e+38
bright_NSF_anchor,oiii_hb,0.8790225168308843,3.1321034760623725e+39,0.012931353776978658,0.3349146551978424,3.6677879570957804e+38
bright_NSF_anchor,oiii_hb,0.8709635899560807,3.10375950646009e+39,0.013049444723654187,0.33523350075386626,3.638056520450029e+38
bright_NSF_anchor,oiii_hb,0.8629785477669702,3.0756753959330775e+39,0.013168599706140257,0.3355552192065787,3.608597663253863e+38
bright_NSF_anchor,oiii_hb,0.8550667128846833,3.047848762079015e+39,0.01328882804783249,0.3358798357291477,3.579408886483866e+38
bright_NSF_anchor,oiii_hb,0.8472274141405964,3.020277244337575e+39,0.013410139148980794,0.3362073757022482,3.55048771402781e+38
bright_NSF_anchor,oiii_hb,0.8394599865193975,2.992958503790179e+39,0.013532542487233413,0.3365378647155302,3.521831692474598e+38
bright_NSF_anchor,oiii_hb,0.831763771102671,2.965890222961581e+39,0.013656047618183134,0.33687132856909446,3.493438390906139e+38
bright_NSF_anchor,oiii_hb,0.8241381150130023,2.939070105623278e+39,0.013780664175915586,0.3372077932749721,3.465305400691135e+38
bright_NSF_anchor,oiii_hb,0.8165823713585925,2.912495876598716e+39,0.013906401873559654,0.3375472850586111,3.437430335280756e+38
bright_NSF_anchor,oiii_hb,0.8090958991783823,2.886165281570282e+39,0.014033270503839944,0.33788983036036785,3.409810830006174e+38
bright_NSF_anchor,oiii_hb,0.8016780633876791,2.860076086888075e+39,0.01416127993963125,0.3382354558370044,3.3824445418779856e+38
bright_NSF_anchor,oiii_hb,0.7943282347242815,2.8342260793804184e+39,0.014290440134515041,0.33858418836319065,3.355329149387437e+38
bright_NSF_anchor,oiii_hb,0.7870457896950986,2.808613066166114e+39,0.014420761123337896,0.33893605503301233,3.3284623523094952e+38
bright_NSF_anchor,oiii_hb,0.7798301105232587,2.7832348744684203e+39,0.014552253022771867,0.33929108316148404,3.3018418715077183e+38
bright_NSF_anchor,oiii_hb,0.7726805850957024,2.758089351430734e+39,0.014684926031876712,0.3396493002860671,3.2754654487409143e+38
bright_NSF_anchor,oiii_hb,0.7655966069112563,2.7331743639339566e+39,0.014818790432664042,0.3400107341681929,3.2493308464715674e+38
bright_NSF_anchor,oiii_hb,0.7585775750291838,2.7084877984155458e+39,0.014953856590663192,0.3403754127947906,3.2234358476760316e+38
bright_NSF_anchor,oiii_hb,0.7516228940182055,2.6840275606902163e+39,0.015090134955488941,0.34074336437982017,3.1977782556564553e+38
bright_NSF_anchor,oiii_hb,0.744731973905989,2.659791575772288e+39,0.015227636061410948,0.34111461736580956,3.1723558938544326e+38
bright_NSF_anchor,oiii_hb,0.737904230129101,2.6357777876996662e+39,0.015366370527924863,0.34148920042539715,3.147166605666368e+38
bright_NSF_anchor,oiii_hb,0.7311390834834174,2.6119841593594268e+39,0.015506349060325119,0.3418671424628778,3.122208254260522e+38
bright_NSF_anchor,oiii_hb,0.72443596007499,2.5884086723150123e+39,0.015647582450279307,0.34224847261575414,3.097478722395752e+38
bright_NSF_anchor,oiii_hb,0.7177942912713617,2.565049326635001e+39,0.01579008157640413,0.3426332202562911,3.0729759122418934e+38
bright_NSF_anchor,oiii_hb,0.7112135136533291,2.5419041407234526e+39,0.015933857404842874,0.34302141499307576,3.0486977452018085e+38
bright_NSF_anchor,oiii_hb,0.7046930689671469,2.518971151151808e+39,0.01607892098984433,0.3434130866725797,3.0246421617350478e+38
bright_NSF_anchor,oiii_hb,0.6982324040771714,2.4962484124923304e+39,0.016225283474343155,0.3438082653807265,3.000807121183148e+38
bright_NSF_anchor,oiii_hb,0.6918309709189365,2.47373399715307e+39,0.01637295609054159,0.3442069814444623,2.9771906015965115e+38
bright_NSF_anchor,oiii_hb,0.6854882264526616,2.451425995214347e+39,0.01652195016049249,0.3446092654333297,2.9537905995628862e+38
bright_NSF_anchor,oiii_hb,0.6792036326171845,2.4293225142667303e+39,0.01667227709668365,0.34501514816104584,2.930605130037414e+38
bright_NSF_anchor,oiii_hb,0.6729766562843177,2.4074216792505032e+39,0.016823948402623277,0.34542466068708283,2.9076322261742387e+38
bright_NSF_anchor,oiii_hb,0.6668067692136221,2.3857216322965995e+39,0.016976975673426674,0.34583783431825205,2.8848699391596546e+38
bright_NSF_anchor,oiii_hb,0.660693448007596,2.3642205325689982e+39,0.017131370596404003,0.34625470061029084,2.8623163380467863e+38
bright_NSF_anchor,oiii_hb,0.6546361740672749,2.3429165561085658e+39,0.017287144951649038,0.3466752913694524,2.839969509591787e+38
bright_NSF_anchor,oiii_hb,0.6486344335482384,2.321807895678326e+39,0.017444310612628963,0.3470996386540982,2.8178275580915354e+38
bright_NSF_anchor,oiii_hb,0.6426877173170197,2.3008927606101506e+39,0.017602879546775026,0.34752777477629254,2.7958886052228197e+38
bright_NSF_anchor,oiii_hb,0.6367955209079158,2.2801693766528554e+39,0.01776286381607406,0.3479597323034,2.774150789883e+38
bright_NSF_anchor,oiii_hb,0.6309573444801932,2.2596359858216887e+39,0.017924275577660784,0.34839554405968415,2.7526122680321257e+38
bright_NSF_anchor,oiii_hb,0.6251726927756858,2.2392908462492006e+39,0.01808712708441082,0.3488352431279092,2.731271212536509e+38
bright_NSF_anchor,oiii_hb,0.6194410750767814,2.2191322320374776e+39,0.018251430685534347,0.34927886285094273,2.710125813013722e+38
bright_NSF_anchor,oiii_hb,0.6137620051647942,2.199158433111733e+39,0.018417198827170328,0.3497264368333599,2.6891742756790253e+38
bright_NSF_anchor,oiii_hb,0.6081350012787179,2.1793677550752405e+39,0.018584444052981246,0.3501779989430494,2.668414823193194e+38
bright_NSF_anchor,oiii_hb,0.6025595860743578,2.1597585190655962e+39,0.018753179004748266,0.35063358331282035,2.647845694511749e+38
bright_NSF_anchor,oiii_hb,0.5970352865838369,2.1403290616122985e+39,0.018923416422966733,0.3510932243420101,2.6274651447355622e+38
bright_NSF_anchor,oiii_hb,0.5915616341754739,2.1210777344956364e+39,0.01909516914744195,0.3515569566980932,2.6072714449628398e+38
bright_NSF_anchor,oiii_hb,0.5861381645140287,2.1020029046068674e+39,0.01926845011788516,0.35202481531828994,2.5872628821424528e+38
bright_NSF_anchor,oiii_hb,0.580764417521312,2.0831029538096798e+39,0.019443272374509626,0.352496835411176,2.56743775892862e+38
bright_NSF_anchor,oiii_hb,0.5754399373371569,2.064376278802925e+39,0.019619649058626724,0.3529730524582922,2.547794393536919e+38
bright_NSF_anchor,oiii_hb,0.5701642722807475,2.045821290984607e+39,0.019797593413242023,0.35345350221575345,2.52833111960162e+38
bright_NSF_anchor,oiii_hb,0.5649369748123025,2.0274364163171214e+39,0.019977118783651153,0.3539382207158581,2.5090462860343282e+38
bright_NSF_anchor,oiii_hb,0.5597576014951101,2.0092200951937268e+39,0.0201582386180355,0.3544272442686958,2.4899382568839137e+38
bright_NSF_anchor,oiii_hb,0.5546257129579107,1.9911707823062428e+39,0.020340966468057522,0.35492060946375537,2.471005411197742e+38
bright_NSF_anchor,oiii_hb,0.5495408738576245,1.9732869465139585e+39,0.02052531598945569,0.35541835317153037,2.452246142884157e+38
bright_NSF_anchor,oiii_hb,0.5445026528424212,1.955567070713747e+39,0.02071130094263886,0.35592051254512497,2.433658860576243e+38
bright_NSF_anchor,oiii_hb,0.5395106225151276,1.938009651711365e+39,0.020898935193280094,0.3564271250218563,2.4152419874968215e+38
bright_NSF_anchor,oiii_hb,0.5345643593969717,1.9206132000939376e+39,0.021088232712909695,0.35693822832485617,2.3969939613246944e+38
bright_NSF_anchor,oiii_hb,0.5296634438916578,1.9033762401036087e+39,0.02127920757950747,0.35745386046467015,2.3789132340621116e+38
bright_NSF_anchor,oiii_hb,0.5248074602497725,1.8862973095123528e+39,0.02147187397809407,0.357974059740854,2.3609982719034516e+38
bright_NSF_anchor,oiii_hb,0.5199959965335159,1.86937495949793e+39,0.02166624620132128,0.35849886474356746,2.343247555105106e+38
bright_NSF_anchor,oiii_hb,0.5152286445817564,1.8526077545209832e+39,0.02186233865006118,0.3590283143551652,2.3256595778565607e+38
bright_NSF_anchor,oiii_hb,0.5105049999754063,1.83599427220326e+39,0.02206016583399406,0.359562447751784,2.308232848152655e+38
bright_NSF_anchor,oiii_hb,0.505824662003114,1.8195331032069476e+39,0.022259742372195,0.3601013044049265,2.2909658876670126e+38
bright_NSF_anchor,oiii_hb,0.5011872336272722,1.8032228511151233e+39,0.022461082993718868,0.36064492408304094,2.2738572316266375e+38
bright_NSF_anchor,oiii_hb,0.4965923214503361,1.78706213231329e+39,0.02266420253818387,0.36119334685309645,2.2569054286876518e+38
bright_NSF_anchor,oiii_hb,0.4920395356814509,1.771049575872004e+39,0.022869115956353273,0.36174661308215383,2.2401090408121767e+38
bright_NSF_anchor,oiii_hb,0.48752849010338634,1.75518382343058e+39,0.023075838310715305,0.36230476343893137,2.2234666431463472e+38
bright_NSF_anchor,oiii_hb,0.48305880203977264,1.7394635290818558e+39,0.02328438477606114,0.3628678388953651,2.206976823899434e+38
bright_NSF_anchor,oiii_hb,0.4786300923226383,1.723887359258023e+39,0.023494770640060687,0.36343588072816385,2.1906381842240846e+38
bright_NSF_anchor,oiii_hb,0.47424198526024464,1.708453992617495e+39,0.023707011303836262,0.36400893052035793,2.1744493380976568e+38
bright_NSF_anchor,oiii_hb,0.4698941086052154,1.693162119932817e+39,0.023921122282533843,0.3645870301628414,2.158408912204638e+38
bright_NSF_anchor,oiii_hb,0.46558609352295893,1.6780104439796052e+39,0.024137119205891795,0.36517022185590786,2.1425155458201498e+38
bright_NSF_anchor,oiii_hb,0.46131757456037936,1.6629976794264993e+39,0.02435501781880704,0.365758548110779,2.1267678906945144e+38
bright_NSF_anchor,oiii_hb,0.457088189614875,1.6481225527261283e+39,0.02457483398189837,0.3663520517511256,2.1111646109388805e+38
bright_NSF_anchor,oiii_hb,0.45289757990362073,1.6333838020070734e+39,0.024796583672066896,0.36695077591458064,2.0957043829118996e+38
bright_NSF_anchor,oiii_hb,0.4487453899331321,1.6187801769668222e+39,0.025020282983053397,0.3675547640542442,2.0803858951074407e+38
bright_NSF_anchor,oiii_hb,0.4446312674691087,1.6043104387657057e+39,0.025245948125992422,0.36816405994017953,2.0652078480433323e+38
bright_NSF_anchor,oiii_hb,0.4405548635065533,1.589973359921804e+39,0.0254735954299631,0.3687787076609004,2.0501689541511278e+38
bright_NSF_anchor,oiii_hb,0.436515832240166,1.5757677242068203e+39,0.02570324134253634,0.3693987516248481,2.035267937666879e+38
bright_NSF_anchor,oiii_hb,0.43251383103500873,1.561692326542905e+39,0.025934902430318377,0.3700242365618596,2.0205035345229118e+38
bright_NSF_anchor,oiii_hb,0.4285485203974395,1.547745972900428e+39,0.026168595379490487,0.37065520752462433,2.0058744922405935e+38
bright_NSF_anchor,oiii_hb,0.4246195639463129,1.5339274801966906e+39,0.02640433699634461,0.3712917098901305,1.991379569824086e+38
bright_NSF_anchor,oiii_hb,0.4207266283844441,1.5202356761955596e+39,0.02664214420781493,0.37193378936110033,1.977017537655067e+38
bright_NSF_anchor,oiii_hb,0.4168693834703354,1.506669399408029e+39,0.026882034062004928,0.37258149196741336,1.962787177388427e+38
bright_NSF_anchor,oiii_hb,0.4130475019901613,1.4932274989936858e+39,0.027124023728710086,0.3732348640675172,1.948687281848906e+38
bright_NSF_anchor,oiii_hb,0.40926065973001086,1.4799088346630877e+39,0.027368130499935698,0.37389395234982636,1.934716654928698e+38
bright_NSF_anchor,oiii_hb,0.40550853544838383,1.466712276581027e+39,0.02761437179041,0.374558803834107,1.9208741114859773e+38
bright_NSF_anchor,oiii_hb,0.4017908108489399,1.4536367052706884e+39,0.027862765138092063,0.37522946587284856,1.9071584772443632e+38
bright_NSF_anchor,oiii_hb,0.3981071705534972,1.4406810115186815e+39,0.028113328204674506,0.37590598615262116,1.893568588693307e+38
bright_NSF_anchor,oiii_hb,0.3944573020752784,1.4278440962809458e+39,0.028366078776080758,0.3765884126954181,1.8801032929893885e+38
bright_NSF_anchor,oiii_hb,0.390840895792402,1.4151248705895162e+39,0.0286210347629567,0.3772767938599831,1.8667614478585182e+38
bright_NSF_anchor,oiii_hb,0.3872576449216172,1.4025222554601472e+39,0.028878214201156414,0.3779711783431223,1.85354192149904e+38
bright_NSF_anchor,oiii_hb,0.38370724549227875,1.3900351818007795e+39,0.029137635252221954,0.3786716151809993,1.8404435924857175e+38
bright_NSF_anchor,oiii_hb,0.3801893963205612,1.3776625903208488e+39,0.02939931620385686,0.3793781537504135,1.827465349674601e+38
bright_NSF_anchor,oiii_hb,0.3767037989839089,1.3654034314414255e+39,0.029663275470393203,0.38009084377006164,1.8146060921087726e+38
bright_NSF_anchor,oiii_hb,0.37325015779572057,1.3532566652061769e+39,0.029929531593252023,0.3808097353017804,1.801864728924945e+38
bright_NSF_anchor,oiii_hb,0.3698281797802662,1.3412212611931479e+39,0.030198103241396834,0.38153487875177144,1.7892401792609287e+38
bright_NSF_anchor,oiii_hb,0.3664375746478333,1.3292961984273479e+39,0.030469009211780113,0.3822663248718063,1.776731372163936e+38
bright_NSF_anchor,oiii_hb,0.36307805477010135,1.3174804652941421e+39,0.03074226842978241,0.3830041247604125,1.764337246499734e+38
bright_NSF_anchor,oiii_hb,0.3597493351557423,1.305773059453434e+39,0.03101789994964399,0.38374832986403873,1.7520567508626275e+38
bright_NSF_anchor,oiii_hb,0.35645113342624424,1.2941729877546361e+39,0.03129592295488865,0.3844989919781993,1.739888843486266e+38
bright_NSF_anchor,oiii_hb,0.35318316979195696,1.2826792661524206e+39,0.031576356758739606,0.3852561632485969,1.7278324921552708e+38
bright_NSF_anchor,oiii_hb,0.34994516702835726,1.2712909196232415e+39,0.031859220804527084,0.3860198961722231,1.7158866741176703e+38
bright_NSF_anchor,oiii_hb,0.3467368504525316,1.260006982082622e+39,0.03214453466608751,0.3867902435984362,1.7040503759981395e+38
bright_NSF_anchor,oiii_hb,0.3435579478998746,1.2488264963032016e+39,0.03243231804815392,0.3875672587300156,1.6923225937120342e+38
bright_NSF_anchor,oiii_hb,0.34040818970100084,1.2377485138335324e+39,0.03272259078673747,0.38835099512419113,1.6807023323802133e+38
bright_NSF_anchor,oiii_hb,0.33728730865886886,1.2267720949176224e+39,0.03301537284949971,0.3891415066936492,1.6691886062446433e+38
bright_NSF_anchor,oiii_hb,0.3341950400261142,1.2158963084152134e+39,0.033310684336115365,0.3899388477075114,1.6577804385847737e+38
bright_NSF_anchor,oiii_hb,0.3311311214825911,1.205120231722793e+39,0.03360854547862546,0.3907430727922887,1.6464768616346825e+38
bright_NSF_anchor,oiii_hb,0.328095293113119,1.1944429506953285e+39,0.03390897664178039,0.39155423693280705,1.6352769165009784e+38
bright_NSF_anchor,oiii_hb,0.3250872973854344,1.1838635595687192e+39,0.03421199832337277,0.3923723954731065,1.6241796530814583e+38
bright_NSF_anchor,oiii_hb,0.32210687912834346,1.1733811608829593e+39,0.03451763115455977,0.39319760411731136,1.6131841299845074e+38
bright_NSF_anchor,oiii_hb,0.31915378551007617,1.1629948654060067e+39,0.03482589590017459,0.39402991893047135,1.6022894144492423e+38
bright_NSF_anchor,oiii_hb,0.31622776601683794,1.1527037920583468e+39,0.03513681345902697,0.3948693963393728,1.5914945822663822e+38
bright_NSF_anchor,oiii_hb,0.31332857243155854,1.1425070678382507e+39,0.03545040486419225,0.39571609313331907,1.580798717699848e+38
bright_NSF_anchor,oiii_hb,0.31045595881283555,1.1324038277477179e+39,0.03576669128328878,0.3965700664648797,1.5702009134090793e+38
bright_NSF_anchor,oiii_hb,0.3076096814740708,1.1223932147190966e+39,0.03608569401874346,0.39743137385060734,1.559700270372064e+38
bright_NSF_anchor,oiii_hb,0.3047894989627983,1.1124743795423787e+39,0.036407434508045,0.3983000731717215,1.5492958978090733e+38
bright_NSF_anchor,oiii_hb,0.3019951720402016,1.1026464807931606e+39,0.03673193432398462,0.3991762226747585,1.5389869131070963e+38
bright_NSF_anchor,oiii_hb,0.2992264636608189,1.0929086847612638e+39,0.037059215174884,0.40005988097218675,1.5287724417449665e+38
bright_NSF_anchor,oiii_hb,0.2964831389524342,1.0832601653800103e+39,0.03738929890481003,0.40095110704298703,1.5186516172191761e+38
bright_NSF_anchor,oiii_hb,0.2937649651961531,1.0737001041561474e+39,0.03772220749377605,0.4018499602331953,1.5086235809703689e+38
bright_NSF_anchor,oiii_hb,0.2910717118066605,1.0642276901004134e+39,0.038057963057929474,0.4027565002564096,1.4986874823105081e+38
bright_NSF_anchor,oiii_hb,0.28840315031266056,1.0548421196587407e+39,0.03839658784972517,0.4036707871942579,1.4888424783507115e+38
bright_NSF_anchor,oiii_hb,0.28575905433749466,1.0455425966440901e+39,0.038738104258084494,0.4045928814968281,1.4790877339297494e+38
bright_NSF_anchor,oiii_hb,0.2831391995799379,1.0363283321689091e+39,0.03908253480853957,0.4055228439830568,1.469422421543196e+38
bright_NSF_anchor,oiii_hb,0.2805433637951713,1.0271985445782088e+39,0.03942990216336252,0.4064607358410787,1.4598457212732304e+38
bright_NSF_anchor,oiii_hb,0.27797132677592884,1.0181524593832576e+39,0.03978022912167919,0.4074066186285337,1.4503568207190856e+38
bright_NSF_anchor,oiii_hb,0.2754228703338166,1.0091893091958784e+39,0.04013353861956722,0.4083605542728315,1.4409549149281288e+38
bright_NSF_anchor,oiii_hb,0.272897778280804,1.0003083336633514e+39,0.04048985373013797,0.4093226050713725,1.431639206327576e+38
bright_NSF_anchor,oiii_hb,0.2703958364108843,9.915087794039126e+38,0.04084919766360197,0.41029283369172526,1.4224089046568359e+38
bright_NSF_anchor,oiii_hb,0.2679168324819031,9.827898999428434e+38,0.04121159376731757,0.41127130317175736,1.4132632269004695e+38
bright_NSF_anchor,oiii_hb,0.2654605561975539,9.741509556491467e+38,0.041577065525822465,0.41225807691972066,1.404201397221767e+38
bright_NSF_anchor,oiii_hb,0.2630267991895382,9.655912136728032e+38,0.041945636560847606,0.4132532187142885,1.395222646896931e+38
bright_NSF_anchor,oiii_hb,0.2606153549998896,9.571099478826022e+38,0.04231733063131333,0.414256792704546,1.3863262142498672e+38
bright_NSF_anchor,oiii_hb,0.25822601906345966,9.487064388045449e+38,0.042692171633307054,0.415268863409929,1.377511344587569e+38
bright_NSF_anchor,oiii_hb,0.2558585886905646,9.403799735608092e+38,0.04307018360004248,0.41628949572011464,1.3687772901360981e+38
bright_NSF_anchor,oiii_hb,0.25351286304979076,9.321298458092766e+38,0.04345139070179965,0.41731875489485903,1.3601233099771477e+38
bright_NSF_anchor,oiii_hb,0.251188643150958,9.239553556836117e+38,0.04383581724584568,0.4183567065637833,1.3515486699851916e+38
bright_NSF_anchor,oiii_hb,0.2488857318282391,9.158558097338925e+38,0.04422348767633559,0.41940341672610604,1.3430526427652064e+38
bright_NSF_anchor,oiii_hb,0.24660393372343392,9.07830520867784e+38,0.04461442657419301,0.4204589517503211,1.3346345075909668e+38
bright_NSF_anchor,oiii_hb,0.2443430552693972,8.998788082922513e+38,0.04500865865697029,0.42152337837381976,1.3262935503439045e+38
bright_NSF_anchor,oiii_hb,0.2421029046736178,8.91999997455808e+38,0.045406208778687514,0.4225967637024563,1.3180290634525304e+38
bright_NSF_anchor,oiii_hb,0.23988329190194904,8.841934199912926e+38,0.0458071019296502,0.4236791752100555,1.3098403458324092e+38
bright_NSF_anchor,oiii_hb,0.23768402866248767,8.764584136591709e+38,0.04621136323624514,0.42477068073786184,1.3017267028266873e+38
bright_NSF_anchor,oiii_hb,0.23550492838960096,8.687943222913569e+38,0.046619017960714035,0.4258713484939278,1.293687446147162e+38
bright_NSF_anchor,oiii_hb,0.23334580622810028,8.612004957355497e+38,0.04703009150090441,0.42698124705244195,1.2857218938158959e+38
bright_NSF_anchor,oiii_hb,0.23120647901755947,8.53676289800081e+38,0.04744460938999749,0.4281004453529932,1.2778293701073622e+38
bright_NSF_anchor,oiii_hb,0.2290867652767773,8.462210661992667e+38,0.047862597296212575,0.429229012699774,1.2700092054911235e+38
bright_NSF_anchor,oiii_hb,0.2269864851883822,8.388341924992617e+38,0.0482840810224874,0.430367018760716,1.2622607365750343e+38
bright_NSF_anchor,oiii_hb,0.2249054605835781,8.315150420644084e+38,0.04870908650613427,0.4315145335665625,1.2545833060489643e+38
bright_NSF_anchor,oiii_hb,0.22284351492703036,8.242629940040797e+38,0.04913763981847119,0.43267162750987226,1.2469762626290394e+38
bright_NSF_anchor,oiii_hb,0.22080047330188998,8.170774331200086e+38,0.049569767164427785,0.43383837134395503,1.2394389610023912e+38
bright_NSF_anchor,oiii_hb,0.21877616239495523,8.09957749854099e+38,0.050005494882125634,0.43501483618173925,1.2319707617724162e+38
bright_NSF_anchor,oiii_hb,0.21677041048196946,8.029033402367174e+38,0.05044484944243223,0.436201093494567,1.2245710314045332e+38
bright_NSF_anchor,oiii_hb,0.21478304741305337,7.959136058354569e+38,0.050887857448488436,0.43739721511091884,1.217239142172442e+38
bright_NSF_anchor,oiii_hb,0.21281390459827118,7.889879537043721e+38,0.05133454563520886,0.4386032732150639,1.2099744721048704e+38
bright_NSF_anchor,oiii_hb,0.21086281499332893,7.821257963336785e+38,0.051784940868754605,0.4398193403456374,1.202776404932814e+38
bright_NSF_anchor,oiii_hb,0.20892961308540392,7.75326551599914e+38,0.052239070145978006,0.4410454893941407,1.1956443300372572e+38
bright_NSF_anchor,oiii_hb,0.2070141348791042,7.685896427165562e+38,0.052696960593838986,0.4422817936033652,1.1885776423973711e+38
bright_NSF_anchor,oiii_hb,0.20511621788255652,7.619144981850934e+38,0.05315863946879225,0.44352832656573904,1.1815757425391933e+38
bright_NSF_anchor,oiii_hb,0.20323570109362216,7.55300551746544e+38,0.05362413415614518,0.444785162221592,1.1746380364847709e+38
bright_NSF_anchor,oiii_hb,0.2013724249862388,7.487472423334193e+38,0.05409347216938575,0.4460523748573415,1.167763935701773e+38
bright_NSF_anchor,oiii_hb,0.19952623149688792,7.422540140221287e+38,0.05456668114947999,0.447330039103596,1.1609528570535661e+38
bright_NSF_anchor,oiii_hb,0.19769696401118608,7.358203159858202e+38,0.05504378886413848,0.44861822993317385,1.154204222749746e+38
bright_NSF_anchor,oiii_hb,0.195884467350599,7.294456024476517e+38,0.05552482320705165,0.44991702265903943,1.1475174602971216e+38
bright_NSF_anchor,oiii_hb,0.19408858775927784,7.23129332634494e+38,0.05600981219709292,0.4512264929321509,1.1408920024511521e+38
bright_NSF_anchor,oiii_hb,0.19230917289101584,7.168709707310554e+38,0.056498783977489565,0.4525467167392218,1.1343272871678248e+38
bright_NSF_anchor,oiii_hb,0.19054607179632474,7.106699858344287e+38,0.05699176681496065,0.45387777040039373,1.1278227575559788e+38
bright_NSF_anchor,oiii_hb,0.18879913490962935,7.045258519090532e+38,0.05748878909882156,0.4552197305668182,1.1213778618300603e+38
bright_NSF_anchor,oiii_hb,0.18706821403658005,6.984380477420918e+38,0.05798987934005453,0.45657267421814723,1.1149920532633175e+38
bright_NSF_anchor,oiii_hb,0.18535316234148114,6.92406056899215e+38,0.05849506617034485,0.4579366786599311,1.108664790141419e+38
bright_NSF_anchor,oiii_hb,0.18365383433483465,6.864293676807923e+38,0.059004378341081985,0.45931182152092137,1.1023955357165001e+38
bright_NSF_anchor,oiii_hb,0.18197008586099836,6.8050747307848285e+38,0.05951784472232536,0.46069818075027846,1.09618375816163e+38
bright_NSF_anchor,oiii_hb,0.1803017740859569,6.746398707322265e+38,0.060035494301734,0.4620958346146818,1.0900289305256966e+38
bright_NSF_anchor,oiii_hb,0.17864875748520506,6.688260628876279e+38,0.06055735618345977,0.4635048616953414,1.0839305306887052e+38
bright_NSF_anchor,oiii_hb,0.17701089583174212,6.630655563537316e+38,0.06108345958700348,0.4649253408849094,1.0778880413174852e+38
bright_NSF_anchor,oiii_hb,0.1753880501841761,6.573578624611835e+38,0.06161383384603357,0.46635735138429063,1.0719009498218053e+38
bright_NSF_anchor,oiii_hb,0.17378008287493754,6.517024970207775e+38,0.06214850840716643,0.46780097269934934,1.06596874831089e+38
bright_NSF_anchor,oiii_hb,0.1721868574986007,6.4609898028238074e+38,0.06268751282870838,0.4692562846375127,1.060090933550334e+38
bright_NSF_anchor,oiii_hb,0.17060823890031235,6.405468368942359e+38,0.06323087677935829,0.4707233673042674,1.0542670069194129e+38
bright_NSF_anchor,oiii_hb,0.16904409316432642,6.350455958626369e+38,0.06377863003687058,0.4722023010995506,1.0484964743687846e+38
bright_NSF_anchor,oiii_hb,0.16749428760264373,6.2959479051197365e+38,0.06433080248667793,0.47369316671403044,1.0427788463785784e+38
bright_NSF_anchor,oiii_hb,0.16595869074375605,6.241939584451441e+38,0.0648874241204733,0.4751960451252779,1.037113637916869e+38
bright_NSF_anchor,oiii_hb,0.16443717232149316,6.1884264150432816e+38,0.06544852503475049,0.47671101759382634,1.0315003683985307e+38
bright_NSF_anchor,oiii_hb,0.16292960326397224,6.135403857321219e+38,0.06601413542930308,0.47823816565911836,1.0259385616444681e+38
bright_NSF_anchor,oiii_hb,0.16143585568264862,6.082867413330278e+38,0.06658428560568071,0.4797775711353379,1.0204277458412227e+38
bright_NSF_anchor,oiii_hb,0.15995580286146688,6.0308126263529856e+38,0.06715900596560256,0.4813293161071269,1.0149674535009472e+38
bright_NSF_anchor,oiii_hb,0.15848931924611134,5.979235080531295e+38,0.0677383270093275,0.4828934829251842,1.0095572214217487e+38
bright_NSF_anchor,oiii_hb,0.15703628043335524,5.9281304004919936e+38,0.06832227933397979,0.4844701542017454,1.0041965906483954e+38
bright_NSF_anchor,oiii_hb,0.15559656316050743,5.87749425097553e+38,0.06891089363183074,0.48605941280594306,9.98885106433382e+37
bright_NSF_anchor,oiii_hb,0.15417004529495593,5.8273223364682515e+38,0.0695042006885349,0.4876613418590442,9.936223181983526e+37
bright_NSF_anchor,oiii_hb,0.15275660582380723,5.7776104008380106e+38,0.07010223138132074,0.489276024729566,9.884077794958799e+37
bright_NSF_anchor,oiii_hb,0.1513561248436208,5.728354226973115e+38,0.0707050166771351,0.4909035450282647,9.832410479715901e+37
bright_NSF_anchor,oiii_hb,0.1499684835502373,5.679549636424585e+38,0.07131258763074101,0.49254398660300075,9.781216853266394e+37
bright_NSF_anchor,oiii_hb,0.14859356422870068,5.63119248905169e+38,0.07192497538276811,0.4941974335334739,9.730492572805316e+37
bright_NSF_anchor,oiii_hb,0.14723125024327186,5.583278682670737e+38,0.07254221115771536,0.4958639701258315,9.680233335342777e+37
bright_NSF_anchor,oiii_hb,0.14588142602753484,5.535804152707084e+38,0.07316432626190533,0.4975436809071444,9.630434877338945e+37
bright_NSF_anchor,oiii_hb,0.14454397707459277,5.488764871850327e+38,0.07379135208138973,0.4992366506197523,9.581092974342347e+37
bright_NSF_anchor,oiii_hb,0.14321878992735435,5.442156849712668e+38,0.07442332007980543,0.5009429642154747,9.532203440631515e+37
bright_NSF_anchor,oiii_hb,0.14190575216890922,5.395976132490407e+38,0.0750602617961805,0.5026627068496873,9.483762128859913e+37
bright_NSF_anchor,oiii_hb,0.1406047524129914,5.350218802628531e+38,0.07570220884268992,0.5043959638752628,9.435764929704099e+37
bright_NSF_anchor,oiii_hb,0.13931568029453031,5.304880978488388e+38,0.07634919290236024,0.5061428208363726,9.388207771515139e+37
bright_NSF_anchor,oiii_hb,0.1380384264602885,5.259958814018405e+38,0.07700124572672258,0.507903363462151,9.3410866199732e+37
bright_NSF_anchor,oiii_hb,0.13677288255958492,5.215448498427818e+38,0.07765839913341387,0.5096776776602174,9.294397477745308e+37
bright_NSF_anchor,oiii_hb,0.1355189412351036,5.171346255863406e+38,0.07832068500372519,0.511465849510058,9.248136384146276e+37
bright_NSF_anchor,oiii_hb,0.1342764961137864,5.127648345089177e+38,0.07898813528009739,0.513267965256263,9.20229941480268e+37
bright_NSF_anchor,oiii_hb,0.1330454417978091,5.084351059168997e+38,0.07966078196356287,0.5150841113016198,9.156882681319973e+37
bright_NSF_anchor,oiii_hb,0.1318256738556407,5.041450725152127e+38,0.08033865711113339,0.5169143742000601,9.111882330952626e+37
bright_NSF_anchor,oiii_hb,0.13061708881318415,4.998943703761643e+38,0.08102179283313321,0.5187588406494597,9.067294546277293e+37
bright_NSF_anchor,oiii_hb,0.1294195841449986,4.95682638908571e+38,0.0817102212904774,0.520617597484289,9.023115544868972e+37
bright_NSF_anchor,oiii_hb,0.12823305826560213,4.915095208271695e+38,0.08240397469189426,0.5224907316681144,8.979341578980145e+37
bright_NSF_anchor,oiii_hb,0.12705741052085415,4.873746621223073e+38,0.08310308529109178,0.5243783302859478,8.935968935222849e+37
bright_NSF_anchor,oiii_hb,0.12589254117941673,4.83277712029912e+38,0.08380758538386784,0.5262804805364433,8.892993934253669e+37
bright_NSF_anchor,oiii_hb,0.12473835142429429,4.792183230017352e+38,0.08451750730516305,0.5281972697239403,8.850412930461605e+37
bright_NSF_anchor,oiii_hb,0.12359474334445104,4.751961506758705e+38,0.08523288342605628,0.5301287852503519,8.808222311658827e+37
bright_NSF_anchor,oiii_hb,0.12246161992650487,4.7121085384754005e+38,0.08595374615070231,0.5320751146068963,8.766418498774241e+37
bright_NSF_anchor,oiii_hb,0.12133888504649772,4.6726209444015045e+38,0.08668012791321106,0.5340363453656699,8.724997945549876e+37
bright_NSF_anchor,oiii_hb,0.12022644346174129,4.63349537476613e+38,0.087412061174468,0.5360125651710635,8.683957138240043e+37
bright_NSF_anchor,oiii_hb,0.11912420080273747,4.594728510509275e+38,0.08814957841889533,0.5380038617310174,8.643292595313273e+37
bright_NSF_anchor,oiii_hb,0.11803206356517296,4.5563170630002605e+38,0.08889271215115353,0.5400103228081146,8.603000867156961e+37
bright_NSF_anchor,oiii_hb,0.11694993910198709,4.5182577737587575e+38,0.08964149489278271,0.5420320362105133,8.563078535784757e+37
bright_NSF_anchor,oiii_hb,0.1158777356155126,4.480547414178363e+38,0.09039595917878354,0.5440690897827155,8.523522214546579e+37
bright_NSF_anchor,oiii_hb,0.11481536214968827,4.4431827852527154e+38,0.0911561375541373,0.5461215713961708,8.484328547841356e+37
bright_NSF_anchor,oiii_hb,0.11376272858234307,4.406160717304119e+38,0.09192206257026467,0.5481895689397146,8.445494210832338e+37
bright_NSF_anchor,oiii_hb,0.11271974561755102,4.369478069714658e+38,0.09269376678142267,0.5502731703098412,8.407015909165072e+37
bright_NSF_anchor,oiii_hb,0.1116863247780561,4.333131730659778e+38,0.09347128274103984,0.5523724634008077,8.368890378687926e+37
bright_NSF_anchor,oiii_hb,0.11066237839776662,4.297118616844298e+38,0.09425464299798897,0.5544875360945702,8.331114385175184e+37
bright_NSF_anchor,oiii_hb,0.1096478196143185,4.261435673240863e+38,0.09504388009279681,0.5566184762505514,8.2936847240527e+37
bright_NSF_anchor,oiii_hb,0.10864256236170655,4.226079872830772e+38,0.09583902655379133,0.5587653716952367,8.256598220126031e+37
bright_NSF_anchor,oiii_hb,0.1076465213629835,4.191048216347201e+38,0.09664011489318497,0.5609283102115995,8.219851727311097e+37
bright_NSF_anchor,oiii_hb,0.10665961212302578,4.156337732020768e+38,0.09744717760309467,0.5631073795283555,8.183442128367285e+37
bright_NSF_anchor,oiii_hb,0.10568175092136585,4.121945475327439e+38,0.09826024715149762,0.5653026673090435,8.147366334633023e+37
bright_NSF_anchor,oiii_hb,0.10471285480508996,4.087868528738737e+38,0.09907935597812305,0.5675142611409323,8.111621285763756e+37
bright_NSF_anchor,oiii_hb,0.10375284158180126,4.054104001474246e+38,0.09990453649027937,0.5697422485237544,8.076203949472333e+37
bright_NSF_anchor,oiii_hb,0.10280162981264736,4.0206490292563856e+38,0.10073582105861652,0.5719867168582646,8.04111132127178e+37
bright_NSF_anchor,oiii_hb,0.1018591388054117,3.987500774067429e+38,0.10157324201282336,0.5742477534346231,8.006340424220426e+37
bright_NSF_anchor,oiii_hb,0.10092528860766845,3.9546564239087544e+38,0.10241683163725997,0.5765254454206018,7.971888308669368e+37
bright_NSF_anchor,oiii_hb,0.1,3.922113192562295e+38,0.10326662216652445,0.578819879849616,7.937752052012243e+37
bright_NSF_anchor,oiii_hb,0.09908319448927676,3.8898683193541875e+38,0.10412264578095413,0.5811311436085762,7.903928758437305e+37
bright_NSF_anchor,oiii_hb,0.09817479430199844,3.857919068920577e+38,0.10498493460206115,0.5834593234255652,7.87041555868177e+37
bright_NSF_anchor,oiii_hb,0.09727472237769651,3.8262627309755775e+38,0.10585352068790194,0.5858045058573352,7.837209609788413e+37
bright_NSF_anchor,oiii_hb,0.09638290236239705,3.794896620081351e+38,0.10672843602838092,0.5881667772766286,7.804308094864401e+37
bright_NSF_anchor,oiii_hb,0.09549925860214359,3.763818075420302e+38,0.107609712540488,0.5905462238593177,7.771708222842321e+37
bright_NSF_anchor,oiii_hb,0.0946237161365793,3.733024460569358e+38,0.10849738206346968,0.5929429315713682,7.73940722824343e+37
bright_NSF_anchor,oiii_hb,0.09375620069258803,3.702513163276319e+38,0.10939147635393418,0.5953569861556224,7.707402370943038e+37
bright_NSF_anchor,oiii_hb,0.09289663867799362,3.672281595238255e+38,0.11029202708088998,0.5977884731184029,7.675690935938075e+37
bright_NSF_anchor,oiii_hb,0.09204495717531712,3.642327191881942e+38,0.11119906582071813,0.600237477715939,7.644270233116769e+37
bright_NSF_anchor,oiii_hb,0.09120108393559097,3.612647412146305e+38,0.11211262405207809,0.6027040849406108,7.613137597030435e+37
bright_NSF_anchor,oiii_hb,0.09036494737223014,3.583239738266853e+38,0.11303273315074748,0.6051883795070182,7.582290386667375e+37
bright_NSF_anchor,oiii_hb,0.08953647655495937,3.554101675562105e+38,0.11395942438439506,0.6076904458378668,7.551725985228828e+37
bright_NSF_anchor,oiii_hb,0.08871560120379608,3.5252307522219515e+38,0.11489272890728795,0.6102103680496774,7.521441799906988e+37
bright_NSF_anchor,oiii_hb,0.08790225168308842,3.4966245190979765e+38,0.11583267775493242,0.6127482299383176,7.491435261665056e+37
bright_NSF_anchor,oiii_hb,0.08709635899560805,3.468280549495694e+38,0.11677930183864854,0.6153041149643511,7.461703825019305e+37
bright_NSF_anchor,oiii_hb,0.08629785477669702,3.440196438968682e+38,0.11773263194007935,0.6178781062382143,7.432244967823139e+37
bright_NSF_anchor,oiii_hb,0.08550667128846832,3.412369805114619e+38,0.1186926987056337,0.620470286505211,7.403056191053142e+37
bright_NSF_anchor,oiii_hb,0.08472274141405964,3.3847982873731795e+38,0.11965953264086397,0.6230807381303328,7.374135018597088e+37
bright_NSF_anchor,oiii_hb,0.08394599865193973,3.357479546825783e+38,0.12063316410477834,0.6257095430829015,7.345478997043874e+37
bright_NSF_anchor,oiii_hb,0.08317637711026708,3.330411265997185e+38,0.12161362330408769,0.6283567829210367,7.317085695475415e+37
bright_NSF_anchor,oiii_hb,0.08241381150130021,3.3035911486588824e+38,0.12260094028738809,0.6310225387759478,7.288952705260413e+37
bright_NSF_anchor,oiii_hb,0.08165823713585922,3.277016919634319e+38,0.12359514493927845,0.6337068913360517,7.26107763985003e+37
bright_NSF_anchor,oiii_hb,0.08090958991783821,3.2506863246058855e+38,0.12459626697441398,0.6364099208309177,7.23345813457545e+37
bright_NSF_anchor,oiii_hb,0.0801678063387679,3.224597129923679e+38,0.12560433593149595,0.6391317070150391,7.206091846447261e+37
bright_NSF_anchor,oiii_hb,0.07943282347242814,3.1987471224160224e+38,0.1266193811671978,0.641872329151434,7.178976453956711e+37
bright_NSF_anchor,oiii_hb,0.07870457896950984,3.173134109201718e+38,0.12764143185002835,0.6446318659950765,7.152109656878771e+37
bright_NSF_anchor,oiii_hb,0.07798301105232586,3.1477559175040248e+38,0.12867051695413217,0.6474103957761568,7.125489176076994e+37
bright_NSF_anchor,oiii_hb,0.07726805850957022,3.122610394466338e+38,0.12970666525302815,0.650207996183176,7.099112753310191e+37
bright_NSF_anchor,oiii_hb,0.07655966069112562,3.0976954069695607e+38,0.13074990531328615,0.6530247443458727,7.072978151040844e+37
bright_NSF_anchor,oiii_hb,0.07585775750291836,3.0730088414511497e+38,0.13180026548814275,0.6558607168179854,7.047083152245307e+37
bright_NSF_anchor,oiii_hb,0.07516228940182053,3.04854860372582e+38,0.13285777391105633,0.6587159895598521,7.02142556022573e+37
bright_NSF_anchor,oiii_hb,0.07447319739059889,3.0243126188078924e+38,0.13392245848920256,0.6615906379208468,6.996003198423708e+37
bright_NSF_anchor,oiii_hb,0.07379042301291007,3.0002988307352697e+38,0.13499434689691034,0.6644847366216579,6.970813910235643e+37
bright_NSF_anchor,oiii_hb,0.07311390834834172,2.976505202395031e+38,0.13607346656903918,0.6673983597364058,6.945855558829799e+37
bright_NSF_anchor,oiii_hb,0.07244359600749899,2.952929715350616e+38,0.13715984469429912,0.6703315806746076,6.921126026965027e+37
bright_NSF_anchor,oiii_hb,0.07177942912713615,2.929570369670605e+38,0.138253508208513,0.6732844721629851,6.896623216811169e+37
bright_NSF_anchor,oiii_hb,0.07112135136533289,2.9064251837590563e+38,0.13935448378782286,0.6762571062271217,6.872345049771084e+37
bright_NSF_anchor,oiii_hb,0.07046930689671467,2.883492194187412e+38,0.1404627978418405,0.6792495541729693,6.848289466304324e+37
bright_NSF_anchor,oiii_hb,0.06982324040771715,2.8607694555279354e+38,0.1415784765067436,0.6822618865682077,6.824454425752425e+37
bright_NSF_anchor,oiii_hb,0.06918309709189366,2.838255040188675e+38,0.1427015456383184,0.6852941732234596,6.800837906165788e+37
bright_NSF_anchor,oiii_hb,0.06854882264526617,2.815947038249952e+38,0.1438320308049488,0.6883464831733618,6.777437904132163e+37
bright_NSF_anchor,oiii_hb,0.06792036326171846,2.7938435573023353e+38,0.1449699572805543,0.6914188846574967,6.754252434606691e+37
bright_NSF_anchor,oiii_hb,0.06729766562843179,2.771942722286108e+38,0.14611535003747694,0.6945114451011878,6.731279530743515e+37
bright_NSF_anchor,oiii_hb,0.06668067692136222,2.7502426753322042e+38,0.1472682337393184,0.6976242310961597,6.708517243728931e+37
bright_NSF_anchor,oiii_hb,0.06606934480075961,2.7287415756046034e+38,0.14842863273372855,0.7007573083810671,6.685963642616063e+37
bright_NSF_anchor,oiii_hb,0.0654636174067275,2.7074375991441707e+38,0.14959657104514637,0.7039107418218952,6.663616814161063e+37
bright_NSF_anchor,oiii_hb,0.06486344335482384,2.686328938713931e+38,0.1507720723674945,0.7070845953922351,6.6414748626608125e+37
bright_NSF_anchor,oiii_hb,0.06426877173170198,2.6654138036457556e+38,0.15195516005682874,0.7102789321534375,6.619535909792097e+37
bright_NSF_anchor,oiii_hb,0.06367955209079158,2.64469041968846e+38,0.15314585712394366,0.7134938142346477,6.597798094452276e+37
bright_NSF_anchor,oiii_hb,0.06309573444801933,2.6241570288572938e+38,0.15434418622693533,0.7167293028127253,6.576259572601402e+37
bright_NSF_anchor,oiii_hb,0.06251726927756858,2.6038118892848053e+38,0.15555016966372334,0.7199854580920529,6.554918517105785e+37
bright_NSF_anchor,oiii_hb,0.06194410750767815,2.5836532750730824e+38,0.1567638293645322,0.7232623392842369,6.533773117582999e+37
bright_NSF_anchor,oiii_hb,0.06137620051647943,2.563679476147338e+38,0.1579851868843351,0.7265600045877048,6.512821580248302e+37
bright_NSF_anchor,oiii_hb,0.060813500127871796,2.5438887981108453e+38,0.15921426339526,0.7298785111672019,6.492062127762471e+37
bright_NSF_anchor,oiii_hb,0.06025595860743578,2.5242795621012007e+38,0.16045107967896058,0.7332179151331936,6.471492999081025e+37
bright_NSF_anchor,oiii_hb,0.059703528658383694,2.5048501046479033e+38,0.16169565611895326,0.7365782715211738,6.4511124493048395e+37
bright_NSF_anchor,oiii_hb,0.0591561634175474,2.4855987775312414e+38,0.16294801269292172,0.7399596342708886,6.430918749532116e+37
bright_NSF_anchor,oiii_hb,0.05861381645140288,2.4665239476424723e+38,0.1642081689649909,0.7433620562054754,6.410910186711729e+37
bright_NSF_anchor,oiii_hb,0.05807644175213121,2.4476239968452847e+38,0.16547614407797176,0.7467855890105237,6.391085063497897e+37
bright_NSF_anchor,oiii_hb,0.057543993733715694,2.4288973218385294e+38,0.16675195674557913,0.7502302832130636,6.371441698106195e+37
bright_NSF_anchor,oiii_hb,0.05701642722807475,2.4103423340202113e+38,0.16803562524462354,0.7536961881604836,6.351978424170897e+37
bright_NSF_anchor,oiii_hb,0.05649369748123025,2.391957459352726e+38,0.1693271674071798,0.7571833519993854,6.332693590603604e+37
bright_NSF_anchor,oiii_hb,0.055975760149511014,2.3737411382293313e+38,0.17062660061273346,0.7606918216543803,6.31358556145319e+37
bright_NSF_anchor,oiii_hb,0.055462571295791074,2.3556918253418472e+38,0.1719339417803075,0.7642216428068301,6.294652715767017e+37
bright_NSF_anchor,oiii_hb,0.054954087385762455,2.3378079895495634e+38,0.1732492073605708,0.7677728598735413,6.275893447453434e+37
bright_NSF_anchor,oiii_hb,0.05445026528424212,2.3200881137493516e+38,0.17457241332793094,0.7713455159854135,6.257306165145519e+37
bright_NSF_anchor,oiii_hb,0.05395106225151276,2.3025306947469694e+38,0.1759035751726126,0.774939652966054,6.238889292066097e+37
bright_NSF_anchor,oiii_hb,0.053456435939697164,2.285134243129542e+38,0.17724270789272448,0.7785553113103562,6.220641265893971e+37
bright_NSF_anchor,oiii_hb,0.05296634438916578,2.2678972831392135e+38,0.1785898259863162,0.7821925301630538,6.2025605386313885e+37
bright_NSF_anchor,oiii_hb,0.05248074602497726,2.2508183525479573e+38,0.17994494344342776,0.785851347297255,6.184645576472728e+37
bright_NSF_anchor,oiii_hb,0.051999599653351596,2.2338960025335347e+38,0.18130807373813337,0.78953179909296,6.166894859674382e+37
bright_NSF_anchor,oiii_hb,0.051522864458175645,2.2171287975565877e+38,0.18267922982058243,0.7932339205155726,6.149306882425837e+37
bright_NSF_anchor,oiii_hb,0.05105049999754062,2.200515315238864e+38,0.18405842410903947,0.7969577450944066,6.131880152721931e+37
bright_NSF_anchor,oiii_hb,0.0505824662003114,2.184054146242552e+38,0.18544566848192565,0.8007033049011993,6.114613192236289e+37
bright_NSF_anchor,oiii_hb,0.05011872336272722,2.167743894150728e+38,0.18684097426986424,0.8044706305286334,6.097504536195915e+37
bright_NSF_anchor,oiii_hb,0.0496592321450336,2.1515831753488945e+38,0.1882443522477322,0.8082597510688769,6.080552733256928e+37
bright_NSF_anchor,oiii_hb,0.04920395356814509,2.1355706189076085e+38,0.18965581262672074,0.812070694092146,6.063756345381453e+37
bright_NSF_anchor,oiii_hb,0.04875284901033863,2.119704866466184e+38,0.19107536504640696,0.8159034856252988,6.047113947715623e+37
bright_NSF_anchor,oiii_hb,0.04830588020397726,2.1039845721174603e+38,0.19250301856683957,0.8197581501304667,6.030624128468709e+37
bright_NSF_anchor,oiii_hb,0.047863009232263824,2.0884084022936273e+38,0.1939387816606408,0.8236347104837302,6.014285488793361e+37
bright_NSF_anchor,oiii_hb,0.04742419852602446,2.0729750356530992e+38,0.19538266220512743,0.827533187953844,5.998096642666933e+37
bright_NSF_anchor,oiii_hb,0.04698941086052153,2.0576831629684214e+38,0.19683466747445375,0.8314536021810252,5.982056216773914e+37
bright_NSF_anchor,oiii_hb,0.04655860935229589,2.0425314870152095e+38,0.1982948041317786,0.8353959711558023,5.966162850389427e+37
bright_NSF_anchor,oiii_hb,0.04613175745603793,2.0275187224621036e+38,0.1997630782214598,0.8393603111979414,5.950415195263791e+37
bright_NSF_anchor,oiii_hb,0.04570881896148749,2.0126435957617325e+38,0.20123949516127856,0.8433466369354521,5.934811915508157e+37
bright_NSF_anchor,oiii_hb,0.04528975799036206,1.9979048450426774e+38,0.2027240597346966,0.8473549612836808,5.919351687481176e+37
bright_NSF_anchor,oiii_hb,0.04487453899331321,1.9833012200024266e+38,0.20421677608314884,0.8513852954245019,5.904033199676717e+37
bright_NSF_anchor,oiii_hb,0.04446312674691086,1.9688314818013097e+38,0.205717647698375,0.8554376487856126,5.8888551526126085e+37
bright_NSF_anchor,oiii_hb,0.04405548635065532,1.9544944029574083e+38,0.20722667741479206,0.8595120290199386,5.873816258720404e+37
bright_NSF_anchor,oiii_hb,0.043651583224016584,1.9402887672424243e+38,0.20874386740191175,0.8636084419851617,5.858915242236155e+37
bright_NSF_anchor,oiii_hb,0.04325138310350086,1.9262133695785086e+38,0.2102692191568051,0.8677268917233738,5.844150839092188e+37
bright_NSF_anchor,oiii_hb,0.04285485203974394,1.9122670159360323e+38,0.21180273349661752,0.8718673804408672,5.829521796809869e+37
bright_NSF_anchor,oiii_hb,0.042461956394631274,1.8984485232322943e+38,0.2133444105511376,0.8760299084880715,5.815026874393362e+37
bright_NSF_anchor,oiii_hb,0.042072662838444394,1.8847567192311637e+38,0.214894249755422,0.8802144743396394,5.800664842224343e+37
bright_NSF_anchor,oiii_hb,0.04168693834703353,1.8711904424436327e+38,0.21645224984248085,0.8844210745746983,5.786434481957702e+37
bright_NSF_anchor,oiii_hb,0.041304750199016124,1.85774854202929e+38,0.2180184088360252,0.8886497038572679,5.772334586418181e+37
bright_NSF_anchor,oiii_hb,0.04092606597300107,1.8444298776986917e+38,0.21959272404328106,0.8929003549168589,5.758363959497974e+37
bright_NSF_anchor,oiii_hb,0.040550853544838374,1.8312333196166313e+38,0.22117519204787248,0.8971730185292557,5.744521416055253e+37
bright_NSF_anchor,oiii_hb,0.04017908108489398,1.8181577483062924e+38,0.22276580870277707,0.9014676834974982,5.73080578181364e+37
bright_NSF_anchor,oiii_hb,0.03981071705534971,1.8052020545542857e+38,0.2243645691233572,0.9057843366330645,5.717215893262584e+37
bright_NSF_anchor,oiii_hb,0.03944573020752783,1.79236513931655e+38,0.22597146768047033,0.9101229627372699,5.703750597558664e+37
bright_NSF_anchor,oiii_hb,0.039084089579240214,1.779645913625121e+38,0.22758649799366146,0.9144835445828859,5.690408752427795e+37
bright_NSF_anchor,oiii_hb,0.038725764492161724,1.7670432984957517e+38,0.22920965292444145,0.9188660628959919,5.677189226068316e+37
bright_NSF_anchor,oiii_hb,0.03837072454922788,1.754556224836384e+38,0.23084092456965336,0.9232704963380641,5.664090897054994e+37
bright_NSF_anchor,oiii_hb,0.038018939632056124,1.742183633356453e+38,0.23248030425493219,0.927696821488317,5.651112654243878e+37
bright_NSF_anchor,oiii_hb,0.03767037989839089,1.72992447447703e+38,0.2341277825282594,0.9321450128263004,5.638253396678049e+37
bright_NSF_anchor,oiii_hb,0.03732501577957206,1.7177777082417814e+38,0.2357833491536167,0.9366150427147651,5.625512033494222e+37
bright_NSF_anchor,oiii_hb,0.036982817978026626,1.7057423042287523e+38,0.2374469931047421,0.9411068813828036,5.612887483830205e+37
bright_NSF_anchor,oiii_hb,0.03664375746478333,1.6938172414629522e+38,0.23911870255899167,0.9456204969092776,5.600378676733212e+37
bright_NSF_anchor,oiii_hb,0.03630780547701014,1.6820015083297464e+38,0.24079846489131032,0.9501558552065379,5.587984551069011e+37
bright_NSF_anchor,oiii_hb,0.03597493351557424,1.6702941024890384e+38,0.24248626666831538,0.9547129200044515,5.5757040554319035e+37
bright_NSF_anchor,oiii_hb,0.03564511334262443,1.6586940307902404e+38,0.2441820936424959,0.959291652834739,5.563536148055543e+37
bright_NSF_anchor,oiii_hb,0.0353183169791957,1.647200309188025e+38,0.2458859307465312,0.9638920130156342,5.5514797967245475e+37
bright_NSF_anchor,oiii_hb,0.03499451670283573,1.6358119626588458e+38,0.24759776208773238,0.9685139576368774,5.539533978686946e+37
bright_NSF_anchor,oiii_hb,0.034673685045253165,1.6245280251182264e+38,0.24931757094260995,0.9731574415450468,5.527697680567416e+37
bright_NSF_anchor,oiii_hb,0.034355794789987466,1.613347539338806e+38,0.2510453397515709,0.9778224173292416,5.515969898281311e+37
bright_NSF_anchor,oiii_hb,0.03404081897010009,1.602269556869137e+38,0.25278105011374885,0.982508835307122,5.50434963694949e+37
bright_NSF_anchor,oiii_hb,0.03372873086588689,1.5912931379532268e+38,0.2545246827819705,0.9872166435113203,5.49283591081392e+37
bright_NSF_anchor,oiii_hb,0.03341950400261143,1.5804173514508178e+38,0.2562762176578619,0.9919457876762273,5.48142774315405e+37
bright_NSF_anchor,oiii_hb,0.03311311214825911,1.5696412747583972e+38,0.258035633787098,0.9966962112251646,5.4701241662039585e+37
bright_NSF_anchor,oiii_hb,0.032809529311311904,1.5589639937309327e+38,0.25980290935479805,1.0014678552579546,5.458924221070254e+37
bright_NSF_anchor,oiii_hb,0.032508729738543435,1.5483846026043231e+38,0.26157802168107186,1.006260658538894,5.447826957650734e+37
bright_NSF_anchor,oiii_hb,0.032210687912834345,1.5379022039185635e+38,0.26336094721671827,1.0110745574851394,5.436831434553783e+37
bright_NSF_anchor,oiii_hb,0.031915378551007616,1.527515908441611e+38,0.26515166153908076,1.015909486155518,5.425936719018519e+37
bright_NSF_anchor,oiii_hb,0.03162277660168379,1.517224835093951e+38,0.26695013934806255,1.0207653762397688,5.415141886835659e+37
bright_NSF_anchor,oiii_hb,0.031332857243155855,1.507028110873855e+38,0.2687563544623049,1.0256421570482233,5.404446022269125e+37
bright_NSF_anchor,oiii_hb,0.031045595881283555,1.496924870783322e+38,0.2705702798155313,1.0305397555019344,5.393848217978356e+37
bright_NSF_anchor,oiii_hb,0.03076096814740708,1.4869142577547006e+38,0.27239188745306187,1.0354580961232671,5.38334757494134e+37
bright_NSF_anchor,oiii_hb,0.03047894989627983,1.476995422577983e+38,0.2742211485284998,1.0403971010269495,5.372943202378349e+37
bright_NSF_anchor,oiii_hb,0.03019951720402016,1.4671675238287649e+38,0.27605803330059414,1.0453566899116042,5.362634217676373e+37
bright_NSF_anchor,oiii_hb,0.02992264636608189,1.4574297277968681e+38,0.2779025111302809,1.0503367800517585,5.352419746314243e+37
bright_NSF_anchor,oiii_hb,0.029648313895243424,1.4477812084156145e+38,0.27975455047790715,1.0553372862903494,5.342298921788453e+37
bright_NSF_anchor,oiii_hb,0.029376496519615308,1.4382211471917516e+38,0.2816141189006391,1.0603581210317254,5.332270885539645e+37
bright_NSF_anchor,oiii_hb,0.029107171180666053,1.4287487331360176e+38,0.2834811830500591,1.0653991942351597,5.322334786879784e+37
bright_NSF_anchor,oiii_hb,0.028840315031266057,1.419363162694345e+38,0.2853557086699536,1.0704604134088747,5.312489782919987e+37
bright_NSF_anchor,oiii_hb,0.028575905433749466,1.4100636396796945e+38,0.28723766059429434,1.0755416836045948,5.302735038499026e+37
bright_NSF_anchor,oiii_hb,0.02831391995799379,1.4008493752045132e+38,0.28912700274541736,1.080642907412627,5.293069726112472e+37
bright_NSF_anchor,oiii_hb,0.028054336379517132,1.391719587613813e+38,0.29102369813240064,1.0857639849574818,5.283493025842507e+37
bright_NSF_anchor,oiii_hb,0.027797132677592883,1.3826735024188617e+38,0.29292770884964514,1.090904813894042,5.274004125288363e+37
bright_NSF_anchor,oiii_hb,0.02754228703338166,1.3737103522314825e+38,0.2948389960756599,1.0960652894042817,5.264602219497406e+37
bright_NSF_anchor,oiii_hb,0.027289777828080404,1.3648293766989556e+38,0.2967575200720556,1.1012453041945502,5.255286510896852e+37
bright_NSF_anchor,oiii_hb,0.027039583641088435,1.356029822439517e+38,0.29868324018274806,1.10644474849342,5.246056209226113e+37
bright_NSF_anchor,oiii_hb,0.026791683248190316,1.3473109429784479e+38,0.3006161148333747,1.1116635100501118,5.236910531469746e+37
bright_NSF_anchor,oiii_hb,0.02654605561975539,1.338671998684751e+38,0.3025561015309262,1.1169014741335008,5.227848701791043e+37
bright_NSF_anchor,oiii_hb,0.026302679918953815,1.330112256708407e+38,0.3045031568635958,1.1221585235317086,5.218869951466207e+37
bright_NSF_anchor,oiii_hb,0.02606153549998895,1.3216309909182061e+38,0.3064572365008485,1.127434538552291,5.209973518819143e+37
bright_NSF_anchor,oiii_hb,0.025822601906345957,1.3132274818401489e+38,0.30841829519371305,1.1327293970230252,5.201158649156846e+37
bright_NSF_anchor,oiii_hb,0.02558585886905645,1.3049010165964131e+38,0.31038628677529745,1.1380429742933031,5.192424594705374e+37
bright_NSF_anchor,oiii_hb,0.02535128630497907,1.2966508888448806e+38,0.3123611641615315,1.143375143236135,5.1837706145464235e+37
bright_NSF_anchor,oiii_hb,0.025118864315095794,1.2884763987192157e+38,0.31434287935213784,1.1487257742507722,5.175195974554468e+37
bright_NSF_anchor,oiii_hb,0.024888573182823902,1.2803768527694965e+38,0.3163313834318332,1.1540947352659499,5.166699947334483e+37
bright_NSF_anchor,oiii_hb,0.024660393372343388,1.272351563903388e+38,0.31832662657176225,1.1594818917437582,5.158281812160243e+37
bright_NSF_anchor,oiii_hb,0.024434305526939714,1.2643998513278553e+38,0.3203285580311651,1.164887106684146,5.1499408549131805e+37
bright_NSF_anchor,oiii_hb,0.024210290467361777,1.256521040491412e+38,0.3223371261592811,1.1703102406300592,5.141676368021807e+37
bright_NSF_anchor,oiii_hb,0.023988329190194897,1.2487144630268967e+38,0.32435227839748937,1.1757511516732213,5.133487650401685e+37
bright_NSF_anchor,oiii_hb,0.02376840286624876,1.240979456694775e+38,0.3263739612816886,1.1812096954605593,5.125374007395964e+37
bright_NSF_anchor,oiii_hb,0.023550492838960088,1.2333153653269608e+38,0.32840212044491707,1.1866857252012761,5.117334750716438e+37
bright_NSF_anchor,oiii_hb,0.02333458062281002,1.2257215387711536e+38,0.3304367006202138,1.1921790916745771,5.109369198385171e+37
bright_NSF_anchor,oiii_hb,0.023120647901755942,1.2181973328356851e+38,0.33247764564372306,1.1976896432380522,5.101476674676638e+37
bright_NSF_anchor,oiii_hb,0.022908676527677724,1.2107421092348708e+38,0.3345248984580426,1.203217225836715,5.0936565100604e+37
bright_NSF_anchor,oiii_hb,0.022698648518838214,1.2033552355348657e+38,0.33657840111581616,1.2087616830127037,5.085908041144311e+37
bright_NSF_anchor,oiii_hb,0.022490546058357805,1.1960360851000123e+38,0.33863809478357293,1.2143228559156471,5.078230610618241e+37
bright_NSF_anchor,oiii_hb,0.02228435149270303,1.1887840370396837e+38,0.34070391974581254,1.219900583313694,5.070623567198316e+37
bright_NSF_anchor,oiii_hb,0.022080047330188993,1.1815984761556129e+38,0.34277581540933805,1.2254947016052127,5.063086265571667e+37
bright_NSF_anchor,oiii_hb,0.02187761623949552,1.1744787928897031e+38,0.3448537203078368,1.2311050448311593,5.055618066341692e+37
bright_NSF_anchor,oiii_hb,0.02167704104819694,1.1674243832723214e+38,0.34693757210670917,1.2367314446881148,5.048218335973809e+37
bright_NSF_anchor,oiii_hb,0.021478304741305344,1.1604346488710614e+38,0.34902730760814654,1.2423737305419957,5.040886446741718e+37
bright_NSF_anchor,oiii_hb,0.02128139045982712,1.1535089967399765e+38,0.351122862756459,1.2480317294424392,5.033621776674146e+37
bright_NSF_anchor,oiii_hb,0.021086281499332896,1.1466468393692829e+38,0.35322417264365025,1.2537052661378556,5.02642370950209e+37
bright_NSF_anchor,oiii_hb,0.020892961308540396,1.1398475946355184e+38,0.3553311715152438,1.2593941630911583,5.019291634606534e+37
bright_NSF_anchor,oiii_hb,0.020701413487910426,1.1331106857521608e+38,0.3574437927763573,1.2650982404961646,5.012224946966648e+37
bright_NSF_anchor,oiii_hb,0.020511621788255656,1.1264355412206979e+38,0.3595619689980262,1.2708173162946708,5.00522304710847e+37
bright_NSF_anchor,oiii_hb,0.02032357010936222,1.1198215947821483e+38,0.36168563192377556,1.276551206194194,4.998285341054047e+37
bright_NSF_anchor,oiii_hb,0.020137242498623885,1.1132682853690237e+38,0.3638147124764407,1.2822997236863898,4.991411240271049e+37
bright_NSF_anchor,oiii_hb,0.0199526231496888,1.1067750570577333e+38,0.36594914076523505,1.2880626800661346,4.984600161622843e+37
bright_NSF_anchor,oiii_hb,0.01976969640111861,1.1003413590214246e+38,0.3680888460930653,1.2938398844512762,4.977851527319023e+37
bright_NSF_anchor,oiii_hb,0.0195884467350599,1.093966645483256e+38,0.3702337569640926,1.2996311438030501,4.971164764866398e+37
bright_NSF_anchor,oiii_hb,0.01940885877592778,1.0876503756700982e+38,0.37238380109153896,1.3054362629471552,4.964539307020428e+37
bright_NSF_anchor,oiii_hb,0.019230917289101587,1.0813920137666598e+38,0.3745389054057379,1.3112550445954925,4.957974591737102e+37
bright_NSF_anchor,oiii_hb,0.019054607179632473,1.075191028870033e+38,0.37669899606242896,1.3170872893685581,4.951470062125255e+37
bright_NSF_anchor,oiii_hb,0.018879913490962935,1.0690468949446574e+38,0.37886399845129226,1.322932795818489,4.945025166399336e+37
bright_NSF_anchor,oiii_hb,0.018706821403658005,1.062959090777696e+38,0.38103383720472533,1.3287913604527586,4.938639357832594e+37
bright_NSF_anchor,oiii_hb,0.018535316234148114,1.0569270999348195e+38,0.3832084362068578,1.334662777758516,4.932312094710695e+37
bright_NSF_anchor,oiii_hb,0.018365383433483463,1.0509504107163966e+38,0.3853877186028035,1.3405468402275695,4.926042840285777e+37
bright_NSF_anchor,oiii_hb,0.018197008586099836,1.0450285161140872e+38,0.3875716068081481,1.3464433383819998,4.919831062730906e+37
bright_NSF_anchor,oiii_hb,0.01803017740859569,1.0391609137678308e+38,0.38976002251867004,1.3523520608004092,4.913676235094973e+37
bright_NSF_anchor,oiii_hb,0.01786487574852051,1.0333471059232323e+38,0.39195288672029316,1.3582727941447916,4.907577835257981e+37
bright_NSF_anchor,oiii_hb,0.01770108958317421,1.0275865993893358e+38,0.394150119699269,1.3642053231880262,4.901535345886762e+37
bright_NSF_anchor,oiii_hb,0.017538805018417612,1.0218789054967879e+38,0.39635164105258514,1.37014943084198,4.895548254391082e+37
bright_NSF_anchor,oiii_hb,0.017378008287493755,1.0162235400563819e+38,0.3985573696986,1.37610489818622,4.889616052880167e+37
bright_NSF_anchor,oiii_hb,0.01721868574986007,1.0106200233179852e+38,0.4007672238878978,1.382071504497324,4.88373823811961e+37
bright_NSF_anchor,oiii_hb,0.017060823890031235,1.0050678799298402e+38,0.40298112121436463,1.3880490272787847,4.877914311488689e+37
bright_NSF_anchor,oiii_hb,0.01690440931643264,9.995666388982411e+37,0.4051989786264806,1.3940372422914977,4.87214377893806e+37
bright_NSF_anchor,oiii_hb,0.016749428760264373,9.94115833547578e+37,0.4074207124388259,1.40003592358483,4.866426150947855e+37
bright_NSF_anchor,oiii_hb,0.016595869074375606,9.887150014807484e+37,0.4096462383437982,1.406044843528255,4.860760942486145e+37
bright_NSF_anchor,oiii_hb,0.016443717232149314,9.833636845399324e+37,0.4118754714235375,1.4120637728435512,4.855147672967807e+37
bright_NSF_anchor,oiii_hb,0.016292960326397224,9.780614287677262e+37,0.4141083261620554,1.4180924806375497,4.849585866213745e+37
bright_NSF_anchor,oiii_hb,0.01614358556826486,9.72807784368632e+37,0.4163447164575663,1.4241307344354293,4.844075050410499e+37
bright_NSF_anchor,oiii_hb,0.01599558028614669,9.676023056709029e+37,0.4185845556350156,1.4301783002145423,4.838614758070224e+37
bright_NSF_anchor,oiii_hb,0.015848931924611134,9.62444551088734e+37,0.42082775645880277,1.4362349424387675,4.833204525991025e+37
bright_NSF_anchor,oiii_hb,0.015703628043335523,9.573340830848038e+37,0.4230742311456942,1.4423004240933743,4.827843895217672e+37
bright_NSF_anchor,oiii_hb,0.015559656316050743,9.522704681331573e+37,0.42532389137792365,1.448374506720394,4.822532411002659e+37
bright_NSF_anchor,oiii_hb,0.015417004529495591,9.472532766824294e+37,0.42757664831647474,1.454456950454482,4.8172696227676295e+37
bright_NSF_anchor,oiii_hb,0.015275660582380723,9.422820831194054e+37,0.42983241261454314,1.4605475140592663,4.812055084065156e+37
bright_NSF_anchor,oiii_hb,0.01513561248436208,9.37356465732916e+37,0.43209109443117244,1.4666459549641657,4.806888352540866e+37
bright_NSF_anchor,oiii_hb,0.014996848355023733,9.324760066780628e+37,0.4343526034450619,1.4727520293016672,4.801768989895916e+37
bright_NSF_anchor,oiii_hb,0.014859356422870068,9.276402919407733e+37,0.4366168488685384,1.478865491945054,4.796696561849808e+37
bright_NSF_anchor,oiii_hb,0.014723125024327186,9.22848911302678e+37,0.4388837394616929,1.4849860965465709,4.791670638103554e+37
bright_NSF_anchor,oiii_hb,0.014588142602753481,9.181014583063125e+37,0.4411531835466715,1.491113595576013,4.786690792303171e+37
bright_NSF_anchor,oiii_hb,0.014454397707459272,9.13397530220637e+37,0.4434250890221211,1.4972477403597269,4.781756602003511e+37
bright_NSF_anchor,oiii_hb,0.014321878992735432,9.08736728006871e+37,0.44569936337778243,1.5033882811200128,4.776867648632428e+37
bright_NSF_anchor,oiii_hb,0.014190575216890919,9.041186562846449e+37,0.447975913709226,1.5095349670149105,4.772023517455268e+37
bright_NSF_anchor,oiii_hb,0.014060475241299136,8.995429232984573e+37,0.450254646732727,1.5156875461783632,4.767223797539686e+37
bright_NSF_anchor,oiii_hb,0.013931568029453029,8.95009140884443e+37,0.4525354688002735,1.5218457657607385,4.7624680817207895e+37
bright_NSF_anchor,oiii_hb,0.013803842646028845,8.905169244374447e+37,0.45481828591470275,1.5280093719696974,4.757755966566596e+37
bright_NSF_anchor,oiii_hb,0.013677288255958488,8.86065892878386e+37,0.45710300374496143,1.534178110111396,4.753087052343808e+37
bright_NSF_anchor,oiii_hb,0.013551894123510357,8.816556686219449e+37,0.4593895276414834,1.540351724632005,4.748460942983904e+37
bright_NSF_anchor,oiii_hb,0.013427649611378635,8.77285877544522e+37,0.4616777626516809,1.5465299591595387,4.743877246049544e+37
bright_NSF_anchor,oiii_hb,0.013304544179780907,8.729561489525039e+37,0.4639676135355433,1.552712556545967,4.739335572701274e+37
bright_NSF_anchor,oiii_hb,0.013182567385564068,8.68666115550817e+37,0.4662589847813369,1.5588992589096098,4.734835537664539e+37
bright_NSF_anchor,oiii_hb,0.01306170888131841,8.644154134117685e+37,0.4685517806214043,1.5650898076777917,4.730376759197006e+37
bright_NSF_anchor,oiii_hb,0.012941958414499856,8.602036819441752e+37,0.4708459050480515,1.5712839436297392,4.725958859056173e+37
bright_NSF_anchor,oiii_hb,0.012823305826560211,8.560305638627737e+37,0.47314126182952376,1.5774814069397143,4.721581462467291e+37
bright_NSF_anchor,oiii_hb,0.012705741052085412,8.518957051579115e+37,0.47543775452605946,1.5836819372203608,4.717244198091562e+37
bright_NSF_anchor,oiii_hb,0.012589254117941668,8.477987550655162e+37,0.47773528650602,1.589885273566254,4.712946697994643e+37
bright_NSF_anchor,oiii_hb,0.012473835142429427,8.437393660373395e+37,0.4800337609620875,1.5960911545976364,4.708688597615437e+37
bright_NSF_anchor,oiii_hb,0.0123594743344451,8.397171937114747e+37,0.48233308092752564,1.6022993185043193,4.704469535735159e+37
bright_NSF_anchor,oiii_hb,0.012246161992650483,8.357318968831442e+37,0.4846331492924981,1.608509503089745,4.7002891544467005e+37
bright_NSF_anchor,oiii_hb,0.012133888504649769,8.317831374757548e+37,0.48693386882043793,1.6147214458151824,4.696147099124263e+37
bright_NSF_anchor,oiii_hb,0.012022644346174132,8.278705805122175e+37,0.48923514216446323,1.6209348838440507,4.692043018393281e+37
bright_NSF_anchor,oiii_hb,0.01191242008027375,8.239938940865319e+37,0.491536871883832,1.6271495540863465,4.687976564100603e+37
bright_NSF_anchor,oiii_hb,0.011803206356517298,8.201527493356305e+37,0.49383896046043013,1.6333651932431614,4.683947391284973e+37
bright_NSF_anchor,oiii_hb,0.011694993910198712,8.163468204114802e+37,0.4961413103152887,1.6395815378512795,4.679955158147752e+37
bright_NSF_anchor,oiii_hb,0.011587773561551261,8.125757844534407e+37,0.4984438238251224,1.6457983243278307,4.675999526023935e+37
bright_NSF_anchor,oiii_hb,0.01148153621496883,8.08839321560876e+37,0.5007464033388838,1.652015289014986,4.672080159353412e+37
bright_NSF_anchor,oiii_hb,0.01137627285823431,8.051371147660163e+37,0.5030489511943276,1.6582321682246846,4.66819672565251e+37
bright_NSF_anchor,oiii_hb,0.011271974561755105,8.014688500070703e+37,0.5053513697345798,1.6644486982833655,4.664348895485784e+37
bright_NSF_anchor,oiii_hb,0.011168632477805612,7.978342161015822e+37,0.5076535613247037,1.6706646155767,4.660536342438069e+37
bright_NSF_anchor,oiii_hb,0.011066237839776664,7.942329047200343e+37,0.5099554283682587,1.6768796565942985,4.656758743086795e+37
bright_NSF_anchor,oiii_hb,0.01096478196143185,7.906646103596906e+37,0.5122568733238452,1.6830935579743822,4.653015776974547e+37
bright_NSF_anchor,oiii_hb,0.010864256236170655,7.871290303186815e+37,0.5145577987216294,1.6893060565483995,4.649307126581879e+37
bright_NSF_anchor,oiii_hb,0.010764652136298349,7.836258646703243e+37,0.5168581071798428,1.6955168893855754,4.645632477300386e+37
bright_NSF_anchor,oiii_hb,0.010665961212302578,7.801548162376812e+37,0.519157701421249,1.7017257938373722,4.641991517406004e+37
bright_NSF_anchor,oiii_hb,0.010568175092136586,7.767155905683483e+37,0.5214564842895745,1.707932507581851,4.638383938032579e+37
bright_NSF_anchor,oiii_hb,0.010471285480508996,7.73307895909478e+37,0.5237543587658942,1.7141367686679143,4.634809433145653e+37
bright_NSF_anchor,oiii_hb,0.010375284158180127,7.69931443183029e+37,0.5260512279849686,1.7203383155594152,4.631267699516509e+37
bright_NSF_anchor,oiii_hb,0.010280162981264735,7.665859459612429e+37,0.5283469952515262,1.7265368871791205,4.627758436696454e+37
bright_NSF_anchor,oiii_hb,0.010185913880541169,7.6327112044234725e+37,0.5306415640564831,1.7327322229525044,4.6242813469913185e+37
bright_NSF_anchor,oiii_hb,0.010092528860766845,7.599866854264798e+37,0.5329348380930984,1.7389240628513656,4.620836135436213e+37
bright_NSF_anchor,oiii_hb,0.01,7.567323622918338e+37,0.5352267212730545,1.7451121474372473,4.6174225097705e+37
faint_example,nii_ha,1.0,2e+38,0.20251169057533575,0.5828884441616361,1.1657768883232722e+38
faint_example,nii_ha,0.9908319448927676,1.9853771664636423e+38,0.2040032433092297,0.5846037298056141,1.160658896585547e+38
faint_example,nii_ha,0.9817479430199844,1.9708883958709693e+38,0.20550295085160553,0.5863283934793464,1.1555878268781116e+38
faint_example,nii_ha,0.9727472237769651,1.9565324591255266e+38,0.20701081613115527,0.5880624385508285,1.1505632490172064e+38
faint_example,nii_ha,0.9638290236239705,1.9423081383992814e+38,0.20852684141274527,0.589805867624657,1.1455847367630206e+38
faint_example,nii_ha,0.954992586021436,1.928214227029318e+38,0.2100510282898733,0.5915586825333542,1.1406518677835334e+38
faint_example,nii_ha,0.9462371613657931,1.9142495294154707e+38,0.21158337767717678,0.5933208843287533,1.135764223618687e+38
faint_example,nii_ha,0.9375620069258802,1.9004128609189027e+38,0.21312388980299332,0.5950924732734423,1.1309213896448881e+38
faint_example,nii_ha,0.9289663867799364,1.886703047761612e+38,0.2146725642019776,0.5968734488322742,1.1261229550398364e+38
faint_example,nii_ha,0.9204495717531713,1.873118926926857e+38,0.21622939970777794,0.5986638096639447,1.1213685127476723e+38
faint_example,nii_ha,0.9120108393559098,1.8596593460604988e+38,0.21779439444577456,0.6004635536126407,1.1166576594444466e+38
faint_example,nii_ha,0.9036494737223014,1.846323163373243e+38,0.21936754582588427,0.6022726776997669,1.1119899955039072e+38
faint_example,nii_ha,0.8953647655495938,1.8331092475437844e+38,0.2209488505354329,0.6040911781157478,1.1073651249635965e+38
faint_example,nii_ha,0.8871560120379609,1.8200164776228326e+38,0.22253830453210086,0.6059190502119159,1.1027826554912635e+38
faint_example,nii_ha,0.8790225168308843,1.807043742938022e+38,0.2241359030369432,0.6077562884924846,1.09824219835158e+38
faint_example,nii_ha,0.8709635899560807,1.794189942999694e+38,0.22574164052748819,0.6096028866066114,1.0937433683731652e+38
faint_example,nii_ha,0.8629785477669702,1.7814539874075376e+38,0.22735551073091823,0.6114588373405558,1.0892857839159102e+38
faint_example,nii_ha,0.8550667128846833,1.768834795758093e+38,0.22897750661733515,0.6133241326099355,1.0848690668386047e+38
faint_example,nii_ha,0.8472274141405964,1.7563312975530996e+38,0.23060762039311453,0.6151987634520817,1.080492842466857e+38
faint_example,nii_ha,0.8394599865193975,1.743942432108683e+38,0.23224584349435126,0.6170827200185038,1.076156739561311e+38
faint_example,nii_ha,0.831763771102671,1.7316671484653763e+38,0.23389216658040082,0.618975991567461,1.071860390286154e+38
faint_example,nii_ha,0.8241381150130023,1.719504405298969e+38,0.2355465795275182,0.6208785664566459,1.0676034301779112e+38
faint_example,nii_ha,0.8165823713585925,1.707453170832166e+38,0.2372090714225996,0.6227904321359895,1.0633854981145303e+38
faint_example,nii_ha,0.8090958991783823,1.6955124227470649e+38,0.23887963055702865,0.624711575140583,1.0592062362847448e+38
faint_example,nii_ha,0.8016780633876791,1.6836811480984296e+38,0.24055824442063148,0.6266419810837262,1.0550652901577225e+38
faint_example,nii_ha,0.7943282347242815,1.6719583432277616e+38,0.242244899695744,0.6285816346501055,1.0509623084529887e+38
faint_example,nii_ha,0.7870457896950986,1.6603430136781595e+38,0.2439395822513944,0.6305305195891037,1.0468969431106282e+38
faint_example,nii_ha,0.7798301105232587,1.6488341741099568e+38,0.24564227713760464,0.6324886187082454,1.042868849261757e+38
faint_example,nii_ha,0.7726805850957024,1.6374308482171356e+38,0.2473529685798141,0.6344559138667862,1.0388776851992698e+38
faint_example,nii_ha,0.7655966069112563,1.6261320686445054e+38,0.2490716399734289,0.6364323859694433,1.0349231123488491e+38
faint_example,nii_ha,0.7585775750291838,1.6149368769056417e+38,0.25079827387850057,0.6384180149602756,1.0310047952402468e+38
faint_example,nii_ha,0.7516228940182055,1.603844323301576e+38,0.25253285201453657,0.6404127798167171,1.0271224014788238e+38
faint_example,nii_ha,0.744731973905989,1.5928534668402322e+38,0.25427535525544764,0.6424166585437648,1.0232756017173535e+38
faint_example,nii_ha,0.737904230129101,1.5819633751566018e+38,0.2560257636246335,0.6444296281683285,1.0194640696280828e+38
faint_example,nii_ha,0.7311390834834174,1.5711731244336494e+38,0.25778405629021156,0.6464516647337433,1.0156874818750495e+38
faint_example,nii_ha,0.72443596007499,1.560481799323946e+38,0.25955021156039204,0.6484827432944508,1.0119455180866532e+38
faint_example,nii_ha,0.7177942912713617,1.549888492872018e+38,0.26132420687900176,0.650522837910852,1.0082378608284784e+38
faint_example,nii_ha,0.7112135136533291,1.539392306437409e+38,0.2631060188211611,0.6525719216443352,1.0045641955763653e+38
faint_example,nii_ha,0.7046930689671469,1.528992349618448e+38,0.26489562308911674,0.6546299665524843,1.000924210689729e+38
faint_example,nii_ha,0.6982324040771714,1.5186877401767163e+38,0.2666929945082341,0.6566969436844693,9.97317597385123e+37
faint_example,nii_ha,0.6918309709189365,1.508477603962205e+38,0.26849810702315163,0.6587728230766243,9.937440497100439e+37
faint_example,nii_ha,0.6854882264526616,1.4983610748391605e+38,0.27031093369410186,0.6608575737482172,9.902032645169784e+37
faint_example,nii_ha,0.6792036326171845,1.48833729461261e+38,0.27213144669340056,0.6629511636974107,9.866949414376857e+37
faint_example,nii_ha,0.6729766562843177,1.4784054129555591e+38,0.27395961730210905,0.6650535598974254,9.832187828577179e+37
faint_example,nii_ha,0.6668067692136221,1.468564587336859e+38,0.275795415906871,0.6671647282929016,9.797744938911728e+37
faint_example,nii_ha,0.660693448007596,1.4588139829497315e+38,0.27763881199692886,0.6692846337964682,9.763617823556782e+37
faint_example,nii_ha,0.6546361740672749,1.449152772640954e+38,0.27948977416132037,0.6714132402855184,9.72980358747606e+37
faint_example,nii_ha,0.6486344335482384,1.4395801368406901e+38,0.2813482700862613,0.6735505105992006,9.696299362175138e+37
faint_example,nii_ha,0.6426877173170197,1.4300952634929645e+38,0.28321426655271487,0.6756964065356221,9.663102305458098e+37
faint_example,nii_ha,0.6367955209079158,1.4206973479867758e+38,0.28508772943415217,0.677850888849275,9.630209601186437e+37
faint_example,nii_ha,0.6309573444801932,1.411385593087841e+38,0.28696862369450576,0.6800139172486817,9.597618459040167e+37
faint_example,nii_ha,0.6251726927756858,1.4021592088709647e+38,0.28885691338632014,0.6821854503942681,9.565326114281098e+37
faint_example,nii_ha,0.6194410750767814,1.3930174126530292e+38,0.2907525616491013,0.6843654458964664,9.533329827518323e+37
faint_example,nii_ha,0.6137620051647942,1.383959428926599e+38,0.2926555307078678,0.686553860314048,9.501626884475818e+37
faint_example,nii_ha,0.6081350012787179,1.374984489294133e+38,0.29456578187190735,0.6887506491526934,9.470214595762187e+37
faint_example,nii_ha,0.6025595860743578,1.3660918324028015e+38,0.29648327553373993,0.690955766863801,9.439090296642528e+37
faint_example,nii_ha,0.5970352865838369,1.3572807038798995e+38,0.2984079711682915,0.6931691668435351,9.40825134681237e+37
faint_example,nii_ha,0.5915616341754739,1.3485503562688521e+38,0.3003398273322798,0.6953908014321218,9.377695130173705e+37
faint_example,nii_ha,0.5861381645140287,1.3399000489658083e+38,0.30227880166381493,0.6976206219133871,9.34741905461305e+37
faint_example,nii_ha,0.580764417521312,1.3313290481568134e+38,0.30422485088221773,0.6998585785145504,9.317420551781568e+37
faint_example,nii_ha,0.5754399373371569,1.3228366267555595e+38,0.3061779307880577,0.7021046204062665,9.287697076877181e+37
faint_example,nii_ha,0.5701642722807475,1.314422064341706e+38,0.30813799626341243,0.7043586957029243,9.258246108428693e+37
faint_example,nii_ha,0.5649369748123025,1.306084647099766e+38,0.31010500127235135,0.706620751463204,9.229065148081903e+37
faint_example,nii_ha,0.5597576014951101,1.297823667758552e+38,0.3120788988616459,0.7088907336908927,9.200151720387653e+37
faint_example,nii_ha,0.5546257129579107,1.289638425531178e+38,0.3140596411617077,0.7111685873359638,9.171503372591845e+37
faint_example,nii_ha,0.5495408738576245,1.2815282260556107e+38,0.3160471793877569,0.7134542562959205,9.14311767442736e+37
faint_example,nii_ha,0.5445026528424212,1.273492381335766e+38,0.31804146384122256,0.7157476834174059,9.114992217907902e+37
faint_example,nii_ha,0.5395106225151276,1.265530209683146e+38,0.32004244391137704,0.7180488104980836,9.087124617123733e+37
faint_example,nii_ha,0.5345643593969717,1.2576410356590106e+38,0.3220500680772054,0.7203575782887863,9.05951250803926e+37
faint_example,nii_ha,0.5296634438916578,1.2498241900170788e+38,0.32406428390951275,0.7226739264959396,9.032153548292498e+37
faint_example,nii_ha,0.5248074602497725,1.242079009646757e+38,0.32608503807326933,0.7249977937842598,9.005045416996372e+37
faint_example,nii_ha,0.5199959965335159,1.234404837516886e+38,0.32811227633019624,0.7273291177797256,8.978185814541822e+37
faint_example,nii_ha,0.5152286445817564,1.2268010226200038e+38,0.3301459435415923,0.7296678350728312,8.951572462402736e+37
faint_example,nii_ha,0.5105049999754063,1.2192669199171216e+38,0.33218598367140356,0.7320138812221142,8.925203102942648e+37
faint_example,nii_ha,0.505824662003114,1.2118018902830028e+38,0.3342323397895367,0.7343671907579671,8.89907549922323e+37
faint_example,nii_ha,0.5011872336272722,1.2044053004519466e+38,0.3362849540754168,0.7367276971867294,8.873187434814535e+37
faint_example,nii_ha,0.4965923214503361,1.1970765229640674e+38,0.33834376782179115,0.7390953329950598,8.847536713606958e+37
faint_example,nii_ha,0.4920395356814509,1.1898149361120655e+38,0.3404087214387796,0.7414700296545965,8.82212115962495e+37
faint_example,nii_ha,0.48752849010338634,1.182619923888489e+38,0.34247975445817175,0.7438517176268975,8.796938616842433e+37
faint_example,nii_ha,0.48305880203977264,1.1754908759334751e+38,0.3445568055379726,0.7462403263686684,8.771986948999885e+37
faint_example,nii_ha,0.4786300923226383,1.168427187482975e+38,0.3466398124671958,0.7486357843372752,8.747264039423135e+37
faint_example,nii_ha,0.47424198526024464,1.1614282593174495e+38,0.34872871217090623,0.7510380189965422,8.722767790843795e+37
faint_example,nii_ha,0.4698941086052154,1.1544934977110371e+38,0.3508234407155114,0.7534469568228382,8.698496125221352e+37
faint_example,nii_ha,0.46558609352295893,1.1476223143811878e+38,0.35292393331430216,0.7558625233114475,8.674446983566879e+37
faint_example,nii_ha,0.46131757456037936,1.1408141264387584e+38,0.35503012433324216,0.7582846429832284,8.650618325768375e+37
faint_example,nii_ha,0.457088189614875,1.1340683563385657e+38,0.3571419472970071,0.7607132393915581,8.627008130417701e+37
faint_example,nii_ha,0.45289757990362073,1.127384431830392e+38,0.3592593348952726,0.7631482351295635,8.603614394639094e+37
faint_example,nii_ha,0.4487453899331321,1.120761785910442e+38,0.36138221898925105,0.7655895518376388,8.580435133919269e+37
faint_example,nii_ha,0.4446312674691087,1.1141998567732419e+38,0.3635105306184763,0.7680371102112478,8.557468381939068e+37
faint_example,nii_ha,0.4405548635065533,1.1076980877639813e+38,0.3656442000078367,0.7704908300090122,8.534712190406656e+37
faint_example,nii_ha,0.436515832240166,1.1012559273312922e+38,0.3677831565748547,0.7729506300610829,8.512164628892244e+37
faint_example,nii_ha,0.43251383103500873,1.0948728289804595e+38,0.36992732893721303,0.7754164282777951,8.489823784664331e+37
faint_example,nii_ha,0.4285485203974395,1.088548251227062e+38,0.37207664492052633,0.7778881416586053,8.467687762527439e+37
faint_example,nii_ha,0.4246195639463129,1.0822816575510378e+38,0.37423103156635684,0.7803656863013104,8.445754684661354e+37
faint_example,nii_ha,0.4207266283844441,1.07607251635117e+38,0.37639041514047406,0.7828489774115451,8.424022690461817e+37
faint_example,nii_ha,0.4168693834703354,1.0699203008999912e+38,0.37855472114135563,0.785337929312559,8.40248993638269e+37
faint_example,nii_ha,0.4130475019901613,1.0638244892991002e+38,0.38072387430892923,0.7878324554552687,8.381154595779573e+37
faint_example,nii_ha,0.40926065973001086,1.0577845644348898e+38,0.38289779863355344,0.7903324684285864,8.360014858754836e+37
faint_example,nii_ha,0.40550853544838383,1.0518000139346778e+38,0.3850764173652364,0.7928378799700219,8.339068932004094e+37
faint_example,nii_ha,0.4017908108489399,1.0458703301232437e+38,0.3872596530230895,0.7953486009765529,8.318315038664075e+37
faint_example,nii_ha,0.3981071705534972,1.0399950099797613e+38,0.3894474274050155,0.7978645415157678,8.297751418161886e+37
faint_example,nii_ha,0.3944573020752784,1.0341735550951273e+38,0.3916396615976279,0.8003856108372721,8.277376326065667e+37
faint_example,nii_ha,0.390840895792402,1.0284054716296795e+38,0.39383627598640114,0.8029117173843614,8.257188033936601e+37
faint_example,nii_ha,0.3872576449216172,1.0226902702713064e+38,0.3960371902660461,0.805442768805953,8.237184829182294e+37
faint_example,nii_ha,0.38370724549227875,1.0170274661939354e+38,0.3982423234511133,0.8079786719687804,8.217365014911496e+37
faint_example,nii_ha,0.3801893963205612,1.0114165790164075e+38,0.4004515938868163,0.8105193329698387,8.197726909790148e+37
faint_example,nii_ha,0.3767037989839089,1.0058571327617235e+38,0.4026649192600765,0.813064657149088,8.178268847898755e+37
faint_example,nii_ha,0.37325015779572057,1.0003486558166683e+38,0.40488221661078455,0.8156145491024023,8.158989178591061e+37
faint_example,nii_ha,0.3698281797802662,9.948906808918021e+37,0.4071034023432763,0.8181689126947678,8.139886266354029e+37
faint_example,nii_ha,0.3664375746478333,9.89482744981821e+37,0.4093283922380199,0.820727651073723,8.120958490669095e+37
faint_example,nii_ha,0.36307805477010135,9.84124389326279e+37,0.41155710146351127,0.823290666683038,8.102204245874699e+37
faint_example,nii_ha,0.3597493351557423,9.788151593706712e+37,0.41378944458837463,0.8258578612766307,8.083621941030071e+37
faint_example,nii_ha,0.35645113342624424,9.735546047278733e+37,0.4160253355936651,0.8284291359327148,8.065209999780278e+37
faint_example,nii_ha,0.35318316979195696,9.683422791399353e+37,0.4182646878853686,0.8310043910681739,8.046966860222496e+37
faint_example,nii_ha,0.34994516702835726,9.631777404402242e+37,0.4205074143070976,0.8335835264531622,8.028890974773507e+37
faint_example,nii_ha,0.3467368504525316,9.580605505159155e+37,0.4227534271529773,0.8361664412259239,8.010980810038426e+37
faint_example,nii_ha,0.3435579478998746,9.529902752708271e+37,0.4250026381807193,0.8387530339078273,7.993234846680617e+37
faint_example,nii_ha,0.34040818970100084,9.479664845885945e+37,0.42725495862487844,0.8413432024186103,7.975651579292803e+37
faint_example,nii_ha,0.33728730865886886,9.429887522961839e+37,0.42951029921028944,0.8439368440918329,7.958229516269366e+37
faint_example,nii_ha,0.3341950400261142,9.380566561277392e+37,0.43176857016567843,0.8465338556905302,7.940967179679809e+37
faint_example,nii_ha,0.3311311214825911,9.331697776887609e+37,0.43402968123744623,0.8491341334230632,7.923863105143385e+37
faint_example,nii_ha,0.328095293113119,9.283277024206134e+37,0.43629354170361767,0.8517375729591603,7.906915841704869e+37
faint_example,nii_ha,0.3250872973854344,9.235300195653579e+37,0.43856006038795375,0.8543440694461468,7.890123951711474e+37
faint_example,nii_ha,0.32210687912834346,9.187763221309061e+37,0.4408291456742224,0.8569535175253558,7.8734860106908935e+37
faint_example,nii_ha,0.31915378551007617,9.140662068564966e+37,0.4431007055206209,0.859565811348714,7.85700060723046e+37
faint_example,nii_ha,0.31622776601683794,9.093992741784842e+37,0.44537464747434924,0.8621808445955016,7.840666342857417e+37
faint_example,nii_ha,0.31332857243155854,9.047751281964456e+37,0.44765087868632525,0.8647985104892741,7.824481831920282e+37
faint_example,nii_ha,0.31045595881283555,9.001933766395943e+37,0.4499293059260405,0.8674187018149466,7.808445701471302e+37
faint_example,nii_ha,0.3076096814740708,8.95653630833504e+37,0.45220983559654954,0.8700413109360319,7.792556591149985e+37
faint_example,nii_ha,0.3047894989627983,8.911555056671364e+37,0.45449237374958823,0.8726662298120265,7.776813153067699e+37
faint_example,nii_ha,0.3019951720402016,8.866986195601734e+37,0.4567768261008166,0.8752933500159391,7.761214051693329e+37
faint_example,nii_ha,0.2992264636608189,8.822825944306458e+37,0.45906309804518014,0.8779225627519572,7.745757963739983e+37
faint_example,nii_ha,0.2964831389524342,8.779070556628606e+37,0.46135109467238533,0.8805537588732432,7.730443578052734e+37
faint_example,nii_ha,0.2937649651961531,8.735716320756223e+37,0.46364072078248286,0.8831868288998553,7.715269595497401e+37
faint_example,nii_ha,0.2910717118066605,8.69275955890745e+37,0.46593188090155435,0.8858216630367876,7.7002347288503295e+37
faint_example,nii_ha,0.28840315031266056,8.650196627018534e+37,0.4682244792974966,0.8884581511921211,7.685337702689209e+37
faint_example,nii_ha,0.28575905433749466,8.608023914434702e+37,0.4705184199958973,0.8910961829952819,7.670577253284868e+37
faint_example,nii_ha,0.2831391995799379,8.56623784360386e+37,0.4728136067959982,0.8937356478153979,7.655952128494072e+37
faint_example,nii_ha,0.2805433637951713,8.524834869773108e+37,0.4751099432867388,0.8963764347797496,7.64146108765331e+37
faint_example,nii_ha,0.27797132677592884,8.483811480688043e+37,0.47740733286287473,0.899018432792306,7.627102901473537e+37
faint_example,nii_ha,0.2754228703338166,8.443164196294793e+37,0.4797056787411671,0.9016615305523422,7.6128763519359e+37
faint_example,nii_ha,0.272897778280804,8.40288956844482e+37,0.4820048839766341,0.9043056165731292,7.598780232188409e+37
faint_example,nii_ha,0.2703958364108843,8.362984180602398e+37,0.4843048514788617,0.906950579200691,7.584813346443561e+37
faint_example,nii_ha,0.2679168324819031,8.323444647554792e+37,0.48660548402836634,0.9095963066326214,7.570974509876899e+37
faint_example,nii_ha,0.2654605561975539,8.284267615125081e+37,0.48890668429300393,0.9122426869369545,7.5572625485265e+37
faint_example,nii_ha,0.2630267991895382,8.2454497598876235e+37,0.49120835484441966,0.9148896080710827,7.54367629919339e+37
faint_example,nii_ha,0.2606153549998896,8.206987788886128e+37,0.49351039817453196,0.9175369579007118,7.530214609342867e+37
faint_example,nii_ha,0.25822601906345966,8.168878439354306e+37,0.4958127167120457,0.9201846242188526,7.516876337006729e+37
faint_example,nii_ha,0.2558585886905646,8.131118478439092e+37,0.49811521283898774,0.9228324947648359,7.503660350686404e+37
faint_example,nii_ha,0.25351286304979076,8.093704702926395e+37,0.5004177889072595,0.9254804572433485,7.49056552925696e+37
faint_example,nii_ha,0.251188643150958,8.05663393896937e+37,0.5027203472552004,0.9281283993434805,7.477590761872001e+37
faint_example,nii_ha,0.2488857318282391,8.019903041819169e+37,0.5050227902241562,0.9307762087577798,7.464734947869432e+37
faint_example,nii_ha,0.24660393372343392,7.98350889555818e+37,0.5073250201750462,0.9334237732013031,7.451996996678085e+37
faint_example,nii_ha,0.2443430552693972,7.947448412835692e+37,0.5096269395049233,0.9360709804306618,7.439375827725214e+37
faint_example,nii_ha,0.2421029046736178,7.911718534605997e+37,0.5119284506635214,0.9387177182630496,7.426870370344821e+37
faint_example,nii_ha,0.23988329190194904,7.876316229868887e+37,0.5142294561697832,0.9413638745952507,7.414479563686833e+37
faint_example,nii_ha,0.23768402866248767,7.841238495412529e+37,0.5165298586283634,0.944009337422618,7.4022023566271075e+37
faint_example,nii_ha,0.23550492838960096,7.8064823555587045e+37,0.5188295607461015,0.9466539948580168,7.390037707678269e+37
faint_example,nii_ha,0.23334580622810028,7.772044861910374e+37,0.5211284653484571,0.9492977351507258,7.377984584901353e+37
faint_example,nii_ha,0.23120647901755947,7.737923093101567e+37,0.5234264753959027,0.9519404467052881,7.36604196581827e+37
faint_example,nii_ha,0.2290867652767773,7.704114154549555e+37,0.5257234940002683,0.9545820181003085,7.354208837325066e+37
faint_example,nii_ha,0.2269864851883822,7.670615178209305e+37,0.5280194244410311,0.9572223381071858,7.342484195605979e+37
faint_example,nii_ha,0.2249054605835781,7.637423322330178e+37,0.530314170181546,0.959861295708778,7.330867046048284e+37
faint_example,nii_ha,0.22284351492703036,7.604535771214862e+37,0.5326076348852088,0.9624987801179901,7.319356403157924e+37
faint_example,nii_ha,0.22080047330188998,7.571949734980514e+37,0.5348997224315486,0.9651346807962808,7.307951290475902e+37
faint_example,nii_ha,0.21877616239495523,7.539662449322088e+37,0.5371903369322433,0.9677688874720797,7.296650740495452e+37
faint_example,nii_ha,0.21677041048196946,7.507671175277842e+37,0.5394793827470507,0.9704012901591084,7.285453794579967e+37
faint_example,nii_ha,0.21478304741305337,7.475973198996983e+37,0.5417667644996528,0.9730317791746008,7.274359502881666e+37
faint_example,nii_ha,0.21281390459827118,7.444565831509456e+37,0.5440523870934044,0.9756602451574151,7.2633669242610315e+37
faint_example,nii_ha,0.21086281499332893,7.413446408497827e+37,0.5463361557269834,0.9782865790860309,7.2524751262069615e+37
faint_example,nii_ha,0.20892961308540392,7.382612290071274e+37,0.5486179759099353,0.9809106722964256,7.241683184757668e+37
faint_example,nii_ha,0.2070141348791042,7.35206086054164e+37,0.550897753478108,0.9835324164998241,7.230990184422295e+37
faint_example,nii_ha,0.20511621788255652,7.321789528201537e+37,0.5531753946089707,0.9861517038003164,7.22039521810326e+37
faint_example,nii_ha,0.20323570109362216,7.291795725104496e+37,0.5554508058368122,0.988768426712334,7.209897387019296e+37
faint_example,nii_ha,0.2013724249862388,7.262076906847127e+37,0.5577238940678125,0.9913824781779844,7.199495800629217e+37
faint_example,nii_ha,0.19952623149688792,7.232630552353262e+37,0.5599945665949854,0.9939937515842332,7.189189576556363e+37
faint_example,nii_ha,0.19769696401118608,7.203454163660104e+37,0.5622627311129824,0.9966021407799298,7.178977840513759e+37
faint_example,nii_ha,0.195884467350599,7.174545265706316e+37,0.5645282957327581,0.9992075400926718,7.168859726229932e+37
faint_example,nii_ha,0.19408858775927784,7.145901406122056e+37,0.5667911689960887,1.0018098443455021,7.158834375375441e+37
faint_example,nii_ha,0.19230917289101584,7.117520155020948e+37,0.5690512598899404,1.0044089488734316,7.148900937490054e+37
faint_example,nii_ha,0.19054607179632474,7.089399104793949e+37,0.5713084778606823,1.0070047495397847,7.139058569910604e+37
faint_example,nii_ha,0.18879913490962935,7.061535869905103e+37,0.573562732828141,1.009597142752362,7.129306437699508e+37
faint_example,nii_ha,0.18706821403658005,7.033928086689184e+37,0.5758139351994894,1.0121860254794128,7.119643713573937e+37
faint_example,nii_ha,0.18535316234148114,7.006573413151177e+37,0.5780619958829688,1.0147712952654142,7.110069577835634e+37
faint_example,nii_ha,0.18365383433483465,6.979469528767608e+37,0.5803068263014367,1.0173528502466522,7.100583218301384e+37
faint_example,nii_ha,0.18197008586099836,6.952614134289687e+37,0.5825483384057393,1.0199305891666002,7.091183830234112e+37
faint_example,nii_ha,0.1803017740859569,6.926004951548265e+37,0.584786444687902,1.0225044113910873,7.081870616274615e+37
faint_example,nii_ha,0.17864875748520506,6.8996397232605745e+37,0.5870210581941355,1.0250742169232558,7.072642786373923e+37
faint_example,nii_ha,0.17701089583174212,6.873516212838742e+37,0.5892520925376533,1.0276399064183013,7.063499557726282e+37
faint_example,nii_ha,0.1753880501841761,6.84763220420005e+37,0.5914794619112971,1.0302013811979915,7.05444015470274e+37
faint_example,nii_ha,0.17378008287493754,6.821985501578954e+37,0.593703081099965,1.0327585432649595,7.0454638087853555e+37
faint_example,nii_ha,0.1721868574986007,6.796573929340807e+37,0.5959228654928415,1.0353112953167678,7.036569758502005e+37
faint_example,nii_ha,0.17060823890031235,6.771395331797301e+37,0.5981387310954238,1.0378595407597375,7.027757249361778e+37
faint_example,nii_ha,0.16904409316432642,6.746447573023597e+37,0.6003505945413427,1.040403183722544,7.019025533790981e+37
faint_example,nii_ha,0.16749428760264373,6.721728536677132e+37,0.602558373103972,1.0429421290695677,7.010373871069718e+37
faint_example,nii_ha,0.16595869074375605,6.697236125818088e+37,0.6047619847078284,1.0454762824140027,7.001801527269053e+37
faint_example,nii_ha,0.16443717232149316,6.67296826273151e+37,0.6069613479397539,1.048005550130717,6.993307775188751e+37
faint_example,nii_ha,0.16292960326397224,6.648922888751044e+37,0.6091563820598803,1.0505298393688625,6.984891894295587e+37
faint_example,nii_ha,0.16143585568264862,6.625097964084305e+37,0.6113470070123743,1.0530490580642307,6.976553170662229e+37
faint_example,nii_ha,0.15995580286146688,6.601491467639836e+37,0.6135331434359564,1.05556311495135,6.968290896906665e+37
faint_example,nii_ha,0.15848931924611134,6.5781013968556595e+37,0.6157147126741968,1.0580719195753263,6.960104372132203e+37
faint_example,nii_ha,0.15703628043335524,6.554925767529394e+37,0.6178916367855805,1.0605753823034176,6.951992901868009e+37
faint_example,nii_ha,0.15559656316050743,6.531962613649936e+37,0.6200638385533442,1.063073414336346,6.9439557980102e+37
faint_example,nii_ha,0.15417004529495593,6.509209987230681e+37,0.6222312414950791,1.065565927719341,6.93599237876346e+37
faint_example,nii_ha,0.15275660582380723,6.486665958144272e+37,0.6243937698720993,1.0680528353529142,6.928101968583217e+37
faint_example,nii_ha,0.1513561248436208,6.464328613958866e+37,0.6265513486985745,1.0705340510033607,6.920283898118325e+37
faint_example,nii_ha,0.1499684835502373,6.442196059775901e+37,0.6287039037504248,1.0730094893129887,6.912537504154287e+37
faint_example,nii_ha,0.14859356422870068,6.42026641806935e+37,0.6308513615739747,1.075479065810071,6.904862129556994e+37
faint_example,nii_ha,0.14723125024327186,6.398537828526446e+37,0.6329936494943667,1.0779426969185215,6.897257123216978e+37
faint_example,nii_ha,0.14588142602753484,6.377008447889874e+37,0.6351306956237326,1.0804002999672924,6.889721839994178e+37
faint_example,nii_ha,0.14454397707459277,6.355676449801403e+37,0.6372624288691211,1.0828517931994894,6.882255640663213e+37
faint_example,nii_ha,0.14321878992735435,6.334540024646954e+37,0.6393887789401802,1.0852970957812071,6.874857891859155e+37
faint_example,nii_ha,0.14190575216890922,6.313597379403091e+37,0.6415096763565936,1.0877361278100826,6.867527966023803e+37
faint_example,nii_ha,0.1406047524129914,6.292846737484915e+37,0.6436250524552718,1.0901688103235625,6.860265241352442e+37
faint_example,nii_ha,0.13931568029453031,6.272286338595354e+37,0.6457348393972944,1.0925950653068885,6.853069101741096e+37
faint_example,nii_ha,0.1380384264602885,6.251914438575841e+37,0.6478389701746047,1.0950148157007955,6.845938936734266e+37
faint_example,nii_ha,0.13677288255958492,6.2317293092583445e+37,0.6499373786164573,1.097427985408926,6.838874141473143e+37
faint_example,nii_ha,0.1355189412351036,6.211729238318779e+37,0.6520299993956146,1.0998344993049567,6.831874116644294e+37
faint_example,nii_ha,0.1342764961137864,6.191912529131734e+37,0.6541167680342962,1.1022342832394405,6.824938268428829e+37
faint_example,nii_ha,0.1330454417978091,6.172277500626562e+37,0.6561976209098774,1.1046272640463592,6.818066008452019e+37
faint_example,nii_ha,0.1318256738556407,6.152822487144756e+37,0.6582724952603408,1.107013369549392,6.811256753733387e+37
faint_example,nii_ha,0.13061708881318415,6.133545838298664e+37,0.6603413291894753,1.1093925285678967,6.804509926637255e+37
faint_example,nii_ha,0.1294195841449986,6.114445918831475e+37,0.6624040616718302,1.1117646709226048,6.797824954823739e+37
faint_example,nii_ha,0.12823305826560213,6.095521108478505e+37,0.6644606325574169,1.1141297274410293,6.791201271200199e+37
faint_example,nii_ha,0.12705741052085415,6.076769801829745e+37,0.6665109825761657,1.1164876299625905,6.784638313873133e+37
faint_example,nii_ha,0.12589254117941673,6.058190408193674e+37,0.668555053342132,1.1188383113434517,6.778135526100507e+37
faint_example,nii_ha,0.12473835142429429,6.0397813514623175e+37,0.6705927873574588,1.1211817054610775,6.771692356244533e+37
faint_example,nii_ha,0.12359474334445104,6.021541069977546e+37,0.6726241280160891,1.1235177472185025,6.765308257724863e+37
faint_example,nii_ha,0.12246161992650487,6.003468016398597e+37,0.6746490196072366,1.125846372548322,6.758982688972231e+37
faint_example,nii_ha,0.12133888504649772,5.985560657570818e+37,0.6766674073186092,1.1281675184164006,6.752715113382508e+37
faint_example,nii_ha,0.12022644346174129,5.967817474395595e+37,0.6786792372393915,1.1304811228253002,6.74650499927118e+37
faint_example,nii_ha,0.11912420080273747,5.950236961701501e+37,0.6806844563629831,1.1327871248174306,6.740351819828247e+37
faint_example,nii_ha,0.11803206356517296,5.932817628116601e+37,0.6826830125894969,1.1350854644779214,6.734255053073532e+37
faint_example,nii_ha,0.11694993910198709,5.915557995941937e+37,0.6846748547280186,1.1373760829372215,6.7282141818124e+37
faint_example,nii_ha,0.1158777356155126,5.898456601026181e+37,0.6866599324986263,1.1396589223734204,6.722228693591886e+37
faint_example,nii_ha,0.11481536214968827,5.881511992641424e+37,0.6886381965341754,1.1419339260143018,6.716298080657221e+37
faint_example,nii_ha,0.11376272858234307,5.864722733360108e+37,0.6906095983818473,1.1442010381391245,6.71042183990876e+37
faint_example,nii_ha,0.11271974561755102,5.848087398933094e+37,0.6925740905044658,1.1464602040801357,6.704599472859305e+37
faint_example,nii_ha,0.1116863247780561,5.831604578168833e+37,0.6945316262815813,1.1487113702238185,6.698830485591813e+37
faint_example,nii_ha,0.11066237839776662,5.815272872813662e+37,0.6964821600103263,1.1509544840118753,6.693114388717504e+37
faint_example,nii_ha,0.1096478196143185,5.799090897433183e+37,0.6984256469060427,1.1531894939419491,6.687450697334336e+37
faint_example,nii_ha,0.10864256236170655,5.783057279294734e+37,0.7003620431026849,1.1554163495680878,6.681838930985879e+37
faint_example,nii_ha,0.1076465213629835,5.767170658250949e+37,0.7022913056529972,1.157635001500947,6.676278613620554e+37
faint_example,nii_ha,0.10665961212302578,5.75142968662436e+37,0.7042133925284733,1.1598454014077444,6.670769273551248e+37
faint_example,nii_ha,0.10568175092136585,5.735833029093085e+37,0.7061282626190939,1.162047502011958,6.665310443415302e+37
faint_example,nii_ha,0.10471285480508996,5.720379362577546e+37,0.70803587573285,1.1642412570927776,6.659901660134863e+37
faint_example,nii_ha,0.10375284158180126,5.705067376128228e+37,0.7099361925950515,1.166426621484309,6.6545424648776015e+37
faint_example,nii_ha,0.10280162981264736,5.689895770814481e+37,0.7118291748474231,1.1686035510745367,6.64923240301779e+37
faint_example,nii_ha,0.1018591388054117,5.674863259614314e+37,0.7137147850469941,1.1707720028040431,6.6439710240977315e+37
faint_example,nii_ha,0.10092528860766845,5.659968567305231e+37,0.715592986664778,1.1729319346644946,6.638757881789553e+37
faint_example,nii_ha,0.1,5.645210430356044e+37,0.7174637440842513,1.175083305696889,6.633592533857337e+37
faint_example,nii_ha,0.09908319448927676,5.630587596819686e+37,0.7193270225996308,1.1772260759895754,6.628474542119612e+37
faint_example,nii_ha,0.09817479430199844,5.616098826227013e+37,0.7211827884139511,1.1793602066760438,6.6234034724121765e+37
faint_example,nii_ha,0.09727472237769651,5.60174288948157e+37,0.7230310086369487,1.181485659932491,6.618378894551271e+37
faint_example,nii_ha,0.09638290236239705,5.587518568755325e+37,0.7248716512827525,1.1836023989751654,6.613400382297085e+37
faint_example,nii_ha,0.09549925860214359,5.573424657385361e+37,0.7267046852673855,1.1857103880574933,6.608467513317598e+37
faint_example,nii_ha,0.0946237161365793,5.559459959771514e+37,0.7285300804060785,1.1878095924669902,6.603579869152752e+37
faint_example,nii_ha,0.09375620069258803,5.545623291274946e+37,0.7303478074104022,1.1898999785219624,6.598737035178953e+37
faint_example,nii_ha,0.09289663867799362,5.531913478117655e+37,0.7321578378852173,1.1919815135679999,6.593938600573901e+37
faint_example,nii_ha,0.09204495717531712,5.5183293572829e+37,0.7339601443254481,1.1940541659742652,6.589184158281737e+37
faint_example,nii_ha,0.09120108393559097,5.504869776416542e+37,0.7357547001126811,1.1961179051295832,6.584473304978511e+37
faint_example,nii_ha,0.09036494737223014,5.491533593729286e+37,0.7375414795115933,1.1981727014383323,6.579805641037972e+37
faint_example,nii_ha,0.08953647655495937,5.478319677899827e+37,0.7393204576662119,1.2002185263161438,6.575180770497662e+37
faint_example,nii_ha,0.08871560120379608,5.465226907978875e+37,0.7410916105960097,1.2022553521854111,6.570598301025328e+37
faint_example,nii_ha,0.08790225168308842,5.452254173294065e+37,0.7428549151918393,1.2042831524706152,6.566057843885645e+37
faint_example,nii_ha,0.08709635899560805,5.439400373355737e+37,0.7446103492117089,1.2063019015934653,6.56155901390723e+37
faint_example,nii_ha,0.08629785477669702,5.42666441776358e+37,0.746357891276403,1.2083115749678635,6.557101429449975e+37
faint_example,nii_ha,0.08550667128846832,5.414045226114137e+37,0.7480975208649521,1.210312148994695,6.55268471237267e+37
faint_example,nii_ha,0.08472274141405964,5.401541727909143e+37,0.7498292183099547,1.2123036010564479,6.548308488000922e+37
faint_example,nii_ha,0.08394599865193973,5.389152862464726e+37,0.7515529647927528,1.2142859095116656,6.543972385095376e+37
faint_example,nii_ha,0.08317637711026708,5.37687757882142e+37,0.7532687423384674,1.2162590536892375,6.539676035820219e+37
faint_example,nii_ha,0.08241381150130021,5.364714835655012e+37,0.7549765338108966,1.218223013882531,6.535419075711976e+37
faint_example,nii_ha,0.08165823713585922,5.352663601188209e+37,0.7566763229072765,1.220177771343368,6.531201143648595e+37
faint_example,nii_ha,0.08090958991783821,5.340722853103107e+37,0.7583680941529136,1.2221233082758507,6.52702188181881e+37
faint_example,nii_ha,0.0801678063387679,5.328891578454472e+37,0.7600518328956875,1.2240596078300408,6.522880935691788e+37
faint_example,nii_ha,0.07943282347242814,5.317168773583805e+37,0.7617275253004301,1.2259866540954947,6.518777953987054e+37
faint_example,nii_ha,0.07870457896950984,5.305553444034203e+37,0.7633951583431838,1.2279044320946615,6.514712588644693e+37
faint_example,nii_ha,0.07798301105232586,5.294044604466e+37,0.7650547198053413,1.2298129277761427,6.510684494795822e+37
faint_example,nii_ha,0.07726805850957022,5.2826412785731785e+37,0.7667061982676718,1.2317121280078225,6.506693330733334e+37
faint_example,nii_ha,0.07655966069112562,5.271342499000548e+37,0.7683495831042363,1.233602020569872,6.502738757882914e+37
faint_example,nii_ha,0.07585775750291836,5.260147307261685e+37,0.7699848644761957,1.235482594147625,6.498820440774311e+37
faint_example,nii_ha,0.07516228940182053,5.249054753657618e+37,0.7716120333255149,1.2373538383243423,6.494938047012889e+37
faint_example,nii_ha,0.07447319739059889,5.238063897196275e+37,0.7732310813685648,1.2392157435738498,6.491091247251419e+37
faint_example,nii_ha,0.07379042301291007,5.227173805512644e+37,0.7748420010896302,1.2410683012530748,6.487279715162148e+37
faint_example,nii_ha,0.07311390834834172,5.216383554789693e+37,0.7764447857343202,1.2429115035944682,6.483503127409115e+37
faint_example,nii_ha,0.07244359600749899,5.205692229679989e+37,0.7780394293028914,1.2447453436983251,6.479761163620718e+37
faint_example,nii_ha,0.07177942912713615,5.195098923228061e+37,0.7796259265434805,1.2465698155250027,6.476053506362544e+37
faint_example,nii_ha,0.07112135136533289,5.1846027367934515e+37,0.7812042729452564,1.2483849138870449,6.47237984111043e+37
faint_example,nii_ha,0.07046930689671467,5.174202779974491e+37,0.782774464731489,1.2501906344412124,6.468739856223794e+37
faint_example,nii_ha,0.06982324040771715,5.163898170532759e+37,0.7843364988525426,1.251986973680424,6.465133242919188e+37
faint_example,nii_ha,0.06918309709189366,5.153688034318249e+37,0.7858903729787937,1.2537739289256127,6.461559695244109e+37
faint_example,nii_ha,0.06854882264526617,5.143571505195204e+37,0.7874360854934793,1.2555514983175011,6.458018910051043e+37
faint_example,nii_ha,0.06792036326171846,5.133547724968653e+37,0.7889736354854764,1.257319680808298,6.454510586971751e+37
faint_example,nii_ha,0.06729766562843179,5.123615843311603e+37,0.7905030227420178,1.2590784761533205,6.451034428391783e+37
faint_example,nii_ha,0.06668067692136222,5.113775017692902e+37,0.7920242477413472,1.2608278849025494,6.447590139425238e+37
faint_example,nii_ha,0.06606934480075961,5.104024413305775e+37,0.7935373116453137,1.2625679083921109,6.444177427889743e+37
faint_example,nii_ha,0.0654636174067275,5.094363202996997e+37,0.7950422162919156,1.264298548735703,6.440796004281671e+37
faint_example,nii_ha,0.06486344335482384,5.084790567196733e+37,0.7965389641877868,1.2660198088159549,6.437445581751579e+37
faint_example,nii_ha,0.06426877173170198,5.075305693849008e+37,0.7980275585006389,1.2677316922757347,6.434125876079875e+37
faint_example,nii_ha,0.06367955209079158,5.065907778342819e+37,0.7995080030516551,1.2694342035094035,6.430836605652708e+37
faint_example,nii_ha,0.06309573444801933,5.056596023443885e+37,0.800980302307842,1.2711273476540184,6.427577491438082e+37
faint_example,nii_ha,0.06251726927756858,5.047369639227008e+37,0.8024444613743402,1.2728111305804914,6.424348256962175e+37
faint_example,nii_ha,0.06194410750767815,5.038227843009073e+37,0.8039004859866996,1.2744855588847044,6.421148628285897e+37
faint_example,nii_ha,0.06137620051647943,5.029169859282642e+37,0.805348382503119,1.276150639878587,6.417978333981647e+37
faint_example,nii_ha,0.060813500127871796,5.020194919650176e+37,0.8067881578966556,1.277806381581154,6.414837105110284e+37
faint_example,nii_ha,0.06025595860743578,5.011302262758845e+37,0.8082198197474046,1.2794527927095154,6.411724675198318e+37
faint_example,nii_ha,0.059703528658383694,5.002491134235943e+37,0.8096433762346544,1.2810898826698525,6.408640780215301e+37
faint_example,nii_ha,0.0591561634175474,4.993760786624895e+37,0.8110588361290175,1.2827176615483702,6.405585158551436e+37
faint_example,nii_ha,0.05861381645140288,4.985110479321851e+37,0.8124662087845418,1.2843361401022233,6.4025575509953705e+37
faint_example,nii_ha,0.05807644175213121,4.976539478512857e+37,0.8138655041308039,1.2859453297504246,6.399557700712222e+37
faint_example,nii_ha,0.057543993733715694,4.968047057111603e+37,0.815256732664988,1.2875452425647362,6.396585353221783e+37
faint_example,nii_ha,0.05701642722807475,4.959632494697749e+37,0.8166399054439505,1.2891358912605433,6.393640256376934e+37
faint_example,nii_ha,0.05649369748123025,4.951295077455809e+37,0.8180150340762766,1.290717289187718,6.390722160342255e+37
faint_example,nii_ha,0.055975760149511014,4.943034098114595e+37,0.8193821307143282,1.2922894503214775,6.387830817572831e+37
faint_example,nii_ha,0.055462571295791074,4.934848855887221e+37,0.8207412080462869,1.2938523892532299,6.384965982793249e+37
faint_example,nii_ha,0.054954087385762455,4.926738656411654e+37,0.8220922792881947,1.295406121181424,6.382127412976801e+37
faint_example,nii_ha,0.05445026528424212,4.918702811691809e+37,0.8234353581759941,1.2969506619023934,6.379314867324855e+37
faint_example,nii_ha,0.05395106225151276,4.91074064003919e+37,0.8247704589575702,1.2984860278012058,6.376528107246438e+37
faint_example,nii_ha,0.053456435939697164,4.902851466015054e+37,0.8260975963847971,1.3000122358425166,6.373766896337991e+37
faint_example,nii_ha,0.05296634438916578,4.895034620373122e+37,0.8274167857055906,1.3015293035614293,6.371031000363315e+37
faint_example,nii_ha,0.05248074602497726,4.887289440002801e+37,0.8287280426559704,1.303037249054366,6.3683201872337025e+37
faint_example,nii_ha,0.051999599653351596,4.879615267872929e+37,0.8300313834521322,1.3045360909699522,6.365634226988247e+37
faint_example,nii_ha,0.051522864458175645,4.872011452976047e+37,0.8313268247825335,1.3060258484999134,6.362972891774338e+37
faint_example,nii_ha,0.05105049999754062,4.8644773502731645e+37,0.8326143837999932,1.3075065413699922,6.360335955828329e+37
faint_example,nii_ha,0.0505824662003114,4.857012320639046e+37,0.8338940781138101,1.3089781898308817,6.357723195456388e+37
faint_example,nii_ha,0.05011872336272722,4.849615730807989e+37,0.8351659257818989,1.310440814649184,6.355134389015519e+37
faint_example,nii_ha,0.0496592321450336,4.842286953320111e+37,0.8364299453029471,1.3118944370983892,6.3525693168947605e+37
faint_example,nii_ha,0.04920395356814509,4.835025366468109e+37,0.8376861556085964,1.3133390789498858,6.35002776149656e+37
faint_example,nii_ha,0.04875284901033863,4.827830354244532e+37,0.8389345760556458,1.3147747624639927,6.347509507218308e+37
faint_example,nii_ha,0.04830588020397726,4.820701306289518e+37,0.8401752264182842,1.316201510381027,6.345014340434053e+37
faint_example,nii_ha,0.047863009232263824,4.813637617839018e+37,0.8414081268803493,1.3176193459124017,6.342542049476378e+37
faint_example,nii_ha,0.04742419852602446,4.806638689673492e+37,0.8426332980276162,1.3190282927317587,6.340092424618444e+37
faint_example,nii_ha,0.04698941086052153,4.79970392806708e+37,0.8438507608401193,1.3204283749661372,6.3376652580562e+37
faint_example,nii_ha,0.04655860935229589,4.792832744737231e+37,0.8450605366845052,1.321819617187181,6.335260343890753e+37
faint_example,nii_ha,0.04613175745603793,4.786024556794801e+37,0.8462626473064223,1.3232020444023855,6.332877478110902e+37
faint_example,nii_ha,0.04570881896148749,4.779278786694609e+37,0.8474571148229442,1.3245756820463859,6.330516458575835e+37
faint_example,nii_ha,0.04528975799036206,4.772594862186435e+37,0.8486439617150344,1.3259405559722897,6.328177084997975e+37
faint_example,nii_ha,0.04487453899331321,4.765972216266485e+37,0.849823210820046,1.3272966924430527,6.325859158925991e+37
faint_example,nii_ha,0.04446312674691086,4.759410287129284e+37,0.8509948853242655,1.3286441181229052,6.323562483727971e+37
faint_example,nii_ha,0.04405548635065532,4.752908518120025e+37,0.8521590087554962,1.3299828600688208,6.321286864574731e+37
faint_example,nii_ha,0.043651583224016584,4.746466357687335e+37,0.8533156049756873,1.3313129457220405,6.319032108423289e+37
faint_example,nii_ha,0.04325138310350086,4.740083259336503e+37,0.8544646981736033,1.3326344028996437,6.316798024000498e+37
faint_example,nii_ha,0.04285485203974394,4.733758681583105e+37,0.8556063128575451,1.333947259786177,6.314584421786809e+37
faint_example,nii_ha,0.042461956394631274,4.727492087907081e+37,0.8567404738481124,1.3352515449253293,6.3123911140002e+37
faint_example,nii_ha,0.042072662838444394,4.721282946707213e+37,0.8578672062710176,1.3365472872116704,6.310217914580247e+37
faint_example,nii_ha,0.04168693834703353,4.715130731256034e+37,0.8589865355499482,1.3378345158824405,6.308064639172334e+37
faint_example,nii_ha,0.041304750199016124,4.7090349196551435e+37,0.8600984873994787,1.3391132605094005,6.305931105112022e+37
faint_example,nii_ha,0.04092606597300107,4.702994994790932e+37,0.861203087818035,1.3403835509907405,6.303817131409549e+37
faint_example,nii_ha,0.040550853544838374,4.697010444290721e+37,0.86230036308091,1.3416454175430463,6.301722538734474e+37
faint_example,nii_ha,0.04017908108489398,4.691080760479287e+37,0.8633903397333331,1.342898890693333,6.299647149400472e+37
faint_example,nii_ha,0.03981071705534971,4.685205440335804e+37,0.8644730445835948,1.344144001271134,6.297590787350254e+37
faint_example,nii_ha,0.03944573020752783,4.67938398545117e+37,0.8655485046962235,1.345380780400657,6.295553278140632e+37
faint_example,nii_ha,0.039084089579240214,4.673615901985723e+37,0.8666167473852213,1.3466092594930046,6.293534448927725e+37
faint_example,nii_ha,0.038725764492161724,4.66790070062735e+37,0.867677800207356,1.3478294702384592,6.291534128452294e+37
faint_example,nii_ha,0.03837072454922788,4.662237896549979e+37,0.8687316909555082,1.3490414445988343,6.289552147025215e+37
faint_example,nii_ha,0.038018939632056124,4.656627009372451e+37,0.8697784476520792,1.3502452147998911,6.28758833651308e+37
faint_example,nii_ha,0.03767037989839089,4.651067563117767e+37,0.8708180985424574,1.351440813323826,6.28564253032394e+37
faint_example,nii_ha,0.03732501577957206,4.645559086172711e+37,0.8718506720885427,1.3526282729018242,6.283714563393171e+37
faint_example,nii_ha,0.036982817978026626,4.640101111247846e+37,0.872876196962333,1.353807626506683,6.281804272169468e+37
faint_example,nii_ha,0.03664375746478333,4.634693175337864e+37,0.8738947020395708,1.3549789073455065,6.279911494600974e+37
faint_example,nii_ha,0.03630780547701014,4.629334819682322e+37,0.8749062163934501,1.3561421488524676,6.278036070121535e+37
faint_example,nii_ha,0.03597493351557424,4.6240255897267145e+37,0.8759107692883872,1.3572973846816454,6.276177839637072e+37
faint_example,nii_ha,0.03564511334262443,4.618765035083916e+37,0.8769083901738525,1.3584446486999304,6.274336645512093e+37
faint_example,nii_ha,0.0353183169791957,4.613552709495979e+37,0.8778991086782651,1.359583974980005,6.272512331556314e+37
faint_example,nii_ha,0.03499451670283573,4.608388170796267e+37,0.8788829546029516,1.3607153977933943,6.270704743011415e+37
faint_example,nii_ha,0.034673685045253165,4.603270980871959e+37,0.879859957916167,1.361838951603592,6.268913726537908e+37
faint_example,nii_ha,0.034355794789987466,4.59820070562687e+37,0.8808301487471824,1.36295467105926,6.267139130202127e+37
faint_example,nii_ha,0.03404081897010009,4.593176914944638e+37,0.881793557380433,1.364062590987498,6.265380803463345e+37
faint_example,nii_ha,0.03372873086588689,4.588199182652227e+37,0.8827502142497354,1.3651627463871958,6.263638597161002e+37
faint_example,nii_ha,0.03341950400261143,4.583267086483783e+37,0.8837001499325662,1.366255172422451,6.261912363502045e+37
faint_example,nii_ha,0.03311311214825911,4.578380208044804e+37,0.8846433951444076,1.3673399044160688,6.260201956048404e+37
faint_example,nii_ha,0.032809529311311904,4.573538132776656e+37,0.885579980733158,1.3684169778431317,6.258507229704552e+37
faint_example,nii_ha,0.032508729738543435,4.568740449921401e+37,0.8865099376736084,1.3694864283246497,6.2568280407052125e+37
faint_example,nii_ha,0.032210687912834345,4.563986752486949e+37,0.887433297061985,1.370548291621283,6.255164246603155e+37
faint_example,nii_ha,0.031915378551007616,4.5592766372125395e+37,0.8883500901105565,1.37160260362714,6.253515706257111e+37
faint_example,nii_ha,0.03162277660168379,4.554609704534527e+37,0.8892603481423095,1.3726494003636558,6.251882279819806e+37
faint_example,nii_ha,0.031332857243155855,4.549985558552489e+37,0.8901641025856876,1.3736887179735409,6.250263828726093e+37
faint_example,nii_ha,0.031045595881283555,4.545403806995638e+37,0.8910613849693996,1.3747205927148094,6.248660215681195e+37
faint_example,nii_ha,0.03076096814740708,4.540864061189547e+37,0.8919522269172919,1.3757450609548858,6.247071304649063e+37
faint_example,nii_ha,0.03047894989627983,4.536365936023179e+37,0.8928366601432877,1.376762159164781,6.245496960840835e+37
faint_example,nii_ha,0.03019951720402016,4.531909049916216e+37,0.8937147164463932,1.3777719239133521,6.243937050703397e+37
faint_example,nii_ha,0.02992264636608189,4.527493024786689e+37,0.8945864277057699,1.3787743918616353,6.242391441908063e+37
faint_example,nii_ha,0.029648313895243424,4.523117486018904e+37,0.8954518258758727,1.3797695997572537,6.240860003339338e+37
faint_example,nii_ha,0.029376496519615308,4.518782062431665e+37,0.8963109429816551,1.3807575844289035,6.239342605083805e+37
faint_example,nii_ha,0.029107171180666053,4.514486386246788e+37,0.8971638111138397,1.3817383827809158,6.237839118419098e+37
faint_example,nii_ha,0.028840315031266057,4.510230093057896e+37,0.8980104624242555,1.382712031787894,6.236349415802986e+37
faint_example,nii_ha,0.028575905433749466,4.506012821799513e+37,0.8988509291212404,1.3836785684894266,6.234873370862552e+37
faint_example,nii_ha,0.02831391995799379,4.501834214716429e+37,0.8996852434651104,1.384638029984877,6.233410858383472e+37
faint_example,nii_ha,0.028054336379517132,4.497693917333354e+37,0.9005134377636941,1.3855904534282484,6.231961754299396e+37
faint_example,nii_ha,0.027797132677592883,4.493591578424847e+37,0.9013355443679321,1.3865358760231221,6.230525935681419e+37
faint_example,nii_ha,0.02754228703338166,4.489526849985522e+37,0.9021515956675425,1.387474335017674,6.229103280727655e+37
faint_example,nii_ha,0.027289777828080404,4.4854993872005255e+37,0.9029616240867514,1.3884058676997642,6.227693668752906e+37
faint_example,nii_ha,0.027039583641088435,4.481508848416283e+37,0.903765662080088,1.3893305113921013,6.2262969801784215e+37
faint_example,nii_ha,0.026791683248190316,4.477554895111523e+37,0.9045637421282436,1.3902483034474802,6.224913096521755e+37
faint_example,nii_ha,0.02654605561975539,4.473637191868552e+37,0.9053558967339974,1.3911592812440972,6.223541900386715e+37
faint_example,nii_ha,0.026302679918953815,4.469755406344805e+37,0.9061421584182031,1.3920634821809337,6.222183275453404e+37
faint_example,nii_ha,0.02606153549998895,4.4659092092446555e+37,0.9069225597158419,1.3929609436732184,6.220837106468352e+37
faint_example,nii_ha,0.025822601906345957,4.462098274291474e+37,0.907697133172138,1.3938517031479587,6.219503279234738e+37
faint_example,nii_ha,0.02558585886905645,4.458322278199952e+37,0.9084659113387372,1.3947357980395478,6.218181680602705e+37
faint_example,nii_ha,0.02535128630497907,4.454580900648683e+37,0.9092289267699489,1.3956132657854412,6.216872198459761e+37
faint_example,nii_ha,0.025118864315095794,4.45087382425298e+37,0.9099862120190505,1.396484143821908,6.215574721721265e+37
faint_example,nii_ha,0.024888573182823902,4.44720073453796e+37,0.9107377996346531,1.397348469579851,6.214289140321008e+37
faint_example,nii_ha,0.024660393372343388,4.443561319911861e+37,0.9114837221571304,1.3982062804806998,6.213015345201873e+37
faint_example,nii_ha,0.024434305526939714,4.439955271639612e+37,0.9122240121151088,1.3990576139323752,6.211753228306586e+37
faint_example,nii_ha,0.024210290467361777,4.436382283816643e+37,0.9129587020220171,1.3999025073253195,6.2105026825685465e+37
faint_example,nii_ha,0.023988329190194897,4.432842053342932e+37,0.9136878243726998,1.4007409980286047,6.209263601902748e+37
faint_example,nii_ha,0.02376840286624876,4.429334279897296e+37,0.9144114116400871,1.4015731233861002,6.208035881196775e+37
faint_example,nii_ha,0.023550492838960088,4.425858665911913e+37,0.9151294962719276,1.4023989207127168,6.206819416301891e+37
faint_example,nii_ha,0.02333458062281002,4.422414916547081e+37,0.9158421106875796,1.4032184272907167,6.2056141040242e+37
faint_example,nii_ha,0.023120647901755942,4.4190027396662e+37,0.9165492872748613,1.4040316803660906,6.204419842115892e+37
faint_example,nii_ha,0.022908676527677724,4.415621845810999e+37,0.9172510583869586,1.4048387171450025,6.203236529266571e+37
faint_example,nii_ha,0.022698648518838214,4.412271948176973e+37,0.9179474563393939,1.405639574790303,6.202064065094663e+37
faint_example,nii_ha,0.022490546058357805,4.408952762589061e+37,0.9186385134070486,1.4064342904181057,6.200902350138893e+37
faint_example,nii_ha,0.02228435149270303,4.405664007477529e+37,0.9193242618212467,1.407222901094434,6.199751285849858e+37
faint_example,nii_ha,0.022080047330188993,4.4024054038540945e+37,0.9200047337668924,1.4080054438319263,6.198610774581655e+37
faint_example,nii_ha,0.02187761623949552,4.399176675288252e+37,0.9206799613796658,1.4087819555866157,6.19748071958361e+37
faint_example,nii_ha,0.02167704104819694,4.395977547883827e+37,0.921349976743273,1.409552473254764,6.1963610249920615e+37
faint_example,nii_ha,0.021478304741305344,4.392807750255742e+37,0.922014811886752,1.4103170336697648,6.195251595822231e+37
faint_example,nii_ha,0.02128139045982712,4.389667013506989e+37,0.9226744987818348,1.4110756735991101,6.194152337960168e+37
faint_example,nii_ha,0.021086281499332896,4.386555071205826e+37,0.9233290693403606,1.411828429741415,6.193063158154762e+37
faint_example,nii_ha,0.020892961308540396,4.3834716593631705e+37,0.9239785554117467,1.412575338723509,6.191983964009832e+37
faint_example,nii_ha,0.020701413487910426,4.380416516410207e+37,0.9246229887805099,1.4133164370975864,6.190914663976295e+37
faint_example,nii_ha,0.020511621788255656,4.377389383176197e+37,0.9252624011638415,1.4140517613384178,6.189855167344391e+37
faint_example,nii_ha,0.02032357010936222,4.374390002866493e+37,0.9258968242092356,1.4147813478406208,6.188805384235994e+37
faint_example,nii_ha,0.020137242498623885,4.371418121040756e+37,0.9265262894921675,1.415505232915993,6.187765225596987e+37
faint_example,nii_ha,0.0199526231496888,4.368473485591369e+37,0.9271508285138249,1.4162234527908986,6.186734603189701e+37
faint_example,nii_ha,0.01976969640111861,4.365555846722054e+37,0.9277704726988881,1.4169360436037213,6.18571342958544e+37
faint_example,nii_ha,0.0195884467350599,4.362664956926675e+37,0.9283852533933626,1.417643041402367,6.184701618157058e+37
faint_example,nii_ha,0.01940885877592778,4.359800570968248e+37,0.9289952018624597,1.4183444821418285,6.183699083071609e+37
faint_example,nii_ha,0.019230917289101587,4.3569624458581375e+37,0.9296003492885259,1.4190404016818048,6.18270573928307e+37
faint_example,nii_ha,0.019054607179632473,4.354150340835438e+37,0.9302007267690232,1.4197308357843765,6.181721502525125e+37
faint_example,nii_ha,0.018879913490962935,4.351364017346554e+37,0.9307963653145555,1.4204158201117387,6.180746289304016e+37
faint_example,nii_ha,0.018706821403658005,4.348603239024961e+37,0.9313872958469427,1.4210953902239842,6.179780016891459e+37
faint_example,nii_ha,0.018535316234148114,4.345867771671161e+37,0.9319735491973417,1.4217695815769429,6.178822603317628e+37
faint_example,nii_ha,0.018365383433483463,4.343157383232804e+37,0.932555156104416,1.4224384295200785,6.177873967364203e+37
faint_example,nii_ha,0.018197008586099836,4.340471843785012e+37,0.9331321472125479,1.42310196929443,6.176934028557476e+37
faint_example,nii_ha,0.01803017740859569,4.337810925510869e+37,0.933704553070098,1.423760236030613,6.176002707161527e+37
faint_example,nii_ha,0.01786487574852051,4.335174402682101e+37,0.9342724041277098,1.4244132647468664,6.175079924171458e+37
faint_example,nii_ha,0.01770108958317421,4.332562051639918e+37,0.9348357307366575,1.4250610903471563,6.174165601306693e+37
faint_example,nii_ha,0.017538805018417612,4.329973650776048e+37,0.9353945631472385,1.4257037476193244,6.173259661004339e+37
faint_example,nii_ha,0.017378008287493755,4.327408980513939e+37,0.9359489315072074,1.4263412712332884,6.1723620264126e+37
faint_example,nii_ha,0.01721868574986007,4.324867823290124e+37,0.936498865860256,1.4269736957392942,6.171472621384265e+37
faint_example,nii_ha,0.017060823890031235,4.322349963535774e+37,0.9370443961445309,1.4276010555662106,6.170591370470242e+37
faint_example,nii_ha,0.01690440931643264,4.319855187658402e+37,0.937585552191198,1.428223385019878,6.169718198913163e+37
faint_example,nii_ha,0.016749428760264373,4.317383284023756e+37,0.9381223637230418,1.4288407182814982,6.168853032641036e+37
faint_example,nii_ha,0.016595869074375606,4.314934042937852e+37,0.9386548603531112,1.4294530894060777,6.16799579826097e+37
faint_example,nii_ha,0.016443717232149314,4.312507256629195e+37,0.9391830715834013,1.4300605323209117,6.16714642305294e+37
faint_example,nii_ha,0.016292960326397224,4.310102719231147e+37,0.9397070268035772,1.4306630808241139,6.166304834963623e+37
faint_example,nii_ha,0.01614358556826486,4.307720226764474e+37,0.9402267552897331,1.431260768583193,6.165470962600287e+37
faint_example,nii_ha,0.01599558028614669,4.305359577120027e+37,0.9407422862031949,1.431853629133674,6.164644735224732e+37
faint_example,nii_ha,0.015848931924611134,4.3030205700416095e+37,0.9412536485893558,1.432441695877759,6.163826082747285e+37
faint_example,nii_ha,0.015703628043335523,4.300703007108982e+37,0.9417608713765524,1.4330250020830353,6.163014935720866e+37
faint_example,nii_ha,0.015559656316050743,4.298406691721037e+37,0.9422639833749755,1.4336035808812218,6.162211225335085e+37
faint_example,nii_ha,0.015417004529495591,4.296131429079111e+37,0.9427630132756191,1.434177465266962,6.161414883410411e+37
faint_example,nii_ha,0.015275660582380723,4.29387702617047e+37,0.9432579896492632,1.4347466880966528,6.160625842392387e+37
faint_example,nii_ha,0.01513561248436208,4.2916432917519295e+37,0.9437489409454934,1.4353112820873175,6.159844035345898e+37
faint_example,nii_ha,0.014996848355023733,4.289430036333633e+37,0.944235895491754,1.4358712798155173,6.159069395949494e+37
faint_example,nii_ha,0.014859356422870068,4.287237072162978e+37,0.944718881492436,1.4364267137163014,6.158301858489764e+37
faint_example,nii_ha,0.014723125024327186,4.285064213208687e+37,0.945197927027999,1.4369776160821988,6.157541357855762e+37
faint_example,nii_ha,0.014588142602753481,4.28291127514503e+37,0.9456730600541248,1.4375240190622436,6.156787829533483e+37
faint_example,nii_ha,0.014454397707459272,4.280778075336183e+37,0.946144308400906,1.4380659546610421,6.156041209600386e+37
faint_example,nii_ha,0.014321878992735432,4.278664432820738e+37,0.9466116997720644,1.438603454737874,6.155301434719981e+37
faint_example,nii_ha,0.014190575216890919,4.276570168296352e+37,0.9470752617442022,1.4391365510058325,6.154568442136445e+37
faint_example,nii_ha,0.014060475241299136,4.274495104104535e+37,0.9475350217660851,1.4396652750309977,6.153842169669309e+37
faint_example,nii_ha,0.013931568029453029,4.2724390642155785e+37,0.9479910071579545,1.4401896582316478,6.153122555708175e+37
faint_example,nii_ha,0.013803842646028845,4.270401874213627e+37,0.9484432451108701,1.4407097318775006,6.152409539207492e+37
faint_example,nii_ha,0.013677288255958488,4.268383361281877e+37,0.9488917626860844,1.4412255270889973,6.15170305968138e+37
faint_example,nii_ha,0.013551894123510357,4.266383354187921e+37,0.9493365868144427,1.441737074836609,6.151003057198494e+37
faint_example,nii_ha,0.013427649611378635,4.264401683269217e+37,0.9497777442958153,1.4422444059401878,6.150309472376948e+37
faint_example,nii_ha,0.013304544179780907,4.262438180418699e+37,0.9502152617985559,1.4427475510683394,6.149622246379267e+37
faint_example,nii_ha,0.013182567385564068,4.260492679070518e+37,0.9506491658589883,1.4432465407378365,6.148941320907404e+37
faint_example,nii_ha,0.01306170888131841,4.25856501418591e+37,0.9510794828809205,1.4437414053130584,6.14826663819779e+37
faint_example,nii_ha,0.012941958414499856,4.25665502223919e+37,0.9515062391351863,1.4442321750054643,6.147598141016439e+37
faint_example,nii_ha,0.012823305826560211,4.2547625412038935e+37,0.9519294607592115,1.4447188798730932,6.146935772654085e+37
faint_example,nii_ha,0.012705741052085412,4.2528874105390175e+37,0.9523491737566082,1.4452015498200996,6.146279476921378e+37
faint_example,nii_ha,0.012589254117941668,4.2510294711754103e+37,0.9527654039967933,1.4456802145963124,6.145629198144116e+37
faint_example,nii_ha,0.012473835142429427,4.2491885655022747e+37,0.9531781772146318,1.4461549037968267,6.144984881158518e+37
faint_example,nii_ha,0.0123594743344451,4.2473645373537974e+37,0.9535875190101061,1.4466256468616219,6.144346471306551e+37
faint_example,nii_ha,0.012246161992650483,4.2455572319959027e+37,0.9539934548480075,1.4470924730752086,6.143713914431288e+37
faint_example,nii_ha,0.012133888504649769,4.243766496113125e+37,0.9543960100576534,1.4475554115663016,6.143087156872316e+37
faint_example,nii_ha,0.012022644346174132,4.2419921777956025e+37,0.954795209832627,1.4480144913075212,6.142466145461183e+37
faint_example,nii_ha,0.01191242008027375,4.240234126526193e+37,0.9551910792305386,1.4484697411151195,6.14185082751689e+37
faint_example,nii_ha,0.011803206356517298,4.238492193167703e+37,0.9555836431728117,1.4489211896487335,6.141241150841418e+37
faint_example,nii_ha,0.011694993910198712,4.236766229950237e+37,0.9559729264444894,1.4493688654111627,6.140637063715304e+37
faint_example,nii_ha,0.011587773561551261,4.2350560904586615e+37,0.956358953694063,1.4498127967481724,6.140038514893253e+37
faint_example,nii_ha,0.01148153621496883,4.2333616296201856e+37,0.9567417494333218,1.4502530118483201,6.139445453599787e+37
faint_example,nii_ha,0.01137627285823431,4.231682703692054e+37,0.9571213380372235,1.4506895387428071,6.138857829524941e+37
faint_example,nii_ha,0.011271974561755105,4.2300191702493526e+37,0.9574977437437855,1.4511224053053533,6.1382755928199955e+37
faint_example,nii_ha,0.011168632477805612,4.2283708881729266e+37,0.9578709906539952,1.4515516392520944,6.137698694093246e+37
faint_example,nii_ha,0.011066237839776664,4.2267377176374094e+37,0.9582411027317413,1.4519772681415024,6.137127084405815e+37
faint_example,nii_ha,0.01096478196143185,4.2251195200993615e+37,0.9586081038037632,1.4523993193743276,6.136560715267498e+37
faint_example,nii_ha,0.010864256236170655,4.2235161582855166e+37,0.9589720175596194,1.4528178201935624,6.135999538632653e+37
faint_example,nii_ha,0.010764652136298349,4.221927496181138e+37,0.959332867551675,1.4532327976844264,6.13544350689612e+37
faint_example,nii_ha,0.010665961212302578,4.220353399018479e+37,0.9596906771951067,1.4536442787743729,6.13489257288919e+37
faint_example,nii_ha,0.010568175092136586,4.2187937332653514e+37,0.9600454697679255,1.4540522902331146,6.134346689875596e+37
faint_example,nii_ha,0.010471285480508996,4.2172483666137977e+37,0.960397268411017,1.4544568586726696,6.133805811547551e+37
faint_example,nii_ha,0.010375284158180127,4.215717167968866e+37,0.960746096128199,1.454858010547429,6.133269892021825e+37
faint_example,nii_ha,0.010280162981264735,4.214200007437491e+37,0.9610919757862944,1.4552557721542385,6.132738885835844e+37
faint_example,nii_ha,0.010185913880541169,4.2126967563174746e+37,0.9614349301152222,1.4556501696325055,6.132212747943838e+37
faint_example,nii_ha,0.010092528860766845,4.2112072870865664e+37,0.9617749817081035,1.456041228964319,6.13169143371302e+37
faint_example,nii_ha,0.01,4.2097314733916473e+37,0.9621121530213825,1.4564289759745899,6.131174898919799e+37
faint_example,sii_ha,1.0,2e+38,0.20251169057533575,0.44175818340273504,8.8351636680547e+37
faint_example,sii_ha,0.9908319448927676,1.9853771664636423e+38,0.2040032433092297,0.44280227031646074,8.791295167445626e+37
faint_example,sii_ha,0.9817479430199844,1.9708883958709693e+38,0.20550295085160553,0.44385206559612383,8.747828855667608e+37
faint_example,sii_ha,0.9727472237769651,1.9565324591255266e+38,0.20701081613115527,0.4449075712918087,8.70476104543128e+37
faint_example,sii_ha,0.9638290236239705,1.9423081383992814e+38,0.20852684141274527,0.44596878898892167,8.662088083252543e+37
faint_example,sii_ha,0.954992586021436,1.928214227029318e+38,0.2100510282898733,0.44703571980291124,8.619806349142653e+37
faint_example,sii_ha,0.9462371613657931,1.9142495294154707e+38,0.21158337767717678,0.44810836437402374,8.577912256301113e+37
faint_example,sii_ha,0.9375620069258802,1.9004128609189027e+38,0.21312388980299332,0.4491867228620953,8.536402250811408e+37
faint_example,sii_ha,0.9289663867799364,1.886703047761612e+38,0.2146725642019776,0.45027079494138433,8.495272811339536e+37
faint_example,sii_ha,0.9204495717531713,1.873118926926857e+38,0.21622939970777794,0.4513605797954445,8.454520448835271e+37
faint_example,sii_ha,0.9120108393559098,1.8596593460604988e+38,0.21779439444577456,0.4524560761120422,8.414141706236196e+37
faint_example,sii_ha,0.9036494737223014,1.846323163373243e+38,0.21936754582588427,0.45355728207811896,8.374133158174428e+37
faint_example,sii_ha,0.8953647655495938,1.8331092475437844e+38,0.2209488505354329,0.454664195374803,8.3344914106860535e+37
faint_example,sii_ha,0.8871560120379609,1.8200164776228326e+38,0.22253830453210086,0.45577681317247065,8.295213100923199e+37
faint_example,sii_ha,0.8790225168308843,1.807043742938022e+38,0.2241359030369432,0.45689513212586025,8.256294896868767e+37
faint_example,sii_ha,0.8709635899560807,1.794189942999694e+38,0.22574164052748819,0.45801914836924174,8.2177334970537825e+37
faint_example,sii_ha,0.8629785477669702,1.7814539874075376e+38,0.22735551073091823,0.4591488575116427,8.179525630277312e+37
faint_example,sii_ha,0.8550667128846833,1.768834795758093e+38,0.22897750661733515,0.4602842546321346,8.14166805532898e+37
faint_example,sii_ha,0.8472274141405964,1.7563312975530996e+38,0.23060762039311453,0.4614253342751802,8.104157560713999e+37
faint_example,sii_ha,0.8394599865193975,1.743942432108683e+38,0.23224584349435126,0.4625720904460459,8.0669909643807495e+37
faint_example,sii_ha,0.831763771102671,1.7316671484653763e+38,0.23389216658040082,0.46372451660628056,8.030165113450829e+37
faint_example,sii_ha,0.8241381150130023,1.719504405298969e+38,0.2355465795275182,0.4648826056692627,7.993676883951606e+37
faint_example,sii_ha,0.8165823713585925,1.707453170832166e+38,0.2372090714225996,0.4660463499958197,7.957523180551198e+37
faint_example,sii_ha,0.8090958991783823,1.6955124227470649e+38,0.23887963055702865,0.46721574138992006,7.921700936295895e+37
faint_example,sii_ha,0.8016780633876791,1.6836811480984296e+38,0.24055824442063148,0.46839077109444205,7.886207112349989e+37
faint_example,sii_ha,0.7943282347242815,1.6719583432277616e+38,0.242244899695744,0.4695714297870208,7.851038697737985e+37
faint_example,sii_ha,0.7870457896950986,1.6603430136781595e+38,0.2439395822513944,0.47075770757597607,7.816192709089178e+37
faint_example,sii_ha,0.7798301105232587,1.6488341741099568e+38,0.24564227713760464,0.47194959399632325,7.781666190384571e+37
faint_example,sii_ha,0.7726805850957024,1.6374308482171356e+38,0.2473529685798141,0.47314707800586986,7.747456212706107e+37
faint_example,sii_ha,0.7655966069112563,1.6261320686445054e+38,0.2490716399734289,0.47435014798140024,7.713559873988217e+37
faint_example,sii_ha,0.7585775750291838,1.6149368769056417e+38,0.25079827387850057,0.47555879171495036,7.679974298771625e+37
faint_example,sii_ha,0.7516228940182055,1.603844323301576e+38,0.25253285201453657,0.4767729964101756,7.646696637959428e+37
faint_example,sii_ha,0.744731973905989,1.5928534668402322e+38,0.25427535525544764,0.47799274867881336,7.6137240685753965e+37
faint_example,sii_ha,0.737904230129101,1.5819633751566018e+38,0.2560257636246335,0.47921803453724343,7.581053793524506e+37
faint_example,sii_ha,0.7311390834834174,1.5711731244336494e+38,0.25778405629021156,0.4804488394031481,7.548683041355648e+37
faint_example,sii_ha,0.72443596007499,1.560481799323946e+38,0.25955021156039204,0.4816851480922745,7.516609066026539e+37
faint_example,sii_ha,0.7177942912713617,1.549888492872018e+38,0.26132420687900176,0.48292694481530124,7.484829146670755e+37
faint_example,sii_ha,0.7112135136533291,1.539392306437409e+38,0.2631060188211611,0.48417421317481274,7.453340587366927e+37
faint_example,sii_ha,0.7046930689671469,1.528992349618448e+38,0.26489562308911674,0.48542693616238175,7.422140716910045e+37
faint_example,sii_ha,0.6982324040771714,1.5186877401767163e+38,0.2666929945082341,0.4866850961557639,7.391226888584849e+37
faint_example,sii_ha,0.6918309709189365,1.508477603962205e+38,0.26849810702315163,0.4879486749162062,7.360596479941315e+37
faint_example,sii_ha,0.6854882264526616,1.4983610748391605e+38,0.27031093369410186,0.48921765358587127,7.330246892572181e+37
faint_example,sii_ha,0.6792036326171845,1.48833729461261e+38,0.27213144669340056,0.4904920126853804,7.30017555189253e+37
faint_example,sii_ha,0.6729766562843177,1.4784054129555591e+38,0.27395961730210905,0.49177173211147635,7.270379906921378e+37
faint_example,sii_ha,0.6668067692136221,1.468564587336859e+38,0.275795415906871,0.4930567911348097,7.240857430065277e+37
faint_example,sii_ha,0.660693448007596,1.4588139829497315e+38,0.27763881199692886,0.4943471683978502,7.211605616903895e+37
faint_example,sii_ha,0.6546361740672749,1.449152772640954e+38,0.27948977416132037,0.49564284191292424,7.182621985977562e+37
faint_example,sii_ha,0.6486344335482384,1.4395801368406901e+38,0.2813482700862613,0.4969437890603829,7.15390407857677e+37
faint_example,sii_ha,0.6426877173170197,1.4300952634929645e+38,0.28321426655271487,0.49824998658690045,7.125449458533594e+37
faint_example,sii_ha,0.6367955209079158,1.4206973479867758e+38,0.28508772943415217,0.4995614106039066,7.097255712015028e+37
faint_example,sii_ha,0.6309573444801932,1.411385593087841e+38,0.28696862369450576,0.500878036586154,7.069320447318223e+37
faint_example,sii_ha,0.6251726927756858,1.4021592088709647e+38,0.28885691338632014,0.5021998393704241,7.041641294667595e+37
faint_example,sii_ha,0.6194410750767814,1.3930174126530292e+38,0.2907525616491013,0.5035267931543709,7.014215906013788e+37
faint_example,sii_ha,0.6137620051647942,1.383959428926599e+38,0.2926555307078678,0.5048588714955075,6.987041954834497e+37
faint_example,sii_ha,0.6081350012787179,1.374984489294133e+38,0.29456578187190735,0.5061960473103352,6.960117135937099e+37
faint_example,sii_ha,0.6025595860743578,1.3660918324028015e+38,0.29648327553373993,0.507538292873618,6.933439165263104e+37
faint_example,sii_ha,0.5970352865838369,1.3572807038798995e+38,0.2984079711682915,0.5088855798178041,6.907005779694399e+37
faint_example,sii_ha,0.5915616341754739,1.3485503562688521e+38,0.3003398273322798,0.5102378791325958,6.880814736861256e+37
faint_example,sii_ha,0.5861381645140287,1.3399000489658083e+38,0.30227880166381493,0.5115951611646704,6.854863814952125e+37
faint_example,sii_ha,0.580764417521312,1.3313290481568134e+38,0.30422485088221773,0.5129573956175524,6.82915081252514e+37
faint_example,sii_ha,0.5754399373371569,1.3228366267555595e+38,0.3061779307880577,0.5143245515516405,6.803673548321379e+37
faint_example,sii_ha,0.5701642722807475,1.314422064341706e+38,0.30813799626341243,0.5156965973843887,6.778429861079818e+37
faint_example,sii_ha,0.5649369748123025,1.306084647099766e+38,0.31010500127235135,0.517073500890646,6.753417609353998e+37
faint_example,sii_ha,0.5597576014951101,1.297823667758552e+38,0.3120788988616459,0.5184552292031521,6.728634671330357e+37
faint_example,sii_ha,0.5546257129579107,1.289638425531178e+38,0.3140596411617077,0.5198417488131954,6.704078944648235e+37
faint_example,sii_ha,0.5495408738576245,1.2815282260556107e+38,0.3160471793877569,0.5212330255714298,6.679748346221532e+37
faint_example,sii_ha,0.5445026528424212,1.273492381335766e+38,0.31804146384122256,0.5226290246888559,6.655640812061998e+37
faint_example,sii_ha,0.5395106225151276,1.265530209683146e+38,0.32004244391137704,0.524029710737964,6.631754297104139e+37
faint_example,sii_ha,0.5345643593969717,1.2576410356590106e+38,0.3220500680772054,0.5254350476540438,6.608086775031732e+37
faint_example,sii_ha,0.5296634438916578,1.2498241900170788e+38,0.32406428390951275,0.526844998736659,6.584636238105937e+37
faint_example,sii_ha,0.5248074602497725,1.242079009646757e+38,0.32608503807326933,0.5282595266512885,6.561400696994971e+37
faint_example,sii_ha,0.5199959965335159,1.234404837516886e+38,0.32811227633019624,0.5296785934311373,6.538378180605358e+37
faint_example,sii_ha,0.5152286445817564,1.2268010226200038e+38,0.3301459435415923,0.5311021604791146,6.515566735914712e+37
faint_example,sii_ha,0.5105049999754063,1.2192669199171216e+38,0.33218598367140356,0.5325301885699825,6.492964427806065e+37
faint_example,sii_ha,0.505824662003114,1.2118018902830028e+38,0.3342323397895367,0.5339626378526757,6.470569338903709e+37
faint_example,sii_ha,0.5011872336272722,1.2044053004519466e+38,0.3362849540754168,0.5353994678527918,6.44837956941054e+37
faint_example,sii_ha,0.4965923214503361,1.1970765229640674e+38,0.33834376782179115,0.5368406374752538,6.426393236946903e+37
faint_example,sii_ha,0.4920395356814509,1.1898149361120655e+38,0.3404087214387796,0.5382861050071457,6.404608476390897e+37
faint_example,sii_ha,0.48752849010338634,1.182619923888489e+38,0.34247975445817175,0.5397358281207202,6.383023439720166e+37
faint_example,sii_ha,0.48305880203977264,1.1754908759334751e+38,0.3445568055379726,0.5411897638765808,6.361636295855126e+37
faint_example,sii_ha,0.4786300923226383,1.168427187482975e+38,0.3466398124671958,0.5426478687270371,6.340445230503626e+37
faint_example,sii_ha,0.47424198526024464,1.1614282593174495e+38,0.34872871217090623,0.5441100985196343,6.319448446007048e+37
faint_example,sii_ha,0.4698941086052154,1.1544934977110371e+38,0.3508234407155114,0.545576408500858,6.298644161187812e+37
faint_example,sii_ha,0.46558609352295893,1.1476223143811878e+38,0.35292393331430216,0.5470467533200115,6.278030611198263e+37
faint_example,sii_ha,0.46131757456037936,1.1408141264387584e+38,0.35503012433324216,0.5485210870332694,6.257606047370975e+37
faint_example,sii_ha,0.457088189614875,1.1340683563385657e+38,0.3571419472970071,0.5499993631079049,6.237368737070397e+37
faint_example,sii_ha,0.45289757990362073,1.127384431830392e+38,0.3592593348952726,0.5514815344266908,6.217316963545876e+37
faint_example,sii_ha,0.4487453899331321,1.120761785910442e+38,0.36138221898925105,0.5529675532924757,6.1974490257860265e+37
faint_example,sii_ha,0.4446312674691087,1.1141998567732419e+38,0.3635105306184763,0.5544573714329333,6.177763238374425e+37
faint_example,sii_ha,0.4405548635065533,1.1076980877639813e+38,0.3656442000078367,0.5559509400054856,6.158257931346644e+37
faint_example,sii_ha,0.436515832240166,1.1012559273312922e+38,0.3677831565748547,0.5574482096023983,6.138931450048577e+37
faint_example,sii_ha,0.43251383103500873,1.0948728289804595e+38,0.36992732893721303,0.5589491302560491,6.119782154996078e+37
faint_example,sii_ha,0.4285485203974395,1.088548251227062e+38,0.37207664492052633,0.5604536514443684,6.100808421735886e+37
faint_example,sii_ha,0.4246195639463129,1.0822816575510378e+38,0.37423103156635684,0.5619617220964498,6.082008640707814e+37
faint_example,sii_ha,0.4207266283844441,1.07607251635117e+38,0.37639041514047406,0.5634732905983318,6.063381217108211e+37
faint_example,sii_ha,0.4168693834703354,1.0699203008999912e+38,0.37855472114135563,0.5649883047989489,6.044924570754673e+37
faint_example,sii_ha,0.4130475019901613,1.0638244892991002e+38,0.38072387430892923,0.5665067120162504,6.026637135952e+37
faint_example,sii_ha,0.40926065973001086,1.0577845644348898e+38,0.38289779863355344,0.5680284590434874,6.008517361359369e+37
faint_example,sii_ha,0.40550853544838383,1.0518000139346778e+38,0.3850764173652364,0.5695534921556654,5.990563709858734e+37
faint_example,sii_ha,0.4017908108489399,1.0458703301232437e+38,0.3872596530230895,0.5710817571161627,5.9727746584244315e+37
faint_example,sii_ha,0.3981071705534972,1.0399950099797613e+38,0.3894474274050155,0.5726131991835108,5.955148697993984e+37
faint_example,sii_ha,0.3944573020752784,1.0341735550951273e+38,0.3916396615976279,0.5741477631183396,5.937684333340082e+37
faint_example,sii_ha,0.390840895792402,1.0284054716296795e+38,0.39383627598640114,0.5756853931904808,5.920380082943739e+37
faint_example,sii_ha,0.3872576449216172,1.0226902702713064e+38,0.3960371902660461,0.5772260331862322,5.903234478868619e+37
faint_example,sii_ha,0.38370724549227875,1.0170274661939354e+38,0.3982423234511133,0.5787696264157793,5.886246066636506e+37
faint_example,sii_ha,0.3801893963205612,1.0114165790164075e+38,0.4004515938868163,0.5803161157207714,5.869413405103923e+37
faint_example,sii_ha,0.3767037989839089,1.0058571327617235e+38,0.4026649192600765,0.5818654434820536,5.852735066339871e+37
faint_example,sii_ha,0.37325015779572057,1.0003486558166683e+38,0.40488221661078455,0.5834175516275492,5.836209635504705e+37
faint_example,sii_ha,0.3698281797802662,9.948906808918021e+37,0.4071034023432763,0.5849723816402934,5.819835710730107e+37
faint_example,sii_ha,0.3664375746478333,9.89482744981821e+37,0.4093283922380199,0.5865298745666139,5.803611903000163e+37
faint_example,sii_ha,0.36307805477010135,9.84124389326279e+37,0.41155710146351127,0.5880899710244578,5.787536836033537e+37
faint_example,sii_ha,0.3597493351557423,9.788151593706712e+37,0.41378944458837463,0.5896526112118622,5.771609146166713e+37
faint_example,sii_ha,0.35645113342624424,9.735546047278733e+37,0.4160253355936651,0.5912177349155655,5.75582748223832e+37
faint_example,sii_ha,0.35318316979195696,9.683422791399353e+37,0.4182646878853686,0.5927852815197581,5.740190505474506e+37
faint_example,sii_ha,0.34994516702835726,9.631777404402242e+37,0.4205074143070976,0.5943551900149683,5.724696889375373e+37
faint_example,sii_ha,0.3467368504525316,9.580605505159155e+37,0.4227534271529773,0.5959273990070842,5.709345319602447e+37
faint_example,sii_ha,0.3435579478998746,9.529902752708271e+37,0.4250026381807193,0.5975018467265035,5.694134493867182e+37
faint_example,sii_ha,0.34040818970100084,9.479664845885945e+37,0.42725495862487844,0.599078471037415,5.679063121820484e+37
faint_example,sii_ha,0.33728730865886886,9.429887522961839e+37,0.42951029921028944,0.6006572094472026,5.664129924943252e+37
faint_example,sii_ha,0.3341950400261142,9.380566561277392e+37,0.43176857016567843,0.6022379991159749,5.649333636437917e+37
faint_example,sii_ha,0.3311311214825911,9.331697776887609e+37,0.43402968123744623,0.6038207768662124,5.634673001120983e+37
faint_example,sii_ha,0.328095293113119,9.283277024206134e+37,0.43629354170361767,0.6054054791925324,5.620146775316541e+37
faint_example,sii_ha,0.3250872973854344,9.235300195653579e+37,0.43856006038795375,0.6069920422715677,5.605753726750774e+37
faint_example,sii_ha,0.32210687912834346,9.187763221309061e+37,0.4408291456742224,0.6085804019719556,5.591492634447418e+37
faint_example,sii_ha,0.31915378551007617,9.140662068564966e+37,0.4431007055206209,0.6101704938644347,5.57736228862419e+37
faint_example,sii_ha,0.31622776601683794,9.093992741784842e+37,0.44537464747434924,0.6117622532320444,5.563361490590153e+37
faint_example,sii_ha,0.31332857243155854,9.047751281964456e+37,0.44765087868632525,0.6133556150804277,5.549489052644037e+37
faint_example,sii_ha,0.31045595881283555,9.001933766395943e+37,0.4499293059260405,0.6149505141482284,5.535743797973483e+37
faint_example,sii_ha,0.3076096814740708,8.95653630833504e+37,0.45220983559654954,0.6165468849175847,5.522124560555212e+37
faint_example,sii_ha,0.3047894989627983,8.911555056671364e+37,0.45449237374958823,0.6181446616247118,5.50863018505611e+37
faint_example,sii_ha,0.3019951720402016,8.866986195601734e+37,0.4567768261008166,0.6197437782705717,5.495259526735221e+37
faint_example,sii_ha,0.2992264636608189,8.822825944306458e+37,0.45906309804518014,0.6213441686316261,5.482011451346638e+37
faint_example,sii_ha,0.2964831389524342,8.779070556628606e+37,0.46135109467238533,0.6229457662706697,5.468884835043282e+37
faint_example,sii_ha,0.2937649651961531,8.735716320756223e+37,0.46364072078248286,0.624548504547738,5.455878564281567e+37
faint_example,sii_ha,0.2910717118066605,8.69275955890745e+37,0.46593188090155435,0.6261523166310881,5.442991535726935e+37
faint_example,sii_ha,0.28840315031266056,8.650196627018534e+37,0.4682244792974966,0.6277571355082476,5.430222656160261e+37
faint_example,sii_ha,0.28575905433749466,8.608023914434702e+37,0.4705184199958973,0.6293628939971281,5.417570842385111e+37
faint_example,sii_ha,0.2831391995799379,8.56623784360386e+37,0.4728136067959982,0.6309695247571987,5.405035021135858e+37
faint_example,sii_ha,0.2805433637951713,8.524834869773108e+37,0.4751099432867388,0.6325769603007172,5.392614128986633e+37
faint_example,sii_ha,0.27797132677592884,8.483811480688043e+37,0.47740733286287473,0.6341851330040124,5.380307112261114e+37
faint_example,sii_ha,0.2754228703338166,8.443164196294793e+37,0.4797056787411671,0.635793975118817,5.368112926943138e+37
faint_example,sii_ha,0.272897778280804,8.40288956844482e+37,0.4820048839766341,0.6374034187836439,5.356030538588146e+37
faint_example,sii_ha,0.2703958364108843,8.362984180602398e+37,0.4843048514788617,0.6390133960352032,5.3440589222354195e+37
faint_example,sii_ha,0.2679168324819031,8.323444647554792e+37,0.48660548402836634,0.6406238388198564,5.332197062321137e+37
faint_example,sii_ha,0.2654605561975539,8.284267615125081e+37,0.48890668429300393,0.6422346790051027,5.320443952592224e+37
faint_example,sii_ha,0.2630267991895382,8.2454497598876235e+37,0.49120835484441966,0.6438458483910938,5.3087985960209875e+37
faint_example,sii_ha,0.2606153549998896,8.206987788886128e+37,0.49351039817453196,0.6454572787221723,5.297260004720538e+37
faint_example,sii_ha,0.25822601906345966,8.168878439354306e+37,0.4958127167120457,0.647068901698432,5.285827199860992e+37
faint_example,sii_ha,0.2558585886905646,8.131118478439092e+37,0.49811521283898774,0.6486806489872914,5.274499211586428e+37
faint_example,sii_ha,0.25351286304979076,8.093704702926395e+37,0.5004177889072595,0.6502924522350817,5.263275078932619e+37
faint_example,sii_ha,0.251188643150958,8.05663393896937e+37,0.5027203472552004,0.6519042430786403,5.252153849745511e+37
faint_example,sii_ha,0.2488857318282391,8.019903041819169e+37,0.5050227902241562,0.6535159531569094,5.241134580600451e+37
faint_example,sii_ha,0.24660393372343392,7.98350889555818e+37,0.5073250201750462,0.6551275141225323,5.230216336722155e+37
faint_example,sii_ha,0.2443430552693972,7.947448412835692e+37,0.5096269395049233,0.6567388576534463,5.219398191905408e+37
faint_example,sii_ha,0.2421029046736178,7.911718534605997e+37,0.5119284506635214,0.6583499154644651,5.208679228436499e+37
faint_example,sii_ha,0.23988329190194904,7.876316229868887e+37,0.5142294561697832,0.6599606193188482,5.198058537015366e+37
faint_example,sii_ha,0.23768402866248767,7.841238495412529e+37,0.5165298586283634,0.6615709010398543,5.187535216678459e+37
faint_example,sii_ha,0.23550492838960096,7.8064823555587045e+37,0.5188295607461015,0.6631806925222711,5.177108374722311e+37
faint_example,sii_ha,0.23334580622810028,7.772044861910374e+37,0.5211284653484571,0.66478992574392,5.166777126627813e+37
faint_example,sii_ha,0.23120647901755947,7.737923093101567e+37,0.5234264753959027,0.6663985327771318,5.15654059598517e+37
faint_example,sii_ha,0.2290867652767773,7.704114154549555e+37,0.5257234940002683,0.6680064458001879,5.146397914419567e+37
faint_example,sii_ha,0.2269864851883822,7.670615178209305e+37,0.5280194244410311,0.6696135971087218,5.136348221517492e+37
faint_example,sii_ha,0.2249054605835781,7.637423322330178e+37,0.530314170181546,0.6712199191270822,5.126390664753754e+37
faint_example,sii_ha,0.22284351492703036,7.604535771214862e+37,0.5326076348852088,0.672825344419646,5.1165243994191585e+37
faint_example,sii_ha,0.22080047330188998,7.571949734980514e+37,0.5348997224315486,0.674429805702084,5.106748588548854e+37
faint_example,sii_ha,0.21877616239495523,7.539662449322088e+37,0.5371903369322433,0.6760332358525702,5.097062402851326e+37
faint_example,sii_ha,0.21677041048196946,7.507671175277842e+37,0.5394793827470507,0.6776355679229354,5.087465020638053e+37
faint_example,sii_ha,0.21478304741305337,7.475973198996983e+37,0.5417667644996528,0.6792367351497569,5.077955627753795e+37
faint_example,sii_ha,0.21281390459827118,7.444565831509456e+37,0.5440523870934044,0.6808366709653831,5.068533417507537e+37
faint_example,sii_ha,0.21086281499332893,7.413446408497827e+37,0.5463361557269834,0.6824353090088884,5.059197590604049e+37
faint_example,sii_ha,0.20892961308540392,7.382612290071274e+37,0.5486179759099353,0.6840325831369547,5.049947355076082e+37
faint_example,sii_ha,0.2070141348791042,7.35206086054164e+37,0.550897753478108,0.6856284274346754,5.040781926217191e+37
faint_example,sii_ha,0.20511621788255652,7.321789528201537e+37,0.5531753946089707,0.6872227762262796,5.031700526515161e+37
faint_example,sii_ha,0.20323570109362216,7.291795725104496e+37,0.5554508058368122,0.6888155640857686,5.02270238558605e+37
faint_example,sii_ha,0.2013724249862388,7.262076906847127e+37,0.5577238940678125,0.6904067258474688,5.013786740108838e+37
faint_example,sii_ha,0.19952623149688792,7.232630552353262e+37,0.5599945665949854,0.6919961966164897,5.004952833760678e+37
faint_example,sii_ha,0.19769696401118608,7.203454163660104e+37,0.5622627311129824,0.6935839117790877,4.996199917152732e+37
faint_example,sii_ha,0.195884467350599,7.174545265706316e+37,0.5645282957327581,0.6951698070129306,4.987527247766595e+37
faint_example,sii_ha,0.19408858775927784,7.145901406122056e+37,0.5667911689960887,0.696753818297262,4.978934089891317e+37
faint_example,sii_ha,0.19230917289101584,7.117520155020948e+37,0.5690512598899404,0.6983358819229583,4.970419714560984e+37
faint_example,sii_ha,0.19054607179632474,7.089399104793949e+37,0.5713084778606823,0.6999159345024776,4.961983399492885e+37
faint_example,sii_ha,0.18879913490962935,7.061535869905103e+37,0.573562732828141,0.7014939129796987,4.9536244290262315e+37
faint_example,sii_ha,0.18706821403658005,7.033928086689184e+37,0.5758139351994894,0.7030697546396426,4.9453420940614555e+37
faint_example,sii_ha,0.18535316234148114,7.006573413151177e+37,0.5780619958829688,0.7046433971180782,4.937135692000053e+37
faint_example,sii_ha,0.18365383433483465,6.979469528767608e+37,0.5803068263014367,0.7062147784110057,4.929004526684982e+37
faint_example,sii_ha,0.18197008586099836,6.952614134289687e+37,0.5825483384057393,0.7077838368840175,4.920947908341606e+37
faint_example,sii_ha,0.1803017740859569,6.926004951548265e+37,0.584786444687902,0.7093505112815314,4.91296515351918e+37
faint_example,sii_ha,0.17864875748520506,6.8996397232605745e+37,0.5870210581941355,0.7109147407358949,4.905055585032873e+37
faint_example,sii_ha,0.17701089583174212,6.873516212838742e+37,0.5892520925376533,0.7124764647763573,4.897218531906323e+37
faint_example,sii_ha,0.1753880501841761,6.84763220420005e+37,0.5914794619112971,0.7140356233379079,4.889453329314715e+37
faint_example,sii_ha,0.17378008287493754,6.821985501578954e+37,0.593703081099965,0.7155921567699755,4.881759318528387e+37
faint_example,sii_ha,0.1721868574986007,6.796573929340807e+37,0.5959228654928415,0.717146005844989,4.874135846856943e+37
faint_example,sii_ha,0.17060823890031235,6.771395331797301e+37,0.5981387310954238,0.7186971117667967,4.866582267593891e+37
faint_example,sii_ha,0.16904409316432642,6.746447573023597e+37,0.6003505945413427,0.7202454161789399,4.85909793996178e+37
faint_example,sii_ha,0.16749428760264373,6.721728536677132e+37,0.602558373103972,0.7217908611727804,4.851682229057839e+37
faint_example,sii_ha,0.16595869074375605,6.697236125818088e+37,0.6047619847078284,0.7233333892954799,4.844334505800126e+37
faint_example,sii_ha,0.16443717232149316,6.67296826273151e+37,0.6069613479397539,0.7248729435578277,4.8370541468741535e+37
faint_example,sii_ha,0.16292960326397224,6.648922888751044e+37,0.6091563820598803,0.7264094674419163,4.8298405346800135e+37
faint_example,sii_ha,0.16143585568264862,6.625097964084305e+37,0.6113470070123743,0.7279429049086621,4.822693057279992e+37
faint_example,sii_ha,0.15995580286146688,6.601491467639836e+37,0.6135331434359564,0.7294732004051696,4.815611108346651e+37
faint_example,sii_ha,0.15848931924611134,6.5781013968556595e+37,0.6157147126741968,0.7310002988719377,4.808594087111398e+37
faint_example,sii_ha,0.15703628043335524,6.554925767529394e+37,0.6178916367855805,0.7325241457499063,4.801641398313518e+37
faint_example,sii_ha,0.15559656316050743,6.531962613649936e+37,0.6200638385533442,0.734044686987341,4.794752452149681e+37
faint_example,sii_ha,0.15417004529495593,6.509209987230681e+37,0.6222312414950791,0.7355618690465554,4.787926664223905e+37
faint_example,sii_ha,0.15275660582380723,6.486665958144272e+37,0.6243937698720993,0.7370756389104695,4.781163455497982e+37
faint_example,sii_ha,0.1513561248436208,6.464328613958866e+37,0.6265513486985745,0.7385859440890022,4.77446225224236e+37
faint_example,sii_ha,0.1499684835502373,6.442196059775901e+37,0.6287039037504248,0.7400927326252974,4.76782248598747e+37
faint_example,sii_ha,0.14859356422870068,6.42026641806935e+37,0.6308513615739747,0.7415959531017823,4.761243593475505e+37
faint_example,sii_ha,0.14723125024327186,6.398537828526446e+37,0.6329936494943667,0.7430955546460566,4.754725016612634e+37
faint_example,sii_ha,0.14588142602753484,6.377008447889874e+37,0.6351306956237326,0.7445914869366128,4.748266202421662e+37
faint_example,sii_ha,0.14454397707459277,6.355676449801403e+37,0.6372624288691211,0.7460837002083848,4.741866602995121e+37
faint_example,sii_ha,0.14321878992735435,6.334540024646954e+37,0.6393887789401802,0.7475721452581261,4.735525675448786e+37
faint_example,sii_ha,0.14190575216890922,6.313597379403091e+37,0.6415096763565936,0.7490567734496155,4.729242881875627e+37
faint_example,sii_ha,0.1406047524129914,6.292846737484915e+37,0.6436250524552718,0.7505375367186903,4.723017689300175e+37
faint_example,sii_ha,0.13931568029453031,6.272286338595354e+37,0.6457348393972944,0.752014387578106,4.716849569633306e+37
faint_example,sii_ha,0.1380384264602885,6.251914438575841e+37,0.6478389701746047,0.7534872791222232,4.710737999627452e+37
faint_example,sii_ha,0.13677288255958492,6.2317293092583445e+37,0.6499373786164573,0.7549561650315202,4.704682460832204e+37
faint_example,sii_ha,0.1355189412351036,6.211729238318779e+37,0.6520299993956146,0.7564209995769301,4.698682439550333e+37
faint_example,sii_ha,0.1342764961137864,6.191912529131734e+37,0.6541167680342962,0.7578817376240073,4.692737426794221e+37
faint_example,sii_ha,0.1330454417978091,6.172277500626562e+37,0.6561976209098774,0.7593383346369142,4.686846918242669e+37
faint_example,sii_ha,0.1318256738556407,6.152822487144756e+37,0.6582724952603408,0.7607907466822387,4.681010414198127e+37
faint_example,sii_ha,0.13061708881318415,6.133545838298664e+37,0.6603413291894753,0.7622389304326327,4.675227419544299e+37
faint_example,sii_ha,0.1294195841449986,6.114445918831475e+37,0.6624040616718302,0.7636828431702811,4.669497443704143e+37
faint_example,sii_ha,0.12823305826560213,6.095521108478505e+37,0.6644606325574169,0.7651224427901918,4.663820000598251e+37
faint_example,sii_ha,0.12705741052085415,6.076769801829745e+37,0.6665109825761657,0.7665576878033159,4.658194608603623e+37
faint_example,sii_ha,0.12589254117941673,6.058190408193674e+37,0.668555053342132,0.7679885373394925,4.652620790512803e+37
faint_example,sii_ha,0.12473835142429429,6.0397813514623175e+37,0.6705927873574588,0.7694149511502211,4.6470980734933955e+37
faint_example,sii_ha,0.12359474334445104,6.021541069977546e+37,0.6726241280160891,0.7708368896112623,4.641625989047964e+37
faint_example,sii_ha,0.12246161992650487,6.003468016398597e+37,0.6746490196072366,0.7722543137250656,4.636204072974279e+37
faint_example,sii_ha,0.12133888504649772,5.985560657570818e+37,0.6766674073186092,0.7736671851230265,4.630831865325945e+37
faint_example,sii_ha,0.12022644346174129,5.967817474395595e+37,0.6786792372393915,0.775075466067574,4.625508910373379e+37
faint_example,sii_ha,0.11912420080273747,5.950236961701501e+37,0.6806844563629831,0.7764791194540882,4.620234756565151e+37
faint_example,sii_ha,0.11803206356517296,5.932817628116601e+37,0.6826830125894969,0.7778781088126479,4.6150089564896805e+37
faint_example,sii_ha,0.11694993910198709,5.915557995941937e+37,0.6846748547280186,0.7792723983096129,4.609831066837281e+37
faint_example,sii_ha,0.1158777356155126,5.898456601026181e+37,0.6866599324986263,0.7806619527490385,4.604700648362555e+37
faint_example,sii_ha,0.11481536214968827,5.881511992641424e+37,0.6886381965341754,0.7820467375739228,4.599617265847128e+37
faint_example,sii_ha,0.11376272858234307,5.864722733360108e+37,0.6906095983818473,0.7834267188672932,4.594580488062733e+37
faint_example,sii_ha,0.11271974561755102,5.848087398933094e+37,0.6925740905044658,0.7848018633531262,4.589589887734629e+37
faint_example,sii_ha,0.1116863247780561,5.831604578168833e+37,0.6945316262815813,0.786172138397107,4.584645041505351e+37
faint_example,sii_ha,0.11066237839776662,5.815272872813662e+37,0.6964821600103263,0.7875375120072284,4.579745529898799e+37
faint_example,sii_ha,0.1096478196143185,5.799090897433183e+37,0.6984256469060427,0.7888979528342298,4.574890937284655e+37
faint_example,sii_ha,0.10864256236170655,5.783057279294734e+37,0.7003620431026849,0.7902534301718794,4.57008085184312e+37
faint_example,sii_ha,0.1076465213629835,5.767170658250949e+37,0.7022913056529972,0.7916039139570981,4.565314865529985e+37
faint_example,sii_ha,0.10665961212302578,5.75142968662436e+37,0.7042133925284733,0.7929493747699313,4.5605925740420085e+37
faint_example,sii_ha,0.10568175092136585,5.735833029093085e+37,0.7061282626190939,0.7942897838333658,4.555913576782626e+37
faint_example,sii_ha,0.10471285480508996,5.720379362577546e+37,0.70803587573285,0.7956251130129949,4.551277476827964e+37
faint_example,sii_ha,0.10375284158180126,5.705067376128228e+37,0.7099361925950515,0.796955334816536,4.546683880893169e+37
faint_example,sii_ha,0.10280162981264736,5.689895770814481e+37,0.7118291748474231,0.7982804223931962,4.542132399299044e+37
faint_example,sii_ha,0.1018591388054117,5.674863259614314e+37,0.7137147850469941,0.7996003495328959,4.537622645938995e+37
faint_example,sii_ha,0.10092528860766845,5.659968567305231e+37,0.715592986664778,0.8009150906653446,4.53315423824627e+37
faint_example,sii_ha,0.1,5.645210430356044e+37,0.7174637440842513,0.802224620858976,4.528726797161514e+37
faint_example,sii_ha,0.09908319448927676,5.630587596819686e+37,0.7193270225996308,0.8035289158197415,4.524339947100606e+37
faint_example,sii_ha,0.09817479430199844,5.616098826227013e+37,0.7211827884139511,0.8048279518897657,4.519993315922804e+37
faint_example,sii_ha,0.09727472237769651,5.60174288948157e+37,0.7230310086369487,0.8061217060458641,4.515686534899171e+37
faint_example,sii_ha,0.09638290236239705,5.587518568755325e+37,0.7248716512827525,0.8074101558979268,4.511419238681297e+37
faint_example,sii_ha,0.09549925860214359,5.573424657385361e+37,0.7267046852673855,0.80869327968717,4.507191065270309e+37
faint_example,sii_ha,0.0946237161365793,5.559459959771514e+37,0.7285300804060785,0.8099710562842549,4.503001655986154e+37
faint_example,sii_ha,0.09375620069258803,5.545623291274946e+37,0.7303478074104022,0.8112434651872814,4.498850655437184e+37
faint_example,sii_ha,0.09289663867799362,5.531913478117655e+37,0.7321578378852173,0.8125104865196521,4.4947377114899965e+37
faint_example,sii_ha,0.09204495717531712,5.5183293572829e+37,0.7339601443254481,0.8137721010278136,4.49066247523957e+37
faint_example,sii_ha,0.09120108393559097,5.504869776416542e+37,0.7357547001126811,0.8150282900788767,4.486624600979663e+37
faint_example,sii_ha,0.09036494737223014,5.491533593729286e+37,0.7375414795115933,0.8162790356581153,4.482623746173486e+37
faint_example,sii_ha,0.08953647655495937,5.478319677899827e+37,0.7393204576662119,0.8175243203663483,4.478659571424648e+37
faint_example,sii_ha,0.08871560120379608,5.465226907978875e+37,0.7410916105960097,0.8187641274172067,4.474731740448363e+37
faint_example,sii_ha,0.08790225168308842,5.452254173294065e+37,0.7428549151918393,0.8199984406342875,4.470839920042919e+37
faint_example,sii_ha,0.08709635899560805,5.439400373355737e+37,0.7446103492117089,0.8212272444481962,4.466983780061421e+37
faint_example,sii_ha,0.08629785477669702,5.42666441776358e+37,0.746357891276403,0.822450523893482,4.463162993383775e+37
faint_example,sii_ha,0.08550667128846832,5.414045226114137e+37,0.7480975208649521,0.8236682646054664,4.459377235888941e+37
faint_example,sii_ha,0.08472274141405964,5.401541727909143e+37,0.7498292183099547,0.8248804528169683,4.455626186427443e+37
faint_example,sii_ha,0.08394599865193973,5.389152862464726e+37,0.7515529647927528,0.8260870753549269,4.451909526794118e+37
faint_example,sii_ha,0.08317637711026708,5.37687757882142e+37,0.7532687423384674,0.8272881196369272,4.448226941701126e+37
faint_example,sii_ha,0.08241381150130021,5.364714835655012e+37,0.7549765338108966,0.8284835736676275,4.4445781187512035e+37
faint_example,sii_ha,0.08165823713585922,5.352663601188209e+37,0.7566763229072765,0.8296734260350934,4.440962748411162e+37
faint_example,sii_ha,0.08090958991783821,5.340722853103107e+37,0.7583680941529136,0.8308576659070395,4.437380523985632e+37
faint_example,sii_ha,0.0801678063387679,5.328891578454472e+37,0.7600518328956875,0.8320362830269813,4.433831141591042e+37
faint_example,sii_ha,0.07943282347242814,5.317168773583805e+37,0.7617275253004301,0.833209267710301,4.430314300129842e+37
faint_example,sii_ha,0.07870457896950984,5.305553444034203e+37,0.7633951583431838,0.8343766108402286,4.426829701264961e+37
faint_example,sii_ha,0.07798301105232586,5.294044604466e+37,0.7650547198053413,0.835538303863739,4.4233770493945e+37
faint_example,sii_ha,0.07726805850957022,5.2826412785731785e+37,0.7667061982676718,0.8366943387873702,4.4199560516266535e+37
faint_example,sii_ha,0.07655966069112562,5.271342499000548e+37,0.7683495831042363,0.8378447081729654,4.416566417754865e+37
faint_example,sii_ha,0.07585775750291836,5.260147307261685e+37,0.7699848644761957,0.8389894051333371,4.413207860233206e+37
faint_example,sii_ha,0.07516228940182053,5.249054753657618e+37,0.7716120333255149,0.8401284233278604,4.409880094151986e+37
faint_example,sii_ha,0.07447319739059889,5.238063897196275e+37,0.7732310813685648,0.8412617569579953,4.406582837213583e+37
faint_example,sii_ha,0.07379042301291007,5.227173805512644e+37,0.7748420010896302,0.8423894007627413,4.403315809708494e+37
faint_example,sii_ha,0.07311390834834172,5.216383554789693e+37,0.7764447857343202,0.843511350014024,4.400078734491608e+37
faint_example,sii_ha,0.07244359600749899,5.205692229679989e+37,0.7780394293028914,0.8446276005120239,4.396871336958697e+37
faint_example,sii_ha,0.07177942912713615,5.195098923228061e+37,0.7796259265434805,0.8457381485804364,4.393693345023119e+37
faint_example,sii_ha,0.07112135136533289,5.1846027367934515e+37,0.7812042729452564,0.8468429910616795,4.390544489092736e+37
faint_example,sii_ha,0.07046930689671467,5.174202779974491e+37,0.782774464731489,0.8479421253120423,4.387424502047047e+37
faint_example,sii_ha,0.06982324040771715,5.163898170532759e+37,0.7843364988525426,0.8490355491967799,4.384333119214528e+37
faint_example,sii_ha,0.06918309709189366,5.153688034318249e+37,0.7858903729787937,0.8501232610851556,4.381270078350175e+37
faint_example,sii_ha,0.06854882264526617,5.143571505195204e+37,0.7874360854934793,0.8512052598454355,4.378235119613261e+37
faint_example,sii_ha,0.06792036326171846,5.133547724968653e+37,0.7889736354854764,0.8522815448398336,4.375227985545297e+37
faint_example,sii_ha,0.06729766562843179,5.123615843311603e+37,0.7905030227420178,0.8533521159194124,4.372248421048181e+37
faint_example,sii_ha,0.06668067692136222,5.113775017692902e+37,0.7920242477413472,0.8544169734189431,4.369296173362571e+37
faint_example,sii_ha,0.06606934480075961,5.104024413305775e+37,0.7935373116453137,0.8554761181517195,4.366370992046432e+37
faint_example,sii_ha,0.0654636174067275,5.094363202996997e+37,0.7950422162919156,0.8565295514043408,4.363472628953799e+37
faint_example,sii_ha,0.06486344335482384,5.084790567196733e+37,0.7965389641877868,0.8575772749314508,4.36060083821372e+37
faint_example,sii_ha,0.06426877173170198,5.075305693849008e+37,0.7980275585006389,0.8586192909504472,4.357755376209402e+37
faint_example,sii_ha,0.06367955209079158,5.065907778342819e+37,0.7995080030516551,0.8596556021361585,4.354936001557546e+37
faint_example,sii_ha,0.06309573444801933,5.056596023443885e+37,0.800980302307842,0.8606862116154894,4.352142475087865e+37
faint_example,sii_ha,0.06251726927756858,5.047369639227008e+37,0.8024444613743402,0.8617111229620382,4.349374559822803e+37
faint_example,sii_ha,0.06194410750767815,5.038227843009073e+37,0.8039004859866996,0.8627303401906896,4.346632020957422e+37
faint_example,sii_ha,0.06137620051647943,5.029169859282642e+37,0.805348382503119,0.8637438677521834,4.343914625839493e+37
faint_example,sii_ha,0.060813500127871796,5.020194919650176e+37,0.8067881578966556,0.8647517105276589,4.341222143949753e+37
faint_example,sii_ha,0.06025595860743578,5.011302262758845e+37,0.8082198197474046,0.8657538738231831,4.3385543468823535e+37
faint_example,sii_ha,0.059703528658383694,5.002491134235943e+37,0.8096433762346544,0.8667503633642581,4.335911008325483e+37
faint_example,sii_ha,0.0591561634175474,4.993760786624895e+37,0.8110588361290175,0.8677411852903122,4.3332919040421685e+37
faint_example,sii_ha,0.05861381645140288,4.985110479321851e+37,0.8124662087845418,0.8687263461491792,4.330696811851256e+37
faint_example,sii_ha,0.05807644175213121,4.976539478512857e+37,0.8138655041308039,0.8697058528915627,4.328125511608557e+37
faint_example,sii_ha,0.057543993733715694,4.968047057111603e+37,0.815256732664988,0.8706797128654915,4.325577785188181e+37
faint_example,sii_ha,0.05701642722807475,4.959632494697749e+37,0.8166399054439505,0.8716479338107653,4.323053416464025e+37
faint_example,sii_ha,0.05649369748123025,4.951295077455809e+37,0.8180150340762766,0.8726105238533938,4.320552191291443e+37
faint_example,sii_ha,0.055975760149511014,4.943034098114595e+37,0.8193821307143282,0.8735674915000297,4.318073897489078e+37
faint_example,sii_ha,0.055462571295791074,4.934848855887221e+37,0.8207412080462869,0.8745188456324008,4.315618324820866e+37
faint_example,sii_ha,0.054954087385762455,4.926738656411654e+37,0.8220922792881947,0.8754645955017364,4.313185264978197e+37
faint_example,sii_ha,0.05445026528424212,4.918702811691809e+37,0.8234353581759941,0.876404750723196,4.310774511562243e+37
faint_example,sii_ha,0.05395106225151276,4.91074064003919e+37,0.8247704589575702,0.8773393212702991,4.308385860066457e+37
faint_example,sii_ha,0.053456435939697164,4.902851466015054e+37,0.8260975963847971,0.8782683174693579,4.306019107859216e+37
faint_example,sii_ha,0.05296634438916578,4.895034620373122e+37,0.8274167857055906,0.8791917499939134,4.303674054166637e+37
faint_example,sii_ha,0.05248074602497726,4.887289440002801e+37,0.8287280426559704,0.8801096298591794,4.301350500055541e+37
faint_example,sii_ha,0.051999599653351596,4.879615267872929e+37,0.8300313834521322,0.8810219684164925,4.2990482484165785e+37
faint_example,sii_ha,0.051522864458175645,4.872011452976047e+37,0.8313268247825335,0.8819287773477735,4.296767103947515e+37
faint_example,sii_ha,0.05105049999754062,4.8644773502731645e+37,0.8326143837999932,0.8828300686599951,4.294506873136649e+37
faint_example,sii_ha,0.0505824662003114,4.857012320639046e+37,0.8338940781138101,0.8837258546796669,4.292267364246414e+37
faint_example,sii_ha,0.05011872336272722,4.849615730807989e+37,0.8351659257818989,0.8846161480473292,4.290048387297097e+37
faint_example,sii_ha,0.0496592321450336,4.842286953320111e+37,0.8364299453029471,0.8855009617120629,4.287849754050733e+37
faint_example,sii_ha,0.04920395356814509,4.835025366468109e+37,0.8376861556085964,0.8863803089260175,4.285671277995133e+37
faint_example,sii_ha,0.04875284901033863,4.827830354244532e+37,0.8389345760556458,0.887254203238952,4.283512774328059e+37
faint_example,sii_ha,0.04830588020397726,4.820701306289518e+37,0.8401752264182842,0.8881226584927989,4.281374059941556e+37
faint_example,sii_ha,0.047863009232263824,4.813637617839018e+37,0.8414081268803493,0.8889856888162444,4.279254953406405e+37
faint_example,sii_ha,0.04742419852602446,4.806638689673492e+37,0.8426332980276162,0.8898433086193313,4.277155274956748e+37
faint_example,sii_ha,0.04698941086052153,4.79970392806708e+37,0.8438507608401193,0.8906955325880835,4.275074846474824e+37
faint_example,sii_ha,0.04655860935229589,4.792832744737231e+37,0.8450605366845052,0.8915423756791536,4.273013491475869e+37
faint_example,sii_ha,0.04613175745603793,4.786024556794801e+37,0.8462626473064223,0.8923838531144956,4.270971035093141e+37
faint_example,sii_ha,0.04570881896148749,4.779278786694609e+37,0.8474571148229442,0.8932199803760609,4.268947304063083e+37
faint_example,sii_ha,0.04528975799036206,4.772594862186435e+37,0.8486439617150344,0.8940507732005241,4.2669421267106305e+37
faint_example,sii_ha,0.04487453899331321,4.765972216266485e+37,0.849823210820046,0.8948762475740321,4.264955332934645e+37
faint_example,sii_ha,0.04446312674691086,4.759410287129284e+37,0.8509948853242655,0.8956964197269859,4.262986754193486e+37
faint_example,sii_ha,0.04405548635065532,4.752908518120025e+37,0.8521590087554962,0.8965113061288472,4.261036223490707e+37
faint_example,sii_ha,0.043651583224016584,4.746466357687335e+37,0.8533156049756873,0.8973209234829811,4.259103575360901e+37
faint_example,sii_ha,0.04325138310350086,4.740083259336503e+37,0.8544646981736033,0.8981252887215223,4.257188645855651e+37
faint_example,sii_ha,0.04285485203974394,4.733758681583105e+37,0.8556063128575451,0.8989244190002815,4.255291272529632e+37
faint_example,sii_ha,0.042461956394631274,4.727492087907081e+37,0.8567404738481124,0.8997183316936785,4.2534112944268243e+37
faint_example,sii_ha,0.042072662838444394,4.721282946707213e+37,0.8578672062710176,0.9005070443897124,4.2515485520668642e+37
faint_example,sii_ha,0.04168693834703353,4.715130731256034e+37,0.8589865355499482,0.9012905748849637,4.2497028874315104e+37
faint_example,sii_ha,0.041304750199016124,4.7090349196551435e+37,0.8600984873994787,0.9020689411796351,4.247874143951243e+37
faint_example,sii_ha,0.04092606597300107,4.702994994790932e+37,0.861203087818035,0.9028421614726245,4.24606216649198e+37
faint_example,sii_ha,0.040550853544838374,4.697010444290721e+37,0.86230036308091,0.903610254156637,4.2442668013419165e+37
faint_example,sii_ha,0.04017908108489398,4.691080760479287e+37,0.8633903397333331,0.9043732378133331,4.242487896198486e+37
faint_example,sii_ha,0.03981071705534971,4.685205440335804e+37,0.8644730445835948,0.9051311312085164,4.2407253001554417e+37
faint_example,sii_ha,0.03944573020752783,4.67938398545117e+37,0.8655485046962235,0.9058839532873565,4.2389788636900513e+37
faint_example,sii_ha,0.039084089579240214,4.673615901985723e+37,0.8666167473852213,0.906631723169655,4.237248438650417e+37
faint_example,sii_ha,0.038725764492161724,4.66790070062735e+37,0.867677800207356,0.9073744601451492,4.235533878242905e+37
faint_example,sii_ha,0.03837072454922788,4.662237896549979e+37,0.8687316909555082,0.9081121836688557,4.233835037019694e+37
faint_example,sii_ha,0.038018939632056124,4.656627009372451e+37,0.8697784476520792,0.9088449133564555,4.2321517708664355e+37
faint_example,sii_ha,0.03767037989839089,4.651067563117767e+37,0.8708180985424574,0.9095726689797202,4.2304839369900303e+37
faint_example,sii_ha,0.03732501577957206,4.645559086172711e+37,0.8718506720885427,0.9102954704619799,4.2288313939065135e+37
faint_example,sii_ha,0.036982817978026626,4.640101111247846e+37,0.872876196962333,0.911013337873633,4.2271940014290537e+37
faint_example,sii_ha,0.03664375746478333,4.634693175337864e+37,0.8738947020395708,0.9117262914276996,4.2255716206560594e+37
faint_example,sii_ha,0.03630780547701014,4.629334819682322e+37,0.8749062163934501,0.9124343514754151,4.223964113959397e+37
faint_example,sii_ha,0.03597493351557424,4.6240255897267145e+37,0.8759107692883872,0.913137538501871,4.2223713449727144e+37
faint_example,sii_ha,0.03564511334262443,4.618765035083916e+37,0.8769083901738525,0.9138358731216968,4.220793178579875e+37
faint_example,sii_ha,0.0353183169791957,4.613552709495979e+37,0.8778991086782651,0.9145293760747856,4.2192294809034937e+37
faint_example,sii_ha,0.03499451670283573,4.608388170796267e+37,0.8788829546029516,0.9152180682220661,4.2176801192935803e+37
faint_example,sii_ha,0.034673685045253165,4.603270980871959e+37,0.879859957916167,0.9159019705413168,4.216144962316288e+37
faint_example,sii_ha,0.034355794789987466,4.59820070562687e+37,0.8808301487471824,0.9165811041230277,4.2146238797427616e+37
faint_example,sii_ha,0.03404081897010009,4.593176914944638e+37,0.881793557380433,0.917255490166303,4.2131167425380914e+37
faint_example,sii_ha,0.03372873086588689,4.588199182652227e+37,0.8827502142497354,0.9179251499748148,4.2116234228503685e+37
faint_example,sii_ha,0.03341950400261143,4.583267086483783e+37,0.8837001499325662,0.9185901049527962,4.210143793999835e+37
faint_example,sii_ha,0.03311311214825911,4.578380208044804e+37,0.8846433951444076,0.9192503766010852,4.2086777304681413e+37
faint_example,sii_ha,0.032809529311311904,4.573538132776656e+37,0.885579980733158,0.9199059865132106,4.2072251078876973e+37
faint_example,sii_ha,0.032508729738543435,4.568740449921401e+37,0.8865099376736084,0.9205569563715259,4.2057858030311206e+37
faint_example,sii_ha,0.032210687912834345,4.563986752486949e+37,0.887433297061985,0.9212033079433894,4.2043596938007847e+37
faint_example,sii_ha,0.031915378551007616,4.5592766372125395e+37,0.8883500901105565,0.9218450630773897,4.2029466592184623e+37
faint_example,sii_ha,0.03162277660168379,4.554609704534527e+37,0.8892603481423095,0.9224822436996166,4.2015465794150584e+37
faint_example,sii_ha,0.031332857243155855,4.549985558552489e+37,0.8901641025856876,0.9231148718099813,4.200159335620447e+37
faint_example,sii_ha,0.031045595881283555,4.545403806995638e+37,0.8910613849693996,0.9237429694785797,4.1987848101533916e+37
faint_example,sii_ha,0.03076096814740708,4.540864061189547e+37,0.8919522269172919,0.9243665588421043,4.1974228864115643e+37
faint_example,sii_ha,0.03047894989627983,4.536365936023179e+37,0.8928366601432877,0.9249856621003014,4.196073448861654e+37
faint_example,sii_ha,0.03019951720402016,4.531909049916216e+37,0.8937147164463932,0.9256003015124753,4.1947363830295653e+37
faint_example,sii_ha,0.02992264636608189,4.527493024786689e+37,0.8945864277057699,0.926210499394039,4.193411575490707e+37
faint_example,sii_ha,0.029648313895243424,4.523117486018904e+37,0.8954518258758727,0.926816278113111,4.1920989138603713e+37
faint_example,sii_ha,0.029376496519615308,4.518782062431665e+37,0.8963109429816551,0.9274176600871586,4.1907982867841996e+37
faint_example,sii_ha,0.029107171180666053,4.514486386246788e+37,0.8971638111138397,0.9280146677796878,4.1895095839287365e+37
faint_example,sii_ha,0.028840315031266057,4.510230093057896e+37,0.8980104624242555,0.9286073236969788,4.188232695972069e+37
faint_example,sii_ha,0.028575905433749466,4.506012821799513e+37,0.8988509291212404,0.9291956503848683,4.186967514594554e+37
faint_example,sii_ha,0.02831391995799379,4.501834214716429e+37,0.8996852434651104,0.9297796704255773,4.185713932469629e+37
faint_example,sii_ha,0.028054336379517132,4.497693917333354e+37,0.9005134377636941,0.9303594064345858,4.1844718432547066e+37
faint_example,sii_ha,0.027797132677592883,4.493591578424847e+37,0.9013355443679321,0.9309348810575524,4.1832411415821543e+37
faint_example,sii_ha,0.02754228703338166,4.489526849985522e+37,0.9021515956675425,0.9315061169672798,4.182021723050357e+37
faint_example,sii_ha,0.027289777828080404,4.4854993872005255e+37,0.9029616240867514,0.9320731368607259,4.1808134842148577e+37
faint_example,sii_ha,0.027039583641088435,4.481508848416283e+37,0.903765662080088,0.9326359634560616,4.179616322579585e+37
faint_example,sii_ha,0.026791683248190316,4.477554895111523e+37,0.9045637421282436,0.9331946194897704,4.178430136588157e+37
faint_example,sii_ha,0.02654605561975539,4.473637191868552e+37,0.9053558967339974,0.9337491277137981,4.1772548256152656e+37
faint_example,sii_ha,0.026302679918953815,4.469755406344805e+37,0.9061421584182031,0.9342995108927422,4.1760902899581416e+37
faint_example,sii_ha,0.02606153549998895,4.4659092092446555e+37,0.9069225597158419,0.9348457918010894,4.174936430828097e+37
faint_example,sii_ha,0.025822601906345957,4.462098274291474e+37,0.907697133172138,0.9353879932204966,4.1737931503421425e+37
faint_example,sii_ha,0.02558585886905645,4.458322278199952e+37,0.9084659113387372,0.9359261379371161,4.172660351514686e+37
faint_example,sii_ha,0.02535128630497907,4.454580900648683e+37,0.9092289267699489,0.9364602487389643,4.171537938249305e+37
faint_example,sii_ha,0.025118864315095794,4.45087382425298e+37,0.9099862120190505,0.9369903484133353,4.170425815330594e+37
faint_example,sii_ha,0.024888573182823902,4.44720073453796e+37,0.9107377996346531,0.9375164597442571,4.169323888416088e+37
faint_example,sii_ha,0.024660393372343388,4.443561319911861e+37,0.9114837221571304,0.9380386055099912,4.1682320640282584e+37
faint_example,sii_ha,0.024434305526939714,4.439955271639612e+37,0.9122240121151088,0.9385568084805762,4.167150249546584e+37
faint_example,sii_ha,0.024210290467361777,4.436382283816643e+37,0.9129587020220171,0.939071091415412,4.166078353199693e+37
faint_example,sii_ha,0.023988329190194897,4.432842053342932e+37,0.9136878243726998,0.9395814770608899,4.16501628405758e+37
faint_example,sii_ha,0.02376840286624876,4.429334279897296e+37,0.9144114116400871,0.9400879881480609,4.163963952023889e+37
faint_example,sii_ha,0.023550492838960088,4.425858665911913e+37,0.9151294962719276,0.9405906473903493,4.162921267828274e+37
faint_example,sii_ha,0.02333458062281002,4.422414916547081e+37,0.9158421106875796,0.9410894774813058,4.1618881430188245e+37
faint_example,sii_ha,0.023120647901755942,4.4190027396662e+37,0.9165492872748613,0.9415845010924029,4.1608644899545604e+37
faint_example,sii_ha,0.022908676527677724,4.415621845810999e+37,0.9172510583869586,0.9420757408708711,4.159850221798e+37
faint_example,sii_ha,0.022698648518838214,4.412271948176973e+37,0.9179474563393939,0.9425632194375757,4.158845252507792e+37
faint_example,sii_ha,0.022490546058357805,4.408952762589061e+37,0.9186385134070486,0.943046959384934,4.1578494968314184e+37
faint_example,sii_ha,0.02228435149270303,4.405664007477529e+37,0.9193242618212467,0.9435269832748726,4.1568628702979587e+37
faint_example,sii_ha,0.022080047330188993,4.4024054038540945e+37,0.9200047337668924,0.9440033136368247,4.1558852892109286e+37
faint_example,sii_ha,0.02187761623949552,4.399176675288252e+37,0.9206799613796658,0.944475972965766,4.1549166706411755e+37
faint_example,sii_ha,0.02167704104819694,4.395977547883827e+37,0.921349976743273,0.9449449837202911,4.1539569324198485e+37
faint_example,sii_ha,0.021478304741305344,4.392807750255742e+37,0.922014811886752,0.9454103683207264,4.1530059931314227e+37
faint_example,sii_ha,0.02128139045982712,4.389667013506989e+37,0.9226744987818348,0.9458721491472843,4.1520637721067967e+37
faint_example,sii_ha,0.021086281499332896,4.386555071205826e+37,0.9233290693403606,0.9463303485382525,4.151130189416448e+37
faint_example,sii_ha,0.020892961308540396,4.3834716593631705e+37,0.9239785554117467,0.9467849887882227,4.1502051658636516e+37
faint_example,sii_ha,0.020701413487910426,4.380416516410207e+37,0.9246229887805099,0.947236092146357,4.1492886229777625e+37
faint_example,sii_ha,0.020511621788255656,4.377389383176197e+37,0.9252624011638415,0.947683680814689,4.148380483007559e+37
faint_example,sii_ha,0.02032357010936222,4.374390002866493e+37,0.9258968242092356,0.9481277769464649,4.147480668914648e+37
faint_example,sii_ha,0.020137242498623885,4.371418121040756e+37,0.9265262894921675,0.9485684026445173,4.146589104366927e+37
faint_example,sii_ha,0.0199526231496888,4.368473485591369e+37,0.9271508285138249,0.9490055799596774,4.145705713732111e+37
faint_example,sii_ha,0.01976969640111861,4.365555846722054e+37,0.9277704726988881,0.9494393308892216,4.1448304220713165e+37
faint_example,sii_ha,0.0195884467350599,4.362664956926675e+37,0.9283852533933626,0.9498696773753538,4.1439631551327025e+37
faint_example,sii_ha,0.01940885877592778,4.359800570968248e+37,0.9289952018624597,0.9502966413037218,4.143103839345175e+37
faint_example,sii_ha,0.019230917289101587,4.3569624458581375e+37,0.9296003492885259,0.9507202445019681,4.142252401812142e+37
faint_example,sii_ha,0.019054607179632473,4.354150340835438e+37,0.9302007267690232,0.9511405087383162,4.1414087703053316e+37
faint_example,sii_ha,0.018879913490962935,4.351364017346554e+37,0.9307963653145555,0.9515574557201888,4.1405728732586664e+37
faint_example,sii_ha,0.018706821403658005,4.348603239024961e+37,0.9313872958469427,0.9519711070928598,4.1397446397621885e+37
faint_example,sii_ha,0.018535316234148114,4.345867771671161e+37,0.9319735491973417,0.9523814844381391,4.138923999556048e+37
faint_example,sii_ha,0.018365383433483463,4.343157383232804e+37,0.932555156104416,0.9527886092730912,4.138110883024541e+37
faint_example,sii_ha,0.018197008586099836,4.340471843785012e+37,0.9331321472125479,0.9531925030487834,4.1373052211902037e+37
faint_example,sii_ha,0.01803017740859569,4.337810925510869e+37,0.933704553070098,0.9535931871490686,4.136506945707961e+37
faint_example,sii_ha,0.01786487574852051,4.335174402682101e+37,0.9342724041277098,0.9539906828893968,4.13571598885933e+37
faint_example,sii_ha,0.01770108958317421,4.332562051639918e+37,0.9348357307366575,0.9543850115156602,4.1349322835466754e+37
faint_example,sii_ha,0.017538805018417612,4.329973650776048e+37,0.9353945631472385,0.9547761942030669,4.1341557632875147e+37
faint_example,sii_ha,0.017378008287493755,4.327408980513939e+37,0.9359489315072074,0.9551642520550451,4.1333863622088816e+37
faint_example,sii_ha,0.01721868574986007,4.324867823290124e+37,0.936498865860256,0.9555492061021792,4.1326240150417373e+37
faint_example,sii_ha,0.017060823890031235,4.322349963535774e+37,0.9370443961445309,0.9559310773011717,4.1318686571154324e+37
faint_example,sii_ha,0.01690440931643264,4.319855187658402e+37,0.937585552191198,0.9563098865338387,4.1311202243522212e+37
faint_example,sii_ha,0.016749428760264373,4.317383284023756e+37,0.9381223637230418,0.9566856546061293,4.130378653261827e+37
faint_example,sii_ha,0.016595869074375606,4.314934042937852e+37,0.9386548603531112,0.9570584022471779,4.129643880936056e+37
faint_example,sii_ha,0.016443717232149314,4.312507256629195e+37,0.9391830715834013,0.957428150108381,4.1289158450434586e+37
faint_example,sii_ha,0.016292960326397224,4.310102719231147e+37,0.9397070268035772,0.9577949187625041,4.1281944838240446e+37
faint_example,sii_ha,0.01614358556826486,4.307720226764474e+37,0.9402267552897331,0.9581587287028132,4.127479736084042e+37
faint_example,sii_ha,0.01599558028614669,4.305359577120027e+37,0.9407422862031949,0.9585196003422364,4.126771541190708e+37
faint_example,sii_ha,0.015848931924611134,4.3030205700416095e+37,0.9412536485893558,0.958877554012549,4.126069839067183e+37
faint_example,sii_ha,0.015703628043335523,4.300703007108982e+37,0.9417608713765524,0.9592326099635867,4.125374570187395e+37
faint_example,sii_ha,0.015559656316050743,4.298406691721037e+37,0.9422639833749755,0.9595847883624827,4.124685675571011e+37
faint_example,sii_ha,0.015417004529495591,4.296131429079111e+37,0.9427630132756191,0.9599341092929333,4.1240030967784334e+37
faint_example,sii_ha,0.015275660582380723,4.29387702617047e+37,0.9432579896492632,0.9602805927544843,4.1233267759058414e+37
faint_example,sii_ha,0.01513561248436208,4.2916432917519295e+37,0.9437489409454934,0.9606242586618454,4.122656655580279e+37
faint_example,sii_ha,0.014996848355023733,4.289430036333633e+37,0.944235895491754,0.9609651268442277,4.12199267895479e+37
faint_example,sii_ha,0.014859356422870068,4.287237072162978e+37,0.944718881492436,0.9613032170447052,4.121334789703594e+37
faint_example,sii_ha,0.014723125024327186,4.285064213208687e+37,0.945197927027999,0.9616385489195993,4.1206829320173064e+37
faint_example,sii_ha,0.014588142602753481,4.28291127514503e+37,0.9456730600541248,0.9619711420378873,4.120037050598209e+37
faint_example,sii_ha,0.014454397707459272,4.280778075336183e+37,0.946144308400906,0.9623010158806343,4.1193970906555552e+37
faint_example,sii_ha,0.014321878992735432,4.278664432820738e+37,0.9466116997720644,0.962628189840445,4.1187629979009215e+37
faint_example,sii_ha,0.014190575216890919,4.276570168296352e+37,0.9470752617442022,0.9629526832209415,4.118134718543606e+37
faint_example,sii_ha,0.014060475241299136,4.274495104104535e+37,0.9475350217660851,0.9632745152362595,4.1175121992860607e+37
faint_example,sii_ha,0.013931568029453029,4.2724390642155785e+37,0.9479910071579545,0.9635937050105682,4.116895387319374e+37
faint_example,sii_ha,0.013803842646028845,4.270401874213627e+37,0.9484432451108701,0.963910271577609,4.116284230318788e+37
faint_example,sii_ha,0.013677288255958488,4.268383361281877e+37,0.9488917626860844,0.9642242338802591,4.1156786764392634e+37
faint_example,sii_ha,0.013551894123510357,4.266383354187921e+37,0.9493365868144427,0.96453561077011,4.1150786743110767e+37
faint_example,sii_ha,0.013427649611378635,4.264401683269217e+37,0.9497777442958153,0.9648444210070708,4.1144841730354653e+37
faint_example,sii_ha,0.013304544179780907,4.262438180418699e+37,0.9502152617985559,0.9651506832589891,4.11389512218031e+37
faint_example,sii_ha,0.013182567385564068,4.260492679070518e+37,0.9506491658589883,0.9654544161012918,4.1133114717758556e+37
faint_example,sii_ha,0.01306170888131841,4.25856501418591e+37,0.9510794828809205,0.9657556380166443,4.1127331723104733e+37
faint_example,sii_ha,0.012941958414499856,4.25665502223919e+37,0.9515062391351863,0.9660543673946305,4.1121601747264576e+37
faint_example,sii_ha,0.012823305826560211,4.2547625412038935e+37,0.9519294607592115,0.9663506225314481,4.1115924304158684e+37
faint_example,sii_ha,0.012705741052085412,4.2528874105390175e+37,0.9523491737566082,0.9666444216296257,4.1110298912164054e+37
faint_example,sii_ha,0.012589254117941668,4.2510294711754103e+37,0.9527654039967933,0.9669357827977554,4.1104725094073233e+37
faint_example,sii_ha,0.012473835142429427,4.2491885655022747e+37,0.9531781772146318,0.9672247240502423,4.1099202377053825e+37
faint_example,sii_ha,0.0123594743344451,4.2473645373537974e+37,0.9535875190101061,0.9675112633070743,4.1093730292608397e+37
faint_example,sii_ha,0.012246161992650483,4.2455572319959027e+37,0.9539934548480075,0.9677954183936052,4.108830837653471e+37
faint_example,sii_ha,0.012133888504649769,4.243766496113125e+37,0.9543960100576534,0.9680772070403573,4.1082936168886374e+37
faint_example,sii_ha,0.012022644346174132,4.2419921777956025e+37,0.954795209832627,0.968356646882839,4.107761321393381e+37
faint_example,sii_ha,0.01191242008027375,4.240234126526193e+37,0.9551910792305386,0.9686337554613771,4.1072339060125582e+37
faint_example,sii_ha,0.011803206356517298,4.238492193167703e+37,0.9555836431728117,0.9689085502209682,4.106711326005011e+37
faint_example,sii_ha,0.011694993910198712,4.236766229950237e+37,0.9559729264444894,0.9691810485111426,4.1061935370397714e+37
faint_example,sii_ha,0.011587773561551261,4.2350560904586615e+37,0.956358953694063,0.9694512675858441,4.1056804951922987e+37
faint_example,sii_ha,0.01148153621496883,4.2333616296201856e+37,0.9567417494333218,0.9697192246033253,4.105172156940756e+37
faint_example,sii_ha,0.01137627285823431,4.231682703692054e+37,0.9571213380372235,0.9699849366260564,4.1046684791623165e+37
faint_example,sii_ha,0.011271974561755105,4.2300191702493526e+37,0.9574977437437855,0.9702484206206498,4.104169419129506e+37
faint_example,sii_ha,0.011168632477805612,4.2283708881729266e+37,0.9578709906539952,0.9705096934577966,4.103674934506578e+37
faint_example,sii_ha,0.011066237839776664,4.2267377176374094e+37,0.9582411027317413,0.9707687719122189,4.103184983345923e+37
faint_example,sii_ha,0.01096478196143185,4.2251195200993615e+37,0.9586081038037632,0.9710256726626342,4.1026995240845087e+37
faint_example,sii_ha,0.010864256236170655,4.2235161582855166e+37,0.9589720175596194,0.9712804122917336,4.1022185155403553e+37
faint_example,sii_ha,0.010764652136298349,4.221927496181138e+37,0.959332867551675,0.9715330072861726,4.101741916909042e+37
faint_example,sii_ha,0.010665961212302578,4.220353399018479e+37,0.9596906771951067,0.9717834740365747,4.101269687760244e+37
faint_example,sii_ha,0.010568175092136586,4.2187937332653514e+37,0.9600454697679255,0.9720318288375478,4.1008017880343055e+37
faint_example,sii_ha,0.010471285480508996,4.2172483666137977e+37,0.960397268411017,0.972278087887712,4.1003381780388396e+37
faint_example,sii_ha,0.010375284158180127,4.215717167968866e+37,0.960746096128199,0.9725222672897393,4.09987881844536e+37
faint_example,sii_ha,0.010280162981264735,4.214200007437491e+37,0.9610919757862944,0.972764383050406,4.0994236702859474e+37
faint_example,sii_ha,0.010185913880541169,4.2126967563174746e+37,0.9614349301152222,0.9730044510806556,4.0989726949499425e+37
faint_example,sii_ha,0.010092528860766845,4.2112072870865664e+37,0.9617749817081035,0.9732424871956724,4.09852585418067e+37
faint_example,sii_ha,0.01,4.2097314733916473e+37,0.9621121530213825,0.9734785071149678,4.0980831100721942e+37
faint_example,oiii_hb,1.0,2e+38,0.20251169057533575,0.8467815645534066,5.921549402471375e+37
faint_example,oiii_hb,0.9908319448927676,1.9853771664636423e+38,0.2040032433092297,0.8508087569349202,5.906210765894776e+37
faint_example,oiii_hb,0.9817479430199844,1.9708883958709693e+38,0.20550295085160553,0.8548579672993349,5.89101275478358e+37
faint_example,oiii_hb,0.9727472237769651,1.9565324591255266e+38,0.20701081613115527,0.8589292035541193,5.875954079875773e+37
faint_example,oiii_hb,0.9638290236239705,1.9423081383992814e+38,0.20852684141274527,0.8630224718144123,5.861033463729362e+37
faint_example,oiii_hb,0.954992586021436,1.928214227029318e+38,0.2100510282898733,0.8671377763826579,5.846249640614015e+37
faint_example,oiii_hb,0.9462371613657931,1.9142495294154707e+38,0.21158337767717678,0.8712751197283772,5.831601356403686e+37
faint_example,oiii_hb,0.9375620069258802,1.9004128609189027e+38,0.21312388980299332,0.8754345024680819,5.817087368470223e+37
faint_example,oiii_hb,0.9289663867799364,1.886703047761612e+38,0.2146725642019776,0.8796159233453396,5.80270644557796e+37
faint_example,oiii_hb,0.9204495717531713,1.873118926926857e+38,0.21622939970777794,0.8838193792110004,5.7884573677792665e+37
faint_example,oiii_hb,0.9120108393559098,1.8596593460604988e+38,0.21779439444577456,0.8880448650035913,5.7743389263110575e+37
faint_example,oiii_hb,0.9036494737223014,1.846323163373243e+38,0.21936754582588427,0.8922923737298876,5.7603499234922585e+37
faint_example,oiii_hb,0.8953647655495938,1.8331092475437844e+38,0.2209488505354329,0.8965618964456687,5.746489172622196e+37
faint_example,oiii_hb,0.8871560120379609,1.8200164776228326e+38,0.22253830453210086,0.9008534222366724,5.732755497879941e+37
faint_example,oiii_hb,0.8790225168308843,1.807043742938022e+38,0.2241359030369432,0.9051669381997467,5.719147734224544e+37
faint_example,oiii_hb,0.8709635899560807,1.794189942999694e+38,0.22574164052748819,0.9095024294242181,5.705664727296228e+37
faint_example,oiii_hb,0.8629785477669702,1.7814539874075376e+38,0.22735551073091823,0.9138598789734792,5.692305333318442e+37
faint_example,oiii_hb,0.8550667128846833,1.768834795758093e+38,0.22897750661733515,0.918239267866805,5.679068419000842e+37
faint_example,oiii_hb,0.8472274141405964,1.7563312975530996e+38,0.23060762039311453,0.9226405750614093,5.665952861443157e+37
faint_example,oiii_hb,0.8394599865193975,1.743942432108683e+38,0.23224584349435126,0.9270637774347484,5.652957548039923e+37
faint_example,oiii_hb,0.831763771102671,1.7316671484653763e+38,0.23389216658040082,0.9315088497670823,5.640081376386104e+37
faint_example,oiii_hb,0.8241381150130023,1.719504405298969e+38,0.2355465795275182,0.9359757647242992,5.627323254183579e+37
faint_example,oiii_hb,0.8165823713585925,1.707453170832166e+38,0.2372090714225996,0.9404644928410189,5.614682099148471e+37
faint_example,oiii_hb,0.8090958991783823,1.6955124227470649e+38,0.23887963055702865,0.9449750025039775,5.602156838919345e+37
faint_example,oiii_hb,0.8016780633876791,1.6836811480984296e+38,0.24055824442063148,0.9495072599357051,5.589746410966231e+37
faint_example,oiii_hb,0.7943282347242815,1.6719583432277616e+38,0.242244899695744,0.9540612291785089,5.577449762500495e+37
faint_example,oiii_hb,0.7870457896950986,1.6603430136781595e+38,0.2439395822513944,0.9586368720787649,5.565265850385527e+37
faint_example,oiii_hb,0.7798301105232587,1.6488341741099568e+38,0.24564227713760464,0.9632341482715325,5.553193641048252e+37
faint_example,oiii_hb,0.7726805850957024,1.6374308482171356e+38,0.2473529685798141,0.967853015165498,5.541232110391447e+37
faint_example,oiii_hb,0.7655966069112563,1.6261320686445054e+38,0.2490716399734289,0.9724934279282581,5.52938024370687e+37
faint_example,oiii_hb,0.7585775750291838,1.6149368769056417e+38,0.25079827387850057,0.9771553394719515,5.51763703558918e+37
faint_example,oiii_hb,0.7516228940182055,1.603844323301576e+38,0.25253285201453657,0.9818387004392488,5.506001489850649e+37
faint_example,oiii_hb,0.744731973905989,1.5928534668402322e+38,0.25427535525544764,0.9865434591897088,5.494472619436653e+37
faint_example,oiii_hb,0.737904230129101,1.5819633751566018e+38,0.2560257636246335,0.9912695617865104,5.483049446341936e+37
faint_example,oiii_hb,0.7311390834834174,1.5711731244336494e+38,0.25778405629021156,0.9960169519835713,5.47173100152765e+37
faint_example,oiii_hb,0.72443596007499,1.560481799323946e+38,0.25955021156039204,1.0007855712130587,5.46051632483915e+37
faint_example,oiii_hb,0.7177942912713617,1.549888492872018e+38,0.26132420687900176,1.005575358573305,5.44940446492454e+37
faint_example,oiii_hb,0.7112135136533291,1.539392306437409e+38,0.2631060188211611,1.0103862508171348,5.438394479153971e+37
faint_example,oiii_hb,0.7046930689671469,1.528992349618448e+38,0.26489562308911674,1.0152181823406152,5.427485433539677e+37
faint_example,oiii_hb,0.6982324040771714,1.5186877401767163e+38,0.2666929945082341,1.020071085172232,5.416676402656741e+37
faint_example,oiii_hb,0.6918309709189365,1.508477603962205e+38,0.26849810702315163,1.0249448889625095,5.405966469564596e+37
faint_example,oiii_hb,0.6854882264526616,1.4983610748391605e+38,0.27031093369410186,1.029839520974075,5.395354725729235e+37
faint_example,oiii_hb,0.6792036326171845,1.48833729461261e+38,0.27213144669340056,1.0347549060721817,5.38484027094614e+37
faint_example,oiii_hb,0.6729766562843177,1.4784054129555591e+38,0.27395961730210905,1.0396909667156944,5.374422213263919e+37
faint_example,oiii_hb,0.6668067692136221,1.468564587336859e+38,0.275795415906871,1.0446476229485517,5.364099668908639e+37
faint_example,oiii_hb,0.660693448007596,1.4588139829497315e+38,0.27763881199692886,1.049624792391708,5.353871762208855e+37
faint_example,oiii_hb,0.6546361740672749,1.449152772640954e+38,0.27948977416132037,1.054622390235565,5.343737625521326e+37
faint_example,oiii_hb,0.6486344335482384,1.4395801368406901e+38,0.2813482700862613,1.0596403292329055,5.333696399157413e+37
faint_example,oiii_hb,0.6426877173170197,1.4300952634929645e+38,0.28321426655271487,1.0646785196923303,5.323747231310149e+37
faint_example,oiii_hb,0.6367955209079158,1.4206973479867758e+38,0.28508772943415217,1.069736869472211,5.313889277981978e+37
faint_example,oiii_hb,0.6309573444801932,1.411385593087841e+38,0.28696862369450576,1.0748152839751655,5.304121702913165e+37
faint_example,oiii_hb,0.6251726927756858,1.4021592088709647e+38,0.28885691338632014,1.0799136661430646,5.294443677510848e+37
faint_example,oiii_hb,0.6194410750767814,1.3930174126530292e+38,0.2907525616491013,1.0850319164525737,5.284854380778748e+37
faint_example,oiii_hb,0.6137620051647942,1.383959428926599e+38,0.2926555307078678,1.090169932911243,5.275352999247527e+37
faint_example,oiii_hb,0.6081350012787179,1.374984489294133e+38,0.29456578187190735,1.0953276110541499,5.26593872690578e+37
faint_example,oiii_hb,0.6025595860743578,1.3660918324028015e+38,0.29648327553373993,1.1005048439410978,5.256610765131655e+37
faint_example,oiii_hb,0.5970352865838369,1.3572807038798995e+38,0.2984079711682915,1.105701522154387,5.247368322625115e+37
faint_example,oiii_hb,0.5915616341754739,1.3485503562688521e+38,0.3003398273322798,1.1109175337971555,5.2382106153408e+37
faint_example,oiii_hb,0.5861381645140287,1.3399000489658083e+38,0.30227880166381493,1.1161527644923004,5.229136866421523e+37
faint_example,oiii_hb,0.580764417521312,1.3313290481568134e+38,0.30422485088221773,1.1214070973819878,5.220146306132367e+37
faint_example,oiii_hb,0.5754399373371569,1.3228366267555595e+38,0.3061779307880577,1.126680413127756,5.211238171795388e+37
faint_example,oiii_hb,0.5701642722807475,1.314422064341706e+38,0.30813799626341243,1.1319725899112136,5.202411707724912e+37
faint_example,oiii_hb,0.5649369748123025,1.306084647099766e+38,0.31010500127235135,1.1372835034353486,5.193666165163437e+37
faint_example,oiii_hb,0.5597576014951101,1.297823667758552e+38,0.3120788988616459,1.1426130269264438,5.185000802218107e+37
faint_example,oiii_hb,0.5546257129579107,1.289638425531178e+38,0.3140596411617077,1.1479610311366109,5.1764148837977845e+37
faint_example,oiii_hb,0.5495408738576245,1.2815282260556107e+38,0.3160471793877569,1.1533273843469436,5.167907681550686e+37
faint_example,oiii_hb,0.5445026528424212,1.273492381335766e+38,0.31804146384122256,1.158711952371301,5.1594784738025975e+37
faint_example,oiii_hb,0.5395106225151276,1.265530209683146e+38,0.32004244391137704,1.164114598560718,5.151126545495653e+37
faint_example,oiii_hb,0.5345643593969717,1.2576410356590106e+38,0.3220500680772054,1.1695351838084547,5.14285118812768e+37
faint_example,oiii_hb,0.5296634438916578,1.2498241900170788e+38,0.32406428390951275,1.1749735665556846,5.134651699692087e+37
faint_example,oiii_hb,0.5248074602497725,1.242079009646757e+38,0.32608503807326933,1.1804296027978272,5.126527384618322e+37
faint_example,oiii_hb,0.5199959965335159,1.234404837516886e+38,0.32811227633019624,1.1859031460915297,5.118477553712862e+37
faint_example,oiii_hb,0.5152286445817564,1.2268010226200038e+38,0.3301459435415923,1.1913940475622993,5.110501524100749e+37
faint_example,oiii_hb,0.5105049999754063,1.2192669199171216e+38,0.33218598367140356,1.1969021559127897,5.102598619167655e+37
faint_example,oiii_hb,0.505824662003114,1.2118018902830028e+38,0.3342323397895367,1.202427317431749,5.094768168502496e+37
faint_example,oiii_hb,0.5011872336272722,1.2044053004519466e+38,0.3362849540754168,1.2079693760036254,5.087009507840549e+37
faint_example,oiii_hb,0.4965923214503361,1.1970765229640674e+38,0.33834376782179115,1.213528173118836,5.07932197900711e+37
faint_example,oiii_hb,0.4920395356814509,1.1898149361120655e+38,0.3404087214387796,1.219103547884705,5.071704929861652e+37
faint_example,oiii_hb,0.48752849010338634,1.182619923888489e+38,0.34247975445817175,1.2246953370370637,5.064157714242517e+37
faint_example,oiii_hb,0.48305880203977264,1.1754908759334751e+38,0.3445568055379726,1.230303374952526,5.056679691912083e+37
faint_example,oiii_hb,0.4786300923226383,1.168427187482975e+38,0.3466398124671958,1.2359274936614286,5.049270228502467e+37
faint_example,oiii_hb,0.47424198526024464,1.1614282593174495e+38,0.34872871217090623,1.241567522861447,5.041928695461706e+37
faint_example,oiii_hb,0.4698941086052154,1.1544934977110371e+38,0.3508234407155114,1.247223289931881,5.034654470000434e+37
faint_example,oiii_hb,0.46558609352295893,1.1476223143811878e+38,0.35292393331430216,1.252894619948616,5.027446935039054e+37
faint_example,oiii_hb,0.46131757456037936,1.1408141264387584e+38,0.35503012433324216,1.258581335699754,5.020305479155386e+37
faint_example,oiii_hb,0.457088189614875,1.1340683563385657e+38,0.3571419472970071,1.2642832577019192,5.013229496532806e+37
faint_example,oiii_hb,0.45289757990362073,1.127384431830392e+38,0.3592593348952726,1.270000204217236,5.0062183869088485e+37
faint_example,oiii_hb,0.4487453899331321,1.120761785910442e+38,0.36138221898925105,1.275731991270978,4.999271555524286e+37
faint_example,oiii_hb,0.4446312674691087,1.1141998567732419e+38,0.3635105306184763,1.281478432669886,4.992388413072677e+37
faint_example,oiii_hb,0.4405548635065533,1.1076980877639813e+38,0.3656442000078367,1.2872393400211593,4.985568375650376e+37
faint_example,oiii_hb,0.436515832240166,1.1012559273312922e+38,0.3677831565748547,1.293014522752108,4.978810864706996e+37
faint_example,oiii_hb,0.43251383103500873,1.0948728289804595e+38,0.36992732893721303,1.2988037881304753,4.972115306996332e+37
faint_example,oiii_hb,0.4285485203974395,1.088548251227062e+38,0.37207664492052633,1.304606941285421,4.965481134527733e+37
faint_example,oiii_hb,0.4246195639463129,1.0822816575510378e+38,0.37423103156635684,1.3104237852291634,4.958907784517917e+37
faint_example,oiii_hb,0.4207266283844441,1.07607251635117e+38,0.37639041514047406,1.31625412087928,4.9523946993432315e+37
faint_example,oiii_hb,0.4168693834703354,1.0699203008999912e+38,0.37855472114135563,1.3220977470816602,4.945941326492344e+37
faint_example,oiii_hb,0.4130475019901613,1.0638244892991002e+38,0.38072387430892923,1.327954460634109,4.939547118519381e+37
faint_example,oiii_hb,0.40926065973001086,1.0577845644348898e+38,0.38289779863355344,1.3338240563105943,4.933211532997482e+37
faint_example,oiii_hb,0.40550853544838383,1.0518000139346778e+38,0.3850764173652364,1.3397063268861382,4.926934032472785e+37
faint_example,oiii_hb,0.4017908108489399,1.0458703301232437e+38,0.3872596530230895,1.3456010631623418,4.920714084418833e+37
faint_example,oiii_hb,0.3981071705534972,1.0399950099797613e+38,0.3894474274050155,1.3515080539935418,4.914551161191403e+37
faint_example,oiii_hb,0.3944573020752784,1.0341735550951273e+38,0.3916396615976279,1.3574270863135953,4.908444739983746e+37
faint_example,oiii_hb,0.390840895792402,1.0284054716296795e+38,0.39383627598640114,1.3633579451632831,4.902394302782227e+37
faint_example,oiii_hb,0.3872576449216172,1.0226902702713064e+38,0.3960371902660461,1.3693004137183244,4.896399336322395e+37
faint_example,oiii_hb,0.38370724549227875,1.0170274661939354e+38,0.3982423234511133,1.375254273318006,4.890459332045432e+37
faint_example,oiii_hb,0.3801893963205612,1.0114165790164075e+38,0.4004515938868163,1.381219303494404,4.884573786055018e+37
faint_example,oiii_hb,0.3767037989839089,1.0058571327617235e+38,0.4026649192600765,1.3871952820022067,4.878742199074581e+37
faint_example,oiii_hb,0.37325015779572057,1.0003486558166683e+38,0.40488221661078455,1.3931819848491183,4.872964076404942e+37
faint_example,oiii_hb,0.3698281797802662,9.948906808918021e+37,0.4071034023432763,1.3991791863268461,4.867238927882356e+37
faint_example,oiii_hb,0.3664375746478333,9.89482744981821e+37,0.4093283922380199,1.4051866590426538,4.86156626783692e+37
faint_example,oiii_hb,0.36307805477010135,9.84124389326279e+37,0.41155710146351127,1.4112041739514805,4.855945615051387e+37
faint_example,oiii_hb,0.3597493351557423,9.788151593706712e+37,0.41378944458837463,1.4172315003886116,4.85037649272033e+37
faint_example,oiii_hb,0.35645113342624424,9.735546047278733e+37,0.4160253355936651,1.4232684061028957,4.844858428409703e+37
faint_example,oiii_hb,0.35318316979195696,9.683422791399353e+37,0.4182646878853686,1.4293146572904951,4.839390954016761e+37
faint_example,oiii_hb,0.34994516702835726,9.631777404402242e+37,0.4205074143070976,1.4353700186291636,4.8339736057303505e+37
faint_example,oiii_hb,0.3467368504525316,9.580605505159155e+37,0.4227534271529773,1.4414342533130389,4.828605923991566e+37
faint_example,oiii_hb,0.3435579478998746,9.529902752708271e+37,0.4250026381807193,1.4475071230879424,4.82328745345476e+37
faint_example,oiii_hb,0.34040818970100084,9.479664845885945e+37,0.42725495862487844,1.4535883882871719,4.818017742948921e+37
faint_example,oiii_hb,0.33728730865886886,9.429887522961839e+37,0.42951029921028944,1.4596778078677817,4.812796345439399e+37
faint_example,oiii_hb,0.3341950400261142,9.380566561277392e+37,0.43176857016567843,1.4657751394473317,4.807622817989981e+37
faint_example,oiii_hb,0.3311311214825911,9.331697776887609e+37,0.43402968123744623,1.471880139341105,4.802496721725319e+37
faint_example,oiii_hb,0.328095293113119,9.283277024206134e+37,0.43629354170361767,1.4779925625997676,4.797417621793696e+37
faint_example,oiii_hb,0.3250872973854344,9.235300195653579e+37,0.43856006038795375,1.4841121630474752,4.792385087330141e+37
faint_example,oiii_hb,0.32210687912834346,9.187763221309061e+37,0.4408291456742224,1.4902386933204004,4.787398691419877e+37
faint_example,oiii_hb,0.31915378551007617,9.140662068564966e+37,0.4431007055206209,1.4963719049056765,4.782458011062105e+37
faint_example,oiii_hb,0.31622776601683794,9.093992741784842e+37,0.44537464747434924,1.502511548180743,4.77756262713412e+37
faint_example,oiii_hb,0.31332857243155854,9.047751281964456e+37,0.44765087868632525,1.5086573724530783,4.772712124355758e+37
faint_example,oiii_hb,0.31045595881283555,9.001933766395943e+37,0.4499293059260405,1.5148091260003096,4.767906091254166e+37
faint_example,oiii_hb,0.3076096814740708,8.95653630833504e+37,0.45220983559654954,1.5209665561106838,4.763144120128896e+37
faint_example,oiii_hb,0.3047894989627983,8.911555056671364e+37,0.45449237374958823,1.5271294091238885,4.758425807017322e+37
faint_example,oiii_hb,0.3019951720402016,8.866986195601734e+37,0.4567768261008166,1.533297430472205,4.753750751660367e+37
faint_example,oiii_hb,0.2992264636608189,8.822825944306458e+37,0.45906309804518014,1.5394703647219863,4.749118557468555e+37
faint_example,oiii_hb,0.2964831389524342,8.779070556628606e+37,0.46135109467238533,1.5456479556154405,4.744528831488361e+37
faint_example,oiii_hb,0.2937649651961531,8.735716320756223e+37,0.46364072078248286,1.5518299461127036,4.73998118436888e+37
faint_example,oiii_hb,0.2910717118066605,8.69275955890745e+37,0.46593188090155435,1.5580160784341968,4.735475230328799e+37
faint_example,oiii_hb,0.28840315031266056,8.650196627018534e+37,0.4682244792974966,1.564206094103241,4.731010587123668e+37
faint_example,oiii_hb,0.28575905433749466,8.608023914434702e+37,0.4705184199958973,1.5703997339889226,4.7265868760134755e+37
faint_example,oiii_hb,0.2831391995799379,8.56623784360386e+37,0.4728136067959982,1.576596738349195,4.722203721730521e+37
faint_example,oiii_hb,0.2805433637951713,8.524834869773108e+37,0.4751099432867388,1.5827968468741949,4.717860752447574e+37
faint_example,oiii_hb,0.27797132677592884,8.483811480688043e+37,0.47740733286287473,1.5889997987297617,4.713557599746344e+37
faint_example,oiii_hb,0.2754228703338166,8.443164196294793e+37,0.4797056787411671,1.5952053326011513,4.709293898586213e+37
faint_example,oiii_hb,0.272897778280804,8.40288956844482e+37,0.4820048839766341,1.6014131867369121,4.705069287273278e+37
faint_example,oiii_hb,0.2703958364108843,8.362984180602398e+37,0.4843048514788617,1.6076230989929268,4.700883407429668e+37
faint_example,oiii_hb,0.2679168324819031,8.323444647554792e+37,0.48660548402836634,1.6138348068765893,4.696735903963136e+37
faint_example,oiii_hb,0.2654605561975539,8.284267615125081e+37,0.48890668429300393,1.6200480475911108,4.692626425036942e+37
faint_example,oiii_hb,0.2630267991895382,8.2454497598876235e+37,0.49120835484441966,1.6262625580799333,4.688554622040006e+37
faint_example,oiii_hb,0.2606153549998896,8.206987788886128e+37,0.49351039817453196,1.6324780750712364,4.684520149557332e+37
faint_example,oiii_hb,0.25822601906345966,8.168878439354306e+37,0.4958127167120457,1.6386943351225236,4.680522665340708e+37
faint_example,oiii_hb,0.2558585886905646,8.131118478439092e+37,0.49811521283898774,1.6449110746652669,4.6765618302796705e+37
faint_example,oiii_hb,0.25351286304979076,8.093704702926395e+37,0.5004177889072595,1.651128030049601,4.672637308372745e+37
faint_example,oiii_hb,0.251188643150958,8.05663393896937e+37,0.5027203472552004,1.6573449375890412,4.668748766698931e+37
faint_example,oiii_hb,0.2488857318282391,8.019903041819169e+37,0.5050227902241562,1.6635615336052219,4.664895875389469e+37
faint_example,oiii_hb,0.24660393372343392,7.98350889555818e+37,0.5073250201750462,1.6697775544726248,4.661078307599855e+37
faint_example,oiii_hb,0.2443430552693972,7.947448412835692e+37,0.5096269395049233,1.6759927366632932,4.657295739482111e+37
faint_example,oiii_hb,0.2421029046736178,7.911718534605997e+37,0.5119284506635214,1.682206816791508,4.653547850157318e+37
faint_example,oiii_hb,0.23988329190194904,7.876316229868887e+37,0.5142294561697832,1.6884195316584147,4.64983432168839e+37
faint_example,oiii_hb,0.23768402866248767,7.841238495412529e+37,0.5165298586283634,1.6946306182965811,4.646154839053109e+37
faint_example,oiii_hb,0.23550492838960096,7.8064823555587045e+37,0.5188295607461015,1.7008398140144743,4.6425090901173925e+37
faint_example,oiii_hb,0.23334580622810028,7.772044861910374e+37,0.5211284653484571,1.7070468564408343,4.6388967656088265e+37
faint_example,oiii_hb,0.23120647901755947,7.737923093101567e+37,0.5234264753959027,1.7132514835689374,4.63531755909042e+37
faint_example,oiii_hb,0.2290867652767773,7.704114154549555e+37,0.5257234940002683,1.7194534338007246,4.631771166934615e+37
faint_example,oiii_hb,0.2269864851883822,7.670615178209305e+37,0.5280194244410311,1.725652445990784,4.628257288297525e+37
faint_example,oiii_hb,0.2249054605835781,7.637423322330178e+37,0.530314170181546,1.7318482594901745,4.624775625093421e+37
faint_example,oiii_hb,0.22284351492703036,7.604535771214862e+37,0.5326076348852088,1.7380406141900637,4.621325881969437e+37
faint_example,oiii_hb,0.22080047330188998,7.571949734980514e+37,0.5348997224315486,1.744229250565181,4.617907766280519e+37
faint_example,oiii_hb,0.21877616239495523,7.539662449322088e+37,0.5371903369322433,1.7504139097170568,4.614520988064601e+37
faint_example,oiii_hb,0.21677041048196946,7.507671175277842e+37,0.5394793827470507,1.7565943334170369,4.611165260018001e+37
faint_example,oiii_hb,0.21478304741305337,7.475973198996983e+37,0.5417667644996528,1.7627702641490628,4.607840297471058e+37
faint_example,oiii_hb,0.21281390459827118,7.444565831509456e+37,0.5440523870934044,1.768941445152192,4.6045458183639745e+37
faint_example,oiii_hb,0.21086281499332893,7.413446408497827e+37,0.5463361557269834,1.775107620462855,4.601281543222895e+37
faint_example,oiii_hb,0.20892961308540392,7.382612290071274e+37,0.5486179759099353,1.7812685349568254,4.598047195136193e+37
faint_example,oiii_hb,0.2070141348791042,7.35206086054164e+37,0.550897753478108,1.7874239343908915,4.594842499730987e+37
faint_example,oiii_hb,0.20511621788255652,7.321789528201537e+37,0.5531753946089707,1.7935735654442209,4.591667185149856e+37
faint_example,oiii_hb,0.20323570109362216,7.291795725104496e+37,0.5554508058368122,1.799717175759393,4.588520982027791e+37
faint_example,oiii_hb,0.2013724249862388,7.262076906847127e+37,0.5577238940678125,1.805854513983094,4.585403623469325e+37
faint_example,oiii_hb,0.19952623149688792,7.232630552353262e+37,0.5599945665949854,1.8119853298064605,4.582314845025912e+37
faint_example,oiii_hb,0.19769696401118608,7.203454163660104e+37,0.5622627311129824,1.8181093740050527,4.579254384673484e+37
faint_example,oiii_hb,0.195884467350599,7.174545265706316e+37,0.5645282957327581,1.8242263984784468,4.576221982790218e+37
faint_example,oiii_hb,0.19408858775927784,7.145901406122056e+37,0.5667911689960887,1.8303361562894396,4.573217382134527e+37
faint_example,oiii_hb,0.19230917289101584,7.117520155020948e+37,0.5690512598899404,1.8364384017028392,4.570240327823222e+37
faint_example,oiii_hb,0.19054607179632474,7.089399104793949e+37,0.5713084778606823,1.8425328902238423,4.5672905673099005e+37
faint_example,oiii_hb,0.18879913490962935,7.061535869905103e+37,0.573562732828141,1.8486193786359806,4.564367850363518e+37
faint_example,oiii_hb,0.18706821403658005,7.033928086689184e+37,0.5758139351994894,1.8546976250386213,4.5614719290471625e+37
faint_example,oiii_hb,0.18535316234148114,7.006573413151177e+37,0.5780619958829688,1.860767388884016,4.558602557697023e+37
faint_example,oiii_hb,0.18365383433483465,6.979469528767608e+37,0.5803068263014367,1.8668284310138792,4.555759492901543e+37
faint_example,oiii_hb,0.18197008586099836,6.952614134289687e+37,0.5825483384057393,1.8728805136954962,4.552942493480782e+37
faint_example,oiii_hb,0.1803017740859569,6.926004951548265e+37,0.584786444687902,1.8789234006573354,4.550151320465948e+37
faint_example,oiii_hb,0.17864875748520506,6.8996397232605745e+37,0.5870210581941355,1.884956857124166,4.547385737079127e+37
faint_example,oiii_hb,0.17701089583174212,6.873516212838742e+37,0.5892520925376533,1.8909806498516641,4.544645508713201e+37
faint_example,oiii_hb,0.1753880501841761,6.84763220420005e+37,0.5914794619112971,1.8969945471605019,4.541930402911939e+37
faint_example,oiii_hb,0.17378008287493754,6.821985501578954e+37,0.593703081099965,1.9029983189699051,4.539240189350286e+37
faint_example,oiii_hb,0.1721868574986007,6.796573929340807e+37,0.5959228654928415,1.908991736830672,4.536574639814816e+37
faint_example,oiii_hb,0.17060823890031235,6.771395331797301e+37,0.5981387310954238,1.9149745739576447,4.533933528184378e+37
faint_example,oiii_hb,0.16904409316432642,6.746447573023597e+37,0.6003505945413427,1.920946605261625,4.531316630410912e+37
faint_example,oiii_hb,0.16749428760264373,6.721728536677132e+37,0.602558373103972,1.9269076073807243,4.528723724500444e+37
faint_example,oiii_hb,0.16595869074375605,6.697236125818088e+37,0.6047619847078284,1.9328573587111368,4.526154590494251e+37
faint_example,oiii_hb,0.16443717232149316,6.67296826273151e+37,0.6069613479397539,1.9387956394373356,4.523609010450204e+37
faint_example,oiii_hb,0.16292960326397224,6.648922888751044e+37,0.6091563820598803,1.944722231561677,4.521086768424281e+37
faint_example,oiii_hb,0.16143585568264862,6.625097964084305e+37,0.6113470070123743,1.9506369189334107,4.518587650452245e+37
faint_example,oiii_hb,0.15995580286146688,6.601491467639836e+37,0.6135331434359564,1.9565394872770825,4.516111444531497e+37
faint_example,oiii_hb,0.15848931924611134,6.5781013968556595e+37,0.6157147126741968,1.9624297242203315,4.513657940603087e+37
faint_example,oiii_hb,0.15703628043335524,6.554925767529394e+37,0.6178916367855805,1.9683074193210672,4.511226930533898e+37
faint_example,oiii_hb,0.15559656316050743,6.531962613649936e+37,0.6200638385533442,1.9741723640940296,4.50881820809899e+37
faint_example,oiii_hb,0.15417004529495593,6.509209987230681e+37,0.6222312414950791,1.9800243520367136,4.506431568964103e+37
faint_example,oiii_hb,0.15275660582380723,6.486665958144272e+37,0.6243937698720993,1.985863178654668,4.504066810668326e+37
faint_example,oiii_hb,0.1513561248436208,6.464328613958866e+37,0.6265513486985745,1.9916886414861514,4.50172373260692e+37
faint_example,oiii_hb,0.1499684835502373,6.442196059775901e+37,0.6287039037504248,1.9975005401261472,4.4994021360143e+37
faint_example,oiii_hb,0.14859356422870068,6.42026641806935e+37,0.6308513615739747,2.003298676249732,4.49710182394718e+37
faint_example,oiii_hb,0.14723125024327186,6.398537828526446e+37,0.6329936494943667,2.00908285363479,4.494822601267854e+37
faint_example,oiii_hb,0.14588142602753484,6.377008447889874e+37,0.6351306956237326,2.014852878184078,4.492564274627655e+37
faint_example,oiii_hb,0.14454397707459277,6.355676449801403e+37,0.6372624288691211,2.0206085579466273,4.490326652450542e+37
faint_example,oiii_hb,0.14321878992735435,6.334540024646954e+37,0.6393887789401802,2.0263497031384867,4.488109544916859e+37
faint_example,oiii_hb,0.14190575216890922,6.313597379403091e+37,0.6415096763565936,2.032076126162803,4.485912763947223e+37
faint_example,oiii_hb,0.1406047524129914,6.292846737484915e+37,0.6436250524552718,2.037787641629234,4.483736123186575e+37
faint_example,oiii_hb,0.13931568029453031,6.272286338595354e+37,0.6457348393972944,2.0434840663726948,4.481579437988369e+37
faint_example,oiii_hb,0.1380384264602885,6.251914438575841e+37,0.6478389701746047,2.0491652194714325,4.47944252539891e+37
faint_example,oiii_hb,0.13677288255958492,6.2317293092583445e+37,0.6499373786164573,2.0548309222644345,4.47732520414183e+37
faint_example,oiii_hb,0.1355189412351036,6.211729238318779e+37,0.6520299993956146,2.0604809983681593,4.475227294602715e+37
faint_example,oiii_hb,0.1342764961137864,6.191912529131734e+37,0.6541167680342962,2.0661152736925996,4.473148618813864e+37
faint_example,oiii_hb,0.1330454417978091,6.172277500626562e+37,0.6561976209098774,2.071733576456669,4.471089000439195e+37
faint_example,oiii_hb,0.1318256738556407,6.152822487144756e+37,0.6582724952603408,2.07733573720292,4.469048264759286e+37
faint_example,oiii_hb,0.13061708881318415,6.133545838298664e+37,0.6603413291894753,2.0829215888115833,4.467026238656549e+37
faint_example,oiii_hb,0.1294195841449986,6.114445918831475e+37,0.6624040616718302,2.0884909665139415,4.46502275060055e+37
faint_example,oiii_hb,0.12823305826560213,6.095521108478505e+37,0.6644606325574169,2.094043707905026,4.463037630633455e+37
faint_example,oiii_hb,0.12705741052085415,6.076769801829745e+37,0.6665109825761657,2.0995796529556476,4.461070710355613e+37
faint_example,oiii_hb,0.12589254117941673,6.058190408193674e+37,0.668555053342132,2.1050986440237565,4.45912182291127e+37
faint_example,oiii_hb,0.12473835142429429,6.0397813514623175e+37,0.6705927873574588,2.110600525865139,4.457190802974415e+37
faint_example,oiii_hb,0.12359474334445104,6.021541069977546e+37,0.6726241280160891,2.1160851456434404,4.455277486734753e+37
faint_example,oiii_hb,0.12246161992650487,6.003468016398597e+37,0.6746490196072366,2.121552352939539,4.4533817118838145e+37
faint_example,oiii_hb,0.12133888504649772,5.985560657570818e+37,0.6766674073186092,2.1270019997602447,4.451503317601181e+37
faint_example,oiii_hb,0.12022644346174129,5.967817474395595e+37,0.6786792372393915,2.1324339405463575,4.449642144540842e+37
faint_example,oiii_hb,0.11912420080273747,5.950236961701501e+37,0.6806844563629831,2.1378480321800546,4.447798034817686e+37
faint_example,oiii_hb,0.11803206356517296,5.932817628116601e+37,0.6826830125894969,2.1432441339916415,4.445970831994095e+37
faint_example,oiii_hb,0.11694993910198709,5.915557995941937e+37,0.6846748547280186,2.14862210776565,4.444160381066682e+37
faint_example,oiii_hb,0.1158777356155126,5.898456601026181e+37,0.6866599324986263,2.153981817746291,4.442366528453142e+37
faint_example,oiii_hb,0.11481536214968827,5.881511992641424e+37,0.6886381965341754,2.1593231306422735,4.440589121979217e+37
faint_example,oiii_hb,0.11376272858234307,5.864722733360108e+37,0.6906095983818473,2.164645915630988,4.438828010865792e+37
faint_example,oiii_hb,0.11271974561755102,5.848087398933094e+37,0.6925740905044658,2.1699500443620576,4.437083045716104e+37
faint_example,oiii_hb,0.1116863247780561,5.831604578168833e+37,0.6945316262815813,2.1752353909602697,4.43535407850307e+37
faint_example,oiii_hb,0.11066237839776662,5.815272872813662e+37,0.6964821600103263,2.180501832027881,4.433640962556723e+37
faint_example,oiii_hb,0.1096478196143185,5.799090897433183e+37,0.6984256469060427,2.1857492466463153,4.431943552551778e+37
faint_example,oiii_hb,0.10864256236170655,5.783057279294734e+37,0.7003620431026849,2.1909775163772496,4.430261704495297e+37
faint_example,oiii_hb,0.1076465213629835,5.767170658250949e+37,0.7022913056529972,2.1961865252630925,4.42859527571448e+37
faint_example,oiii_hb,0.10665961212302578,5.75142968662436e+37,0.7042133925284733,2.201376159826878,4.426944124844559e+37
faint_example,oiii_hb,0.10568175092136585,5.735833029093085e+37,0.7061282626190939,2.2065463090715536,4.425308111816803e+37
faint_example,oiii_hb,0.10471285480508996,5.720379362577546e+37,0.70803587573285,2.211696864478695,4.423687097846641e+37
faint_example,oiii_hb,0.10375284158180126,5.705067376128228e+37,0.7099361925950515,2.2168277200066386,4.422080945421887e+37
faint_example,oiii_hb,0.10280162981264736,5.689895770814481e+37,0.7118291748474231,2.2219387720880426,4.4204895182910745e+37
faint_example,oiii_hb,0.1018591388054117,5.674863259614314e+37,0.7137147850469941,2.2270299196268843,4.418912681451897e+37
faint_example,oiii_hb,0.10092528860766845,5.659968567305231e+37,0.715592986664778,2.2321010639949006,4.417350301139756e+37
faint_example,oiii_hb,0.1,5.645210430356044e+37,0.7174637440842513,2.2371521090274786,4.415802244816414e+37
faint_example,oiii_hb,0.09908319448927676,5.630587596819686e+37,0.7193270225996308,2.242182961019003,4.414268381158753e+37
faint_example,oiii_hb,0.09817479430199844,5.616098826227013e+37,0.7211827884139511,2.247193528717668,4.412748580047635e+37
faint_example,oiii_hb,0.09727472237769651,5.60174288948157e+37,0.7230310086369487,2.2521837233197615,4.411242712556854e+37
faint_example,oiii_hb,0.09638290236239705,5.587518568755325e+37,0.7248716512827525,2.257153458463432,4.409750650942213e+37
faint_example,oiii_hb,0.09549925860214359,5.573424657385361e+37,0.7267046852673855,2.262102650221941,4.408272268630678e+37
faint_example,oiii_hb,0.0946237161365793,5.559459959771514e+37,0.7285300804060785,2.267031217096412,4.406807440209645e+37
faint_example,oiii_hb,0.09375620069258803,5.545623291274946e+37,0.7303478074104022,2.2719390800080856,4.405356041416298e+37
faint_example,oiii_hb,0.09289663867799362,5.531913478117655e+37,0.7321578378852173,2.276826162290087,4.403917949127073e+37
faint_example,oiii_hb,0.09204495717531712,5.5183293572829e+37,0.7339601443254481,2.28169238967871,4.402493041347203e+37
faint_example,oiii_hb,0.09120108393559097,5.504869776416542e+37,0.7357547001126811,2.286537690304239,4.401081197200382e+37
faint_example,oiii_hb,0.09036494737223014,5.491533593729286e+37,0.7375414795115933,2.291361994681302,4.399682296918502e+37
faint_example,oiii_hb,0.08953647655495937,5.478319677899827e+37,0.7393204576662119,2.296165235698772,4.3982962218314955e+37
faint_example,oiii_hb,0.08871560120379608,5.465226907978875e+37,0.7410916105960097,2.3009473486092262,4.3969228543572705e+37
faint_example,oiii_hb,0.08790225168308842,5.452254173294065e+37,0.7428549151918393,2.3057082710179664,4.395562077991731e+37
faint_example,oiii_hb,0.08709635899560805,5.439400373355737e+37,0.7446103492117089,2.310447942871614,4.394213777298899e+37
faint_example,oiii_hb,0.08629785477669702,5.42666441776358e+37,0.746357891276403,2.315166306446288,4.392877837901121e+37
faint_example,oiii_hb,0.08550667128846832,5.414045226114137e+37,0.7480975208649521,2.3198633063353706,4.39155414646936e+37
faint_example,oiii_hb,0.08472274141405964,5.401541727909143e+37,0.7498292183099547,2.324538889436878,4.390242590713592e+37
faint_example,oiii_hb,0.08394599865193973,5.389152862464726e+37,0.7515529647927528,2.3291930049404326,4.388943059373268e+37
faint_example,oiii_hb,0.08317637711026708,5.37687757882142e+37,0.7532687423384674,2.333825604313862,4.387655442207887e+37
faint_example,oiii_hb,0.08241381150130021,5.364714835655012e+37,0.7549765338108966,2.3384366412894204,4.386379629987634e+37
faint_example,oiii_hb,0.08165823713585922,5.352663601188209e+37,0.7566763229072765,2.3430260718496463,4.385115514484123e+37
faint_example,oiii_hb,0.08090958991783821,5.340722853103107e+37,0.7583680941529136,2.3475938542128665,4.383862988461211e+37
faint_example,oiii_hb,0.0801678063387679,5.328891578454472e+37,0.7600518328956875,2.352139948818356,4.382621945665899e+37
faint_example,oiii_hb,0.07943282347242814,5.317168773583805e+37,0.7617275253004301,2.3566643183111613,4.381392280819326e+37
faint_example,oiii_hb,0.07870457896950984,5.305553444034203e+37,0.7633951583431838,2.3611669275265963,4.380173889607829e+37
faint_example,oiii_hb,0.07798301105232586,5.294044604466e+37,0.7650547198053413,2.365647743474422,4.378966668674102e+37
faint_example,oiii_hb,0.07726805850957022,5.2826412785731785e+37,0.7667061982676718,2.370106735322714,4.377770515608421e+37
faint_example,oiii_hb,0.07655966069112562,5.271342499000548e+37,0.7683495831042363,2.3745438743814384,4.3765853289399635e+37
faint_example,oiii_hb,0.07585775750291836,5.260147307261685e+37,0.7699848644761957,2.378959134085729,4.375411008128194e+37
faint_example,oiii_hb,0.07516228940182053,5.249054753657618e+37,0.7716120333255149,2.3833524899788903,4.374247453554341e+37
faint_example,oiii_hb,0.07447319739059889,5.238063897196275e+37,0.7732310813685648,2.3877239196951248,4.373094566512942e+37
faint_example,oiii_hb,0.07379042301291007,5.227173805512644e+37,0.7748420010896302,2.3920734029420014,4.37195224920347e+37
faint_example,oiii_hb,0.07311390834834172,5.216383554789693e+37,0.7764447857343202,2.3964009214826647,4.370820404722042e+37
faint_example,oiii_hb,0.07244359600749899,5.205692229679989e+37,0.7780394293028914,2.4007064591178064,4.369698937053191e+37
faint_example,oiii_hb,0.07177942912713615,5.195098923228061e+37,0.7796259265434805,2.4049900016673975,4.368587751061731e+37
faint_example,oiii_hb,0.07112135136533289,5.1846027367934515e+37,0.7812042729452564,2.4092515369521923,4.367486752484673e+37
faint_example,oiii_hb,0.07046930689671467,5.174202779974491e+37,0.782774464731489,2.4134910547750206,4.366395847923244e+37
faint_example,oiii_hb,0.06982324040771715,5.163898170532759e+37,0.7843364988525426,2.4177085469018653,4.365314944834951e+37
faint_example,oiii_hb,0.06918309709189366,5.153688034318249e+37,0.7858903729787937,2.421904007042743,4.3642439515257355e+37
faint_example,oiii_hb,0.06854882264526617,5.143571505195204e+37,0.7874360854934793,2.426077430832394,4.3631827771422e+37
faint_example,oiii_hb,0.06792036326171846,5.133547724968653e+37,0.7889736354854764,2.4302288158107865,4.362131331663891e+37
faint_example,oiii_hb,0.06729766562843179,5.123615843311603e+37,0.7905030227420178,2.434358161403448,4.361089525895668e+37
faint_example,oiii_hb,0.06668067692136222,5.113775017692902e+37,0.7920242477413472,2.4384654689016374,4.36005727146014e+37
faint_example,oiii_hb,0.06606934480075961,5.104024413305775e+37,0.7935373116453137,2.4425507414423473,4.359034480790162e+37
faint_example,oiii_hb,0.0654636174067275,5.094363202996997e+37,0.7950422162919156,2.4466139839881724,4.358021067121409e+37
faint_example,oiii_hb,0.06486344335482384,5.084790567196733e+37,0.7965389641877868,2.4506552033070244,4.357016944485017e+37
faint_example,oiii_hb,0.06426877173170198,5.075305693849008e+37,0.7980275585006389,2.454674407951725,4.356022027700291e+37
faint_example,oiii_hb,0.06367955209079158,5.065907778342819e+37,0.7995080030516551,2.458671608239469,4.355036232367474e+37
faint_example,oiii_hb,0.06309573444801933,5.056596023443885e+37,0.800980302307842,2.462646816231173,4.354059474860593e+37
faint_example,oiii_hb,0.06251726927756858,5.047369639227008e+37,0.8024444613743402,2.466600045710719,4.353091672320361e+37
faint_example,oiii_hb,0.06194410750767815,5.038227843009073e+37,0.8039004859866996,2.4705313121640886,4.352132742647151e+37
faint_example,oiii_hb,0.06137620051647943,5.029169859282642e+37,0.805348382503119,2.4744406327584216,4.351182604494029e+37
faint_example,oiii_hb,0.060813500127871796,5.020194919650176e+37,0.8067881578966556,2.47832802632097,4.350241177259855e+37
faint_example,oiii_hb,0.06025595860743578,5.011302262758845e+37,0.8082198197474046,2.482193513317992,4.349308381082442e+37
faint_example,oiii_hb,0.059703528658383694,5.002491134235943e+37,0.8096433762346544,2.4860371158335672,4.348384136831788e+37
faint_example,oiii_hb,0.0591561634175474,4.993760786624895e+37,0.8110588361290175,2.4898588575483473,4.347468366103356e+37
faint_example,oiii_hb,0.05861381645140288,4.985110479321851e+37,0.8124662087845418,2.4936587637182632,4.346560991211429e+37
faint_example,oiii_hb,0.05807644175213121,4.976539478512857e+37,0.8138655041308039,2.4974368611531705,4.345661935182513e+37
faint_example,oiii_hb,0.057543993733715694,4.968047057111603e+37,0.815256732664988,2.501193178195468,4.344771121748815e+37
faint_example,oiii_hb,0.05701642722807475,4.959632494697749e+37,0.8166399054439505,2.504927744698666,4.343888475341767e+37
faint_example,oiii_hb,0.05649369748123025,4.951295077455809e+37,0.8180150340762766,2.508640592005947,4.34301392108562e+37
faint_example,oiii_hb,0.055975760149511014,4.943034098114595e+37,0.8193821307143282,2.512331752928686,4.342147384791086e+37
faint_example,oiii_hb,0.055462571295791074,4.934848855887221e+37,0.8207412080462869,2.5160012617249747,4.341288792949054e+37
faint_example,oiii_hb,0.054954087385762455,4.926738656411654e+37,0.8220922792881947,2.519649154078126,4.340438072724346e+37
faint_example,oiii_hb,0.05445026528424212,4.918702811691809e+37,0.8234353581759941,2.5232754670751842,4.339595151949536e+37
faint_example,oiii_hb,0.05395106225151276,4.91074064003919e+37,0.8247704589575702,2.5268802391854397,4.338759959118842e+37
faint_example,oiii_hb,0.053456435939697164,4.902851466015054e+37,0.8260975963847971,2.530463510238952,4.337932423382044e+37
faint_example,oiii_hb,0.05296634438916578,4.895034620373122e+37,0.8274167857055906,2.5340253214050947,4.337112474538484e+37
faint_example,oiii_hb,0.05248074602497726,4.887289440002801e+37,0.8287280426559704,2.5375657151711204,4.336300043031109e+37
faint_example,oiii_hb,0.051999599653351596,4.879615267872929e+37,0.8300313834521322,2.541084735320757,4.335495059940563e+37
faint_example,oiii_hb,0.051522864458175645,4.872011452976047e+37,0.8313268247825335,2.5445824269128403,4.334697456979351e+37
faint_example,oiii_hb,0.05105049999754062,4.8644773502731645e+37,0.8326143837999932,2.548058836259982,4.333907166486042e+37
faint_example,oiii_hb,0.0505824662003114,4.857012320639046e+37,0.8338940781138101,2.551514010907287,4.333124121419526e+37
faint_example,oiii_hb,0.05011872336272722,4.849615730807989e+37,0.8351659257818989,2.554947999611127,4.332348255353331e+37
faint_example,oiii_hb,0.0496592321450336,4.842286953320111e+37,0.8364299453029471,2.5583608523179575,4.331579502469988e+37
faint_example,oiii_hb,0.04920395356814509,4.835025366468109e+37,0.8376861556085964,2.5617526201432104,4.330817797555442e+37
faint_example,oiii_hb,0.04875284901033863,4.827830354244532e+37,0.8389345760556458,2.5651233553502437,4.330063075993528e+37
faint_example,oiii_hb,0.04830588020397726,4.820701306289518e+37,0.8401752264182842,2.5684731113293675,4.329315273760485e+37
faint_example,oiii_hb,0.047863009232263824,4.813637617839018e+37,0.8414081268803493,2.571801942576943,4.328574327419523e+37
faint_example,oiii_hb,0.04742419852602446,4.806638689673492e+37,0.8426332980276162,2.575109904674564,4.327840174115447e+37
faint_example,oiii_hb,0.04698941086052153,4.79970392806708e+37,0.8438507608401193,2.5783970542683226,4.32711275156932e+37
faint_example,oiii_hb,0.04655860935229589,4.792832744737231e+37,0.8450605366845052,2.5816634490481642,4.326391998073182e+37
faint_example,oiii_hb,0.04613175745603793,4.786024556794801e+37,0.8462626473064223,2.5849091477273403,4.325677852484815e+37
faint_example,oiii_hb,0.04570881896148749,4.779278786694609e+37,0.8474571148229442,2.5881342100219493,4.324970254222557e+37
faint_example,oiii_hb,0.04528975799036206,4.772594862186435e+37,0.8486439617150344,2.5913386966305927,4.324269143260161e+37
faint_example,oiii_hb,0.04487453899331321,4.765972216266485e+37,0.849823210820046,2.594522669214124,4.323574460121705e+37
faint_example,oiii_hb,0.04446312674691086,4.759410287129284e+37,0.8509948853242655,2.597686190375517,4.3228861458765445e+37
faint_example,oiii_hb,0.04405548635065532,4.752908518120025e+37,0.8521590087554962,2.60082932363984,4.322204142134314e+37
faint_example,oiii_hb,0.043651583224016584,4.746466357687335e+37,0.8533156049756873,2.6039521334343556,4.321528391039976e+37
faint_example,oiii_hb,0.04325138310350086,4.740083259336503e+37,0.8544646981736033,2.607054685068729,4.32085883526891e+37
faint_example,oiii_hb,0.04285485203974394,4.733758681583105e+37,0.8556063128575451,2.610137044715372,4.32019541802205e+37
faint_example,oiii_hb,0.042461956394631274,4.727492087907081e+37,0.8567404738481124,2.6131992793899035,4.319538083021069e+37
faint_example,oiii_hb,0.042072662838444394,4.721282946707213e+37,0.8578672062710176,2.6162414569317476,4.318886774503599e+37
faint_example,oiii_hb,0.04168693834703353,4.715130731256034e+37,0.8589865355499482,2.61926364598486,4.318241437218511e+37
faint_example,oiii_hb,0.041304750199016124,4.7090349196551435e+37,0.8600984873994787,2.622265915978592,4.317602016421214e+37
faint_example,oiii_hb,0.04092606597300107,4.702994994790932e+37,0.861203087818035,2.6252483371086948,4.316968457869025e+37
faint_example,oiii_hb,0.040550853544838374,4.697010444290721e+37,0.86230036308091,2.628210980318457,4.316340707816555e+37
faint_example,oiii_hb,0.04017908108489398,4.691080760479287e+37,0.8633903397333331,2.6311539172799994,4.3157187130111595e+37
faint_example,oiii_hb,0.03981071705534971,4.685205440335804e+37,0.8644730445835948,2.634077220375706,4.3151024206884165e+37
faint_example,oiii_hb,0.03944573020752783,4.67938398545117e+37,0.8655485046962235,2.6369809626798033,4.314491778567651e+37
faint_example,oiii_hb,0.039084089579240214,4.673615901985723e+37,0.8666167473852213,2.6398652179400974,4.313886734847499e+37
faint_example,oiii_hb,0.038725764492161724,4.66790070062735e+37,0.867677800207356,2.6427300605598614,4.313287238201516e+37
faint_example,oiii_hb,0.03837072454922788,4.662237896549979e+37,0.8687316909555082,2.645575565579872,4.31269323777382e+37
faint_example,oiii_hb,0.038018939632056124,4.656627009372451e+37,0.8697784476520792,2.648401808660614,4.312104683174778e+37
faint_example,oiii_hb,0.03767037989839089,4.651067563117767e+37,0.8708180985424574,2.651208866064635,4.311521524476734e+37
faint_example,oiii_hb,0.03732501577957206,4.645559086172711e+37,0.8718506720885427,2.653996814639066,4.310943712209771e+37
faint_example,oiii_hb,0.036982817978026626,4.640101111247846e+37,0.872876196962333,2.6567657317982993,4.310371197357512e+37
faint_example,oiii_hb,0.03664375746478333,4.634693175337864e+37,0.8738947020395708,2.6595156955068413,4.3098039313529685e+37
faint_example,oiii_hb,0.03630780547701014,4.629334819682322e+37,0.8749062163934501,2.6622467842623156,4.309241866074415e+37
faint_example,oiii_hb,0.03597493351557424,4.6240255897267145e+37,0.8759107692883872,2.6649590770786453,4.308684953841309e+37
faint_example,oiii_hb,0.03564511334262443,4.618765035083916e+37,0.8769083901738525,2.667652653469402,4.308133147410247e+37
faint_example,oiii_hb,0.0353183169791957,4.613552709495979e+37,0.8778991086782651,2.670327593431316,4.307586399970953e+37
faint_example,oiii_hb,0.03499451670283573,4.608388170796267e+37,0.8788829546029516,2.6729839774279696,4.3070446651423115e+37
faint_example,oiii_hb,0.034673685045253165,4.603270980871959e+37,0.879859957916167,2.675621886373651,4.306507896968433e+37
faint_example,oiii_hb,0.034355794789987466,4.59820070562687e+37,0.8808301487471824,2.678241401617392,4.305976049914752e+37
faint_example,oiii_hb,0.03404081897010009,4.593176914944638e+37,0.881793557380433,2.6808426049271694,4.305449078864169e+37
faint_example,oiii_hb,0.03372873086588689,4.588199182652227e+37,0.8827502142497354,2.683425578474286,4.304926939113216e+37
faint_example,oiii_hb,0.03341950400261143,4.583267086483783e+37,0.8837001499325662,2.685990404817929,4.304409586368274e+37
faint_example,oiii_hb,0.03311311214825911,4.578380208044804e+37,0.8846433951444076,2.6885371668899007,4.303896976741809e+37
faint_example,oiii_hb,0.032809529311311904,4.573538132776656e+37,0.885579980733158,2.691065947979527,4.303389066748646e+37
faint_example,oiii_hb,0.032508729738543435,4.568740449921401e+37,0.8865099376736084,2.6935768317187425,4.30288581330229e+37
faint_example,oiii_hb,0.032210687912834345,4.563986752486949e+37,0.887433297061985,2.6960699020673595,4.302387173711264e+37
faint_example,oiii_hb,0.031915378551007616,4.5592766372125395e+37,0.8883500901105565,2.698545243298503,4.301893105675487e+37
faint_example,oiii_hb,0.03162277660168379,4.554609704534527e+37,0.8892603481423095,2.7010029399842352,4.301403567282688e+37
faint_example,oiii_hb,0.031332857243155855,4.549985558552489e+37,0.8901641025856876,2.703443076981357,4.300918517004852e+37
faint_example,oiii_hb,0.031045595881283555,4.545403806995638e+37,0.8910613849693996,2.705865739417379,4.300437913694693e+37
faint_example,oiii_hb,0.03076096814740708,4.540864061189547e+37,0.8919522269172919,2.7082710126766885,4.299961716582166e+37
faint_example,oiii_hb,0.03047894989627983,4.536365936023179e+37,0.8928366601432877,2.710658982386877,4.299489885271009e+37
faint_example,oiii_hb,0.03019951720402016,4.531909049916216e+37,0.8937147164463932,2.713029734405262,4.299022379735313e+37
faint_example,oiii_hb,0.02992264636608189,4.527493024786689e+37,0.8945864277057699,2.715383354805579,4.298559160316132e+37
faint_example,oiii_hb,0.029648313895243424,4.523117486018904e+37,0.8954518258758727,2.7177199298648564,4.298100187718113e+37
faint_example,oiii_hb,0.029376496519615308,4.518782062431665e+37,0.8963109429816551,2.720039546050469,4.297645423006164e+37
faint_example,oiii_hb,0.029107171180666053,4.514486386246788e+37,0.8971638111138397,2.7223422900073673,4.297194827602156e+37
faint_example,oiii_hb,0.028840315031266057,4.510230093057896e+37,0.8980104624242555,2.72462824854549,4.2967483632816425e+37
faint_example,oiii_hb,0.028575905433749466,4.506012821799513e+37,0.8988509291212404,2.7268975086273493,4.296305992170625e+37
faint_example,oiii_hb,0.02831391995799379,4.501834214716429e+37,0.8996852434651104,2.7291501573557984,4.295867676742328e+37
faint_example,oiii_hb,0.028054336379517132,4.497693917333354e+37,0.9005134377636941,2.7313862819619743,4.295433379814034e+37
faint_example,oiii_hb,0.027797132677592883,4.493591578424847e+37,0.9013355443679321,2.733605969793417,4.295003064543911e+37
faint_example,oiii_hb,0.02754228703338166,4.489526849985522e+37,0.9021515956675425,2.735809308302365,4.2945766944278975e+37
faint_example,oiii_hb,0.027289777828080404,4.4854993872005255e+37,0.9029616240867514,2.737996385034229,4.294154233296604e+37
faint_example,oiii_hb,0.027039583641088435,4.481508848416283e+37,0.903765662080088,2.740167287616238,4.293735645312243e+37
faint_example,oiii_hb,0.026791683248190316,4.477554895111523e+37,0.9045637421282436,2.742322103746258,4.293320894965589e+37
faint_example,oiii_hb,0.02654605561975539,4.473637191868552e+37,0.9053558967339974,2.744460921181793,4.292909947072971e+37
faint_example,oiii_hb,0.026302679918953815,4.469755406344805e+37,0.9061421584182031,2.7465838277291486,4.292502766773277e+37
faint_example,oiii_hb,0.02606153549998895,4.4659092092446555e+37,0.9069225597158419,2.7486909112327735,4.292099319525009e+37
faint_example,oiii_hb,0.025822601906345957,4.462098274291474e+37,0.907697133172138,2.7507822595647724,4.291699571103347e+37
faint_example,oiii_hb,0.02558585886905645,4.458322278199952e+37,0.9084659113387372,2.752857960614591,4.291303487597244e+37
faint_example,oiii_hb,0.02535128630497907,4.454580900648683e+37,0.9092289267699489,2.7549181022788622,4.290911035406551e+37
faint_example,oiii_hb,0.025118864315095794,4.45087382425298e+37,0.9099862120190505,2.7569627724514363,4.29052218123917e+37
faint_example,oiii_hb,0.024888573182823902,4.44720073453796e+37,0.9107377996346531,2.7589920590135635,4.290136892108223e+37
faint_example,oiii_hb,0.024660393372343388,4.443561319911861e+37,0.9114837221571304,2.7610060498242524,4.289755135329262e+37
faint_example,oiii_hb,0.024434305526939714,4.439955271639612e+37,0.9122240121151088,2.763004832710794,4.2893768785174875e+37
faint_example,oiii_hb,0.024210290467361777,4.436382283816643e+37,0.9129587020220171,2.7649884954594466,4.289002089585008e+37
faint_example,oiii_hb,0.023988329190194897,4.432842053342932e+37,0.9136878243726998,2.7669571258062895,4.288630736738115e+37
faint_example,oiii_hb,0.02376840286624876,4.429334279897296e+37,0.9144114116400871,2.768910811428235,4.288262788474587e+37
faint_example,oiii_hb,0.023550492838960088,4.425858665911913e+37,0.9151294962719276,2.770849639934205,4.287898213581016e+37
faint_example,oiii_hb,0.02333458062281002,4.422414916547081e+37,0.9158421106875796,2.772773698856465,4.287536981130159e+37
faint_example,oiii_hb,0.023120647901755942,4.4190027396662e+37,0.9165492872748613,2.7746830756421255,4.287179060478318e+37
faint_example,oiii_hb,0.022908676527677724,4.415621845810999e+37,0.9172510583869586,2.7765778576447886,4.286824421262738e+37
faint_example,oiii_hb,0.022698648518838214,4.412271948176973e+37,0.9179474563393939,2.7784581321163637,4.286473033399029e+37
faint_example,oiii_hb,0.022490546058357805,4.408952762589061e+37,0.9186385134070486,2.7803239861990314,4.286124867078619e+37
faint_example,oiii_hb,0.02228435149270303,4.405664007477529e+37,0.9193242618212467,2.782175506917366,4.28577989276622e+37
faint_example,oiii_hb,0.022080047330188993,4.4024054038540945e+37,0.9200047337668924,2.7840127811706097,4.285438081197328e+37
faint_example,oiii_hb,0.02187761623949552,4.399176675288252e+37,0.9206799613796658,2.7858358957250977,4.285099403375736e+37
faint_example,oiii_hb,0.02167704104819694,4.395977547883827e+37,0.921349976743273,2.7876449372068373,4.284763830571076e+37
faint_example,oiii_hb,0.021478304741305344,4.392807750255742e+37,0.922014811886752,2.789439992094231,4.284431334316382e+37
faint_example,oiii_hb,0.02128139045982712,4.389667013506989e+37,0.9226744987818348,2.7912211467109542,4.284101886405674e+37
faint_example,oiii_hb,0.021086281499332896,4.386555071205826e+37,0.9233290693403606,2.792988487218974,4.283775458891565e+37
faint_example,oiii_hb,0.020892961308540396,4.3834716593631705e+37,0.9239785554117467,2.794742099611716,4.283452024082896e+37
faint_example,oiii_hb,0.020701413487910426,4.380416516410207e+37,0.9246229887805099,2.7964820697073764,4.283131554542375e+37
faint_example,oiii_hb,0.020511621788255656,4.377389383176197e+37,0.9252624011638415,2.798208483142372,4.282814023084262e+37
faint_example,oiii_hb,0.02032357010936222,4.374390002866493e+37,0.9258968242092356,2.799921425364936,4.2824994027720555e+37
faint_example,oiii_hb,0.020137242498623885,4.371418121040756e+37,0.9265262894921675,2.8016209816288526,4.282187666916209e+37
faint_example,oiii_hb,0.0199526231496888,4.368473485591369e+37,0.9271508285138249,2.8033072369873273,4.281878789071867e+37
faint_example,oiii_hb,0.01976969640111861,4.365555846722054e+37,0.9277704726988881,2.8049802762869978,4.2815727430366245e+37
faint_example,oiii_hb,0.0195884467350599,4.362664956926675e+37,0.9283852533933626,2.806640184162079,4.281269502848298e+37
faint_example,oiii_hb,0.01940885877592778,4.359800570968248e+37,0.9289952018624597,2.8082870450286412,4.280969042782729e+37
faint_example,oiii_hb,0.019230917289101587,4.3569624458581375e+37,0.9296003492885259,2.80992094307902,4.280671337351599e+37
faint_example,oiii_hb,0.019054607179632473,4.354150340835438e+37,0.9302007267690232,2.8115419622763627,4.280376361300266e+37
faint_example,oiii_hb,0.018879913490962935,4.351364017346554e+37,0.9307963653145555,2.8131501863493,4.2800840896056285e+37
faint_example,oiii_hb,0.018706821403658005,4.348603239024961e+37,0.9313872958469427,2.814745698786745,4.279794497473993e+37
faint_example,oiii_hb,0.018535316234148114,4.345867771671161e+37,0.9319735491973417,2.8163285828328224,4.279507560338979e+37
faint_example,oiii_hb,0.018365383433483463,4.343157383232804e+37,0.932555156104416,2.8178989214819237,4.27922325385943e+37
faint_example,oiii_hb,0.018197008586099836,4.340471843785012e+37,0.9331321472125479,2.819456797473879,4.278941553917354e+37
faint_example,oiii_hb,0.01803017740859569,4.337810925510869e+37,0.933704553070098,2.821002293289265,4.278662436615871e+37
faint_example,oiii_hb,0.01786487574852051,4.335174402682101e+37,0.9342724041277098,2.8225354911448166,4.278385878277189e+37
faint_example,oiii_hb,0.01770108958317421,4.332562051639918e+37,0.9348357307366575,2.8240564729889757,4.278111855440597e+37
faint_example,oiii_hb,0.017538805018417612,4.329973650776048e+37,0.9353945631472385,2.8255653204975437,4.27784034486047e+37
faint_example,oiii_hb,0.017378008287493755,4.327408980513939e+37,0.9359489315072074,2.82706211506946,4.277571323504305e+37
faint_example,oiii_hb,0.01721868574986007,4.324867823290124e+37,0.936498865860256,2.8285469378226913,4.277304768550758e+37
faint_example,oiii_hb,0.017060823890031235,4.322349963535774e+37,0.9370443961445309,2.8300198695902337,4.277040657387714e+37
faint_example,oiii_hb,0.01690440931643264,4.319855187658402e+37,0.937585552191198,2.831480990916235,4.276778967610368e+37
faint_example,oiii_hb,0.016749428760264373,4.317383284023756e+37,0.9381223637230418,2.832930382052213,4.276519677019321e+37
faint_example,oiii_hb,0.016595869074375606,4.314934042937852e+37,0.9386548603531112,2.8343681229534,4.276262763618701e+37
faint_example,oiii_hb,0.016443717232149314,4.312507256629195e+37,0.9391830715834013,2.835794293275184,4.276008205614297e+37
faint_example,oiii_hb,0.016292960326397224,4.310102719231147e+37,0.9397070268035772,2.8372089723696585,4.275755981411704e+37
faint_example,oiii_hb,0.01614358556826486,4.307720226764474e+37,0.9402267552897331,2.8386122392822792,4.2755060696145e+37
faint_example,oiii_hb,0.01599558028614669,4.305359577120027e+37,0.9407422862031949,2.840004172748626,4.275258449022426e+37
faint_example,oiii_hb,0.015848931924611134,4.3030205700416095e+37,0.9412536485893558,2.8413848511912607,4.275013098629585e+37
faint_example,oiii_hb,0.015703628043335523,4.300703007108982e+37,0.9417608713765524,2.8427543527166916,4.274769997622666e+37
faint_example,oiii_hb,0.015559656316050743,4.298406691721037e+37,0.9422639833749755,2.844112755112434,4.274529125379175e+37
faint_example,oiii_hb,0.015417004529495591,4.296131429079111e+37,0.9427630132756191,2.8454601358441716,4.274290461465687e+37
faint_example,oiii_hb,0.015275660582380723,4.29387702617047e+37,0.9432579896492632,2.8467965720530106,4.274053985636109e+37
faint_example,oiii_hb,0.01513561248436208,4.2916432917519295e+37,0.9437489409454934,2.848122140552832,4.273819677829968e+37
faint_example,oiii_hb,0.014996848355023733,4.289430036333633e+37,0.944235895491754,2.849436917827736,4.273587518170706e+37
faint_example,oiii_hb,0.014859356422870068,4.287237072162978e+37,0.944718881492436,2.850740980029577,4.273357486963994e+37
faint_example,oiii_hb,0.014723125024327186,4.285064213208687e+37,0.945197927027999,2.8520344029755975,4.273129564696061e+37
faint_example,oiii_hb,0.014588142602753481,4.28291127514503e+37,0.9456730600541248,2.853317262146137,4.272903732032041e+37
faint_example,oiii_hb,0.014454397707459272,4.280778075336183e+37,0.946144308400906,2.8545896326824467,4.27267996981433e+37
faint_example,oiii_hb,0.014321878992735432,4.278664432820738e+37,0.9466116997720644,2.8558515893845735,4.272458259060962e+37
faint_example,oiii_hb,0.014190575216890919,4.276570168296352e+37,0.9470752617442022,2.857103206709346,4.272238580963999e+37
faint_example,oiii_hb,0.014060475241299136,4.274495104104535e+37,0.9475350217660851,2.85834455876843,4.272020916887934e+37
faint_example,oiii_hb,0.013931568029453029,4.2724390642155785e+37,0.9479910071579545,2.859575719326477,4.271805248368113e+37
faint_example,oiii_hb,0.013803842646028845,4.270401874213627e+37,0.9484432451108701,2.860796761799349,4.271591557109167e+37
faint_example,oiii_hb,0.013677288255958488,4.268383361281877e+37,0.9488917626860844,2.8620077592524282,4.27137982498346e+37
faint_example,oiii_hb,0.013551894123510357,4.266383354187921e+37,0.9493365868144427,2.8632087843989953,4.271170034029548e+37
faint_example,oiii_hb,0.013427649611378635,4.264401683269217e+37,0.9497777442958153,2.8643999095987014,4.270962166450662e+37
faint_example,oiii_hb,0.013304544179780907,4.262438180418699e+37,0.9502152617985559,2.865581206856101,4.270756204613196e+37
faint_example,oiii_hb,0.013182567385564068,4.260492679070518e+37,0.9506491658589883,2.8667527478192687,4.270552131045205e+37
faint_example,oiii_hb,0.01306170888131841,4.25856501418591e+37,0.9510794828809205,2.8679146037784853,4.270349928434931e+37
faint_example,oiii_hb,0.012941958414499856,4.25665502223919e+37,0.9515062391351863,2.8690668456650026,4.270149579629331e+37
faint_example,oiii_hb,0.012823305826560211,4.2547625412038935e+37,0.9519294607592115,2.870209544049871,4.269951067632621e+37
faint_example,oiii_hb,0.012705741052085412,4.2528874105390175e+37,0.9523491737566082,2.871342769142842,4.2697543756048375e+37
faint_example,oiii_hb,0.012589254117941668,4.2510294711754103e+37,0.9527654039967933,2.872466590791342,4.269559486860403e+37
faint_example,oiii_hb,0.012473835142429427,4.2491885655022747e+37,0.9531781772146318,2.873581078479506,4.269366384866718e+37
faint_example,oiii_hb,0.0123594743344451,4.2473645373537974e+37,0.9535875190101061,2.8746863013272868,4.269175053242752e+37
faint_example,oiii_hb,0.012246161992650483,4.2455572319959027e+37,0.9539934548480075,2.87578232808962,4.268985475757658e+37
faint_example,oiii_hb,0.012133888504649769,4.243766496113125e+37,0.9543960100576534,2.876869227155664,4.268797636329394e+37
faint_example,oiii_hb,0.012022644346174132,4.2419921777956025e+37,0.954795209832627,2.877947066548093,4.26861151902336e+37
faint_example,oiii_hb,0.01191242008027375,4.240234126526193e+37,0.9551910792305386,2.879015913922454,4.268427108051045e+37
faint_example,oiii_hb,0.011803206356517298,4.238492193167703e+37,0.9555836431728117,2.8800758365665917,4.268244387768686e+37
faint_example,oiii_hb,0.011694993910198712,4.236766229950237e+37,0.9559729264444894,2.8811269014001213,4.268063342675945e+37
faint_example,oiii_hb,0.011587773561551261,4.2350560904586615e+37,0.956358953694063,2.88216917497397,4.26788395741459e+37
faint_example,oiii_hb,0.01148153621496883,4.2333616296201856e+37,0.9567417494333218,2.883202723469969,4.267706216767197e+37
faint_example,oiii_hb,0.01137627285823431,4.231682703692054e+37,0.9571213380372235,2.8842276127005038,4.267530105655856e+37
faint_example,oiii_hb,0.011271974561755105,4.2300191702493526e+37,0.9574977437437855,2.885243908108221,4.2673556091408865e+37
faint_example,oiii_hb,0.011168632477805612,4.2283708881729266e+37,0.9578709906539952,2.886251674765787,4.267182712419583e+37
faint_example,oiii_hb,0.011066237839776664,4.2267377176374094e+37,0.9582411027317413,2.887250977375702,4.267011400824949e+37
faint_example,oiii_hb,0.01096478196143185,4.2251195200993615e+37,0.9586081038037632,2.8882418802701606,4.266841659824454e+37
faint_example,oiii_hb,0.010864256236170655,4.2235161582855166e+37,0.9589720175596194,2.8892244474109723,4.266673475018806e+37
faint_example,oiii_hb,0.010764652136298349,4.221927496181138e+37,0.959332867551675,2.8901987423895226,4.266506832140725e+37
faint_example,oiii_hb,0.010665961212302578,4.220353399018479e+37,0.9596906771951067,2.8911648284267883,4.266341717053732e+37
faint_example,oiii_hb,0.010568175092136586,4.2187937332653514e+37,0.9600454697679255,2.8921227683733988,4.266178115750957e+37
faint_example,oiii_hb,0.010471285480508996,4.2172483666137977e+37,0.960397268411017,2.8930726247097462,4.26601601435394e+37
faint_example,oiii_hb,0.010375284158180127,4.215717167968866e+37,0.960746096128199,2.894014459546137,4.265855399111465e+37
faint_example,oiii_hb,0.010280162981264735,4.214200007437491e+37,0.9610919757862944,2.894948334622995,4.2656962563983835e+37
faint_example,oiii_hb,0.010185913880541169,4.2126967563174746e+37,0.9614349301152222,2.8958743113111,4.265538572714466e+37
faint_example,oiii_hb,0.010092528860766845,4.2112072870865664e+37,0.9617749817081035,2.89679245061188,4.265382334683252e+37
faint_example,oiii_hb,0.01,4.2097314733916473e+37,0.9621121530213825,2.897702813157733,4.265227529050918e+37
