=== v3tk masking run start: 2026-05-21T16:38:41 ===
[FOV] IC3392: nx=437 ny=438 pixscale=0.2000"/pix rad=1.196 arcmin
[FOV] FoV mask coverage: 50.92%
WARNING: Gaia query failed: [Errno 54] Connection reset by peer
[LEGACY] N(joined)=59 cols=['ls_id', 'ra', 'dec', 'type', 'release', 'brickid', 'objid', 'shape_r', 'shape_e1', 'shape_e2', 'z_phot_l95', 'z_phot_u95', 'z_phot_mean']
[STAR] SDSS (SDSS J122844.33+145937.6) ra=187.184692 dec=14.993790 RA=12:28:44.33 DEC=+14:59:37.64 r_arcsec=2.50
[STAR] SDSS (SDSS J122844.33+145929.4) ra=187.184705 dec=14.991497 RA=12:28:44.33 DEC=+14:59:29.39 r_arcsec=2.50
[STAR] SDSS (SDSS J122842.85+145946.1) ra=187.178524 dec=14.996126 RA=12:28:42.85 DEC=+14:59:46.05 r_arcsec=2.50
[STAR] SDSS (SDSS J122842.54+145944.9) ra=187.177268 dec=14.995807 RA=12:28:42.54 DEC=+14:59:44.91 r_arcsec=2.50
[STAR] SDSS (SDSS J122842.74+145941.6) ra=187.178079 dec=14.994885 RA=12:28:42.74 DEC=+14:59:41.59 r_arcsec=2.50
[STAR] SDSS (SDSS J122842.78+145941.6) ra=187.178237 dec=14.994890 RA=12:28:42.78 DEC=+14:59:41.60 r_arcsec=2.50
[STAR] SDSS (SDSS J122842.76+145941.7) ra=187.178169 dec=14.994921 RA=12:28:42.76 DEC=+14:59:41.72 r_arcsec=2.50
[STAR] SDSS (SDSS J122842.90+145943.0) ra=187.178768 dec=14.995276 RA=12:28:42.90 DEC=+14:59:42.99 r_arcsec=2.50
[STAR] SDSS (SDSS J122843.63+145933.9) ra=187.181779 dec=14.992740 RA=12:28:43.63 DEC=+14:59:33.86 r_arcsec=2.50
[STAR] SDSS (SDSS J122841.76+145936.6) ra=187.174003 dec=14.993497 RA=12:28:41.76 DEC=+14:59:36.59 r_arcsec=2.50
[STAR] SDSS (SDSS J122841.49+150002.6) ra=187.172895 dec=15.000720 RA=12:28:41.49 DEC=+15:00:02.59 r_arcsec=2.50
[STAR] SDSS (SDSS J122843.86+145917.2) ra=187.182758 dec=14.988112 RA=12:28:43.86 DEC=+14:59:17.20 r_arcsec=2.50
[STAR] SDSS (SDSS J122842.11+150012.4) ra=187.175453 dec=15.003443 RA=12:28:42.11 DEC=+15:00:12.40 r_arcsec=2.50
[STAR] SDSS (SDSS J122842.44+150022.9) ra=187.176842 dec=15.006357 RA=12:28:42.44 DEC=+15:00:22.89 r_arcsec=2.50
[STAR] SDSS (SDSS J122843.16+145958.6) ra=187.179833 dec=14.999615 RA=12:28:43.16 DEC=+14:59:58.61 r_arcsec=2.50
[STAR] SDSS (SDSS J122843.02+150002.0) ra=187.179260 dec=15.000560 RA=12:28:43.02 DEC=+15:00:02.02 r_arcsec=2.50
[STAR] SDSS (SDSS J122843.00+150001.8) ra=187.179177 dec=15.000501 RA=12:28:43.00 DEC=+15:00:01.80 r_arcsec=2.50
[STAR] SDSS (SDSS J122843.00+150001.8) ra=187.179164 dec=15.000490 RA=12:28:43.00 DEC=+15:00:01.76 r_arcsec=2.50
[STAR] SDSS (SDSS J122843.76+150002.1) ra=187.182353 dec=15.000573 RA=12:28:43.76 DEC=+15:00:02.06 r_arcsec=2.50
[STAR] SDSS (SDSS J122843.77+150002.0) ra=187.182364 dec=15.000564 RA=12:28:43.77 DEC=+15:00:02.03 r_arcsec=2.50
[STAR] SDSS (SDSS J122844.32+145958.2) ra=187.184667 dec=14.999507 RA=12:28:44.32 DEC=+14:59:58.22 r_arcsec=2.50
[STAR] SDSS (SDSS J122844.01+145953.7) ra=187.183366 dec=14.998253 RA=12:28:44.01 DEC=+14:59:53.71 r_arcsec=2.50
[STAR] SDSS (SDSS J122843.96+145951.3) ra=187.183153 dec=14.997585 RA=12:28:43.96 DEC=+14:59:51.31 r_arcsec=2.50
[STAR] SDSS (SDSS J122843.27+150039.5) ra=187.180298 dec=15.010985 RA=12:28:43.27 DEC=+15:00:39.55 r_arcsec=2.50
[STAR] SDSS (SDSS J122844.30+150021.3) ra=187.184566 dec=15.005909 RA=12:28:44.30 DEC=+15:00:21.27 r_arcsec=2.50
[STAR] SDSS (SDSS J122844.50+150016.9) ra=187.185401 dec=15.004681 RA=12:28:44.50 DEC=+15:00:16.85 r_arcsec=2.50
[STAR] SDSS (SDSS J122844.46+150008.7) ra=187.185236 dec=15.002419 RA=12:28:44.46 DEC=+15:00:08.71 r_arcsec=2.50
[STAR] SDSS (SDSS J122843.83+150009.2) ra=187.182604 dec=15.002553 RA=12:28:43.83 DEC=+15:00:09.19 r_arcsec=2.50
[STAR] SDSS (SDSS J122843.93+150011.8) ra=187.183058 dec=15.003285 RA=12:28:43.93 DEC=+15:00:11.82 r_arcsec=2.50
[STAR] SDSS (SDSS J122846.04+150009.3) ra=187.191839 dec=15.002585 RA=12:28:46.04 DEC=+15:00:09.30 r_arcsec=2.50
[STAR] SDSS (SDSS J122846.56+150005.0) ra=187.194013 dec=15.001377 RA=12:28:46.56 DEC=+15:00:04.96 r_arcsec=2.50
[STAR] SDSS (SDSS J122846.57+150004.5) ra=187.194055 dec=15.001257 RA=12:28:46.57 DEC=+15:00:04.53 r_arcsec=2.50
[OK] Wrote IC3392_mask.fits (shape=(438, 437), masked=10757 px; stars=32, galaxies=0)
[OK] Wrote IC3392_combined_VRI_mask.png
[TIME] IC3392_DATACUBE_FINAL_WCS_Pall_mad_red_v3tk_VRI.fits runtime_s=308.76
[FOV] NGC4064: nx=566 ny=665 pixscale=0.2000"/pix rad=1.620 arcmin
[FOV] FoV mask coverage: 49.16%
WARNING: Gaia query failed: [Errno 54] Connection reset by peer
[LEGACY] N(joined)=264 cols=['ls_id', 'ra', 'dec', 'type', 'release', 'brickid', 'objid', 'shape_r', 'shape_e1', 'shape_e2', 'z_phot_l95', 'z_phot_u95', 'z_phot_mean']
[STAR] SDSS (SDSS J120413.18+182559.3) ra=181.054909 dec=18.433147 RA=12:04:13.18 DEC=+18:25:59.33 r_arcsec=2.50
[STAR] SDSS (SDSS J120411.98+182641.1) ra=181.049897 dec=18.444744 RA=12:04:11.98 DEC=+18:26:41.08 r_arcsec=5.15
[STAR] SDSS (SDSS J120411.97+182641.2) ra=181.049872 dec=18.444764 RA=12:04:11.97 DEC=+18:26:41.15 r_arcsec=5.57
[STAR] SDSS (SDSS J120408.80+182632.5) ra=181.036653 dec=18.442361 RA=12:04:08.80 DEC=+18:26:32.50 r_arcsec=2.50
[STAR] SDSS (SDSS J120408.13+182654.3) ra=181.033885 dec=18.448404 RA=12:04:08.13 DEC=+18:26:54.25 r_arcsec=2.50
[STAR] SDSS (SDSS J120412.76+182703.2) ra=181.053167 dec=18.450892 RA=12:04:12.76 DEC=+18:27:03.21 r_arcsec=2.50
[STAR] SDSS (SDSS J120408.37+182719.7) ra=181.034887 dec=18.455469 RA=12:04:08.37 DEC=+18:27:19.69 r_arcsec=2.50
[OK] Wrote NGC4064_mask.fits (shape=(665, 566), masked=4285 px; stars=7, galaxies=0)
[OK] Wrote NGC4064_combined_VRI_mask.png
[TIME] NGC4064_DATACUBE_FINAL_WCS_Pall_mad_red_v3tk_VRI.fits runtime_s=305.71
[FOV] NGC4189: nx=598 ny=319 pixscale=0.2000"/pix rad=1.294 arcmin
[FOV] FoV mask coverage: 95.37%
WARNING: Gaia query failed: Service Unavailable
[LEGACY] N(joined)=108 cols=['ls_id', 'ra', 'dec', 'type', 'release', 'brickid', 'objid', 'shape_r', 'shape_e1', 'shape_e2', 'z_phot_l95', 'z_phot_u95', 'z_phot_mean']
[STAR] SDSS (SDSS J121349.16+132556.8) ra=183.454844 dec=13.432436 RA=12:13:49.16 DEC=+13:25:56.77 r_arcsec=2.50
[STAR] SDSS (SDSS J121348.09+132608.0) ra=183.450375 dec=13.435549 RA=12:13:48.09 DEC=+13:26:07.98 r_arcsec=2.50
[STAR] SDSS (SDSS J121348.08+132608.0) ra=183.450327 dec=13.435565 RA=12:13:48.08 DEC=+13:26:08.03 r_arcsec=2.50
[STAR] SDSS (SDSS J121349.60+132545.1) ra=183.456648 dec=13.429200 RA=12:13:49.60 DEC=+13:25:45.12 r_arcsec=2.50
[STAR] SDSS (SDSS J121349.86+132557.8) ra=183.457764 dec=13.432716 RA=12:13:49.86 DEC=+13:25:57.78 r_arcsec=2.50
[STAR] SDSS (SDSS J121351.65+132554.9) ra=183.465220 dec=13.431925 RA=12:13:51.65 DEC=+13:25:54.93 r_arcsec=2.50
[STAR] SDSS (SDSS J121349.62+132542.0) ra=183.456749 dec=13.428340 RA=12:13:49.62 DEC=+13:25:42.02 r_arcsec=2.50
[STAR] SDSS (SDSS J121349.59+132540.3) ra=183.456632 dec=13.427864 RA=12:13:49.59 DEC=+13:25:40.31 r_arcsec=2.50
[STAR] SDSS (SDSS J121349.60+132540.4) ra=183.456661 dec=13.427893 RA=12:13:49.60 DEC=+13:25:40.42 r_arcsec=2.50
[STAR] SDSS (SDSS J121349.79+132507.3) ra=183.457466 dec=13.418706 RA=12:13:49.79 DEC=+13:25:07.34 r_arcsec=2.50
[STAR] SDSS (SDSS J121349.73+132519.3) ra=183.457217 dec=13.422037 RA=12:13:49.73 DEC=+13:25:19.33 r_arcsec=2.50
[STAR] SDSS (SDSS J121349.66+132521.0) ra=183.456908 dec=13.422487 RA=12:13:49.66 DEC=+13:25:20.95 r_arcsec=2.50
[STAR] SDSS (SDSS J121346.95+132605.4) ra=183.445624 dec=13.434836 RA=12:13:46.95 DEC=+13:26:05.41 r_arcsec=2.50
[STAR] SDSS (SDSS J121347.93+132606.3) ra=183.449700 dec=13.435085 RA=12:13:47.93 DEC=+13:26:06.31 r_arcsec=2.50
[STAR] SDSS (SDSS J121347.50+132548.6) ra=183.447933 dec=13.430155 RA=12:13:47.50 DEC=+13:25:48.56 r_arcsec=2.50
[STAR] SDSS (SDSS J121344.27+132542.7) ra=183.434466 dec=13.428529 RA=12:13:44.27 DEC=+13:25:42.71 r_arcsec=2.50
[STAR] SDSS (SDSS J121344.44+132544.6) ra=183.435155 dec=13.429066 RA=12:13:44.44 DEC=+13:25:44.64 r_arcsec=2.50
[STAR] SDSS (SDSS J121345.04+132545.3) ra=183.437664 dec=13.429250 RA=12:13:45.04 DEC=+13:25:45.30 r_arcsec=2.50
[STAR] SDSS (SDSS J121345.66+132546.0) ra=183.440258 dec=13.429450 RA=12:13:45.66 DEC=+13:25:46.02 r_arcsec=2.50
[STAR] SDSS (SDSS J121344.66+132605.0) ra=183.436068 dec=13.434735 RA=12:13:44.66 DEC=+13:26:05.05 r_arcsec=2.50
[STAR] SDSS (SDSS J121344.62+132605.0) ra=183.435922 dec=13.434709 RA=12:13:44.62 DEC=+13:26:04.95 r_arcsec=2.50
[STAR] SDSS (SDSS J121346.33+132549.6) ra=183.443046 dec=13.430436 RA=12:13:46.33 DEC=+13:25:49.57 r_arcsec=2.50
[STAR] SDSS (SDSS J121346.35+132549.8) ra=183.443110 dec=13.430494 RA=12:13:46.35 DEC=+13:25:49.78 r_arcsec=2.50
[STAR] SDSS (SDSS J121346.33+132553.5) ra=183.443024 dec=13.431536 RA=12:13:46.33 DEC=+13:25:53.53 r_arcsec=2.50
[STAR] SDSS (SDSS J121346.31+132553.7) ra=183.442963 dec=13.431593 RA=12:13:46.31 DEC=+13:25:53.73 r_arcsec=2.50
[STAR] SDSS (SDSS J121346.01+132606.0) ra=183.441709 dec=13.434996 RA=12:13:46.01 DEC=+13:26:05.99 r_arcsec=2.50
[STAR] SDSS (SDSS J121347.80+132537.4) ra=183.449173 dec=13.427069 RA=12:13:47.80 DEC=+13:25:37.45 r_arcsec=2.50
[STAR] SDSS (SDSS J121348.84+132521.7) ra=183.453489 dec=13.422687 RA=12:13:48.84 DEC=+13:25:21.67 r_arcsec=2.50
[STAR] SDSS (SDSS J121349.06+132519.7) ra=183.454426 dec=13.422148 RA=12:13:49.06 DEC=+13:25:19.73 r_arcsec=2.50
[STAR] SDSS (SDSS J121349.00+132519.4) ra=183.454175 dec=13.422043 RA=12:13:49.00 DEC=+13:25:19.35 r_arcsec=2.50
[STAR] SDSS (SDSS J121349.20+132516.2) ra=183.454999 dec=13.421167 RA=12:13:49.20 DEC=+13:25:16.20 r_arcsec=2.50
[STAR] SDSS (SDSS J121345.69+132518.4) ra=183.440395 dec=13.421788 RA=12:13:45.69 DEC=+13:25:18.44 r_arcsec=2.50
[STAR] SDSS (SDSS J121345.63+132518.8) ra=183.440125 dec=13.421902 RA=12:13:45.63 DEC=+13:25:18.85 r_arcsec=2.50
[STAR] SDSS (SDSS J121346.26+132537.1) ra=183.442751 dec=13.426968 RA=12:13:46.26 DEC=+13:25:37.09 r_arcsec=2.50
[STAR] SDSS (SDSS J121345.96+132524.2) ra=183.441506 dec=13.423399 RA=12:13:45.96 DEC=+13:25:24.24 r_arcsec=2.50
[STAR] SDSS (SDSS J121347.95+132502.4) ra=183.449782 dec=13.417343 RA=12:13:47.95 DEC=+13:25:02.43 r_arcsec=2.50
[STAR] SDSS (SDSS J121348.00+132502.0) ra=183.449984 dec=13.417233 RA=12:13:48.00 DEC=+13:25:02.04 r_arcsec=2.50
[STAR] SDSS (SDSS J121346.91+132518.3) ra=183.445463 dec=13.421761 RA=12:13:46.91 DEC=+13:25:18.34 r_arcsec=2.50
[STAR] SDSS (SDSS J121346.91+132518.3) ra=183.445463 dec=13.421761 RA=12:13:46.91 DEC=+13:25:18.34 r_arcsec=2.50
[STAR] SDSS (SDSS J121346.86+132513.1) ra=183.445246 dec=13.420318 RA=12:13:46.86 DEC=+13:25:13.14 r_arcsec=2.50
[STAR] SDSS (SDSS J121346.83+132514.8) ra=183.445122 dec=13.420774 RA=12:13:46.83 DEC=+13:25:14.79 r_arcsec=2.50
[STAR] SDSS (SDSS J121346.83+132514.8) ra=183.445123 dec=13.420768 RA=12:13:46.83 DEC=+13:25:14.76 r_arcsec=2.50
[STAR] SDSS (SDSS J121348.71+132504.6) ra=183.452946 dec=13.417954 RA=12:13:48.71 DEC=+13:25:04.64 r_arcsec=2.50
[STAR] SDSS (SDSS J121348.00+132522.0) ra=183.450011 dec=13.422779 RA=12:13:48.00 DEC=+13:25:22.00 r_arcsec=2.50
[STAR] SDSS (SDSS J121347.64+132510.7) ra=183.448501 dec=13.419644 RA=12:13:47.64 DEC=+13:25:10.72 r_arcsec=2.50
[STAR] SDSS (SDSS J121347.65+132510.9) ra=183.448527 dec=13.419688 RA=12:13:47.65 DEC=+13:25:10.88 r_arcsec=2.50
[STAR] SDSS (SDSS J121344.13+132534.9) ra=183.433875 dec=13.426373 RA=12:13:44.13 DEC=+13:25:34.94 r_arcsec=2.50
[STAR] SDSS (SDSS J121344.21+132525.0) ra=183.434191 dec=13.423624 RA=12:13:44.21 DEC=+13:25:25.05 r_arcsec=2.50
[STAR] SDSS (SDSS J121344.25+132524.6) ra=183.434389 dec=13.423513 RA=12:13:44.25 DEC=+13:25:24.65 r_arcsec=2.50
[STAR] SDSS (SDSS J121345.69+132516.9) ra=183.440362 dec=13.421358 RA=12:13:45.69 DEC=+13:25:16.89 r_arcsec=2.50
[STAR] SDSS (SDSS J121346.06+132512.4) ra=183.441918 dec=13.420112 RA=12:13:46.06 DEC=+13:25:12.40 r_arcsec=2.50
[STAR] SDSS (SDSS J121346.03+132512.4) ra=183.441809 dec=13.420111 RA=12:13:46.03 DEC=+13:25:12.40 r_arcsec=2.50
[STAR] SDSS (SDSS J121345.86+132510.4) ra=183.441065 dec=13.419549 RA=12:13:45.86 DEC=+13:25:10.38 r_arcsec=2.50
[STAR] SDSS (SDSS J121345.37+132520.2) ra=183.439051 dec=13.422283 RA=12:13:45.37 DEC=+13:25:20.22 r_arcsec=2.50
[STAR] SDSS (SDSS J121345.09+132515.8) ra=183.437879 dec=13.421066 RA=12:13:45.09 DEC=+13:25:15.84 r_arcsec=2.50
[STAR] SDSS (SDSS J121345.07+132515.8) ra=183.437783 dec=13.421058 RA=12:13:45.07 DEC=+13:25:15.81 r_arcsec=2.50
[STAR] SDSS (SDSS J121346.67+132501.7) ra=183.444479 dec=13.417136 RA=12:13:46.67 DEC=+13:25:01.69 r_arcsec=2.50
[STAR] SDSS (SDSS J121346.66+132501.7) ra=183.444431 dec=13.417138 RA=12:13:46.66 DEC=+13:25:01.70 r_arcsec=2.50
[OK] Wrote NGC4189_mask.fits (shape=(319, 598), masked=16952 px; stars=58, galaxies=0)
[OK] Wrote NGC4189_combined_VRI_mask.png
[TIME] NGC4189_DATACUBE_FINAL_WCS_Pall_mad_red_v3tk_VRI.fits runtime_s=303.19
[FOV] NGC4192: nx=1092 ny=1629 pixscale=0.2000"/pix rad=3.433 arcmin
[FOV] FoV mask coverage: 29.98%
WARNING: Gaia query failed: Service Unavailable
[LEGACY] N(joined)=727 cols=['ls_id', 'ra', 'dec', 'type', 'release', 'brickid', 'objid', 'shape_r', 'shape_e1', 'shape_e2', 'z_phot_l95', 'z_phot_u95', 'z_phot_mean']
[OK] Wrote NGC4192_mask.fits (shape=(1629, 1092), masked=0 px; stars=0, galaxies=0)
[OK] Wrote NGC4192_combined_VRI_mask.png
[TIME] NGC4192_DATACUBE_FINAL_WCS_Pall_mad_red_v3tk_VRI.fits runtime_s=10.87
[FOV] NGC4293: nx=923 ny=532 pixscale=0.2000"/pix rad=1.940 arcmin
[FOV] FoV mask coverage: 54.64%
WARNING: Gaia query failed: Service Unavailable
[LEGACY] N(joined)=153 cols=['ls_id', 'ra', 'dec', 'type', 'release', 'brickid', 'objid', 'shape_r', 'shape_e1', 'shape_e2', 'z_phot_l95', 'z_phot_u95', 'z_phot_mean']
[STAR] SDSS (SDSS J122118.34+182253.6) ra=185.326435 dec=18.381559 RA=12:21:18.34 DEC=+18:22:53.61 r_arcsec=2.50
[STAR] SDSS (SDSS J122118.28+182256.3) ra=185.326156 dec=18.382317 RA=12:21:18.28 DEC=+18:22:56.34 r_arcsec=2.50
[STAR] SDSS (SDSS J122118.84+182255.2) ra=185.328511 dec=18.382008 RA=12:21:18.84 DEC=+18:22:55.23 r_arcsec=2.50
[STAR] SDSS (SDSS J122119.08+182315.0) ra=185.329502 dec=18.387513 RA=12:21:19.08 DEC=+18:23:15.05 r_arcsec=2.50
[STAR] SDSS (SDSS J122118.81+182304.6) ra=185.328366 dec=18.384624 RA=12:21:18.81 DEC=+18:23:04.65 r_arcsec=2.50
[STAR] SDSS (SDSS J122118.03+182300.8) ra=185.325106 dec=18.383562 RA=12:21:18.03 DEC=+18:23:00.82 r_arcsec=2.50
[STAR] SDSS (SDSS J122111.19+182257.7) ra=185.296631 dec=18.382686 RA=12:21:11.19 DEC=+18:22:57.67 r_arcsec=2.50
[STAR] SDSS (SDSS J122112.79+182254.6) ra=185.303284 dec=18.381824 RA=12:21:12.79 DEC=+18:22:54.57 r_arcsec=2.50
[STAR] SDSS (SDSS J122112.31+182254.7) ra=185.301310 dec=18.381863 RA=12:21:12.31 DEC=+18:22:54.71 r_arcsec=2.50
[STAR] SDSS (SDSS J122115.28+182314.2) ra=185.313678 dec=18.387284 RA=12:21:15.28 DEC=+18:23:14.22 r_arcsec=2.50
[STAR] SDSS (SDSS J122115.87+182304.3) ra=185.316109 dec=18.384528 RA=12:21:15.87 DEC=+18:23:04.30 r_arcsec=2.50
[STAR] SDSS (SDSS J122113.94+182308.5) ra=185.308101 dec=18.385683 RA=12:21:13.94 DEC=+18:23:08.46 r_arcsec=2.50
[STAR] SDSS (SDSS J122114.38+182310.8) ra=185.309904 dec=18.386329 RA=12:21:14.38 DEC=+18:23:10.79 r_arcsec=2.50
[STAR] SDSS (SDSS J122115.64+182304.7) ra=185.315169 dec=18.384637 RA=12:21:15.64 DEC=+18:23:04.69 r_arcsec=2.50
[STAR] SDSS (SDSS J122115.64+182304.4) ra=185.315172 dec=18.384556 RA=12:21:15.64 DEC=+18:23:04.40 r_arcsec=2.50
[STAR] SDSS (SDSS J122114.89+182313.0) ra=185.312046 dec=18.386955 RA=12:21:14.89 DEC=+18:23:13.04 r_arcsec=2.50
[STAR] SDSS (SDSS J122113.68+182259.0) ra=185.306992 dec=18.383064 RA=12:21:13.68 DEC=+18:22:59.03 r_arcsec=2.50
[STAR] SDSS (SDSS J122113.62+182245.8) ra=185.306732 dec=18.379387 RA=12:21:13.62 DEC=+18:22:45.79 r_arcsec=2.50
[STAR] SDSS (SDSS J122117.31+182259.5) ra=185.322132 dec=18.383190 RA=12:21:17.31 DEC=+18:22:59.49 r_arcsec=2.50
[STAR] SDSS (SDSS J122117.34+182259.5) ra=185.322235 dec=18.383205 RA=12:21:17.34 DEC=+18:22:59.54 r_arcsec=2.50
[STAR] SDSS (SDSS J122116.70+182303.5) ra=185.319578 dec=18.384307 RA=12:21:16.70 DEC=+18:23:03.50 r_arcsec=2.50
[STAR] SDSS (SDSS J122116.25+182253.2) ra=185.317718 dec=18.381443 RA=12:21:16.25 DEC=+18:22:53.19 r_arcsec=2.50
[STAR] SDSS (SDSS J122114.92+182322.6) ra=185.312162 dec=18.389599 RA=12:21:14.92 DEC=+18:23:22.56 r_arcsec=2.50
[STAR] SDSS (SDSS J122114.64+182319.2) ra=185.311008 dec=18.388653 RA=12:21:14.64 DEC=+18:23:19.15 r_arcsec=2.50
[STAR] SDSS (SDSS J122114.28+182331.0) ra=185.309488 dec=18.391952 RA=12:21:14.28 DEC=+18:23:31.03 r_arcsec=2.50
[STAR] SDSS (SDSS J122117.86+182342.4) ra=185.324435 dec=18.395119 RA=12:21:17.86 DEC=+18:23:42.43 r_arcsec=2.50
[STAR] SDSS (SDSS J122118.07+182352.2) ra=185.325294 dec=18.397844 RA=12:21:18.07 DEC=+18:23:52.24 r_arcsec=2.50
[STAR] SDSS (SDSS J122115.89+182326.2) ra=185.316226 dec=18.390606 RA=12:21:15.89 DEC=+18:23:26.18 r_arcsec=2.50
[STAR] SDSS (SDSS J122110.69+182250.6) ra=185.294541 dec=18.380726 RA=12:21:10.69 DEC=+18:22:50.61 r_arcsec=2.50
[STAR] SDSS (SDSS J122110.66+182254.6) ra=185.294415 dec=18.381834 RA=12:21:10.66 DEC=+18:22:54.60 r_arcsec=2.50
[STAR] SDSS (SDSS J122110.66+182252.7) ra=185.294421 dec=18.381295 RA=12:21:10.66 DEC=+18:22:52.66 r_arcsec=2.50
[STAR] SDSS (SDSS J122110.77+182252.5) ra=185.294877 dec=18.381263 RA=12:21:10.77 DEC=+18:22:52.55 r_arcsec=2.50
[STAR] SDSS (SDSS J122110.56+182227.7) ra=185.294020 dec=18.374367 RA=12:21:10.56 DEC=+18:22:27.72 r_arcsec=2.50
[STAR] SDSS (SDSS J122111.41+182227.6) ra=185.297545 dec=18.374339 RA=12:21:11.41 DEC=+18:22:27.62 r_arcsec=2.50
[STAR] SDSS (SDSS J122110.61+182237.7) ra=185.294200 dec=18.377142 RA=12:21:10.61 DEC=+18:22:37.71 r_arcsec=2.50
[STAR] SDSS (SDSS J122111.92+182227.9) ra=185.299675 dec=18.374411 RA=12:21:11.92 DEC=+18:22:27.88 r_arcsec=2.50
[STAR] SDSS (SDSS J122111.38+182235.5) ra=185.297413 dec=18.376530 RA=12:21:11.38 DEC=+18:22:35.51 r_arcsec=2.50
[STAR] SDSS (SDSS J122108.61+182305.7) ra=185.285882 dec=18.384912 RA=12:21:08.61 DEC=+18:23:05.68 r_arcsec=2.50
[STAR] SDSS (SDSS J122110.16+182249.5) ra=185.292333 dec=18.380411 RA=12:21:10.16 DEC=+18:22:49.48 r_arcsec=2.50
[STAR] SDSS (SDSS J122110.08+182253.0) ra=185.291987 dec=18.381400 RA=12:21:10.08 DEC=+18:22:53.04 r_arcsec=2.50
[STAR] SDSS (SDSS J122109.84+182239.7) ra=185.290982 dec=18.377698 RA=12:21:09.84 DEC=+18:22:39.71 r_arcsec=2.50
[STAR] SDSS (SDSS J122110.05+182234.9) ra=185.291859 dec=18.376349 RA=12:21:10.05 DEC=+18:22:34.86 r_arcsec=2.50
[STAR] SDSS (SDSS J122107.07+182237.7) ra=185.279461 dec=18.377144 RA=12:21:07.07 DEC=+18:22:37.72 r_arcsec=2.50
[STAR] SDSS (SDSS J122106.96+182301.5) ra=185.279013 dec=18.383757 RA=12:21:06.96 DEC=+18:23:01.52 r_arcsec=2.50
[STAR] SDSS (SDSS J122106.93+182259.2) ra=185.278863 dec=18.383098 RA=12:21:06.93 DEC=+18:22:59.15 r_arcsec=2.50
[STAR] SDSS (SDSS J122107.78+182211.6) ra=185.282409 dec=18.369886 RA=12:21:07.78 DEC=+18:22:11.59 r_arcsec=2.50
[STAR] SDSS (SDSS J122107.77+182211.6) ra=185.282376 dec=18.369888 RA=12:21:07.77 DEC=+18:22:11.60 r_arcsec=2.50
[STAR] SDSS (SDSS J122107.54+182218.6) ra=185.281426 dec=18.371835 RA=12:21:07.54 DEC=+18:22:18.61 r_arcsec=2.50
[OK] Wrote NGC4293_mask.fits (shape=(532, 923), masked=19799 px; stars=48, galaxies=0)
[OK] Wrote NGC4293_combined_VRI_mask.png
[TIME] NGC4293_DATACUBE_FINAL_WCS_Pall_mad_red_v3tk_VRI.fits runtime_s=5.26
[FOV] NGC4294: nx=567 ny=663 pixscale=0.2000"/pix rad=1.618 arcmin
[FOV] FoV mask coverage: 48.88%
WARNING: Gaia query failed: Service Unavailable
[LEGACY] N(joined)=225 cols=['ls_id', 'ra', 'dec', 'type', 'release', 'brickid', 'objid', 'shape_r', 'shape_e1', 'shape_e2', 'z_phot_l95', 'z_phot_u95', 'z_phot_mean']
[GAL][LEGACY] (LS J122117.46+112943.2) ra=185.322737 dec=11.495344 RA=12:21:17.46 DEC=+11:29:43.24 type=EXP z_l95=0.386 a=2.00" b=2.00" pa=32.2 z_mean=0.544 z_u95=0.720 sigma_z~0.085 SNR=6.3
[LEGACY] Legacy masking succeeded; skipping PS1/SDSS/NED fallback catalogs.
[STAR] SDSS (SDSS J122118.66+113019.0) ra=185.327740 dec=11.505273 RA=12:21:18.66 DEC=+11:30:18.98 r_arcsec=2.50
[STAR] SDSS (SDSS J122118.47+113020.1) ra=185.326959 dec=11.505576 RA=12:21:18.47 DEC=+11:30:20.07 r_arcsec=2.50
[STAR] SDSS (SDSS J122119.41+113032.5) ra=185.330860 dec=11.509021 RA=12:21:19.41 DEC=+11:30:32.47 r_arcsec=2.50
[STAR] SDSS (SDSS J122119.40+113016.1) ra=185.330827 dec=11.504473 RA=12:21:19.40 DEC=+11:30:16.10 r_arcsec=2.50
[STAR] SDSS (SDSS J122119.43+113016.2) ra=185.330975 dec=11.504507 RA=12:21:19.43 DEC=+11:30:16.23 r_arcsec=2.50
[STAR] SDSS (SDSS J122119.40+113022.7) ra=185.330827 dec=11.506297 RA=12:21:19.40 DEC=+11:30:22.67 r_arcsec=2.50
[STAR] SDSS (SDSS J122119.30+113019.7) ra=185.330433 dec=11.505484 RA=12:21:19.30 DEC=+11:30:19.74 r_arcsec=2.50
[STAR] SDSS (SDSS J122118.14+112955.5) ra=185.325583 dec=11.498747 RA=12:21:18.14 DEC=+11:29:55.49 r_arcsec=2.50
[STAR] SDSS (SDSS J122118.35+113001.2) ra=185.326478 dec=11.500333 RA=12:21:18.35 DEC=+11:30:01.20 r_arcsec=2.50
[STAR] SDSS (SDSS J122118.56+112954.3) ra=185.327337 dec=11.498413 RA=12:21:18.56 DEC=+11:29:54.29 r_arcsec=2.50
[STAR] SDSS (SDSS J122120.01+113006.0) ra=185.333393 dec=11.501653 RA=12:21:20.01 DEC=+11:30:05.95 r_arcsec=2.50
[STAR] SDSS (SDSS J122120.15+113011.5) ra=185.333945 dec=11.503190 RA=12:21:20.15 DEC=+11:30:11.49 r_arcsec=2.50
[STAR] SDSS (SDSS J122119.74+113002.2) ra=185.332247 dec=11.500599 RA=12:21:19.74 DEC=+11:30:02.16 r_arcsec=2.50
[STAR] SDSS (SDSS J122117.65+113050.7) ra=185.323528 dec=11.514084 RA=12:21:17.65 DEC=+11:30:50.70 r_arcsec=2.50
[STAR] SDSS (SDSS J122117.24+113053.1) ra=185.321849 dec=11.514748 RA=12:21:17.24 DEC=+11:30:53.09 r_arcsec=2.50
[STAR] SDSS (SDSS J122117.80+113027.1) ra=185.324187 dec=11.507534 RA=12:21:17.80 DEC=+11:30:27.12 r_arcsec=2.50
[STAR] SDSS (SDSS J122117.76+113000.0) ra=185.324014 dec=11.500006 RA=12:21:17.76 DEC=+11:30:00.02 r_arcsec=2.50
[STAR] SDSS (SDSS J122117.16+112958.7) ra=185.321507 dec=11.499648 RA=12:21:17.16 DEC=+11:29:58.73 r_arcsec=2.50
[STAR] SDSS (SDSS J122117.78+113014.5) ra=185.324081 dec=11.504023 RA=12:21:17.78 DEC=+11:30:14.48 r_arcsec=2.84
[STAR] SDSS (SDSS J122117.78+113014.5) ra=185.324078 dec=11.504020 RA=12:21:17.78 DEC=+11:30:14.47 r_arcsec=2.80
[STAR] SDSS (SDSS J122115.51+113031.7) ra=185.314611 dec=11.508796 RA=12:21:15.51 DEC=+11:30:31.67 r_arcsec=2.50
[STAR] SDSS (SDSS J122119.93+113048.2) ra=185.333030 dec=11.513384 RA=12:21:19.93 DEC=+11:30:48.18 r_arcsec=2.50
[STAR] SDSS (SDSS J122119.93+113048.2) ra=185.333042 dec=11.513395 RA=12:21:19.93 DEC=+11:30:48.22 r_arcsec=2.54
[STAR] SDSS (SDSS J122117.95+113105.4) ra=185.324784 dec=11.518170 RA=12:21:17.95 DEC=+11:31:05.41 r_arcsec=2.50
[STAR] SDSS (SDSS J122116.53+113131.0) ra=185.318883 dec=11.525287 RA=12:21:16.53 DEC=+11:31:31.03 r_arcsec=2.50
[STAR] SDSS (SDSS J122116.46+113124.8) ra=185.318596 dec=11.523559 RA=12:21:16.46 DEC=+11:31:24.81 r_arcsec=2.50
[STAR] SDSS (SDSS J122116.29+113127.1) ra=185.317861 dec=11.524207 RA=12:21:16.29 DEC=+11:31:27.14 r_arcsec=2.50
[STAR] SDSS (SDSS J122118.09+113103.6) ra=185.325383 dec=11.517657 RA=12:21:18.09 DEC=+11:31:03.57 r_arcsec=2.50
[OK] Wrote NGC4294_mask.fits (shape=(663, 567), masked=11206 px; stars=28, galaxies=1)
[OK] Wrote NGC4294_combined_VRI_mask.png
[TIME] NGC4294_DATACUBE_FINAL_WCS_Pall_mad_red_v3tk_VRI.fits runtime_s=5.64
[FOV] NGC4298: nx=1042 ny=995 pixscale=0.2000"/pix rad=2.566 arcmin
[FOV] FoV mask coverage: 48.95%
WARNING: Gaia query failed: Service Unavailable
[LEGACY] N(joined)=417 cols=['ls_id', 'ra', 'dec', 'type', 'release', 'brickid', 'objid', 'shape_r', 'shape_e1', 'shape_e2', 'z_phot_l95', 'z_phot_u95', 'z_phot_mean']
[GAL][LEGACY] (LS J122134.81+143449.6) ra=185.395043 dec=14.580446 RA=12:21:34.81 DEC=+14:34:49.60 type=EXP z_l95=0.326 a=2.00" b=2.00" pa=82.9 z_mean=0.561 z_u95=0.692 sigma_z~0.093 SNR=5.9
[LEGACY] Legacy masking succeeded; skipping PS1/SDSS/NED fallback catalogs.
[STAR] SDSS (SDSS J122129.48+143538.6) ra=185.372826 dec=14.594045 RA=12:21:29.48 DEC=+14:35:38.56 r_arcsec=2.50
[STAR] SDSS (SDSS J122135.43+143500.1) ra=185.397611 dec=14.583350 RA=12:21:35.43 DEC=+14:35:00.06 r_arcsec=2.50
[STAR] SDSS (SDSS J122133.42+143601.2) ra=185.389235 dec=14.600336 RA=12:21:33.42 DEC=+14:36:01.21 r_arcsec=2.50
[STAR] SDSS (SDSS J122133.88+143600.0) ra=185.391161 dec=14.599990 RA=12:21:33.88 DEC=+14:35:59.96 r_arcsec=2.50
[STAR] SDSS (SDSS J122134.02+143600.8) ra=185.391738 dec=14.600210 RA=12:21:34.02 DEC=+14:36:00.75 r_arcsec=2.50
[STAR] SDSS (SDSS J122133.28+143605.2) ra=185.388661 dec=14.601435 RA=12:21:33.28 DEC=+14:36:05.17 r_arcsec=2.50
[STAR] SDSS (SDSS J122133.18+143632.0) ra=185.388241 dec=14.608883 RA=12:21:33.18 DEC=+14:36:31.98 r_arcsec=2.74
[STAR] SDSS (SDSS J122135.87+143641.3) ra=185.399440 dec=14.611474 RA=12:21:35.87 DEC=+14:36:41.31 r_arcsec=14.71
[STAR] SDSS (SDSS J122135.86+143641.4) ra=185.399429 dec=14.611491 RA=12:21:35.86 DEC=+14:36:41.37 r_arcsec=6.48
[STAR] SDSS (SDSS J122135.86+143641.4) ra=185.399429 dec=14.611491 RA=12:21:35.86 DEC=+14:36:41.37 r_arcsec=6.50
[STAR] SDSS (SDSS J122135.86+143641.4) ra=185.399432 dec=14.611488 RA=12:21:35.86 DEC=+14:36:41.36 r_arcsec=6.44
[STAR] SDSS (SDSS J122135.87+143641.3) ra=185.399441 dec=14.611477 RA=12:21:35.87 DEC=+14:36:41.32 r_arcsec=4.94
[STAR] SDSS (SDSS J122133.33+143614.6) ra=185.388888 dec=14.604060 RA=12:21:33.33 DEC=+14:36:14.62 r_arcsec=2.50
[STAR] SDSS (SDSS J122133.65+143614.3) ra=185.390189 dec=14.603984 RA=12:21:33.65 DEC=+14:36:14.34 r_arcsec=2.50
[STAR] SDSS (SDSS J122134.18+143612.3) ra=185.392415 dec=14.603404 RA=12:21:34.18 DEC=+14:36:12.25 r_arcsec=2.50
[STAR] SDSS (SDSS J122133.86+143613.3) ra=185.391066 dec=14.603699 RA=12:21:33.86 DEC=+14:36:13.32 r_arcsec=2.50
[STAR] SDSS (SDSS J122134.04+143609.5) ra=185.391837 dec=14.602636 RA=12:21:34.04 DEC=+14:36:09.49 r_arcsec=2.50
[STAR] SDSS (SDSS J122138.92+143619.8) ra=185.412185 dec=14.605489 RA=12:21:38.92 DEC=+14:36:19.76 r_arcsec=2.50
[STAR] SDSS (SDSS J122131.82+143615.5) ra=185.382587 dec=14.604296 RA=12:21:31.82 DEC=+14:36:15.46 r_arcsec=2.50
[STAR] SDSS (SDSS J122133.09+143624.2) ra=185.387869 dec=14.606721 RA=12:21:33.09 DEC=+14:36:24.19 r_arcsec=2.50
[STAR] SDSS (SDSS J122132.06+143632.1) ra=185.383574 dec=14.608917 RA=12:21:32.06 DEC=+14:36:32.10 r_arcsec=2.50
[STAR] SDSS (SDSS J122131.99+143635.5) ra=185.383285 dec=14.609872 RA=12:21:31.99 DEC=+14:36:35.54 r_arcsec=2.50
[STAR] SDSS (SDSS J122132.07+143632.0) ra=185.383614 dec=14.608881 RA=12:21:32.07 DEC=+14:36:31.97 r_arcsec=2.50
[STAR] SDSS (SDSS J122130.97+143654.7) ra=185.379021 dec=14.615183 RA=12:21:30.97 DEC=+14:36:54.66 r_arcsec=2.50
[STAR] SDSS (SDSS J122131.56+143643.2) ra=185.381518 dec=14.612006 RA=12:21:31.56 DEC=+14:36:43.22 r_arcsec=2.50
[STAR] SDSS (SDSS J122132.09+143639.8) ra=185.383727 dec=14.611067 RA=12:21:32.09 DEC=+14:36:39.84 r_arcsec=2.50
[STAR] SDSS (SDSS J122132.54+143620.4) ra=185.385582 dec=14.605670 RA=12:21:32.54 DEC=+14:36:20.41 r_arcsec=2.50
[STAR] SDSS (SDSS J122131.98+143631.5) ra=185.383256 dec=14.608751 RA=12:21:31.98 DEC=+14:36:31.51 r_arcsec=2.50
[STAR] SDSS (SDSS J122132.00+143620.2) ra=185.383323 dec=14.605621 RA=12:21:32.00 DEC=+14:36:20.23 r_arcsec=2.50
[STAR] SDSS (SDSS J122130.35+143647.1) ra=185.376476 dec=14.613086 RA=12:21:30.35 DEC=+14:36:47.11 r_arcsec=2.50
[STAR] SDSS (SDSS J122131.38+143638.3) ra=185.380765 dec=14.610628 RA=12:21:31.38 DEC=+14:36:38.26 r_arcsec=2.50
[STAR] SDSS (SDSS J122130.94+143622.2) ra=185.378916 dec=14.606175 RA=12:21:30.94 DEC=+14:36:22.23 r_arcsec=2.50
[STAR] SDSS (SDSS J122131.68+143623.0) ra=185.381991 dec=14.606389 RA=12:21:31.68 DEC=+14:36:23.00 r_arcsec=2.50
[STAR] SDSS (SDSS J122133.76+143455.1) ra=185.390669 dec=14.581964 RA=12:21:33.76 DEC=+14:34:55.07 r_arcsec=2.50
[STAR] SDSS (SDSS J122135.44+143446.8) ra=185.397647 dec=14.579668 RA=12:21:35.44 DEC=+14:34:46.81 r_arcsec=2.50
[STAR] SDSS (SDSS J122135.23+143448.8) ra=185.396784 dec=14.580209 RA=12:21:35.23 DEC=+14:34:48.75 r_arcsec=2.50
[STAR] SDSS (SDSS J122134.80+143449.6) ra=185.394986 dec=14.580443 RA=12:21:34.80 DEC=+14:34:49.59 r_arcsec=2.50
[STAR] SDSS (SDSS J122136.25+143452.7) ra=185.401043 dec=14.581303 RA=12:21:36.25 DEC=+14:34:52.69 r_arcsec=2.50
[OK] Wrote NGC4298_mask.fits (shape=(995, 1042), masked=30759 px; stars=38, galaxies=1)
WARNING: NGC4298_combined_VRI_mask.png size=(1042, 994) != FITS size=(1042, 995); resizing output PNG.
[OK] Wrote NGC4298_combined_VRI_mask.png
[TIME] NGC4298_DATACUBE_FINAL_WCS_Pall_mad_red_v3tk_VRI.fits runtime_s=6.18
[FOV] NGC4302: nx=322 ny=1420 pixscale=0.2000"/pix rad=2.591 arcmin
[FOV] FoV mask coverage: 95.53%
WARNING: Gaia query failed: Service Unavailable
[LEGACY] N(joined)=702 cols=['ls_id', 'ra', 'dec', 'type', 'release', 'brickid', 'objid', 'shape_r', 'shape_e1', 'shape_e2', 'z_phot_l95', 'z_phot_u95', 'z_phot_mean']
[STAR] SDSS (SDSS J122142.58+143521.8) ra=185.427406 dec=14.589380 RA=12:21:42.58 DEC=+14:35:21.77 r_arcsec=2.50
[STAR] SDSS (SDSS J122141.96+143514.8) ra=185.424830 dec=14.587454 RA=12:21:41.96 DEC=+14:35:14.83 r_arcsec=2.50
[STAR] SDSS (SDSS J122142.05+143517.0) ra=185.425220 dec=14.588063 RA=12:21:42.05 DEC=+14:35:17.03 r_arcsec=2.50
[STAR] SDSS (SDSS J122141.20+143534.8) ra=185.421684 dec=14.592990 RA=12:21:41.20 DEC=+14:35:34.76 r_arcsec=2.50
[STAR] SDSS (SDSS J122140.75+143754.9) ra=185.419779 dec=14.631908 RA=12:21:40.75 DEC=+14:37:54.87 r_arcsec=8.80
[STAR] SDSS (SDSS J122140.75+143754.8) ra=185.419783 dec=14.631891 RA=12:21:40.75 DEC=+14:37:54.81 r_arcsec=6.72
[STAR] SDSS (SDSS J122144.06+143628.4) ra=185.433577 dec=14.607903 RA=12:21:44.06 DEC=+14:36:28.45 r_arcsec=2.50
[STAR] SDSS (SDSS J122142.51+143652.8) ra=185.427112 dec=14.614664 RA=12:21:42.51 DEC=+14:36:52.79 r_arcsec=2.50
[STAR] SDSS (SDSS J122141.75+143614.7) ra=185.423963 dec=14.604090 RA=12:21:41.75 DEC=+14:36:14.73 r_arcsec=2.50
[STAR] SDSS (SDSS J122142.56+143542.7) ra=185.427332 dec=14.595193 RA=12:21:42.56 DEC=+14:35:42.70 r_arcsec=2.50
[STAR] SDSS (SDSS J122142.67+143547.1) ra=185.427772 dec=14.596406 RA=12:21:42.67 DEC=+14:35:47.06 r_arcsec=2.50
[STAR] SDSS (SDSS J122142.45+143558.9) ra=185.426861 dec=14.599708 RA=12:21:42.45 DEC=+14:35:58.95 r_arcsec=2.50
[STAR] SDSS (SDSS J122141.74+143647.8) ra=185.423929 dec=14.613265 RA=12:21:41.74 DEC=+14:36:47.75 r_arcsec=2.50
[STAR] SDSS (SDSS J122142.53+143623.5) ra=185.427215 dec=14.606533 RA=12:21:42.53 DEC=+14:36:23.52 r_arcsec=2.50
[STAR] SDSS (SDSS J122141.86+143633.3) ra=185.424418 dec=14.609240 RA=12:21:41.86 DEC=+14:36:33.26 r_arcsec=2.50
[STAR] SDSS (SDSS J122143.53+143340.4) ra=185.431387 dec=14.561211 RA=12:21:43.53 DEC=+14:33:40.36 r_arcsec=2.50
[STAR] SDSS (SDSS J122142.34+143339.8) ra=185.426421 dec=14.561061 RA=12:21:42.34 DEC=+14:33:39.82 r_arcsec=2.50
[STAR] SDSS (SDSS J122143.48+143323.1) ra=185.431173 dec=14.556409 RA=12:21:43.48 DEC=+14:33:23.07 r_arcsec=2.50
[STAR] SDSS (SDSS J122142.66+143338.5) ra=185.427736 dec=14.560708 RA=12:21:42.66 DEC=+14:33:38.55 r_arcsec=2.50
[STAR] SDSS (SDSS J122140.86+143325.3) ra=185.420250 dec=14.557031 RA=12:21:40.86 DEC=+14:33:25.31 r_arcsec=2.50
[STAR] SDSS (SDSS J122142.61+143442.8) ra=185.427536 dec=14.578557 RA=12:21:42.61 DEC=+14:34:42.81 r_arcsec=2.50
[STAR] SDSS (SDSS J122142.52+143448.8) ra=185.427152 dec=14.580233 RA=12:21:42.52 DEC=+14:34:48.84 r_arcsec=2.50
[STAR] SDSS (SDSS J122142.40+143446.0) ra=185.426658 dec=14.579437 RA=12:21:42.40 DEC=+14:34:45.97 r_arcsec=2.50
[STAR] SDSS (SDSS J122142.47+143456.0) ra=185.426938 dec=14.582219 RA=12:21:42.47 DEC=+14:34:55.99 r_arcsec=2.50
[STAR] SDSS (SDSS J122140.85+143442.1) ra=185.420203 dec=14.578348 RA=12:21:40.85 DEC=+14:34:42.05 r_arcsec=2.50
[STAR] SDSS (SDSS J122142.40+143419.4) ra=185.426685 dec=14.572058 RA=12:21:42.40 DEC=+14:34:19.41 r_arcsec=3.50
[STAR] SDSS (SDSS J122142.89+143406.2) ra=185.428714 dec=14.568387 RA=12:21:42.89 DEC=+14:34:06.19 r_arcsec=2.50
[STAR] SDSS (SDSS J122142.82+143403.5) ra=185.428433 dec=14.567635 RA=12:21:42.82 DEC=+14:34:03.49 r_arcsec=2.50
[STAR] SDSS (SDSS J122143.18+143409.5) ra=185.429922 dec=14.569299 RA=12:21:43.18 DEC=+14:34:09.48 r_arcsec=2.50
[STAR] SDSS (SDSS J122141.91+143431.3) ra=185.424632 dec=14.575368 RA=12:21:41.91 DEC=+14:34:31.33 r_arcsec=2.50
[STAR] SDSS (SDSS J122142.98+143353.9) ra=185.429087 dec=14.564969 RA=12:21:42.98 DEC=+14:33:53.89 r_arcsec=2.50
[STAR] SDSS (SDSS J122140.49+143346.2) ra=185.418708 dec=14.562841 RA=12:21:40.49 DEC=+14:33:46.23 r_arcsec=2.50
[STAR] SDSS (SDSS J122140.43+143340.5) ra=185.418455 dec=14.561244 RA=12:21:40.43 DEC=+14:33:40.48 r_arcsec=2.50
[STAR] SDSS (SDSS J122140.79+143415.1) ra=185.419939 dec=14.570860 RA=12:21:40.79 DEC=+14:34:15.10 r_arcsec=2.50
[STAR] SDSS (SDSS J122140.78+143415.1) ra=185.419935 dec=14.570859 RA=12:21:40.78 DEC=+14:34:15.09 r_arcsec=2.50
[STAR] SDSS (SDSS J122140.78+143415.1) ra=185.419934 dec=14.570859 RA=12:21:40.78 DEC=+14:34:15.09 r_arcsec=2.50
[STAR] SDSS (SDSS J122140.78+143415.1) ra=185.419934 dec=14.570854 RA=12:21:40.78 DEC=+14:34:15.07 r_arcsec=2.50
[STAR] SDSS (SDSS J122144.35+143405.7) ra=185.434784 dec=14.568250 RA=12:21:44.35 DEC=+14:34:05.70 r_arcsec=2.50
[STAR] SDSS (SDSS J122143.97+143333.1) ra=185.433192 dec=14.559189 RA=12:21:43.97 DEC=+14:33:33.08 r_arcsec=2.50
[OK] Wrote NGC4302_mask.fits (shape=(1420, 322), masked=21727 px; stars=39, galaxies=0)
[OK] Wrote NGC4302_combined_VRI_mask.png
[TIME] NGC4302_DATACUBE_FINAL_WCS_Pall_mad_red_v3tk_VRI.fits runtime_s=7.18
[FOV] NGC4330: nx=881 ny=760 pixscale=0.2000"/pix rad=2.104 arcmin
[FOV] FoV mask coverage: 39.99%
WARNING: Gaia query failed: Service Unavailable
[LEGACY] N(joined)=311 cols=['ls_id', 'ra', 'dec', 'type', 'release', 'brickid', 'objid', 'shape_r', 'shape_e1', 'shape_e2', 'z_phot_l95', 'z_phot_u95', 'z_phot_mean']
[GAL][LEGACY] (LS J122314.98+112118.9) ra=185.812428 dec=11.355261 RA=12:23:14.98 DEC=+11:21:18.94 type=EXP z_l95=0.408 a=3.93" b=2.06" pa=-20.2 z_mean=0.725 z_u95=0.860 sigma_z~0.115 SNR=6.2
[GAL][LEGACY] (LS J122315.72+112122.1) ra=185.815508 dec=11.356129 RA=12:23:15.72 DEC=+11:21:22.07 type=SER z_l95=0.527 a=2.93" b=2.16" pa=-49.1 z_mean=0.624 z_u95=0.701 sigma_z~0.044 SNR=13.9
[GAL][LEGACY] (LS J122321.95+112226.6) ra=185.841457 dec=11.374064 RA=12:23:21.95 DEC=+11:22:26.63 type=REX z_l95=0.554 a=2.00" b=2.00" pa=0.0 z_mean=0.935 z_u95=1.264 sigma_z~0.181 SNR=5.1
[GAL][LEGACY] (LS J122321.38+112314.0) ra=185.839068 dec=11.387221 RA=12:23:21.38 DEC=+11:23:14.00 type=DEV z_l95=0.446 a=2.00" b=2.00" pa=-83.3 z_mean=0.579 z_u95=0.689 sigma_z~0.062 SNR=9.2
[LEGACY] Legacy masking succeeded; skipping PS1/SDSS/NED fallback catalogs.
[STAR] SDSS (SDSS J122320.85+112258.5) ra=185.836880 dec=11.382921 RA=12:23:20.85 DEC=+11:22:58.52 r_arcsec=2.50
[STAR] SDSS (SDSS J122321.16+112308.2) ra=185.838166 dec=11.385608 RA=12:23:21.16 DEC=+11:23:08.19 r_arcsec=2.50
[STAR] SDSS (SDSS J122321.15+112308.4) ra=185.838121 dec=11.385667 RA=12:23:21.15 DEC=+11:23:08.40 r_arcsec=2.50
[STAR] SDSS (SDSS J122321.15+112308.4) ra=185.838131 dec=11.385663 RA=12:23:21.15 DEC=+11:23:08.39 r_arcsec=2.50
[STAR] SDSS (SDSS J122319.75+112203.0) ra=185.832278 dec=11.367487 RA=12:23:19.75 DEC=+11:22:02.95 r_arcsec=2.50
[STAR] SDSS (SDSS J122319.77+112200.0) ra=185.832382 dec=11.366675 RA=12:23:19.77 DEC=+11:22:00.03 r_arcsec=2.50
[STAR] SDSS (SDSS J122319.76+112200.1) ra=185.832351 dec=11.366702 RA=12:23:19.76 DEC=+11:22:00.13 r_arcsec=2.50
[STAR] SDSS (SDSS J122313.29+112156.3) ra=185.805366 dec=11.365632 RA=12:23:13.29 DEC=+11:21:56.27 r_arcsec=2.50
[STAR] SDSS (SDSS J122314.79+112146.8) ra=185.811637 dec=11.362989 RA=12:23:14.79 DEC=+11:21:46.76 r_arcsec=2.50
[STAR] SDSS (SDSS J122314.24+112141.6) ra=185.809347 dec=11.361550 RA=12:23:14.24 DEC=+11:21:41.58 r_arcsec=2.50
[STAR] SDSS (SDSS J122314.15+112141.3) ra=185.808945 dec=11.361486 RA=12:23:14.15 DEC=+11:21:41.35 r_arcsec=2.50
[STAR] SDSS (SDSS J122314.62+112144.7) ra=185.810899 dec=11.362421 RA=12:23:14.62 DEC=+11:21:44.72 r_arcsec=2.50
[STAR] SDSS (SDSS J122314.39+112142.9) ra=185.809951 dec=11.361908 RA=12:23:14.39 DEC=+11:21:42.87 r_arcsec=2.50
[STAR] SDSS (SDSS J122314.26+112204.1) ra=185.809406 dec=11.367793 RA=12:23:14.26 DEC=+11:22:04.06 r_arcsec=2.50
[STAR] SDSS (SDSS J122314.26+112203.9) ra=185.809418 dec=11.367751 RA=12:23:14.26 DEC=+11:22:03.90 r_arcsec=2.50
[STAR] SDSS (SDSS J122317.58+112205.6) ra=185.823233 dec=11.368221 RA=12:23:17.58 DEC=+11:22:05.60 r_arcsec=2.50
[STAR] SDSS (SDSS J122317.14+112203.8) ra=185.821432 dec=11.367713 RA=12:23:17.14 DEC=+11:22:03.77 r_arcsec=2.50
[STAR] SDSS (SDSS J122315.96+112157.0) ra=185.816520 dec=11.365835 RA=12:23:15.96 DEC=+11:21:57.01 r_arcsec=2.50
[STAR] SDSS (SDSS J122315.93+112157.9) ra=185.816363 dec=11.366080 RA=12:23:15.93 DEC=+11:21:57.89 r_arcsec=2.50
[STAR] SDSS (SDSS J122316.49+112200.3) ra=185.818707 dec=11.366747 RA=12:23:16.49 DEC=+11:22:00.29 r_arcsec=2.50
[STAR] SDSS (SDSS J122316.47+112200.3) ra=185.818623 dec=11.366756 RA=12:23:16.47 DEC=+11:22:00.32 r_arcsec=2.50
[STAR] SDSS (SDSS J122316.40+112203.8) ra=185.818331 dec=11.367729 RA=12:23:16.40 DEC=+11:22:03.82 r_arcsec=2.50
[STAR] SDSS (SDSS J122316.37+112135.5) ra=185.818223 dec=11.359853 RA=12:23:16.37 DEC=+11:21:35.47 r_arcsec=2.50
[STAR] SDSS (SDSS J122316.44+112136.8) ra=185.818489 dec=11.360213 RA=12:23:16.44 DEC=+11:21:36.77 r_arcsec=2.50
[STAR] SDSS (SDSS J122315.25+112205.8) ra=185.813562 dec=11.368267 RA=12:23:15.25 DEC=+11:22:05.76 r_arcsec=2.50
[STAR] SDSS (SDSS J122315.17+112200.9) ra=185.813202 dec=11.366904 RA=12:23:15.17 DEC=+11:22:00.85 r_arcsec=2.50
[STAR] SDSS (SDSS J122316.04+112129.8) ra=185.816825 dec=11.358289 RA=12:23:16.04 DEC=+11:21:29.84 r_arcsec=2.50
[STAR] SDSS (SDSS J122316.04+112129.9) ra=185.816838 dec=11.358298 RA=12:23:16.04 DEC=+11:21:29.87 r_arcsec=2.50
[STAR] SDSS (SDSS J122315.07+112144.6) ra=185.812812 dec=11.362393 RA=12:23:15.07 DEC=+11:21:44.61 r_arcsec=2.50
[STAR] SDSS (SDSS J122315.09+112144.5) ra=185.812858 dec=11.362349 RA=12:23:15.09 DEC=+11:21:44.46 r_arcsec=2.50
[STAR] SDSS (SDSS J122320.57+112234.9) ra=185.835713 dec=11.376375 RA=12:23:20.57 DEC=+11:22:34.95 r_arcsec=2.50
[STAR] SDSS (SDSS J122320.74+112238.7) ra=185.836399 dec=11.377415 RA=12:23:20.74 DEC=+11:22:38.70 r_arcsec=2.50
[STAR] SDSS (SDSS J122321.49+112237.2) ra=185.839540 dec=11.377012 RA=12:23:21.49 DEC=+11:22:37.24 r_arcsec=2.50
[STAR] SDSS (SDSS J122321.44+112233.1) ra=185.839347 dec=11.375869 RA=12:23:21.44 DEC=+11:22:33.13 r_arcsec=2.50
[STAR] SDSS (SDSS J122320.89+112239.7) ra=185.837056 dec=11.377698 RA=12:23:20.89 DEC=+11:22:39.71 r_arcsec=2.50
[STAR] SDSS (SDSS J122319.41+112251.9) ra=185.830886 dec=11.381077 RA=12:23:19.41 DEC=+11:22:51.88 r_arcsec=2.50
[STAR] SDSS (SDSS J122319.44+112251.9) ra=185.830980 dec=11.381084 RA=12:23:19.44 DEC=+11:22:51.90 r_arcsec=2.50
[STAR] SDSS (SDSS J122319.40+112251.8) ra=185.830815 dec=11.381055 RA=12:23:19.40 DEC=+11:22:51.80 r_arcsec=2.50
[STAR] SDSS (SDSS J122319.48+112253.0) ra=185.831182 dec=11.381394 RA=12:23:19.48 DEC=+11:22:53.02 r_arcsec=2.50
[STAR] SDSS (SDSS J122319.55+112301.2) ra=185.831444 dec=11.383654 RA=12:23:19.55 DEC=+11:23:01.15 r_arcsec=2.50
[STAR] SDSS (SDSS J122319.52+112301.3) ra=185.831333 dec=11.383706 RA=12:23:19.52 DEC=+11:23:01.34 r_arcsec=2.50
[STAR] SDSS (SDSS J122317.93+112211.7) ra=185.824691 dec=11.369908 RA=12:23:17.93 DEC=+11:22:11.67 r_arcsec=2.50
[STAR] SDSS (SDSS J122317.93+112211.5) ra=185.824721 dec=11.369862 RA=12:23:17.93 DEC=+11:22:11.50 r_arcsec=2.50
[STAR] SDSS (SDSS J122318.32+112220.8) ra=185.826354 dec=11.372439 RA=12:23:18.32 DEC=+11:22:20.78 r_arcsec=2.50
[STAR] SDSS (SDSS J122318.19+112218.0) ra=185.825802 dec=11.371664 RA=12:23:18.19 DEC=+11:22:17.99 r_arcsec=2.50
[STAR] SDSS (SDSS J122319.08+112226.3) ra=185.829487 dec=11.373975 RA=12:23:19.08 DEC=+11:22:26.31 r_arcsec=2.50
[STAR] SDSS (SDSS J122318.80+112223.1) ra=185.828328 dec=11.373097 RA=12:23:18.80 DEC=+11:22:23.15 r_arcsec=2.50
[STAR] SDSS (SDSS J122318.31+112248.0) ra=185.826289 dec=11.379994 RA=12:23:18.31 DEC=+11:22:47.98 r_arcsec=2.50
[STAR] SDSS (SDSS J122319.04+112251.2) ra=185.829328 dec=11.380876 RA=12:23:19.04 DEC=+11:22:51.15 r_arcsec=2.50
[STAR] SDSS (SDSS J122320.27+112230.2) ra=185.834451 dec=11.375063 RA=12:23:20.27 DEC=+11:22:30.23 r_arcsec=2.50
[STAR] SDSS (SDSS J122320.50+112236.0) ra=185.835400 dec=11.376656 RA=12:23:20.50 DEC=+11:22:35.96 r_arcsec=2.50
[STAR] SDSS (SDSS J122320.33+112234.4) ra=185.834709 dec=11.376214 RA=12:23:20.33 DEC=+11:22:34.37 r_arcsec=2.50
[STAR] SDSS (SDSS J122320.09+112232.2) ra=185.833695 dec=11.375614 RA=12:23:20.09 DEC=+11:22:32.21 r_arcsec=2.50
[STAR] SDSS (SDSS J122314.59+112134.4) ra=185.810789 dec=11.359551 RA=12:23:14.59 DEC=+11:21:34.39 r_arcsec=2.50
[STAR] SDSS (SDSS J122313.69+112132.2) ra=185.807024 dec=11.358949 RA=12:23:13.69 DEC=+11:21:32.22 r_arcsec=2.50
[STAR] SDSS (SDSS J122313.85+112134.2) ra=185.807718 dec=11.359512 RA=12:23:13.85 DEC=+11:21:34.24 r_arcsec=2.50
[STAR] SDSS (SDSS J122313.75+112133.6) ra=185.807272 dec=11.359321 RA=12:23:13.75 DEC=+11:21:33.55 r_arcsec=2.50
[STAR] SDSS (SDSS J122313.58+112129.9) ra=185.806573 dec=11.358299 RA=12:23:13.58 DEC=+11:21:29.88 r_arcsec=2.50
[STAR] SDSS (SDSS J122313.36+112148.5) ra=185.805687 dec=11.363464 RA=12:23:13.36 DEC=+11:21:48.47 r_arcsec=2.50
[STAR] SDSS (SDSS J122313.37+112148.3) ra=185.805698 dec=11.363426 RA=12:23:13.37 DEC=+11:21:48.33 r_arcsec=2.50
[STAR] SDSS (SDSS J122312.32+112121.3) ra=185.801318 dec=11.355916 RA=12:23:12.32 DEC=+11:21:21.30 r_arcsec=2.50
[STAR] SDSS (SDSS J122312.50+112123.2) ra=185.802074 dec=11.356439 RA=12:23:12.50 DEC=+11:21:23.18 r_arcsec=2.50
[STAR] SDSS (SDSS J122312.50+112122.7) ra=185.802066 dec=11.356313 RA=12:23:12.50 DEC=+11:21:22.73 r_arcsec=2.50
[STAR] SDSS (SDSS J122313.27+112110.4) ra=185.805273 dec=11.352897 RA=12:23:13.27 DEC=+11:21:10.43 r_arcsec=2.50
[STAR] SDSS (SDSS J122315.14+112123.0) ra=185.813090 dec=11.356402 RA=12:23:15.14 DEC=+11:21:23.05 r_arcsec=2.50
[STAR] SDSS (SDSS J122315.13+112123.1) ra=185.813051 dec=11.356427 RA=12:23:15.13 DEC=+11:21:23.14 r_arcsec=2.50
[STAR] SDSS (SDSS J122315.13+112122.9) ra=185.813040 dec=11.356348 RA=12:23:15.13 DEC=+11:21:22.85 r_arcsec=2.50
[STAR] SDSS (SDSS J122315.36+112101.2) ra=185.814001 dec=11.350346 RA=12:23:15.36 DEC=+11:21:01.25 r_arcsec=2.50
[STAR] SDSS (SDSS J122315.34+112101.0) ra=185.813917 dec=11.350291 RA=12:23:15.34 DEC=+11:21:01.05 r_arcsec=2.50
[STAR] SDSS (SDSS J122315.34+112101.1) ra=185.813900 dec=11.350313 RA=12:23:15.34 DEC=+11:21:01.13 r_arcsec=2.50
[STAR] SDSS (SDSS J122314.76+112117.3) ra=185.811509 dec=11.354794 RA=12:23:14.76 DEC=+11:21:17.26 r_arcsec=2.50
[STAR] SDSS (SDSS J122314.60+112119.6) ra=185.810825 dec=11.355455 RA=12:23:14.60 DEC=+11:21:19.64 r_arcsec=2.50
[STAR] SDSS (SDSS J122312.53+112124.0) ra=185.802221 dec=11.356667 RA=12:23:12.53 DEC=+11:21:24.00 r_arcsec=2.50
[STAR] SDSS (SDSS J122312.86+112125.6) ra=185.803565 dec=11.357120 RA=12:23:12.86 DEC=+11:21:25.63 r_arcsec=2.50
[STAR] SDSS (SDSS J122313.11+112128.7) ra=185.804629 dec=11.357973 RA=12:23:13.11 DEC=+11:21:28.70 r_arcsec=2.50
[STAR] SDSS (SDSS J122313.06+112121.0) ra=185.804424 dec=11.355841 RA=12:23:13.06 DEC=+11:21:21.03 r_arcsec=2.50
[OK] Wrote NGC4330_mask.fits (shape=(760, 881), masked=25687 px; stars=76, galaxies=4)
[OK] Wrote NGC4330_combined_VRI_mask.png
[TIME] NGC4330_DATACUBE_FINAL_WCS_Pall_mad_red_v3tk_VRI.fits runtime_s=6.81
[FOV] NGC4351: nx=591 ny=323 pixscale=0.2000"/pix rad=1.287 arcmin
[FOV] FoV mask coverage: 96.51%
WARNING: Gaia query failed: Service Unavailable
[LEGACY] N(joined)=126 cols=['ls_id', 'ra', 'dec', 'type', 'release', 'brickid', 'objid', 'shape_r', 'shape_e1', 'shape_e2', 'z_phot_l95', 'z_phot_u95', 'z_phot_mean']
[STAR] SDSS (SDSS J122404.11+121226.5) ra=186.017145 dec=12.207374 RA=12:24:04.11 DEC=+12:12:26.55 r_arcsec=2.50
[STAR] SDSS (SDSS J122405.32+121232.5) ra=186.022164 dec=12.209025 RA=12:24:05.32 DEC=+12:12:32.49 r_arcsec=2.50
[STAR] SDSS (SDSS J122405.27+121221.4) ra=186.021959 dec=12.205950 RA=12:24:05.27 DEC=+12:12:21.42 r_arcsec=2.50
[STAR] SDSS (SDSS J122405.38+121215.2) ra=186.022425 dec=12.204226 RA=12:24:05.38 DEC=+12:12:15.21 r_arcsec=2.50
[STAR] SDSS (SDSS J122405.42+121211.3) ra=186.022565 dec=12.203144 RA=12:24:05.42 DEC=+12:12:11.32 r_arcsec=2.50
[STAR] SDSS (SDSS J122405.43+121211.5) ra=186.022639 dec=12.203188 RA=12:24:05.43 DEC=+12:12:11.48 r_arcsec=2.50
[STAR] SDSS (SDSS J122401.31+121219.6) ra=186.005474 dec=12.205457 RA=12:24:01.31 DEC=+12:12:19.65 r_arcsec=2.50
[STAR] SDSS (SDSS J122401.70+121218.9) ra=186.007090 dec=12.205240 RA=12:24:01.70 DEC=+12:12:18.86 r_arcsec=2.50
[STAR] SDSS (SDSS J122358.45+121221.9) ra=185.993560 dec=12.206088 RA=12:23:58.45 DEC=+12:12:21.92 r_arcsec=2.50
[STAR] SDSS (SDSS J122358.82+121218.4) ra=185.995094 dec=12.205109 RA=12:23:58.82 DEC=+12:12:18.39 r_arcsec=2.50
[STAR] SDSS (SDSS J122358.86+121218.7) ra=185.995238 dec=12.205194 RA=12:23:58.86 DEC=+12:12:18.70 r_arcsec=2.50
[STAR] SDSS (SDSS J122358.48+121228.5) ra=185.993684 dec=12.207911 RA=12:23:58.48 DEC=+12:12:28.48 r_arcsec=2.50
[STAR] SDSS (SDSS J122358.85+121229.9) ra=185.995203 dec=12.208304 RA=12:23:58.85 DEC=+12:12:29.90 r_arcsec=2.50
[STAR] SDSS (SDSS J122400.63+121151.3) ra=186.002615 dec=12.197593 RA=12:24:00.63 DEC=+12:11:51.34 r_arcsec=2.50
[STAR] SDSS (SDSS J122400.44+121200.3) ra=186.001830 dec=12.200070 RA=12:24:00.44 DEC=+12:12:00.25 r_arcsec=2.50
[STAR] SDSS (SDSS J122400.25+121201.0) ra=186.001061 dec=12.200264 RA=12:24:00.25 DEC=+12:12:00.95 r_arcsec=2.50
[STAR] SDSS (SDSS J122400.95+121156.9) ra=186.003962 dec=12.199134 RA=12:24:00.95 DEC=+12:11:56.88 r_arcsec=2.50
[STAR] SDSS (SDSS J122401.14+121146.0) ra=186.004757 dec=12.196112 RA=12:24:01.14 DEC=+12:11:46.00 r_arcsec=2.50
[STAR] SDSS (SDSS J122400.33+121206.7) ra=186.001389 dec=12.201858 RA=12:24:00.33 DEC=+12:12:06.69 r_arcsec=2.50
[STAR] SDSS (SDSS J122359.69+121234.4) ra=185.998728 dec=12.209545 RA=12:23:59.69 DEC=+12:12:34.36 r_arcsec=2.50
[STAR] SDSS (SDSS J122400.02+121234.2) ra=186.000069 dec=12.209506 RA=12:24:00.02 DEC=+12:12:34.22 r_arcsec=2.50
[STAR] SDSS (SDSS J122359.64+121228.5) ra=185.998518 dec=12.207920 RA=12:23:59.64 DEC=+12:12:28.51 r_arcsec=2.50
[STAR] SDSS (SDSS J122400.69+121210.6) ra=186.002874 dec=12.202946 RA=12:24:00.69 DEC=+12:12:10.61 r_arcsec=2.50
[STAR] SDSS (SDSS J122400.45+121217.7) ra=186.001873 dec=12.204921 RA=12:24:00.45 DEC=+12:12:17.71 r_arcsec=2.50
[STAR] SDSS (SDSS J122357.60+121226.4) ra=185.989983 dec=12.207323 RA=12:23:57.60 DEC=+12:12:26.36 r_arcsec=2.50
[STAR] SDSS (SDSS J122358.41+121207.1) ra=185.993375 dec=12.201964 RA=12:23:58.41 DEC=+12:12:07.07 r_arcsec=2.50
[STAR] SDSS (SDSS J122358.79+121212.9) ra=185.994975 dec=12.203594 RA=12:23:58.79 DEC=+12:12:12.94 r_arcsec=2.50
[STAR] SDSS (SDSS J122357.72+121221.5) ra=185.990509 dec=12.205964 RA=12:23:57.72 DEC=+12:12:21.47 r_arcsec=2.50
[STAR] SDSS (SDSS J122357.46+121220.9) ra=185.989436 dec=12.205810 RA=12:23:57.46 DEC=+12:12:20.92 r_arcsec=2.50
[STAR] SDSS (SDSS J122357.21+121202.4) ra=185.988355 dec=12.200661 RA=12:23:57.21 DEC=+12:12:02.38 r_arcsec=2.59
[STAR] SDSS (SDSS J122357.21+121202.3) ra=185.988357 dec=12.200650 RA=12:23:57.21 DEC=+12:12:02.34 r_arcsec=2.60
[STAR] SDSS (SDSS J122357.21+121202.3) ra=185.988375 dec=12.200652 RA=12:23:57.21 DEC=+12:12:02.35 r_arcsec=2.62
[STAR] SDSS (SDSS J122359.42+121202.4) ra=185.997594 dec=12.200669 RA=12:23:59.42 DEC=+12:12:02.41 r_arcsec=2.50
[STAR] SDSS (SDSS J122359.43+121202.5) ra=185.997611 dec=12.200691 RA=12:23:59.43 DEC=+12:12:02.49 r_arcsec=2.50
[STAR] SDSS (SDSS J122359.35+121151.2) ra=185.997299 dec=12.197561 RA=12:23:59.35 DEC=+12:11:51.22 r_arcsec=2.50
[STAR] SDSS (SDSS J122359.47+121149.0) ra=185.997773 dec=12.196932 RA=12:23:59.47 DEC=+12:11:48.95 r_arcsec=2.50
[STAR] SDSS (SDSS J122358.90+121154.6) ra=185.995434 dec=12.198502 RA=12:23:58.90 DEC=+12:11:54.61 r_arcsec=2.50
[STAR] SDSS (SDSS J122358.91+121200.3) ra=185.995449 dec=12.200095 RA=12:23:58.91 DEC=+12:12:00.34 r_arcsec=2.50
[STAR] SDSS (SDSS J122358.88+121151.5) ra=185.995345 dec=12.197635 RA=12:23:58.88 DEC=+12:11:51.49 r_arcsec=2.50
[STAR] SDSS (SDSS J122402.53+121235.8) ra=186.010534 dec=12.209950 RA=12:24:02.53 DEC=+12:12:35.82 r_arcsec=2.50
[STAR] SDSS (SDSS J122402.91+121224.7) ra=186.012109 dec=12.206867 RA=12:24:02.91 DEC=+12:12:24.72 r_arcsec=2.50
[STAR] SDSS (SDSS J122402.49+121227.6) ra=186.010358 dec=12.207680 RA=12:24:02.49 DEC=+12:12:27.65 r_arcsec=2.50
[STAR] SDSS (SDSS J122402.48+121227.6) ra=186.010314 dec=12.207664 RA=12:24:02.48 DEC=+12:12:27.59 r_arcsec=2.50
[STAR] SDSS (SDSS J122403.39+121226.9) ra=186.014140 dec=12.207484 RA=12:24:03.39 DEC=+12:12:26.94 r_arcsec=2.50
[STAR] SDSS (SDSS J122403.07+121225.3) ra=186.012796 dec=12.207037 RA=12:24:03.07 DEC=+12:12:25.33 r_arcsec=2.50
[STAR] SDSS (SDSS J122403.18+121225.8) ra=186.013258 dec=12.207163 RA=12:24:03.18 DEC=+12:12:25.79 r_arcsec=2.50
[STAR] SDSS (SDSS J122403.37+121227.5) ra=186.014030 dec=12.207631 RA=12:24:03.37 DEC=+12:12:27.47 r_arcsec=2.50
[STAR] SDSS (SDSS J122403.34+121228.3) ra=186.013932 dec=12.207848 RA=12:24:03.34 DEC=+12:12:28.25 r_arcsec=2.50
[STAR] SDSS (SDSS J122402.93+121226.1) ra=186.012215 dec=12.207260 RA=12:24:02.93 DEC=+12:12:26.13 r_arcsec=2.50
[STAR] SDSS (SDSS J122402.41+121205.6) ra=186.010053 dec=12.201554 RA=12:24:02.41 DEC=+12:12:05.59 r_arcsec=2.50
[STAR] SDSS (SDSS J122402.53+121219.2) ra=186.010533 dec=12.205330 RA=12:24:02.53 DEC=+12:12:19.19 r_arcsec=2.50
[STAR] SDSS (SDSS J122402.53+121219.3) ra=186.010523 dec=12.205347 RA=12:24:02.53 DEC=+12:12:19.25 r_arcsec=2.50
[STAR] SDSS (SDSS J122402.53+121219.2) ra=186.010556 dec=12.205333 RA=12:24:02.53 DEC=+12:12:19.20 r_arcsec=2.50
[STAR] SDSS (SDSS J122402.75+121217.2) ra=186.011439 dec=12.204777 RA=12:24:02.75 DEC=+12:12:17.20 r_arcsec=2.50
[STAR] SDSS (SDSS J122402.75+121217.4) ra=186.011446 dec=12.204824 RA=12:24:02.75 DEC=+12:12:17.37 r_arcsec=2.50
[STAR] SDSS (SDSS J122402.77+121213.2) ra=186.011527 dec=12.203672 RA=12:24:02.77 DEC=+12:12:13.22 r_arcsec=2.50
[STAR] SDSS (SDSS J122404.24+121214.1) ra=186.017647 dec=12.203924 RA=12:24:04.24 DEC=+12:12:14.13 r_arcsec=2.50
[STAR] SDSS (SDSS J122403.42+121211.4) ra=186.014235 dec=12.203157 RA=12:24:03.42 DEC=+12:12:11.37 r_arcsec=2.50
[STAR] SDSS (SDSS J122403.34+121219.9) ra=186.013921 dec=12.205541 RA=12:24:03.34 DEC=+12:12:19.95 r_arcsec=2.50
[STAR] SDSS (SDSS J122403.14+121219.3) ra=186.013086 dec=12.205353 RA=12:24:03.14 DEC=+12:12:19.27 r_arcsec=2.50
[STAR] SDSS (SDSS J122403.10+121219.6) ra=186.012897 dec=12.205453 RA=12:24:03.10 DEC=+12:12:19.63 r_arcsec=2.50
[STAR] SDSS (SDSS J122403.12+121217.6) ra=186.013010 dec=12.204875 RA=12:24:03.12 DEC=+12:12:17.55 r_arcsec=2.50
[STAR] SDSS (SDSS J122402.39+121159.4) ra=186.009954 dec=12.199839 RA=12:24:02.39 DEC=+12:11:59.42 r_arcsec=2.50
[STAR] SDSS (SDSS J122402.39+121159.3) ra=186.009944 dec=12.199793 RA=12:24:02.39 DEC=+12:11:59.26 r_arcsec=2.50
[STAR] SDSS (SDSS J122404.72+121204.1) ra=186.019664 dec=12.201133 RA=12:24:04.72 DEC=+12:12:04.08 r_arcsec=2.50
[STAR] SDSS (SDSS J122402.93+121203.0) ra=186.012203 dec=12.200831 RA=12:24:02.93 DEC=+12:12:02.99 r_arcsec=2.50
[STAR] SDSS (SDSS J122403.01+121201.0) ra=186.012528 dec=12.200283 RA=12:24:03.01 DEC=+12:12:01.02 r_arcsec=2.50
[STAR] SDSS (SDSS J122403.72+121148.6) ra=186.015495 dec=12.196824 RA=12:24:03.72 DEC=+12:11:48.57 r_arcsec=2.50
[STAR] SDSS (SDSS J122403.71+121148.4) ra=186.015471 dec=12.196777 RA=12:24:03.71 DEC=+12:11:48.40 r_arcsec=2.50
[STAR] SDSS (SDSS J122403.73+121148.3) ra=186.015537 dec=12.196754 RA=12:24:03.73 DEC=+12:11:48.31 r_arcsec=2.50
[STAR] SDSS (SDSS J122401.65+121248.3) ra=186.006873 dec=12.213429 RA=12:24:01.65 DEC=+12:12:48.34 r_arcsec=2.50
[STAR] SDSS (SDSS J122401.64+121248.4) ra=186.006852 dec=12.213450 RA=12:24:01.64 DEC=+12:12:48.42 r_arcsec=2.50
[STAR] SDSS (SDSS J122358.28+121246.9) ra=185.992851 dec=12.213041 RA=12:23:58.28 DEC=+12:12:46.95 r_arcsec=2.50
[STAR] SDSS (SDSS J122358.28+121247.0) ra=185.992849 dec=12.213048 RA=12:23:58.28 DEC=+12:12:46.97 r_arcsec=2.50
[STAR] SDSS (SDSS J122358.29+121246.9) ra=185.992860 dec=12.213037 RA=12:23:58.29 DEC=+12:12:46.93 r_arcsec=2.50
[STAR] SDSS (SDSS J122358.29+121246.9) ra=185.992865 dec=12.213033 RA=12:23:58.29 DEC=+12:12:46.92 r_arcsec=2.50
[STAR] SDSS (SDSS J122403.98+121248.4) ra=186.016591 dec=12.213432 RA=12:24:03.98 DEC=+12:12:48.35 r_arcsec=2.50
[STAR] SDSS (SDSS J122403.35+121251.2) ra=186.013952 dec=12.214230 RA=12:24:03.35 DEC=+12:12:51.23 r_arcsec=2.50
[STAR] SDSS (SDSS J122403.36+121251.1) ra=186.013993 dec=12.214202 RA=12:24:03.36 DEC=+12:12:51.13 r_arcsec=2.50
[STAR] SDSS (SDSS J122405.34+121246.9) ra=186.022251 dec=12.213015 RA=12:24:05.34 DEC=+12:12:46.85 r_arcsec=2.50
[STAR] SDSS (SDSS J122405.08+121251.9) ra=186.021174 dec=12.214421 RA=12:24:05.08 DEC=+12:12:51.91 r_arcsec=2.50
[OK] Wrote NGC4351_mask.fits (shape=(323, 591), masked=24808 px; stars=81, galaxies=0)
[OK] Wrote NGC4351_combined_VRI_mask.png
[TIME] NGC4351_DATACUBE_FINAL_WCS_Pall_mad_red_v3tk_VRI.fits runtime_s=5.05
[FOV] NGC4383: nx=633 ny=705 pixscale=0.2000"/pix rad=1.743 arcmin
[FOV] FoV mask coverage: 52.20%
WARNING: Gaia query failed: Service Unavailable
[LEGACY] N(joined)=375 cols=['ls_id', 'ra', 'dec', 'type', 'release', 'brickid', 'objid', 'shape_r', 'shape_e1', 'shape_e2', 'z_phot_l95', 'z_phot_u95', 'z_phot_mean']
[GAL][LEGACY] (LS J122521.89+162831.6) ra=186.341216 dec=16.475447 RA=12:25:21.89 DEC=+16:28:31.61 type=DEV z_l95=0.677 a=2.82" b=2.52" pa=11.1 z_mean=1.002 z_u95=1.256 sigma_z~0.148 SNR=6.7
[GAL][LEGACY] (LS J122527.30+162757.9) ra=186.363763 dec=16.466073 RA=12:25:27.30 DEC=+16:27:57.86 type=REX z_l95=0.615 a=2.00" b=2.00" pa=0.0 z_mean=0.879 z_u95=1.188 sigma_z~0.146 SNR=5.9
[LEGACY] Legacy masking succeeded; skipping PS1/SDSS/NED fallback catalogs.
[STAR] SDSS (SDSS J122526.38+162715.4) ra=186.359937 dec=16.454285 RA=12:25:26.38 DEC=+16:27:15.43 r_arcsec=2.50
[STAR] SDSS (SDSS J122525.87+162829.9) ra=186.357781 dec=16.474979 RA=12:25:25.87 DEC=+16:28:29.93 r_arcsec=2.50
[STAR] SDSS (SDSS J122528.05+162810.9) ra=186.366888 dec=16.469681 RA=12:25:28.05 DEC=+16:28:10.85 r_arcsec=2.50
[STAR] SDSS (SDSS J122527.36+162809.8) ra=186.363979 dec=16.469399 RA=12:25:27.36 DEC=+16:28:09.84 r_arcsec=2.50
[STAR] SDSS (SDSS J122527.64+162818.3) ra=186.365162 dec=16.471737 RA=12:25:27.64 DEC=+16:28:18.25 r_arcsec=2.50
[STAR] SDSS (SDSS J122527.66+162817.4) ra=186.365266 dec=16.471510 RA=12:25:27.66 DEC=+16:28:17.44 r_arcsec=2.50
[STAR] SDSS (SDSS J122524.26+162853.4) ra=186.351104 dec=16.481488 RA=12:25:24.26 DEC=+16:28:53.36 r_arcsec=2.50
[STAR] SDSS (SDSS J122525.00+162851.7) ra=186.354184 dec=16.481019 RA=12:25:25.00 DEC=+16:28:51.67 r_arcsec=2.50
[STAR] SDSS (SDSS J122527.08+162924.7) ra=186.362847 dec=16.490194 RA=12:25:27.08 DEC=+16:29:24.70 r_arcsec=2.50
[STAR] SDSS (SDSS J122527.41+162924.7) ra=186.364191 dec=16.490182 RA=12:25:27.41 DEC=+16:29:24.66 r_arcsec=2.50
[STAR] SDSS (SDSS J122526.61+162924.8) ra=186.360859 dec=16.490225 RA=12:25:26.61 DEC=+16:29:24.81 r_arcsec=2.50
[STAR] SDSS (SDSS J122526.10+162837.4) ra=186.358730 dec=16.477049 RA=12:25:26.10 DEC=+16:28:37.38 r_arcsec=2.50
[STAR] SDSS (SDSS J122526.18+162838.5) ra=186.359090 dec=16.477374 RA=12:25:26.18 DEC=+16:28:38.55 r_arcsec=2.50
[STAR] SDSS (SDSS J122526.88+162854.3) ra=186.362003 dec=16.481738 RA=12:25:26.88 DEC=+16:28:54.26 r_arcsec=2.50
[STAR] SDSS (SDSS J122527.04+162853.1) ra=186.362678 dec=16.481405 RA=12:25:27.04 DEC=+16:28:53.06 r_arcsec=2.50
[STAR] SDSS (SDSS J122527.04+162838.8) ra=186.362647 dec=16.477456 RA=12:25:27.04 DEC=+16:28:38.84 r_arcsec=2.50
[STAR] SDSS (SDSS J122525.66+162908.3) ra=186.356927 dec=16.485648 RA=12:25:25.66 DEC=+16:29:08.33 r_arcsec=2.50
[STAR] SDSS (SDSS J122525.50+162858.5) ra=186.356269 dec=16.482929 RA=12:25:25.50 DEC=+16:28:58.55 r_arcsec=2.50
[STAR] SDSS (SDSS J122526.06+162904.1) ra=186.358572 dec=16.484480 RA=12:25:26.06 DEC=+16:29:04.13 r_arcsec=2.50
[STAR] SDSS (SDSS J122526.81+162853.2) ra=186.361717 dec=16.481443 RA=12:25:26.81 DEC=+16:28:53.19 r_arcsec=2.50
[STAR] SDSS (SDSS J122526.79+162853.4) ra=186.361642 dec=16.481495 RA=12:25:26.79 DEC=+16:28:53.38 r_arcsec=2.50
[STAR] SDSS (SDSS J122528.51+162902.9) ra=186.368794 dec=16.484142 RA=12:25:28.51 DEC=+16:29:02.91 r_arcsec=2.50
[STAR] SDSS (SDSS J122529.26+162859.3) ra=186.371934 dec=16.483145 RA=12:25:29.26 DEC=+16:28:59.32 r_arcsec=2.50
[STAR] SDSS (SDSS J122528.73+162901.3) ra=186.369699 dec=16.483683 RA=12:25:28.73 DEC=+16:29:01.26 r_arcsec=2.50
[STAR] SDSS (SDSS J122528.65+162902.2) ra=186.369378 dec=16.483955 RA=12:25:28.65 DEC=+16:29:02.24 r_arcsec=2.50
[STAR] SDSS (SDSS J122528.80+162847.6) ra=186.369984 dec=16.479881 RA=12:25:28.80 DEC=+16:28:47.57 r_arcsec=2.50
[STAR] SDSS (SDSS J122528.93+162855.7) ra=186.370560 dec=16.482135 RA=12:25:28.93 DEC=+16:28:55.69 r_arcsec=2.50
[STAR] SDSS (SDSS J122528.00+162851.4) ra=186.366679 dec=16.480939 RA=12:25:28.00 DEC=+16:28:51.38 r_arcsec=2.50
[STAR] SDSS (SDSS J122527.07+162853.1) ra=186.362792 dec=16.481422 RA=12:25:27.07 DEC=+16:28:53.12 r_arcsec=2.50
[STAR] SDSS (SDSS J122527.24+162853.4) ra=186.363516 dec=16.481490 RA=12:25:27.24 DEC=+16:28:53.36 r_arcsec=2.50
[STAR] SDSS (SDSS J122527.10+162913.7) ra=186.362904 dec=16.487127 RA=12:25:27.10 DEC=+16:29:13.66 r_arcsec=2.50
[STAR] SDSS (SDSS J122528.09+162907.6) ra=186.367024 dec=16.485434 RA=12:25:28.09 DEC=+16:29:07.56 r_arcsec=2.50
[STAR] SDSS (SDSS J122526.85+162900.9) ra=186.361891 dec=16.483592 RA=12:25:26.85 DEC=+16:29:00.93 r_arcsec=2.50
[STAR] SDSS (SDSS J122527.22+162859.3) ra=186.363431 dec=16.483141 RA=12:25:27.22 DEC=+16:28:59.31 r_arcsec=2.50
[STAR] SDSS (SDSS J122526.94+162901.0) ra=186.362257 dec=16.483602 RA=12:25:26.94 DEC=+16:29:00.97 r_arcsec=2.50
[STAR] SDSS (SDSS J122527.29+162904.2) ra=186.363691 dec=16.484486 RA=12:25:27.29 DEC=+16:29:04.15 r_arcsec=2.50
[STAR] SDSS (SDSS J122525.69+162818.1) ra=186.357024 dec=16.471706 RA=12:25:25.69 DEC=+16:28:18.14 r_arcsec=2.50
[STAR] SDSS (SDSS J122526.01+162818.2) ra=186.358383 dec=16.471721 RA=12:25:26.01 DEC=+16:28:18.19 r_arcsec=2.50
[STAR] SDSS (SDSS J122525.52+162812.3) ra=186.356323 dec=16.470072 RA=12:25:25.52 DEC=+16:28:12.26 r_arcsec=2.50
[STAR] SDSS (SDSS J122525.99+162724.9) ra=186.358288 dec=16.456908 RA=12:25:25.99 DEC=+16:27:24.87 r_arcsec=2.50
[STAR] SDSS (SDSS J122526.00+162719.8) ra=186.358342 dec=16.455505 RA=12:25:26.00 DEC=+16:27:19.82 r_arcsec=2.50
[STAR] SDSS (SDSS J122526.24+162720.0) ra=186.359349 dec=16.455549 RA=12:25:26.24 DEC=+16:27:19.98 r_arcsec=2.50
[STAR] SDSS (SDSS J122526.20+162721.0) ra=186.359168 dec=16.455830 RA=12:25:26.20 DEC=+16:27:20.99 r_arcsec=2.50
[STAR] SDSS (SDSS J122526.86+162723.1) ra=186.361897 dec=16.456423 RA=12:25:26.86 DEC=+16:27:23.12 r_arcsec=2.50
[STAR] SDSS (SDSS J122526.09+162724.8) ra=186.358713 dec=16.456880 RA=12:25:26.09 DEC=+16:27:24.77 r_arcsec=2.50
[STAR] SDSS (SDSS J122525.98+162732.2) ra=186.358268 dec=16.458948 RA=12:25:25.98 DEC=+16:27:32.21 r_arcsec=2.50
[STAR] SDSS (SDSS J122525.62+162754.1) ra=186.356733 dec=16.465015 RA=12:25:25.62 DEC=+16:27:54.05 r_arcsec=2.50
[STAR] SDSS (SDSS J122526.65+162748.1) ra=186.361044 dec=16.463374 RA=12:25:26.65 DEC=+16:27:48.15 r_arcsec=2.50
[STAR] SDSS (SDSS J122527.95+162735.3) ra=186.366461 dec=16.459810 RA=12:25:27.95 DEC=+16:27:35.32 r_arcsec=2.50
[STAR] SDSS (SDSS J122527.32+162729.4) ra=186.363813 dec=16.458162 RA=12:25:27.32 DEC=+16:27:29.38 r_arcsec=2.50
[STAR] SDSS (SDSS J122527.91+162740.0) ra=186.366290 dec=16.461110 RA=12:25:27.91 DEC=+16:27:40.00 r_arcsec=2.50
[STAR] SDSS (SDSS J122527.71+162748.3) ra=186.365457 dec=16.463423 RA=12:25:27.71 DEC=+16:27:48.32 r_arcsec=2.50
[STAR] SDSS (SDSS J122524.13+162838.9) ra=186.350554 dec=16.477477 RA=12:25:24.13 DEC=+16:28:38.92 r_arcsec=2.50
[STAR] SDSS (SDSS J122523.84+162856.2) ra=186.349332 dec=16.482288 RA=12:25:23.84 DEC=+16:28:56.24 r_arcsec=2.50
[STAR] SDSS (SDSS J122523.14+162851.3) ra=186.346425 dec=16.480917 RA=12:25:23.14 DEC=+16:28:51.30 r_arcsec=2.50
[STAR] SDSS (SDSS J122523.14+162851.3) ra=186.346398 dec=16.480905 RA=12:25:23.14 DEC=+16:28:51.26 r_arcsec=2.50
[STAR] SDSS (SDSS J122523.71+162839.6) ra=186.348800 dec=16.477664 RA=12:25:23.71 DEC=+16:28:39.59 r_arcsec=2.50
[STAR] SDSS (SDSS J122523.38+162847.5) ra=186.347430 dec=16.479857 RA=12:25:23.38 DEC=+16:28:47.49 r_arcsec=2.50
[STAR] SDSS (SDSS J122525.00+162754.3) ra=186.354158 dec=16.465087 RA=12:25:25.00 DEC=+16:27:54.31 r_arcsec=2.50
[STAR] SDSS (SDSS J122525.21+162805.6) ra=186.355043 dec=16.468233 RA=12:25:25.21 DEC=+16:28:05.64 r_arcsec=2.50
[STAR] SDSS (SDSS J122523.04+162813.1) ra=186.346010 dec=16.470309 RA=12:25:23.04 DEC=+16:28:13.11 r_arcsec=2.50
[STAR] SDSS (SDSS J122523.03+162813.2) ra=186.345950 dec=16.470346 RA=12:25:23.03 DEC=+16:28:13.25 r_arcsec=2.50
[STAR] SDSS (SDSS J122523.87+162800.1) ra=186.349445 dec=16.466688 RA=12:25:23.87 DEC=+16:28:00.08 r_arcsec=2.50
[STAR] SDSS (SDSS J122523.85+162800.2) ra=186.349364 dec=16.466733 RA=12:25:23.85 DEC=+16:28:00.24 r_arcsec=2.50
[OK] Wrote NGC4383_mask.fits (shape=(705, 633), masked=25090 px; stars=64, galaxies=2)
[OK] Wrote NGC4383_combined_VRI_mask.png
[TIME] NGC4383_DATACUBE_FINAL_WCS_Pall_mad_red_v3tk_VRI.fits runtime_s=5.47
[FOV] NGC4388: nx=870 ny=323 pixscale=0.2000"/pix rad=1.711 arcmin
[FOV] FoV mask coverage: 96.72%
WARNING: Gaia query failed: Service Unavailable
[LEGACY] N(joined)=176 cols=['ls_id', 'ra', 'dec', 'type', 'release', 'brickid', 'objid', 'shape_r', 'shape_e1', 'shape_e2', 'z_phot_l95', 'z_phot_u95', 'z_phot_mean']
[STAR] SDSS (SDSS J122544.89+123941.7) ra=186.437057 dec=12.661576 RA=12:25:44.89 DEC=+12:39:41.67 r_arcsec=2.50
[STAR] SDSS (SDSS J122544.26+123949.7) ra=186.434423 dec=12.663809 RA=12:25:44.26 DEC=+12:39:49.71 r_arcsec=2.50
[STAR] SDSS (SDSS J122545.44+123938.4) ra=186.439342 dec=12.660667 RA=12:25:45.44 DEC=+12:39:38.40 r_arcsec=2.50
[STAR] SDSS (SDSS J122547.57+123923.3) ra=186.448191 dec=12.656476 RA=12:25:47.57 DEC=+12:39:23.31 r_arcsec=2.50
[STAR] SDSS (SDSS J122547.56+123923.3) ra=186.448149 dec=12.656470 RA=12:25:47.56 DEC=+12:39:23.29 r_arcsec=2.50
[STAR] SDSS (SDSS J122548.65+123934.1) ra=186.452720 dec=12.659473 RA=12:25:48.65 DEC=+12:39:34.10 r_arcsec=2.50
[STAR] SDSS (SDSS J122549.39+123924.2) ra=186.455803 dec=12.656716 RA=12:25:49.39 DEC=+12:39:24.18 r_arcsec=2.50
[STAR] SDSS (SDSS J122553.10+123938.3) ra=186.471264 dec=12.660648 RA=12:25:53.10 DEC=+12:39:38.33 r_arcsec=2.50
[STAR] SDSS (SDSS J122552.48+123940.9) ra=186.468659 dec=12.661348 RA=12:25:52.48 DEC=+12:39:40.85 r_arcsec=2.50
[STAR] SDSS (SDSS J122550.59+123923.2) ra=186.460786 dec=12.656452 RA=12:25:50.59 DEC=+12:39:23.23 r_arcsec=2.50
[STAR] SDSS (SDSS J122550.60+123923.2) ra=186.460847 dec=12.656441 RA=12:25:50.60 DEC=+12:39:23.19 r_arcsec=2.50
[STAR] SDSS (SDSS J122551.18+123928.2) ra=186.463260 dec=12.657838 RA=12:25:51.18 DEC=+12:39:28.22 r_arcsec=2.50
[STAR] SDSS (SDSS J122551.19+123928.7) ra=186.463273 dec=12.657985 RA=12:25:51.19 DEC=+12:39:28.75 r_arcsec=2.50
[STAR] SDSS (SDSS J122545.56+123947.8) ra=186.439834 dec=12.663285 RA=12:25:45.56 DEC=+12:39:47.83 r_arcsec=2.50
[STAR] SDSS (SDSS J122547.05+123947.1) ra=186.446029 dec=12.663078 RA=12:25:47.05 DEC=+12:39:47.08 r_arcsec=2.50
[STAR] SDSS (SDSS J122546.91+123943.2) ra=186.445463 dec=12.661996 RA=12:25:46.91 DEC=+12:39:43.19 r_arcsec=2.50
[STAR] SDSS (SDSS J122545.08+124001.7) ra=186.437830 dec=12.667149 RA=12:25:45.08 DEC=+12:40:01.73 r_arcsec=2.50
[STAR] SDSS (SDSS J122550.30+123941.9) ra=186.459596 dec=12.661643 RA=12:25:50.30 DEC=+12:39:41.92 r_arcsec=2.50
[STAR] SDSS (SDSS J122549.73+123948.9) ra=186.457194 dec=12.663571 RA=12:25:49.73 DEC=+12:39:48.86 r_arcsec=2.50
[STAR] SDSS (SDSS J122549.65+123947.9) ra=186.456858 dec=12.663306 RA=12:25:49.65 DEC=+12:39:47.90 r_arcsec=2.50
[STAR] SDSS (SDSS J122549.61+123948.6) ra=186.456725 dec=12.663505 RA=12:25:49.61 DEC=+12:39:48.62 r_arcsec=2.50
[STAR] SDSS (SDSS J122549.51+123947.5) ra=186.456291 dec=12.663203 RA=12:25:49.51 DEC=+12:39:47.53 r_arcsec=2.50
[STAR] SDSS (SDSS J122549.51+123947.4) ra=186.456275 dec=12.663179 RA=12:25:49.51 DEC=+12:39:47.45 r_arcsec=2.50
[STAR] SDSS (SDSS J122547.97+123951.6) ra=186.449859 dec=12.664345 RA=12:25:47.97 DEC=+12:39:51.64 r_arcsec=2.50
[STAR] SDSS (SDSS J122548.32+123949.1) ra=186.451322 dec=12.663648 RA=12:25:48.32 DEC=+12:39:49.13 r_arcsec=2.50
[STAR] SDSS (SDSS J122548.86+123949.2) ra=186.453587 dec=12.663654 RA=12:25:48.86 DEC=+12:39:49.15 r_arcsec=2.50
[STAR] SDSS (SDSS J122548.99+123950.6) ra=186.454130 dec=12.664062 RA=12:25:48.99 DEC=+12:39:50.62 r_arcsec=2.50
[STAR] SDSS (SDSS J122545.76+124012.2) ra=186.440679 dec=12.670048 RA=12:25:45.76 DEC=+12:40:12.17 r_arcsec=2.50
[STAR] SDSS (SDSS J122545.76+124012.1) ra=186.440652 dec=12.670022 RA=12:25:45.76 DEC=+12:40:12.08 r_arcsec=2.50
[STAR] SDSS (SDSS J122547.13+123949.8) ra=186.446357 dec=12.663840 RA=12:25:47.13 DEC=+12:39:49.82 r_arcsec=2.50
[STAR] SDSS (SDSS J122547.52+123951.4) ra=186.448012 dec=12.664290 RA=12:25:47.52 DEC=+12:39:51.44 r_arcsec=2.50
[STAR] SDSS (SDSS J122551.51+123942.4) ra=186.464634 dec=12.661769 RA=12:25:51.51 DEC=+12:39:42.37 r_arcsec=2.50
[STAR] SDSS (SDSS J122550.93+123959.6) ra=186.462209 dec=12.666565 RA=12:25:50.93 DEC=+12:39:59.63 r_arcsec=2.50
[STAR] SDSS (SDSS J122551.71+123950.5) ra=186.465440 dec=12.664025 RA=12:25:51.71 DEC=+12:39:50.49 r_arcsec=2.50
[STAR] SDSS (SDSS J122551.38+123952.7) ra=186.464071 dec=12.664645 RA=12:25:51.38 DEC=+12:39:52.72 r_arcsec=2.50
[STAR] SDSS (SDSS J122552.92+123952.0) ra=186.470515 dec=12.664453 RA=12:25:52.92 DEC=+12:39:52.03 r_arcsec=2.50
[STAR] SDSS (SDSS J122552.94+123951.6) ra=186.470567 dec=12.664344 RA=12:25:52.94 DEC=+12:39:51.64 r_arcsec=2.50
[STAR] SDSS (SDSS J122552.93+123951.8) ra=186.470531 dec=12.664401 RA=12:25:52.93 DEC=+12:39:51.84 r_arcsec=2.50
[STAR] SDSS (SDSS J122549.99+123949.7) ra=186.458305 dec=12.663818 RA=12:25:49.99 DEC=+12:39:49.75 r_arcsec=2.50
[STAR] SDSS (SDSS J122550.32+123946.6) ra=186.459651 dec=12.662948 RA=12:25:50.32 DEC=+12:39:46.61 r_arcsec=2.50
[STAR] SDSS (SDSS J122545.09+123921.2) ra=186.437863 dec=12.655879 RA=12:25:45.09 DEC=+12:39:21.16 r_arcsec=2.50
[STAR] SDSS (SDSS J122545.25+123912.6) ra=186.438547 dec=12.653491 RA=12:25:45.25 DEC=+12:39:12.57 r_arcsec=2.50
[STAR] SDSS (SDSS J122545.46+123911.9) ra=186.439406 dec=12.653315 RA=12:25:45.46 DEC=+12:39:11.93 r_arcsec=2.50
[STAR] SDSS (SDSS J122545.45+123911.9) ra=186.439380 dec=12.653318 RA=12:25:45.45 DEC=+12:39:11.94 r_arcsec=2.50
[STAR] SDSS (SDSS J122545.45+123911.9) ra=186.439377 dec=12.653315 RA=12:25:45.45 DEC=+12:39:11.94 r_arcsec=2.50
[STAR] SDSS (SDSS J122543.61+123948.9) ra=186.431723 dec=12.663593 RA=12:25:43.61 DEC=+12:39:48.94 r_arcsec=2.50
[STAR] SDSS (SDSS J122544.17+123940.7) ra=186.434058 dec=12.661298 RA=12:25:44.17 DEC=+12:39:40.67 r_arcsec=2.50
[STAR] SDSS (SDSS J122543.41+123944.4) ra=186.430895 dec=12.662334 RA=12:25:43.41 DEC=+12:39:44.40 r_arcsec=2.50
[STAR] SDSS (SDSS J122541.89+123923.7) ra=186.424553 dec=12.656570 RA=12:25:41.89 DEC=+12:39:23.65 r_arcsec=2.50
[OK] Wrote NGC4388_mask.fits (shape=(323, 870), masked=17887 px; stars=49, galaxies=0)
WARNING: NGC4388_combined_VRI_mask.png size=(869, 323) != FITS size=(870, 323); resizing output PNG.
[OK] Wrote NGC4388_combined_VRI_mask.png
[TIME] NGC4388_DATACUBE_FINAL_WCS_Pall_mad_red_v3tk_VRI.fits runtime_s=23.77
[FOV] NGC4394: nx=624 ny=647 pixscale=0.2000"/pix rad=1.662 arcmin
[FOV] FoV mask coverage: 45.86%
WARNING: Gaia query failed: Service Unavailable
[LEGACY] N(joined)=263 cols=['ls_id', 'ra', 'dec', 'type', 'release', 'brickid', 'objid', 'shape_r', 'shape_e1', 'shape_e2', 'z_phot_l95', 'z_phot_u95', 'z_phot_mean']
[STAR] SDSS (SDSS J122555.31+181328.8) ra=186.480453 dec=18.224662 RA=12:25:55.31 DEC=+18:13:28.78 r_arcsec=2.50
[STAR] SDSS (SDSS J122555.56+181331.5) ra=186.481494 dec=18.225423 RA=12:25:55.56 DEC=+18:13:31.52 r_arcsec=2.50
[STAR] SDSS (SDSS J122554.78+181328.0) ra=186.478254 dec=18.224458 RA=12:25:54.78 DEC=+18:13:28.05 r_arcsec=2.50
[STAR] SDSS (SDSS J122557.73+181233.0) ra=186.490561 dec=18.209179 RA=12:25:57.73 DEC=+18:12:33.04 r_arcsec=2.50
[STAR] SDSS (SDSS J122556.21+181324.4) ra=186.484197 dec=18.223439 RA=12:25:56.21 DEC=+18:13:24.38 r_arcsec=2.50
[STAR] SDSS (SDSS J122556.81+181320.0) ra=186.486691 dec=18.222213 RA=12:25:56.81 DEC=+18:13:19.97 r_arcsec=2.50
[STAR] SDSS (SDSS J122558.90+181241.8) ra=186.495405 dec=18.211600 RA=12:25:58.90 DEC=+18:12:41.76 r_arcsec=2.50
[STAR] SDSS (SDSS J122553.82+181347.7) ra=186.474230 dec=18.229920 RA=12:25:53.82 DEC=+18:13:47.71 r_arcsec=2.50
[STAR] SDSS (SDSS J122554.17+181346.3) ra=186.475688 dec=18.229522 RA=12:25:54.17 DEC=+18:13:46.28 r_arcsec=2.50
[STAR] SDSS (SDSS J122558.09+181203.2) ra=186.492039 dec=18.200887 RA=12:25:58.09 DEC=+18:12:03.19 r_arcsec=2.50
[STAR] SDSS (SDSS J122553.01+181259.0) ra=186.470884 dec=18.216385 RA=12:25:53.01 DEC=+18:12:58.99 r_arcsec=2.50
[STAR] SDSS (SDSS J122552.59+181303.9) ra=186.469136 dec=18.217750 RA=12:25:52.59 DEC=+18:13:03.90 r_arcsec=2.67
[STAR] SDSS (SDSS J122554.70+181304.6) ra=186.477898 dec=18.217941 RA=12:25:54.70 DEC=+18:13:04.59 r_arcsec=2.50
[STAR] SDSS (SDSS J122554.27+181317.0) ra=186.476137 dec=18.221401 RA=12:25:54.27 DEC=+18:13:17.05 r_arcsec=2.50
[STAR] SDSS (SDSS J122554.77+181221.2) ra=186.478197 dec=18.205880 RA=12:25:54.77 DEC=+18:12:21.17 r_arcsec=2.50
[STAR] SDSS (SDSS J122556.88+181238.2) ra=186.487016 dec=18.210620 RA=12:25:56.88 DEC=+18:12:38.23 r_arcsec=2.50
[STAR] SDSS (SDSS J122556.95+181223.8) ra=186.487290 dec=18.206599 RA=12:25:56.95 DEC=+18:12:23.76 r_arcsec=2.50
[STAR] SDSS (SDSS J122554.86+181255.0) ra=186.478585 dec=18.215290 RA=12:25:54.86 DEC=+18:12:55.04 r_arcsec=2.50
[STAR] SDSS (SDSS J122553.26+181247.5) ra=186.471905 dec=18.213192 RA=12:25:53.26 DEC=+18:12:47.49 r_arcsec=2.50
[STAR] SDSS (SDSS J122554.06+181243.2) ra=186.475254 dec=18.212013 RA=12:25:54.06 DEC=+18:12:43.25 r_arcsec=2.50
[STAR] SDSS (SDSS J122557.85+181220.4) ra=186.491060 dec=18.205667 RA=12:25:57.85 DEC=+18:12:20.40 r_arcsec=2.50
[STAR] SDSS (SDSS J122555.66+181217.0) ra=186.481898 dec=18.204710 RA=12:25:55.66 DEC=+18:12:16.96 r_arcsec=2.50
[STAR] SDSS (SDSS J122558.02+181200.4) ra=186.491768 dec=18.200122 RA=12:25:58.02 DEC=+18:12:00.44 r_arcsec=2.50
[STAR] SDSS (SDSS J122557.35+181208.2) ra=186.488951 dec=18.202286 RA=12:25:57.35 DEC=+18:12:08.23 r_arcsec=2.50
[STAR] SDSS (SDSS J122556.96+181209.9) ra=186.487329 dec=18.202753 RA=12:25:56.96 DEC=+18:12:09.91 r_arcsec=2.50
[STAR] SDSS (SDSS J122556.12+181201.9) ra=186.483843 dec=18.200522 RA=12:25:56.12 DEC=+18:12:01.88 r_arcsec=2.50
[STAR] SDSS (SDSS J122551.82+181314.2) ra=186.465935 dec=18.220606 RA=12:25:51.82 DEC=+18:13:14.18 r_arcsec=2.50
[OK] Wrote NGC4394_mask.fits (shape=(647, 624), masked=11232 px; stars=27, galaxies=0)
[OK] Wrote NGC4394_combined_VRI_mask.png
[TIME] NGC4394_DATACUBE_FINAL_WCS_Pall_mad_red_v3tk_VRI.fits runtime_s=19.80
[FOV] NGC4396: nx=883 ny=755 pixscale=0.2000"/pix rad=2.101 arcmin
[FOV] FoV mask coverage: 40.73%
[0;32mINFO[0m: Query finished. [astroquery.utils.tap.core]
[Gaia] mode=foreground (foreground thresholds: plx≥0.002 mas & SNR≥5.0 OR pm≥0.02 mas/yr & SNR≥5.0)
[STAR] Gaia DR3 3945348819144380416 (GAIA J122555.27+154048.5) ra=186.480285 dec=15.680139 RA=12:25:55.27 DEC=+15:40:48.50 GaiaG=14.75 r_arcsec=6.60 | plx=0.914±0.028 mas (SNR=32.5) | pm=18.42±0.04 mas/yr (SNR=439.2) | foreground because PARALLAX: plx≥0.002 mas and SNR≥5.0 OR PM: pm≥0.02 mas/yr and SNR≥5.0
[STAR] Gaia DR3 3945348780488113152 (GAIA J122554.68+154041.5) ra=186.477818 dec=15.678185 RA=12:25:54.68 DEC=+15:40:41.46 GaiaG=19.91 r_arcsec=2.50 | plx=0.040±0.493 mas (SNR=0.1) | pm=8.92±0.76 mas/yr (SNR=11.7) | foreground because PM: pm≥0.02 mas/yr and SNR≥5.0
[LEGACY] N(joined)=465 cols=['ls_id', 'ra', 'dec', 'type', 'release', 'brickid', 'objid', 'shape_r', 'shape_e1', 'shape_e2', 'z_phot_l95', 'z_phot_u95', 'z_phot_mean']
[GAL][LEGACY] (LS J122555.97+154121.5) ra=186.483210 dec=15.689317 RA=12:25:55.97 DEC=+15:41:21.54 type=EXP z_l95=0.651 a=2.25" b=2.00" pa=16.2 z_mean=0.813 z_u95=1.063 sigma_z~0.105 SNR=7.6
[GAL][LEGACY] (LS J122557.30+154117.9) ra=186.488747 dec=15.688313 RA=12:25:57.30 DEC=+15:41:17.93 type=EXP z_l95=0.637 a=2.12" b=2.00" pa=53.0 z_mean=0.957 z_u95=1.226 sigma_z~0.150 SNR=6.3
[LEGACY] Legacy masking succeeded; skipping PS1/SDSS/NED fallback catalogs.
[OK] Wrote NGC4396_mask.fits (shape=(755, 883), masked=4417 px; stars=2, galaxies=2)
[OK] Wrote NGC4396_combined_VRI_mask.png
[TIME] NGC4396_DATACUBE_FINAL_WCS_Pall_mad_red_v3tk_VRI.fits runtime_s=18.61
[FOV] NGC4402: nx=1152 ny=318 pixscale=0.2000"/pix rad=2.156 arcmin
[FOV] FoV mask coverage: 96.39%
[0;32mINFO[0m: Query finished. [astroquery.utils.tap.core]
[Gaia] mode=foreground (foreground thresholds: plx≥0.002 mas & SNR≥5.0 OR pm≥0.02 mas/yr & SNR≥5.0)
[STAR] Gaia DR3 3908743396994711424 (GAIA J122612.13+130655.2) ra=186.550559 dec=13.115346 RA=12:26:12.13 DEC=+13:06:55.24 GaiaG=20.40 r_arcsec=2.50 | plx=-0.949±1.205 mas (SNR=-0.8) | pm=12.84±1.65 mas/yr (SNR=7.8) | foreground because PM: pm≥0.02 mas/yr and SNR≥5.0
[STAR] Gaia DR3 3908743465714913664 (GAIA J122610.78+130704.5) ra=186.544929 dec=13.117904 RA=12:26:10.78 DEC=+13:07:04.45 GaiaG=19.53 r_arcsec=2.50 | plx=0.736±0.478 mas (SNR=1.5) | pm=10.10±0.71 mas/yr (SNR=14.2) | foreground because PM: pm≥0.02 mas/yr and SNR≥5.0
[LEGACY] N(joined)=508 cols=['ls_id', 'ra', 'dec', 'type', 'release', 'brickid', 'objid', 'shape_r', 'shape_e1', 'shape_e2', 'z_phot_l95', 'z_phot_u95', 'z_phot_mean']
[GAL][LEGACY] (LS J122605.22+130722.3) ra=186.521752 dec=13.122861 RA=12:26:05.22 DEC=+13:07:22.30 type=SER z_l95=0.077 a=4.61" b=2.15" pa=62.4 z_mean=0.119 z_u95=0.152 sigma_z~0.019 SNR=5.7
[GAL][LEGACY] (LS J122610.24+130719.9) ra=186.542653 dec=13.122189 RA=12:26:10.24 DEC=+13:07:19.88 type=REX z_l95=0.740 a=2.07" b=2.07" pa=0.0 z_mean=1.303 z_u95=1.733 sigma_z~0.253 SNR=5.1
[LEGACY] Legacy masking succeeded; skipping PS1/SDSS/NED fallback catalogs.
[OK] Wrote NGC4402_mask.fits (shape=(318, 1152), masked=1194 px; stars=2, galaxies=2)
[OK] Wrote NGC4402_combined_VRI_mask.png
[TIME] NGC4402_DATACUBE_FINAL_WCS_Pall_mad_red_v3tk_VRI.fits runtime_s=52.04
[FOV] NGC4405: nx=522 ny=663 pixscale=0.2000"/pix rad=1.571 arcmin
[FOV] FoV mask coverage: 52.82%
WARNING: Gaia query failed with server error (500). Retrying 1/3...
[0;32mINFO[0m: Query finished. [astroquery.utils.tap.core]
[Gaia] mode=foreground (foreground thresholds: plx≥0.002 mas & SNR≥5.0 OR pm≥0.02 mas/yr & SNR≥5.0)
[LEGACY] N(joined)=164 cols=['ls_id', 'ra', 'dec', 'type', 'release', 'brickid', 'objid', 'shape_r', 'shape_e1', 'shape_e2', 'z_phot_l95', 'z_phot_u95', 'z_phot_mean']
[OK] Wrote NGC4405_mask.fits (shape=(663, 522), masked=0 px; stars=0, galaxies=0)
[OK] Wrote NGC4405_combined_VRI_mask.png
[TIME] NGC4405_DATACUBE_FINAL_WCS_Pall_mad_red_v3tk_VRI.fits runtime_s=103.04
[FOV] NGC4419: nx=629 ny=643 pixscale=0.2000"/pix rad=1.663 arcmin
[FOV] FoV mask coverage: 45.73%
500 Error 500:
<!doctype html><html lang="en"><head><title>HTTP Status 500 – Internal Server Error</title><style type="text/css">body {font-family:Tahoma,Arial,sans-serif;} h1, h2, h3, b {color:white;background-color:#525D76;} h1 {font-size:22px;} h2 {font-size:16px;} h3 {font-size:14px;} p {font-size:12px;} a {color:black;} .line {height:1px;background-color:#525D76;border:none;}</style></head><body><h1>HTTP Status 500 – Internal Server Error</h1><hr class="line" /><p><b>Type</b> Exception Report</p><p><b>Message</b> Request processing failed: org.springframework.transaction.CannotCreateTransactionException: Could not open JPA EntityManager for transaction</p><p><b>Description</b> The server encountered an unexpected condition that prevented it from fulfilling the request.</p><p><b>Exception</b></p><pre>jakarta.servlet.ServletException: Request processing failed: org.springframework.transaction.CannotCreateTransactionException: Could not open JPA EntityManager for transaction
	org.springframework.web.servlet.FrameworkServlet.processRequest(FrameworkServlet.java:1022)
	org.springframework.web.servlet.FrameworkServlet.doGet(FrameworkServlet.java:903)
	jakarta.servlet.http.HttpServlet.service(HttpServlet.java:564)
	org.springframework.web.servlet.FrameworkServlet.service(FrameworkServlet.java:885)
	jakarta.servlet.http.HttpServlet.service(HttpServlet.java:658)
	org.apache.tomcat.websocket.server.WsFilter.doFilter(WsFilter.java:51)
	esavo.sl.security.CorsFilterDefaultImpl.doFilter(CorsFilterDefaultImpl.java:81)
	org.springframework.web.filter.CompositeFilter$VirtualFilterChain.doFilter(CompositeFilter.java:108)
	org.springframework.security.web.FilterChainProxy.lambda$doFilterInternal$3(FilterChainProxy.java:231)
	org.springframework.security.web.FilterChainProxy$VirtualFilterChain.doFilter(FilterChainProxy.java:365)
	org.springframework.security.web.access.intercept.AuthorizationFilter.doFilter(AuthorizationFilter.java:101)
	org.springframework.security.web.FilterChainProxy$VirtualFilterChain.doFilter(FilterChainProxy.java:374)
	org.springframework.security.web.access.ExceptionTranslationFilter.doFilter(ExceptionTranslationFilter.java:126)
	org.springframework.security.web.access.ExceptionTranslationFilter.doFilter(ExceptionTranslationFilter.java:120)
	org.springframework.security.web.FilterChainProxy$VirtualFilterChain.doFilter(FilterChainProxy.java:374)
	org.springframework.security.web.authentication.AnonymousAuthenticationFilter.doFilter(AnonymousAuthenticationFilter.java:100)
	org.springframework.security.web.FilterChainProxy$VirtualFilterChain.doFilter(FilterChainProxy.java:374)
	org.springframework.security.web.servletapi.SecurityContextHolderAwareRequestFilter.doFilter(SecurityContextHolderAwareRequestFilter.java:179)
	org.springframework.security.web.FilterChainProxy$VirtualFilterChain.doFilter(FilterChainProxy.java:374)
	org.springframework.security.web.savedrequest.RequestCacheAwareFilter.doFilter(RequestCacheAwareFilter.java:63)
	org.springframework.security.web.FilterChainProxy$VirtualFilterChain.doFilter(FilterChainProxy.java:374)
	org.springframework.security.web.authentication.www.BasicAuthenticationFilter.doFilterInternal(BasicAuthenticationFilter.java:181)
	org.springframework.web.filter.OncePerRequestFilter.doFilter(OncePerRequestFilter.java:116)
	org.springframework.security.web.FilterChainProxy$VirtualFilterChain.doFilter(FilterChainProxy.java:374)
	org.springframework.security.web.authentication.ui.DefaultLogoutPageGeneratingFilter.doFilterInternal(DefaultLogoutPageGeneratingFilter.java:58)
	org.springframework.web.filter.OncePerRequestFilter.doFilter(OncePerRequestFilter.java:116)
	org.springframework.security.web.FilterChainProxy$VirtualFilterChain.doFilter(FilterChainProxy.java:374)
	org.springframework.security.web.authentication.ui.DefaultLoginPageGeneratingFilter.doFilter(DefaultLoginPageGeneratingFilter.java:220)
	org.springframework.security.web.authentication.ui.DefaultLoginPageGeneratingFilter.doFilter(DefaultLoginPageGeneratingFilter.java:206)
	org.springframework.security.web.FilterChainProxy$VirtualFilterChain.doFilter(FilterChainProxy.java:374)
	org.springframework.security.web.authentication.ui.DefaultResourcesFilter.doFilter(DefaultResourcesFilter.java:72)
	org.springframework.security.web.FilterChainProxy$VirtualFilterChain.doFilter(FilterChainProxy.java:374)
	org.springframework.security.web.authentication.AbstractAuthenticationProcessingFilter.doFilter(AbstractAuthenticationProcessingFilter.java:227)
	org.springframework.security.web.authentication.AbstractAuthenticationProcessingFilter.doFilter(AbstractAuthenticationProcessingFilter.java:221)
	org.springframework.security.web.FilterChainProxy$VirtualFilterChain.doFilter(FilterChainProxy.java:374)
	org.springframework.security.web.authentication.AbstractAuthenticationProcessingFilter.doFilter(AbstractAuthenticationProcessingFilter.java:227)
	org.springframework.security.web.authentication.AbstractAuthenticationProcessingFilter.doFilter(AbstractAuthenticationProcessingFilter.java:221)
	org.springframework.security.web.FilterChainProxy$VirtualFilterChain.doFilter(FilterChainProxy.java:374)
	org.springframework.security.web.authentication.logout.LogoutFilter.doFilter(LogoutFilter.java:107)
	org.springframework.security.web.authentication.logout.LogoutFilter.doFilter(LogoutFilter.java:93)
	org.springframework.security.web.FilterChainProxy$VirtualFilterChain.doFilter(FilterChainProxy.java:374)
	org.springframework.security.web.header.HeaderWriterFilter.doHeadersAfter(HeaderWriterFilter.java:90)
	org.springframework.security.web.header.HeaderWriterFilter.doFilterInternal(HeaderWriterFilter.java:75)
	org.springframework.web.filter.OncePerRequestFilter.doFilter(OncePerRequestFilter.java:116)
	org.springframework.security.web.FilterChainProxy$VirtualFilterChain.doFilter(FilterChainProxy.java:374)
	org.springframework.security.web.context.SecurityContextHolderFilter.doFilter(SecurityContextHolderFilter.java:82)
	org.springframework.security.web.context.SecurityContextHolderFilter.doFilter(SecurityContextHolderFilter.java:69)
	org.springframework.security.web.FilterChainProxy$VirtualFilterChain.doFilter(FilterChainProxy.java:374)
	org.springframework.security.web.context.request.async.WebAsyncManagerIntegrationFilter.doFilterInternal(WebAsyncManagerIntegrationFilter.java:62)
	org.springframework.web.filter.OncePerRequestFilter.doFilter(OncePerRequestFilter.java:116)
	org.springframework.security.web.FilterChainProxy$VirtualFilterChain.doFilter(FilterChainProxy.java:374)
	org.springframework.security.web.session.DisableEncodeUrlFilter.doFilterInternal(DisableEncodeUrlFilter.java:42)
	org.springframework.web.filter.OncePerRequestFilter.doFilter(OncePerRequestFilter.java:116)
	org.springframework.security.web.FilterChainProxy$VirtualFilterChain.doFilter(FilterChainProxy.java:374)
	org.springframework.security.web.FilterChainProxy.doFilterInternal(FilterChainProxy.java:233)
	org.springframework.security.web.FilterChainProxy.doFilter(FilterChainProxy.java:191)
	org.springframework.web.filter.CompositeFilter$VirtualFilterChain.doFilter(CompositeFilter.java:113)
	org.springframework.web.servlet.handler.HandlerMappingIntrospector.lambda$createCacheFilter$4(HandlerMappingIntrospector.java:267)
	org.springframework.web.filter.CompositeFilter$VirtualFilterChain.doFilter(CompositeFilter.java:113)
	org.springframework.web.filter.CompositeFilter.doFilter(CompositeFilter.java:74)
	org.springframework.security.config.annotation.web.configuration.WebMvcSecurityConfiguration$CompositeFilterChainProxy.doFilter(WebMvcSecurityConfiguration.java:238)
	org.springframework.web.filter.DelegatingFilterProxy.invokeDelegate(DelegatingFilterProxy.java:362)
	org.springframework.web.filter.DelegatingFilterProxy.doFilter(DelegatingFilterProxy.java:278)
</pre><p><b>Root Cause</b></p><pre>org.springframework.transaction.CannotCreateTransactionException: Could not open JPA EntityManager for transaction
	org.springframework.orm.jpa.JpaTransactionManager.doBegin(JpaTransactionManager.java:467)
	org.springframework.transaction.support.AbstractPlatformTransactionManager.startTransaction(AbstractPlatformTransactionManager.java:532)
	org.springframework.transaction.support.AbstractPlatformTransactionManager.getTransaction(AbstractPlatformTransactionManager.java:405)
	org.springframework.transaction.interceptor.TransactionAspectSupport.createTransactionIfNecessary(TransactionAspectSupport.java:639)
	org.springframework.transaction.interceptor.TransactionAspectSupport.invokeWithinTransaction(TransactionAspectSupport.java:374)
	org.springframework.transaction.interceptor.TransactionInterceptor.invoke(TransactionInterceptor.java:119)
	org.springframework.aop.framework.ReflectiveMethodInvocation.proceed(ReflectiveMethodInvocation.java:184)
	org.springframework.aop.framework.CglibAopProxy$DynamicAdvisedInterceptor.intercept(CglibAopProxy.java:728)
	esavo.uws.service.UwsJobOwnerService$$SpringCGLIB$$0.findByJobOwnerId(&lt;generated&gt;)
	esavo.uws.owner.UwsJobOwnerStatelessManager.loadOrCreateOwner(UwsJobOwnerStatelessManager.java:47)
	esavo.sl.security.EsacSecurityManager.getUser(EsacSecurityManager.java:62)
	esavo.tap.resource.TAP.executeRequest(TAP.java:307)
	esavo.sl.controller.TapController.processTapRequest(TapController.java:116)
	esavo.sl.controller.TapController.getRequest(TapController.java:55)
	jdk.internal.reflect.GeneratedMethodAccessor81.invoke(Unknown Source)
	java.base&#47;jdk.internal.reflect.DelegatingMethodAccessorImpl.invoke(DelegatingMethodAccessorImpl.java:43)
	java.base&#47;java.lang.reflect.Method.invoke(Method.java:569)
	org.springframework.web.method.support.InvocableHandlerMethod.doInvoke(InvocableHandlerMethod.java:258)
	org.springframework.web.method.support.InvocableHandlerMethod.invokeForRequest(InvocableHandlerMethod.java:191)
	org.springframework.web.servlet.mvc.method.annotation.ServletInvocableHandlerMethod.invokeAndHandle(ServletInvocableHandlerMethod.java:118)
	org.springframework.web.servlet.mvc.method.annotation.RequestMappingHandlerAdapter.invokeHandlerMethod(RequestMappingHandlerAdapter.java:991)
	org.springframework.web.servlet.mvc.method.annotation.RequestMappingHandlerAdapter.handleInternal(RequestMappingHandlerAdapter.java:896)
	org.springframework.web.servlet.mvc.method.AbstractHandlerMethodAdapter.handle(AbstractHandlerMethodAdapter.java:87)
	org.springframework.web.servlet.DispatcherServlet.doDispatch(DispatcherServlet.java:1089)
	org.springframework.web.servlet.DispatcherServlet.doService(DispatcherServlet.java:979)
	org.springframework.web.servlet.FrameworkServlet.processRequest(FrameworkServlet.java:1014)
	org.springframework.web.servlet.FrameworkServlet.doGet(FrameworkServlet.java:903)
	jakarta.servlet.http.HttpServlet.service(HttpServlet.java:564)
	org.springframework.web.servlet.FrameworkServlet.service(FrameworkServlet.java:885)
	jakarta.servlet.http.HttpServlet.service(HttpServlet.java:658)
	org.apache.tomcat.websocket.server.WsFilter.doFilter(WsFilter.java:51)
	esavo.sl.security.CorsFilterDefaultImpl.doFilter(CorsFilterDefaultImpl.java:81)
	org.springframework.web.filter.CompositeFilter$VirtualFilterChain.doFilter(CompositeFilter.java:108)
	org.springframework.security.web.FilterChainProxy.lambda$doFilterInternal$3(FilterChainProxy.java:231)
	org.springframework.security.web.FilterChainProxy$VirtualFilterChain.doFilter(FilterChainProxy.java:365)
	org.springframework.security.web.access.intercept.AuthorizationFilter.doFilter(AuthorizationFilter.java:101)
	org.springframework.security.web.FilterChainProxy$VirtualFilterChain.doFilter(FilterChainProxy.java:374)
	org.springframework.security.web.access.ExceptionTranslationFilter.doFilter(ExceptionTranslationFilter.java:126)
	org.springframework.security.web.access.ExceptionTranslationFilter.doFilter(ExceptionTranslationFilter.java:120)
	org.springframework.security.web.FilterChainProxy$VirtualFilterChain.doFilter(FilterChainProxy.java:374)
	org.springframework.security.web.authentication.AnonymousAuthenticationFilter.doFilter(AnonymousAuthenticationFilter.java:100)
	org.springframework.security.web.FilterChainProxy$VirtualFilterChain.doFilter(FilterChainProxy.java:374)
	org.springframework.security.web.servletapi.SecurityContextHolderAwareRequestFilter.doFilter(SecurityContextHolderAwareRequestFilter.java:179)
	org.springframework.security.web.FilterChainProxy$VirtualFilterChain.doFilter(FilterChainProxy.java:374)
	org.springframework.security.web.savedrequest.RequestCacheAwareFilter.doFilter(RequestCacheAwareFilter.java:63)
	org.springframework.security.web.FilterChainProxy$VirtualFilterChain.doFilter(FilterChainProxy.java:374)
	org.springframework.security.web.authentication.www.BasicAuthenticationFilter.doFilterInternal(BasicAuthenticationFilter.java:181)
	org.springframework.web.filter.OncePerRequestFilter.doFilter(OncePerRequestFilter.java:116)
	org.springframework.security.web.FilterChainProxy$VirtualFilterChain.doFilter(FilterChainProxy.java:374)
	org.springframework.security.web.authentication.ui.DefaultLogoutPageGeneratingFilter.doFilterInternal(DefaultLogoutPageGeneratingFilter.java:58)
	org.springframework.web.filter.OncePerRequestFilter.doFilter(OncePerRequestFilter.java:116)
	org.springframework.security.web.FilterChainProxy$VirtualFilterChain.doFilter(FilterChainProxy.java:374)
	org.springframework.security.web.authentication.ui.DefaultLoginPageGeneratingFilter.doFilter(DefaultLoginPageGeneratingFilter.java:220)
	org.springframework.security.web.authentication.ui.DefaultLoginPageGeneratingFilter.doFilter(DefaultLoginPageGeneratingFilter.java:206)
	org.springframework.security.web.FilterChainProxy$VirtualFilterChain.doFilter(FilterChainProxy.java:374)
	org.springframework.security.web.authentication.ui.DefaultResourcesFilter.doFilter(DefaultResourcesFilter.java:72)
	org.springframework.security.web.FilterChainProxy$VirtualFilterChain.doFilter(FilterChainProxy.java:374)
	org.springframework.security.web.authentication.AbstractAuthenticationProcessingFilter.doFilter(AbstractAuthenticationProcessingFilter.java:227)
	org.springframework.security.web.authentication.AbstractAuthenticationProcessingFilter.doFilter(AbstractAuthenticationProcessingFilter.java:221)
	org.springframework.security.web.FilterChainProxy$VirtualFilterChain.doFilter(FilterChainProxy.java:374)
	org.springframework.security.web.authentication.AbstractAuthenticationProcessingFilter.doFilter(AbstractAuthenticationProcessingFilter.java:227)
	org.springframework.security.web.authentication.AbstractAuthenticationProcessingFilter.doFilter(AbstractAuthenticationProcessingFilter.java:221)
	org.springframework.security.web.FilterChainProxy$VirtualFilterChain.doFilter(FilterChainProxy.java:374)
	org.springframework.security.web.authentication.logout.LogoutFilter.doFilter(LogoutFilter.java:107)
	org.springframework.security.web.authentication.logout.LogoutFilter.doFilter(LogoutFilter.java:93)
	org.springframework.security.web.FilterChainProxy$VirtualFilterChain.doFilter(FilterChainProxy.java:374)
	org.springframework.security.web.header.HeaderWriterFilter.doHeadersAfter(HeaderWriterFilter.java:90)
	org.springframework.security.web.header.HeaderWriterFilter.doFilterInternal(HeaderWriterFilter.java:75)
	org.springframework.web.filter.OncePerRequestFilter.doFilter(OncePerRequestFilter.java:116)
	org.springframework.security.web.FilterChainProxy$VirtualFilterChain.doFilter(FilterChainProxy.java:374)
	org.springframework.security.web.context.SecurityContextHolderFilter.doFilter(SecurityContextHolderFilter.java:82)
	org.springframework.security.web.context.SecurityContextHolderFilter.doFilter(SecurityContextHolderFilter.java:69)
	org.springframework.security.web.FilterChainProxy$VirtualFilterChain.doFilter(FilterChainProxy.java:374)
	org.springframework.security.web.context.request.async.WebAsyncManagerIntegrationFilter.doFilterInternal(WebAsyncManagerIntegrationFilter.java:62)
	org.springframework.web.filter.OncePerRequestFilter.doFilter(OncePerRequestFilter.java:116)
	org.springframework.security.web.FilterChainProxy$VirtualFilterChain.doFilter(FilterChainProxy.java:374)
	org.springframework.security.web.session.DisableEncodeUrlFilter.doFilterInternal(DisableEncodeUrlFilter.java:42)
	org.springframework.web.filter.OncePerRequestFilter.doFilter(OncePerRequestFilter.java:116)
	org.springframework.security.web.FilterChainProxy$VirtualFilterChain.doFilter(FilterChainProxy.java:374)
	org.springframework.security.web.FilterChainProxy.doFilterInternal(FilterChainProxy.java:233)
	org.springframework.security.web.FilterChainProxy.doFilter(FilterChainProxy.java:191)
	org.springframework.web.filter.CompositeFilter$VirtualFilterChain.doFilter(CompositeFilter.java:113)
	org.springframework.web.servlet.handler.HandlerMappingIntrospector.lambda$createCacheFilter$4(HandlerMappingIntrospector.java:267)
	org.springframework.web.filter.CompositeFilter$VirtualFilterChain.doFilter(CompositeFilter.java:113)
	org.springframework.web.filter.CompositeFilter.doFilter(CompositeFilter.java:74)
	org.springframework.security.config.annotation.web.configuration.WebMvcSecurityConfiguration$CompositeFilterChainProxy.doFilter(WebMvcSecurityConfiguration.java:238)
	org.springframework.web.filter.DelegatingFilterProxy.invokeDelegate(DelegatingFilterProxy.java:362)
	org.springframework.web.filter.DelegatingFilterProxy.doFilter(DelegatingFilterProxy.java:278)
</pre><p><b>Root Cause</b></p><pre>org.hibernate.exception.GenericJDBCException: Unable to acquire JDBC Connection [FATAL: the database system is resetting] [n&#47;a]
	org.hibernate.exception.internal.StandardSQLExceptionConverter.convert(StandardSQLExceptionConverter.java:63)
	org.hibernate.engine.jdbc.spi.SqlExceptionHelper.convert(SqlExceptionHelper.java:108)
	org.hibernate.engine.jdbc.spi.SqlExceptionHelper.convert(SqlExceptionHelper.java:94)
	org.hibernate.resource.jdbc.internal.LogicalConnectionManagedImpl.acquireConnectionIfNeeded(LogicalConnectionManagedImpl.java:129)
	org.hibernate.resource.jdbc.internal.LogicalConnectionManagedImpl.getPhysicalConnection(LogicalConnectionManagedImpl.java:156)
	org.hibernate.resource.jdbc.internal.LogicalConnectionManagedImpl.getConnectionForTransactionManagement(LogicalConnectionManagedImpl.java:286)
	org.hibernate.resource.jdbc.internal.LogicalConnectionManagedImpl.begin(LogicalConnectionManagedImpl.java:294)
	org.hibernate.resource.transaction.backend.jdbc.internal.JdbcResourceLocalTransactionCoordinatorImpl$TransactionDriverControlImpl.begin(JdbcResourceLocalTransactionCoordinatorImpl.java:232)
	org.hibernate.engine.transaction.internal.TransactionImpl.begin(TransactionImpl.java:83)
	org.springframework.orm.jpa.vendor.HibernateJpaDialect.beginTransaction(HibernateJpaDialect.java:176)
	org.springframework.orm.jpa.JpaTransactionManager.doBegin(JpaTransactionManager.java:421)
	org.springframework.transaction.support.AbstractPlatformTransactionManager.startTransaction(AbstractPlatformTransactionManager.java:532)
	org.springframework.transaction.support.AbstractPlatformTransactionManager.getTransaction(AbstractPlatformTransactionManager.java:405)
	org.springframework.transaction.interceptor.TransactionAspectSupport.createTransactionIfNecessary(TransactionAspectSupport.java:639)
	org.springframework.transaction.interceptor.TransactionAspectSupport.invokeWithinTransaction(TransactionAspectSupport.java:374)
	org.springframework.transaction.interceptor.TransactionInterceptor.invoke(TransactionInterceptor.java:119)
	org.springframework.aop.framework.ReflectiveMethodInvocation.proceed(ReflectiveMethodInvocation.java:184)
	org.springframework.aop.framework.CglibAopProxy$DynamicAdvisedInterceptor.intercept(CglibAopProxy.java:728)
	esavo.uws.service.UwsJobOwnerService$$SpringCGLIB$$0.findByJobOwnerId(&lt;generated&gt;)
	esavo.uws.owner.UwsJobOwnerStatelessManager.loadOrCreateOwner(UwsJobOwnerStatelessManager.java:47)
	esavo.sl.security.EsacSecurityManager.getUser(EsacSecurityManager.java:62)
	esavo.tap.resource.TAP.executeRequest(TAP.java:307)
	esavo.sl.controller.TapController.processTapRequest(TapController.java:116)
	esavo.sl.controller.TapController.getRequest(TapController.java:55)
	jdk.internal.reflect.GeneratedMethodAccessor81.invoke(Unknown Source)
	java.base&#47;jdk.internal.reflect.DelegatingMethodAccessorImpl.invoke(DelegatingMethodAccessorImpl.java:43)
	java.base&#47;java.lang.reflect.Method.invoke(Method.java:569)
	org.springframework.web.method.support.InvocableHandlerMethod.doInvoke(InvocableHandlerMethod.java:258)
	org.springframework.web.method.support.InvocableHandlerMethod.invokeForRequest(InvocableHandlerMethod.java:191)
	org.springframework.web.servlet.mvc.method.annotation.ServletInvocableHandlerMethod.invokeAndHandle(ServletInvocableHandlerMethod.java:118)
	org.springframework.web.servlet.mvc.method.annotation.RequestMappingHandlerAdapter.invokeHandlerMethod(RequestMappingHandlerAdapter.java:991)
	org.springframework.web.servlet.mvc.method.annotation.RequestMappingHandlerAdapter.handleInternal(RequestMappingHandlerAdapter.java:896)
	org.springframework.web.servlet.mvc.method.AbstractHandlerMethodAdapter.handle(AbstractHandlerMethodAdapter.java:87)
	org.springframework.web.servlet.DispatcherServlet.doDispatch(DispatcherServlet.java:1089)
	org.springframework.web.servlet.DispatcherServlet.doService(DispatcherServlet.java:979)
	org.springframework.web.servlet.FrameworkServlet.processRequest(FrameworkServlet.java:1014)
	org.springframework.web.servlet.FrameworkServlet.doGet(FrameworkServlet.java:903)
	jakarta.servlet.http.HttpServlet.service(HttpServlet.java:564)
	org.springframework.web.servlet.FrameworkServlet.service(FrameworkServlet.java:885)
	jakarta.servlet.http.HttpServlet.service(HttpServlet.java:658)
	org.apache.tomcat.websocket.server.WsFilter.doFilter(WsFilter.java:51)
	esavo.sl.security.CorsFilterDefaultImpl.doFilter(CorsFilterDefaultImpl.java:81)
	org.springframework.web.filter.CompositeFilter$VirtualFilterChain.doFilter(CompositeFilter.java:108)
	org.springframework.security.web.FilterChainProxy.lambda$doFilterInternal$3(FilterChainProxy.java:231)
	org.springframework.security.web.FilterChainProxy$VirtualFilterChain.doFilter(FilterChainProxy.java:365)
	org.springframework.security.web.access.intercept.AuthorizationFilter.doFilter(AuthorizationFilter.java:101)
	org.springframework.security.web.FilterChainProxy$VirtualFilterChain.doFilter(FilterChainProxy.java:374)
	org.springframework.security.web.access.ExceptionTranslationFilter.doFilter(ExceptionTranslationFilter.java:126)
	org.springframework.security.web.access.ExceptionTranslationFilter.doFilter(ExceptionTranslationFilter.java:120)
	org.springframework.security.web.FilterChainProxy$VirtualFilterChain.doFilter(FilterChainProxy.java:374)
	org.springframework.security.web.authentication.AnonymousAuthenticationFilter.doFilter(AnonymousAuthenticationFilter.java:100)
	org.springframework.security.web.FilterChainProxy$VirtualFilterChain.doFilter(FilterChainProxy.java:374)
	org.springframework.security.web.servletapi.SecurityContextHolderAwareRequestFilter.doFilter(SecurityContextHolderAwareRequestFilter.java:179)
	org.springframework.security.web.FilterChainProxy$VirtualFilterChain.doFilter(FilterChainProxy.java:374)
	org.springframework.security.web.savedrequest.RequestCacheAwareFilter.doFilter(RequestCacheAwareFilter.java:63)
	org.springframework.security.web.FilterChainProxy$VirtualFilterChain.doFilter(FilterChainProxy.java:374)
	org.springframework.security.web.authentication.www.BasicAuthenticationFilter.doFilterInternal(BasicAuthenticationFilter.java:181)
	org.springframework.web.filter.OncePerRequestFilter.doFilter(OncePerRequestFilter.java:116)
	org.springframework.security.web.FilterChainProxy$VirtualFilterChain.doFilter(FilterChainProxy.java:374)
	org.springframework.security.web.authentication.ui.DefaultLogoutPageGeneratingFilter.doFilterInternal(DefaultLogoutPageGeneratingFilter.java:58)
	org.springframework.web.filter.OncePerRequestFilter.doFilter(OncePerRequestFilter.java:116)
	org.springframework.security.web.FilterChainProxy$VirtualFilterChain.doFilter(FilterChainProxy.java:374)
	org.springframework.security.web.authentication.ui.DefaultLoginPageGeneratingFilter.doFilter(DefaultLoginPageGeneratingFilter.java:220)
	org.springframework.security.web.authentication.ui.DefaultLoginPageGeneratingFilter.doFilter(DefaultLoginPageGeneratingFilter.java:206)
	org.springframework.security.web.FilterChainProxy$VirtualFilterChain.doFilter(FilterChainProxy.java:374)
	org.springframework.security.web.authentication.ui.DefaultResourcesFilter.doFilter(DefaultResourcesFilter.java:72)
	org.springframework.security.web.FilterChainProxy$VirtualFilterChain.doFilter(FilterChainProxy.java:374)
	org.springframework.security.web.authentication.AbstractAuthenticationProcessingFilter.doFilter(AbstractAuthenticationProcessingFilter.java:227)
	org.springframework.security.web.authentication.AbstractAuthenticationProcessingFilter.doFilter(AbstractAuthenticationProcessingFilter.java:221)
	org.springframework.security.web.FilterChainProxy$VirtualFilterChain.doFilter(FilterChainProxy.java:374)
	org.springframework.security.web.authentication.AbstractAuthenticationProcessingFilter.doFilter(AbstractAuthenticationProcessingFilter.java:227)
	org.springframework.security.web.authentication.AbstractAuthenticationProcessingFilter.doFilter(AbstractAuthenticationProcessingFilter.java:221)
	org.springframework.security.web.FilterChainProxy$VirtualFilterChain.doFilter(FilterChainProxy.java:374)
	org.springframework.security.web.authentication.logout.LogoutFilter.doFilter(LogoutFilter.java:107)
	org.springframework.security.web.authentication.logout.LogoutFilter.doFilter(LogoutFilter.java:93)
	org.springframework.security.web.FilterChainProxy$VirtualFilterChain.doFilter(FilterChainProxy.java:374)
	org.springframework.security.web.header.HeaderWriterFilter.doHeadersAfter(HeaderWriterFilter.java:90)
	org.springframework.security.web.header.HeaderWriterFilter.doFilterInternal(HeaderWriterFilter.java:75)
	org.springframework.web.filter.OncePerRequestFilter.doFilter(OncePerRequestFilter.java:116)
	org.springframework.security.web.FilterChainProxy$VirtualFilterChain.doFilter(FilterChainProxy.java:374)
	org.springframework.security.web.context.SecurityContextHolderFilter.doFilter(SecurityContextHolderFilter.java:82)
	org.springframework.security.web.context.SecurityContextHolderFilter.doFilter(SecurityContextHolderFilter.java:69)
	org.springframework.security.web.FilterChainProxy$VirtualFilterChain.doFilter(FilterChainProxy.java:374)
	org.springframework.security.web.context.request.async.WebAsyncManagerIntegrationFilter.doFilterInternal(WebAsyncManagerIntegrationFilter.java:62)
	org.springframework.web.filter.OncePerRequestFilter.doFilter(OncePerRequestFilter.java:116)
	org.springframework.security.web.FilterChainProxy$VirtualFilterChain.doFilter(FilterChainProxy.java:374)
	org.springframework.security.web.session.DisableEncodeUrlFilter.doFilterInternal(DisableEncodeUrlFilter.java:42)
	org.springframework.web.filter.OncePerRequestFilter.doFilter(OncePerRequestFilter.java:116)
	org.springframework.security.web.FilterChainProxy$VirtualFilterChain.doFilter(FilterChainProxy.java:374)
	org.springframework.security.web.FilterChainProxy.doFilterInternal(FilterChainProxy.java:233)
	org.springframework.security.web.FilterChainProxy.doFilter(FilterChainProxy.java:191)
	org.springframework.web.filter.CompositeFilter$VirtualFilterChain.doFilter(CompositeFilter.java:113)
	org.springframework.web.servlet.handler.HandlerMappingIntrospector.lambda$createCacheFilter$4(HandlerMappingIntrospector.java:267)
	org.springframework.web.filter.CompositeFilter$VirtualFilterChain.doFilter(CompositeFilter.java:113)
	org.springframework.web.filter.CompositeFilter.doFilter(CompositeFilter.java:74)
	org.springframework.security.config.annotation.web.configuration.WebMvcSecurityConfiguration$CompositeFilterChainProxy.doFilter(WebMvcSecurityConfiguration.java:238)
	org.springframework.web.filter.DelegatingFilterProxy.invokeDelegate(DelegatingFilterProxy.java:362)
	org.springframework.web.filter.DelegatingFilterProxy.doFilter(DelegatingFilterProxy.java:278)
</pre><p><b>Root Cause</b></p><pre>org.postgresql.util.PSQLException: FATAL: the database system is resetting
	org.postgresql.core.v3.ConnectionFactoryImpl.doAuthentication(ConnectionFactoryImpl.java:711)
	org.postgresql.core.v3.ConnectionFactoryImpl.tryConnect(ConnectionFactoryImpl.java:213)
	org.postgresql.core.v3.ConnectionFactoryImpl.openConnectionImpl(ConnectionFactoryImpl.java:268)
	org.postgresql.core.ConnectionFactory.openConnection(ConnectionFactory.java:54)
	org.postgresql.jdbc.PgConnection.&lt;init&gt;(PgConnection.java:273)
	org.postgresql.Driver.makeConnection(Driver.java:446)
	org.postgresql.Driver.connect(Driver.java:298)
	org.apache.commons.dbcp2.DriverConnectionFactory.createConnection(DriverConnectionFactory.java:52)
	org.apache.commons.dbcp2.PoolableConnectionFactory.makeObject(PoolableConnectionFactory.java:414)
	org.apache.commons.pool2.impl.GenericObjectPool.create(GenericObjectPool.java:566)
	org.apache.commons.pool2.impl.GenericObjectPool.borrowObject(GenericObjectPool.java:306)
	org.apache.commons.pool2.impl.GenericObjectPool.borrowObject(GenericObjectPool.java:233)
	org.apache.commons.dbcp2.PoolingDataSource.getConnection(PoolingDataSource.java:139)
	org.apache.commons.dbcp2.BasicDataSource.getConnection(BasicDataSource.java:711)
	org.hibernate.engine.jdbc.connections.internal.DatasourceConnectionProviderImpl.getConnection(DatasourceConnectionProviderImpl.java:126)
	org.hibernate.internal.NonContextualJdbcConnectionAccess.obtainConnection(NonContextualJdbcConnectionAccess.java:46)
	org.hibernate.resource.jdbc.internal.LogicalConnectionManagedImpl.acquireConnectionIfNeeded(LogicalConnectionManagedImpl.java:126)
	org.hibernate.resource.jdbc.internal.LogicalConnectionManagedImpl.getPhysicalConnection(LogicalConnectionManagedImpl.java:156)
	org.hibernate.resource.jdbc.internal.LogicalConnectionManagedImpl.getConnectionForTransactionManagement(LogicalConnectionManagedImpl.java:286)
	org.hibernate.resource.jdbc.internal.LogicalConnectionManagedImpl.begin(LogicalConnectionManagedImpl.java:294)
	org.hibernate.resource.transaction.backend.jdbc.internal.JdbcResourceLocalTransactionCoordinatorImpl$TransactionDriverControlImpl.begin(JdbcResourceLocalTransactionCoordinatorImpl.java:232)
	org.hibernate.engine.transaction.internal.TransactionImpl.begin(TransactionImpl.java:83)
	org.springframework.orm.jpa.vendor.HibernateJpaDialect.beginTransaction(HibernateJpaDialect.java:176)
	org.springframework.orm.jpa.JpaTransactionManager.doBegin(JpaTransactionManager.java:421)
	org.springframework.transaction.support.AbstractPlatformTransactionManager.startTransaction(AbstractPlatformTransactionManager.java:532)
	org.springframework.transaction.support.AbstractPlatformTransactionManager.getTransaction(AbstractPlatformTransactionManager.java:405)
	org.springframework.transaction.interceptor.TransactionAspectSupport.createTransactionIfNecessary(TransactionAspectSupport.java:639)
	org.springframework.transaction.interceptor.TransactionAspectSupport.invokeWithinTransaction(TransactionAspectSupport.java:374)
	org.springframework.transaction.interceptor.TransactionInterceptor.invoke(TransactionInterceptor.java:119)
	org.springframework.aop.framework.ReflectiveMethodInvocation.proceed(ReflectiveMethodInvocation.java:184)
	org.springframework.aop.framework.CglibAopProxy$DynamicAdvisedInterceptor.intercept(CglibAopProxy.java:728)
	esavo.uws.service.UwsJobOwnerService$$SpringCGLIB$$0.findByJobOwnerId(&lt;generated&gt;)
	esavo.uws.owner.UwsJobOwnerStatelessManager.loadOrCreateOwner(UwsJobOwnerStatelessManager.java:47)
	esavo.sl.security.EsacSecurityManager.getUser(EsacSecurityManager.java:62)
	esavo.tap.resource.TAP.executeRequest(TAP.java:307)
	esavo.sl.controller.TapController.processTapRequest(TapController.java:116)
	esavo.sl.controller.TapController.getRequest(TapController.java:55)
	jdk.internal.reflect.GeneratedMethodAccessor81.invoke(Unknown Source)
	java.base&#47;jdk.internal.reflect.DelegatingMethodAccessorImpl.invoke(DelegatingMethodAccessorImpl.java:43)
	java.base&#47;java.lang.reflect.Method.invoke(Method.java:569)
	org.springframework.web.method.support.InvocableHandlerMethod.doInvoke(InvocableHandlerMethod.java:258)
	org.springframework.web.method.support.InvocableHandlerMethod.invokeForRequest(InvocableHandlerMethod.java:191)
	org.springframework.web.servlet.mvc.method.annotation.ServletInvocableHandlerMethod.invokeAndHandle(ServletInvocableHandlerMethod.java:118)
	org.springframework.web.servlet.mvc.method.annotation.RequestMappingHandlerAdapter.invokeHandlerMethod(RequestMappingHandlerAdapter.java:991)
	org.springframework.web.servlet.mvc.method.annotation.RequestMappingHandlerAdapter.handleInternal(RequestMappingHandlerAdapter.java:896)
	org.springframework.web.servlet.mvc.method.AbstractHandlerMethodAdapter.handle(AbstractHandlerMethodAdapter.java:87)
	org.springframework.web.servlet.DispatcherServlet.doDispatch(DispatcherServlet.java:1089)
	org.springframework.web.servlet.DispatcherServlet.doService(DispatcherServlet.java:979)
	org.springframework.web.servlet.FrameworkServlet.processRequest(FrameworkServlet.java:1014)
	org.springframework.web.servlet.FrameworkServlet.doGet(FrameworkServlet.java:903)
	jakarta.servlet.http.HttpServlet.service(HttpServlet.java:564)
	org.springframework.web.servlet.FrameworkServlet.service(FrameworkServlet.java:885)
	jakarta.servlet.http.HttpServlet.service(HttpServlet.java:658)
	org.apache.tomcat.websocket.server.WsFilter.doFilter(WsFilter.java:51)
	esavo.sl.security.CorsFilterDefaultImpl.doFilter(CorsFilterDefaultImpl.java:81)
	org.springframework.web.filter.CompositeFilter$VirtualFilterChain.doFilter(CompositeFilter.java:108)
	org.springframework.security.web.FilterChainProxy.lambda$doFilterInternal$3(FilterChainProxy.java:231)
	org.springframework.security.web.FilterChainProxy$VirtualFilterChain.doFilter(FilterChainProxy.java:365)
	org.springframework.security.web.access.intercept.AuthorizationFilter.doFilter(AuthorizationFilter.java:101)
	org.springframework.security.web.FilterChainProxy$VirtualFilterChain.doFilter(FilterChainProxy.java:374)
	org.springframework.security.web.access.ExceptionTranslationFilter.doFilter(ExceptionTranslationFilter.java:126)
	org.springframework.security.web.access.ExceptionTranslationFilter.doFilter(ExceptionTranslationFilter.java:120)
	org.springframework.security.web.FilterChainProxy$VirtualFilterChain.doFilter(FilterChainProxy.java:374)
	org.springframework.security.web.authentication.AnonymousAuthenticationFilter.doFilter(AnonymousAuthenticationFilter.java:100)
	org.springframework.security.web.FilterChainProxy$VirtualFilterChain.doFilter(FilterChainProxy.java:374)
	org.springframework.security.web.servletapi.SecurityContextHolderAwareRequestFilter.doFilter(SecurityContextHolderAwareRequestFilter.java:179)
	org.springframework.security.web.FilterChainProxy$VirtualFilterChain.doFilter(FilterChainProxy.java:374)
	org.springframework.security.web.savedrequest.RequestCacheAwareFilter.doFilter(RequestCacheAwareFilter.java:63)
	org.springframework.security.web.FilterChainProxy$VirtualFilterChain.doFilter(FilterChainProxy.java:374)
	org.springframework.security.web.authentication.www.BasicAuthenticationFilter.doFilterInternal(BasicAuthenticationFilter.java:181)
	org.springframework.web.filter.OncePerRequestFilter.doFilter(OncePerRequestFilter.java:116)
	org.springframework.security.web.FilterChainProxy$VirtualFilterChain.doFilter(FilterChainProxy.java:374)
	org.springframework.security.web.authentication.ui.DefaultLogoutPageGeneratingFilter.doFilterInternal(DefaultLogoutPageGeneratingFilter.java:58)
	org.springframework.web.filter.OncePerRequestFilter.doFilter(OncePerRequestFilter.java:116)
	org.springframework.security.web.FilterChainProxy$VirtualFilterChain.doFilter(FilterChainProxy.java:374)
	org.springframework.security.web.authentication.ui.DefaultLoginPageGeneratingFilter.doFilter(DefaultLoginPageGeneratingFilter.java:220)
	org.springframework.security.web.authentication.ui.DefaultLoginPageGeneratingFilter.doFilter(DefaultLoginPageGeneratingFilter.java:206)
	org.springframework.security.web.FilterChainProxy$VirtualFilterChain.doFilter(FilterChainProxy.java:374)
	org.springframework.security.web.authentication.ui.DefaultResourcesFilter.doFilter(DefaultResourcesFilter.java:72)
	org.springframework.security.web.FilterChainProxy$VirtualFilterChain.doFilter(FilterChainProxy.java:374)
	org.springframework.security.web.authentication.AbstractAuthenticationProcessingFilter.doFilter(AbstractAuthenticationProcessingFilter.java:227)
	org.springframework.security.web.authentication.AbstractAuthenticationProcessingFilter.doFilter(AbstractAuthenticationProcessingFilter.java:221)
	org.springframework.security.web.FilterChainProxy$VirtualFilterChain.doFilter(FilterChainProxy.java:374)
	org.springframework.security.web.authentication.AbstractAuthenticationProcessingFilter.doFilter(AbstractAuthenticationProcessingFilter.java:227)
	org.springframework.security.web.authentication.AbstractAuthenticationProcessingFilter.doFilter(AbstractAuthenticationProcessingFilter.java:221)
	org.springframework.security.web.FilterChainProxy$VirtualFilterChain.doFilter(FilterChainProxy.java:374)
	org.springframework.security.web.authentication.logout.LogoutFilter.doFilter(LogoutFilter.java:107)
	org.springframework.security.web.authentication.logout.LogoutFilter.doFilter(LogoutFilter.java:93)
	org.springframework.security.web.FilterChainProxy$VirtualFilterChain.doFilter(FilterChainProxy.java:374)
	org.springframework.security.web.header.HeaderWriterFilter.doHeadersAfter(HeaderWriterFilter.java:90)
	org.springframework.security.web.header.HeaderWriterFilter.doFilterInternal(HeaderWriterFilter.java:75)
	org.springframework.web.filter.OncePerRequestFilter.doFilter(OncePerRequestFilter.java:116)
	org.springframework.security.web.FilterChainProxy$VirtualFilterChain.doFilter(FilterChainProxy.java:374)
	org.springframework.security.web.context.SecurityContextHolderFilter.doFilter(SecurityContextHolderFilter.java:82)
	org.springframework.security.web.context.SecurityContextHolderFilter.doFilter(SecurityContextHolderFilter.java:69)
	org.springframework.security.web.FilterChainProxy$VirtualFilterChain.doFilter(FilterChainProxy.java:374)
	org.springframework.security.web.context.request.async.WebAsyncManagerIntegrationFilter.doFilterInternal(WebAsyncManagerIntegrationFilter.java:62)
	org.springframework.web.filter.OncePerRequestFilter.doFilter(OncePerRequestFilter.java:116)
	org.springframework.security.web.FilterChainProxy$VirtualFilterChain.doFilter(FilterChainProxy.java:374)
	org.springframework.security.web.session.DisableEncodeUrlFilter.doFilterInternal(DisableEncodeUrlFilter.java:42)
	org.springframework.web.filter.OncePerRequestFilter.doFilter(OncePerRequestFilter.java:116)
	org.springframework.security.web.FilterChainProxy$VirtualFilterChain.doFilter(FilterChainProxy.java:374)
	org.springframework.security.web.FilterChainProxy.doFilterInternal(FilterChainProxy.java:233)
	org.springframework.security.web.FilterChainProxy.doFilter(FilterChainProxy.java:191)
	org.springframework.web.filter.CompositeFilter$VirtualFilterChain.doFilter(CompositeFilter.java:113)
	org.springframework.web.servlet.handler.HandlerMappingIntrospector.lambda$createCacheFilter$4(HandlerMappingIntrospector.java:267)
	org.springframework.web.filter.CompositeFilter$VirtualFilterChain.doFilter(CompositeFilter.java:113)
	org.springframework.web.filter.CompositeFilter.doFilter(CompositeFilter.java:74)
	org.springframework.security.config.annotation.web.configuration.WebMvcSecurityConfiguration$CompositeFilterChainProxy.doFilter(WebMvcSecurityConfiguration.java:238)
	org.springframework.web.filter.DelegatingFilterProxy.invokeDelegate(DelegatingFilterProxy.java:362)
	org.springframework.web.filter.DelegatingFilterProxy.doFilter(DelegatingFilterProxy.java:278)
</pre><p><b>Note</b> The full stack trace of the root cause is available in the server logs.</p><hr class="line" /><h3>Apache Tomcat/10.1.52</h3></body></html>
WARNING: Gaia query failed with server error (Error 500:
<!doctype html><html lang="en"><head><title>HTTP Status 500 – Internal Server Error</title><style type="text/css">body {font-family:Tahoma,Arial,sans-serif;} h1, h2, h3, b {color:white;background-color:#525D76;} h1 {font-size:22px;} h2 {font-size:16px;} h3 {font-size:14px;} p {font-size:12px;} a {color:black;} .line {height:1px;background-color:#525D76;border:none;}</style></head><body><h1>HTTP Status 500 – Internal Server Error</h1><hr class="line" /><p><b>Type</b> Exception Report</p><p><b>Message</b> Request processing failed: org.springframework.transaction.CannotCreateTransactionException: Could not open JPA EntityManager for transaction</p><p><b>Description</b> The server encountered an unexpected condition that prevented it from fulfilling the request.</p><p><b>Exception</b></p><pre>jakarta.servlet.ServletException: Request processing failed: org.springframework.transaction.CannotCreateTransactionException: Could not open JPA EntityManager for transaction
	org.springframework.web.servlet.FrameworkServlet.processRequest(FrameworkServlet.java:1022)
	org.springframework.web.servlet.FrameworkServlet.doGet(FrameworkServlet.java:903)
	jakarta.servlet.http.HttpServlet.service(HttpServlet.java:564)
	org.springframework.web.servlet.FrameworkServlet.service(FrameworkServlet.java:885)
	jakarta.servlet.http.HttpServlet.service(HttpServlet.java:658)
	org.apache.tomcat.websocket.server.WsFilter.doFilter(WsFilter.java:51)
	esavo.sl.security.CorsFilterDefaultImpl.doFilter(CorsFilterDefaultImpl.java:81)
	org.springframework.web.filter.CompositeFilter$VirtualFilterChain.doFilter(CompositeFilter.java:108)
	org.springframework.security.web.FilterChainProxy.lambda$doFilterInternal$3(FilterChainProxy.java:231)
	org.springframework.security.web.FilterChainProxy$VirtualFilterChain.doFilter(FilterChainProxy.java:365)
	org.springframework.security.web.access.intercept.AuthorizationFilter.doFilter(AuthorizationFilter.java:101)
	org.springframework.security.web.FilterChainProxy$VirtualFilterChain.doFilter(FilterChainProxy.java:374)
	org.springframework.security.web.access.ExceptionTranslationFilter.doFilter(ExceptionTranslationFilter.java:126)
	org.springframework.security.web.access.ExceptionTranslationFilter.doFilter(ExceptionTranslationFilter.java:120)
	org.springframework.security.web.FilterChainProxy$VirtualFilterChain.doFilter(FilterChainProxy.java:374)
	org.springframework.security.web.authentication.AnonymousAuthenticationFilter.doFilter(AnonymousAuthenticationFilter.java:100)
	org.springframework.security.web.FilterChainProxy$VirtualFilterChain.doFilter(FilterChainProxy.java:374)
	org.springframework.security.web.servletapi.SecurityContextHolderAwareRequestFilter.doFilter(SecurityContextHolderAwareRequestFilter.java:179)
	org.springframework.security.web.FilterChainProxy$VirtualFilterChain.doFilter(FilterChainProxy.java:374)
	org.springframework.security.web.savedrequest.RequestCacheAwareFilter.doFilter(RequestCacheAwareFilter.java:63)
	org.springframework.security.web.FilterChainProxy$VirtualFilterChain.doFilter(FilterChainProxy.java:374)
	org.springframework.security.web.authentication.www.BasicAuthenticationFilter.doFilterInternal(BasicAuthenticationFilter.java:181)
	org.springframework.web.filter.OncePerRequestFilter.doFilter(OncePerRequestFilter.java:116)
	org.springframework.security.web.FilterChainProxy$VirtualFilterChain.doFilter(FilterChainProxy.java:374)
	org.springframework.security.web.authentication.ui.DefaultLogoutPageGeneratingFilter.doFilterInternal(DefaultLogoutPageGeneratingFilter.java:58)
	org.springframework.web.filter.OncePerRequestFilter.doFilter(OncePerRequestFilter.java:116)
	org.springframework.security.web.FilterChainProxy$VirtualFilterChain.doFilter(FilterChainProxy.java:374)
	org.springframework.security.web.authentication.ui.DefaultLoginPageGeneratingFilter.doFilter(DefaultLoginPageGeneratingFilter.java:220)
	org.springframework.security.web.authentication.ui.DefaultLoginPageGeneratingFilter.doFilter(DefaultLoginPageGeneratingFilter.java:206)
	org.springframework.security.web.FilterChainProxy$VirtualFilterChain.doFilter(FilterChainProxy.java:374)
	org.springframework.security.web.authentication.ui.DefaultResourcesFilter.doFilter(DefaultResourcesFilter.java:72)
	org.springframework.security.web.FilterChainProxy$VirtualFilterChain.doFilter(FilterChainProxy.java:374)
	org.springframework.security.web.authentication.AbstractAuthenticationProcessingFilter.doFilter(AbstractAuthenticationProcessingFilter.java:227)
	org.springframework.security.web.authentication.AbstractAuthenticationProcessingFilter.doFilter(AbstractAuthenticationProcessingFilter.java:221)
	org.springframework.security.web.FilterChainProxy$VirtualFilterChain.doFilter(FilterChainProxy.java:374)
	org.springframework.security.web.authentication.AbstractAuthenticationProcessingFilter.doFilter(AbstractAuthenticationProcessingFilter.java:227)
	org.springframework.security.web.authentication.AbstractAuthenticationProcessingFilter.doFilter(AbstractAuthenticationProcessingFilter.java:221)
	org.springframework.security.web.FilterChainProxy$VirtualFilterChain.doFilter(FilterChainProxy.java:374)
	org.springframework.security.web.authentication.logout.LogoutFilter.doFilter(LogoutFilter.java:107)
	org.springframework.security.web.authentication.logout.LogoutFilter.doFilter(LogoutFilter.java:93)
	org.springframework.security.web.FilterChainProxy$VirtualFilterChain.doFilter(FilterChainProxy.java:374)
	org.springframework.security.web.header.HeaderWriterFilter.doHeadersAfter(HeaderWriterFilter.java:90)
	org.springframework.security.web.header.HeaderWriterFilter.doFilterInternal(HeaderWriterFilter.java:75)
	org.springframework.web.filter.OncePerRequestFilter.doFilter(OncePerRequestFilter.java:116)
	org.springframework.security.web.FilterChainProxy$VirtualFilterChain.doFilter(FilterChainProxy.java:374)
	org.springframework.security.web.context.SecurityContextHolderFilter.doFilter(SecurityContextHolderFilter.java:82)
	org.springframework.security.web.context.SecurityContextHolderFilter.doFilter(SecurityContextHolderFilter.java:69)
	org.springframework.security.web.FilterChainProxy$VirtualFilterChain.doFilter(FilterChainProxy.java:374)
	org.springframework.security.web.context.request.async.WebAsyncManagerIntegrationFilter.doFilterInternal(WebAsyncManagerIntegrationFilter.java:62)
	org.springframework.web.filter.OncePerRequestFilter.doFilter(OncePerRequestFilter.java:116)
	org.springframework.security.web.FilterChainProxy$VirtualFilterChain.doFilter(FilterChainProxy.java:374)
	org.springframework.security.web.session.DisableEncodeUrlFilter.doFilterInternal(DisableEncodeUrlFilter.java:42)
	org.springframework.web.filter.OncePerRequestFilter.doFilter(OncePerRequestFilter.java:116)
	org.springframework.security.web.FilterChainProxy$VirtualFilterChain.doFilter(FilterChainProxy.java:374)
	org.springframework.security.web.FilterChainProxy.doFilterInternal(FilterChainProxy.java:233)
	org.springframework.security.web.FilterChainProxy.doFilter(FilterChainProxy.java:191)
	org.springframework.web.filter.CompositeFilter$VirtualFilterChain.doFilter(CompositeFilter.java:113)
	org.springframework.web.servlet.handler.HandlerMappingIntrospector.lambda$createCacheFilter$4(HandlerMappingIntrospector.java:267)
	org.springframework.web.filter.CompositeFilter$VirtualFilterChain.doFilter(CompositeFilter.java:113)
	org.springframework.web.filter.CompositeFilter.doFilter(CompositeFilter.java:74)
	org.springframework.security.config.annotation.web.configuration.WebMvcSecurityConfiguration$CompositeFilterChainProxy.doFilter(WebMvcSecurityConfiguration.java:238)
	org.springframework.web.filter.DelegatingFilterProxy.invokeDelegate(DelegatingFilterProxy.java:362)
	org.springframework.web.filter.DelegatingFilterProxy.doFilter(DelegatingFilterProxy.java:278)
</pre><p><b>Root Cause</b></p><pre>org.springframework.transaction.CannotCreateTransactionException: Could not open JPA EntityManager for transaction
	org.springframework.orm.jpa.JpaTransactionManager.doBegin(JpaTransactionManager.java:467)
	org.springframework.transaction.support.AbstractPlatformTransactionManager.startTransaction(AbstractPlatformTransactionManager.java:532)
	org.springframework.transaction.support.AbstractPlatformTransactionManager.getTransaction(AbstractPlatformTransactionManager.java:405)
	org.springframework.transaction.interceptor.TransactionAspectSupport.createTransactionIfNecessary(TransactionAspectSupport.java:639)
	org.springframework.transaction.interceptor.TransactionAspectSupport.invokeWithinTransaction(TransactionAspectSupport.java:374)
	org.springframework.transaction.interceptor.TransactionInterceptor.invoke(TransactionInterceptor.java:119)
	org.springframework.aop.framework.ReflectiveMethodInvocation.proceed(ReflectiveMethodInvocation.java:184)
	org.springframework.aop.framework.CglibAopProxy$DynamicAdvisedInterceptor.intercept(CglibAopProxy.java:728)
	esavo.uws.service.UwsJobOwnerService$$SpringCGLIB$$0.findByJobOwnerId(&lt;generated&gt;)
	esavo.uws.owner.UwsJobOwnerStatelessManager.loadOrCreateOwner(UwsJobOwnerStatelessManager.java:47)
	esavo.sl.security.EsacSecurityManager.getUser(EsacSecurityManager.java:62)
	esavo.tap.resource.TAP.executeRequest(TAP.java:307)
	esavo.sl.controller.TapController.processTapRequest(TapController.java:116)
	esavo.sl.controller.TapController.getRequest(TapController.java:55)
	jdk.internal.reflect.GeneratedMethodAccessor81.invoke(Unknown Source)
	java.base&#47;jdk.internal.reflect.DelegatingMethodAccessorImpl.invoke(DelegatingMethodAccessorImpl.java:43)
	java.base&#47;java.lang.reflect.Method.invoke(Method.java:569)
	org.springframework.web.method.support.InvocableHandlerMethod.doInvoke(InvocableHandlerMethod.java:258)
	org.springframework.web.method.support.InvocableHandlerMethod.invokeForRequest(InvocableHandlerMethod.java:191)
	org.springframework.web.servlet.mvc.method.annotation.ServletInvocableHandlerMethod.invokeAndHandle(ServletInvocableHandlerMethod.java:118)
	org.springframework.web.servlet.mvc.method.annotation.RequestMappingHandlerAdapter.invokeHandlerMethod(RequestMappingHandlerAdapter.java:991)
	org.springframework.web.servlet.mvc.method.annotation.RequestMappingHandlerAdapter.handleInternal(RequestMappingHandlerAdapter.java:896)
	org.springframework.web.servlet.mvc.method.AbstractHandlerMethodAdapter.handle(AbstractHandlerMethodAdapter.java:87)
	org.springframework.web.servlet.DispatcherServlet.doDispatch(DispatcherServlet.java:1089)
	org.springframework.web.servlet.DispatcherServlet.doService(DispatcherServlet.java:979)
	org.springframework.web.servlet.FrameworkServlet.processRequest(FrameworkServlet.java:1014)
	org.springframework.web.servlet.FrameworkServlet.doGet(FrameworkServlet.java:903)
	jakarta.servlet.http.HttpServlet.service(HttpServlet.java:564)
	org.springframework.web.servlet.FrameworkServlet.service(FrameworkServlet.java:885)
	jakarta.servlet.http.HttpServlet.service(HttpServlet.java:658)
	org.apache.tomcat.websocket.server.WsFilter.doFilter(WsFilter.java:51)
	esavo.sl.security.CorsFilterDefaultImpl.doFilter(CorsFilterDefaultImpl.java:81)
	org.springframework.web.filter.CompositeFilter$VirtualFilterChain.doFilter(CompositeFilter.java:108)
	org.springframework.security.web.FilterChainProxy.lambda$doFilterInternal$3(FilterChainProxy.java:231)
	org.springframework.security.web.FilterChainProxy$VirtualFilterChain.doFilter(FilterChainProxy.java:365)
	org.springframework.security.web.access.intercept.AuthorizationFilter.doFilter(AuthorizationFilter.java:101)
	org.springframework.security.web.FilterChainProxy$VirtualFilterChain.doFilter(FilterChainProxy.java:374)
	org.springframework.security.web.access.ExceptionTranslationFilter.doFilter(ExceptionTranslationFilter.java:126)
	org.springframework.security.web.access.ExceptionTranslationFilter.doFilter(ExceptionTranslationFilter.java:120)
	org.springframework.security.web.FilterChainProxy$VirtualFilterChain.doFilter(FilterChainProxy.java:374)
	org.springframework.security.web.authentication.AnonymousAuthenticationFilter.doFilter(AnonymousAuthenticationFilter.java:100)
	org.springframework.security.web.FilterChainProxy$VirtualFilterChain.doFilter(FilterChainProxy.java:374)
	org.springframework.security.web.servletapi.SecurityContextHolderAwareRequestFilter.doFilter(SecurityContextHolderAwareRequestFilter.java:179)
	org.springframework.security.web.FilterChainProxy$VirtualFilterChain.doFilter(FilterChainProxy.java:374)
	org.springframework.security.web.savedrequest.RequestCacheAwareFilter.doFilter(RequestCacheAwareFilter.java:63)
	org.springframework.security.web.FilterChainProxy$VirtualFilterChain.doFilter(FilterChainProxy.java:374)
	org.springframework.security.web.authentication.www.BasicAuthenticationFilter.doFilterInternal(BasicAuthenticationFilter.java:181)
	org.springframework.web.filter.OncePerRequestFilter.doFilter(OncePerRequestFilter.java:116)
	org.springframework.security.web.FilterChainProxy$VirtualFilterChain.doFilter(FilterChainProxy.java:374)
	org.springframework.security.web.authentication.ui.DefaultLogoutPageGeneratingFilter.doFilterInternal(DefaultLogoutPageGeneratingFilter.java:58)
	org.springframework.web.filter.OncePerRequestFilter.doFilter(OncePerRequestFilter.java:116)
	org.springframework.security.web.FilterChainProxy$VirtualFilterChain.doFilter(FilterChainProxy.java:374)
	org.springframework.security.web.authentication.ui.DefaultLoginPageGeneratingFilter.doFilter(DefaultLoginPageGeneratingFilter.java:220)
	org.springframework.security.web.authentication.ui.DefaultLoginPageGeneratingFilter.doFilter(DefaultLoginPageGeneratingFilter.java:206)
	org.springframework.security.web.FilterChainProxy$VirtualFilterChain.doFilter(FilterChainProxy.java:374)
	org.springframework.security.web.authentication.ui.DefaultResourcesFilter.doFilter(DefaultResourcesFilter.java:72)
	org.springframework.security.web.FilterChainProxy$VirtualFilterChain.doFilter(FilterChainProxy.java:374)
	org.springframework.security.web.authentication.AbstractAuthenticationProcessingFilter.doFilter(AbstractAuthenticationProcessingFilter.java:227)
	org.springframework.security.web.authentication.AbstractAuthenticationProcessingFilter.doFilter(AbstractAuthenticationProcessingFilter.java:221)
	org.springframework.security.web.FilterChainProxy$VirtualFilterChain.doFilter(FilterChainProxy.java:374)
	org.springframework.security.web.authentication.AbstractAuthenticationProcessingFilter.doFilter(AbstractAuthenticationProcessingFilter.java:227)
	org.springframework.security.web.authentication.AbstractAuthenticationProcessingFilter.doFilter(AbstractAuthenticationProcessingFilter.java:221)
	org.springframework.security.web.FilterChainProxy$VirtualFilterChain.doFilter(FilterChainProxy.java:374)
	org.springframework.security.web.authentication.logout.LogoutFilter.doFilter(LogoutFilter.java:107)
	org.springframework.security.web.authentication.logout.LogoutFilter.doFilter(LogoutFilter.java:93)
	org.springframework.security.web.FilterChainProxy$VirtualFilterChain.doFilter(FilterChainProxy.java:374)
	org.springframework.security.web.header.HeaderWriterFilter.doHeadersAfter(HeaderWriterFilter.java:90)
	org.springframework.security.web.header.HeaderWriterFilter.doFilterInternal(HeaderWriterFilter.java:75)
	org.springframework.web.filter.OncePerRequestFilter.doFilter(OncePerRequestFilter.java:116)
	org.springframework.security.web.FilterChainProxy$VirtualFilterChain.doFilter(FilterChainProxy.java:374)
	org.springframework.security.web.context.SecurityContextHolderFilter.doFilter(SecurityContextHolderFilter.java:82)
	org.springframework.security.web.context.SecurityContextHolderFilter.doFilter(SecurityContextHolderFilter.java:69)
	org.springframework.security.web.FilterChainProxy$VirtualFilterChain.doFilter(FilterChainProxy.java:374)
	org.springframework.security.web.context.request.async.WebAsyncManagerIntegrationFilter.doFilterInternal(WebAsyncManagerIntegrationFilter.java:62)
	org.springframework.web.filter.OncePerRequestFilter.doFilter(OncePerRequestFilter.java:116)
	org.springframework.security.web.FilterChainProxy$VirtualFilterChain.doFilter(FilterChainProxy.java:374)
	org.springframework.security.web.session.DisableEncodeUrlFilter.doFilterInternal(DisableEncodeUrlFilter.java:42)
	org.springframework.web.filter.OncePerRequestFilter.doFilter(OncePerRequestFilter.java:116)
	org.springframework.security.web.FilterChainProxy$VirtualFilterChain.doFilter(FilterChainProxy.java:374)
	org.springframework.security.web.FilterChainProxy.doFilterInternal(FilterChainProxy.java:233)
	org.springframework.security.web.FilterChainProxy.doFilter(FilterChainProxy.java:191)
	org.springframework.web.filter.CompositeFilter$VirtualFilterChain.doFilter(CompositeFilter.java:113)
	org.springframework.web.servlet.handler.HandlerMappingIntrospector.lambda$createCacheFilter$4(HandlerMappingIntrospector.java:267)
	org.springframework.web.filter.CompositeFilter$VirtualFilterChain.doFilter(CompositeFilter.java:113)
	org.springframework.web.filter.CompositeFilter.doFilter(CompositeFilter.java:74)
	org.springframework.security.config.annotation.web.configuration.WebMvcSecurityConfiguration$CompositeFilterChainProxy.doFilter(WebMvcSecurityConfiguration.java:238)
	org.springframework.web.filter.DelegatingFilterProxy.invokeDelegate(DelegatingFilterProxy.java:362)
	org.springframework.web.filter.DelegatingFilterProxy.doFilter(DelegatingFilterProxy.java:278)
</pre><p><b>Root Cause</b></p><pre>org.hibernate.exception.GenericJDBCException: Unable to acquire JDBC Connection [FATAL: the database system is resetting] [n&#47;a]
	org.hibernate.exception.internal.StandardSQLExceptionConverter.convert(StandardSQLExceptionConverter.java:63)
	org.hibernate.engine.jdbc.spi.SqlExceptionHelper.convert(SqlExceptionHelper.java:108)
	org.hibernate.engine.jdbc.spi.SqlExceptionHelper.convert(SqlExceptionHelper.java:94)
	org.hibernate.resource.jdbc.internal.LogicalConnectionManagedImpl.acquireConnectionIfNeeded(LogicalConnectionManagedImpl.java:129)
	org.hibernate.resource.jdbc.internal.LogicalConnectionManagedImpl.getPhysicalConnection(LogicalConnectionManagedImpl.java:156)
	org.hibernate.resource.jdbc.internal.LogicalConnectionManagedImpl.getConnectionForTransactionManagement(LogicalConnectionManagedImpl.java:286)
	org.hibernate.resource.jdbc.internal.LogicalConnectionManagedImpl.begin(LogicalConnectionManagedImpl.java:294)
	org.hibernate.resource.transaction.backend.jdbc.internal.JdbcResourceLocalTransactionCoordinatorImpl$TransactionDriverControlImpl.begin(JdbcResourceLocalTransactionCoordinatorImpl.java:232)
	org.hibernate.engine.transaction.internal.TransactionImpl.begin(TransactionImpl.java:83)
	org.springframework.orm.jpa.vendor.HibernateJpaDialect.beginTransaction(HibernateJpaDialect.java:176)
	org.springframework.orm.jpa.JpaTransactionManager.doBegin(JpaTransactionManager.java:421)
	org.springframework.transaction.support.AbstractPlatformTransactionManager.startTransaction(AbstractPlatformTransactionManager.java:532)
	org.springframework.transaction.support.AbstractPlatformTransactionManager.getTransaction(AbstractPlatformTransactionManager.java:405)
	org.springframework.transaction.interceptor.TransactionAspectSupport.createTransactionIfNecessary(TransactionAspectSupport.java:639)
	org.springframework.transaction.interceptor.TransactionAspectSupport.invokeWithinTransaction(TransactionAspectSupport.java:374)
	org.springframework.transaction.interceptor.TransactionInterceptor.invoke(TransactionInterceptor.java:119)
	org.springframework.aop.framework.ReflectiveMethodInvocation.proceed(ReflectiveMethodInvocation.java:184)
	org.springframework.aop.framework.CglibAopProxy$DynamicAdvisedInterceptor.intercept(CglibAopProxy.java:728)
	esavo.uws.service.UwsJobOwnerService$$SpringCGLIB$$0.findByJobOwnerId(&lt;generated&gt;)
	esavo.uws.owner.UwsJobOwnerStatelessManager.loadOrCreateOwner(UwsJobOwnerStatelessManager.java:47)
	esavo.sl.security.EsacSecurityManager.getUser(EsacSecurityManager.java:62)
	esavo.tap.resource.TAP.executeRequest(TAP.java:307)
	esavo.sl.controller.TapController.processTapRequest(TapController.java:116)
	esavo.sl.controller.TapController.getRequest(TapController.java:55)
	jdk.internal.reflect.GeneratedMethodAccessor81.invoke(Unknown Source)
	java.base&#47;jdk.internal.reflect.DelegatingMethodAccessorImpl.invoke(DelegatingMethodAccessorImpl.java:43)
	java.base&#47;java.lang.reflect.Method.invoke(Method.java:569)
	org.springframework.web.method.support.InvocableHandlerMethod.doInvoke(InvocableHandlerMethod.java:258)
	org.springframework.web.method.support.InvocableHandlerMethod.invokeForRequest(InvocableHandlerMethod.java:191)
	org.springframework.web.servlet.mvc.method.annotation.ServletInvocableHandlerMethod.invokeAndHandle(ServletInvocableHandlerMethod.java:118)
	org.springframework.web.servlet.mvc.method.annotation.RequestMappingHandlerAdapter.invokeHandlerMethod(RequestMappingHandlerAdapter.java:991)
	org.springframework.web.servlet.mvc.method.annotation.RequestMappingHandlerAdapter.handleInternal(RequestMappingHandlerAdapter.java:896)
	org.springframework.web.servlet.mvc.method.AbstractHandlerMethodAdapter.handle(AbstractHandlerMethodAdapter.java:87)
	org.springframework.web.servlet.DispatcherServlet.doDispatch(DispatcherServlet.java:1089)
	org.springframework.web.servlet.DispatcherServlet.doService(DispatcherServlet.java:979)
	org.springframework.web.servlet.FrameworkServlet.processRequest(FrameworkServlet.java:1014)
	org.springframework.web.servlet.FrameworkServlet.doGet(FrameworkServlet.java:903)
	jakarta.servlet.http.HttpServlet.service(HttpServlet.java:564)
	org.springframework.web.servlet.FrameworkServlet.service(FrameworkServlet.java:885)
	jakarta.servlet.http.HttpServlet.service(HttpServlet.java:658)
	org.apache.tomcat.websocket.server.WsFilter.doFilter(WsFilter.java:51)
	esavo.sl.security.CorsFilterDefaultImpl.doFilter(CorsFilterDefaultImpl.java:81)
	org.springframework.web.filter.CompositeFilter$VirtualFilterChain.doFilter(CompositeFilter.java:108)
	org.springframework.security.web.FilterChainProxy.lambda$doFilterInternal$3(FilterChainProxy.java:231)
	org.springframework.security.web.FilterChainProxy$VirtualFilterChain.doFilter(FilterChainProxy.java:365)
	org.springframework.security.web.access.intercept.AuthorizationFilter.doFilter(AuthorizationFilter.java:101)
	org.springframework.security.web.FilterChainProxy$VirtualFilterChain.doFilter(FilterChainProxy.java:374)
	org.springframework.security.web.access.ExceptionTranslationFilter.doFilter(ExceptionTranslationFilter.java:126)
	org.springframework.security.web.access.ExceptionTranslationFilter.doFilter(ExceptionTranslationFilter.java:120)
	org.springframework.security.web.FilterChainProxy$VirtualFilterChain.doFilter(FilterChainProxy.java:374)
	org.springframework.security.web.authentication.AnonymousAuthenticationFilter.doFilter(AnonymousAuthenticationFilter.java:100)
	org.springframework.security.web.FilterChainProxy$VirtualFilterChain.doFilter(FilterChainProxy.java:374)
	org.springframework.security.web.servletapi.SecurityContextHolderAwareRequestFilter.doFilter(SecurityContextHolderAwareRequestFilter.java:179)
	org.springframework.security.web.FilterChainProxy$VirtualFilterChain.doFilter(FilterChainProxy.java:374)
	org.springframework.security.web.savedrequest.RequestCacheAwareFilter.doFilter(RequestCacheAwareFilter.java:63)
	org.springframework.security.web.FilterChainProxy$VirtualFilterChain.doFilter(FilterChainProxy.java:374)
	org.springframework.security.web.authentication.www.BasicAuthenticationFilter.doFilterInternal(BasicAuthenticationFilter.java:181)
	org.springframework.web.filter.OncePerRequestFilter.doFilter(OncePerRequestFilter.java:116)
	org.springframework.security.web.FilterChainProxy$VirtualFilterChain.doFilter(FilterChainProxy.java:374)
	org.springframework.security.web.authentication.ui.DefaultLogoutPageGeneratingFilter.doFilterInternal(DefaultLogoutPageGeneratingFilter.java:58)
	org.springframework.web.filter.OncePerRequestFilter.doFilter(OncePerRequestFilter.java:116)
	org.springframework.security.web.FilterChainProxy$VirtualFilterChain.doFilter(FilterChainProxy.java:374)
	org.springframework.security.web.authentication.ui.DefaultLoginPageGeneratingFilter.doFilter(DefaultLoginPageGeneratingFilter.java:220)
	org.springframework.security.web.authentication.ui.DefaultLoginPageGeneratingFilter.doFilter(DefaultLoginPageGeneratingFilter.java:206)
	org.springframework.security.web.FilterChainProxy$VirtualFilterChain.doFilter(FilterChainProxy.java:374)
	org.springframework.security.web.authentication.ui.DefaultResourcesFilter.doFilter(DefaultResourcesFilter.java:72)
	org.springframework.security.web.FilterChainProxy$VirtualFilterChain.doFilter(FilterChainProxy.java:374)
	org.springframework.security.web.authentication.AbstractAuthenticationProcessingFilter.doFilter(AbstractAuthenticationProcessingFilter.java:227)
	org.springframework.security.web.authentication.AbstractAuthenticationProcessingFilter.doFilter(AbstractAuthenticationProcessingFilter.java:221)
	org.springframework.security.web.FilterChainProxy$VirtualFilterChain.doFilter(FilterChainProxy.java:374)
	org.springframework.security.web.authentication.AbstractAuthenticationProcessingFilter.doFilter(AbstractAuthenticationProcessingFilter.java:227)
	org.springframework.security.web.authentication.AbstractAuthenticationProcessingFilter.doFilter(AbstractAuthenticationProcessingFilter.java:221)
	org.springframework.security.web.FilterChainProxy$VirtualFilterChain.doFilter(FilterChainProxy.java:374)
	org.springframework.security.web.authentication.logout.LogoutFilter.doFilter(LogoutFilter.java:107)
	org.springframework.security.web.authentication.logout.LogoutFilter.doFilter(LogoutFilter.java:93)
	org.springframework.security.web.FilterChainProxy$VirtualFilterChain.doFilter(FilterChainProxy.java:374)
	org.springframework.security.web.header.HeaderWriterFilter.doHeadersAfter(HeaderWriterFilter.java:90)
	org.springframework.security.web.header.HeaderWriterFilter.doFilterInternal(HeaderWriterFilter.java:75)
	org.springframework.web.filter.OncePerRequestFilter.doFilter(OncePerRequestFilter.java:116)
	org.springframework.security.web.FilterChainProxy$VirtualFilterChain.doFilter(FilterChainProxy.java:374)
	org.springframework.security.web.context.SecurityContextHolderFilter.doFilter(SecurityContextHolderFilter.java:82)
	org.springframework.security.web.context.SecurityContextHolderFilter.doFilter(SecurityContextHolderFilter.java:69)
	org.springframework.security.web.FilterChainProxy$VirtualFilterChain.doFilter(FilterChainProxy.java:374)
	org.springframework.security.web.context.request.async.WebAsyncManagerIntegrationFilter.doFilterInternal(WebAsyncManagerIntegrationFilter.java:62)
	org.springframework.web.filter.OncePerRequestFilter.doFilter(OncePerRequestFilter.java:116)
	org.springframework.security.web.FilterChainProxy$VirtualFilterChain.doFilter(FilterChainProxy.java:374)
	org.springframework.security.web.session.DisableEncodeUrlFilter.doFilterInternal(DisableEncodeUrlFilter.java:42)
	org.springframework.web.filter.OncePerRequestFilter.doFilter(OncePerRequestFilter.java:116)
	org.springframework.security.web.FilterChainProxy$VirtualFilterChain.doFilter(FilterChainProxy.java:374)
	org.springframework.security.web.FilterChainProxy.doFilterInternal(FilterChainProxy.java:233)
	org.springframework.security.web.FilterChainProxy.doFilter(FilterChainProxy.java:191)
	org.springframework.web.filter.CompositeFilter$VirtualFilterChain.doFilter(CompositeFilter.java:113)
	org.springframework.web.servlet.handler.HandlerMappingIntrospector.lambda$createCacheFilter$4(HandlerMappingIntrospector.java:267)
	org.springframework.web.filter.CompositeFilter$VirtualFilterChain.doFilter(CompositeFilter.java:113)
	org.springframework.web.filter.CompositeFilter.doFilter(CompositeFilter.java:74)
	org.springframework.security.config.annotation.web.configuration.WebMvcSecurityConfiguration$CompositeFilterChainProxy.doFilter(WebMvcSecurityConfiguration.java:238)
	org.springframework.web.filter.DelegatingFilterProxy.invokeDelegate(DelegatingFilterProxy.java:362)
	org.springframework.web.filter.DelegatingFilterProxy.doFilter(DelegatingFilterProxy.java:278)
</pre><p><b>Root Cause</b></p><pre>org.postgresql.util.PSQLException: FATAL: the database system is resetting
	org.postgresql.core.v3.ConnectionFactoryImpl.doAuthentication(ConnectionFactoryImpl.java:711)
	org.postgresql.core.v3.ConnectionFactoryImpl.tryConnect(ConnectionFactoryImpl.java:213)
	org.postgresql.core.v3.ConnectionFactoryImpl.openConnectionImpl(ConnectionFactoryImpl.java:268)
	org.postgresql.core.ConnectionFactory.openConnection(ConnectionFactory.java:54)
	org.postgresql.jdbc.PgConnection.&lt;init&gt;(PgConnection.java:273)
	org.postgresql.Driver.makeConnection(Driver.java:446)
	org.postgresql.Driver.connect(Driver.java:298)
	org.apache.commons.dbcp2.DriverConnectionFactory.createConnection(DriverConnectionFactory.java:52)
	org.apache.commons.dbcp2.PoolableConnectionFactory.makeObject(PoolableConnectionFactory.java:414)
	org.apache.commons.pool2.impl.GenericObjectPool.create(GenericObjectPool.java:566)
	org.apache.commons.pool2.impl.GenericObjectPool.borrowObject(GenericObjectPool.java:306)
	org.apache.commons.pool2.impl.GenericObjectPool.borrowObject(GenericObjectPool.java:233)
	org.apache.commons.dbcp2.PoolingDataSource.getConnection(PoolingDataSource.java:139)
	org.apache.commons.dbcp2.BasicDataSource.getConnection(BasicDataSource.java:711)
	org.hibernate.engine.jdbc.connections.internal.DatasourceConnectionProviderImpl.getConnection(DatasourceConnectionProviderImpl.java:126)
	org.hibernate.internal.NonContextualJdbcConnectionAccess.obtainConnection(NonContextualJdbcConnectionAccess.java:46)
	org.hibernate.resource.jdbc.internal.LogicalConnectionManagedImpl.acquireConnectionIfNeeded(LogicalConnectionManagedImpl.java:126)
	org.hibernate.resource.jdbc.internal.LogicalConnectionManagedImpl.getPhysicalConnection(LogicalConnectionManagedImpl.java:156)
	org.hibernate.resource.jdbc.internal.LogicalConnectionManagedImpl.getConnectionForTransactionManagement(LogicalConnectionManagedImpl.java:286)
	org.hibernate.resource.jdbc.internal.LogicalConnectionManagedImpl.begin(LogicalConnectionManagedImpl.java:294)
	org.hibernate.resource.transaction.backend.jdbc.internal.JdbcResourceLocalTransactionCoordinatorImpl$TransactionDriverControlImpl.begin(JdbcResourceLocalTransactionCoordinatorImpl.java:232)
	org.hibernate.engine.transaction.internal.TransactionImpl.begin(TransactionImpl.java:83)
	org.springframework.orm.jpa.vendor.HibernateJpaDialect.beginTransaction(HibernateJpaDialect.java:176)
	org.springframework.orm.jpa.JpaTransactionManager.doBegin(JpaTransactionManager.java:421)
	org.springframework.transaction.support.AbstractPlatformTransactionManager.startTransaction(AbstractPlatformTransactionManager.java:532)
	org.springframework.transaction.support.AbstractPlatformTransactionManager.getTransaction(AbstractPlatformTransactionManager.java:405)
	org.springframework.transaction.interceptor.TransactionAspectSupport.createTransactionIfNecessary(TransactionAspectSupport.java:639)
	org.springframework.transaction.interceptor.TransactionAspectSupport.invokeWithinTransaction(TransactionAspectSupport.java:374)
	org.springframework.transaction.interceptor.TransactionInterceptor.invoke(TransactionInterceptor.java:119)
	org.springframework.aop.framework.ReflectiveMethodInvocation.proceed(ReflectiveMethodInvocation.java:184)
	org.springframework.aop.framework.CglibAopProxy$DynamicAdvisedInterceptor.intercept(CglibAopProxy.java:728)
	esavo.uws.service.UwsJobOwnerService$$SpringCGLIB$$0.findByJobOwnerId(&lt;generated&gt;)
	esavo.uws.owner.UwsJobOwnerStatelessManager.loadOrCreateOwner(UwsJobOwnerStatelessManager.java:47)
	esavo.sl.security.EsacSecurityManager.getUser(EsacSecurityManager.java:62)
	esavo.tap.resource.TAP.executeRequest(TAP.java:307)
	esavo.sl.controller.TapController.processTapRequest(TapController.java:116)
	esavo.sl.controller.TapController.getRequest(TapController.java:55)
	jdk.internal.reflect.GeneratedMethodAccessor81.invoke(Unknown Source)
	java.base&#47;jdk.internal.reflect.DelegatingMethodAccessorImpl.invoke(DelegatingMethodAccessorImpl.java:43)
	java.base&#47;java.lang.reflect.Method.invoke(Method.java:569)
	org.springframework.web.method.support.InvocableHandlerMethod.doInvoke(InvocableHandlerMethod.java:258)
	org.springframework.web.method.support.InvocableHandlerMethod.invokeForRequest(InvocableHandlerMethod.java:191)
	org.springframework.web.servlet.mvc.method.annotation.ServletInvocableHandlerMethod.invokeAndHandle(ServletInvocableHandlerMethod.java:118)
	org.springframework.web.servlet.mvc.method.annotation.RequestMappingHandlerAdapter.invokeHandlerMethod(RequestMappingHandlerAdapter.java:991)
	org.springframework.web.servlet.mvc.method.annotation.RequestMappingHandlerAdapter.handleInternal(RequestMappingHandlerAdapter.java:896)
	org.springframework.web.servlet.mvc.method.AbstractHandlerMethodAdapter.handle(AbstractHandlerMethodAdapter.java:87)
	org.springframework.web.servlet.DispatcherServlet.doDispatch(DispatcherServlet.java:1089)
	org.springframework.web.servlet.DispatcherServlet.doService(DispatcherServlet.java:979)
	org.springframework.web.servlet.FrameworkServlet.processRequest(FrameworkServlet.java:1014)
	org.springframework.web.servlet.FrameworkServlet.doGet(FrameworkServlet.java:903)
	jakarta.servlet.http.HttpServlet.service(HttpServlet.java:564)
	org.springframework.web.servlet.FrameworkServlet.service(FrameworkServlet.java:885)
	jakarta.servlet.http.HttpServlet.service(HttpServlet.java:658)
	org.apache.tomcat.websocket.server.WsFilter.doFilter(WsFilter.java:51)
	esavo.sl.security.CorsFilterDefaultImpl.doFilter(CorsFilterDefaultImpl.java:81)
	org.springframework.web.filter.CompositeFilter$VirtualFilterChain.doFilter(CompositeFilter.java:108)
	org.springframework.security.web.FilterChainProxy.lambda$doFilterInternal$3(FilterChainProxy.java:231)
	org.springframework.security.web.FilterChainProxy$VirtualFilterChain.doFilter(FilterChainProxy.java:365)
	org.springframework.security.web.access.intercept.AuthorizationFilter.doFilter(AuthorizationFilter.java:101)
	org.springframework.security.web.FilterChainProxy$VirtualFilterChain.doFilter(FilterChainProxy.java:374)
	org.springframework.security.web.access.ExceptionTranslationFilter.doFilter(ExceptionTranslationFilter.java:126)
	org.springframework.security.web.access.ExceptionTranslationFilter.doFilter(ExceptionTranslationFilter.java:120)
	org.springframework.security.web.FilterChainProxy$VirtualFilterChain.doFilter(FilterChainProxy.java:374)
	org.springframework.security.web.authentication.AnonymousAuthenticationFilter.doFilter(AnonymousAuthenticationFilter.java:100)
	org.springframework.security.web.FilterChainProxy$VirtualFilterChain.doFilter(FilterChainProxy.java:374)
	org.springframework.security.web.servletapi.SecurityContextHolderAwareRequestFilter.doFilter(SecurityContextHolderAwareRequestFilter.java:179)
	org.springframework.security.web.FilterChainProxy$VirtualFilterChain.doFilter(FilterChainProxy.java:374)
	org.springframework.security.web.savedrequest.RequestCacheAwareFilter.doFilter(RequestCacheAwareFilter.java:63)
	org.springframework.security.web.FilterChainProxy$VirtualFilterChain.doFilter(FilterChainProxy.java:374)
	org.springframework.security.web.authentication.www.BasicAuthenticationFilter.doFilterInternal(BasicAuthenticationFilter.java:181)
	org.springframework.web.filter.OncePerRequestFilter.doFilter(OncePerRequestFilter.java:116)
	org.springframework.security.web.FilterChainProxy$VirtualFilterChain.doFilter(FilterChainProxy.java:374)
	org.springframework.security.web.authentication.ui.DefaultLogoutPageGeneratingFilter.doFilterInternal(DefaultLogoutPageGeneratingFilter.java:58)
	org.springframework.web.filter.OncePerRequestFilter.doFilter(OncePerRequestFilter.java:116)
	org.springframework.security.web.FilterChainProxy$VirtualFilterChain.doFilter(FilterChainProxy.java:374)
	org.springframework.security.web.authentication.ui.DefaultLoginPageGeneratingFilter.doFilter(DefaultLoginPageGeneratingFilter.java:220)
	org.springframework.security.web.authentication.ui.DefaultLoginPageGeneratingFilter.doFilter(DefaultLoginPageGeneratingFilter.java:206)
	org.springframework.security.web.FilterChainProxy$VirtualFilterChain.doFilter(FilterChainProxy.java:374)
	org.springframework.security.web.authentication.ui.DefaultResourcesFilter.doFilter(DefaultResourcesFilter.java:72)
	org.springframework.security.web.FilterChainProxy$VirtualFilterChain.doFilter(FilterChainProxy.java:374)
	org.springframework.security.web.authentication.AbstractAuthenticationProcessingFilter.doFilter(AbstractAuthenticationProcessingFilter.java:227)
	org.springframework.security.web.authentication.AbstractAuthenticationProcessingFilter.doFilter(AbstractAuthenticationProcessingFilter.java:221)
	org.springframework.security.web.FilterChainProxy$VirtualFilterChain.doFilter(FilterChainProxy.java:374)
	org.springframework.security.web.authentication.AbstractAuthenticationProcessingFilter.doFilter(AbstractAuthenticationProcessingFilter.java:227)
	org.springframework.security.web.authentication.AbstractAuthenticationProcessingFilter.doFilter(AbstractAuthenticationProcessingFilter.java:221)
	org.springframework.security.web.FilterChainProxy$VirtualFilterChain.doFilter(FilterChainProxy.java:374)
	org.springframework.security.web.authentication.logout.LogoutFilter.doFilter(LogoutFilter.java:107)
	org.springframework.security.web.authentication.logout.LogoutFilter.doFilter(LogoutFilter.java:93)
	org.springframework.security.web.FilterChainProxy$VirtualFilterChain.doFilter(FilterChainProxy.java:374)
	org.springframework.security.web.header.HeaderWriterFilter.doHeadersAfter(HeaderWriterFilter.java:90)
	org.springframework.security.web.header.HeaderWriterFilter.doFilterInternal(HeaderWriterFilter.java:75)
	org.springframework.web.filter.OncePerRequestFilter.doFilter(OncePerRequestFilter.java:116)
	org.springframework.security.web.FilterChainProxy$VirtualFilterChain.doFilter(FilterChainProxy.java:374)
	org.springframework.security.web.context.SecurityContextHolderFilter.doFilter(SecurityContextHolderFilter.java:82)
	org.springframework.security.web.context.SecurityContextHolderFilter.doFilter(SecurityContextHolderFilter.java:69)
	org.springframework.security.web.FilterChainProxy$VirtualFilterChain.doFilter(FilterChainProxy.java:374)
	org.springframework.security.web.context.request.async.WebAsyncManagerIntegrationFilter.doFilterInternal(WebAsyncManagerIntegrationFilter.java:62)
	org.springframework.web.filter.OncePerRequestFilter.doFilter(OncePerRequestFilter.java:116)
	org.springframework.security.web.FilterChainProxy$VirtualFilterChain.doFilter(FilterChainProxy.java:374)
	org.springframework.security.web.session.DisableEncodeUrlFilter.doFilterInternal(DisableEncodeUrlFilter.java:42)
	org.springframework.web.filter.OncePerRequestFilter.doFilter(OncePerRequestFilter.java:116)
	org.springframework.security.web.FilterChainProxy$VirtualFilterChain.doFilter(FilterChainProxy.java:374)
	org.springframework.security.web.FilterChainProxy.doFilterInternal(FilterChainProxy.java:233)
	org.springframework.security.web.FilterChainProxy.doFilter(FilterChainProxy.java:191)
	org.springframework.web.filter.CompositeFilter$VirtualFilterChain.doFilter(CompositeFilter.java:113)
	org.springframework.web.servlet.handler.HandlerMappingIntrospector.lambda$createCacheFilter$4(HandlerMappingIntrospector.java:267)
	org.springframework.web.filter.CompositeFilter$VirtualFilterChain.doFilter(CompositeFilter.java:113)
	org.springframework.web.filter.CompositeFilter.doFilter(CompositeFilter.java:74)
	org.springframework.security.config.annotation.web.configuration.WebMvcSecurityConfiguration$CompositeFilterChainProxy.doFilter(WebMvcSecurityConfiguration.java:238)
	org.springframework.web.filter.DelegatingFilterProxy.invokeDelegate(DelegatingFilterProxy.java:362)
	org.springframework.web.filter.DelegatingFilterProxy.doFilter(DelegatingFilterProxy.java:278)
</pre><p><b>Note</b> The full stack trace of the root cause is available in the server logs.</p><hr class="line" /><h3>Apache Tomcat/10.1.52</h3></body></html>). Retrying 1/3...
WARNING: Gaia query failed with server error (500). Retrying 2/3...
WARNING: Gaia query failed: 500
[LEGACY] N(joined)=171 cols=['ls_id', 'ra', 'dec', 'type', 'release', 'brickid', 'objid', 'shape_r', 'shape_e1', 'shape_e2', 'z_phot_l95', 'z_phot_u95', 'z_phot_mean']
[STAR] SDSS (SDSS J122652.12+150316.0) ra=186.717146 dec=15.054453 RA=12:26:52.12 DEC=+15:03:16.03 r_arcsec=2.50
[STAR] SDSS (SDSS J122652.11+150316.2) ra=186.717144 dec=15.054490 RA=12:26:52.11 DEC=+15:03:16.16 r_arcsec=2.50
[STAR] SDSS (SDSS J122657.59+150307.4) ra=186.739965 dec=15.052059 RA=12:26:57.59 DEC=+15:03:07.41 r_arcsec=2.50
[STAR] SDSS (SDSS J122655.77+150350.3) ra=186.732374 dec=15.063963 RA=12:26:55.77 DEC=+15:03:50.27 r_arcsec=2.50
[STAR] SDSS (SDSS J122655.73+150350.0) ra=186.732191 dec=15.063879 RA=12:26:55.73 DEC=+15:03:49.96 r_arcsec=2.50
[STAR] SDSS (SDSS J122655.09+150303.4) ra=186.729562 dec=15.050949 RA=12:26:55.09 DEC=+15:03:03.42 r_arcsec=2.50
[STAR] SDSS (SDSS J122655.06+150303.4) ra=186.729425 dec=15.050948 RA=12:26:55.06 DEC=+15:03:03.41 r_arcsec=2.50
[STAR] SDSS (SDSS J122656.74+150259.4) ra=186.736411 dec=15.049841 RA=12:26:56.74 DEC=+15:02:59.43 r_arcsec=2.50
[STAR] SDSS (SDSS J122656.40+150302.9) ra=186.734979 dec=15.050797 RA=12:26:56.40 DEC=+15:03:02.87 r_arcsec=2.50
[STAR] SDSS (SDSS J122656.66+150300.4) ra=186.736086 dec=15.050124 RA=12:26:56.66 DEC=+15:03:00.45 r_arcsec=2.50
[STAR] SDSS (SDSS J122654.94+150313.3) ra=186.728907 dec=15.053696 RA=12:26:54.94 DEC=+15:03:13.31 r_arcsec=2.50
[STAR] SDSS (SDSS J122655.50+150309.3) ra=186.731249 dec=15.052594 RA=12:26:55.50 DEC=+15:03:09.34 r_arcsec=2.50
[STAR] SDSS (SDSS J122655.16+150311.6) ra=186.729828 dec=15.053221 RA=12:26:55.16 DEC=+15:03:11.60 r_arcsec=2.50
[STAR] SDSS (SDSS J122657.04+150300.2) ra=186.737666 dec=15.050051 RA=12:26:57.04 DEC=+15:03:00.19 r_arcsec=2.50
[STAR] SDSS (SDSS J122656.99+150300.0) ra=186.737451 dec=15.050004 RA=12:26:56.99 DEC=+15:03:00.01 r_arcsec=2.50
[STAR] SDSS (SDSS J122656.71+150307.6) ra=186.736281 dec=15.052098 RA=12:26:56.71 DEC=+15:03:07.55 r_arcsec=2.50
[STAR] SDSS (SDSS J122656.48+150309.2) ra=186.735332 dec=15.052545 RA=12:26:56.48 DEC=+15:03:09.16 r_arcsec=2.50
[STAR] SDSS (SDSS J122656.91+150325.3) ra=186.737133 dec=15.057041 RA=12:26:56.91 DEC=+15:03:25.35 r_arcsec=2.50
[STAR] SDSS (SDSS J122656.69+150328.3) ra=186.736212 dec=15.057853 RA=12:26:56.69 DEC=+15:03:28.27 r_arcsec=2.50
[STAR] SDSS (SDSS J122656.69+150328.5) ra=186.736215 dec=15.057904 RA=12:26:56.69 DEC=+15:03:28.45 r_arcsec=2.50
[STAR] SDSS (SDSS J122654.27+150343.1) ra=186.726126 dec=15.061959 RA=12:26:54.27 DEC=+15:03:43.05 r_arcsec=2.50
[STAR] SDSS (SDSS J122653.83+150314.9) ra=186.724299 dec=15.054138 RA=12:26:53.83 DEC=+15:03:14.90 r_arcsec=2.50
[STAR] SDSS (SDSS J122653.50+150247.4) ra=186.722925 dec=15.046505 RA=12:26:53.50 DEC=+15:02:47.42 r_arcsec=2.50
[STAR] SDSS (SDSS J122659.56+150242.8) ra=186.748179 dec=15.045221 RA=12:26:59.56 DEC=+15:02:42.80 r_arcsec=2.50
[STAR] SDSS (SDSS J122659.53+150244.6) ra=186.748031 dec=15.045736 RA=12:26:59.53 DEC=+15:02:44.65 r_arcsec=2.50
[STAR] SDSS (SDSS J122659.35+150251.7) ra=186.747292 dec=15.047700 RA=12:26:59.35 DEC=+15:02:51.72 r_arcsec=2.50
[STAR] SDSS (SDSS J122658.16+150257.5) ra=186.742339 dec=15.049296 RA=12:26:58.16 DEC=+15:02:57.46 r_arcsec=2.50
[STAR] SDSS (SDSS J122659.38+150229.3) ra=186.747436 dec=15.041463 RA=12:26:59.38 DEC=+15:02:29.27 r_arcsec=2.50
[STAR] SDSS (SDSS J122658.45+150238.6) ra=186.743540 dec=15.044068 RA=12:26:58.45 DEC=+15:02:38.64 r_arcsec=2.50
[STAR] SDSS (SDSS J122656.85+150237.5) ra=186.736887 dec=15.043755 RA=12:26:56.85 DEC=+15:02:37.52 r_arcsec=2.50
[STAR] SDSS (SDSS J122656.84+150233.5) ra=186.736832 dec=15.042641 RA=12:26:56.84 DEC=+15:02:33.51 r_arcsec=2.50
[STAR] SDSS (SDSS J122656.78+150234.3) ra=186.736577 dec=15.042862 RA=12:26:56.78 DEC=+15:02:34.30 r_arcsec=2.50
[STAR] SDSS (SDSS J122656.81+150253.5) ra=186.736717 dec=15.048196 RA=12:26:56.81 DEC=+15:02:53.51 r_arcsec=2.50
[STAR] SDSS (SDSS J122656.79+150253.5) ra=186.736634 dec=15.048197 RA=12:26:56.79 DEC=+15:02:53.51 r_arcsec=2.50
[STAR] SDSS (SDSS J122656.50+150246.2) ra=186.735407 dec=15.046158 RA=12:26:56.50 DEC=+15:02:46.17 r_arcsec=2.50
[STAR] SDSS (SDSS J122658.43+150210.5) ra=186.743477 dec=15.036259 RA=12:26:58.43 DEC=+15:02:10.53 r_arcsec=2.50
[STAR] SDSS (SDSS J122658.44+150210.4) ra=186.743495 dec=15.036212 RA=12:26:58.44 DEC=+15:02:10.36 r_arcsec=2.50
[STAR] SDSS (SDSS J122657.59+150249.2) ra=186.739960 dec=15.047007 RA=12:26:57.59 DEC=+15:02:49.22 r_arcsec=2.50
[STAR] SDSS (SDSS J122657.43+150239.8) ra=186.739306 dec=15.044381 RA=12:26:57.43 DEC=+15:02:39.77 r_arcsec=2.50
[STAR] SDSS (SDSS J122658.20+150228.6) ra=186.742504 dec=15.041273 RA=12:26:58.20 DEC=+15:02:28.58 r_arcsec=2.50
[STAR] SDSS (SDSS J122658.18+150230.0) ra=186.742405 dec=15.041662 RA=12:26:58.18 DEC=+15:02:29.98 r_arcsec=2.50
[STAR] SDSS (SDSS J122656.35+150218.3) ra=186.734795 dec=15.038420 RA=12:26:56.35 DEC=+15:02:18.31 r_arcsec=2.50
[STAR] SDSS (SDSS J122655.92+150223.4) ra=186.733012 dec=15.039820 RA=12:26:55.92 DEC=+15:02:23.35 r_arcsec=2.50
[STAR] SDSS (SDSS J122655.94+150223.3) ra=186.733088 dec=15.039807 RA=12:26:55.94 DEC=+15:02:23.31 r_arcsec=2.50
[STAR] SDSS (SDSS J122656.88+150215.7) ra=186.736984 dec=15.037695 RA=12:26:56.88 DEC=+15:02:15.70 r_arcsec=2.50
[STAR] SDSS (SDSS J122656.88+150215.4) ra=186.736997 dec=15.037597 RA=12:26:56.88 DEC=+15:02:15.35 r_arcsec=2.50
[STAR] SDSS (SDSS J122656.33+150218.1) ra=186.734716 dec=15.038365 RA=12:26:56.33 DEC=+15:02:18.11 r_arcsec=2.50
[STAR] SDSS (SDSS J122656.54+150213.5) ra=186.735569 dec=15.037071 RA=12:26:56.54 DEC=+15:02:13.46 r_arcsec=2.50
[STAR] SDSS (SDSS J122656.54+150213.7) ra=186.735598 dec=15.037145 RA=12:26:56.54 DEC=+15:02:13.72 r_arcsec=2.50
[OK] Wrote NGC4419_mask.fits (shape=(643, 629), masked=15826 px; stars=49, galaxies=0)
[OK] Wrote NGC4419_combined_VRI_mask.png
[TIME] NGC4419_DATACUBE_FINAL_WCS_Pall_mad_red_v3tk_VRI.fits runtime_s=75.67
[FOV] NGC4457: nx=725 ny=725 pixscale=0.2000"/pix rad=1.873 arcmin
[FOV] FoV mask coverage: 65.43%
500 Error 500:
Cannot invoke "java.util.List.iterator()" because "results" is null
WARNING: Gaia query failed with server error (Error 500:
Cannot invoke "java.util.List.iterator()" because "results" is null). Retrying 1/3...
[0;32mINFO[0m: Query finished. [astroquery.utils.tap.core]
[Gaia] mode=foreground (foreground thresholds: plx≥0.002 mas & SNR≥5.0 OR pm≥0.02 mas/yr & SNR≥5.0)
[STAR] Gaia DR3 3706835506942505600 (GAIA J122856.84+033417.9) ra=187.236825 dec=3.571632 RA=12:28:56.84 DEC=+03:34:17.87 GaiaG=17.06 r_arcsec=2.94 | plx=2.071±0.099 mas (SNR=20.8) | pm=23.18±0.18 mas/yr (SNR=131.7) | foreground because PARALLAX: plx≥0.002 mas and SNR≥5.0 OR PM: pm≥0.02 mas/yr and SNR≥5.0
[STAR] Gaia DR3 3706835541302245248 (GAIA J122856.91+033512.7) ra=187.237119 dec=3.586863 RA=12:28:56.91 DEC=+03:35:12.71 GaiaG=18.57 r_arcsec=2.50 | plx=-0.035±0.233 mas (SNR=-0.1) | pm=6.46±0.33 mas/yr (SNR=19.3) | foreground because PM: pm≥0.02 mas/yr and SNR≥5.0
[STAR] Gaia DR3 3706835330847890816 (GAIA J122901.20+033424.8) ra=187.255008 dec=3.573564 RA=12:29:01.20 DEC=+03:34:24.83 GaiaG=19.41 r_arcsec=2.50 | plx=0.323±0.405 mas (SNR=0.8) | pm=5.19±0.60 mas/yr (SNR=8.7) | foreground because PM: pm≥0.02 mas/yr and SNR≥5.0
[LEGACY] N(joined)=332 cols=['ls_id', 'ra', 'dec', 'type', 'release', 'brickid', 'objid', 'shape_r', 'shape_e1', 'shape_e2', 'z_phot_l95', 'z_phot_u95', 'z_phot_mean']
[GAL][LEGACY] (LS J122902.04+033315.1) ra=187.258482 dec=3.554184 RA=12:29:02.04 DEC=+03:33:15.06 type=REX z_l95=0.593 a=3.31" b=3.31" pa=0.0 z_mean=0.810 z_u95=1.079 sigma_z~0.124 SNR=6.4
[LEGACY] Legacy masking succeeded; skipping PS1/SDSS/NED fallback catalogs.
[OK] Wrote NGC4457_mask.fits (shape=(725, 725), masked=2072 px; stars=3, galaxies=1)
[OK] Wrote NGC4457_combined_VRI_mask.png
[TIME] NGC4457_DATACUBE_FINAL_WCS_Pall_mad_red_v3tk_VRI.fits runtime_s=11.85
[FOV] NGC4501: nx=1205 ny=1236 pixscale=0.2000"/pix rad=3.041 arcmin
[FOV] FoV mask coverage: 45.15%
500 Error 500:
Cannot invoke "java.util.List.iterator()" because "results" is null
WARNING: Gaia query failed with server error (Error 500:
Cannot invoke "java.util.List.iterator()" because "results" is null). Retrying 1/3...
[0;32mINFO[0m: Query finished. [astroquery.utils.tap.core]
[Gaia] mode=foreground (foreground thresholds: plx≥0.002 mas & SNR≥5.0 OR pm≥0.02 mas/yr & SNR≥5.0)
[STAR] Gaia DR3 3932950859178905216 (GAIA J123201.21+142337.0) ra=188.005046 dec=14.393613 RA=12:32:01.21 DEC=+14:23:37.01 GaiaG=20.04 r_arcsec=2.50 | plx=0.644±0.625 mas (SNR=1.0) | pm=10.43±0.99 mas/yr (SNR=10.5) | foreground because PM: pm≥0.02 mas/yr and SNR≥5.0
[STAR] Gaia DR3 3932964401203975040 (GAIA J123155.51+142613.4) ra=187.981275 dec=14.437048 RA=12:31:55.51 DEC=+14:26:13.37 GaiaG=18.43 r_arcsec=2.50 | plx=0.317±0.194 mas (SNR=1.6) | pm=9.47±0.28 mas/yr (SNR=33.5) | foreground because PM: pm≥0.02 mas/yr and SNR≥5.0
[STAR] Gaia DR3 3932952340935999872 (GAIA J123202.80+142342.2) ra=188.011677 dec=14.395067 RA=12:32:02.80 DEC=+14:23:42.24 GaiaG=20.56 r_arcsec=2.50 | plx=0.515±0.896 mas (SNR=0.6) | pm=19.14±1.35 mas/yr (SNR=14.2) | foreground because PM: pm≥0.02 mas/yr and SNR≥5.0
[LEGACY] N(joined)=532 cols=['ls_id', 'ra', 'dec', 'type', 'release', 'brickid', 'objid', 'shape_r', 'shape_e1', 'shape_e2', 'z_phot_l95', 'z_phot_u95', 'z_phot_mean']
[OK] Wrote NGC4501_mask.fits (shape=(1236, 1205), masked=1471 px; stars=3, galaxies=0)
[OK] Wrote NGC4501_combined_VRI_mask.png
[TIME] NGC4501_DATACUBE_FINAL_WCS_Pall_mad_red_v3tk_VRI.fits runtime_s=14.80
[FOV] NGC4522: nx=590 ny=659 pixscale=0.2000"/pix rad=1.639 arcmin
[FOV] FoV mask coverage: 46.91%
500 Error 500:
<!doctype html><html lang="en"><head><title>HTTP Status 500 – Internal Server Error</title><style type="text/css">body {font-family:Tahoma,Arial,sans-serif;} h1, h2, h3, b {color:white;background-color:#525D76;} h1 {font-size:22px;} h2 {font-size:16px;} h3 {font-size:14px;} p {font-size:12px;} a {color:black;} .line {height:1px;background-color:#525D76;border:none;}</style></head><body><h1>HTTP Status 500 – Internal Server Error</h1><hr class="line" /><p><b>Type</b> Exception Report</p><p><b>Message</b> Request processing failed: org.springframework.transaction.CannotCreateTransactionException: Could not open JPA EntityManager for transaction</p><p><b>Description</b> The server encountered an unexpected condition that prevented it from fulfilling the request.</p><p><b>Exception</b></p><pre>jakarta.servlet.ServletException: Request processing failed: org.springframework.transaction.CannotCreateTransactionException: Could not open JPA EntityManager for transaction
	org.springframework.web.servlet.FrameworkServlet.processRequest(FrameworkServlet.java:1022)
	org.springframework.web.servlet.FrameworkServlet.doGet(FrameworkServlet.java:903)
	jakarta.servlet.http.HttpServlet.service(HttpServlet.java:564)
	org.springframework.web.servlet.FrameworkServlet.service(FrameworkServlet.java:885)
	jakarta.servlet.http.HttpServlet.service(HttpServlet.java:658)
	org.apache.tomcat.websocket.server.WsFilter.doFilter(WsFilter.java:51)
	esavo.sl.security.CorsFilterDefaultImpl.doFilter(CorsFilterDefaultImpl.java:81)
	org.springframework.web.filter.CompositeFilter$VirtualFilterChain.doFilter(CompositeFilter.java:108)
	org.springframework.security.web.FilterChainProxy.lambda$doFilterInternal$3(FilterChainProxy.java:231)
	org.springframework.security.web.FilterChainProxy$VirtualFilterChain.doFilter(FilterChainProxy.java:365)
	org.springframework.security.web.access.intercept.AuthorizationFilter.doFilter(AuthorizationFilter.java:101)
	org.springframework.security.web.FilterChainProxy$VirtualFilterChain.doFilter(FilterChainProxy.java:374)
	org.springframework.security.web.access.ExceptionTranslationFilter.doFilter(ExceptionTranslationFilter.java:126)
	org.springframework.security.web.access.ExceptionTranslationFilter.doFilter(ExceptionTranslationFilter.java:120)
	org.springframework.security.web.FilterChainProxy$VirtualFilterChain.doFilter(FilterChainProxy.java:374)
	org.springframework.security.web.authentication.AnonymousAuthenticationFilter.doFilter(AnonymousAuthenticationFilter.java:100)
	org.springframework.security.web.FilterChainProxy$VirtualFilterChain.doFilter(FilterChainProxy.java:374)
	org.springframework.security.web.servletapi.SecurityContextHolderAwareRequestFilter.doFilter(SecurityContextHolderAwareRequestFilter.java:179)
	org.springframework.security.web.FilterChainProxy$VirtualFilterChain.doFilter(FilterChainProxy.java:374)
	org.springframework.security.web.savedrequest.RequestCacheAwareFilter.doFilter(RequestCacheAwareFilter.java:63)
	org.springframework.security.web.FilterChainProxy$VirtualFilterChain.doFilter(FilterChainProxy.java:374)
	org.springframework.security.web.authentication.www.BasicAuthenticationFilter.doFilterInternal(BasicAuthenticationFilter.java:181)
	org.springframework.web.filter.OncePerRequestFilter.doFilter(OncePerRequestFilter.java:116)
	org.springframework.security.web.FilterChainProxy$VirtualFilterChain.doFilter(FilterChainProxy.java:374)
	org.springframework.security.web.authentication.ui.DefaultLogoutPageGeneratingFilter.doFilterInternal(DefaultLogoutPageGeneratingFilter.java:58)
	org.springframework.web.filter.OncePerRequestFilter.doFilter(OncePerRequestFilter.java:116)
	org.springframework.security.web.FilterChainProxy$VirtualFilterChain.doFilter(FilterChainProxy.java:374)
	org.springframework.security.web.authentication.ui.DefaultLoginPageGeneratingFilter.doFilter(DefaultLoginPageGeneratingFilter.java:220)
	org.springframework.security.web.authentication.ui.DefaultLoginPageGeneratingFilter.doFilter(DefaultLoginPageGeneratingFilter.java:206)
	org.springframework.security.web.FilterChainProxy$VirtualFilterChain.doFilter(FilterChainProxy.java:374)
	org.springframework.security.web.authentication.ui.DefaultResourcesFilter.doFilter(DefaultResourcesFilter.java:72)
	org.springframework.security.web.FilterChainProxy$VirtualFilterChain.doFilter(FilterChainProxy.java:374)
	org.springframework.security.web.authentication.AbstractAuthenticationProcessingFilter.doFilter(AbstractAuthenticationProcessingFilter.java:227)
	org.springframework.security.web.authentication.AbstractAuthenticationProcessingFilter.doFilter(AbstractAuthenticationProcessingFilter.java:221)
	org.springframework.security.web.FilterChainProxy$VirtualFilterChain.doFilter(FilterChainProxy.java:374)
	org.springframework.security.web.authentication.AbstractAuthenticationProcessingFilter.doFilter(AbstractAuthenticationProcessingFilter.java:227)
	org.springframework.security.web.authentication.AbstractAuthenticationProcessingFilter.doFilter(AbstractAuthenticationProcessingFilter.java:221)
	org.springframework.security.web.FilterChainProxy$VirtualFilterChain.doFilter(FilterChainProxy.java:374)
	org.springframework.security.web.authentication.logout.LogoutFilter.doFilter(LogoutFilter.java:107)
	org.springframework.security.web.authentication.logout.LogoutFilter.doFilter(LogoutFilter.java:93)
	org.springframework.security.web.FilterChainProxy$VirtualFilterChain.doFilter(FilterChainProxy.java:374)
	org.springframework.security.web.header.HeaderWriterFilter.doHeadersAfter(HeaderWriterFilter.java:90)
	org.springframework.security.web.header.HeaderWriterFilter.doFilterInternal(HeaderWriterFilter.java:75)
	org.springframework.web.filter.OncePerRequestFilter.doFilter(OncePerRequestFilter.java:116)
	org.springframework.security.web.FilterChainProxy$VirtualFilterChain.doFilter(FilterChainProxy.java:374)
	org.springframework.security.web.context.SecurityContextHolderFilter.doFilter(SecurityContextHolderFilter.java:82)
	org.springframework.security.web.context.SecurityContextHolderFilter.doFilter(SecurityContextHolderFilter.java:69)
	org.springframework.security.web.FilterChainProxy$VirtualFilterChain.doFilter(FilterChainProxy.java:374)
	org.springframework.security.web.context.request.async.WebAsyncManagerIntegrationFilter.doFilterInternal(WebAsyncManagerIntegrationFilter.java:62)
	org.springframework.web.filter.OncePerRequestFilter.doFilter(OncePerRequestFilter.java:116)
	org.springframework.security.web.FilterChainProxy$VirtualFilterChain.doFilter(FilterChainProxy.java:374)
	org.springframework.security.web.session.DisableEncodeUrlFilter.doFilterInternal(DisableEncodeUrlFilter.java:42)
	org.springframework.web.filter.OncePerRequestFilter.doFilter(OncePerRequestFilter.java:116)
	org.springframework.security.web.FilterChainProxy$VirtualFilterChain.doFilter(FilterChainProxy.java:374)
	org.springframework.security.web.FilterChainProxy.doFilterInternal(FilterChainProxy.java:233)
	org.springframework.security.web.FilterChainProxy.doFilter(FilterChainProxy.java:191)
	org.springframework.web.filter.CompositeFilter$VirtualFilterChain.doFilter(CompositeFilter.java:113)
	org.springframework.web.servlet.handler.HandlerMappingIntrospector.lambda$createCacheFilter$4(HandlerMappingIntrospector.java:267)
	org.springframework.web.filter.CompositeFilter$VirtualFilterChain.doFilter(CompositeFilter.java:113)
	org.springframework.web.filter.CompositeFilter.doFilter(CompositeFilter.java:74)
	org.springframework.security.config.annotation.web.configuration.WebMvcSecurityConfiguration$CompositeFilterChainProxy.doFilter(WebMvcSecurityConfiguration.java:238)
	org.springframework.web.filter.DelegatingFilterProxy.invokeDelegate(DelegatingFilterProxy.java:362)
	org.springframework.web.filter.DelegatingFilterProxy.doFilter(DelegatingFilterProxy.java:278)
</pre><p><b>Root Cause</b></p><pre>org.springframework.transaction.CannotCreateTransactionException: Could not open JPA EntityManager for transaction
	org.springframework.orm.jpa.JpaTransactionManager.doBegin(JpaTransactionManager.java:467)
	org.springframework.transaction.support.AbstractPlatformTransactionManager.startTransaction(AbstractPlatformTransactionManager.java:532)
	org.springframework.transaction.support.AbstractPlatformTransactionManager.getTransaction(AbstractPlatformTransactionManager.java:405)
	org.springframework.transaction.interceptor.TransactionAspectSupport.createTransactionIfNecessary(TransactionAspectSupport.java:639)
	org.springframework.transaction.interceptor.TransactionAspectSupport.invokeWithinTransaction(TransactionAspectSupport.java:374)
	org.springframework.transaction.interceptor.TransactionInterceptor.invoke(TransactionInterceptor.java:119)
	org.springframework.aop.framework.ReflectiveMethodInvocation.proceed(ReflectiveMethodInvocation.java:184)
	org.springframework.aop.framework.CglibAopProxy$DynamicAdvisedInterceptor.intercept(CglibAopProxy.java:728)
	esavo.uws.service.UwsJobOwnerService$$SpringCGLIB$$0.findByJobOwnerId(&lt;generated&gt;)
	esavo.uws.owner.UwsJobOwnerStatelessManager.loadOrCreateOwner(UwsJobOwnerStatelessManager.java:47)
	esavo.sl.security.EsacSecurityManager.getUser(EsacSecurityManager.java:62)
	esavo.tap.resource.TAP.executeRequest(TAP.java:307)
	esavo.sl.controller.TapController.processTapRequest(TapController.java:116)
	esavo.sl.controller.TapController.getRequest(TapController.java:55)
	jdk.internal.reflect.GeneratedMethodAccessor81.invoke(Unknown Source)
	java.base&#47;jdk.internal.reflect.DelegatingMethodAccessorImpl.invoke(DelegatingMethodAccessorImpl.java:43)
	java.base&#47;java.lang.reflect.Method.invoke(Method.java:569)
	org.springframework.web.method.support.InvocableHandlerMethod.doInvoke(InvocableHandlerMethod.java:258)
	org.springframework.web.method.support.InvocableHandlerMethod.invokeForRequest(InvocableHandlerMethod.java:191)
	org.springframework.web.servlet.mvc.method.annotation.ServletInvocableHandlerMethod.invokeAndHandle(ServletInvocableHandlerMethod.java:118)
	org.springframework.web.servlet.mvc.method.annotation.RequestMappingHandlerAdapter.invokeHandlerMethod(RequestMappingHandlerAdapter.java:991)
	org.springframework.web.servlet.mvc.method.annotation.RequestMappingHandlerAdapter.handleInternal(RequestMappingHandlerAdapter.java:896)
	org.springframework.web.servlet.mvc.method.AbstractHandlerMethodAdapter.handle(AbstractHandlerMethodAdapter.java:87)
	org.springframework.web.servlet.DispatcherServlet.doDispatch(DispatcherServlet.java:1089)
	org.springframework.web.servlet.DispatcherServlet.doService(DispatcherServlet.java:979)
	org.springframework.web.servlet.FrameworkServlet.processRequest(FrameworkServlet.java:1014)
	org.springframework.web.servlet.FrameworkServlet.doGet(FrameworkServlet.java:903)
	jakarta.servlet.http.HttpServlet.service(HttpServlet.java:564)
	org.springframework.web.servlet.FrameworkServlet.service(FrameworkServlet.java:885)
	jakarta.servlet.http.HttpServlet.service(HttpServlet.java:658)
	org.apache.tomcat.websocket.server.WsFilter.doFilter(WsFilter.java:51)
	esavo.sl.security.CorsFilterDefaultImpl.doFilter(CorsFilterDefaultImpl.java:81)
	org.springframework.web.filter.CompositeFilter$VirtualFilterChain.doFilter(CompositeFilter.java:108)
	org.springframework.security.web.FilterChainProxy.lambda$doFilterInternal$3(FilterChainProxy.java:231)
	org.springframework.security.web.FilterChainProxy$VirtualFilterChain.doFilter(FilterChainProxy.java:365)
	org.springframework.security.web.access.intercept.AuthorizationFilter.doFilter(AuthorizationFilter.java:101)
	org.springframework.security.web.FilterChainProxy$VirtualFilterChain.doFilter(FilterChainProxy.java:374)
	org.springframework.security.web.access.ExceptionTranslationFilter.doFilter(ExceptionTranslationFilter.java:126)
	org.springframework.security.web.access.ExceptionTranslationFilter.doFilter(ExceptionTranslationFilter.java:120)
	org.springframework.security.web.FilterChainProxy$VirtualFilterChain.doFilter(FilterChainProxy.java:374)
	org.springframework.security.web.authentication.AnonymousAuthenticationFilter.doFilter(AnonymousAuthenticationFilter.java:100)
	org.springframework.security.web.FilterChainProxy$VirtualFilterChain.doFilter(FilterChainProxy.java:374)
	org.springframework.security.web.servletapi.SecurityContextHolderAwareRequestFilter.doFilter(SecurityContextHolderAwareRequestFilter.java:179)
	org.springframework.security.web.FilterChainProxy$VirtualFilterChain.doFilter(FilterChainProxy.java:374)
	org.springframework.security.web.savedrequest.RequestCacheAwareFilter.doFilter(RequestCacheAwareFilter.java:63)
	org.springframework.security.web.FilterChainProxy$VirtualFilterChain.doFilter(FilterChainProxy.java:374)
	org.springframework.security.web.authentication.www.BasicAuthenticationFilter.doFilterInternal(BasicAuthenticationFilter.java:181)
	org.springframework.web.filter.OncePerRequestFilter.doFilter(OncePerRequestFilter.java:116)
	org.springframework.security.web.FilterChainProxy$VirtualFilterChain.doFilter(FilterChainProxy.java:374)
	org.springframework.security.web.authentication.ui.DefaultLogoutPageGeneratingFilter.doFilterInternal(DefaultLogoutPageGeneratingFilter.java:58)
	org.springframework.web.filter.OncePerRequestFilter.doFilter(OncePerRequestFilter.java:116)
	org.springframework.security.web.FilterChainProxy$VirtualFilterChain.doFilter(FilterChainProxy.java:374)
	org.springframework.security.web.authentication.ui.DefaultLoginPageGeneratingFilter.doFilter(DefaultLoginPageGeneratingFilter.java:220)
	org.springframework.security.web.authentication.ui.DefaultLoginPageGeneratingFilter.doFilter(DefaultLoginPageGeneratingFilter.java:206)
	org.springframework.security.web.FilterChainProxy$VirtualFilterChain.doFilter(FilterChainProxy.java:374)
	org.springframework.security.web.authentication.ui.DefaultResourcesFilter.doFilter(DefaultResourcesFilter.java:72)
	org.springframework.security.web.FilterChainProxy$VirtualFilterChain.doFilter(FilterChainProxy.java:374)
	org.springframework.security.web.authentication.AbstractAuthenticationProcessingFilter.doFilter(AbstractAuthenticationProcessingFilter.java:227)
	org.springframework.security.web.authentication.AbstractAuthenticationProcessingFilter.doFilter(AbstractAuthenticationProcessingFilter.java:221)
	org.springframework.security.web.FilterChainProxy$VirtualFilterChain.doFilter(FilterChainProxy.java:374)
	org.springframework.security.web.authentication.AbstractAuthenticationProcessingFilter.doFilter(AbstractAuthenticationProcessingFilter.java:227)
	org.springframework.security.web.authentication.AbstractAuthenticationProcessingFilter.doFilter(AbstractAuthenticationProcessingFilter.java:221)
	org.springframework.security.web.FilterChainProxy$VirtualFilterChain.doFilter(FilterChainProxy.java:374)
	org.springframework.security.web.authentication.logout.LogoutFilter.doFilter(LogoutFilter.java:107)
	org.springframework.security.web.authentication.logout.LogoutFilter.doFilter(LogoutFilter.java:93)
	org.springframework.security.web.FilterChainProxy$VirtualFilterChain.doFilter(FilterChainProxy.java:374)
	org.springframework.security.web.header.HeaderWriterFilter.doHeadersAfter(HeaderWriterFilter.java:90)
	org.springframework.security.web.header.HeaderWriterFilter.doFilterInternal(HeaderWriterFilter.java:75)
	org.springframework.web.filter.OncePerRequestFilter.doFilter(OncePerRequestFilter.java:116)
	org.springframework.security.web.FilterChainProxy$VirtualFilterChain.doFilter(FilterChainProxy.java:374)
	org.springframework.security.web.context.SecurityContextHolderFilter.doFilter(SecurityContextHolderFilter.java:82)
	org.springframework.security.web.context.SecurityContextHolderFilter.doFilter(SecurityContextHolderFilter.java:69)
	org.springframework.security.web.FilterChainProxy$VirtualFilterChain.doFilter(FilterChainProxy.java:374)
	org.springframework.security.web.context.request.async.WebAsyncManagerIntegrationFilter.doFilterInternal(WebAsyncManagerIntegrationFilter.java:62)
	org.springframework.web.filter.OncePerRequestFilter.doFilter(OncePerRequestFilter.java:116)
	org.springframework.security.web.FilterChainProxy$VirtualFilterChain.doFilter(FilterChainProxy.java:374)
	org.springframework.security.web.session.DisableEncodeUrlFilter.doFilterInternal(DisableEncodeUrlFilter.java:42)
	org.springframework.web.filter.OncePerRequestFilter.doFilter(OncePerRequestFilter.java:116)
	org.springframework.security.web.FilterChainProxy$VirtualFilterChain.doFilter(FilterChainProxy.java:374)
	org.springframework.security.web.FilterChainProxy.doFilterInternal(FilterChainProxy.java:233)
	org.springframework.security.web.FilterChainProxy.doFilter(FilterChainProxy.java:191)
	org.springframework.web.filter.CompositeFilter$VirtualFilterChain.doFilter(CompositeFilter.java:113)
	org.springframework.web.servlet.handler.HandlerMappingIntrospector.lambda$createCacheFilter$4(HandlerMappingIntrospector.java:267)
	org.springframework.web.filter.CompositeFilter$VirtualFilterChain.doFilter(CompositeFilter.java:113)
	org.springframework.web.filter.CompositeFilter.doFilter(CompositeFilter.java:74)
	org.springframework.security.config.annotation.web.configuration.WebMvcSecurityConfiguration$CompositeFilterChainProxy.doFilter(WebMvcSecurityConfiguration.java:238)
	org.springframework.web.filter.DelegatingFilterProxy.invokeDelegate(DelegatingFilterProxy.java:362)
	org.springframework.web.filter.DelegatingFilterProxy.doFilter(DelegatingFilterProxy.java:278)
</pre><p><b>Root Cause</b></p><pre>org.hibernate.exception.GenericJDBCException: Unable to acquire JDBC Connection [FATAL: the database system is in recovery mode
  Detail: last replayed record at 0&#47;0] [n&#47;a]
	org.hibernate.exception.internal.StandardSQLExceptionConverter.convert(StandardSQLExceptionConverter.java:63)
	org.hibernate.engine.jdbc.spi.SqlExceptionHelper.convert(SqlExceptionHelper.java:108)
	org.hibernate.engine.jdbc.spi.SqlExceptionHelper.convert(SqlExceptionHelper.java:94)
	org.hibernate.resource.jdbc.internal.LogicalConnectionManagedImpl.acquireConnectionIfNeeded(LogicalConnectionManagedImpl.java:129)
	org.hibernate.resource.jdbc.internal.LogicalConnectionManagedImpl.getPhysicalConnection(LogicalConnectionManagedImpl.java:156)
	org.hibernate.resource.jdbc.internal.LogicalConnectionManagedImpl.getConnectionForTransactionManagement(LogicalConnectionManagedImpl.java:286)
	org.hibernate.resource.jdbc.internal.LogicalConnectionManagedImpl.begin(LogicalConnectionManagedImpl.java:294)
	org.hibernate.resource.transaction.backend.jdbc.internal.JdbcResourceLocalTransactionCoordinatorImpl$TransactionDriverControlImpl.begin(JdbcResourceLocalTransactionCoordinatorImpl.java:232)
	org.hibernate.engine.transaction.internal.TransactionImpl.begin(TransactionImpl.java:83)
	org.springframework.orm.jpa.vendor.HibernateJpaDialect.beginTransaction(HibernateJpaDialect.java:176)
	org.springframework.orm.jpa.JpaTransactionManager.doBegin(JpaTransactionManager.java:421)
	org.springframework.transaction.support.AbstractPlatformTransactionManager.startTransaction(AbstractPlatformTransactionManager.java:532)
	org.springframework.transaction.support.AbstractPlatformTransactionManager.getTransaction(AbstractPlatformTransactionManager.java:405)
	org.springframework.transaction.interceptor.TransactionAspectSupport.createTransactionIfNecessary(TransactionAspectSupport.java:639)
	org.springframework.transaction.interceptor.TransactionAspectSupport.invokeWithinTransaction(TransactionAspectSupport.java:374)
	org.springframework.transaction.interceptor.TransactionInterceptor.invoke(TransactionInterceptor.java:119)
	org.springframework.aop.framework.ReflectiveMethodInvocation.proceed(ReflectiveMethodInvocation.java:184)
	org.springframework.aop.framework.CglibAopProxy$DynamicAdvisedInterceptor.intercept(CglibAopProxy.java:728)
	esavo.uws.service.UwsJobOwnerService$$SpringCGLIB$$0.findByJobOwnerId(&lt;generated&gt;)
	esavo.uws.owner.UwsJobOwnerStatelessManager.loadOrCreateOwner(UwsJobOwnerStatelessManager.java:47)
	esavo.sl.security.EsacSecurityManager.getUser(EsacSecurityManager.java:62)
	esavo.tap.resource.TAP.executeRequest(TAP.java:307)
	esavo.sl.controller.TapController.processTapRequest(TapController.java:116)
	esavo.sl.controller.TapController.getRequest(TapController.java:55)
	jdk.internal.reflect.GeneratedMethodAccessor81.invoke(Unknown Source)
	java.base&#47;jdk.internal.reflect.DelegatingMethodAccessorImpl.invoke(DelegatingMethodAccessorImpl.java:43)
	java.base&#47;java.lang.reflect.Method.invoke(Method.java:569)
	org.springframework.web.method.support.InvocableHandlerMethod.doInvoke(InvocableHandlerMethod.java:258)
	org.springframework.web.method.support.InvocableHandlerMethod.invokeForRequest(InvocableHandlerMethod.java:191)
	org.springframework.web.servlet.mvc.method.annotation.ServletInvocableHandlerMethod.invokeAndHandle(ServletInvocableHandlerMethod.java:118)
	org.springframework.web.servlet.mvc.method.annotation.RequestMappingHandlerAdapter.invokeHandlerMethod(RequestMappingHandlerAdapter.java:991)
	org.springframework.web.servlet.mvc.method.annotation.RequestMappingHandlerAdapter.handleInternal(RequestMappingHandlerAdapter.java:896)
	org.springframework.web.servlet.mvc.method.AbstractHandlerMethodAdapter.handle(AbstractHandlerMethodAdapter.java:87)
	org.springframework.web.servlet.DispatcherServlet.doDispatch(DispatcherServlet.java:1089)
	org.springframework.web.servlet.DispatcherServlet.doService(DispatcherServlet.java:979)
	org.springframework.web.servlet.FrameworkServlet.processRequest(FrameworkServlet.java:1014)
	org.springframework.web.servlet.FrameworkServlet.doGet(FrameworkServlet.java:903)
	jakarta.servlet.http.HttpServlet.service(HttpServlet.java:564)
	org.springframework.web.servlet.FrameworkServlet.service(FrameworkServlet.java:885)
	jakarta.servlet.http.HttpServlet.service(HttpServlet.java:658)
	org.apache.tomcat.websocket.server.WsFilter.doFilter(WsFilter.java:51)
	esavo.sl.security.CorsFilterDefaultImpl.doFilter(CorsFilterDefaultImpl.java:81)
	org.springframework.web.filter.CompositeFilter$VirtualFilterChain.doFilter(CompositeFilter.java:108)
	org.springframework.security.web.FilterChainProxy.lambda$doFilterInternal$3(FilterChainProxy.java:231)
	org.springframework.security.web.FilterChainProxy$VirtualFilterChain.doFilter(FilterChainProxy.java:365)
	org.springframework.security.web.access.intercept.AuthorizationFilter.doFilter(AuthorizationFilter.java:101)
	org.springframework.security.web.FilterChainProxy$VirtualFilterChain.doFilter(FilterChainProxy.java:374)
	org.springframework.security.web.access.ExceptionTranslationFilter.doFilter(ExceptionTranslationFilter.java:126)
	org.springframework.security.web.access.ExceptionTranslationFilter.doFilter(ExceptionTranslationFilter.java:120)
	org.springframework.security.web.FilterChainProxy$VirtualFilterChain.doFilter(FilterChainProxy.java:374)
	org.springframework.security.web.authentication.AnonymousAuthenticationFilter.doFilter(AnonymousAuthenticationFilter.java:100)
	org.springframework.security.web.FilterChainProxy$VirtualFilterChain.doFilter(FilterChainProxy.java:374)
	org.springframework.security.web.servletapi.SecurityContextHolderAwareRequestFilter.doFilter(SecurityContextHolderAwareRequestFilter.java:179)
	org.springframework.security.web.FilterChainProxy$VirtualFilterChain.doFilter(FilterChainProxy.java:374)
	org.springframework.security.web.savedrequest.RequestCacheAwareFilter.doFilter(RequestCacheAwareFilter.java:63)
	org.springframework.security.web.FilterChainProxy$VirtualFilterChain.doFilter(FilterChainProxy.java:374)
	org.springframework.security.web.authentication.www.BasicAuthenticationFilter.doFilterInternal(BasicAuthenticationFilter.java:181)
	org.springframework.web.filter.OncePerRequestFilter.doFilter(OncePerRequestFilter.java:116)
	org.springframework.security.web.FilterChainProxy$VirtualFilterChain.doFilter(FilterChainProxy.java:374)
	org.springframework.security.web.authentication.ui.DefaultLogoutPageGeneratingFilter.doFilterInternal(DefaultLogoutPageGeneratingFilter.java:58)
	org.springframework.web.filter.OncePerRequestFilter.doFilter(OncePerRequestFilter.java:116)
	org.springframework.security.web.FilterChainProxy$VirtualFilterChain.doFilter(FilterChainProxy.java:374)
	org.springframework.security.web.authentication.ui.DefaultLoginPageGeneratingFilter.doFilter(DefaultLoginPageGeneratingFilter.java:220)
	org.springframework.security.web.authentication.ui.DefaultLoginPageGeneratingFilter.doFilter(DefaultLoginPageGeneratingFilter.java:206)
	org.springframework.security.web.FilterChainProxy$VirtualFilterChain.doFilter(FilterChainProxy.java:374)
	org.springframework.security.web.authentication.ui.DefaultResourcesFilter.doFilter(DefaultResourcesFilter.java:72)
	org.springframework.security.web.FilterChainProxy$VirtualFilterChain.doFilter(FilterChainProxy.java:374)
	org.springframework.security.web.authentication.AbstractAuthenticationProcessingFilter.doFilter(AbstractAuthenticationProcessingFilter.java:227)
	org.springframework.security.web.authentication.AbstractAuthenticationProcessingFilter.doFilter(AbstractAuthenticationProcessingFilter.java:221)
	org.springframework.security.web.FilterChainProxy$VirtualFilterChain.doFilter(FilterChainProxy.java:374)
	org.springframework.security.web.authentication.AbstractAuthenticationProcessingFilter.doFilter(AbstractAuthenticationProcessingFilter.java:227)
	org.springframework.security.web.authentication.AbstractAuthenticationProcessingFilter.doFilter(AbstractAuthenticationProcessingFilter.java:221)
	org.springframework.security.web.FilterChainProxy$VirtualFilterChain.doFilter(FilterChainProxy.java:374)
	org.springframework.security.web.authentication.logout.LogoutFilter.doFilter(LogoutFilter.java:107)
	org.springframework.security.web.authentication.logout.LogoutFilter.doFilter(LogoutFilter.java:93)
	org.springframework.security.web.FilterChainProxy$VirtualFilterChain.doFilter(FilterChainProxy.java:374)
	org.springframework.security.web.header.HeaderWriterFilter.doHeadersAfter(HeaderWriterFilter.java:90)
	org.springframework.security.web.header.HeaderWriterFilter.doFilterInternal(HeaderWriterFilter.java:75)
	org.springframework.web.filter.OncePerRequestFilter.doFilter(OncePerRequestFilter.java:116)
	org.springframework.security.web.FilterChainProxy$VirtualFilterChain.doFilter(FilterChainProxy.java:374)
	org.springframework.security.web.context.SecurityContextHolderFilter.doFilter(SecurityContextHolderFilter.java:82)
	org.springframework.security.web.context.SecurityContextHolderFilter.doFilter(SecurityContextHolderFilter.java:69)
	org.springframework.security.web.FilterChainProxy$VirtualFilterChain.doFilter(FilterChainProxy.java:374)
	org.springframework.security.web.context.request.async.WebAsyncManagerIntegrationFilter.doFilterInternal(WebAsyncManagerIntegrationFilter.java:62)
	org.springframework.web.filter.OncePerRequestFilter.doFilter(OncePerRequestFilter.java:116)
	org.springframework.security.web.FilterChainProxy$VirtualFilterChain.doFilter(FilterChainProxy.java:374)
	org.springframework.security.web.session.DisableEncodeUrlFilter.doFilterInternal(DisableEncodeUrlFilter.java:42)
	org.springframework.web.filter.OncePerRequestFilter.doFilter(OncePerRequestFilter.java:116)
	org.springframework.security.web.FilterChainProxy$VirtualFilterChain.doFilter(FilterChainProxy.java:374)
	org.springframework.security.web.FilterChainProxy.doFilterInternal(FilterChainProxy.java:233)
	org.springframework.security.web.FilterChainProxy.doFilter(FilterChainProxy.java:191)
	org.springframework.web.filter.CompositeFilter$VirtualFilterChain.doFilter(CompositeFilter.java:113)
	org.springframework.web.servlet.handler.HandlerMappingIntrospector.lambda$createCacheFilter$4(HandlerMappingIntrospector.java:267)
	org.springframework.web.filter.CompositeFilter$VirtualFilterChain.doFilter(CompositeFilter.java:113)
	org.springframework.web.filter.CompositeFilter.doFilter(CompositeFilter.java:74)
	org.springframework.security.config.annotation.web.configuration.WebMvcSecurityConfiguration$CompositeFilterChainProxy.doFilter(WebMvcSecurityConfiguration.java:238)
	org.springframework.web.filter.DelegatingFilterProxy.invokeDelegate(DelegatingFilterProxy.java:362)
	org.springframework.web.filter.DelegatingFilterProxy.doFilter(DelegatingFilterProxy.java:278)
</pre><p><b>Root Cause</b></p><pre>org.postgresql.util.PSQLException: FATAL: the database system is in recovery mode
  Detail: last replayed record at 0&#47;0
	org.postgresql.core.v3.ConnectionFactoryImpl.doAuthentication(ConnectionFactoryImpl.java:711)
	org.postgresql.core.v3.ConnectionFactoryImpl.tryConnect(ConnectionFactoryImpl.java:213)
	org.postgresql.core.v3.ConnectionFactoryImpl.openConnectionImpl(ConnectionFactoryImpl.java:268)
	org.postgresql.core.ConnectionFactory.openConnection(ConnectionFactory.java:54)
	org.postgresql.jdbc.PgConnection.&lt;init&gt;(PgConnection.java:273)
	org.postgresql.Driver.makeConnection(Driver.java:446)
	org.postgresql.Driver.connect(Driver.java:298)
	org.apache.commons.dbcp2.DriverConnectionFactory.createConnection(DriverConnectionFactory.java:52)
	org.apache.commons.dbcp2.PoolableConnectionFactory.makeObject(PoolableConnectionFactory.java:414)
	org.apache.commons.pool2.impl.GenericObjectPool.create(GenericObjectPool.java:566)
	org.apache.commons.pool2.impl.GenericObjectPool.borrowObject(GenericObjectPool.java:306)
	org.apache.commons.pool2.impl.GenericObjectPool.borrowObject(GenericObjectPool.java:233)
	org.apache.commons.dbcp2.PoolingDataSource.getConnection(PoolingDataSource.java:139)
	org.apache.commons.dbcp2.BasicDataSource.getConnection(BasicDataSource.java:711)
	org.hibernate.engine.jdbc.connections.internal.DatasourceConnectionProviderImpl.getConnection(DatasourceConnectionProviderImpl.java:126)
	org.hibernate.internal.NonContextualJdbcConnectionAccess.obtainConnection(NonContextualJdbcConnectionAccess.java:46)
	org.hibernate.resource.jdbc.internal.LogicalConnectionManagedImpl.acquireConnectionIfNeeded(LogicalConnectionManagedImpl.java:126)
	org.hibernate.resource.jdbc.internal.LogicalConnectionManagedImpl.getPhysicalConnection(LogicalConnectionManagedImpl.java:156)
	org.hibernate.resource.jdbc.internal.LogicalConnectionManagedImpl.getConnectionForTransactionManagement(LogicalConnectionManagedImpl.java:286)
	org.hibernate.resource.jdbc.internal.LogicalConnectionManagedImpl.begin(LogicalConnectionManagedImpl.java:294)
	org.hibernate.resource.transaction.backend.jdbc.internal.JdbcResourceLocalTransactionCoordinatorImpl$TransactionDriverControlImpl.begin(JdbcResourceLocalTransactionCoordinatorImpl.java:232)
	org.hibernate.engine.transaction.internal.TransactionImpl.begin(TransactionImpl.java:83)
	org.springframework.orm.jpa.vendor.HibernateJpaDialect.beginTransaction(HibernateJpaDialect.java:176)
	org.springframework.orm.jpa.JpaTransactionManager.doBegin(JpaTransactionManager.java:421)
	org.springframework.transaction.support.AbstractPlatformTransactionManager.startTransaction(AbstractPlatformTransactionManager.java:532)
	org.springframework.transaction.support.AbstractPlatformTransactionManager.getTransaction(AbstractPlatformTransactionManager.java:405)
	org.springframework.transaction.interceptor.TransactionAspectSupport.createTransactionIfNecessary(TransactionAspectSupport.java:639)
	org.springframework.transaction.interceptor.TransactionAspectSupport.invokeWithinTransaction(TransactionAspectSupport.java:374)
	org.springframework.transaction.interceptor.TransactionInterceptor.invoke(TransactionInterceptor.java:119)
	org.springframework.aop.framework.ReflectiveMethodInvocation.proceed(ReflectiveMethodInvocation.java:184)
	org.springframework.aop.framework.CglibAopProxy$DynamicAdvisedInterceptor.intercept(CglibAopProxy.java:728)
	esavo.uws.service.UwsJobOwnerService$$SpringCGLIB$$0.findByJobOwnerId(&lt;generated&gt;)
	esavo.uws.owner.UwsJobOwnerStatelessManager.loadOrCreateOwner(UwsJobOwnerStatelessManager.java:47)
	esavo.sl.security.EsacSecurityManager.getUser(EsacSecurityManager.java:62)
	esavo.tap.resource.TAP.executeRequest(TAP.java:307)
	esavo.sl.controller.TapController.processTapRequest(TapController.java:116)
	esavo.sl.controller.TapController.getRequest(TapController.java:55)
	jdk.internal.reflect.GeneratedMethodAccessor81.invoke(Unknown Source)
	java.base&#47;jdk.internal.reflect.DelegatingMethodAccessorImpl.invoke(DelegatingMethodAccessorImpl.java:43)
	java.base&#47;java.lang.reflect.Method.invoke(Method.java:569)
	org.springframework.web.method.support.InvocableHandlerMethod.doInvoke(InvocableHandlerMethod.java:258)
	org.springframework.web.method.support.InvocableHandlerMethod.invokeForRequest(InvocableHandlerMethod.java:191)
	org.springframework.web.servlet.mvc.method.annotation.ServletInvocableHandlerMethod.invokeAndHandle(ServletInvocableHandlerMethod.java:118)
	org.springframework.web.servlet.mvc.method.annotation.RequestMappingHandlerAdapter.invokeHandlerMethod(RequestMappingHandlerAdapter.java:991)
	org.springframework.web.servlet.mvc.method.annotation.RequestMappingHandlerAdapter.handleInternal(RequestMappingHandlerAdapter.java:896)
	org.springframework.web.servlet.mvc.method.AbstractHandlerMethodAdapter.handle(AbstractHandlerMethodAdapter.java:87)
	org.springframework.web.servlet.DispatcherServlet.doDispatch(DispatcherServlet.java:1089)
	org.springframework.web.servlet.DispatcherServlet.doService(DispatcherServlet.java:979)
	org.springframework.web.servlet.FrameworkServlet.processRequest(FrameworkServlet.java:1014)
	org.springframework.web.servlet.FrameworkServlet.doGet(FrameworkServlet.java:903)
	jakarta.servlet.http.HttpServlet.service(HttpServlet.java:564)
	org.springframework.web.servlet.FrameworkServlet.service(FrameworkServlet.java:885)
	jakarta.servlet.http.HttpServlet.service(HttpServlet.java:658)
	org.apache.tomcat.websocket.server.WsFilter.doFilter(WsFilter.java:51)
	esavo.sl.security.CorsFilterDefaultImpl.doFilter(CorsFilterDefaultImpl.java:81)
	org.springframework.web.filter.CompositeFilter$VirtualFilterChain.doFilter(CompositeFilter.java:108)
	org.springframework.security.web.FilterChainProxy.lambda$doFilterInternal$3(FilterChainProxy.java:231)
	org.springframework.security.web.FilterChainProxy$VirtualFilterChain.doFilter(FilterChainProxy.java:365)
	org.springframework.security.web.access.intercept.AuthorizationFilter.doFilter(AuthorizationFilter.java:101)
	org.springframework.security.web.FilterChainProxy$VirtualFilterChain.doFilter(FilterChainProxy.java:374)
	org.springframework.security.web.access.ExceptionTranslationFilter.doFilter(ExceptionTranslationFilter.java:126)
	org.springframework.security.web.access.ExceptionTranslationFilter.doFilter(ExceptionTranslationFilter.java:120)
	org.springframework.security.web.FilterChainProxy$VirtualFilterChain.doFilter(FilterChainProxy.java:374)
	org.springframework.security.web.authentication.AnonymousAuthenticationFilter.doFilter(AnonymousAuthenticationFilter.java:100)
	org.springframework.security.web.FilterChainProxy$VirtualFilterChain.doFilter(FilterChainProxy.java:374)
	org.springframework.security.web.servletapi.SecurityContextHolderAwareRequestFilter.doFilter(SecurityContextHolderAwareRequestFilter.java:179)
	org.springframework.security.web.FilterChainProxy$VirtualFilterChain.doFilter(FilterChainProxy.java:374)
	org.springframework.security.web.savedrequest.RequestCacheAwareFilter.doFilter(RequestCacheAwareFilter.java:63)
	org.springframework.security.web.FilterChainProxy$VirtualFilterChain.doFilter(FilterChainProxy.java:374)
	org.springframework.security.web.authentication.www.BasicAuthenticationFilter.doFilterInternal(BasicAuthenticationFilter.java:181)
	org.springframework.web.filter.OncePerRequestFilter.doFilter(OncePerRequestFilter.java:116)
	org.springframework.security.web.FilterChainProxy$VirtualFilterChain.doFilter(FilterChainProxy.java:374)
	org.springframework.security.web.authentication.ui.DefaultLogoutPageGeneratingFilter.doFilterInternal(DefaultLogoutPageGeneratingFilter.java:58)
	org.springframework.web.filter.OncePerRequestFilter.doFilter(OncePerRequestFilter.java:116)
	org.springframework.security.web.FilterChainProxy$VirtualFilterChain.doFilter(FilterChainProxy.java:374)
	org.springframework.security.web.authentication.ui.DefaultLoginPageGeneratingFilter.doFilter(DefaultLoginPageGeneratingFilter.java:220)
	org.springframework.security.web.authentication.ui.DefaultLoginPageGeneratingFilter.doFilter(DefaultLoginPageGeneratingFilter.java:206)
	org.springframework.security.web.FilterChainProxy$VirtualFilterChain.doFilter(FilterChainProxy.java:374)
	org.springframework.security.web.authentication.ui.DefaultResourcesFilter.doFilter(DefaultResourcesFilter.java:72)
	org.springframework.security.web.FilterChainProxy$VirtualFilterChain.doFilter(FilterChainProxy.java:374)
	org.springframework.security.web.authentication.AbstractAuthenticationProcessingFilter.doFilter(AbstractAuthenticationProcessingFilter.java:227)
	org.springframework.security.web.authentication.AbstractAuthenticationProcessingFilter.doFilter(AbstractAuthenticationProcessingFilter.java:221)
	org.springframework.security.web.FilterChainProxy$VirtualFilterChain.doFilter(FilterChainProxy.java:374)
	org.springframework.security.web.authentication.AbstractAuthenticationProcessingFilter.doFilter(AbstractAuthenticationProcessingFilter.java:227)
	org.springframework.security.web.authentication.AbstractAuthenticationProcessingFilter.doFilter(AbstractAuthenticationProcessingFilter.java:221)
	org.springframework.security.web.FilterChainProxy$VirtualFilterChain.doFilter(FilterChainProxy.java:374)
	org.springframework.security.web.authentication.logout.LogoutFilter.doFilter(LogoutFilter.java:107)
	org.springframework.security.web.authentication.logout.LogoutFilter.doFilter(LogoutFilter.java:93)
	org.springframework.security.web.FilterChainProxy$VirtualFilterChain.doFilter(FilterChainProxy.java:374)
	org.springframework.security.web.header.HeaderWriterFilter.doHeadersAfter(HeaderWriterFilter.java:90)
	org.springframework.security.web.header.HeaderWriterFilter.doFilterInternal(HeaderWriterFilter.java:75)
	org.springframework.web.filter.OncePerRequestFilter.doFilter(OncePerRequestFilter.java:116)
	org.springframework.security.web.FilterChainProxy$VirtualFilterChain.doFilter(FilterChainProxy.java:374)
	org.springframework.security.web.context.SecurityContextHolderFilter.doFilter(SecurityContextHolderFilter.java:82)
	org.springframework.security.web.context.SecurityContextHolderFilter.doFilter(SecurityContextHolderFilter.java:69)
	org.springframework.security.web.FilterChainProxy$VirtualFilterChain.doFilter(FilterChainProxy.java:374)
	org.springframework.security.web.context.request.async.WebAsyncManagerIntegrationFilter.doFilterInternal(WebAsyncManagerIntegrationFilter.java:62)
	org.springframework.web.filter.OncePerRequestFilter.doFilter(OncePerRequestFilter.java:116)
	org.springframework.security.web.FilterChainProxy$VirtualFilterChain.doFilter(FilterChainProxy.java:374)
	org.springframework.security.web.session.DisableEncodeUrlFilter.doFilterInternal(DisableEncodeUrlFilter.java:42)
	org.springframework.web.filter.OncePerRequestFilter.doFilter(OncePerRequestFilter.java:116)
	org.springframework.security.web.FilterChainProxy$VirtualFilterChain.doFilter(FilterChainProxy.java:374)
	org.springframework.security.web.FilterChainProxy.doFilterInternal(FilterChainProxy.java:233)
	org.springframework.security.web.FilterChainProxy.doFilter(FilterChainProxy.java:191)
	org.springframework.web.filter.CompositeFilter$VirtualFilterChain.doFilter(CompositeFilter.java:113)
	org.springframework.web.servlet.handler.HandlerMappingIntrospector.lambda$createCacheFilter$4(HandlerMappingIntrospector.java:267)
	org.springframework.web.filter.CompositeFilter$VirtualFilterChain.doFilter(CompositeFilter.java:113)
	org.springframework.web.filter.CompositeFilter.doFilter(CompositeFilter.java:74)
	org.springframework.security.config.annotation.web.configuration.WebMvcSecurityConfiguration$CompositeFilterChainProxy.doFilter(WebMvcSecurityConfiguration.java:238)
	org.springframework.web.filter.DelegatingFilterProxy.invokeDelegate(DelegatingFilterProxy.java:362)
	org.springframework.web.filter.DelegatingFilterProxy.doFilter(DelegatingFilterProxy.java:278)
</pre><p><b>Note</b> The full stack trace of the root cause is available in the server logs.</p><hr class="line" /><h3>Apache Tomcat/10.1.52</h3></body></html>
WARNING: Gaia query failed with server error (Error 500:
<!doctype html><html lang="en"><head><title>HTTP Status 500 – Internal Server Error</title><style type="text/css">body {font-family:Tahoma,Arial,sans-serif;} h1, h2, h3, b {color:white;background-color:#525D76;} h1 {font-size:22px;} h2 {font-size:16px;} h3 {font-size:14px;} p {font-size:12px;} a {color:black;} .line {height:1px;background-color:#525D76;border:none;}</style></head><body><h1>HTTP Status 500 – Internal Server Error</h1><hr class="line" /><p><b>Type</b> Exception Report</p><p><b>Message</b> Request processing failed: org.springframework.transaction.CannotCreateTransactionException: Could not open JPA EntityManager for transaction</p><p><b>Description</b> The server encountered an unexpected condition that prevented it from fulfilling the request.</p><p><b>Exception</b></p><pre>jakarta.servlet.ServletException: Request processing failed: org.springframework.transaction.CannotCreateTransactionException: Could not open JPA EntityManager for transaction
	org.springframework.web.servlet.FrameworkServlet.processRequest(FrameworkServlet.java:1022)
	org.springframework.web.servlet.FrameworkServlet.doGet(FrameworkServlet.java:903)
	jakarta.servlet.http.HttpServlet.service(HttpServlet.java:564)
	org.springframework.web.servlet.FrameworkServlet.service(FrameworkServlet.java:885)
	jakarta.servlet.http.HttpServlet.service(HttpServlet.java:658)
	org.apache.tomcat.websocket.server.WsFilter.doFilter(WsFilter.java:51)
	esavo.sl.security.CorsFilterDefaultImpl.doFilter(CorsFilterDefaultImpl.java:81)
	org.springframework.web.filter.CompositeFilter$VirtualFilterChain.doFilter(CompositeFilter.java:108)
	org.springframework.security.web.FilterChainProxy.lambda$doFilterInternal$3(FilterChainProxy.java:231)
	org.springframework.security.web.FilterChainProxy$VirtualFilterChain.doFilter(FilterChainProxy.java:365)
	org.springframework.security.web.access.intercept.AuthorizationFilter.doFilter(AuthorizationFilter.java:101)
	org.springframework.security.web.FilterChainProxy$VirtualFilterChain.doFilter(FilterChainProxy.java:374)
	org.springframework.security.web.access.ExceptionTranslationFilter.doFilter(ExceptionTranslationFilter.java:126)
	org.springframework.security.web.access.ExceptionTranslationFilter.doFilter(ExceptionTranslationFilter.java:120)
	org.springframework.security.web.FilterChainProxy$VirtualFilterChain.doFilter(FilterChainProxy.java:374)
	org.springframework.security.web.authentication.AnonymousAuthenticationFilter.doFilter(AnonymousAuthenticationFilter.java:100)
	org.springframework.security.web.FilterChainProxy$VirtualFilterChain.doFilter(FilterChainProxy.java:374)
	org.springframework.security.web.servletapi.SecurityContextHolderAwareRequestFilter.doFilter(SecurityContextHolderAwareRequestFilter.java:179)
	org.springframework.security.web.FilterChainProxy$VirtualFilterChain.doFilter(FilterChainProxy.java:374)
	org.springframework.security.web.savedrequest.RequestCacheAwareFilter.doFilter(RequestCacheAwareFilter.java:63)
	org.springframework.security.web.FilterChainProxy$VirtualFilterChain.doFilter(FilterChainProxy.java:374)
	org.springframework.security.web.authentication.www.BasicAuthenticationFilter.doFilterInternal(BasicAuthenticationFilter.java:181)
	org.springframework.web.filter.OncePerRequestFilter.doFilter(OncePerRequestFilter.java:116)
	org.springframework.security.web.FilterChainProxy$VirtualFilterChain.doFilter(FilterChainProxy.java:374)
	org.springframework.security.web.authentication.ui.DefaultLogoutPageGeneratingFilter.doFilterInternal(DefaultLogoutPageGeneratingFilter.java:58)
	org.springframework.web.filter.OncePerRequestFilter.doFilter(OncePerRequestFilter.java:116)
	org.springframework.security.web.FilterChainProxy$VirtualFilterChain.doFilter(FilterChainProxy.java:374)
	org.springframework.security.web.authentication.ui.DefaultLoginPageGeneratingFilter.doFilter(DefaultLoginPageGeneratingFilter.java:220)
	org.springframework.security.web.authentication.ui.DefaultLoginPageGeneratingFilter.doFilter(DefaultLoginPageGeneratingFilter.java:206)
	org.springframework.security.web.FilterChainProxy$VirtualFilterChain.doFilter(FilterChainProxy.java:374)
	org.springframework.security.web.authentication.ui.DefaultResourcesFilter.doFilter(DefaultResourcesFilter.java:72)
	org.springframework.security.web.FilterChainProxy$VirtualFilterChain.doFilter(FilterChainProxy.java:374)
	org.springframework.security.web.authentication.AbstractAuthenticationProcessingFilter.doFilter(AbstractAuthenticationProcessingFilter.java:227)
	org.springframework.security.web.authentication.AbstractAuthenticationProcessingFilter.doFilter(AbstractAuthenticationProcessingFilter.java:221)
	org.springframework.security.web.FilterChainProxy$VirtualFilterChain.doFilter(FilterChainProxy.java:374)
	org.springframework.security.web.authentication.AbstractAuthenticationProcessingFilter.doFilter(AbstractAuthenticationProcessingFilter.java:227)
	org.springframework.security.web.authentication.AbstractAuthenticationProcessingFilter.doFilter(AbstractAuthenticationProcessingFilter.java:221)
	org.springframework.security.web.FilterChainProxy$VirtualFilterChain.doFilter(FilterChainProxy.java:374)
	org.springframework.security.web.authentication.logout.LogoutFilter.doFilter(LogoutFilter.java:107)
	org.springframework.security.web.authentication.logout.LogoutFilter.doFilter(LogoutFilter.java:93)
	org.springframework.security.web.FilterChainProxy$VirtualFilterChain.doFilter(FilterChainProxy.java:374)
	org.springframework.security.web.header.HeaderWriterFilter.doHeadersAfter(HeaderWriterFilter.java:90)
	org.springframework.security.web.header.HeaderWriterFilter.doFilterInternal(HeaderWriterFilter.java:75)
	org.springframework.web.filter.OncePerRequestFilter.doFilter(OncePerRequestFilter.java:116)
	org.springframework.security.web.FilterChainProxy$VirtualFilterChain.doFilter(FilterChainProxy.java:374)
	org.springframework.security.web.context.SecurityContextHolderFilter.doFilter(SecurityContextHolderFilter.java:82)
	org.springframework.security.web.context.SecurityContextHolderFilter.doFilter(SecurityContextHolderFilter.java:69)
	org.springframework.security.web.FilterChainProxy$VirtualFilterChain.doFilter(FilterChainProxy.java:374)
	org.springframework.security.web.context.request.async.WebAsyncManagerIntegrationFilter.doFilterInternal(WebAsyncManagerIntegrationFilter.java:62)
	org.springframework.web.filter.OncePerRequestFilter.doFilter(OncePerRequestFilter.java:116)
	org.springframework.security.web.FilterChainProxy$VirtualFilterChain.doFilter(FilterChainProxy.java:374)
	org.springframework.security.web.session.DisableEncodeUrlFilter.doFilterInternal(DisableEncodeUrlFilter.java:42)
	org.springframework.web.filter.OncePerRequestFilter.doFilter(OncePerRequestFilter.java:116)
	org.springframework.security.web.FilterChainProxy$VirtualFilterChain.doFilter(FilterChainProxy.java:374)
	org.springframework.security.web.FilterChainProxy.doFilterInternal(FilterChainProxy.java:233)
	org.springframework.security.web.FilterChainProxy.doFilter(FilterChainProxy.java:191)
	org.springframework.web.filter.CompositeFilter$VirtualFilterChain.doFilter(CompositeFilter.java:113)
	org.springframework.web.servlet.handler.HandlerMappingIntrospector.lambda$createCacheFilter$4(HandlerMappingIntrospector.java:267)
	org.springframework.web.filter.CompositeFilter$VirtualFilterChain.doFilter(CompositeFilter.java:113)
	org.springframework.web.filter.CompositeFilter.doFilter(CompositeFilter.java:74)
	org.springframework.security.config.annotation.web.configuration.WebMvcSecurityConfiguration$CompositeFilterChainProxy.doFilter(WebMvcSecurityConfiguration.java:238)
	org.springframework.web.filter.DelegatingFilterProxy.invokeDelegate(DelegatingFilterProxy.java:362)
	org.springframework.web.filter.DelegatingFilterProxy.doFilter(DelegatingFilterProxy.java:278)
</pre><p><b>Root Cause</b></p><pre>org.springframework.transaction.CannotCreateTransactionException: Could not open JPA EntityManager for transaction
	org.springframework.orm.jpa.JpaTransactionManager.doBegin(JpaTransactionManager.java:467)
	org.springframework.transaction.support.AbstractPlatformTransactionManager.startTransaction(AbstractPlatformTransactionManager.java:532)
	org.springframework.transaction.support.AbstractPlatformTransactionManager.getTransaction(AbstractPlatformTransactionManager.java:405)
	org.springframework.transaction.interceptor.TransactionAspectSupport.createTransactionIfNecessary(TransactionAspectSupport.java:639)
	org.springframework.transaction.interceptor.TransactionAspectSupport.invokeWithinTransaction(TransactionAspectSupport.java:374)
	org.springframework.transaction.interceptor.TransactionInterceptor.invoke(TransactionInterceptor.java:119)
	org.springframework.aop.framework.ReflectiveMethodInvocation.proceed(ReflectiveMethodInvocation.java:184)
	org.springframework.aop.framework.CglibAopProxy$DynamicAdvisedInterceptor.intercept(CglibAopProxy.java:728)
	esavo.uws.service.UwsJobOwnerService$$SpringCGLIB$$0.findByJobOwnerId(&lt;generated&gt;)
	esavo.uws.owner.UwsJobOwnerStatelessManager.loadOrCreateOwner(UwsJobOwnerStatelessManager.java:47)
	esavo.sl.security.EsacSecurityManager.getUser(EsacSecurityManager.java:62)
	esavo.tap.resource.TAP.executeRequest(TAP.java:307)
	esavo.sl.controller.TapController.processTapRequest(TapController.java:116)
	esavo.sl.controller.TapController.getRequest(TapController.java:55)
	jdk.internal.reflect.GeneratedMethodAccessor81.invoke(Unknown Source)
	java.base&#47;jdk.internal.reflect.DelegatingMethodAccessorImpl.invoke(DelegatingMethodAccessorImpl.java:43)
	java.base&#47;java.lang.reflect.Method.invoke(Method.java:569)
	org.springframework.web.method.support.InvocableHandlerMethod.doInvoke(InvocableHandlerMethod.java:258)
	org.springframework.web.method.support.InvocableHandlerMethod.invokeForRequest(InvocableHandlerMethod.java:191)
	org.springframework.web.servlet.mvc.method.annotation.ServletInvocableHandlerMethod.invokeAndHandle(ServletInvocableHandlerMethod.java:118)
	org.springframework.web.servlet.mvc.method.annotation.RequestMappingHandlerAdapter.invokeHandlerMethod(RequestMappingHandlerAdapter.java:991)
	org.springframework.web.servlet.mvc.method.annotation.RequestMappingHandlerAdapter.handleInternal(RequestMappingHandlerAdapter.java:896)
	org.springframework.web.servlet.mvc.method.AbstractHandlerMethodAdapter.handle(AbstractHandlerMethodAdapter.java:87)
	org.springframework.web.servlet.DispatcherServlet.doDispatch(DispatcherServlet.java:1089)
	org.springframework.web.servlet.DispatcherServlet.doService(DispatcherServlet.java:979)
	org.springframework.web.servlet.FrameworkServlet.processRequest(FrameworkServlet.java:1014)
	org.springframework.web.servlet.FrameworkServlet.doGet(FrameworkServlet.java:903)
	jakarta.servlet.http.HttpServlet.service(HttpServlet.java:564)
	org.springframework.web.servlet.FrameworkServlet.service(FrameworkServlet.java:885)
	jakarta.servlet.http.HttpServlet.service(HttpServlet.java:658)
	org.apache.tomcat.websocket.server.WsFilter.doFilter(WsFilter.java:51)
	esavo.sl.security.CorsFilterDefaultImpl.doFilter(CorsFilterDefaultImpl.java:81)
	org.springframework.web.filter.CompositeFilter$VirtualFilterChain.doFilter(CompositeFilter.java:108)
	org.springframework.security.web.FilterChainProxy.lambda$doFilterInternal$3(FilterChainProxy.java:231)
	org.springframework.security.web.FilterChainProxy$VirtualFilterChain.doFilter(FilterChainProxy.java:365)
	org.springframework.security.web.access.intercept.AuthorizationFilter.doFilter(AuthorizationFilter.java:101)
	org.springframework.security.web.FilterChainProxy$VirtualFilterChain.doFilter(FilterChainProxy.java:374)
	org.springframework.security.web.access.ExceptionTranslationFilter.doFilter(ExceptionTranslationFilter.java:126)
	org.springframework.security.web.access.ExceptionTranslationFilter.doFilter(ExceptionTranslationFilter.java:120)
	org.springframework.security.web.FilterChainProxy$VirtualFilterChain.doFilter(FilterChainProxy.java:374)
	org.springframework.security.web.authentication.AnonymousAuthenticationFilter.doFilter(AnonymousAuthenticationFilter.java:100)
	org.springframework.security.web.FilterChainProxy$VirtualFilterChain.doFilter(FilterChainProxy.java:374)
	org.springframework.security.web.servletapi.SecurityContextHolderAwareRequestFilter.doFilter(SecurityContextHolderAwareRequestFilter.java:179)
	org.springframework.security.web.FilterChainProxy$VirtualFilterChain.doFilter(FilterChainProxy.java:374)
	org.springframework.security.web.savedrequest.RequestCacheAwareFilter.doFilter(RequestCacheAwareFilter.java:63)
	org.springframework.security.web.FilterChainProxy$VirtualFilterChain.doFilter(FilterChainProxy.java:374)
	org.springframework.security.web.authentication.www.BasicAuthenticationFilter.doFilterInternal(BasicAuthenticationFilter.java:181)
	org.springframework.web.filter.OncePerRequestFilter.doFilter(OncePerRequestFilter.java:116)
	org.springframework.security.web.FilterChainProxy$VirtualFilterChain.doFilter(FilterChainProxy.java:374)
	org.springframework.security.web.authentication.ui.DefaultLogoutPageGeneratingFilter.doFilterInternal(DefaultLogoutPageGeneratingFilter.java:58)
	org.springframework.web.filter.OncePerRequestFilter.doFilter(OncePerRequestFilter.java:116)
	org.springframework.security.web.FilterChainProxy$VirtualFilterChain.doFilter(FilterChainProxy.java:374)
	org.springframework.security.web.authentication.ui.DefaultLoginPageGeneratingFilter.doFilter(DefaultLoginPageGeneratingFilter.java:220)
	org.springframework.security.web.authentication.ui.DefaultLoginPageGeneratingFilter.doFilter(DefaultLoginPageGeneratingFilter.java:206)
	org.springframework.security.web.FilterChainProxy$VirtualFilterChain.doFilter(FilterChainProxy.java:374)
	org.springframework.security.web.authentication.ui.DefaultResourcesFilter.doFilter(DefaultResourcesFilter.java:72)
	org.springframework.security.web.FilterChainProxy$VirtualFilterChain.doFilter(FilterChainProxy.java:374)
	org.springframework.security.web.authentication.AbstractAuthenticationProcessingFilter.doFilter(AbstractAuthenticationProcessingFilter.java:227)
	org.springframework.security.web.authentication.AbstractAuthenticationProcessingFilter.doFilter(AbstractAuthenticationProcessingFilter.java:221)
	org.springframework.security.web.FilterChainProxy$VirtualFilterChain.doFilter(FilterChainProxy.java:374)
	org.springframework.security.web.authentication.AbstractAuthenticationProcessingFilter.doFilter(AbstractAuthenticationProcessingFilter.java:227)
	org.springframework.security.web.authentication.AbstractAuthenticationProcessingFilter.doFilter(AbstractAuthenticationProcessingFilter.java:221)
	org.springframework.security.web.FilterChainProxy$VirtualFilterChain.doFilter(FilterChainProxy.java:374)
	org.springframework.security.web.authentication.logout.LogoutFilter.doFilter(LogoutFilter.java:107)
	org.springframework.security.web.authentication.logout.LogoutFilter.doFilter(LogoutFilter.java:93)
	org.springframework.security.web.FilterChainProxy$VirtualFilterChain.doFilter(FilterChainProxy.java:374)
	org.springframework.security.web.header.HeaderWriterFilter.doHeadersAfter(HeaderWriterFilter.java:90)
	org.springframework.security.web.header.HeaderWriterFilter.doFilterInternal(HeaderWriterFilter.java:75)
	org.springframework.web.filter.OncePerRequestFilter.doFilter(OncePerRequestFilter.java:116)
	org.springframework.security.web.FilterChainProxy$VirtualFilterChain.doFilter(FilterChainProxy.java:374)
	org.springframework.security.web.context.SecurityContextHolderFilter.doFilter(SecurityContextHolderFilter.java:82)
	org.springframework.security.web.context.SecurityContextHolderFilter.doFilter(SecurityContextHolderFilter.java:69)
	org.springframework.security.web.FilterChainProxy$VirtualFilterChain.doFilter(FilterChainProxy.java:374)
	org.springframework.security.web.context.request.async.WebAsyncManagerIntegrationFilter.doFilterInternal(WebAsyncManagerIntegrationFilter.java:62)
	org.springframework.web.filter.OncePerRequestFilter.doFilter(OncePerRequestFilter.java:116)
	org.springframework.security.web.FilterChainProxy$VirtualFilterChain.doFilter(FilterChainProxy.java:374)
	org.springframework.security.web.session.DisableEncodeUrlFilter.doFilterInternal(DisableEncodeUrlFilter.java:42)
	org.springframework.web.filter.OncePerRequestFilter.doFilter(OncePerRequestFilter.java:116)
	org.springframework.security.web.FilterChainProxy$VirtualFilterChain.doFilter(FilterChainProxy.java:374)
	org.springframework.security.web.FilterChainProxy.doFilterInternal(FilterChainProxy.java:233)
	org.springframework.security.web.FilterChainProxy.doFilter(FilterChainProxy.java:191)
	org.springframework.web.filter.CompositeFilter$VirtualFilterChain.doFilter(CompositeFilter.java:113)
	org.springframework.web.servlet.handler.HandlerMappingIntrospector.lambda$createCacheFilter$4(HandlerMappingIntrospector.java:267)
	org.springframework.web.filter.CompositeFilter$VirtualFilterChain.doFilter(CompositeFilter.java:113)
	org.springframework.web.filter.CompositeFilter.doFilter(CompositeFilter.java:74)
	org.springframework.security.config.annotation.web.configuration.WebMvcSecurityConfiguration$CompositeFilterChainProxy.doFilter(WebMvcSecurityConfiguration.java:238)
	org.springframework.web.filter.DelegatingFilterProxy.invokeDelegate(DelegatingFilterProxy.java:362)
	org.springframework.web.filter.DelegatingFilterProxy.doFilter(DelegatingFilterProxy.java:278)
</pre><p><b>Root Cause</b></p><pre>org.hibernate.exception.GenericJDBCException: Unable to acquire JDBC Connection [FATAL: the database system is in recovery mode
  Detail: last replayed record at 0&#47;0] [n&#47;a]
	org.hibernate.exception.internal.StandardSQLExceptionConverter.convert(StandardSQLExceptionConverter.java:63)
	org.hibernate.engine.jdbc.spi.SqlExceptionHelper.convert(SqlExceptionHelper.java:108)
	org.hibernate.engine.jdbc.spi.SqlExceptionHelper.convert(SqlExceptionHelper.java:94)
	org.hibernate.resource.jdbc.internal.LogicalConnectionManagedImpl.acquireConnectionIfNeeded(LogicalConnectionManagedImpl.java:129)
	org.hibernate.resource.jdbc.internal.LogicalConnectionManagedImpl.getPhysicalConnection(LogicalConnectionManagedImpl.java:156)
	org.hibernate.resource.jdbc.internal.LogicalConnectionManagedImpl.getConnectionForTransactionManagement(LogicalConnectionManagedImpl.java:286)
	org.hibernate.resource.jdbc.internal.LogicalConnectionManagedImpl.begin(LogicalConnectionManagedImpl.java:294)
	org.hibernate.resource.transaction.backend.jdbc.internal.JdbcResourceLocalTransactionCoordinatorImpl$TransactionDriverControlImpl.begin(JdbcResourceLocalTransactionCoordinatorImpl.java:232)
	org.hibernate.engine.transaction.internal.TransactionImpl.begin(TransactionImpl.java:83)
	org.springframework.orm.jpa.vendor.HibernateJpaDialect.beginTransaction(HibernateJpaDialect.java:176)
	org.springframework.orm.jpa.JpaTransactionManager.doBegin(JpaTransactionManager.java:421)
	org.springframework.transaction.support.AbstractPlatformTransactionManager.startTransaction(AbstractPlatformTransactionManager.java:532)
	org.springframework.transaction.support.AbstractPlatformTransactionManager.getTransaction(AbstractPlatformTransactionManager.java:405)
	org.springframework.transaction.interceptor.TransactionAspectSupport.createTransactionIfNecessary(TransactionAspectSupport.java:639)
	org.springframework.transaction.interceptor.TransactionAspectSupport.invokeWithinTransaction(TransactionAspectSupport.java:374)
	org.springframework.transaction.interceptor.TransactionInterceptor.invoke(TransactionInterceptor.java:119)
	org.springframework.aop.framework.ReflectiveMethodInvocation.proceed(ReflectiveMethodInvocation.java:184)
	org.springframework.aop.framework.CglibAopProxy$DynamicAdvisedInterceptor.intercept(CglibAopProxy.java:728)
	esavo.uws.service.UwsJobOwnerService$$SpringCGLIB$$0.findByJobOwnerId(&lt;generated&gt;)
	esavo.uws.owner.UwsJobOwnerStatelessManager.loadOrCreateOwner(UwsJobOwnerStatelessManager.java:47)
	esavo.sl.security.EsacSecurityManager.getUser(EsacSecurityManager.java:62)
	esavo.tap.resource.TAP.executeRequest(TAP.java:307)
	esavo.sl.controller.TapController.processTapRequest(TapController.java:116)
	esavo.sl.controller.TapController.getRequest(TapController.java:55)
	jdk.internal.reflect.GeneratedMethodAccessor81.invoke(Unknown Source)
	java.base&#47;jdk.internal.reflect.DelegatingMethodAccessorImpl.invoke(DelegatingMethodAccessorImpl.java:43)
	java.base&#47;java.lang.reflect.Method.invoke(Method.java:569)
	org.springframework.web.method.support.InvocableHandlerMethod.doInvoke(InvocableHandlerMethod.java:258)
	org.springframework.web.method.support.InvocableHandlerMethod.invokeForRequest(InvocableHandlerMethod.java:191)
	org.springframework.web.servlet.mvc.method.annotation.ServletInvocableHandlerMethod.invokeAndHandle(ServletInvocableHandlerMethod.java:118)
	org.springframework.web.servlet.mvc.method.annotation.RequestMappingHandlerAdapter.invokeHandlerMethod(RequestMappingHandlerAdapter.java:991)
	org.springframework.web.servlet.mvc.method.annotation.RequestMappingHandlerAdapter.handleInternal(RequestMappingHandlerAdapter.java:896)
	org.springframework.web.servlet.mvc.method.AbstractHandlerMethodAdapter.handle(AbstractHandlerMethodAdapter.java:87)
	org.springframework.web.servlet.DispatcherServlet.doDispatch(DispatcherServlet.java:1089)
	org.springframework.web.servlet.DispatcherServlet.doService(DispatcherServlet.java:979)
	org.springframework.web.servlet.FrameworkServlet.processRequest(FrameworkServlet.java:1014)
	org.springframework.web.servlet.FrameworkServlet.doGet(FrameworkServlet.java:903)
	jakarta.servlet.http.HttpServlet.service(HttpServlet.java:564)
	org.springframework.web.servlet.FrameworkServlet.service(FrameworkServlet.java:885)
	jakarta.servlet.http.HttpServlet.service(HttpServlet.java:658)
	org.apache.tomcat.websocket.server.WsFilter.doFilter(WsFilter.java:51)
	esavo.sl.security.CorsFilterDefaultImpl.doFilter(CorsFilterDefaultImpl.java:81)
	org.springframework.web.filter.CompositeFilter$VirtualFilterChain.doFilter(CompositeFilter.java:108)
	org.springframework.security.web.FilterChainProxy.lambda$doFilterInternal$3(FilterChainProxy.java:231)
	org.springframework.security.web.FilterChainProxy$VirtualFilterChain.doFilter(FilterChainProxy.java:365)
	org.springframework.security.web.access.intercept.AuthorizationFilter.doFilter(AuthorizationFilter.java:101)
	org.springframework.security.web.FilterChainProxy$VirtualFilterChain.doFilter(FilterChainProxy.java:374)
	org.springframework.security.web.access.ExceptionTranslationFilter.doFilter(ExceptionTranslationFilter.java:126)
	org.springframework.security.web.access.ExceptionTranslationFilter.doFilter(ExceptionTranslationFilter.java:120)
	org.springframework.security.web.FilterChainProxy$VirtualFilterChain.doFilter(FilterChainProxy.java:374)
	org.springframework.security.web.authentication.AnonymousAuthenticationFilter.doFilter(AnonymousAuthenticationFilter.java:100)
	org.springframework.security.web.FilterChainProxy$VirtualFilterChain.doFilter(FilterChainProxy.java:374)
	org.springframework.security.web.servletapi.SecurityContextHolderAwareRequestFilter.doFilter(SecurityContextHolderAwareRequestFilter.java:179)
	org.springframework.security.web.FilterChainProxy$VirtualFilterChain.doFilter(FilterChainProxy.java:374)
	org.springframework.security.web.savedrequest.RequestCacheAwareFilter.doFilter(RequestCacheAwareFilter.java:63)
	org.springframework.security.web.FilterChainProxy$VirtualFilterChain.doFilter(FilterChainProxy.java:374)
	org.springframework.security.web.authentication.www.BasicAuthenticationFilter.doFilterInternal(BasicAuthenticationFilter.java:181)
	org.springframework.web.filter.OncePerRequestFilter.doFilter(OncePerRequestFilter.java:116)
	org.springframework.security.web.FilterChainProxy$VirtualFilterChain.doFilter(FilterChainProxy.java:374)
	org.springframework.security.web.authentication.ui.DefaultLogoutPageGeneratingFilter.doFilterInternal(DefaultLogoutPageGeneratingFilter.java:58)
	org.springframework.web.filter.OncePerRequestFilter.doFilter(OncePerRequestFilter.java:116)
	org.springframework.security.web.FilterChainProxy$VirtualFilterChain.doFilter(FilterChainProxy.java:374)
	org.springframework.security.web.authentication.ui.DefaultLoginPageGeneratingFilter.doFilter(DefaultLoginPageGeneratingFilter.java:220)
	org.springframework.security.web.authentication.ui.DefaultLoginPageGeneratingFilter.doFilter(DefaultLoginPageGeneratingFilter.java:206)
	org.springframework.security.web.FilterChainProxy$VirtualFilterChain.doFilter(FilterChainProxy.java:374)
	org.springframework.security.web.authentication.ui.DefaultResourcesFilter.doFilter(DefaultResourcesFilter.java:72)
	org.springframework.security.web.FilterChainProxy$VirtualFilterChain.doFilter(FilterChainProxy.java:374)
	org.springframework.security.web.authentication.AbstractAuthenticationProcessingFilter.doFilter(AbstractAuthenticationProcessingFilter.java:227)
	org.springframework.security.web.authentication.AbstractAuthenticationProcessingFilter.doFilter(AbstractAuthenticationProcessingFilter.java:221)
	org.springframework.security.web.FilterChainProxy$VirtualFilterChain.doFilter(FilterChainProxy.java:374)
	org.springframework.security.web.authentication.AbstractAuthenticationProcessingFilter.doFilter(AbstractAuthenticationProcessingFilter.java:227)
	org.springframework.security.web.authentication.AbstractAuthenticationProcessingFilter.doFilter(AbstractAuthenticationProcessingFilter.java:221)
	org.springframework.security.web.FilterChainProxy$VirtualFilterChain.doFilter(FilterChainProxy.java:374)
	org.springframework.security.web.authentication.logout.LogoutFilter.doFilter(LogoutFilter.java:107)
	org.springframework.security.web.authentication.logout.LogoutFilter.doFilter(LogoutFilter.java:93)
	org.springframework.security.web.FilterChainProxy$VirtualFilterChain.doFilter(FilterChainProxy.java:374)
	org.springframework.security.web.header.HeaderWriterFilter.doHeadersAfter(HeaderWriterFilter.java:90)
	org.springframework.security.web.header.HeaderWriterFilter.doFilterInternal(HeaderWriterFilter.java:75)
	org.springframework.web.filter.OncePerRequestFilter.doFilter(OncePerRequestFilter.java:116)
	org.springframework.security.web.FilterChainProxy$VirtualFilterChain.doFilter(FilterChainProxy.java:374)
	org.springframework.security.web.context.SecurityContextHolderFilter.doFilter(SecurityContextHolderFilter.java:82)
	org.springframework.security.web.context.SecurityContextHolderFilter.doFilter(SecurityContextHolderFilter.java:69)
	org.springframework.security.web.FilterChainProxy$VirtualFilterChain.doFilter(FilterChainProxy.java:374)
	org.springframework.security.web.context.request.async.WebAsyncManagerIntegrationFilter.doFilterInternal(WebAsyncManagerIntegrationFilter.java:62)
	org.springframework.web.filter.OncePerRequestFilter.doFilter(OncePerRequestFilter.java:116)
	org.springframework.security.web.FilterChainProxy$VirtualFilterChain.doFilter(FilterChainProxy.java:374)
	org.springframework.security.web.session.DisableEncodeUrlFilter.doFilterInternal(DisableEncodeUrlFilter.java:42)
	org.springframework.web.filter.OncePerRequestFilter.doFilter(OncePerRequestFilter.java:116)
	org.springframework.security.web.FilterChainProxy$VirtualFilterChain.doFilter(FilterChainProxy.java:374)
	org.springframework.security.web.FilterChainProxy.doFilterInternal(FilterChainProxy.java:233)
	org.springframework.security.web.FilterChainProxy.doFilter(FilterChainProxy.java:191)
	org.springframework.web.filter.CompositeFilter$VirtualFilterChain.doFilter(CompositeFilter.java:113)
	org.springframework.web.servlet.handler.HandlerMappingIntrospector.lambda$createCacheFilter$4(HandlerMappingIntrospector.java:267)
	org.springframework.web.filter.CompositeFilter$VirtualFilterChain.doFilter(CompositeFilter.java:113)
	org.springframework.web.filter.CompositeFilter.doFilter(CompositeFilter.java:74)
	org.springframework.security.config.annotation.web.configuration.WebMvcSecurityConfiguration$CompositeFilterChainProxy.doFilter(WebMvcSecurityConfiguration.java:238)
	org.springframework.web.filter.DelegatingFilterProxy.invokeDelegate(DelegatingFilterProxy.java:362)
	org.springframework.web.filter.DelegatingFilterProxy.doFilter(DelegatingFilterProxy.java:278)
</pre><p><b>Root Cause</b></p><pre>org.postgresql.util.PSQLException: FATAL: the database system is in recovery mode
  Detail: last replayed record at 0&#47;0
	org.postgresql.core.v3.ConnectionFactoryImpl.doAuthentication(ConnectionFactoryImpl.java:711)
	org.postgresql.core.v3.ConnectionFactoryImpl.tryConnect(ConnectionFactoryImpl.java:213)
	org.postgresql.core.v3.ConnectionFactoryImpl.openConnectionImpl(ConnectionFactoryImpl.java:268)
	org.postgresql.core.ConnectionFactory.openConnection(ConnectionFactory.java:54)
	org.postgresql.jdbc.PgConnection.&lt;init&gt;(PgConnection.java:273)
	org.postgresql.Driver.makeConnection(Driver.java:446)
	org.postgresql.Driver.connect(Driver.java:298)
	org.apache.commons.dbcp2.DriverConnectionFactory.createConnection(DriverConnectionFactory.java:52)
	org.apache.commons.dbcp2.PoolableConnectionFactory.makeObject(PoolableConnectionFactory.java:414)
	org.apache.commons.pool2.impl.GenericObjectPool.create(GenericObjectPool.java:566)
	org.apache.commons.pool2.impl.GenericObjectPool.borrowObject(GenericObjectPool.java:306)
	org.apache.commons.pool2.impl.GenericObjectPool.borrowObject(GenericObjectPool.java:233)
	org.apache.commons.dbcp2.PoolingDataSource.getConnection(PoolingDataSource.java:139)
	org.apache.commons.dbcp2.BasicDataSource.getConnection(BasicDataSource.java:711)
	org.hibernate.engine.jdbc.connections.internal.DatasourceConnectionProviderImpl.getConnection(DatasourceConnectionProviderImpl.java:126)
	org.hibernate.internal.NonContextualJdbcConnectionAccess.obtainConnection(NonContextualJdbcConnectionAccess.java:46)
	org.hibernate.resource.jdbc.internal.LogicalConnectionManagedImpl.acquireConnectionIfNeeded(LogicalConnectionManagedImpl.java:126)
	org.hibernate.resource.jdbc.internal.LogicalConnectionManagedImpl.getPhysicalConnection(LogicalConnectionManagedImpl.java:156)
	org.hibernate.resource.jdbc.internal.LogicalConnectionManagedImpl.getConnectionForTransactionManagement(LogicalConnectionManagedImpl.java:286)
	org.hibernate.resource.jdbc.internal.LogicalConnectionManagedImpl.begin(LogicalConnectionManagedImpl.java:294)
	org.hibernate.resource.transaction.backend.jdbc.internal.JdbcResourceLocalTransactionCoordinatorImpl$TransactionDriverControlImpl.begin(JdbcResourceLocalTransactionCoordinatorImpl.java:232)
	org.hibernate.engine.transaction.internal.TransactionImpl.begin(TransactionImpl.java:83)
	org.springframework.orm.jpa.vendor.HibernateJpaDialect.beginTransaction(HibernateJpaDialect.java:176)
	org.springframework.orm.jpa.JpaTransactionManager.doBegin(JpaTransactionManager.java:421)
	org.springframework.transaction.support.AbstractPlatformTransactionManager.startTransaction(AbstractPlatformTransactionManager.java:532)
	org.springframework.transaction.support.AbstractPlatformTransactionManager.getTransaction(AbstractPlatformTransactionManager.java:405)
	org.springframework.transaction.interceptor.TransactionAspectSupport.createTransactionIfNecessary(TransactionAspectSupport.java:639)
	org.springframework.transaction.interceptor.TransactionAspectSupport.invokeWithinTransaction(TransactionAspectSupport.java:374)
	org.springframework.transaction.interceptor.TransactionInterceptor.invoke(TransactionInterceptor.java:119)
	org.springframework.aop.framework.ReflectiveMethodInvocation.proceed(ReflectiveMethodInvocation.java:184)
	org.springframework.aop.framework.CglibAopProxy$DynamicAdvisedInterceptor.intercept(CglibAopProxy.java:728)
	esavo.uws.service.UwsJobOwnerService$$SpringCGLIB$$0.findByJobOwnerId(&lt;generated&gt;)
	esavo.uws.owner.UwsJobOwnerStatelessManager.loadOrCreateOwner(UwsJobOwnerStatelessManager.java:47)
	esavo.sl.security.EsacSecurityManager.getUser(EsacSecurityManager.java:62)
	esavo.tap.resource.TAP.executeRequest(TAP.java:307)
	esavo.sl.controller.TapController.processTapRequest(TapController.java:116)
	esavo.sl.controller.TapController.getRequest(TapController.java:55)
	jdk.internal.reflect.GeneratedMethodAccessor81.invoke(Unknown Source)
	java.base&#47;jdk.internal.reflect.DelegatingMethodAccessorImpl.invoke(DelegatingMethodAccessorImpl.java:43)
	java.base&#47;java.lang.reflect.Method.invoke(Method.java:569)
	org.springframework.web.method.support.InvocableHandlerMethod.doInvoke(InvocableHandlerMethod.java:258)
	org.springframework.web.method.support.InvocableHandlerMethod.invokeForRequest(InvocableHandlerMethod.java:191)
	org.springframework.web.servlet.mvc.method.annotation.ServletInvocableHandlerMethod.invokeAndHandle(ServletInvocableHandlerMethod.java:118)
	org.springframework.web.servlet.mvc.method.annotation.RequestMappingHandlerAdapter.invokeHandlerMethod(RequestMappingHandlerAdapter.java:991)
	org.springframework.web.servlet.mvc.method.annotation.RequestMappingHandlerAdapter.handleInternal(RequestMappingHandlerAdapter.java:896)
	org.springframework.web.servlet.mvc.method.AbstractHandlerMethodAdapter.handle(AbstractHandlerMethodAdapter.java:87)
	org.springframework.web.servlet.DispatcherServlet.doDispatch(DispatcherServlet.java:1089)
	org.springframework.web.servlet.DispatcherServlet.doService(DispatcherServlet.java:979)
	org.springframework.web.servlet.FrameworkServlet.processRequest(FrameworkServlet.java:1014)
	org.springframework.web.servlet.FrameworkServlet.doGet(FrameworkServlet.java:903)
	jakarta.servlet.http.HttpServlet.service(HttpServlet.java:564)
	org.springframework.web.servlet.FrameworkServlet.service(FrameworkServlet.java:885)
	jakarta.servlet.http.HttpServlet.service(HttpServlet.java:658)
	org.apache.tomcat.websocket.server.WsFilter.doFilter(WsFilter.java:51)
	esavo.sl.security.CorsFilterDefaultImpl.doFilter(CorsFilterDefaultImpl.java:81)
	org.springframework.web.filter.CompositeFilter$VirtualFilterChain.doFilter(CompositeFilter.java:108)
	org.springframework.security.web.FilterChainProxy.lambda$doFilterInternal$3(FilterChainProxy.java:231)
	org.springframework.security.web.FilterChainProxy$VirtualFilterChain.doFilter(FilterChainProxy.java:365)
	org.springframework.security.web.access.intercept.AuthorizationFilter.doFilter(AuthorizationFilter.java:101)
	org.springframework.security.web.FilterChainProxy$VirtualFilterChain.doFilter(FilterChainProxy.java:374)
	org.springframework.security.web.access.ExceptionTranslationFilter.doFilter(ExceptionTranslationFilter.java:126)
	org.springframework.security.web.access.ExceptionTranslationFilter.doFilter(ExceptionTranslationFilter.java:120)
	org.springframework.security.web.FilterChainProxy$VirtualFilterChain.doFilter(FilterChainProxy.java:374)
	org.springframework.security.web.authentication.AnonymousAuthenticationFilter.doFilter(AnonymousAuthenticationFilter.java:100)
	org.springframework.security.web.FilterChainProxy$VirtualFilterChain.doFilter(FilterChainProxy.java:374)
	org.springframework.security.web.servletapi.SecurityContextHolderAwareRequestFilter.doFilter(SecurityContextHolderAwareRequestFilter.java:179)
	org.springframework.security.web.FilterChainProxy$VirtualFilterChain.doFilter(FilterChainProxy.java:374)
	org.springframework.security.web.savedrequest.RequestCacheAwareFilter.doFilter(RequestCacheAwareFilter.java:63)
	org.springframework.security.web.FilterChainProxy$VirtualFilterChain.doFilter(FilterChainProxy.java:374)
	org.springframework.security.web.authentication.www.BasicAuthenticationFilter.doFilterInternal(BasicAuthenticationFilter.java:181)
	org.springframework.web.filter.OncePerRequestFilter.doFilter(OncePerRequestFilter.java:116)
	org.springframework.security.web.FilterChainProxy$VirtualFilterChain.doFilter(FilterChainProxy.java:374)
	org.springframework.security.web.authentication.ui.DefaultLogoutPageGeneratingFilter.doFilterInternal(DefaultLogoutPageGeneratingFilter.java:58)
	org.springframework.web.filter.OncePerRequestFilter.doFilter(OncePerRequestFilter.java:116)
	org.springframework.security.web.FilterChainProxy$VirtualFilterChain.doFilter(FilterChainProxy.java:374)
	org.springframework.security.web.authentication.ui.DefaultLoginPageGeneratingFilter.doFilter(DefaultLoginPageGeneratingFilter.java:220)
	org.springframework.security.web.authentication.ui.DefaultLoginPageGeneratingFilter.doFilter(DefaultLoginPageGeneratingFilter.java:206)
	org.springframework.security.web.FilterChainProxy$VirtualFilterChain.doFilter(FilterChainProxy.java:374)
	org.springframework.security.web.authentication.ui.DefaultResourcesFilter.doFilter(DefaultResourcesFilter.java:72)
	org.springframework.security.web.FilterChainProxy$VirtualFilterChain.doFilter(FilterChainProxy.java:374)
	org.springframework.security.web.authentication.AbstractAuthenticationProcessingFilter.doFilter(AbstractAuthenticationProcessingFilter.java:227)
	org.springframework.security.web.authentication.AbstractAuthenticationProcessingFilter.doFilter(AbstractAuthenticationProcessingFilter.java:221)
	org.springframework.security.web.FilterChainProxy$VirtualFilterChain.doFilter(FilterChainProxy.java:374)
	org.springframework.security.web.authentication.AbstractAuthenticationProcessingFilter.doFilter(AbstractAuthenticationProcessingFilter.java:227)
	org.springframework.security.web.authentication.AbstractAuthenticationProcessingFilter.doFilter(AbstractAuthenticationProcessingFilter.java:221)
	org.springframework.security.web.FilterChainProxy$VirtualFilterChain.doFilter(FilterChainProxy.java:374)
	org.springframework.security.web.authentication.logout.LogoutFilter.doFilter(LogoutFilter.java:107)
	org.springframework.security.web.authentication.logout.LogoutFilter.doFilter(LogoutFilter.java:93)
	org.springframework.security.web.FilterChainProxy$VirtualFilterChain.doFilter(FilterChainProxy.java:374)
	org.springframework.security.web.header.HeaderWriterFilter.doHeadersAfter(HeaderWriterFilter.java:90)
	org.springframework.security.web.header.HeaderWriterFilter.doFilterInternal(HeaderWriterFilter.java:75)
	org.springframework.web.filter.OncePerRequestFilter.doFilter(OncePerRequestFilter.java:116)
	org.springframework.security.web.FilterChainProxy$VirtualFilterChain.doFilter(FilterChainProxy.java:374)
	org.springframework.security.web.context.SecurityContextHolderFilter.doFilter(SecurityContextHolderFilter.java:82)
	org.springframework.security.web.context.SecurityContextHolderFilter.doFilter(SecurityContextHolderFilter.java:69)
	org.springframework.security.web.FilterChainProxy$VirtualFilterChain.doFilter(FilterChainProxy.java:374)
	org.springframework.security.web.context.request.async.WebAsyncManagerIntegrationFilter.doFilterInternal(WebAsyncManagerIntegrationFilter.java:62)
	org.springframework.web.filter.OncePerRequestFilter.doFilter(OncePerRequestFilter.java:116)
	org.springframework.security.web.FilterChainProxy$VirtualFilterChain.doFilter(FilterChainProxy.java:374)
	org.springframework.security.web.session.DisableEncodeUrlFilter.doFilterInternal(DisableEncodeUrlFilter.java:42)
	org.springframework.web.filter.OncePerRequestFilter.doFilter(OncePerRequestFilter.java:116)
	org.springframework.security.web.FilterChainProxy$VirtualFilterChain.doFilter(FilterChainProxy.java:374)
	org.springframework.security.web.FilterChainProxy.doFilterInternal(FilterChainProxy.java:233)
	org.springframework.security.web.FilterChainProxy.doFilter(FilterChainProxy.java:191)
	org.springframework.web.filter.CompositeFilter$VirtualFilterChain.doFilter(CompositeFilter.java:113)
	org.springframework.web.servlet.handler.HandlerMappingIntrospector.lambda$createCacheFilter$4(HandlerMappingIntrospector.java:267)
	org.springframework.web.filter.CompositeFilter$VirtualFilterChain.doFilter(CompositeFilter.java:113)
	org.springframework.web.filter.CompositeFilter.doFilter(CompositeFilter.java:74)
	org.springframework.security.config.annotation.web.configuration.WebMvcSecurityConfiguration$CompositeFilterChainProxy.doFilter(WebMvcSecurityConfiguration.java:238)
	org.springframework.web.filter.DelegatingFilterProxy.invokeDelegate(DelegatingFilterProxy.java:362)
	org.springframework.web.filter.DelegatingFilterProxy.doFilter(DelegatingFilterProxy.java:278)
</pre><p><b>Note</b> The full stack trace of the root cause is available in the server logs.</p><hr class="line" /><h3>Apache Tomcat/10.1.52</h3></body></html>). Retrying 1/3...
WARNING: Gaia query failed with server error (500). Retrying 2/3...
WARNING: Gaia query failed: 500
[LEGACY] N(joined)=289 cols=['ls_id', 'ra', 'dec', 'type', 'release', 'brickid', 'objid', 'shape_r', 'shape_e1', 'shape_e2', 'z_phot_l95', 'z_phot_u95', 'z_phot_mean']
[GAL][LEGACY] (LS J123338.97+091111.0) ra=188.412355 dec=9.186394 RA=12:33:38.97 DEC=+09:11:11.02 type=REX z_l95=0.307 a=2.00" b=2.00" pa=0.0 z_mean=0.499 z_u95=0.660 sigma_z~0.090 SNR=5.4
[LEGACY] Legacy masking succeeded; skipping PS1/SDSS/NED fallback catalogs.
[STAR] SDSS (SDSS J123338.96+091018.1) ra=188.412328 dec=9.171703 RA=12:33:38.96 DEC=+09:10:18.13 r_arcsec=2.50
[STAR] SDSS (SDSS J123339.01+091013.4) ra=188.412535 dec=9.170378 RA=12:33:39.01 DEC=+09:10:13.36 r_arcsec=2.50
[STAR] SDSS (SDSS J123338.95+091011.4) ra=188.412307 dec=9.169821 RA=12:33:38.95 DEC=+09:10:11.35 r_arcsec=2.50
[STAR] SDSS (SDSS J123339.44+091018.5) ra=188.414335 dec=9.171795 RA=12:33:39.44 DEC=+09:10:18.46 r_arcsec=2.50
[STAR] SDSS (SDSS J123336.64+090951.2) ra=188.402682 dec=9.164222 RA=12:33:36.64 DEC=+09:09:51.20 r_arcsec=2.50
[STAR] SDSS (SDSS J123341.31+091112.6) ra=188.422127 dec=9.186834 RA=12:33:41.31 DEC=+09:11:12.60 r_arcsec=2.50
[STAR] SDSS (SDSS J123340.88+091049.9) ra=188.420342 dec=9.180519 RA=12:33:40.88 DEC=+09:10:49.87 r_arcsec=2.50
[STAR] SDSS (SDSS J123340.77+091042.4) ra=188.419872 dec=9.178437 RA=12:33:40.77 DEC=+09:10:42.37 r_arcsec=2.50
[STAR] SDSS (SDSS J123340.58+091040.8) ra=188.419091 dec=9.177988 RA=12:33:40.58 DEC=+09:10:40.76 r_arcsec=2.50
[STAR] SDSS (SDSS J123339.94+091041.1) ra=188.416419 dec=9.178087 RA=12:33:39.94 DEC=+09:10:41.11 r_arcsec=2.50
[STAR] SDSS (SDSS J123338.96+091016.5) ra=188.412332 dec=9.171261 RA=12:33:38.96 DEC=+09:10:16.54 r_arcsec=2.50
[STAR] SDSS (SDSS J123337.74+090954.5) ra=188.407242 dec=9.165144 RA=12:33:37.74 DEC=+09:09:54.52 r_arcsec=2.50
[STAR] SDSS (SDSS J123336.83+090955.9) ra=188.403452 dec=9.165525 RA=12:33:36.83 DEC=+09:09:55.89 r_arcsec=2.50
[STAR] SDSS (SDSS J123340.79+091045.6) ra=188.419973 dec=9.179343 RA=12:33:40.79 DEC=+09:10:45.64 r_arcsec=2.50
[STAR] SDSS (SDSS J123340.39+091034.9) ra=188.418294 dec=9.176370 RA=12:33:40.39 DEC=+09:10:34.93 r_arcsec=2.50
[STAR] SDSS (SDSS J123339.07+090945.7) ra=188.412800 dec=9.162706 RA=12:33:39.07 DEC=+09:09:45.74 r_arcsec=2.50
[STAR] SDSS (SDSS J123337.15+091014.0) ra=188.404791 dec=9.170567 RA=12:33:37.15 DEC=+09:10:14.04 r_arcsec=2.50
[STAR] SDSS (SDSS J123338.95+091111.0) ra=188.412308 dec=9.186400 RA=12:33:38.95 DEC=+09:11:11.04 r_arcsec=2.50
[STAR] SDSS (SDSS J123338.40+091057.8) ra=188.410017 dec=9.182735 RA=12:33:38.40 DEC=+09:10:57.85 r_arcsec=2.50
[OK] Wrote NGC4522_mask.fits (shape=(659, 590), masked=8367 px; stars=19, galaxies=1)
[OK] Wrote NGC4522_combined_VRI_mask.png
[TIME] NGC4522_DATACUBE_FINAL_WCS_Pall_mad_red_v3tk_VRI.fits runtime_s=87.52
[FOV] NGC4567_8: nx=971 ny=1059 pixscale=0.2000"/pix rad=2.559 arcmin
[FOV] FoV mask coverage: 50.35%
WARNING: Gaia query failed with server error (500). Retrying 1/3...
WARNING: Gaia query failed with server error (500). Retrying 2/3...
[0;32mINFO[0m: Query finished. [astroquery.utils.tap.core]
[Gaia] mode=foreground (foreground thresholds: plx≥0.002 mas & SNR≥5.0 OR pm≥0.02 mas/yr & SNR≥5.0)
[STAR] Gaia DR3 3904332667447448448 (GAIA J123632.81+111419.8) ra=189.136715 dec=11.238829 RA=12:36:32.81 DEC=+11:14:19.78 GaiaG=19.14 r_arcsec=2.50 | plx=0.482±0.331 mas (SNR=1.5) | pm=6.57±0.58 mas/yr (SNR=11.4) | foreground because PM: pm≥0.02 mas/yr and SNR≥5.0
[STAR] Gaia DR3 3904332701806139776 (GAIA J123637.01+111437.4) ra=189.154219 dec=11.243717 RA=12:36:37.01 DEC=+11:14:37.38 GaiaG=18.75 r_arcsec=2.50 | plx=0.156±0.253 mas (SNR=0.6) | pm=12.95±0.39 mas/yr (SNR=32.8) | foreground because PM: pm≥0.02 mas/yr and SNR≥5.0
[STAR] Gaia DR3 3904332706099725184 (GAIA J123638.33+111443.3) ra=189.159693 dec=11.245370 RA=12:36:38.33 DEC=+11:14:43.33 GaiaG=20.51 r_arcsec=2.50 | plx=-0.108±0.991 mas (SNR=-0.1) | pm=14.33±1.66 mas/yr (SNR=8.7) | foreground because PM: pm≥0.02 mas/yr and SNR≥5.0
[STAR] Gaia DR3 3904332701806127488 (GAIA J123635.52+111451.2) ra=189.147989 dec=11.247553 RA=12:36:35.52 DEC=+11:14:51.19 GaiaG=19.06 r_arcsec=2.50 | plx=0.606±0.316 mas (SNR=1.9) | pm=31.07±0.49 mas/yr (SNR=62.8) | foreground because PM: pm≥0.02 mas/yr and SNR≥5.0
[STAR] Gaia DR3 3904332358208728576 (GAIA J123633.74+111328.1) ra=189.140564 dec=11.224485 RA=12:36:33.74 DEC=+11:13:28.15 GaiaG=18.97 r_arcsec=2.50 | plx=1.635±0.340 mas (SNR=4.8) | pm=36.44±0.57 mas/yr (SNR=63.5) | foreground because PM: pm≥0.02 mas/yr and SNR≥5.0
[LEGACY] N(joined)=313 cols=['ls_id', 'ra', 'dec', 'type', 'release', 'brickid', 'objid', 'shape_r', 'shape_e1', 'shape_e2', 'z_phot_l95', 'z_phot_u95', 'z_phot_mean']
[OK] Wrote NGC4567_8_mask.fits (shape=(1059, 971), masked=2205 px; stars=5, galaxies=0)
[OK] Wrote NGC4567_8_combined_VRI_mask.png
[TIME] NGC4567_8_DATACUBE_FINAL_WCS_Pall_mad_red_v3tk_VRI.fits runtime_s=17.55
[FOV] NGC4580: nx=647 ny=619 pixscale=0.2000"/pix rad=1.657 arcmin
[FOV] FoV mask coverage: 46.17%
[0;32mINFO[0m: Query finished. [astroquery.utils.tap.core]
[Gaia] mode=foreground (foreground thresholds: plx≥0.002 mas & SNR≥5.0 OR pm≥0.02 mas/yr & SNR≥5.0)
[STAR] Gaia DR3 3707538468533861376 (GAIA J123748.56+052217.4) ra=189.452331 dec=5.371487 RA=12:37:48.56 DEC=+05:22:17.35 GaiaG=18.82 r_arcsec=2.50 | plx=0.173±0.289 mas (SNR=0.6) | pm=16.26±0.43 mas/yr (SNR=37.7) | foreground because PM: pm≥0.02 mas/yr and SNR≥5.0
[LEGACY] N(joined)=176 cols=['ls_id', 'ra', 'dec', 'type', 'release', 'brickid', 'objid', 'shape_r', 'shape_e1', 'shape_e2', 'z_phot_l95', 'z_phot_u95', 'z_phot_mean']
[OK] Wrote NGC4580_mask.fits (shape=(619, 647), masked=487 px; stars=1, galaxies=0)
[OK] Wrote NGC4580_combined_VRI_mask.png
[TIME] NGC4580_DATACUBE_FINAL_WCS_Pall_mad_red_v3tk_VRI.fits runtime_s=12.82
[FOV] NGC4606: nx=434 ny=435 pixscale=0.2000"/pix rad=1.188 arcmin
[FOV] FoV mask coverage: 51.84%
500 Error 500:
Unable to create connection to database for pool [uws_management_pool_storage]:This connection has been closed.
WARNING: Gaia query failed with server error (Error 500:
Unable to create connection to database for pool [uws_management_pool_storage]:This connection has been closed.). Retrying 1/3...
WARNING: Gaia query failed with server error (500). Retrying 2/3...
500 Error 500:
Unable to create connection to database for pool [uws_management_pool_storage]:This connection has been closed.
WARNING: Gaia query failed: Error 500:
Unable to create connection to database for pool [uws_management_pool_storage]:This connection has been closed.
[LEGACY] N(joined)=50 cols=['ls_id', 'ra', 'dec', 'type', 'release', 'brickid', 'objid', 'shape_r', 'shape_e1', 'shape_e2', 'z_phot_l95', 'z_phot_u95', 'z_phot_mean']
[STAR] SDSS (SDSS J124058.42+115412.6) ra=190.243397 dec=11.903510 RA=12:40:58.42 DEC=+11:54:12.63 r_arcsec=2.50
[STAR] SDSS (SDSS J124058.79+115412.5) ra=190.244960 dec=11.903464 RA=12:40:58.79 DEC=+11:54:12.47 r_arcsec=2.50
[STAR] SDSS (SDSS J124056.75+115411.8) ra=190.236466 dec=11.903286 RA=12:40:56.75 DEC=+11:54:11.83 r_arcsec=8.46
[STAR] SDSS (SDSS J124056.75+115411.8) ra=190.236464 dec=11.903282 RA=12:40:56.75 DEC=+11:54:11.82 r_arcsec=8.43
[STAR] SDSS (SDSS J124056.75+115412.2) ra=190.236456 dec=11.903389 RA=12:40:56.75 DEC=+11:54:12.20 r_arcsec=6.78
[STAR] SDSS (SDSS J124059.19+115505.9) ra=190.246614 dec=11.918318 RA=12:40:59.19 DEC=+11:55:05.95 r_arcsec=2.50
[STAR] SDSS (SDSS J124059.64+115500.3) ra=190.248497 dec=11.916736 RA=12:40:59.64 DEC=+11:55:00.25 r_arcsec=2.50
[STAR] SDSS (SDSS J124059.68+115433.7) ra=190.248669 dec=11.909365 RA=12:40:59.68 DEC=+11:54:33.71 r_arcsec=2.50
[STAR] SDSS (SDSS J124057.11+115501.7) ra=190.237944 dec=11.917128 RA=12:40:57.11 DEC=+11:55:01.66 r_arcsec=2.50
[STAR] SDSS (SDSS J124057.09+115501.3) ra=190.237896 dec=11.917037 RA=12:40:57.09 DEC=+11:55:01.33 r_arcsec=2.50
[STAR] SDSS (SDSS J124059.31+115457.2) ra=190.247131 dec=11.915879 RA=12:40:59.31 DEC=+11:54:57.16 r_arcsec=2.50
[STAR] SDSS (SDSS J124058.88+115501.3) ra=190.245353 dec=11.917026 RA=12:40:58.88 DEC=+11:55:01.29 r_arcsec=2.50
[STAR] SDSS (SDSS J124058.90+115501.6) ra=190.245425 dec=11.917110 RA=12:40:58.90 DEC=+11:55:01.60 r_arcsec=2.50
[STAR] SDSS (SDSS J124058.05+115500.3) ra=190.241863 dec=11.916759 RA=12:40:58.05 DEC=+11:55:00.33 r_arcsec=2.50
[STAR] SDSS (SDSS J124057.48+115424.9) ra=190.239480 dec=11.906908 RA=12:40:57.48 DEC=+11:54:24.87 r_arcsec=2.50
[STAR] SDSS (SDSS J124057.47+115424.7) ra=190.239457 dec=11.906872 RA=12:40:57.47 DEC=+11:54:24.74 r_arcsec=2.50
[STAR] SDSS (SDSS J124057.48+115424.8) ra=190.239481 dec=11.906882 RA=12:40:57.48 DEC=+11:54:24.77 r_arcsec=2.50
[STAR] SDSS (SDSS J124057.07+115427.7) ra=190.237776 dec=11.907685 RA=12:40:57.07 DEC=+11:54:27.67 r_arcsec=2.50
[STAR] SDSS (SDSS J124058.63+115422.3) ra=190.244305 dec=11.906182 RA=12:40:58.63 DEC=+11:54:22.26 r_arcsec=2.50
[STAR] SDSS (SDSS J124057.08+115432.7) ra=190.237847 dec=11.909078 RA=12:40:57.08 DEC=+11:54:32.68 r_arcsec=2.50
[STAR] SDSS (SDSS J124057.94+115446.9) ra=190.241417 dec=11.913020 RA=12:40:57.94 DEC=+11:54:46.87 r_arcsec=2.50
[STAR] SDSS (SDSS J124057.94+115446.9) ra=190.241406 dec=11.913016 RA=12:40:57.94 DEC=+11:54:46.86 r_arcsec=2.50
[STAR] SDSS (SDSS J124059.44+115435.4) ra=190.247683 dec=11.909826 RA=12:40:59.44 DEC=+11:54:35.37 r_arcsec=2.50
[STAR] SDSS (SDSS J124059.18+115454.8) ra=190.246565 dec=11.915235 RA=12:40:59.18 DEC=+11:54:54.84 r_arcsec=2.50
[STAR] SDSS (SDSS J124058.96+115437.1) ra=190.245669 dec=11.910307 RA=12:40:58.96 DEC=+11:54:37.11 r_arcsec=2.50
[STAR] SDSS (SDSS J124055.99+115420.5) ra=190.233287 dec=11.905694 RA=12:40:55.99 DEC=+11:54:20.50 r_arcsec=2.50
[STAR] SDSS (SDSS J124056.73+115435.6) ra=190.236386 dec=11.909893 RA=12:40:56.73 DEC=+11:54:35.61 r_arcsec=2.50
[STAR] SDSS (SDSS J124055.71+115452.2) ra=190.232108 dec=11.914497 RA=12:40:55.71 DEC=+11:54:52.19 r_arcsec=2.50
[STAR] SDSS (SDSS J124055.83+115458.5) ra=190.232608 dec=11.916240 RA=12:40:55.83 DEC=+11:54:58.47 r_arcsec=2.50
[OK] Wrote NGC4606_mask.fits (shape=(435, 434), masked=9327 px; stars=29, galaxies=0)
WARNING: NGC4606_combined_VRI_mask.png size=(434, 434) != FITS size=(434, 435); resizing output PNG.
[OK] Wrote NGC4606_combined_VRI_mask.png
[TIME] NGC4606_DATACUBE_FINAL_WCS_Pall_mad_red_v3tk_VRI.fits runtime_s=86.18
[FOV] NGC4607: nx=315 ny=598 pixscale=0.2000"/pix rad=1.291 arcmin
[FOV] FoV mask coverage: 96.71%
500 Error 500:
Unable to create connection to database for pool [uws_management_pool_storage]:This connection has been closed.
WARNING: Gaia query failed with server error (Error 500:
Unable to create connection to database for pool [uws_management_pool_storage]:This connection has been closed.). Retrying 1/3...
WARNING: Gaia query failed with server error (500). Retrying 2/3...
WARNING: Gaia query failed: 500
[LEGACY] N(joined)=122 cols=['ls_id', 'ra', 'dec', 'type', 'release', 'brickid', 'objid', 'shape_r', 'shape_e1', 'shape_e2', 'z_phot_l95', 'z_phot_u95', 'z_phot_mean']
[GAL][LEGACY] (LS J124113.59+115405.5) ra=190.306612 dec=11.901522 RA=12:41:13.59 DEC=+11:54:05.48 type=DEV z_l95=0.591 a=8.55" b=3.38" pa=73.7 z_mean=0.977 z_u95=1.241 sigma_z~0.166 SNR=5.8
[LEGACY] Legacy masking succeeded; skipping PS1/SDSS/NED fallback catalogs.
[STAR] SDSS (SDSS J124114.24+115405.9) ra=190.309330 dec=11.901648 RA=12:41:14.24 DEC=+11:54:05.93 r_arcsec=2.50
[STAR] SDSS (SDSS J124110.44+115257.0) ra=190.293505 dec=11.882488 RA=12:41:10.44 DEC=+11:52:56.96 r_arcsec=2.50
[STAR] SDSS (SDSS J124111.06+115246.1) ra=190.296085 dec=11.879467 RA=12:41:11.06 DEC=+11:52:46.08 r_arcsec=2.50
[STAR] SDSS (SDSS J124112.15+115231.3) ra=190.300612 dec=11.875358 RA=12:41:12.15 DEC=+11:52:31.29 r_arcsec=2.50
[STAR] SDSS (SDSS J124112.22+115235.9) ra=190.300931 dec=11.876626 RA=12:41:12.22 DEC=+11:52:35.85 r_arcsec=2.50
[STAR] SDSS (SDSS J124112.23+115244.2) ra=190.300944 dec=11.878956 RA=12:41:12.23 DEC=+11:52:44.24 r_arcsec=2.50
[STAR] SDSS (SDSS J124110.57+115249.6) ra=190.294056 dec=11.880432 RA=12:41:10.57 DEC=+11:52:49.56 r_arcsec=2.50
[STAR] SDSS (SDSS J124112.18+115224.4) ra=190.300750 dec=11.873437 RA=12:41:12.18 DEC=+11:52:24.37 r_arcsec=2.50
[STAR] SDSS (SDSS J124112.20+115222.4) ra=190.300824 dec=11.872878 RA=12:41:12.20 DEC=+11:52:22.36 r_arcsec=2.50
[STAR] SDSS (SDSS J124112.44+115353.2) ra=190.301821 dec=11.898120 RA=12:41:12.44 DEC=+11:53:53.23 r_arcsec=2.50
[STAR] SDSS (SDSS J124112.47+115358.2) ra=190.301968 dec=11.899500 RA=12:41:12.47 DEC=+11:53:58.20 r_arcsec=2.50
[STAR] SDSS (SDSS J124112.61+115400.9) ra=190.302521 dec=11.900254 RA=12:41:12.61 DEC=+11:54:00.92 r_arcsec=2.50
[STAR] SDSS (SDSS J124112.26+115407.1) ra=190.301089 dec=11.901973 RA=12:41:12.26 DEC=+11:54:07.10 r_arcsec=2.50
[STAR] SDSS (SDSS J124112.75+115317.0) ra=190.303131 dec=11.888045 RA=12:41:12.75 DEC=+11:53:16.96 r_arcsec=2.50
[STAR] SDSS (SDSS J124112.18+115312.8) ra=190.300766 dec=11.886882 RA=12:41:12.18 DEC=+11:53:12.78 r_arcsec=2.50
[STAR] SDSS (SDSS J124112.49+115336.8) ra=190.302059 dec=11.893545 RA=12:41:12.49 DEC=+11:53:36.76 r_arcsec=2.50
[STAR] SDSS (SDSS J124112.49+115336.8) ra=190.302060 dec=11.893545 RA=12:41:12.49 DEC=+11:53:36.76 r_arcsec=2.50
[STAR] SDSS (SDSS J124112.59+115325.2) ra=190.302459 dec=11.890347 RA=12:41:12.59 DEC=+11:53:25.25 r_arcsec=2.50
[STAR] SDSS (SDSS J124112.52+115333.6) ra=190.302149 dec=11.892672 RA=12:41:12.52 DEC=+11:53:33.62 r_arcsec=2.50
[STAR] SDSS (SDSS J124112.52+115333.6) ra=190.302156 dec=11.892659 RA=12:41:12.52 DEC=+11:53:33.57 r_arcsec=2.50
[STAR] SDSS (SDSS J124110.38+115337.6) ra=190.293251 dec=11.893787 RA=12:41:10.38 DEC=+11:53:37.63 r_arcsec=2.50
[STAR] SDSS (SDSS J124111.13+115344.6) ra=190.296360 dec=11.895715 RA=12:41:11.13 DEC=+11:53:44.57 r_arcsec=2.50
[STAR] SDSS (SDSS J124112.53+115345.5) ra=190.302219 dec=11.895967 RA=12:41:12.53 DEC=+11:53:45.48 r_arcsec=2.50
[STAR] SDSS (SDSS J124112.53+115345.5) ra=190.302224 dec=11.895961 RA=12:41:12.53 DEC=+11:53:45.46 r_arcsec=2.50
[STAR] SDSS (SDSS J124112.52+115345.5) ra=190.302176 dec=11.895980 RA=12:41:12.52 DEC=+11:53:45.53 r_arcsec=2.50
[STAR] SDSS (SDSS J124112.48+115341.4) ra=190.301985 dec=11.894832 RA=12:41:12.48 DEC=+11:53:41.40 r_arcsec=2.50
[STAR] SDSS (SDSS J124111.66+115357.3) ra=190.298583 dec=11.899247 RA=12:41:11.66 DEC=+11:53:57.29 r_arcsec=2.50
[STAR] SDSS (SDSS J124111.69+115357.5) ra=190.298708 dec=11.899304 RA=12:41:11.69 DEC=+11:53:57.49 r_arcsec=2.50
[STAR] SDSS (SDSS J124112.47+115301.5) ra=190.301966 dec=11.883754 RA=12:41:12.47 DEC=+11:53:01.51 r_arcsec=2.50
[STAR] SDSS (SDSS J124112.26+115306.3) ra=190.301101 dec=11.885088 RA=12:41:12.26 DEC=+11:53:06.32 r_arcsec=2.50
[STAR] SDSS (SDSS J124112.27+115305.6) ra=190.301121 dec=11.884877 RA=12:41:12.27 DEC=+11:53:05.56 r_arcsec=2.50
[STAR] SDSS (SDSS J124110.46+115330.0) ra=190.293600 dec=11.891673 RA=12:41:10.46 DEC=+11:53:30.02 r_arcsec=2.50
[STAR] SDSS (SDSS J124110.76+115302.7) ra=190.294847 dec=11.884090 RA=12:41:10.76 DEC=+11:53:02.72 r_arcsec=2.50
[STAR] SDSS (SDSS J124110.35+115317.1) ra=190.293129 dec=11.888086 RA=12:41:10.35 DEC=+11:53:17.11 r_arcsec=2.50
[STAR] SDSS (SDSS J124111.13+115308.6) ra=190.296393 dec=11.885734 RA=12:41:11.13 DEC=+11:53:08.64 r_arcsec=2.50
[STAR] SDSS (SDSS J124113.89+115235.0) ra=190.307890 dec=11.876403 RA=12:41:13.89 DEC=+11:52:35.05 r_arcsec=2.50
[STAR] SDSS (SDSS J124113.57+115407.0) ra=190.306548 dec=11.901931 RA=12:41:13.57 DEC=+11:54:06.95 r_arcsec=2.50
[STAR] SDSS (SDSS J124113.57+115407.0) ra=190.306546 dec=11.901934 RA=12:41:13.57 DEC=+11:54:06.96 r_arcsec=2.50
[STAR] SDSS (SDSS J124113.57+115407.0) ra=190.306523 dec=11.901935 RA=12:41:13.57 DEC=+11:54:06.97 r_arcsec=2.50
[STAR] SDSS (SDSS J124114.06+115345.9) ra=190.308564 dec=11.896086 RA=12:41:14.06 DEC=+11:53:45.91 r_arcsec=2.50
[STAR] SDSS (SDSS J124114.22+115354.5) ra=190.309239 dec=11.898483 RA=12:41:14.22 DEC=+11:53:54.54 r_arcsec=2.50
[STAR] SDSS (SDSS J124114.37+115348.4) ra=190.309864 dec=11.896775 RA=12:41:14.37 DEC=+11:53:48.39 r_arcsec=2.50
[STAR] SDSS (SDSS J124113.05+115324.2) ra=190.304377 dec=11.890069 RA=12:41:13.05 DEC=+11:53:24.25 r_arcsec=2.50
[STAR] SDSS (SDSS J124113.09+115324.1) ra=190.304521 dec=11.890019 RA=12:41:13.09 DEC=+11:53:24.07 r_arcsec=2.50
[STAR] SDSS (SDSS J124114.25+115313.3) ra=190.309392 dec=11.887034 RA=12:41:14.25 DEC=+11:53:13.32 r_arcsec=2.50
[STAR] SDSS (SDSS J124114.13+115325.9) ra=190.308878 dec=11.890516 RA=12:41:14.13 DEC=+11:53:25.86 r_arcsec=2.50
[STAR] SDSS (SDSS J124114.04+115331.0) ra=190.308519 dec=11.891942 RA=12:41:14.04 DEC=+11:53:30.99 r_arcsec=2.50
[STAR] SDSS (SDSS J124114.28+115244.9) ra=190.309503 dec=11.879148 RA=12:41:14.28 DEC=+11:52:44.93 r_arcsec=2.50
[STAR] SDSS (SDSS J124114.03+115254.3) ra=190.308458 dec=11.881742 RA=12:41:14.03 DEC=+11:52:54.27 r_arcsec=2.50
[STAR] SDSS (SDSS J124114.02+115254.2) ra=190.308408 dec=11.881714 RA=12:41:14.02 DEC=+11:52:54.17 r_arcsec=2.50
[STAR] SDSS (SDSS J124113.96+115248.6) ra=190.308152 dec=11.880171 RA=12:41:13.96 DEC=+11:52:48.62 r_arcsec=2.50
[STAR] SDSS (SDSS J124114.33+115254.3) ra=190.309724 dec=11.881755 RA=12:41:14.33 DEC=+11:52:54.32 r_arcsec=2.50
[STAR] SDSS (SDSS J124114.37+115253.9) ra=190.309883 dec=11.881652 RA=12:41:14.37 DEC=+11:52:53.95 r_arcsec=2.50
[OK] Wrote NGC4607_mask.fits (shape=(598, 315), masked=21262 px; stars=53, galaxies=1)
[OK] Wrote NGC4607_combined_VRI_mask.png
[TIME] NGC4607_DATACUBE_FINAL_WCS_Pall_mad_red_v3tk_VRI.fits runtime_s=125.28
[FOV] NGC4694: nx=439 ny=441 pixscale=0.2000"/pix rad=1.201 arcmin
[FOV] FoV mask coverage: 50.33%
WARNING: Gaia query failed with server error (500). Retrying 1/3...
[0;32mINFO[0m: Query finished. [astroquery.utils.tap.core]
[Gaia] mode=foreground (foreground thresholds: plx≥0.002 mas & SNR≥5.0 OR pm≥0.02 mas/yr & SNR≥5.0)
[STAR] Gaia DR3 3927389155697596800 (GAIA J124816.55+105912.4) ra=192.068946 dec=10.986765 RA=12:48:16.55 DEC=+10:59:12.35 GaiaG=17.40 r_arcsec=2.66 | plx=0.483±0.093 mas (SNR=5.2) | pm=15.84±0.15 mas/yr (SNR=106.3) | foreground because PARALLAX: plx≥0.002 mas and SNR≥5.0 OR PM: pm≥0.02 mas/yr and SNR≥5.0
[LEGACY] N(joined)=151 cols=['ls_id', 'ra', 'dec', 'type', 'release', 'brickid', 'objid', 'shape_r', 'shape_e1', 'shape_e2', 'z_phot_l95', 'z_phot_u95', 'z_phot_mean']
[OK] Wrote NGC4694_mask.fits (shape=(441, 439), masked=550 px; stars=1, galaxies=0)
WARNING: NGC4694_combined_VRI_mask.png size=(438, 441) != FITS size=(439, 441); resizing output PNG.
[OK] Wrote NGC4694_combined_VRI_mask.png
[TIME] NGC4694_DATACUBE_FINAL_WCS_Pall_mad_red_v3tk_VRI.fits runtime_s=9.82
[FOV] NGC4698: nx=608 ny=1189 pixscale=0.2000"/pix rad=2.390 arcmin
[FOV] FoV mask coverage: 49.65%
[0;32mINFO[0m: Query finished. [astroquery.utils.tap.core]
[Gaia] mode=foreground (foreground thresholds: plx≥0.002 mas & SNR≥5.0 OR pm≥0.02 mas/yr & SNR≥5.0)
[STAR] Gaia DR3 3710604800306419072 (GAIA J124825.20+082844.8) ra=192.105001 dec=8.479107 RA=12:48:25.20 DEC=+08:28:44.78 GaiaG=19.03 r_arcsec=2.50 | plx=0.324±0.243 mas (SNR=1.3) | pm=4.67±0.43 mas/yr (SNR=10.9) | foreground because PM: pm≥0.02 mas/yr and SNR≥5.0
[LEGACY] N(joined)=393 cols=['ls_id', 'ra', 'dec', 'type', 'release', 'brickid', 'objid', 'shape_r', 'shape_e1', 'shape_e2', 'z_phot_l95', 'z_phot_u95', 'z_phot_mean']
[OK] Wrote NGC4698_mask.fits (shape=(1189, 608), masked=493 px; stars=1, galaxies=0)
[OK] Wrote NGC4698_combined_VRI_mask.png
[TIME] NGC4698_DATACUBE_FINAL_WCS_Pall_mad_red_v3tk_VRI.fits runtime_s=11.17
[TIME] total runtime_s=1640.03
=== v3tk masking run end:   2026-05-21T17:06:01 ===
