time_coordinate_gyr,ha_surface,hii_ha_surface,non_hii_ha_surface,w_non_hii,nii_ha,sii_ha,oiii_hb,nii_surface,sii_surface,oiii_surface,required_f_hii,required_f_leak_absorbed,required_f_unabs
0.0,3.557592149526691e+39,2.1246340523786322e+39,1.4329580971480585e+39,0.402788750626938,0.3730597252382364,0.3006971876567345,0.6505577501253876,1.3271943498121341e+39,1.0697579541923527e+39,8.092374631677712e+38,0.5673506869044089,0.3826493130955911,0.04999999999999999
0.002,3.5435841533665164e+39,2.1116221199449922e+39,1.431962033421524e+39,0.40409990886236324,0.37355796536769803,0.30102497721559085,0.6508199817724727,1.3237340864408126e+39,1.0667073390286845e+39,8.063760049311956e+38,0.5638765570628075,0.3823836725443186,0.05373977039287392
0.004,3.5296565387792857e+39,2.0986898767102842e+39,1.4309666620690018e+39,0.40541243782430303,0.37405672637323517,0.30135310945607574,0.6510824875648606,1.3202917701176635e+39,1.0636729732731076e+39,8.035306152160817e+38,0.5604261620306373,0.38211989456688494,0.057453943402477725
0.006,3.5158088172418086e+39,2.085836834632593e+39,1.429971982609216e+39,0.40672632015612414,0.3745560016593272,0.30168158003903106,0.6513452640312247,1.3168672931847e+39,1.0606547591006658e+39,8.007011966257601e+38,0.5570006453485243,0.3818588798121114,0.061140474839364245
0.008,3.502040503220151e+39,2.0730625086589264e+39,1.4289779945612245e+39,0.408041538425175,0.37505578460156647,0.30201038460629376,0.651608307685035,1.3134605486416985e+39,1.0576525992843365e+39,7.978876523593466e+38,0.5536004412821277,0.38160105885244094,0.06479849986543135
0.01,3.488351114151331e+39,2.060366416706911e+39,1.42798469744442e+39,0.4093580751236475,0.3755560685469861,0.3023395187809119,0.6518716150247295,1.3100714301421725e+39,1.0546663971913714e+39,7.950898862080919e+38,0.5502256248889198,0.38134662170381295,0.06842775340726726
0.012,3.4747401704251284e+39,2.0477480796465986e+39,1.42699209077853e+39,0.41067591266944714,0.3760568468143899,0.3026689781673618,0.6521351825338894,1.3066998319893695e+39,1.0516960567796583e+39,7.923078025517585e+38,0.5468760905776568,0.38109563556513204,0.07202827385721111
0.014,3.461207195365998e+39,2.0352070212823843e+39,1.4260001740836138e+39,0.41199503340707244,0.37655811269468753,0.30299875835176815,0.6523990066814145,1.3033456491322927e+39,1.0487414825941031e+39,7.895413063550146e+38,0.5435516431554523,0.3808481052088331,0.07560025163571454
0.016,3.4477517152151033e+39,2.0227427683350366e+39,1.4250089468800665e+39,0.41331541960850304,0.3770598594512311,0.30332885490212574,0.6526630839217006,1.3000087771617478e+39,1.0458025797630373e+39,7.867903031638539e+38,0.540252044223927,0.3806040039500589,0.07914395182601408
0.018000000000000002,3.43437325911245e+39,2.010354850423835e+39,1.424018408688615e+39,0.4146370534740962,0.3775620803201566,0.30365926336852406,0.6529274106948192,1.2966891123064128e+39,1.0428792539946438e+39,7.840546991020349e+38,0.5369770357944047,0.38036328952227827,0.08265967468331703
0.02,3.4210713590791425e+39,1.9980428000488215e+39,1.4230285590303207e+39,0.41595991713349134,0.3780647685107267,0.30398997928337285,0.6531919834266982,1.293386551428933e+39,1.0399714115734088e+39,7.813344008675438e+38,0.5337263522809287,0.38012591220982905,0.08614773550924226
0.022,3.407845549999731e+39,1.9858061525731538e+39,1.422039397426577e+39,0.4172839926465239,0.37856791720567906,0.30432099816163094,0.6534567985293047,1.29010099202204e+39,1.0370789593565903e+39,7.786293157290775e+38,0.5304997265646455,0.37989181900833185,0.08960845442702264
0.024,3.3946953696046844e+39,1.973644446205575e+39,1.4210509233991095e+39,0.4186092620041463,0.3790715195615756,0.3046523155010366,0.6537218524008293,1.2868323322046922e+39,1.0342018047707144e+39,7.759393515225496e+38,0.5272968930345654,0.379660955747549,0.09304215121788562
0.026000000000000002,3.3816203584529606e+39,1.9615572219829825e+39,1.4200631364699778e+39,0.41993570712935824,0.3795755687091561,0.30498392678233954,0.6539871414258716,1.2835804707182429e+39,1.0313398558080865e+39,7.732644166476165e+38,0.5241175890869225,0.37943326816917866,0.09644914274389882
0.028,3.3686200599146827e+39,1.9495440237531105e+39,1.4190760361615725e+39,0.4212633098781445,0.3800800577536949,0.3053158274695361,0.6542526619756289,1.2803453069226278e+39,1.0284930210233296e+39,7.706044200642251e+38,0.5209615558394026,0.3792087024687614,0.09982974169183595
0.03,3.35569402015393e+39,1.9376043981573134e+39,1.418089621996617e+39,0.4225920520404203,0.3805849797753597,0.3056480130101051,0.6545184104080841,1.2771267407925791e+39,1.0256612095299403e+39,7.679592712891831e+38,0.517828538446088,0.37898720556292514,0.10318425599098685
0.032,3.3428417881116234e+39,1.925737894613458e+39,1.4171038934981652e+39,0.4239219153409858,0.3810903278295746,0.3059804788352465,0.6547843830681972,1.2739246729138598e+39,1.0228443309968661e+39,7.653288803927478e+38,0.5147182862099666,0.378768725215981,0.10651298857405239
0.034,3.3300629154885234e+39,1.9139440652989192e+39,1.416118850189604e+39,0.4252528814404871,0.3815960949473851,0.30631322036012176,0.6550505762880974,1.2707390044795246e+39,1.0200422956451056e+39,7.627131579952374e+38,0.5116305525934155,0.3785532100946233,0.10981623731196122
0.036000000000000004,3.3173569567283303e+39,1.9022224651336794e+39,1.4151344915946506e+39,0.42658493193638575,0.38210227413582654,0.30664623298409643,0.6553169863872772,1.2675696372861997e+39,1.0172550142443288e+39,7.60112015263664e+38,0.5085650951778566,0.3783406097859983,0.11309429503614504
0.038,3.3047234690008855e+39,1.8905726517635317e+39,1.4141508172373538e+39,0.42791804836393554,0.3826088583782955,0.3069795120909839,0.6555836096727872,1.2644164737303893e+39,1.0144823981095156e+39,7.57525363908383e+38,0.5055216755986729,0.37813087479722823,0.11634744960409887
0.04,3.2921620121854806e+39,1.8789941855433874e+39,1.413167826642093e+39,0.42925221219716664,0.3831158406349233,0.3073130530492917,0.6558504424394332,1.2612794168048011e+39,1.0117243590976195e+39,7.5495311617977e+38,0.5025000594686667,0.377923956545666,0.11957598398566727
0.042,3.279672148854261e+39,1.867486629520683e+39,1.4121855193335782e+39,0.4305874048498778,0.3836232138429535,0.3076468512124695,0.6561174809699756,1.2581583700946969e+39,1.0089808096042469e+39,7.523951848649106e+38,0.49950001629679625,0.3777198073446285,0.1227801763585753
0.044,3.2672534442557406e+39,1.856049549418891e+39,1.41120389483685e+39,0.4319236076766347,0.3841309709171212,0.30798090191915867,0.6563847215353269,1.255053237774266e+39,1.0062516625603606e+39,7.498514832843154e+38,0.49652131940560223,0.3775183803870413,0.12596030020735655
0.046,3.2549054662984107e+39,1.8446825136211317e+39,1.410222952677279e+39,0.4332608019737767,0.38463910475003515,0.3083152004934442,0.6566521603947553,1.2519639246030164e+39,1.0035368314290019e+39,7.473219252886538e+38,0.49356374584902774,0.37731962972823435,0.1291166244227379
0.048,3.242627785534449e+39,1.833385093153883e+39,1.4092426923805657e+39,0.43459896898042977,0.3851476082125633,0.30864974224510744,0.656919793796086,1.2488903359221935e+39,1.0008362302020311e+39,7.448064252555067e+38,0.49062707633147196,0.3771235102685194,0.13224941340000862
0.05,3.2304199751435335e+39,1.8221568616707938e+39,1.4082631134727397e+39,0.4359380898795266,0.3856564741542201,0.3089845224698816,0.6571876179759053,1.2458323776512186e+39,9.981497733968915e+38,7.423048980861405e+38,0.48771109512847477,0.37692997773586473,0.1353589271356605
0.052000000000000005,3.218281610916754e+39,1.8109973954365925e+39,1.4072842154801618e+39,0.4372781457988337,0.3861656954035568,0.30931953644970844,0.6574556291597666,1.2427899562841474e+39,9.954773760533914e+38,7.398172592023014e+38,0.4848155900092086,0.3767389886688266,0.1384454213219648
0.054,3.206212271240616e+39,1.7999062733110964e+39,1.40630599792952e+39,0.43861911781198504,0.3866752647685543,0.3096547794529963,0.657723823562397,1.239762978886153e+39,9.928189537305033e+38,7.373434245430263e+38,0.4819403521608355,0.3765505003998086,0.141509147439356
0.056,3.1942115370811515e+39,1.7888830767333195e+39,1.4053284603478324e+39,0.4399609869395224,0.3871851750370185,0.3099902467348806,0.6579921973879044,1.2367513530900296e+39,9.901744225031885e+38,7.348833105614765e+38,0.47908517611473406,0.376364471038684,0.1445503528465819
0.058,3.182278991968121e+39,1.7779273897056752e+39,1.404351602262446e+39,0.4413037341499423,0.387695418976978,0.3103259335374856,0.6582607468299885,1.233754987092716e+39,9.875436989592359e+38,7.324368342217897e+38,0.47624985967457195,0.3761808594567912,0.1475692808686369
0.06,3.1704142219793145e+39,1.7670387987782787e+39,1.4033754232010358e+39,0.44264734036074865,0.3882059893370845,0.3106618350901872,0.6585294680721496,1.2307737896518429e+39,9.849267001961219e+38,7.300039129959496e+38,0.4734342038461859,0.3759996252713032,0.15056617088251095
0.062,3.158616815724948e+39,1.7562168930333424e+39,1.402399922691605e+39,0.4439917864395128,0.3887168788470149,0.31099794660987823,0.6587983572879025,1.2278076700822985e+39,9.823233438178909e+38,7.275844648606786e+38,0.47063801276922257,0.37582072882996553,0.1535412584008119
0.064,3.146886364332156e+39,1.7454612640696705e+39,1.4014251002624858e+39,0.4453370532049388,0.38922808021787675,0.3113342633012347,0.6590674106409877,1.224856538252819e+39,9.797335479320526e+38,7.251784082943448e+38,0.4678610936504982,0.37564413119619616,0.15649477515330562
0.066,3.135222461429582e+39,1.734771505987245e+39,1.4004509554423374e+39,0.44668312142793437,0.38973958614261506,0.3116707803569836,0.6593366242855869,1.2219203045825963e+39,9.771572311465008e+38,7.227856622738915e+38,0.4651032566990259,0.3754697941345381,0.15942694916643602
0.068,3.123624703132056e+39,1.7241472153719092e+39,1.399477487760147e+39,0.4480299718326891,0.3902513892964219,0.3120074929581723,0.6596059943665378,1.2189988800379084e+39,9.745943125664482e+38,7.204061462717837e+38,0.4623643150626651,0.3752976800964546,0.16233800484088035
0.07,3.11209268802537e+39,1.713587991280141e+39,1.398504696745229e+39,0.4493775850977573,0.3907634823371478,0.31234439627443933,0.6598755170195515,1.2160921761287685e+39,9.720447117913813e+38,7.180397802529744e+38,0.45964408476635144,0.3751277522064614,0.16522816302718718
0.07200000000000001,3.1006260171511497e+39,1.7030934352239245e+39,1.3975325819272252e+39,0.45072594185714665,0.3912758579057157,0.3126814854642867,0.6601451883714293,1.2132001049055983e+39,9.695083489120364e+38,7.156864846718883e+38,0.4569423846518558,0.37495997424858174,0.16809764109956238
0.074,3.089224293991815e+39,1.6926631511557106e+39,1.396561142836104e+39,0.4520750227014123,0.39178850862653664,0.3130187556753531,0.6604150045402823,1.2103225789559188e+39,9.669851445073891e+38,7.133461804694249e+38,0.4542590363190377,0.37479431065312013,0.17094665302784212
0.076,3.0778871244556325e+39,1.682296745453471e+39,1.3955903790021615e+39,0.45342480817875713,0.3923014271079277,0.3133562020446893,0.6606849616357514,1.2074595114010605e+39,9.644750196416668e+38,7.1101878906998e+38,0.4515938640685439,0.3746307264837427,0.17377540944771336
0.078,3.066614116861862e+39,1.6719938269058434e+39,1.394620289956019e+39,0.4547752787961357,0.39281460594253154,0.313693819699034,0.6609550557592272,1.2046108158928967e+39,9.619778958613773e+38,7.087042323784844e+38,0.44894669484591737,0.37446918742485785,0.17658411772922483
0.08,3.055404881925993e+39,1.6617540066973678e+39,1.3936508752286248e+39,0.456126415020365,0.39332803770773866,0.31403160375509126,0.661225283004073,1.2017764066105957e+39,9.594936951923549e+38,7.064024327774619e+38,0.4463173581870747,0.3743096597692888,0.17937298204363644
0.082,3.0442590327450663e+39,1.6515768983938136e+39,1.3926821343512528e+39,0.457478197279239,0.3938417149661108,0.31436954931980976,0.6614956394558478,1.1989561982573906e+39,9.570223401368265e+38,7.041133131241043e+38,0.44370568616511424,0.3741521104062284,0.18214220342865728
0.084,3.0331761847830986e+39,1.6414621179275957e+39,1.3917140668555033e+39,0.45883060596264846,0.39435563026580644,0.31470765149066215,0.6617661211925296,1.196150106057373e+39,9.545637536704956e+38,7.01836796747366e+38,0.4411115133384196,0.37399650680947144,0.18489197985210898
0.08600000000000001,3.022155955856583e+39,1.6314092835832805e+39,1.390746672273302e+39,0.46018362142370534,0.394869776141008,0.31504590535592636,0.662036724284741,1.1933580457523028e+39,9.52117859239642e+38,6.995728074450743e+38,0.4385346767000213,0.3738428170259147,0.18762250627406396
0.088,3.01119796612008e+39,1.621418015983181e+39,1.3897799501368995e+39,0.46153722397987235,0.39538414511235154,0.31538430599496814,0.6623074447959745,1.1905799335984396e+39,9.49684580758241e+38,6.973212694810579e+38,0.435975015628183,0.37369100966431795,0.19033397470749908
0.09,3.0003018380519115e+39,1.6114879380730394e+39,1.388813899978872e+39,0.4628913939140955,0.3958987296873563,0.3157228484785239,0.6625782787828192,1.1878156863633919e+39,9.472638426051004e+38,6.950821075822951e+38,0.4334323718381792,0.37354105388432085,0.19302657427749997
0.092,2.9894671964399184e+39,1.6016186751077974e+39,1.387848521332121e+39,0.4642461114759429,0.39641352236085836,0.3160615278689858,0.6628492222951886,1.1850652213229881e+39,9.44855569621014e+38,6.928552469360762e+38,0.43090658933523046,0.373392919385706,0.19570049127906358
0.094,2.978693668367327e+39,1.591809854637455e+39,1.3868838137298718e+39,0.46560135688274606,0.3969285156154435,0.31640033922068656,0.6631202713765492,1.1823284562581632e+39,9.424596871059335e+38,6.906406131871855e+38,0.42839751436856655,0.37324657639790393,0.19835590923352953
0.096,2.967980883198687e+39,1.5820611064930127e+39,1.3859197767056743e+39,0.46695711032074594,0.39744370192188344,0.3167392775801865,0.6633914220641491,1.1796053094518673e+39,9.40076120816156e+38,6.884381324351001e+38,0.42590499538658555,0.3731019956697323,0.20099300894368216
0.098,2.9573284725659074e+39,1.5723720627725046e+39,1.3849564097934032e+39,0.468313351946243,0.39795907373957234,0.31707833798656077,0.6636626703892485,1.1768956996859928e+39,9.377047969615323e+38,6.862477312312056e+38,0.42342888299308074,0.37295914845936473,0.20361196854755448
0.1,2.9467360703543695e+39,1.5627423578271126e+39,1.383993712527257e+39,0.4696700618867506,0.39847462351696517,0.3174175154716876,0.6639340123773501,1.1741995462383187e+39,9.35345642202688e+38,6.840693365760286e+38,0.4209690299045061,0.3728180065245219,0.20621296357097196
0.10200000000000001,2.936203312689125e+39,1.5531716282473677e+39,1.3830316844417573e+39,0.47102722024215216,0.3989903436920178,0.31775680506053805,0.6642054440484304,1.1715167688794751e+39,9.329985836482643e+38,6.81902875916487e+38,0.4185252909082511,0.3726785421128787,0.2087961669788702
0.10400000000000001,2.925729837921186e+39,1.543659512849436e+39,1.3820703250717503e+39,0.47238480708586217,0.39950622669262764,0.3180962017714656,0.6644769614171724,1.168847287869926e+39,9.306635488521749e+38,6.79748277143156e+38,0.41609752282190066,0.3725407279526839,0.2113617492254155
0.106,2.9153152866138925e+39,1.534205652661487e+39,1.3811096339524054e+39,0.4737428024659897,0.4000222649370761,0.3184357006164974,0.6647485604931979,1.1661910239569704e+39,9.283404658108798e+38,6.776054685875523e+38,0.41368558445345216,0.3724045372435855,0.21390987830296232
0.108,2.904959301529363e+39,1.5248096909101492e+39,1.3801496106192142e+39,0.4751011864065056,0.40053845083447215,0.3187752966016264,0.6650202372813011,1.1635478983717613e+39,9.260292629606762e+38,6.754743790194335e+38,0.4112893365624647,0.37226994364765575,0.21644071978987955
0.11,2.8946615276150344e+39,1.5154712730070427e+39,1.379190254607992e+39,0.4764599389084127,0.4010547767851968,0.31911498472710315,0.6652919877816825,1.1609178328263445e+39,9.237298691750047e+38,6.7335493764411464e+38,0.40890864182211556,0.3721369212806127,0.2189544368972718
0.112,2.884421611990276e+39,1.5061900465354e+39,1.3782315654548762e+39,0.4778190399509191,0.4015712351813493,0.31945475998772976,0.6655638079901838,1.1583007495107137e+39,9.214422137617742e+38,6.712470740998015e+38,0.4065433647821412,0.37200544470323205,0.2214511905146267
0.114,2.874239203933093e+39,1.4969656612367654e+39,1.3772735426963276e+39,0.4791784694926136,0.40208781840719315,0.3197946173731534,0.6658356938985228,1.155696571089885e+39,9.191662264607006e+38,6.691507184549402e+38,0.4041933718326378,0.3718754889129443,0.22393113925441788
0.116,2.8641139548669054e+39,1.4877977689977774e+39,1.376316185869128e+39,0.48053820747264403,0.40260451883960474,0.320134551868161,0.6661076414945287,1.153105220700988e+39,9.16901837440663e+38,6.67065801205581e+38,0.4018585311687007,0.37174702933561293,0.22639443949568644
0.11800000000000001,2.8540455183474124e+39,1.4786860238370302e+39,1.375359494510382e+39,0.48189823381189834,0.40312132884852137,0.32047455845297457,0.6663796467623797,1.1505266219503759e+39,9.14648977297078e+38,6.649922532727629e+38,0.39953871275587943,0.3716200418174899,0.2288412454266307
0.12,2.8440335500495347e+39,1.469630081892019e+39,1.3744034681575157e+39,0.48325852841418754,0.40363824079739125,0.3208146321035469,0.6666517056828376,1.1479606989107535e+39,9.124075770492859e+38,6.629300059999085e+38,0.3972337882964279,0.3714945026173418,0.23127170908623035
0.122,2.8340777077544373e+39,1.4606296014061608e+39,1.3734481063482768e+39,0.4846190711674308,0.4041552470436237,0.3211547677918577,0.6669238142334861,1.1454073761183214e+39,9.101775681379567e+38,6.6087899115023935e+38,0.3949436311963287,0.37137038839874487,0.23368598040492644
0.124,2.824177651336633e+39,1.451684242715899e+39,1.372493408620734e+39,0.4859798419448428,0.4046723399390402,0.32149496048621073,0.6671959683889686,1.1428665785699382e+39,9.079588824225103e+38,6.588391409042055e+38,0.3926681165330721,0.37124767622254307,0.23608420724438484
0.126,2.814333042751162e+39,1.442793668237884e+39,1.371539374513278e+39,0.4873408206061229,0.4051895118303267,0.3218352051515307,0.6674681641212246,1.1403382317203013e+39,9.057514521785519e+38,6.568103878569294e+38,0.39040712102417047,0.3711263435394667,0.23846653543636287
0.128,2.8045435460208523e+39,1.4339575424562336e+39,1.3705860035646187e+39,0.48870198699864587,0.40570675505948545,0.3221754967496615,0.6677403973997291,1.1378222614791427e+39,9.035552100953252e+38,6.547926650156677e+38,0.3881605229963869,0.37100636818290444,0.24083310882070863
0.13,2.7948088272236606e+39,1.4251755319098717e+39,1.369633295313789e+39,0.49006332095865424,0.4062240619642886,0.32251583023966357,0.6680126641917308,1.1353185942084451e+39,9.013700892731794e+38,6.527859057972882e+38,0.38592820235566433,0.3708877283618301,0.24318406928250563
0.132,2.7851285544800823e+39,1.416447305179943e+39,1.3686812493001397e+39,0.491424802312452,0.40674142487873177,0.32285620057811304,0.6682849604624903,1.1328271567196713e+39,8.991960232210515e+38,6.5079004402576045e+38,0.38371004055773167,0.37077040265387495,0.24551955678839343
0.134,2.77550239794065e+39,1.4077725328773063e+39,1.3677298650633437e+39,0.49278641087759945,0.4072588361334878,0.3231966027193999,0.6685572821755199,1.1303478762710136e+39,8.97032945853966e+38,6.488050139296641e+38,0.38150592057937527,0.37065436999854623,0.2478397094220785
0.136,2.765930029773497e+39,1.3991508876301042e+39,1.366779142143393e+39,0.49414812646410977,0.4077762880563617,0.3235370316160274,0.6688296252928219,1.1278806805646587e+39,8.948807914905477e+38,6.468307501397105e+38,0.3793157268903543,0.3705396096905862,0.2501446634190595
0.138,2.756411124152008e+39,1.3905820440714085e+39,1.3658290800805994e+39,0.4955099288756455,0.4082937729727453,0.3238774822189114,0.669101985775129,1.1254254977440695e+39,8.927394948505514e+38,6.448671876862812e+38,0.37713934542594646,0.370426101373468,0.2524345532005856
0.14,2.7469453572425356e+39,1.3820656788269406e+39,1.364879678415595e+39,0.49687179791071684,0.40881128320607235,0.32421794947767923,0.6693743595821433,1.1229822563912837e+39,8.90608991052406e+38,6.429142619969804e+38,0.3749766635601072,0.3703138250330274,0.2547095114068653
0.14200000000000002,2.737532407192199e+39,1.3736014705028693e+39,1.3639309366893296e+39,0.49823371336387967,0.4093288110782743,0.32455842834096993,0.6696467426727759,1.120550885524229e+39,8.884892156107722e+38,6.409719088942026e+38,0.3728275700792276,0.37020276099122407,0.2569696689295483
0.14400000000000002,2.728171954116754e+39,1.36518909967368e+39,1.362982854443074e+39,0.49959565502693537,0.4098463489102354,0.32489891375673385,0.669919131005387,1.118131314594054e+39,8.863801044341194e+38,6.3904006459271486e+38,0.3706919551564741,0.3700928899000319,0.25921515494349406
0.146,2.7188636800885387e+39,1.3568282488701226e+39,1.3620354312184163e+39,0.500957602690129,0.410363889022249,0.32523940067253226,0.6701915205380258,1.1157234734824766e+39,8.842815938223118e+38,6.371186656972553e+38,0.36856971032669866,0.36998419273545385,0.2614460969378474
0.148,2.7096072691244922e+39,1.348518602567228e+39,1.3610886665572641e+39,0.5023195361433499,0.41088142373447295,0.3255798840358375,0.67046390722867,1.1133272924991485e+39,8.821936204642145e+38,6.352076492001446e+38,0.3664607284619022,0.36987665079165866,0.2636626207464392
0.15,2.7004024071742463e+39,1.3402598471724029e+39,1.3601425600018434e+39,0.5036814351773309,0.4113989453673857,0.32592035879433273,0.6707362870354662,1.1109427023790346e+39,8.801161214353102e+38,6.333069524789122e+38,0.36436490374723907,0.369770245675237,0.26586485057752396
0.152,2.691248782108292e+39,1.3320516710135938e+39,1.3591971110946983e+39,0.5050432795848474,0.411916446242242,0.32626081989621186,0.6710086559169695,1.1085696342798096e+39,8.78049034195333e+38,6.314165132939392e+38,0.36228213165754847,0.36966495929957344,0.26805290904287815
0.154,2.6821460837062166e+39,1.3238937643275265e+39,1.3582523193786901e+39,0.5064050491619171,0.4124339186815285,0.32660126229047926,0.6712810098323834,1.1062080197792699e+39,8.759922965859157e+38,6.295362697861124e+38,0.360212308934401,0.36956077387933256,0.2702269171862665
0.156,2.673094003645014e+39,1.3157858192480144e+39,1.3573081843969995e+39,0.5077667237089989,0.4129513550094196,0.32694168092724973,0.6715533447417998,1.1038577908727628e+39,8.739458468282526e+38,6.276661604744958e+38,0.3581553335636456,0.3694576719250557,0.2723869945112987
0.158,2.6640922354874648e+39,1.3077275297943416e+39,1.3563647056931232e+39,0.5091282830321905,0.4134687475522324,0.3272820707580476,0.671825656606438,1.101518879970629e+39,8.719096235207737e+38,6.2580612425401376e+38,0.3561111047534469,0.3693556362378661,0.274533259008687
0.16,2.655140474670591e+39,1.2997185918597149e+39,1.3554218828108758e+39,0.5104897069444266,0.4139860886388821,0.32762242673610664,0.6720979413888852,1.0991912198956627e+39,8.698835656368371e+38,6.23956100393151e+38,0.3540795229127991,0.36925464990428003,0.2766658271829209
0.162,2.646238418494177e+39,1.2917587031997875e+39,1.3544797152943895e+39,0.5118509752666756,0.4145033706013367,0.3279627438166689,0.6723701950533351,1.096874743880587e+39,8.678676125224328e+38,6.221160285316639e+38,0.35206048963050485,0.3691546962911208,0.27878481407837435
0.164,2.6373857661093653e+39,1.2838475634212527e+39,1.3535382026881125e+39,0.5132120678291341,0.41502058577507095,0.32830301695728353,0.6726424135658269,1.094569385565543e+39,8.658617038939012e+38,6.202858486783081e+38,0.3500539076546104,0.369055759040535,0.2808903333048546
0.166,2.6285822185073183e+39,1.275984873970508e+39,1.3525973445368102e+39,0.5145729644724234,0.4155377264995209,0.32864324111810583,0.6729145928944846,1.0922750789955979e+39,8.638657798356661e+38,6.184655012085781e+38,0.34805968087228145,0.3689578220651061,0.28298249706261247
0.168,2.6198274785079512e+39,1.2681703381223872e+39,1.3516571403855641e+39,0.5159336450487809,0.4160547851185367,0.32898341126219527,0.6731867290097562,1.0899917586182635e+39,8.618797807979813e+38,6.166549268624633e+38,0.34607771429011347,0.3688608695430654,0.2850614161668211
0.17,2.6111212507487363e+39,1.2604036609689638e+39,1.3507175897797727e+39,0.5172940894232528,0.416571753980836,0.32932352235581325,0.6734588178846506,1.0877193592810354e+39,8.599036475946906e+38,6.148540667422148e+38,0.34410791401486285,0.36876488591359763,0.2871272000715395
0.17200000000000001,2.602463241673569e+39,1.25268454940842e+39,1.349778692265149e+39,0.5186542774748839,0.4170886254404559,0.329663569368721,0.6737308554949768,1.0854578162289419e+39,8.579373214010011e+38,6.130628623101274e+38,0.3421501872345897,0.36866985587223694,0.2891799568931734
0.17400000000000002,2.5938531595217115e+39,1.2450127121339875e+39,1.3488404473877238e+39,0.5200141890979059,0.41760539185720424,0.33000354727447645,0.6740028378195813,1.0832070651021116e+39,8.559807437512732e+38,6.112812553863359e+38,0.3402044422002039,0.3685757643663557,0.29121979343344034
0.176,2.5852907143167938e+39,1.2373878596229523e+39,1.3479028546938414e+39,0.5213738042029239,0.4181220455971111,0.330343451050731,0.6742747608405848,1.0809670419333543e+39,8.540338565368192e+38,6.095091881466227e+38,0.3382705882074017,0.3684825965907384,0.29324681520185986
0.178,2.576775617855892e+39,1.2298097041257293e+39,1.3469659137301627e+39,0.5227331027181013,0.41863857903287843,0.3306832756795253,0.6745466205436202,1.0787376831457579e+39,8.52096602003719e+38,6.077466031202416e+38,0.33634853557898614,0.3683903379832444,0.29526112643776947
0.18,2.568307583698667e+39,1.2222779596550033e+39,1.3460296240436637e+39,0.5240920645903407,0.4191549845443295,0.3310230161475852,0.6748184129180681,1.076518925550299e+39,8.501689227506494e+38,6.0599344318775274e+38,0.33443819564756133,0.368298974220553,0.2972628301318857
0.182,2.559886327156571e+39,1.2147923419749363e+39,1.3450939851816347e+39,0.5254506697864653,0.4196712545188568,0.33136266744661635,0.675090133957293,1.0743107063434667e+39,8.48250761726723e+38,6.0424965157887146e+38,0.33253948073859085,0.36820849121399163,0.2992520280474175
0.184,2.5515115652821212e+39,1.20735256859044e+39,1.3441589966916811e+39,0.5268088982943948,0.42018738135187,0.3317022245735987,0.6753617796588789,1.0721129631049055e+39,8.463420622293445e+38,6.0251517187033045e+38,0.3306523041538124,0.3681188751054439,0.3012288207407437
0.186,2.543183016858239e+39,1.1999583587365161e+39,1.3432246581217227e+39,0.5281667301243212,0.420703357447242,0.33204168253108035,0.6756333460248642,1.069925633795067e+39,8.444427679020785e+38,6.007899479837555e+38,0.328776580155001,0.3680301122633376,0.3031933075816614
0.188,2.534900402387653e+39,1.1926094333676597e+39,1.3422909690199934e+39,0.5295241453098802,0.4212191752177545,0.33238103632747007,0.675904829061976,1.0677486567528812e+39,8.42552822732529e+38,5.990739241835528e+38,0.3269122239480706,0.36794218927870853,0.30514558677322084
0.19,2.5266634440823713e+39,1.1853055151473299e+39,1.3413579289350413e+39,0.5308811239093195,0.4217348270855414,0.3327202809773299,0.6761762247818639,1.0655819706934373e+39,8.406721710502346e+38,5.973670450748112e+38,0.3250591516675079,0.3678550929613398,0.30708575537115235
0.192,2.5184718658532103e+39,1.1780463284374817e+39,1.3404255374157284e+39,0.5322376460066659,0.42225030548253306,0.3330594115016665,0.6764475292013332,1.063425514705683e+39,8.388007575245743e+38,5.9566925560121526e+38,0.3232172803611291,0.3677688103359756,0.30901390930289535
0.194,2.5103253932993954e+39,1.1708315992881653e+39,1.33949379401123e+39,0.5335936917128872,0.4227656028508971,0.3333984229282218,0.6767187383425775,1.0612792282501342e+39,8.369385271626866e+38,5.939805010429725e+38,0.3213865279751537,0.3676833286386058,0.3109301433862404
0.196,2.502223753698222e+39,1.1636610554271873e+39,1.3385626982710346e+39,0.5349492411670513,0.4232807116434795,0.33373731029176285,0.6769898482334102,1.059143051156602e+39,8.350854253074031e+38,5.923007270147529e+38,0.31956681333958603,0.3675986353128221,0.31283455134759186
0.198,2.4941666759947806e+39,1.1565344262498357e+39,1.3376322497449449e+39,0.5363042745374824,0.42379562432424334,0.3340760686343706,0.6772608549074965,1.0570169236219308e+39,8.332413976351923e+38,5.906298794636413e+38,0.31775805615389907,0.3675147180062431,0.31472722583985785
0.2,2.4861538907917417e+39,1.1494514428086668e+39,1.336702447983075e+39,0.5376587720229129,0.4243103333687069,0.33441469300572824,0.6775317544045826,1.0549007862077517e+39,8.314063901541171e+38,5.889679046671006e+38,0.31596017697301176,0.36743156456700565,0.31660825845998253
0.202,2.47818513033921e+39,1.1424118378033569e+39,1.3357732925358531e+39,0.5390127138536315,0.42482483126438,0.33475317846340785,0.6778025427707264,1.0527945798382504e+39,8.295803492018053e+38,5.873147492309512e+38,0.31417309719355513,0.36734916304032417,0.3184777397661207
0.20400000000000001,2.4702601285246332e+39,1.1354153455706142e+39,1.3348447829540192e+39,0.5403660802926279,0.4253391105111986,0.33509152007315696,0.6780732160585256,1.0506982457979466e+39,8.277632214434315e+38,5.856703600873583e+38,0.3123967390404181,0.3672675016651129,0.320335759294469
0.20600000000000002,2.4623786208627784e+39,1.1284617020741529e+39,1.3339169187886255e+39,0.5417188516367325,0.4258531636219583,0.33542971290918316,0.6783437703273465,1.0486117257294888e+39,8.259549538697122e+38,5.840346844928352e+38,0.31063102555356886,0.3671865688706726,0.3221824055757585
0.20800000000000002,2.454540344485766e+39,1.1215506448947294e+39,1.3329896995910366e+39,0.5430710082177533,0.42636698312274623,0.3357677520544383,0.6786142016435506,1.0465349616314624e+39,8.241554937949122e+38,5.8240767002625654e+38,0.30887588057514326,0.3671063532734383,0.3240177661514184
0.21,2.446745038133167e+39,1.1146819132202382e+39,1.3320631249129289e+39,0.5444225304036071,0.42688056155337073,0.33610563260090176,0.6788845060807214,1.0444678958562099e+39,8.223647888548656e+38,5.807892645868849e+38,0.3071312287367956,0.3670268436737882,0.32584192758941627
0.212,2.4389924421421608e+39,1.1078552478358705e+39,1.3311371943062904e+39,0.5457733985994463,0.4273938914677896,0.33644334964986156,0.6791546797198893,1.0424104711076658e+39,8.205827870050048e+38,5.7917941639240905e+38,0.30539699544730614,0.366948029052912,0.32765497549978184
0.214,2.4312822984377505e+39,1.1010703911143306e+39,1.33021190732342e+39,0.5471235932487821,0.4279069654345372,0.33678089831219554,0.6794247186497564,1.0403626304392047e+39,8.188094365184051e+38,5.775780739769937e+38,0.3036731068804369,0.36686989856973673,0.32945699454982635
0.216,2.4236143505230433e+39,1.0943270870061143e+39,1.329287263516929e+39,0.5484730948346026,0.428419776037149,0.33711827370865066,0.6796946189669205,1.0383243172515024e+39,8.170446859838409e+38,5.7598518618934285e+38,0.3019594899630332,0.3667924415579099,0.33124806847905697
0.218,2.4159883434695842e+39,1.0876250810298455e+39,1.3283632624397386e+39,0.5498218838804848,0.42893231587458425,0.3374554709701212,0.679964376776097,1.0362954752904092e+39,8.152884843038515e+38,5.7440070219077305e+38,0.3002560723633634,0.36671564752283864,0.333028280113798
0.22,2.4084040239077544e+39,1.0809641202626733e+39,1.3274399036450811e+39,0.5511699409517031,0.42944457756164717,0.3377924852379258,0.6802339881903405,1.0342760486448368e+39,8.135407806928213e+38,5.728245714532994e+38,0.2985627824796921,0.36663950613878227,0.3347977113815256
0.222,2.400861140017225e+39,1.0743439533307255e+39,1.3265171866864994e+39,0.552517246656332,0.4299565537294061,0.338129311664083,0.6805034493312663,1.0322659817446591e+39,8.118015246750699e+38,5.7125674375773354e+38,0.2968795494290809,0.3665640072459996,0.3365564433249195
0.224,2.393359441517471e+39,1.0677643303996241e+39,1.3255951111178469e+39,0.5538637816463433,0.43046823702561043,0.3384659454115858,0.6807727563292687,1.0302652193586253e+39,8.10070666082956e+38,5.69697169191793e+38,0.29520630303641265,0.36648914084794754,0.33830455611563975
0.226,2.3858986796583426e+39,1.0612250031650558e+39,1.3246736764932867e+39,0.5552095266186987,0.4309796201151055,0.3388023816546747,0.6810419053237398,1.0282737065922842e+39,8.083481550549902e+38,5.681457981482213e+38,0.2935429738236334,0.36641489710853165,0.3400421290678349
0.228,2.3784786072106937e+39,1.0547257248434015e+39,1.3237528823672922e+39,0.5565544623164356,0.4314906956802455,0.3391386155791089,0.6813108924632871,1.0262913888859237e+39,8.066339420339619e+38,5.66602581322921e+38,0.29188949299920636,0.3663412663494061,0.3417692406513875
0.23,2.3710989784570696e+39,1.0482662501624231e+39,1.3228327282946463e+39,0.5578985695297481,0.4320014564213043,0.3394746423824371,0.6815797139059496,1.0243182120125208e+39,8.049279777650755e+38,5.6506746971309754e+38,0.29024579244777476,0.36626823904732325,0.34348596850490193
0.232,2.3637595491824493e+39,1.0418463353520076e+39,1.3219132138304416e+39,0.5592418290970628,0.4325118950568838,0.33981045727426573,0.6818483658194125,1.0223541220757065e+39,8.032302132941003e+38,5.635404146154142e+38,0.2886118047200284,0.36619580583153166,0.34519238944844
0.234,2.356460076665047e+39,1.0354657381349677e+39,1.3209943385300795e+39,0.5605842219061065,0.4330220043243205,0.34014605547652665,0.6821168443812213,1.0203990655077406e+39,8.015405999655293e+38,5.620213676241584e+38,0.286987463022768,0.3661239574812201,0.3468885794960119
0.23600000000000002,2.3492003196671684e+39,1.0291242177178975e+39,1.3200761019492709e+39,0.5619257288949703,0.4335317769800887,0.3404814322237426,0.682385145778994,1.0184529890675e+39,7.998590894207515e+38,5.605102806294196e+38,0.28537270120916475,0.36605268492300946,0.34857461386782584
0.23800000000000002,2.3419800384261227e+39,1.0228215347820875e+39,1.3191585036440351e+39,0.5632663310531661,0.4340412058002031,0.3408165827632915,0.6826532662106333,1.0165158398384803e+39,7.981856335962333e+38,5.5900710581527875e+38,0.28376745376920964,0.36598197922848835,0.350250567002302
0.24,2.3347989946451916e+39,1.016557451474491e+39,1.3182415431707006e+39,0.5646060094226774,0.4345502835806174,0.3411515023556694,0.6829212018845354,1.0145875652268085e+39,7.965201847217135e+38,5.575117956580067e+38,0.28217165582034864,0.3659118316117938,0.35191651256785755
0.242,2.3276569514846523e+39,1.0103317313987486e+39,1.3173252200859038e+39,0.5659447450990029,0.43505900313762114,0.34148618627475075,0.6831889490198005,1.012668112959267e+39,7.948626953184064e+38,5.560243029242772e+38,0.28058524309829946,0.3658422334272357,0.35357252347446483
0.244,2.3205536735528575e+39,1.0041441396062679e+39,1.3164095339465896e+39,0.567282519232195,0.4355673573082341,0.3418206298080487,0.683456503846439,1.0107574310813326e+39,7.932131181972188e+38,5.545445806693869e+38,0.27900815194804623,0.3657731761669629,0.3552186718849908
0.246,2.3134889268973662e+39,9.979944425873556e+38,1.3154944843100104e+39,0.5686193130278898,0.43607533895059813,0.34215482825697247,0.6837238626055779,1.0088554679552245e+39,7.915714064569758e+38,5.5307258223548975e+38,0.27744031931500757,0.365704651458672,0.35685502922632045
0.248,2.306462478996133e+39,9.918824082624061e+38,1.314580070733727e+39,0.5699551077483325,0.43658294094436634,0.34248877693708313,0.6839910215496665,1.0069621722579655e+39,7.899375134826583e+38,5.5160826124983964e+38,0.27588168273637464,0.36563665106335635,0.35848166620026906
0.25,2.2994740987487497e+39,9.858078059731426e+38,1.3136662927756072e+39,0.5712898847133933,0.4370901561910894,0.34282247117834835,0.6842579769426786,1.0050774929794555e+39,7.883113929436518e+38,5.50151571623045e+38,0.2743321803326155,0.36556916687309593,0.36009865279428854
0.252,2.292523556467739e+39,9.797704064739128e+38,1.3127531499938265e+39,0.5726236253015792,0.4375969776146001,0.3431559063253948,0.6845247250603158,1.0032013794205566e+39,7.866929987920044e+38,5.487024675473345e+38,0.272791750799142,0.36550219090888564,0.3617060582919724
0.254,2.2856106238699047e+39,9.737699819230374e+38,1.3118406419468675e+39,0.5739563109510365,0.4381033981613939,0.34348907773775916,0.6847912621902073,1.0013337811911887e+39,7.850822852606979e+38,5.472609034948319e+38,0.27126033339813466,0.36543571531850233,0.36330395128336296
0.256,2.2787350740677315e+39,9.678063058742121e+38,1.3109287681935192e+39,0.5752879231605464,0.4386094108010076,0.3438219807901366,0.6850575846321092,9.994746482084382e+38,7.83479206861926e+38,5.458268342158428e+38,0.26973786795052473,0.3653697323744103,0.36489239967506504
0.258,2.2718966815608388e+39,9.618791532679609e+38,1.310017528292878e+39,0.5766184434905154,0.43911500852639584,0.3441546108726289,0.6853236886981031,9.976239306946782e+38,7.818837183853873e+38,5.444002147371517e+38,0.2682242948281265,0.3653042344717031,0.3664714707001704
0.26,2.2650952222274903e+39,9.559883004231439e+38,1.3091069218043464e+39,0.5779478535639544,0.43962018435430267,0.3444869633909886,0.6855895707127908,9.957815791756994e+38,7.802957748965846e+38,5.429810003603282e+38,0.26671955494591937,0.3652392141260819,0.36804123092799873
0.262,2.2583304733161483e+39,9.501335250285153e+38,1.308196948287633e+39,0.5792761350674542,0.4401249313256326,0.3448190337668636,0.6858552270134909,9.93947544478853e+38,7.78715331735138e+38,5.415691466600459e+38,0.26522358975447513,0.36517466397186904,0.36960174627365583
0.264,2.251602213437087e+39,9.44314606134334e+38,1.307287607302753e+39,0.5806032697521509,0.44062924250581736,0.3451508174380377,0.6861206539504302,9.921217777312052e+38,7.771423445131056e+38,5.4016460948240916e+38,0.2637363412325274,0.3651105767600574,0.37115308200741515
0.266,2.2449102225540515e+39,9.385313241440247e+38,1.3063788984100268e+39,0.5819292394346842,0.44113311098518,0.34548230985867107,0.6863858478869368,9.903042303577015e+38,7.755767691133171e+38,5.3876734494329184e+38,0.2622577518796803,0.3650469453563929,0.3726953027639268
0.268,2.2382542819759724e+39,9.327834608058915e+38,1.305470821170081e+39,0.5832540259981485,0.4416365298792964,0.3458135064995371,0.6866508051996296,9.884948540793446e+38,7.740185616877148e+38,5.373773094266854e+38,0.26078776470925374,0.3649837627394916,0.3742284725512546
0.27,2.2316341743487277e+39,9.270707992048808e+38,1.3045633751438469e+39,0.5845776113930349,0.44213949232935323,0.34614440284825876,0.686915522278607,9.866936009113819e+38,7.724676786557074e+38,5.3599445958305745e+38,0.2593263232412615,0.3649210219989886,0.3757526547597499
0.272,2.2250496836469575e+39,9.213931237543958e+38,1.3036565598925617e+39,0.5858999776381665,0.4426419915025033,0.3464749944095416,0.6871799955276333,9.849004231615041e+38,7.709240767025319e+38,5.346187523277197e+38,0.2578733714955196,0.3648587163337204,0.37726791217076
0.274,2.218500595165928e+39,9.157502201881603e+38,1.3027503749777677e+39,0.587221106821624,0.4431440205922171,0.346805276705406,0.6874442213643248,9.831152734280558e+38,7.693877127776276e+38,5.332501448392072e+38,0.25642885398488297,0.36479683904993787,0.3787743069651792
0.276,2.211986695513444e+39,9.101418755521329e+38,1.3018448199613108e+39,0.5885409811016644,0.4436455728186325,0.3471352452754161,0.6877081962203329,9.813381045982558e+38,7.678585440930165e+38,5.318885945576661e+38,0.25499271570860615,0.36473538355955076,0.3802719007318431
0.278,2.2055077726018126e+39,9.045678781964694e+38,1.3009398944053431e+39,0.5898595827076316,0.4441466414289,0.3474648956769079,0.6879719165415263,9.795688698464291e+38,7.663365281216984e+38,5.305340591832524e+38,0.2535649021458267,0.36467434337840327,0.38176075447577
0.28,2.1990636156398573e+39,8.990280177675376e+38,1.3000355978723196e+39,0.5911768939408562,0.44464721969752535,0.34779422348521405,0.6882353787881712,9.778075226322501e+38,7.648216225960514e+38,5.291864966745394e+38,0.2521453592491679,0.3646137121245778,0.38324092862625425
0.28200000000000003,2.192654015124977e+39,8.935220851999766e+38,1.2991319299250003e+39,0.5924928971755502,0.44514730092670907,0.34812322429388753,0.6884985794351101,9.76054016698995e+38,7.633137855062455e+38,5.27845865246936e+38,0.2507340334384584,0.3645534835167301,0.3847124830448114
0.28400000000000003,2.1862787628352577e+39,8.880498727088085e+38,1.298228890126449e+39,0.5938075748596906,0.44564687844668244,0.3484518937149227,0.6887615149719382,9.743083060718073e+38,7.61812975098664e+38,5.2651212337111425e+38,0.24933087159456654,0.36449365137245143,0.386175477032982
0.28600000000000003,2.1799376518216298e+39,8.826111737815966e+38,1.297326478040033e+39,0.5951209095158951,0.44614594561604015,0.3487802273789738,0.689024181903179,9.72570345055971e+38,7.603191498743342e+38,5.25185229771446e+38,0.24793582105334683,0.3644342096066596,0.3876299693399935
0.28800000000000003,2.1736304764000745e+39,8.772057831706515e+38,1.296424693229423e+39,0.5964328837422895,0.44664449582207,0.34910822093557237,0.689286576748458,9.70840088235197e+38,7.588322685873707e+38,5.238651434244501e+38,0.2465488295996958,0.3643751522300187,0.3890760181702855
0.29,2.1673570321438797e+39,8.71833496885286e+38,1.2955235352585937e+39,0.5977434802133655,0.4471425224810789,0.3494358700533414,0.6895486960426731,9.691174904699191e+38,7.573522902434245e+38,5.2255182355724826e+38,0.24516984546171544,0.36431647334738376,0.39051368119090074
0.292,2.161117115875938e+39,8.664941121841159e+38,1.2946230036918221e+39,0.5990526816808301,0.4476400190387154,0.34976317042020755,0.6898105363361661,9.674025068955987e+38,7.558791740981432e+38,5.2124522964603115e+38,0.24379881730498162,0.3642581671562742,0.39194301553874417
0.294,2.1549105256610987e+39,8.611874275674103e+38,1.2937230980936882e+39,0.600360470974446,0.4481369789702895,0.35009011774361154,0.6900720941948892,9.656950929210432e+38,7.544128796556418e+38,5.199453214145329e+38,0.24243569422691563,0.364200227945372,0.3933640778277123
0.296,2.1487370607985614e+39,8.559132427694862e+38,1.2928238180290752e+39,0.6016668310028623,0.4486333957810877,0.35041670775071565,0.6903333662005724,9.63995204226732e+38,7.529533666669812e+38,5.1865205883251566e+38,0.24108042575125602,0.36414265009304647,0.39477692415569754
0.298,2.1425965218143194e+39,8.50671358751151e+38,1.2919251630631683e+39,0.602971744754437,0.4491292630066861,0.3507429361886093,0.6905943489508874,9.623027967631542e+38,7.515005951286561e+38,5.173654021142642e+38,0.23973296182262932,0.3640854280659036,0.396181610111467
0.3,2.1364887104536465e+39,8.454615776921915e+38,1.2910271327614549e+39,0.6042751952980494,0.44962457421325874,0.35106879882451236,0.6908550390596099,9.60617826749155e+38,7.500545252810931e+38,5.160853117170872e+38,0.23839325280121731,0.3640285564173602,0.3975781907814224
0.302,2.1304134296736326e+39,8.402837029839078e+38,1.2901297266897248e+39,0.605577165783904,0.4501193229978835,0.351394291445976,0.6911154331567808,9.589402506702945e+38,7.486151176071578e+38,5.1481174833983066e+38,0.2370612494575188,0.36397202978624293,0.39896672075623824
0.304,2.1243704836357638e+39,8.351375392216946e+38,1.2892329444140692e+39,0.6068776394443239,0.45061350298884306,0.35171940986108097,0.6913755278888648,9.572700252772143e+38,7.471823328306701e+38,5.135446729213983e+38,0.23573690296720343,0.36391584289540985,0.40034725413738675
0.306,2.1183596776985465e+39,8.300228921976655e+38,1.288336785500881e+39,0.6081765995945368,0.45110710784592395,0.35204414989863425,0.6916353199189074,9.55607107584015e+38,7.457561319149296e+38,5.122840466392825e+38,0.23442016490605677,0.3638599905503968,0.4017198445435464
0.308,2.1123808184101805e+39,8.249395688933256e+38,1.287441249516855e+39,0.6094740296334488,0.4516001312607105,0.3523685074083622,0.6918948059266897,9.539514548666446e+38,7.443364760612498e+38,5.110298309081028e+38,0.233110987245014,0.36380446763808605,0.40308454511689995
0.31,2.1064337135012726e+39,8.198873774722859e+38,1.2865463360289867e+39,0.6107699130444104,0.45209256695687594,0.3526924782611026,0.6921539826088821,9.52303024661295e+38,7.429233267075013e+38,5.097819873781548e+38,0.2318093223452799,0.3637492691253966,0.4044414085293234
0.312,2.100518171877597e+39,8.148661272730246e+38,1.2856520446045724e+39,0.6120642333959732,0.4525844086904698,0.3530160583489933,0.6924128466791946,9.506617747628088e+38,7.415166455266625e+38,5.085404779339667e+38,0.23051512295353452,0.36369439005799853,0.405790486988467
0.314,2.094634003612901e+39,8.098756288016912e+38,1.2847583748112098e+39,0.6133569743426355,0.45307565025020147,0.35333924358565894,0.692671394868527,9.49027663223098e+38,7.401163944253828e+38,5.073052646928655e+38,0.22922834219722202,0.36363982555904745,0.40713183224373056
0.316,2.0887810199417525e+39,8.049156937249558e+38,1.2838653262167967e+39,0.6146481196255787,0.45356628545771993,0.3536620299063947,0.6929296239251157,9.474006483495683e+38,7.387225355425497e+38,5.0607631000355184e+38,0.22794893357992063,0.36358557082794046,0.4084654955921389
0.318,2.082959033252433e+39,7.999861348629014e+38,1.2829728983895315e+39,0.6159376530733951,0.4540563081678901,0.3539844132683488,0.693187530614679,9.457806887035571e+38,7.373350312478695e+38,5.048535764446829e+38,0.22667685097679324,0.3635316211390939,0.4097915278841129
0.32,2.0771678570798728e+39,7.950867661819602e+38,1.2820810908979125e+39,0.6172255586028034,0.45454571226906526,0.3543063896507009,0.6934451117205607,9.441677430987788e+38,7.359538441404527e+38,5.03637026823465e+38,0.22541204863011582,0.3634779718407408,0.4111099795291433
0.322,2.0714073060986313e+39,7.902174027878932e+38,1.2811899033107381e+39,0.6185118202193565,0.4550344916833554,0.35462795505483913,0.6937023640438713,9.425617705997792e+38,7.345789370474108e+38,5.024266241742544e+38,0.22415448114488248,0.3634246183537488,0.41242090050136876
0.324,2.0656771961159183e+39,7.853778609188117e+38,1.2802993351971066e+39,0.6197964220181384,0.4555226403668926,0.3549491055045346,0.6939592844036278,9.409627305204026e+38,7.332102730224603e+38,5.01222331757166e+38,0.22290410348448547,0.3633715561704576,0.413724340345057
0.326,2.0599773440646594e+39,7.805679579382439e+38,1.2794093861264157e+39,0.6210793481844512,0.45601015231009145,0.3552698370461128,0.6942158696368903,9.39370582422263e+38,7.318478153445358e+38,5.00024113056692e+38,0.2216608709664695,0.3633187808535366,0.41502034817999395
0.328,2.0543075679966022e+39,7.757875123282404e+38,1.278520055668362e+39,0.6223605829944918,0.4564970215379069,0.355590145748623,0.6944721165988983,9.377852861132301e+38,7.30491527516411e+38,4.9883193178032715e+38,0.22042473925835676,0.36326628803486055,0.41630897270678274
0.33,2.0486676870754686e+39,7.71036343682527e+38,1.2776313433929417e+39,0.6236401108160186,0.456983242110087,0.35591002770400465,0.6947280221632037,9.362068016459208e+38,7.291413732633291e+38,4.9764575185720474e+38,0.2191956643735443,0.363214073414405,0.4175902622120507
0.332,2.043057521570143e+39,7.66314272699693e+38,1.27674324887045e+39,0.6249179161090087,0.4574688081214233,0.35622947902725216,0.6949835832218018,9.346350893162025e+38,7.27797316531641e+38,4.9646553743673834e+38,0.21797360266726806,0.36316213275915915,0.4188642645735728
0.334,2.0374768928479082e+39,7.616211211764278e+38,1.2758557716714804e+39,0.6261939834263041,0.45795371370199556,0.356548495856576,0.6952387966852608,9.330701096617025e+38,7.264593214874518e+38,4.95291252887274e+38,0.2167585108326376,0.36311046190205776,0.4201310272653046
0.336,2.0319256233677182e+39,7.56956712000793e+38,1.2749689113669252e+39,0.6274682974142473,0.45843795301741397,0.3568670743535618,0.6954936594828495,9.315118234603296e+38,7.25127352515275e+38,4.9412286279474975e+38,0.21555034589673464,0.36305905674093025,0.42139059736233514
0.338,2.0264035366735152e+39,7.523208691455408e+38,1.2740826675279746e+39,0.6287408428133082,0.4589215202690571,0.3571852107033271,0.6957481685626616,9.299601917288035e+38,7.238013742166967e+38,4.929603319613632e+38,0.21434906521677813,0.3630079132374673,0.4226430215457546
0.34,2.0209104573875875e+39,7.477134176614704e+38,1.2731970397261172e+39,0.630011604458699,0.4594044096943056,0.35750290111467475,0.6960023208917399,9.284151757211939e+38,7.224813514090469e+38,4.918036254042478e+38,0.2131546264763525,0.36295702741620445,0.423888346107443
0.342,2.015446211203963e+39,7.431341836708239e+38,1.2723120275331393e+39,0.6312805672809798,0.4598866155667723,0.35782014182024496,0.696256113456196,9.268767369274647e+38,7.211672491240774e+38,4.9065270835415624e+38,0.21196698768169797,0.36290639536352326,0.42512661695477877
0.34400000000000003,2.0100106248818523e+39,7.385829943607272e+38,1.2714276305211252e+39,0.6325477163066535,0.46036813219652833,0.3581369290766634,0.6965095432613306,9.253448370720351e+38,7.198590326066518e+38,4.895075462541541e+38,0.21078610715806304,0.36285601322666794,0.42635787961526905
0.34600000000000003,2.0046035262391223e+39,7.340596779766667e+38,1.2705438482624558e+39,0.6338130366587498,0.4608489539303249,0.3584532591646875,0.69676260733175,9.238194381123402e+38,7.185566673134386e+38,4.883681047583185e+38,0.2096119435461157,0.3628058772127788,0.42758217924110553
0.34800000000000003,1.999224744145818e+39,7.295640638160076e+38,1.2696606803298103e+39,0.6350765135573996,0.4613290751518118,0.3587691283893499,0.6970153027114798,9.223005022374079e+38,7.172601189116162e+38,4.872343497304469e+38,0.2084444557984145,0.36275598358794214,0.4287995606136433
0.35000000000000003,1.993874108517717e+39,7.250959822215524e+38,1.2687781262961644e+39,0.6363381323203989,0.4618084902817516,0.35908453308009974,0.6972676264640798,9.207879918664402e+38,7.159693532775844e+38,4.861062472427733e+38,0.20728360317593614,0.36270632867625446,0.43001006814780934
0.352,1.9885514503099288e+39,7.206552645751381e+38,1.2678961857347905e+39,0.637597878363761,0.4622871937782292,0.35939946959094027,0.6975195756727521,9.192818696474047e+38,7.146843364956835e+38,4.849837635746914e+38,0.2061293452446605,0.36265690885890345,0.431213745896436
0.354,1.9832566015105305e+39,7.162417432912726e+38,1.2670148582192577e+39,0.6388557372022595,0.46276518013685863,0.35971393430056486,0.6977711474404519,9.177820984556346e+38,7.134050348569206e+38,4.8386686521148734e+38,0.20498164187221005,0.3626077205732635,0.43241063755452647
0.356,1.9779893951342426e+39,7.118552518108105e+38,1.266134143323432e+39,0.6401116944499602,0.4632424438909849,0.3600279236124901,0.698022338889992,9.162886413924375e+38,7.121314148577066e+38,4.827555188430786e+38,0.20384045322454392,0.36255876031200557,0.4336007864634505
0.358,1.9727496652161425e+39,7.074956245946675e+38,1.2652540406214748e+39,0.6413657358207425,0.46371897961188213,0.36034143395518564,0.6982731471641485,9.148014617837117e+38,7.108634431985972e+38,4.8164969136276086e+38,0.20270573976270514,0.3625100246222228,0.43478423561507207
0.36,1.967537246805417e+39,7.03162697117573e+38,1.264374549687844e+39,0.6426178471288104,0.4641947819089479,0.3606544617822026,0.6985235694257621,9.133205231785724e+38,7.096010867830445e+38,4.8054934986596385e+38,0.20157746223961973,0.36246151010456956,0.43596102765581074
0.362,1.9623519759591555e+39,6.988563058618619e+38,1.2634956700972936e+39,0.6438680142891919,0.4646698454298929,0.360967003572298,0.6987736028578384,9.118457893479857e+38,7.083443127161546e+38,4.7945446164901315e+38,0.20045558169694708,0.362413213412415,0.4371312048906379
0.364,1.9571936897361742e+39,6.945762883113018e+38,1.2626174014248726e+39,0.6451162233182302,0.46514416486092747,0.36127905582955755,0.6990232446636461,9.1037722428341e+38,7.07093088303453e+38,4.783649942078999e+38,0.1993400594619797,0.36236513125101016,0.4382948092870102
0.366,1.952062226190888e+39,6.903224829449627e+38,1.2617397432459253e+39,0.6463624603340603,0.4656177349269429,0.3615906150835151,0.6992724920668121,9.089147921954469e+38,7.05847381049659e+38,4.772809152370599e+38,0.19823085714459318,0.362317260376669,0.4394518824787378
0.368,1.9469574243672108e+39,6.860947292311191e+38,1.2608626951360917e+39,0.64760671155708,0.4660905503916904,0.3619016778892701,0.6995213423114159,9.074584575125012e+38,7.046071586574653e+38,4.762021926281569e+38,0.19712793663424305,0.36226959759596256,0.44060246576979434
0.37,1.9418791242925e+39,6.818928676211928e+38,1.2599862566713069e+39,0.6488489633104056,0.46656260605795413,0.3622122408276014,0.6997697926620812,9.060081848794466e+38,7.033723890263267e+38,4.751287944688764e+38,0.19603126009700952,0.36222213976492673,0.4417466001380637
0.372,1.9368271669715316e+39,6.77716739543732e+38,1.2591104274277997e+39,0.6500892020203198,0.46703389676772156,0.36252230050507994,0.700017840404064,9.045639391563009e+38,7.021430402512562e+38,4.740606890417248e+38,0.19494078997268832,0.362174883788282,0.44288432623902974
0.374,1.9318013943805212e+39,6.7356618739842606e+38,1.258235206982095e+39,0.6513274142167076,0.4675044174023489,0.3628318535541769,0.7002654828433416,9.031256854169108e+38,7.00919080621628e+38,4.7299784482283784e+38,0.19385648897192617,0.3621278266186669,0.4440156844094069
0.376,1.9268016494611704e+39,6.694410545501596e+38,1.2573605949110107e+39,0.6525635865334822,0.46797416288272325,0.36314089663337057,0.7005127173066964,9.016933889476416e+38,6.997004786199867e+38,4.719402304807935e+38,0.19277832007340223,0.3620809652558834,0.44514071467071437
0.378,1.9218277761147593e+39,6.653411853230994e+38,1.2564865907916599e+39,0.6537977057090003,0.4684431281694201,0.3634494264272501,0.7007595411418001,9.002670152460778e+38,6.984872029208669e+38,4.708878148754353e+38,0.19170624652105128,0.3620342967461546,0.4462594567327941
0.38,1.9168796191962696e+39,6.612664249948209e+38,1.2556131942014487e+39,0.6550297585864656,0.46891130826285693,0.36375743964661644,0.7010059517172932,8.988465300197298e+38,6.972792223896162e+38,4.6984056705670055e+38,0.19064023182133083,0.36198781818139436,0.4473719499972748
0.382,1.911957024508546e+39,6.572166197904685e+38,1.2547404047180776e+39,0.6562597321143235,0.4693786982034429,0.3640649330285809,0.7012519464228647,8.974318991847496e+38,6.960765060812286e+38,4.687984562634569e+38,0.18958023974053004,0.36194152669848945,0.4484782335609805
0.384,1.907059838796493e+39,6.531916168769527e+38,1.2538682219195403e+39,0.6574876133466432,0.4698452930717244,0.3643719033366608,0.7014975226693286,8.960230888646538e+38,6.948790232391837e+38,4.677614519223458e+38,0.18852623430211915,0.36189541947859233,0.44957834621928855
0.386,1.9021879097413068e+39,6.491912643571823e+38,1.2529966453841245e+39,0.6587133894434904,0.4703110879885264,0.3646783473608726,0.7017426778886982,8.946200653890548e+38,6.936867432942925e+38,4.667295236466328e+38,0.18747817978413958,0.3618494937464261,0.4506723264694343
0.388,1.8973410859547417e+39,6.452154112643318e+38,1.2521256746904101e+39,0.6599370476712892,0.4707760781150899,0.3649842619178223,0.7019874095342578,8.93222795292399e+38,6.924996358635509e+38,4.657026412350645e+38,0.1864360407166338,0.3618037467696004,0.4517602125137658
0.39,1.8925192169734154e+39,6.412639075561447e+38,1.2512553094172708e+39,0.6611585754031725,0.4712402586532055,0.3652896438507931,0.7022317150806345,8.918312453127141e+38,6.913176707490008e+38,4.646807746707346e+38,0.18539978187911352,0.3617581758579386,0.45284204226294783
0.392,1.8877221532531427e+39,6.3733660410927066e+38,1.2503855491438721e+39,0.6623779601193227,0.4717036248453426,0.3655944900298307,0.7024755920238646,8.904453823903628e+38,6.901408179365966e+38,4.6366389411995306e+38,0.1843693682980659,0.36171277836281523,0.4539178533391188
0.394,1.882949746163311e+39,6.3343335271363816e+38,1.2495163934496728e+39,0.6635951894073016,0.4721661719747746,0.3658987973518254,0.7027190378814603,8.89065173666804e+38,6.889690475950803e+38,4.626519699311265e+38,0.1833447652444977,0.3616675516765052,0.45498768307899706
0.396,1.8782018479812845e+39,6.2955400606686075e+38,1.2486478419144238e+39,0.6648102509623695,0.4726278953657004,0.3662025627405924,0.7029620501924738,8.876905864833636e+38,6.87802330074863e+38,4.616449726336423e+38,0.18232593823151497,0.36162249323154233,0.4560515685369427
0.398,1.8734783118868472e+39,6.2569841776867924e+38,1.2477798941181679e+39,0.6660231325877928,0.4730887903833612,0.3665057831469482,0.7032046265175586,8.863215883800101e+38,6.866406359069113e+38,4.6064287293676105e+38,0.18131285301193983,0.36157760050008886,0.45710954648797125
0.4,1.868778991956675e+39,6.21866442315435e+38,1.2469125496412401e+39,0.6672338221951437,0.47354885243415457,0.36680845554878594,0.7034467644390288,8.849581470941396e+38,6.85483935801645e+38,4.5964564172851496e+38,0.18030547557596124,0.3615328709933154,0.4581616534307234
0.402,1.864103743158848e+39,6.18057935094581e+38,1.2460458080642672e+39,0.6684423078045857,0.47400807696574254,0.36711057695114646,0.7036884615609171,8.83600230559368e+38,6.843322006478364e+38,4.586532500746143e+38,0.17930377214882146,0.36148830226078976,0.4592079255903888
0.404,1.8594524213473893e+39,6.142727523792224e+38,1.2451796689681669e+39,0.6696485775451515,0.4744664594671576,0.3674121443862879,0.7039297155090303,8.822478069043291e+38,6.831854015115197e+38,4.576656692173585e+38,0.17830770918853536,0.36144389188987663,0.46024839892158803
0.406,1.854824883256843e+39,6.10510751322694e+38,1.244314131934149e+39,0.6708526196550088,0.4749239954689033,0.36771315491375217,0.7041705239310018,8.80900844451482e+38,6.820435096349058e+38,4.566828705745561e+38,0.17731725338364399,0.3613996375051469,0.46128310911120907
0.40800000000000003,1.8502209864968826e+39,6.067717899531688e+38,1.2434491965437138e+39,0.6720544224817162,0.47538068054305216,0.36801360562042906,0.7044108844963433,8.795593117159253e+38,6.80906496435305e+38,4.557048257384496e+38,0.17633237165099985,0.3613555367677954,0.4623120915812047
0.41000000000000003,1.8456405895469527e+39,6.030557271682999e+38,1.242584862378653e+39,0.6732539744824689,0.4758365103033382,0.36831349362061727,0.7046507948964937,8.782231774042177e+38,6.797743335040539e+38,4.547315064746481e+38,0.17535303113358475,0.36131158737506913,0.4633353814913462
0.41200000000000003,1.841083551750945e+39,5.9936242272989634e+38,1.2417211290210485e+39,0.6744512642243321,0.4762914804052462,0.36861281605608304,0.7048902528448664,8.768924104132064e+38,6.7864699260545115e+38,4.5376288472106584e+38,0.17437919919835895,0.3612677870597042,0.4643530137419368
0.41400000000000003,1.8365497333119027e+39,5.956917372586298e+38,1.2408579960532728e+39,0.6756462803844675,0.47674558654609767,0.36891157009611686,0.7051292560768935,8.755669798288623e+38,6.775244456756987e+38,4.527989325868668e+38,0.17341084343414095,0.36122413358937133,0.46536502297648774
0.41600000000000004,1.832038995286765e+39,5.920435322287759e+38,1.2399954630579893e+39,0.6768390117503451,0.4771988244651311,0.3692097529375863,0.705367802350069,8.742468549251242e+38,6.764066648218504e+38,4.518396223514175e+38,0.1724479316495179,0.3611806247661313,0.46637144358435084
0.418,1.8275511995811356e+39,5.884176699629848e+38,1.2391335296181507e+39,0.6780294472199483,0.47765118994358036,0.3695073618049871,0.7056058894439896,8.729320051627471e+38,6.7529362232076485e+38,4.508849264632438e+38,0.17149043187078533,0.361137258425898,0.4673723097033167
0.42,1.823086208944087e+39,5.8481401362708715e+38,1.2382721953169998e+39,0.6792175758019663,0.4781026788047472,0.3698043939504916,0.7058435151603932,8.716224001881592e+38,6.741852906180674e+38,4.4993481753899636e+38,0.17053831233991618,0.3610940324379108,0.468367655222173
0.422,1.8186438869629987e+39,5.81232427224929e+38,1.2374114597380697e+39,0.6804033866159778,0.4785532869140715,0.37010084665399445,0.7060806773231956,8.703180098323261e+38,6.730816423271172e+38,4.489892683624207e+38,0.16959154151255848,0.36105094470421484,0.46935751378322665
0.424,1.8142240980584218e+39,5.7767277559324005e+38,1.2365513224651819e+39,0.6815868688926225,0.47900301017919655,0.3703967172231557,0.7063173737785245,8.690188041096219e+38,6.7198265022798e+38,4.480482518833346e+38,0.16865008805606096,0.36100799315914994,0.4703419187847891
0.426,1.8098267074789813e+39,5.7413492439653305e+38,1.2356917830824482e+39,0.6827680119737647,0.47945184455003054,0.3706920029934412,0.706553602394753,8.677247532167061e+38,6.7088828726640834e+38,4.471117412166116e+38,0.16771392084752645,0.3609651757688475,0.47132090338362603
0.428,1.805451581296302e+39,5.706187401220331e+38,1.234832841174269e+39,0.6839468053126451,0.4798997860188051,0.37098670132816125,0.706789361062529,8.664358275314086e+38,6.697985265528276e+38,4.461797096411699e+38,0.16678300897189183,0.3609224905307356,0.4722945004973726
0.43,1.8010985863999743e+39,5.671240900746407e+38,1.2339744963253336e+39,0.685123238474022,0.48034683062012834,0.3712808096185055,0.7070246476948044,8.65151997611621e+38,6.687133413613283e+38,4.452521305989693e+38,0.1658573217200354,0.3608799354730517,0.4732627428069129
0.432,1.7967675904925426e+39,5.636508423719225e+38,1.23311674812062e+39,0.686297301134305,0.48079297443103586,0.37157432528357626,0.707259460226861,8.63873234194195e+38,6.6763270512866355e+38,4.443289776940117e+38,0.16493682858690933,0.3608375086543633,0.4742256627587274
0.434,1.7924584620845307e+39,5.601988659391355e+38,1.232259596145395e+39,0.6874689830816748,0.48123821357103647,0.3718672457704187,0.7074937966163349,8.62599508193847e+38,6.6655659145325486e+38,4.434102246913501e+38,0.1640214992696983,0.36079520816309585,0.4751832925672058
0.436,1.788171070489493e+39,5.5676803050427984e+38,1.2314030399852132e+39,0.6886382742161966,0.4816825442021547,0.37215956855404914,0.7077276548432393,8.613307907020695e+38,6.654849740942019e+38,4.4249584551610264e+38,0.16311130366600332,0.36075303211706905,0.4761356642169276
0.438,1.7839052858191e+39,5.533582065931824e+38,1.2305470792259176e+39,0.6898051645499208,0.4821259625289699,0.3724512911374802,0.7079610329099841,8.600670529860507e+38,6.644178269702994e+38,4.415858142524722e+38,0.1622062118720497,0.3607109786630393,0.47708280946491094
0.44,1.7796609789782503e+39,5.499692655246113e+38,1.229691713453639e+39,0.6909696442069753,0.48256846479865056,0.3727424110517439,0.708193928841395,8.588082664875978e+38,6.633551241590599e+38,4.406801051427729e+38,0.16130619418091988,0.36066904597625055,0.4780247598428296
0.442,1.7754380216602147e+39,5.46601079405419e+38,1.2288369422547957e+39,0.6921317034236478,0.4830100473009862,0.37303292585591197,0.7084263406847295,8.575544028220696e+38,6.6229683989574186e+38,4.397786925864621e+38,0.1604112210808095,0.3606272322599912,0.47896154665919927
0.444,1.7712362863418105e+39,5.4325352112571655e+38,1.227982765216094e+39,0.6932913325484569,0.4834507063684136,0.37332283313711423,0.7086582665096914,8.56305433777314e+38,6.612429485723856e+38,4.388815511391787e+38,0.15952126325330723,0.3605855357451593,0.47989320100153354
0.446,1.7670556462786027e+39,5.399264643540757e+38,1.227129181924527e+39,0.6944485220422152,0.4838904383760418,0.3736121305105538,0.7088897044084431,8.550613313126129e+38,6.601934247368523e+38,4.379886555117864e+38,0.1586362915716972,0.36054395468983286,0.4808197537384699
0.448,1.7628959755001375e+39,5.366197835327626e+38,1.2262761919673748e+39,0.695603262478081,0.4843292397416708,0.37390081561952027,0.7091206524956162,8.538220675576328e+38,6.5914824309187126e+38,4.370999805694243e+38,0.15775627709928444,0.3605024873788491,0.4817412355218665
0.45,1.758757148805203e+39,5.33333353872998e+38,1.225423794932205e+39,0.6967555445416023,0.4847671069258089,0.3741888861354006,0.7093511089083204,8.525876148113826e+38,6.5810737849409185e+38,4.362155013305618e+38,0.15688119108774162,0.36046113212338865,0.48265767678886967
0.452,1.7546390417571206e+39,5.3006705135024936e+38,1.2245719904068713e+39,0.6979053590307482,0.4852040364316843,0.37447633975768707,0.7095810718061496,8.513579455411775e+38,6.57070805953142e+38,4.353351929660605e+38,0.1560110049754786,0.3604198872605671,0.4835691077639543
0.454,1.7505415306790636e+39,5.268207526995493e+38,1.2237207779795142e+39,0.6990526968559341,0.4856400248052549,0.37476317421398353,0.7098105393711869,8.501330323816093e+38,6.560385006306913e+38,4.34459030798241e+38,0.15514569038603224,0.3603787511530326,0.4844755584609352
0.456,1.7464644926494044e+39,5.235943354108442e+38,1.22287015723856e+39,0.7001975490400344,0.48607506863521305,0.3750493872600086,0.7100395098080069,8.489128481335217e+38,6.550104378395209e+38,4.3358699029995544e+38,0.15428521912647802,0.36033772218857024,0.4853770586849517
0.458,1.7424078054970935e+39,5.2038767772437114e+38,1.2220201277727222e+39,0.7013399067183878,0.48650916455298737,0.3753349766795969,0.7102679813436775,8.476973657629951e+38,6.5398659304259925e+38,4.3271904709366705e+38,0.15342956318586182,0.3602967987797128,0.4862736380344254
0.46,1.738371347797061e+39,5.172006586260621e+38,1.221170689170999e+39,0.7024797611387917,0.48694230923274084,0.375619940284698,0.7104959522277583,8.46486558400333e+38,6.52966941852162e+38,4.318551769505331e+38,0.15257869473365193,0.36025597936335685,0.4871653259029912
0.462,1.7343549988656527e+39,5.140331578429781e+38,1.2203218410226747e+39,0.7036171036614884,0.4873744993913656,0.3759042759153721,0.7107234207322977,8.4528039933906e+38,6.519514600287992e+38,4.309953557894954e+38,0.15173258611821128,0.3602152624003855,0.48805215148140324
0.464,1.7303586387560883e+39,5.108850558387692e+38,1.219473582917319e+39,0.704751925759141,0.4878057317884736,0.37618798143978527,0.7109503851518282,8.440788620349207e+38,6.509401234805474e+38,4.3013955967637556e+38,0.15089120986528848,0.3601746463752968,0.48893414375941474
0.466,1.7263821482539525e+39,5.077562338091647e+38,1.2186259144447877e+39,0.7058842190168007,0.4882360032263843,0.3764710547542002,0.7111768438033601,8.428819201048889e+38,6.499329082619875e+38,4.292877648229757e+38,0.15005453867652907,0.36013412979583886,0.48981133152763207
0.468,1.7224254088727083e+39,5.04646573677488e+38,1.2177788351952205e+39,0.7070139751318645,0.4886653105501085,0.3767534937829662,0.7114027950263728,8.416895473261795e+38,6.489297905733469e+38,4.284399475861845e+38,0.14922254542800467,0.3600937111926493,0.49068374337934595
0.47000000000000003,1.718488302849245e+39,5.0155595809020234e+38,1.2169323447590426e+39,0.7081411859140239,0.489093650647329,0.377035296478506,0.7116282371828049,8.405017176352701e+38,6.479307467596097e+38,4.275960844670903e+38,0.1483952031687611,0.3600533891189012,0.4915514077123377
0.47200000000000003,1.7145707131394446e+39,4.984842704124806e+38,1.216086442726964e+39,0.7092658432852054,0.489521020448378,0.3773164608213014,0.7118531686570411,8.39318405126924e+38,6.4693575330963e+38,4.267561521100966e+38,0.1475724851193847,0.36001316214995494,0.49241435273066037
0.47400000000000003,1.7106725234137835e+39,4.954313947238048e+38,1.2152411286899788e+39,0.7103879392794994,0.48994741692620974,0.3775969848198749,0.7120775878558998,8.381395840532243e+38,6.4594478685525155e+38,4.259201273020462e+38,0.1467543646705865,0.35997302888301436,0.4932726064463992
0.47600000000000003,1.7067936180529566e+39,4.923972158135907e+38,1.2143964022393658e+39,0.7115074660430836,0.49037283709637175,0.3778768665107709,0.7123014932086167,8.369652288226094e+38,6.449578241704328e+38,4.250879869713491e+38,0.14594081538180384,0.35993298793678996,0.4941261966814062
0.47800000000000004,1.7029338821435275e+39,4.8938161917684e+38,1.2135522629666877e+39,0.7126244158341354,0.4907972780169715,0.37815610395853383,0.7125248831668272,8.357953139989174e+38,6.4397484217037736e+38,4.242597081871148e+38,0.14513181097981936,0.3598930379511656,0.49497515106901496
0.48,1.699093201473611e+39,4.863844910098199e+38,1.2127087104637912e+39,0.7137387810227349,0.49122073678863926,0.37843469525568374,0.712747756204547,8.346298143004351e+38,6.429958179106701e+38,4.234352681582926e+38,0.14432732535739703,0.3598531775868718,0.4958194970557312
0.482,1.6952714625285738e+39,4.83405718205767e+38,1.2118657443228068e+39,0.7148505540907616,0.49164321055448934,0.37871263852269044,0.7129701108181523,8.334687045989526e+38,6.420207285864165e+38,4.226146442328141e+38,0.14352733257193467,0.35981340552516367,0.4966592619029017
0.484,1.6914685524867682e+39,4.8044518835062e+38,1.211023364136148e+39,0.7159597276317802,0.49206469650007645,0.37898993190794505,0.713191945526356,8.323119599188252e+38,6.410495515313907e+38,4.217978138967439e+38,0.1427318068441332,0.35977372046750355,0.4974944726883632
0.486,1.6876843592152893e+39,4.775027897187772e+38,1.2101815694965122e+39,0.7170662943509186,0.4924851918533491,0.37926657358772964,0.7134132588701837,8.311595554360384e+38,6.400822642171858e+38,4.209847547734327e+38,0.14194072255668166,0.3597341211352492,0.4983251563080691
0.488,1.683918771265759e+39,4.745784112688792e+38,1.2093403599968799e+39,0.7181702470647379,0.4929046938846004,0.3795425617661845,0.7136340494129476,8.300114664772813e+38,6.391188442523719e+38,4.201754446226779e+38,0.1411540542529583,0.35969460626934696,0.4991513394776947
0.49,1.6801716778701337e+39,4.716719426396198e+38,1.2084997352305139e+39,0.7192715787010922,0.49332319990641504,0.37981789467527305,0.7138543157402184,8.288676685190247e+38,6.3815926938165525e+38,4.193698613398878e+38,0.14037177663574718,0.3596551746300286,0.4999730487342242
0.492,1.6764429689365406e+39,4.687832741455799e+38,1.2076596947909606e+39,0.7203702822989828,0.49374070727361347,0.38009257057474577,0.7140740564597965,8.27728137186604e+38,6.372035174850484e+38,4.185679829552518e+38,0.13959386456596987,0.35961582499651434,0.5007903104375158
0.494,1.6727325350451373e+39,4.6591229677308904e+38,1.2068202382720483e+39,0.7214663510084015,0.4941572133831926,0.38036658775210036,0.7142932702016802,8.265928482533086e+38,6.362515665770395e+38,4.177697876329153e+38,0.13882029306143295,0.35957655616671985,0.5016031507718473
0.496,1.6690402674439987e+39,4.630589021761106e+38,1.205981365267888e+39,0.7225597780901666,0.4945727156742633,0.3806399445225417,0.7145119556180333,8.254617776394772e+38,6.353033948057718e+38,4.169752536701598e+38,0.13805103729558924,0.35953736695696764,0.5024115957474431
0.498,1.6653660580450264e+39,4.6022298267215396e+38,1.2051430753728723e+39,0.723650556915751,0.49498721162798537,0.3809126392289378,0.7147301113831501,8.243349014115973e+38,6.343589804522235e+38,4.161843594965872e+38,0.1372860725963146,0.3594982562017031,0.5032156712019824
0.5,1.6617097994198865e+39,4.574044312382098e+38,1.2043053681816766e+39,0.7247386809671023,0.4954006987674988,0.3811846702417756,0.7149477361934204,8.23212195781412e+38,6.3341830192939656e+38,4.1539708367331146e+38,0.13652537444469817,0.35945922275321546,0.5040154028020865
0.502,1.658071384795969e+39,4.5460314150671185e+38,1.2034682432892572e+39,0.7258241438364536,0.4958131746578523,0.3814560359591134,0.7151648287672907,8.220936371050309e+38,6.3248133778150814e+38,4.146134048921517e+38,0.1357689184738476,0.3594202654813624,0.5048108160447901
0.504,1.6544507080523748e+39,4.5181900776152246e+38,1.2026317002908523e+39,0.7269069392261281,0.49622463690592866,0.381726734806532,0.7153813878452256,8.209792018820462e+38,6.31548066683188e+38,4.138333019748337e+38,0.1350166804677073,0.3593813832732994,0.5056019362589933
0.506,1.650847663715925e+39,4.490519249339431e+38,1.2017957387819818e+39,0.7279870609483351,0.49663508316036736,0.38199676523708376,0.715597412189667,8.198688667546566e+38,6.306184674386804e+38,4.130567538721936e+38,0.13426863635989086,0.35934257503321326,0.5063887886068958
0.508,1.6472621469571955e+39,4.463017885987494e+38,1.200960358358446e+39,0.7290645029249575,0.49704451111148384,0.38226612573123936,0.7158129005849916,8.187626085067925e+38,6.296925189810506e+38,4.122837396633884e+38,0.13352476223252657,0.3593038396820594,0.507171398085414
0.51,1.6436940535865766e+39,4.435684949702499e+38,1.2001255586163268e+39,0.7301392591873326,0.49745291849118634,0.38253481479683316,0.7160278518374665,8.176604040632509e+38,6.28770200371397e+38,4.115142385551098e+38,0.13278503431511632,0.35926517615730413,0.5079497895275795
0.512,1.6401432800503566e+39,4.408519408983699e+38,1.1992913391519866e+39,0.7312113238760246,0.4978603030728893,0.3828028309690062,0.7162422647752049,8.165622304888334e+38,6.278514907980681e+38,4.107482298808044e+38,0.13204942898340724,0.3592265834126698,0.508723987603923
0.514,1.6366097234268264e+39,4.381520238647581e+38,1.1984576995620685e+39,0.7322806912405908,0.4982666626714245,0.3830701728101477,0.716456138248118,8.154680649874878e+38,6.269363695758825e+38,4.099856930998967e+38,0.13131792275827625,0.35918806041788465,0.5094940168238391
0.516,1.6330932814224144e+39,4.354686419789185e+38,1.1976246394434958e+39,0.7333473556393374,0.4986719951429482,0.38333683890983433,0.7166694711278675,8.143778849014595e+38,6.260248161453568e+38,4.092266077970194e+38,0.1305904923046273,0.3591496061584367,0.510259901536936
0.518,1.6295938523678366e+39,4.3280169397436445e+38,1.1967921583934721e+39,0.7344113115390722,0.49907629838484746,0.38360282788476807,0.7168822623078144,8.132916677104435e+38,6.251168100719354e+38,4.0847095368124514e+38,0.12986711443030044,0.35911121963533094,0.5110216659343687
0.52,1.6261113352142787e+39,4.3015107920479764e+38,1.1959602560094811e+39,0.7354725535148459,0.49947957033564144,0.3838681383787115,0.7170945107029691,8.122093910307441e+38,6.24212331045226e+38,4.07718710585327e+38,0.12914776608499368,0.35907289986485036,0.511779334050156
0.522,1.6226456295295955e+39,4.2751669764030944e+38,1.1951289318892861e+39,0.7365310762496884,0.4998818089748816,0.3841327690624221,0.7173062152499377,8.111310326144397e+38,6.233113588782407e+38,4.069698584649394e+38,0.1284324243591964,0.35903464587832146,0.5125329297624821
0.524,1.619196635494536e+39,4.248984498636061e+38,1.1942981856309299e+39,0.7375868745343376,0.5002830123230483,0.38439671863358443,0.7175173749068675,8.100565703485512e+38,6.224138735066397e+38,4.062243773979271e+38,0.12772106648313447,0.35899645672188213,0.5132824767949833
0.526,1.615764253898992e+39,4.222962370662569e+38,1.1934680168327351e+39,0.738639943266961,0.5006831784414452,0.38465998581674027,0.7177279886533922,8.089859822542176e+38,6.215198549879822e+38,4.054822475835568e+38,0.12701366982572712,0.35895833145625416,0.5140279987180187
0.528,1.6123483861382682e+39,4.197099610449653e+38,1.1926384250933029e+39,0.7396902774528701,0.5010823054320906,0.3849225693632175,0.7179380554905741,8.079192464858741e+38,6.206292835009793e+38,4.04743449341774e+38,0.1263102118935552,0.3589202691565191,0.5147695189499257
0.53,1.6089489342093773e+39,4.1713952419786276e+38,1.1918094100115146e+39,0.740737872204228,0.5014803914376067,0.385184468051057,0.7181475744408455,8.068563413304386e+38,6.197421393447541e+38,4.040079631124643e+38,0.12561067032984075,0.3588822689118975,0.5155070607582617
0.532,1.6055658007073547e+39,4.145848295208257e+38,1.1909809711865289e+39,0.7417827227397503,0.5018774346411051,0.3854456806849376,0.7183565445479501,8.05797245206499e+38,6.188584029381032e+38,4.032757694547196e+38,0.12491502291343692,0.3588443298255308,0.5162406472610324
0.534,1.6021988888215986e+39,4.120457806038145e+38,1.1901531082177841e+39,0.7428248243843996,0.5022734332660718,0.3857062060960999,0.7185649648768799,8.047419366635095e+38,6.179780548187658e+38,4.025468490461077e+38,0.12422324755783,0.35880645101426856,0.5169703014279015
0.536,1.598848102332232e+39,4.095222816272351e+38,1.1893258207049968e+39,0.7438641725690721,0.5026683855762474,0.385966043142268,0.7187728345138145,8.036903943809898e+38,6.171010756426956e+38,4.018211826819481e+38,0.12353532231015064,0.35876863160845684,0.5176960460813925
0.538,1.5955133456064846e+39,4.0701423735832305e+38,1.1884991082481615e+39,0.7449007628302793,0.503062289875506,0.38622519070756983,0.7189801525660559,8.026425971677278e+38,6.162274461833373e+38,4.010987512745904e+38,0.12285122535019694,0.3587308707517311,0.5184179038980719
0.54,1.5921945235951007e+39,4.045215531475495e+38,1.1876729704475512e+39,0.7459345908098222,0.5034551445077324,0.3864836477024555,0.7191869181619645,8.015985239609916e+38,6.153571473309079e+38,4.003795358526985e+38,0.12217093498946689,0.35869316760081216,0.519135897409721
0.542,1.5888915418287657e+39,4.0204413492504936e+38,1.1868474069037164e+39,0.7469656522544587,0.5038469478566943,0.38674141306361465,0.7193931304508917,8.005581538257407e+38,6.144901600916822e+38,3.996635175605383e+38,0.12149442967020177,0.3586555213253052,0.519850049004493
0.544,1.5856043064145566e+39,3.995818891970713e+38,1.1860224172174854e+39,0.7479939430155657,0.5042376983459149,0.3869984857538914,0.7195987886031131,7.995214659538468e+38,6.1362646558728264e+38,3.989506776572707e+38,0.12082168796443893,0.3586179311075015,0.5205603809280596
0.546,1.5823327240324133e+39,3.971347230424492e+38,1.1851980009899639e+39,0.7490194590487946,0.504627394438542,0.38725486476219867,0.7198038918097589,7.984884396633172e+38,6.127660450539736e+38,3.9824099751624765e+38,0.12015268857307491,0.35858039614218423,0.5212669152847409
0.548,1.579076701931631e+39,3.947025441090958e+38,1.1843741578225351e+39,0.7500421964137209,0.5050160346372139,0.38751054910343025,0.7200084392827442,7.97459054397522e+38,6.1190887984196e+38,3.975344586243135e+38,0.11948741032493805,0.358542915636436,0.5219696740386259
0.55,1.5758361479273758e+39,3.922852606105171e+38,1.1835508873168587e+39,0.7510621512734863,0.5054036174839248,0.3877655378183716,0.7202124302546973,7.96433289724429e+38,6.110549514146898e+38,3.968310425811105e+38,0.11882583217587078,0.3585054888094502,0.522668679014679
0.552,1.572610970397221e+39,3.898827813223487e+38,1.1827281890748721e+39,0.7520793198944368,0.505790141559886,0.38801982997360923,0.7204158639788873,7.9541112533584e+38,6.102042413481623e+38,3.961307310983882e+38,0.11816793320782146,0.358468114892346,0.5233639518998325
0.554,1.5694010782777024e+39,3.874950155789133e+38,1.1819060626987891e+39,0.7530936986457538,0.5061756054853864,0.38827342466143844,0.7206187397291508,7.943925410466343e+38,6.093567313302377e+38,3.954335059993176e+38,0.11751369262794509,0.3584307931279837,0.5240555142440713
0.556,1.5662063810608983e+39,3.851218732697989e+38,1.1810845077910994e+39,0.7541052839990796,0.5065600079196502,0.3885263209997699,0.7208210567998159,7.933775167940152e+38,6.085124031599545e+38,3.947393492178083e+38,0.11686308976771385,0.35839352277078584,0.5247433874615003
0.558,1.563026788791028e+39,3.82763264836458e+38,1.1802635239545698e+39,0.7551140725281373,0.5069433475606921,0.38877851813203435,0.7210228145056274,7.923660326367626e+38,6.07671238746848e+38,3.940482427978321e+38,0.11621610408203589,0.35835630308655947,0.5254275928314047
0.56,1.5598622120610713e+39,3.804191012688282e+38,1.1794431107922431e+39,0.756120060908345,0.507325623145171,0.38903001522708625,0.7212240121816691,7.91358068754488e+38,6.06833220110275e+38,3.9336016889274805e+38,0.11557271514838362,0.3583191333523211,0.5261081514992954
0.562,1.5567125620094108e+39,3.780892941019732e+38,1.1786232679074376e+39,0.757123245916424,0.5077068334482411,0.38928081147910604,0.7214246491832847,7.903536054468966e+38,6.0599832937874164e+38,3.9267510976463345e+38,0.11493290266593045,0.3582820128561251,0.5267850844779445
0.5640000000000001,1.5535777503164914e+39,3.7577375541274355e+38,1.1778039949037477e+39,0.7581236244300024,0.5080869772834009,0.3895309061075006,0.7216247248860005,7.893526231330523e+38,6.051665487892352e+38,3.9199304778361874e+38,0.11429664645469613,0.3582449408968944,0.5274584126484094
0.5660000000000001,1.5504576892015026e+39,3.734723978164593e+38,1.1769852913850433e+39,0.7591211934272128,0.5084660535023409,0.3897802983568032,0.7218242386854425,7.88355102350647e+38,6.0433786068656136e+38,3.913139654272256e+38,0.11366392645470068,0.3582079167842539,0.5281281567610454
0.5680000000000001,1.5473522914190814e+39,3.711851344636119e+38,1.1761671569554696e+39,0.7601159499862847,0.5088440609947882,0.3900289874965712,0.7220231899972569,7.873610237552764e+38,6.0351224752268375e+38,3.9063784527970986e+38,0.11303472272512678,0.3581709398383661,0.5287943374365071
0.5700000000000001,1.5442614702560336e+39,3.689118790365868e+38,1.1753495912194467e+39,0.7611078912851316,0.50922099868835,0.39027697282128293,0.7222215782570263,7.863703681197172e+38,6.0268969185606844e+38,3.899646700314086e+38,0.11240901544349002,0.35813400938976947,0.5294569751667405
0.5720000000000001,1.5411851395280762e+39,3.666525457464058e+38,1.1745325937816703e+39,0.7620970146009337,0.5095968655483548,0.39052425365023347,0.7224194029201867,7.853831163332116e+38,6.018701763510329e+38,3.892944224780901e+38,0.11178678490481782,0.35809712477922,0.5301160903159621
0.5740000000000001,1.5381232135766e+39,3.6440704932948965e+38,1.1737161642471105e+39,0.7630833173097145,0.5099716605776915,0.3907708293274286,0.7226166634619429,7.84399249400754e+38,6.010536837770977e+38,3.8862708552030914e+38,0.11116801152083583,0.3580602853575339,0.5307717031216304
0.5760000000000001,1.535075607265452e+39,3.621753050444401e+38,1.1729003022210117e+39,0.7640667968859131,0.5103453828166469,0.3910166992214783,0.7228133593771826,7.834187484423837e+38,6.002401970083434e+38,3.879626421627658e+38,0.11055267581916249,0.3580234904854339,0.5314238336954036
0.578,1.532042235977736e+39,3.599572286688427e+38,1.1720850073088933e+39,0.7650474509019517,0.5107180313427416,0.39126186272548796,0.7230094901803903,7.824415946924813e+38,5.994296990227706e+38,3.8730107551366716e+38,0.1099407584425115,0.3579867395333968,0.5320725020240917
0.58,1.5290230156126353e+39,3.577527364960868e+38,1.1712702791165485e+39,0.7660252770277982,0.5110896052705634,0.39150631925694956,0.7232050554055597,7.814677694990682e+38,5.9862217290166416e+38,3.8664236878409506e+38,0.10933224014790136,0.357950031881505,0.5327177279705937
0.582,1.526017862582253e+39,3.555617453322084e+38,1.1704561172500444e+39,0.7670002730305239,0.511460103751599,0.391750068257631,0.7234000546061048,7.804972543231124e+38,5.978176018289617e+38,3.859865052873752e+38,0.10872710180587328,0.35791336691929815,0.5333595312748285
0.584,1.5230266938084718e+39,3.533841724927492e+38,1.1696425213157227e+39,0.7679724367738567,0.5118295259740655,0.3919931091934642,0.7235944873547714,7.795300307378384e+38,5.970159690906251e+38,3.853334684384523e+38,0.10812532439971592,0.35787674404562947,0.5339979315546546
0.586,1.5200494267198348e+39,3.51219935799637e+38,1.1688294909201977e+39,0.76894176621773,0.5121978711627374,0.3922354415544325,0.723788353243546,7.785660804280389e+38,5.962172580740164e+38,3.8468324175326766e+38,0.10752688902469772,0.3578401626685222,0.53463294830678
0.588,1.517085979248442e+39,3.490689535780842e+38,1.1680170256703578e+39,0.7699082594178271,0.5125651385787743,0.39247706485445677,0.7239816518835654,7.776053851893931e+38,5.954214522672778e+38,3.8403580884814104e+38,0.1069317768873063,0.35780362220502954,0.5352646009076643
0.59,1.5141362698268697e+39,3.469311446535052e+38,1.1672051251733645e+39,0.7708719145251212,0.512931327519546,0.39271797863128033,0.7241743829050242,7.766479269277897e+38,5.946285352587152e+38,3.833911534391569e+38,0.10633996930449521,0.3577671220810963,0.5358929086144085
0.592,1.511200217385106e+39,3.448064283484535e+38,1.1663937890366523e+39,0.7718327297854106,0.513296437318456,0.3929581824463527,0.724366545957082,7.75693687658651e+38,5.938384907361844e+38,3.827492593415527e+38,0.10575144770293747,0.35773066173142254,0.53651789056564
0.594,1.508277741347506e+39,3.42694724479577e+38,1.165583016867929e+39,0.7727907035388515,0.5136604673447636,0.3931976758847129,0.7245581407077704,7.747426495062644e+38,5.930513024864835e+38,3.821101104691134e+38,0.10516619361828639,0.3576942405993302,0.5371395657823834
0.596,1.505368761629766e+39,3.405959533545916e+38,1.1647728082751742e+39,0.7737458342194836,0.5140234170034038,0.3934364585548709,0.7247491668438968,7.737947947031147e+38,5.922669543947468e+38,3.81473690833567e+38,0.1045841886944427,0.35765785813663,0.5377579531689273
0.598,1.5024731986359147e+39,3.3851003576927396e+38,1.1639631628666407e+39,0.7746981203547557,0.5143852857348071,0.39367453008868897,0.7249396240709511,7.728501055892245e+38,5.914854304438432e+38,3.8083998454398586e+38,0.10400541468282895,0.3576215138034925,0.5383730715136785
0.6,1.4995909732553266e+39,3.364368930044729e+38,1.1631540802508536e+39,0.7756475605650436,0.5147460730147165,0.3939118901412609,0.7251295121130087,7.719085646114962e+38,5.907067147137787e+38,3.802089758061912e+38,0.10342985344167023,0.35758520706831964,0.5389849394900101
0.602,1.4967220068597474e+39,3.3437644682313775e+38,1.1623455600366098e+39,0.7765941535631667,0.5151057783540034,0.39414853839079167,0.7253188307126334,7.709701543230562e+38,5.899307913811019e+38,3.795806489221602e+38,0.1028574869352815,0.3575489374076188,0.5395935756570998
0.604,1.4938662213003454e+39,3.3232861946736694e+38,1.1615376018329783e+39,0.7775378981538993,0.5154644012984817,0.3943844745384748,0.7255075796307798,7.700348573826077e+38,5.891576447183137e+38,3.789549882894379e+38,0.10228829723336161,0.3575127043058789,0.5401989984607595
0.606,1.491023538904772e+39,3.3029333365547237e+38,1.1607302052492998e+39,0.7784787932334801,0.5158219414287224,0.39461969830837,0.725695758646696,7.691026565537838e+38,5.8838725909327935e+38,3.7833197840055245e+38,0.10172226651029323,0.3574765072554482,0.5408012262342585
0.608,1.4881938824742505e+39,3.2827051257906388e+38,1.1599233698951865e+39,0.7794168377891153,0.5161783983598638,0.39485420944727884,0.725883367557823,7.68173534704506e+38,5.8761961896864675e+38,3.777116038424336e+38,0.10115937704444969,0.35744034575641404,0.5414002771991363
0.61,1.4853771752806723e+39,3.2626007990015006e+38,1.1591170953805223e+39,0.7803520308984814,0.5165337717414229,0.3950880077246204,0.7260704061796962,7.672474748063464e+38,5.868547089012651e+38,3.770938492958348e+38,0.10059961121750736,0.35740421931648436,0.5419961694660083
0.612,1.4825733410637194e+39,3.242619597482576e+38,1.1583113813154617e+39,0.781284371729222,0.5168880612571043,0.39532109293230555,0.7262568743458444,7.663244599338936e+38,5.860925135416094e+38,3.764786995347596e+38,0.10004295151376473,0.35736812745087115,0.542588921035364
0.614,1.4797823040279986e+39,3.2227607671756796e+38,1.1575062273104307e+39,0.7822138595384431,0.5172412666246083,0.3955534648846108,0.7264427719076887,7.654044732641233e+38,5.853330176332074e+38,3.7586613942589005e+38,0.09948938051946714,0.3573320696821759,0.543178549798357
0.616,1.4770039888401977e+39,3.2030235586407185e+38,1.1567016329761258e+39,0.7831404936722032,0.5175933875954372,0.39578512341805083,0.7266280987344407,7.644874980757712e+38,5.84576206012071e+38,3.752561539280202e+38,0.0989388809221377,0.3572960455402761,0.5437650735375863
0.618,1.4742383206262548e+39,3.1834072270274087e+38,1.155897597923514e+39,0.7840642735650027,0.5179444239547011,0.3960160683912507,0.7268128547130005,7.635735177487114e+38,5.838220636061295e+38,3.746487280914923e+38,0.09839143550991411,0.35726005456221466,0.5443485099278712
0.62,1.4714852249685495e+39,3.163911032047164e+38,1.1550941217638333e+39,0.784985198739268,0.5182943755209218,0.396246299684817,0.7269970397478536,7.626625157633375e+38,5.830705754346682e+38,3.740438470576363e+38,0.09784702717089082,0.35722409629208957,0.5449288765370197
0.622,1.468744627903107e+39,3.1445342379451605e+38,1.154291204108591e+39,0.7859032688048337,0.5186432421458368,0.39647581720120845,0.7271806537609667,7.617544756999481e+38,5.823217266077691e+38,3.73441496058213e+38,0.09730563889246759,0.3571881702809463,0.5455061908265861
0.624,1.466016455916823e+39,3.125276113472571e+38,1.1534888445695657e+39,0.7868184834584224,0.5189910237142005,0.3967046208646056,0.7273636966916845,7.60849381238136e+38,5.81575502325756e+38,3.72841660414861e+38,0.09676725376070339,0.3571522760866721,0.5460804701526245
0.626,1.4633006359447013e+39,3.1061359318589673e+38,1.1526870427588048e+39,0.78773084248312,0.5193377201435856,0.39693271062078,0.727546168496624,7.599472161561802e+38,5.808318878786415e+38,3.722443255385458e+38,0.09623185495967568,0.35711641327389043,0.5466517317664339
0.628,1.4605970953671148e+39,3.0871129707848936e+38,1.1518857982886255e+39,0.788640345747849,0.5196833313841825,0.39716008643696227,0.7277280691495698,7.590479643304428e+38,5.8009086864557936e+38,3.716494769290142e+38,0.09569942577084554,0.35708058141385884,0.5472199928152957
0.63,1.4579057620070757e+39,3.068206512354608e+38,1.151085110771615e+39,0.7895469932068411,0.5200278574185996,0.3973867483017103,0.7279093986413683,7.581516097347704e+38,5.793524300943189e+38,3.710571001742505e+38,0.09516994957242805,0.35704478008436696,0.5477852703432049
0.632,1.455226564127528e+39,3.049415843068988e+38,1.1502849798206293e+39,0.7904507848991029,0.5203712982616591,0.39761269622477574,0.7280901569798206,7.572581364398952e+38,5.78616557780663e+38,3.70467180949936e+38,0.09464340983876803,0.3570090088696371,0.5483475812915948
0.634,1.452559430428655e+39,3.0307402537986093e+38,1.149485405048794e+39,0.7913517209478838,0.5207136539601959,0.39783793023697095,0.7282703441895768,7.563675286128458e+38,5.778832373479295e+38,3.6987970501891336e+38,0.09411979013972119,0.3569732673602256,0.5489069425000532
0.636,1.4499042900452006e+39,3.0121790397569765e+38,1.1486863860695028e+39,0.7922498015601379,0.5210549245928524,0.3980624503900345,0.7284499603120276,7.554797705163552e+38,5.771524545264159e+38,3.692946582306521e+38,0.09359907414004036,0.3569375551529262,0.5494633707070335
0.638,1.4472610725438126e+39,2.993731500473934e+38,1.1478879224964192e+39,0.7931450270259857,0.5213951102698745,0.3982862567564964,0.7286290054051971,7.545948465082781e+38,5.764241951328674e+38,3.687120265207193e+38,0.093081245598767,0.3569018718506747,0.5500168825505584
0.64,1.444629707920397e+39,2.975396939769226e+38,1.1470900139434746e+39,0.7940373977181717,0.5217342111329052,0.39850934942954297,0.7288074795436343,7.537127410410077e+38,5.756984450699481e+38,3.681317959102522e+38,0.09256628836862783,0.3568662170624553,0.550567494568917
0.642,1.442010126597491e+39,2.957174665726224e+38,1.1462926600248685e+39,0.794926914091522,0.5220722273547783,0.3987317285228805,0.7289853828183044,7.52833438660898e+38,5.749751903257153e+38,3.675539525054348e+38,0.0920541863954362,0.35683059040320747,0.5511152232013563
0.644,1.4394022594216515e+39,2.939063990665819e+38,1.1454958603550695e+39,0.795813576682398,0.5224091591393112,0.3989533941705995,0.7291627153364797,7.519569240076897e+38,5.7425441697309765e+38,3.669784824969774e+38,0.09154492371749894,0.35679499149373595,0.5516600847887652
0.646,1.4368060376608597e+39,2.9210642311204642e+38,1.1446996145488132e+39,0.7966973861081488,0.5227450067210965,0.3991743465270372,0.7293394772216297,7.510831818139381e+38,5.735361111693753e+38,3.664053721595989e+38,0.09103848446502759,0.35675941996062027,0.5522020955743521
0.648,1.4342213930019423e+39,2.9031747078083867e+38,1.1439039222211036e+39,0.7975783430665606,0.5230797703652931,0.39939458576664016,0.7295156686133122,7.502121969044467e+38,5.7282025915566435e+38,3.658346078515133e+38,0.090534852859555,0.3567238754361274,0.5527412717043176
0.65,1.4316482575480068e+39,2.885394745607949e+38,1.143108782987212e+39,0.7984564483353067,0.5234134503674165,0.3996141120838267,0.7296912896670613,7.493439541957019e+38,5.7210684725640436e+38,3.652661760139183e+38,0.09003401321335604,0.35668835755812384,0.5532776292285202
0.652,1.4290865638158947e+39,2.8677236735321733e+38,1.1423141964626774e+39,0.7993317027713925,0.5237460470531292,0.3998329256928482,0.7298663405542785,7.484784386953143e+38,5.713958618788484e+38,3.64700063170488e+38,0.08953594992887391,0.3566528659699913,0.5538111841011348
0.654,1.4265362447336474e+39,2.8501608247034177e+38,1.1415201622633057e+39,0.8002041073106012,0.5240775607780285,0.4000510268276503,0.7300408214621202,7.476156355014586e+38,5.706872895125559e+38,3.641362559268672e+38,0.0890406474981502,0.35661740032054107,0.5543419521813087
0.656,1.423997233637992e+39,2.832705536328213e+38,1.1407266800051705e+39,0.8010736629669364,0.5244079919274358,0.4002684157417341,0.7302147325933872,7.46755529802323e+38,5.69981116728891e+38,3.635747409701712e+38,0.08854809050226038,0.3565819602639325,0.5548699492338071
0.658,1.4214694642718358e+39,2.8153571496722455e+38,1.1399337493046113e+39,0.8019403708320639,0.5247373409161843,0.400485092708016,0.7303880741664127,7.458981068755562e+38,5.6927733018052e+38,3.630155050684855e+38,0.08805826361075325,0.35654654545959025,0.5553951909296566
0.66,1.4189528707817853e+39,2.7981150100354987e+38,1.1391413697782354e+39,0.8028042320747516,0.5250656081884055,0.4007010580186879,0.7305608464149503,7.45043352087722e+38,5.6857591660091585e+38,3.624585350703723e+38,0.08757115158109519,0.3565111555721246,0.5559176928467802
0.662,1.4164473877156702e+39,2.7809784667275464e+38,1.1383495410429156e+39,0.8036652479403079,0.525392794217317,0.40091631198507705,0.7307330495880616,7.441912508937554e+38,5.67876862803863e+38,3.61903817904376e+38,0.08708673925811883,0.3564757902712518,0.5564374704706294
0.664,1.4139529500200914e+39,2.763946873042999e+38,1.1375582627157916e+39,0.804523419750019,0.5257188995050072,0.4011308549375048,0.7309046839500039,7.433417888364209e+38,5.6718015568296625e+38,3.6135134057853516e+38,0.086605011573476,0.3564404492317162,0.5569545391948079
0.666,1.4114694930379785e+39,2.747019586237094e+38,1.1367675344142692e+39,0.8053787489005844,0.526043924582222,0.40134468722514616,0.7310757497801169,7.424949515457775e+38,5.664857822111631e+38,3.608010901798956e+38,0.08612595354509525,0.3564051321332139,0.5574689143216909
0.668,1.4089969525061637e+39,2.7301959675014415e+38,1.1359773557560195e+39,0.8062312368635518,0.5263678700081497,0.40155780921588796,0.7312462473727104,7.416507247386434e+38,5.657937294402377e+38,3.60253053874027e+38,0.08564955027664327,0.35636983866031624,0.5579806110630405
0.67,1.406535264552972e+39,2.7134753819399166e+38,1.1351877263589805e+39,0.807080885184751,0.5266907363702054,0.4017702212961877,0.7314161770369503,7.408090942180664e+38,5.651039845003395e+38,3.597072189045421e+38,0.08517578695699111,0.3563345685023968,0.558489644540612
0.672,1.4040843656958252e+39,2.6968571985447012e+38,1.134398645841355e+39,0.8079276954837245,0.5270125242838153,0.4019819238709311,0.731585539096745,7.399700458727964e+38,5.644165345995038e+38,3.591635725926194e+38,0.08470464885968407,0.3562993213535566,0.5589960297867593
0.674,1.401644192838858e+39,2.6803407901724678e+38,1.133610113821611e+39,0.8087716694531607,0.527333234392201,0.40219291736329016,0.7317543338906322,7.391335656767608e+38,5.637313670231743e+38,3.586221023365284e+38,0.08423612134241597,0.3562640969125527,0.5594997817450313
0.676,1.3992146832705534e+39,2.663925533520712e+38,1.1328221299184824e+39,0.8096128088583237,0.5276528673661629,0.4024032022145809,0.7319225617716648,7.38299639688545e+38,5.630484691337313e+38,3.58082795611158e+38,0.08377018984650754,0.3562288948827273,0.5600009152707652
0.678,1.3967957746613913e+39,2.647610809104236e+38,1.1320346937509678e+39,0.810451115536481,0.5279714239038628,0.4026127788841202,0.7320902231072962,7.374682540508738e+38,5.623678283700202e+38,3.575456399675478e+38,0.08330683989638885,0.3561937149719373,0.5604994451316738
0.68,1.3943874050615063e+39,2.6313960012317602e+38,1.1312478049383304e+39,0.8112865913963352,0.5282889047306074,0.4028216478490838,0.732257318279267,7.36639394990097e+38,5.616894322468839e+38,3.5701062303242116e+38,0.08284605709908549,0.3561585568924854,0.5609953860084291
0.682,1.391989512898368e+39,2.6152804979826975e+38,1.1304614631000984e+39,0.8121192384174489,0.5286053105986306,0.40302980960436224,0.7324238476834898,7.358130488156784e+38,5.610132683546982e+38,3.5647773250772364e+38,0.08238782714370928,0.3561234203610529,0.5614887524952379
0.684,1.3896020369744696e+39,2.5992636911840534e+38,1.1296756678560641e+39,0.8129490586496737,0.528920642286876,0.40323726466241844,0.7325898117299348,7.349892019196876e+38,5.6033932435891e+38,3.55946956170161e+38,0.08193213580095215,0.35608830509863204,0.5619795591004157
0.686,1.387224916465033e+39,2.583344976387482e+38,1.1288904188262848e+39,0.8137760542125758,0.5292349006007788,0.40344401355314397,0.7327552108425152,7.341678407762956e+38,5.596675879995778e+38,3.554182818707433e+38,0.08147896892258465,0.356053210830461,0.5624678202469544
0.6880000000000001,1.3848580909157275e+39,2.567523752846466e+38,1.1281057156310809e+39,0.8146002272948624,0.5295480863720476,0.4036500568237156,0.7329200454589725,7.333489519412707e+38,5.589980470909157e+38,3.54891697534329e+38,0.08102831244095746,0.356018137285958,0.5629535502730846
0.6900000000000001,1.382501500240403e+39,2.551799423493653e+38,1.1273215578910375e+39,0.8154215801538065,0.5298602004584464,0.40385539503845164,0.7330843160307613,7.325325220514827e+38,5.5833068952084e+38,3.543671911591738e+38,0.08058015236850753,0.35598308419865915,0.5634367634328332
0.6920000000000001,1.380155084718835e+39,2.5361713949183184e+38,1.1265379452270032e+39,0.816240115114673,0.5301712437435757,0.40406002877866826,0.7332480230229346,7.317185378244049e+38,5.576655032505178e+38,3.538447508164814e+38,0.0801344747972673,0.35594805130615403,0.5639174738965786
0.6940000000000001,1.3778187849944878e+39,2.520639077343976e+38,1.1257548772600902e+39,0.817055834570142,0.530481217136654,0.4042639586425355,0.7334111669140284,7.309069860576217e+38,5.5700247631392014e+38,3.533243646499567e+38,0.07969126589837806,0.35591303835002497,0.564395695751597
0.6960000000000001,1.375492542072285e+39,2.5052018846061147e+38,1.1249723536116737e+39,0.817868740979734,0.5307901215722989,0.4044671852449335,0.7335737481959468,7.300978536283386e+38,5.563415968173755e+38,3.5280602087536265e+38,0.07925051192160659,0.3558780450757855,0.5648714430026078
0.6980000000000001,1.373176297316401e+39,2.4898592341300815e+38,1.1241903739033927e+39,0.8186788368692341,0.5310979580103089,0.40466970921730855,0.7337357673738468,7.292911274928973e+38,5.556828529391284e+38,3.522897077800795e+38,0.07881219919486565,0.35584307123282066,0.5653447295723137
0.7000000000000001,1.3708699924480583e+39,2.4746105469090966e+38,1.1234089377571487e+39,0.8194861248301153,0.5314047274354438,0.40487153120752883,0.7338972249660232,7.284867946862893e+38,5.550262329288988e+38,3.517754137226654e+38,0.07837631412373812,0.3558081165743276,0.5658155693019342
0.7020000000000001,1.3685735695433465e+39,2.4594552474824005e+38,1.1226280447951064e+39,0.8202906075189622,0.5317104308572056,0.40507265187974056,0.7340581215037925,7.276848423216767e+38,5.5437172510744595e+38,3.512631271324227e+38,0.07794284319100446,0.3557731808572583,0.5662839759517373
0.704,1.3662869710310464e+39,2.444392763913537e+38,1.1218476946396928e+39,0.8210922876568958,0.5320150693096204,0.40527307191422396,0.7342184575313792,7.268852575899134e+38,5.537193178661325e+38,3.507528365089633e+38,0.07751177295617373,0.35573826384226115,0.5667499632015651
0.706,1.364010139690474e+39,2.42942252776877e+38,1.1210678869135973e+39,0.8218911680289956,0.5323186438510183,0.40547279200724895,0.7343782336057991,7.260880277590713e+38,5.530689996664942e+38,3.502445304217797e+38,0.07708309005501816,0.35570336529362534,0.5672135446513565
0.708,1.3617430186493354e+39,2.414543974095633e+38,1.1202886212397721e+39,0.8226872514837246,0.5326211555638153,0.4056718128709311,0.734537450296745,7.252931401739672e+38,5.5242075903981e+38,3.497381975098167e+38,0.07665678119911117,0.35566848497922515,0.5676747338216637
0.71,1.3594855513815917e+39,2.3997565414016072e+38,1.119509897241431e+39,0.8234805409323528,0.532922605554294,0.4058701352330882,0.7346961081864706,7.24500582255694e+38,5.517745845866761e+38,3.4923382648104664e+38,0.07623283317536857,0.3556336226704654,0.5681335441541661
0.712,1.3572376817053432e+39,2.3850596716329307e+38,1.11873171454205e+39,0.8242710393483808,0.5332229949523847,0.4060677598370952,0.7348542078696761,7.237103415011546e+38,5.511304649765812e+38,3.4873140611204744e+38,0.07581123284559328,0.3555987781422271,0.5685899890121795
0.714,1.3549993537807206e+39,2.370452810153542e+38,1.1179540727653664e+39,0.8250587497669647,0.5335223249114466,0.40626468744174116,0.7350117499533929,7.229224054825978e+38,5.504883889474857e+38,3.482309252475818e+38,0.07539196714602346,0.35556395117281503,0.5690440816811615
0.716,1.3527705121077942e+39,2.355935405724145e+38,1.1171769715353797e+39,0.8258436752843401,0.5338205966080493,0.40646091882108504,0.7351687350568681,7.22136761847159e+38,5.4984834530540376e+38,3.477323728001814e+38,0.07497502308688356,0.3555291415439053,0.5694958353692112
0.718,1.350551101524491e+39,2.341506910481407e+38,1.1164004104763503e+39,0.8266258190572476,0.5341178112417541,0.40665645476431195,0.7353251638114495,7.213533983164012e+38,5.4921032292398585e+38,3.4723573774973074e+38,0.07456038775193904,0.35549434904049393,0.569945263207567
0.72,1.3483410672045286e+39,2.3271667799172874e+38,1.1156243892127998e+39,0.8274051843023571,0.5344139700348957,0.4068512960755893,0.7354810368604715,7.205723026858602e+38,5.485743107441057e+38,3.467410091430564e+38,0.07414804829805416,0.35545957345084633,0.5703923782510996
0.722,1.3461403546553593e+39,2.3129144728584816e+38,1.114848907369511e+39,0.8281817742956946,0.5347090742323639,0.4070454435739237,0.7356363548591389,7.197934628245933e+38,5.479402977734497e+38,3.462481760935164e+38,0.07373799195475261,0.3554248145664471,0.5708371934788004
0.724,1.3439489097161275e+39,2.298749451446004e+38,1.1140739645715271e+39,0.8289555923720678,0.5350031251013858,0.40723889809301694,0.7357911184744136,7.190168666747284e+38,5.4730827308610724e+38,3.4575722778059374e+38,0.07333020602378197,0.3553900721819514,0.5712797217942667
0.726,1.3417666785556411e+39,2.2846711811148867e+38,1.1132995604441525e+39,0.8297266419244927,0.5352961239313072,0.40743166048112317,0.7359453283848986,7.18242502251019e+38,5.466782258221663e+38,3.4526815344949164e+38,0.07292467787868058,0.3553553460951366,0.5717199760261829
0.728,1.3395936076703526e+39,2.2706791305740093e+38,1.1125256946129517e+39,0.8304949264036218,0.5355880720333762,0.4076237316009054,0.7360989852807243,7.174703576403992e+38,5.4605014518730845e+38,3.447809424107312e+38,0.07252139496434809,0.35532063610685427,0.5721579689287977
0.73,1.3374296438823543e+39,2.256772771786045e+38,1.1117523667037498e+39,0.8312604493171709,0.5358789707405249,0.40781511232929274,0.7362520898634342,7.167004210015428e+38,5.454240204524083e+38,3.442955840397524e+38,0.0721203447966186,0.3552859420209839,0.5725937131823975
0.732,1.3352747343373846e+39,2.242951579947533e+38,1.1109795763426314e+39,0.8320232142293494,0.5361688214071527,0.40800580355733734,0.7364046428458699,7.159326805644245e+38,5.4479984095313476e+38,3.438120677765159e+38,0.07172151496183689,0.3552512636443857,0.5730272213937775
0.734,1.3331288265028495e+39,2.22921503346908e+38,1.1102073231559415e+39,0.832783224760288,0.5364576254089094,0.408195806190072,0.7365566449520576,7.151671246298845e+38,5.441775960895553e+38,3.4333038312510935e+38,0.07132489311643823,0.35521660078685663,0.5734585060967052
0.736,1.3309918681658516e+39,2.2155626139556683e+38,1.1094356067702848e+39,0.8335404845854707,0.5367453841424789,0.40838512114636766,0.7367080969170942,7.144037415691956e+38,5.435572753257415e+38,3.42850519653354e+38,0.07093046698653026,0.3551819532610846,0.5738875797523851
0.738,1.3288638074312349e+39,2.2019938061870953e+38,1.1086644268125255e+39,0.8342949974351648,0.5370320990253625,0.4085737493587912,0.736858999487033,7.136425198236313e+38,5.429388681893784e+38,3.423724669924158e+38,0.07053822436747827,0.35514732088260453,0.5743144547499173
0.74,1.32674459271964e+39,2.188508098098531e+38,1.1078937829097868e+39,0.8350467670938536,0.5373177714956644,0.40876169177346344,0.7370093534187707,7.128834479040398e+38,5.423223642713748e+38,3.418962148364169e+38,0.0701481531234935,0.3551127034697554,0.574739143406751
0.742,1.3246341727655709e+39,2.1751049807611948e+38,1.1071236746894514e+39,0.8357957973996691,0.5376024030118743,0.4089489493499173,0.7371591594799338,7.121265143904172e+38,5.417077532254771e+38,3.4142175294205095e+38,0.06976024118722415,0.3550781008436368,0.5751616579691391
0.744,1.3225324966154758e+39,2.161783948363144e+38,1.1063541017791615e+39,0.8365420922438265,0.537885995052654,0.40913552306095663,0.7373084184487653,7.113717079314859e+38,5.4109502476788555e+38,3.409490711282005e+38,0.06937447655934903,0.3550435128280678,0.5755820106125832
0.746,1.3204395136258362e+39,2.1485444981901895e+38,1.1055850638068172e+39,0.8372856555700583,0.5381685491166222,0.4093214138925146,0.7374571311140117,7.106190172442745e+38,5.404841686768716e+38,3.40478159275556e+38,0.06899084730817445,0.35500893924954463,0.576000213442281
0.748,1.3183551734612705e+39,2.1353861306069244e+38,1.104816560400578e+39,0.8380264913740519,0.5384500667221397,0.40950662284351297,0.7376052982748104,7.098684311136991e+38,5.398751747923986e+38,3.4000900732623768e+38,0.0686093415692336,0.3549743799372004,0.576416278493566
0.75,1.3162794260926481e+39,2.122308349037867e+38,1.1040485911888614e+39,0.8387646037028854,0.5387305494070965,0.4096911509257214,0.7377529207405771,7.0911993839215e+38,5.39268033015745e+38,3.395416052834202e+38,0.06822994754488879,0.3549398347227645,0.5768302177323468
0.752,1.3142122217952156e+39,2.1093106599487206e+38,1.1032811558003435e+39,0.8394999966544673,0.5390099987286976,0.40987499916361686,0.7378999993308935,7.08373527999078e+38,5.386627333091291e+38,3.3907594321095858e+38,0.06785265350393642,0.3549053034405237,0.5772420430555398
0.754,1.3121535111467331e+39,2.096392572827749e+38,1.1025142538639583e+39,0.8402326743769756,0.5392884162632507,0.41005816859424393,0.7380465348753951,7.076291889205854e+38,5.3805926569533624e+38,3.3861201123301734e+38,0.06747744778121464,0.35487078592728233,0.577651766291503
0.756,1.3101032450256243e+39,2.0835536001672665e+38,1.1017478850088976e+39,0.8409626410682988,0.5395658036059535,0.4102406602670747,0.7381925282136598,7.068869102090184e+38,5.3745762025734925e+38,3.3814979953370124e+38,0.06710431877721383,0.3548362820223246,0.5780593992004617
0.758,1.308061374609135e+39,2.0707932574452384e+38,1.1009820488646113e+39,0.8416899009754786,0.5398421623706818,0.41042247524386966,0.7383379801950958,7.06146680982562e+38,5.368577871379799e+38,3.376892983566886e+38,0.06673325495768948,0.3548017915673767,0.5784649534749339
0.76,1.3060278513715066e+39,2.0581110631069955e+38,1.100216745060807e+39,0.842414458394153,0.5401174941897781,0.4106036145985382,0.7384828916788305,7.054084904248381e+38,5.3625975653950305e+38,3.3723049800486716e+38,0.06636424485327784,0.35476731440656906,0.5788684407401531
0.762,1.3040026270821554e+39,2.0455065385470625e+38,1.0994519732274492e+39,0.8431363176680019,0.5403918007138406,0.41078407941700046,0.7386272635336004,7.046723277845047e+38,5.3566351872329335e+38,3.3677338883997153e+38,0.06599727705911433,0.3547328503864005,0.5792698725544851
0.764,1.3019856538038693e+39,2.032979208091098e+38,1.0986877329947595e+39,0.843855483188193,0.5406650836115133,0.41096387079704827,0.7387710966376386,7.039381823748599e+38,5.350690640094638e+38,3.363179612822229e+38,0.06563234023445436,0.3546983993557015,0.5796692604098441
0.766,1.2999768838910113e+39,2.0205285989779376e+38,1.0979240239932176e+39,0.8445719593928305,0.5409373445692756,0.41114298984820763,0.738914391878566,7.032060435734451e+38,5.344763827765066e+38,3.35864205809972e+38,0.06526942310229662,0.3546639611655992,0.5800666157321042
0.768,1.2979762699877345e+39,2.0081542413417584e+38,1.0971608458535587e+39,0.8452857507664039,0.5412085852912335,0.411321437691601,0.7390571501532808,7.02475900821654e+38,5.3388546546093665e+38,3.354121129593428e+38,0.06490851444900918,0.3546295356694819,0.5804619498815089
0.77,1.29598376502621e+39,1.9958556681943435e+38,1.0963981982067756e+39,0.8459968618392392,0.5414788074989109,0.41149921545980983,0.7391993723678478,7.01747743624341e+38,5.3329630255693596e+38,3.3496167332387933e+38,0.06454960312395785,0.35459512272296495,0.5808552741530773
0.772,1.2939993222248635e+39,1.9836324154074612e+38,1.0956360806841175e+39,0.846705297186952,0.5417480129310417,0.411676324296738,0.7393410594373904,7.010215615494345e+38,5.327088846160021e+38,3.345128775541943e+38,0.06419267803913727,0.3545607221838568,0.5812465997770059
0.774,1.2920228950866239e+39,1.9714840216953475e+38,1.0948744929170892e+39,0.8474110614299007,0.5420162033433623,0.4118527653574752,0.7394822122859802,7.002973442275512e+38,5.321232022465972e+38,3.3406571635762013e+38,0.0638377281688042,0.3545263339121255,0.5816359379190703
0.776,1.2900544373971823e+39,1.9594100285972972e+38,1.0941134345374526e+39,0.8481141592326438,0.5422833805084046,0.41202853980816095,0.7396228318465288,6.99575081351612e+38,5.315392461137996e+38,3.336201804978617e+38,0.06348474254911343,0.3544919577698657,0.5820232996810208
0.778,1.2880939032232617e+39,1.9474099804603676e+38,1.093352905177225e+39,0.8488145953033963,0.5425495462152906,0.4122036488258491,0.7397629190606793,6.98854762676463e+38,5.309570069389586e+38,3.3317626079465184e+38,0.06313371027775617,0.35445759362126644,0.5824086961009773
0.78,1.2861412469108973e+39,1.9354834244221745e+38,1.0925929044686799e+39,0.8495123743934897,0.542814702269526,0.4123780935983724,0.739902474878698,6.981363780184957e+38,5.3037647549934945e+38,3.3273394812340827e+38,0.06278462051360065,0.3544232413325796,0.5827921381538197
0.782,1.2841964230837267e+39,1.9236299103938104e+38,1.0918334320443457e+39,0.8502075012968329,0.5430788504927965,0.41255187532420823,0.7400415002593665,6.974199172552712e+38,5.297976426278318e+38,3.322932334148928e+38,0.062437462476335186,0.3543889007720872,0.5831736367515776
0.784,1.282259386641292e+39,1.911848991042851e+38,1.0910744875370069e+39,0.8508999808493751,0.5433419927227625,0.4127249952123438,0.740179996169875,6.967053703251469e+38,5.2922049921251015e+38,3.3185410765487335e+38,0.062092225446113675,0.35435457181007207,0.5835532027438142
0.786,1.2803300927573512e+39,1.900140221776482e+38,1.090316070579703e+39,0.8515898179285709,0.5436041308128569,0.4128974544821427,0.7403179635857142,6.959927272269043e+38,5.28645036196396e+38,3.3141656188378705e+38,0.06174889876320342,0.35432025431878644,0.5839308469180101
0.788,1.2784084968782002e+39,1.8885031607247133e+38,1.0895581808057288e+39,0.8522770174528463,0.5438652666320817,0.4130692543632116,0.7404554034905693,6.952819780193811e+38,5.280712445770723e+38,3.309805871964056e+38,0.06140747182763507,0.3542859481724221,0.5843065799999428
0.79,1.2764945547210043e+39,1.876937368723707e+38,1.0888008178486336e+39,0.852961584381068,0.5441254020648058,0.41324039609526697,0.7405923168762135,6.945731128211016e+38,5.274991154063593e+38,3.3054617474150317e+38,0.06106793409885514,0.354251653247081,0.5846804126540639
0.792,1.2745882222721421e+39,1.8654424092992054e+38,1.0880439813422216e+39,0.8536435237120128,0.5443845390105648,0.4134108809280032,0.7407287047424025,6.938661218099155e+38,5.269286397899838e+38,3.301133157215263e+38,0.060730275095380634,0.354217369420746,0.5850523554838734
0.794,1.2726894557855575e+39,1.854017848650056e+38,1.0872876709205519e+39,0.8543228404838416,0.5446426793838598,0.4135807101209604,0.7408645680967683,6.931609952226324e+38,5.263598088872495e+38,3.296820013922651e+38,0.06039448439445597,0.3541830965732524,0.5854224190322916
0.796,1.2707982117811216e+39,1.842663255631843e+38,1.0865318862179374e+39,0.8549995397735721,0.5448998251139574,0.41374988494339304,0.7409999079547145,6.92457723354663e+38,5.257926139107087e+38,3.2925222306252692e+38,0.0600605516317121,0.35414883458625934,0.5857906137820286
0.798,1.2689144470430065e+39,1.8313782017406137e+38,1.0857766268689452e+39,0.8556736266965567,0.5451559781446915,0.41391840667413915,0.7411347253393114,6.917562965596605e+38,5.2522704612583755e+38,3.2882397209381216e+38,0.059728466500827936,0.3541145833432225,0.5861569501559496
0.8,1.2670381186180685e+39,1.820162261096713e+38,1.0850218925083972e+39,0.8563451064059601,0.5454111404342648,0.41408627660149,0.7412690212811921,6.910567052491659e+38,5.24663096850713e+38,3.2839723989999254e+38,0.059398218753193975,0.3540803427293666,0.5865214385174394
0.802,1.2651691838142388e+39,1.809015010428704e+38,1.0842676827713684e+39,0.85701398409224,0.5456653139550512,0.41425349602306005,0.7414027968184481,6.903589398922525e+38,5.241007574556899e+38,3.279720179469895e+38,0.05906979819757796,0.35404611263165864,0.5868840891707634
0.804,1.2633076001989275e+39,1.7979360290574013e+38,1.0835139972931875e+39,0.8576802649826307,0.5459185006933998,0.4144200662456577,0.7415360529965261,6.896629910151754e+38,5.2354001936308236e+38,3.275482977524567e+38,0.05874319469979278,0.3540118929387803,0.587244912361427
0.806,1.2614533255974357e+39,1.7869248988799896e+38,1.0827608357094368e+39,0.8583439543406265,0.546170702649438,0.4145859885851566,0.7416687908681253,6.889688492010218e+38,5.229808740468464e+38,3.2712607088546353e+38,0.05841839818236663,0.35397768354110354,0.5876039182765298
0.808,1.2596063180913772e+39,1.7759812043542506e+38,1.0820081976559522e+39,0.8590050574654697,0.5464219218368784,0.41475126436636744,0.741801011493094,6.882765050893648e+38,5.224233130322635e+38,3.2670532896618023e+38,0.0580953986242152,0.3539434843306636,0.5879611170451212
0.81,1.2577665360171102e+39,1.765104532482876e+38,1.0812560827688226e+39,0.8596635796916396,0.5466721602828231,0.4149158949229099,0.741932715938328,6.875859493759169e+38,5.218673278956277e+38,3.2628606366556554e+38,0.05777418606031584,0.35390929520113423,0.58831651873855
0.812,1.2559339379641777e+39,1.7542944727978836e+38,1.0805044906843894e+39,0.8603195263883442,0.5469214200275707,0.41507988159708603,0.7420639052776689,6.86897172812187e+38,5.213129102639329e+38,3.2586826670505567e+38,0.05745475058138393,0.35387511604780203,0.588670133370814
0.8140000000000001,1.2541084827737604e+39,1.7435506173451302e+38,1.0797534210392474e+39,0.8609729029590127,0.5471697031244248,0.4152432257397532,0.7421945805918025,6.862101662051413e+38,5.2076005181456395e+38,3.2545192985625624e+38,0.057137082333551636,0.35384094676754313,0.5890219708989053
0.8160000000000001,1.2522901295371346e+39,1.7328725606689103e+38,1.0790028734702436e+39,0.8616237148407928,0.5474170116395012,0.4154059287101982,0.7423247429681586,6.85524920416862e+38,5.202087442749878e+38,3.250370449406348e+38,0.056821171518048004,0.35380678725879794,0.589372041223154
0.8180000000000001,1.2504788375941435e+39,1.7222598997966588e+38,1.0782528476144776e+39,0.8622719675040484,0.5476633476515383,0.4155679918760121,0.7424543935008097,6.84841426364213e+38,5.196589794224481e+38,3.2462360382921582e+38,0.05650700839088177,0.35377263742154774,0.5897203541875705
0.8200000000000001,1.2486745665316753e+39,1.711712234223741e+38,1.0775033431093013e+39,0.8629176664518602,0.5479087132517068,0.41572941661296503,0.7425835332903721,6.84159675018503e+38,5.191107490836604e+38,3.2421159844227808e+38,0.056194583262525785,0.3537384971572911,0.5900669195801831
0.8220000000000001,1.2468772761821529e+39,1.7012291658983426e+38,1.0767543595923186e+39,0.8635608172195276,0.5481531105434204,0.4158902043048819,0.7427121634439054,6.834796574051546e+38,5.1856404513451015e+38,3.2380102074905273e+38,0.05588388649760371,0.3537043663690208,0.5904117471333755
0.8240000000000001,1.2450869266220294e+39,1.6908102992064414e+38,1.0760058967013852e+39,0.8642014253740758,0.5483965416421488,0.41605035634351895,0.7428402850748151,6.828013646033728e+38,5.180188594997521e+38,3.233918627674244e+38,0.05557490851457842,0.3536702449612012,0.5907548465242203
0.8260000000000001,1.2433034781702968e+39,1.6804552409568826e+38,1.0752579540746085e+39,0.864839496513762,0.5486390086752295,0.4162098741284405,0.7429678993027524,6.821247877458165e+38,5.174751841527116e+38,3.229841165636332e+38,0.055267639785442656,0.35363613283974576,0.5910962273748115
0.8280000000000001,1.2415268913870019e+39,1.6701636003665381e+38,1.0745105313503482e+39,0.8654750362675855,0.5488805137816825,0.41636875906689635,0.7430950072535171,6.814499180182726e+38,5.169330111149874e+38,3.2257777425197924e+38,0.0549620708354114,0.35360202991199496,0.5914358992525937
0.8300000000000001,1.2397571270717703e+39,1.6599349890455609e+38,1.0737636281672143e+39,0.8661080502948005,0.5491210591120241,0.4165270125737001,0.7432216100589601,6.807767466593308e+38,5.163923324561576e+38,3.221728279945287e+38,0.054658192242616414,0.3535679360866945,0.5917738716706891
0.8320000000000001,1.237994146262341e+39,1.6497690209827246e+38,1.0730172441640685e+39,0.8667385442844311,0.5493606468280838,0.4166846360711078,0.7433477088568863,6.801052649600611e+38,5.1585314029348534e+38,3.2176927000082106e+38,0.05435599463780239,0.3535338512739739,0.5921101540882237
0.834,1.2362379102331095e+39,1.6396653125308594e+38,1.0722713789800236e+39,0.8673665239547882,0.5495992791028196,0.4168416309886971,0.7434733047909576,6.794354642636932e+38,5.153154267916279e+38,3.2136709252757944e+38,0.05405546870402546,0.35349977538532584,0.5924447559106487
0.836,1.2344883804936804e+39,1.6296234823923712e+38,1.0715260322544432e+39,0.8679919950529892,0.5498369581201358,0.4169979987632473,0.7435983990105979,6.78767335965298e+38,5.147791841623469e+38,3.209662878784219e+38,0.05375660517635305,0.3534657083335847,0.5927776864900622
0.838,1.2327455187874268e+39,1.6196431516048538e+38,1.0707812036269415e+39,0.8686149633544811,0.5500736860747028,0.4171537408386203,0.7437229926708961,6.781008715114716e+38,5.142444046642208e+38,3.20566848403574e+38,0.05345939484156615,0.35343165003290694,0.5931089551255269
0.84,1.2310092870900621e+39,1.6097239435267864e+38,1.0700368927373835e+39,0.8692354346625643,0.5503094651717744,0.41730885866564105,0.7438470869325129,6.774360624000193e+38,5.137110806023583e+38,3.2016876649958465e+38,0.05316382853786298,0.35339760039875007,0.5934385710633869
0.842,1.229279647608216e+39,1.599865483823322e+38,1.0692930992258838e+39,0.8698534148079204,0.5505442976270097,0.4174633537019801,0.7439706829615841,6.7677290017964335e+38,5.1317920432811415e+38,3.197720346090419e+38,0.05286989715456498,0.3533635593478538,0.5937665434975812
0.844,1.227556562778024e+39,1.5900674004521572e+38,1.0685498227328083e+39,0.8704689096481426,0.5507781856662941,0.41761722741203566,0.7440937819296286,6.761113764496323e+38,5.126487682388069e+38,3.1937664522029214e+38,0.05257759163182408,0.3533295267982197,0.5940928815699562
0.846,1.2258399952637211e+39,1.5803293236494941e+38,1.0678070628987718e+39,0.8710819250672671,0.5510111315255615,0.41777048126681676,0.7442163850134534,6.754514828595519e+38,5.121197647774372e+38,3.1898259086715924e+38,0.05228690296033229,0.3532955026690926,0.5944175943705751
0.848,1.2241299079562477e+39,1.5706508859160847e+38,1.0670648193646393e+39,0.8716924669753088,0.5512431374506174,0.4179231167438272,0.7443384933950618,6.747932111089374e+38,5.115921864324094e+38,3.1858986412866753e+38,0.051997822181032737,0.353261486880941,0.5947406909380262
0.85,1.2224262639718623e+39,1.5610317220033648e+38,1.0663230917715257e+39,0.8723005413077989,0.5514742056969636,0.41807513532694973,0.7444601082615598,6.7413655294698946e+38,5.110660257372539e+38,3.1819845762876456e+38,0.051710340384832854,0.35322747935543936,0.5950621802597278
0.852,1.2207290266507616e+39,1.5514714688996663e+38,1.065581879760795e+39,0.8729061540253252,0.5517043385296236,0.41822653850633135,0.744581230805065,6.734815001722698e+38,5.105412752703512e+38,3.1780836403604655e+38,0.05142444871231888,0.3531934800154489,0.5953820712722322
0.854,1.219038159555713e+39,1.5419697658165202e+38,1.064841182974061e+39,0.8735093111130745,0.5519335382229683,0.41837732777826864,0.7447018622226149,6.728280446324e+38,5.1001792765465784e+38,3.1741957606348552e+38,0.051140138353472545,0.35315948878500003,0.5957003728615274
0.856,1.21735362647069e+39,1.5325262541750411e+38,1.0641010010531859e+39,0.8741100185803784,0.5521618070605437,0.4185275046450946,0.7448220037160758,6.721761782237624e+38,5.094959755574345e+38,3.170320864681576e+38,0.050857400547389305,0.35312550558927425,0.5960170938633365
0.858,1.2156753913995206e+39,1.523140577592394e+38,1.0633613336402812e+39,0.8747082824602618,0.5523891473348995,0.4186770706150655,0.7449416564920524,6.7152589289120146e+38,5.0897541168997444e+38,3.1664588805097305e+38,0.05057622658199831,0.3530915303545868,0.5963322430634148
0.86,1.214003418564542e+39,1.5138123818683452e+38,1.0626221803777076e+39,0.8753041088089931,0.5526155613474173,0.41882602720224826,0.7450608217617987,6.7087718062772794e+38,5.084562288073353e+38,3.1626097365640926e+38,0.05029660779378417,0.3530575630083696,0.5966458291978463
0.862,1.2123376724052629e+39,1.5045413149718946e+38,1.0618835409080733e+39,0.875897503705638,0.5528410514081424,0.4189743759264095,0.7451795007411276,6.702300334742257e+38,5.079384197080709e+38,3.1587733617224283e+38,0.05001853556751027,0.3530236034791534,0.5969578609533364
0.864,1.2106781175770356e+39,1.4953270270279935e+38,1.0611454148742362e+39,0.8764884732516158,0.553065619835614,0.41912211831290397,0.7452976946503233,6.695844435191575e+38,5.074219772339662e+38,3.154949685292859e+38,0.04974200133594417,0.35298965169655255,0.5972683469675033
0.866,1.2090247189497355e+39,1.486169170304338e+38,1.0604078019193017e+39,0.877077023570258,0.553289268956698,0.41926925589256453,0.7454154047140517,6.689404028982765e+38,5.069068942697726e+38,3.151138637011223e+38,0.04946699657958413,0.3529557075912471,0.5975772958291687
0.868,1.2073774416064482e+39,1.4770673991982455e+38,1.0596707016866236e+39,0.8776631608063699,0.5535120011064205,0.4194157902015925,0.745532632161274,6.682979037943355e+38,5.063931637429456e+38,3.147340147038462e+38,0.04919351282638769,0.35292177109496714,0.5978847160786451
0.87,1.2057362508421648e+39,1.468021370223617e+38,1.0589341138198031e+39,0.8782468911257951,0.5537338186278021,0.4195617227814488,0.745649378225159,6.6765693843680136e+38,5.058807786233838e+38,3.1435541459580226e+38,0.04892154165150194,0.35288784214047664,0.5981906162080214
0.872,1.2041011121624865e+39,1.4590307419979686e+38,1.0581980379626896e+39,0.8788282207149825,0.5539547238716933,0.4197070551787456,0.7457656441429965,6.670174991015691e+38,5.0536973192316975e+38,3.1397805647732704e+38,0.048651074676995205,0.35285392066155863,0.5984950046614461
0.874,1.2024719912823352e+39,1.4500951752295521e+38,1.05746247375938e+39,0.8794071557805561,0.5541747191966113,0.419851788945139,0.7458814311561113,6.663795781106782e+38,5.0486001669631206e+38,3.1360193349049206e+38,0.04838210357159038,0.35282000659299784,0.5987978898354118
0.876,1.2008488541246734e+39,1.4412143327045484e+38,1.0567274208542186e+39,0.8799837025488871,0.5543938069685771,0.4199959256372218,0.7459967405097774,6.657431678320312e+38,5.043516260384894e+38,3.1322703881884878e+38,0.04811462005040014,0.3527860998705675,0.5990992800790323
0.878,1.1992316668192313e+39,1.4323878792743449e+38,1.0559928788917968e+39,0.88055786726567,0.5546119895609546,0.4201394668164175,0.746111573453134,6.651082606791137e+38,5.0384455308679546e+38,3.1285336568717522e+38,0.04784861587466357,0.3527522004310128,0.5993991836943235
0.88,1.1976203957012415e+39,1.4236154818428831e+38,1.0552588475169532e+39,0.8811296561954997,0.5548292693542898,0.4202824140488749,0.7462259312391,6.644748491107152e+38,5.033387910194866e+38,3.1248090736122324e+38,0.04758408285148428,0.3527183082120367,0.5996976089364789
0.882,1.1960150073101823e+39,1.4148968093540918e+38,1.0545253263747731e+39,0.881699075621453,0.5550456487361521,0.4204247689053633,0.7463398151242906,6.638429256306539e+38,5.028343330557298e+38,3.1210965714746804e+38,0.047321012833570465,0.3526844231522856,0.599994564014144
0.884,1.1944154683885276e+39,1.4062315327793905e+38,1.0537923151105886e+39,0.8822661318446722,0.5552611301009753,0.420566532961168,0.7464532263689345,6.632124827874996e+38,5.0233117245535265e+38,3.1173960839285967e+38,0.04705939771897609,0.35265054519133426,0.6002900570896896
0.886,1.1928217458805059e+39,1.3976193251052765e+38,1.0530598133699783e+39,0.8828308311839508,0.5554757158499013,0.4207077077959877,0.7465661662367902,6.62583513174303e+38,5.018293025185958e+38,3.1137075448457487e+38,0.04679922945084407,0.35261667426967225,0.6005840962794837
0.888,1.1912338069308651e+39,1.3890598613209794e+38,1.0523278207987672e+39,0.8833931799753233,0.5556894083906229,0.4208482949938308,0.7466786359950647,6.619560094283219e+38,5.013287165858648e+38,3.110030888497716e+38,0.04654050001715065,0.35258281032869,0.6008766896541594
0.89,1.1896516188836464e+39,1.3805528184061982e+38,1.0515963370430266e+39,0.8839531845716572,0.5559022101372297,0.4209882961429143,0.7467906369143315,6.613299642307523e+38,5.008294080374859e+38,3.10636604955344e+38,0.04628320145045156,0.3525489533106648,0.6011678452388837
0.892,1.1880751492809648e+39,1.3720978753189115e+38,1.0508653617490736e+39,0.8845108513422473,0.556114123510054,0.42112771283556183,0.7469021702684495,6.607053703064602e+38,5.003313702934614e+38,3.1027129630768003e+38,0.0460273258276296,0.3525151031587476,0.6014575710136227
0.894,1.1865043658617973e+39,1.3636947129832602e+38,1.0501348945634712e+39,0.8850661866724137,0.5563251509355172,0.4212665466681034,0.7470132373344827,6.6008222042371445e+38,4.9983459681322726e+38,3.0990715645241912e+38,0.045772865269643706,0.35248125981694933,0.6017458749134069
0.896,1.1849392365607788e+39,1.3553430142775072e+38,1.0494049351330282e+39,0.8856191969631021,0.5565352948459787,0.4214047992407755,0.7471238393926204,6.59460507393922e+38,4.993390810954128e+38,3.095441789742131e+38,0.045519811941279666,0.3524474232301282,0.6020327648285921
0.898,1.1833797295070058e+39,1.3470424640220681e+38,1.048675483104799e+39,0.8861698886304868,0.556744557679585,0.4215424721576217,0.7472339777260973,6.588402240713648e+38,4.988448166776009e+38,3.0918235749648712e+38,0.045268158050902105,0.3524135933439768,0.6023182486051211
0.9,1.1818258130228447e+39,1.338792748967621e+38,1.0479465381260826e+39,0.8867182681055772,0.5569529418801193,0.4216795670263943,0.7473436536211154,6.582213633529372e+38,4.983517971360896e+38,3.088216856812021e+38,0.045017895850208295,0.3523797701050089,0.6026023340447828
0.902,1.1802774556227524e+39,1.3305935577832801e+38,1.0472180998444243e+39,0.8872643418338262,0.5571604498968539,0.42181608545845656,0.7474528683667653,6.576039181778867e+38,4.978600160856566e+38,3.084621572286202e+38,0.04476901763398305,0.3523459534605479,0.602885028905469
0.904,1.1787346260120986e+39,1.3224445810448483e+38,1.0464901679076138e+39,0.887808116274742,0.557367084184402,0.4219520290686855,0.7475616232549483,6.5698788152755495e+38,4.973694671793232e+38,3.081037658770696e+38,0.04452151573985527,0.35231214335871325,0.6031663409014314
0.906,1.1771972930859995e+39,1.3143455112231424e+38,1.0457627419636853e+39,0.8883495979015028,0.557572847202571,0.4220873994753757,0.7476699195803006,6.563732464251203e+38,4.968801441081212e+38,3.077465054027122e+38,0.04427538254805618,0.3522783397484096,0.6034462777035342
0.908,1.1756654259281566e+39,1.3062960426723836e+38,1.0450358216609182e+39,0.8888887932005742,0.5577777414162182,0.42222219830014357,0.7477777586401149,6.5576000593534335e+38,4.963920406008609e+38,3.0739036961931223e+38,0.04403061048117846,0.35224454257931387,0.6037248469395076
0.91,1.1741389938097028e+39,1.2982958716186651e+38,1.0443094066478363e+39,0.8894257086713292,0.5579817692951051,0.42235642716783234,0.7478851417342659,6.551481531643124e+38,4.959051504238997e+38,3.0703535237800628e+38,0.043787192003937304,0.3522107518018641,0.6040020561941986
0.912,1.1726179661880563e+39,1.2903446961484877e+38,1.0435834965732075e+39,0.8899603508256712,0.558184933313755,0.42249008770641777,0.7479920701651342,6.5453768125919116e+38,4.954194673809131e+38,3.0668144756707467e+38,0.0435451196229327,0.35217696736724763,0.6042779130098197
0.914,1.1711023127057808e+39,1.2824422161973675e+38,1.042858091086044e+39,0.8904927261876598,0.5583872359513107,0.42262318154691497,0.7480985452375319,6.5392858340796846e+38,4.949349853126672e+38,3.0632864911171464e+38,0.04330438588641316,0.35214318922738963,0.6045524248861972
0.916,1.1695920031894526e+39,1.274588133538509e+38,1.0421331898356018e+39,0.8910228412931404,0.5585886796913934,0.4227557103232851,0.7482045682586281,6.533208528392083e+38,4.94451698096791e+38,3.0597695097381416e+38,0.043064983384040745,0.35210941733494205,0.6048255992810172
0.918,1.168087007648536e+39,1.2667821517715527e+38,1.0414087924713808e+39,0.8915507026893743,0.5587892670219622,0.4228876756723436,0.7483101405378749,6.527144828218026e+38,4.939695996475524e+38,3.056263471517279e+38,0.04282690474665773,0.35207565164327276,0.6050974436100696
0.92,1.1665872962742636e+39,1.2590239763113883e+38,1.0406848986431248e+39,0.8920763169346744,0.5589890004351763,0.4230190792336686,0.7484152633869349,6.521094666647255e+38,4.93488683915634e+38,3.0527683168005427e+38,0.04259014264605427,0.35204189210645376,0.6053679652474919
0.922,1.1650928394385248e+39,1.2513133143770402e+38,1.0399615080008208e+39,0.8925996905980415,0.5591878824272557,0.42314992264951035,0.7485199381196084,6.515057977167873e+38,4.9300894488791014e+38,3.049283986294138e+38,0.042354689794738005,0.3520081386792516,0.6056371715260104
0.924,1.1636036076927603e+39,1.2436498749806135e+38,1.039238620194699e+39,0.8931208302588051,0.5593859154983459,0.4232802075647013,0.748624166051761,6.509034693663929e+38,4.925303765872268e+38,3.0458104210622837e+38,0.042120538945704396,0.3519743913171163,0.6059050697371793
0.926,1.1621195717668646e+39,1.2360333689163167e+38,1.0385162348752329e+39,0.893639742506266,0.559583102152381,0.4234099356265665,0.7487279485012532,6.503024750412987e+38,4.920529730721812e+38,3.0423475625250334e+38,0.041887682892208844,0.35194064997617064,0.6061716671316206
0.928,1.1606407025680938e+39,1.228463508749547e+38,1.037794351693139e+39,0.8941564339393419,0.55977944489695,0.4235391084848355,0.7488312867878684,6.4970280820837355e+38,4.915767284369036e+38,3.0388953524560885e+38,0.041656114467540105,0.3519069146132006,0.6064369709192592
0.93,1.1591669711799807e+39,1.2209400088060414e+38,1.0370729702993766e+39,0.8946709111662163,0.5599749462431622,0.4236677277915541,0.7489341822332433,6.491044623733589e+38,4.9110163681084034e+38,3.035453732980645e+38,0.04142582654479478,0.35187318518564464,0.6067009882695606
0.932,1.157698348861257e+39,1.213462585161096e+38,1.0363520903451473e+39,0.8951831808039901,0.5601696087055162,0.4237957952009975,0.7490366361607981,6.485074310806325e+38,4.906276923585382e+38,3.032022646573238e+38,0.04119681203665347,0.35183946165158403,0.6069637263117624
0.934,1.1562348070447808e+39,1.2060309556288526e+38,1.0356317114818955e+39,0.8956932494783352,0.5603634348017674,0.4239233123695838,0.7491386498956671,6.479117079129721e+38,4.9015488927943e+38,3.0286020360556096e+38,0.04096906389515808,0.3518057439697333,0.6072251921351086
0.936,1.1547763173364726e+39,1.1986448397516493e+38,1.0349118333613077e+39,0.8962011238231521,0.5605564270527978,0.42405028095578806,0.7492402247646304,6.4731728649132094e+38,4.8968322180762146e+38,3.0251918445945835e+38,0.04074257511149043,0.35177203209943014,0.6074853927890793
0.9380000000000001,1.153322851514256e+39,1.1913039587894347e+38,1.0341924556353126e+39,0.8967068104802302,0.5607485879824874,0.4241767026200575,0.7493413620960461,6.46724160474555e+38,4.8921268421167935e+38,3.0217920156999598e+38,0.0405173387157522,0.3517383260006263,0.6077443352836214
0.9400000000000001,1.1518743815270059e+39,1.18400803570925e+38,1.0334735779560808e+39,0.8972103160989094,0.5609399201175855,0.42430257902472734,0.7494420632197819,6.461323235592519e+38,4.887432707944214e+38,3.018402493222411e+38,0.04029334777674614,0.35170462563387817,0.6080020265893757
0.9420000000000001,1.1504308794935025e+39,1.1767567951747739e+38,1.032755199976025e+39,0.8977116473357476,0.561130425987584,0.4244279118339369,0.7495423294671496,6.4554176947945994e+38,4.8827497589270676e+38,3.015023221351404e+38,0.04007059540175861,0.35167093096033764,0.6082584736379038
0.9440000000000001,1.1489923177013924e+39,1.1695499635359332e+38,1.032037321347799e+39,0.8982108108541867,0.561320108124591,0.4245527027135467,0.7496421621708375,6.4495249200646995e+38,4.878077938772283e+38,3.0116541446131247e+38,0.039849074736343394,0.35163724194174234,0.6085136833219142
0.9460000000000001,1.1475586686061555e+39,1.1623872688185733e+38,1.0313199417242982e+39,0.898707813324226,0.5615089690632059,0.42467695333105654,0.7497415626648453,6.443644849485875e+38,4.873417191523057e+38,3.008295207868421e+38,0.03962877896410668,0.35160355854040776,0.6087676624954856
0.9480000000000001,1.146129904830079e+39,1.1552684407141955e+38,1.0306030607586595e+39,0.899202661422095,0.5616970113403961,0.42480066535552374,0.749840532284419,6.437777421509079e+38,4.8687674615568064e+38,3.004946356310759e+38,0.039409701306493454,0.35156988071921824,0.6090204179742883
0.9500000000000001,1.1447059991612364e+39,1.1481932105697572e+38,1.0298866781042608e+39,0.8996953618299305,0.5618842374953735,0.4249238404574826,0.749939072365986,6.43192257495091e+38,4.864128693583124e+38,3.0016075354641848e+38,0.03919183502257503,0.35153620844161754,0.6092719565358073
0.9520000000000001,1.1432869245524736e+39,1.1411613113775309e+38,1.0291707934147205e+39,0.9001859212354567,0.5620706500694735,0.42504648030886416,0.7500371842470913,6.42608024899138e+38,4.859500832641748e+38,2.998278691181308e+38,0.03897517340883784,0.35150254167160117,0.609522284919561
0.9540000000000001,1.1418726541204017e+39,1.1341724777650298e+38,1.0284554063438987e+39,0.9006743463316672,0.5622562516060335,0.42516858658291684,0.7501348692663334,6.4202503831716986e+38,4.8548838241005504e+38,2.9949597696412892e+38,0.038759709798973516,0.35146888037370777,0.6097714098273188
0.9560000000000001,1.1404631611443944e+39,1.1272264459849915e+38,1.0277405165458953e+39,0.9011606438165105,0.5624410446502739,0.42529016095412764,0.750232128763302,6.4144329173920685e+38,4.850277613653527e+38,2.9916507173478457e+38,0.03854543756367009,0.3514352245130106,0.6100193379233192
0.9580000000000001,1.1390584190655937e+39,1.1203229539054273e+38,1.027026123675051e+39,0.9016448203925779,0.5626250317491797,0.4254112050981445,0.7503289640785156,6.408627791909501e+38,4.845682147318815e+38,2.988351481127268e+38,0.038332350110404576,0.3514015740551097,0.6102660758344858
0.96,1.1376584014859193e+39,1.1134617409997265e+38,1.0263122273859466e+39,0.9021268827667943,0.5628082154513818,0.4255317206916986,0.7504253765533588,6.402834947335619e+38,4.841097371436705e+38,2.985062008126445e+38,0.03812044088323655,0.3513679289661235,0.6105116301506399
0.962,1.1362630821670855e+39,1.1066425483368242e+38,1.0255988273334031e+39,0.9026068376501126,0.5629905983070428,0.42565170941252817,0.7505213675300225,6.39705432463452e+38,4.836523232667679e+38,2.981782245810907e+38,0.03790970336260308,0.35133428921268167,0.6107560074247151
0.964,1.1348724350296251e+39,1.0998651185714353e+38,1.0248859231724815e+39,0.9030846917572084,0.5631721828677392,0.4257711729393021,0.7506169383514417,6.391285865120605e+38,4.831959677990454e+38,2.9785121419628766e+38,0.03770013106511488,0.35130065476191646,0.6109992141729688
0.966,1.1334864341519159e+39,1.0931291959343364e+38,1.0241735145584823e+39,0.9035604518061812,0.5633529716863488,0.4258901129515453,0.7507120903612362,6.385529510456448e+38,4.827406654700038e+38,2.9752516446793308e+38,0.037491717543353495,0.3512670255814556,0.6112412568751909
0.968,1.1321050537692178e+39,1.0864345262227155e+38,1.0234616011469463e+39,0.9040341245182546,0.5635329673169368,0.42600853112956366,0.7508068249036509,6.3797852026506754e+38,4.8228641104058015e+38,2.972000702370082e+38,0.037284456385669726,0.35123340163941463,0.6114821419749157
0.97,1.1307282682727108e+39,1.0797808567905813e+38,1.0227501825936526e+39,0.9045057166174819,0.5637121723146431,0.4261264291543705,0.7509011433234964,6.374052884055843e+38,4.818331993029553e+38,2.9687592637558593e+38,0.037078341215983406,0.3511997829043895,0.611721875879627
0.972,1.129356052208543e+39,1.0731679365392244e+38,1.0220392585546205e+39,0.9049752348304538,0.5638905892355724,0.42624380870761347,0.7509950469660908,6.3683324973663524e+38,4.813810250803638e+38,2.965527277866412e+38,0.036873365693583966,0.3511661693454491,0.6119604649609669
0.974,1.1279883802768827e+39,1.066595515907745e+38,1.0213288286861082e+39,0.9054426858860077,0.5640682206366828,0.4263606714715019,0.7510885371772016,6.3626239856163515e+38,4.809298832269036e+38,2.9623046940386186e+38,0.03666952351293257,0.3511325609321284,0.612197915554939
0.976,1.126625227330976e+39,1.0600633468636323e+38,1.0206188926446127e+39,0.9059080765149411,0.5642450690756776,0.4264770191287353,0.7511816153029882,6.356927292177675e+38,4.804797686273484e+38,2.9590914619146115e+38,0.036466808403464994,0.351098957634421,0.612434233962114
0.978,1.1252665683762104e+39,1.0535711828934065e+38,1.0199094500868697e+39,0.906371413449727,0.5644211371108963,0.42659285336243175,0.7512742826899453,6.351242360757768e+38,4.800306761969595e+38,2.955887531439909e+38,0.03626521412939607,0.3510653594227724,0.6126694264478315
0.98,1.1239123785691851e+39,1.0471187789933132e+38,1.0192005006698538e+39,0.9068327034242327,0.5645964273012084,0.4267081758560582,0.7513665406848465,6.3455691353976516e+38,4.795826008813005e+38,2.9526928528615602e+38,0.036064734489524825,0.35103176626807275,0.6129034992424024
0.982,1.1225626332167858e+39,1.0407058916600789e+38,1.018492044050778e+39,0.9072919531734404,0.5647709422059073,0.4268229882933601,0.7514583906346881,6.339907560469885e+38,4.7913553765605165e+38,2.9495073767263065e+38,0.03586536331704115,0.3509981781416512,0.6131364585413077
0.984,1.1212173077752653e+39,1.0343322788817224e+38,1.017784079887093e+39,0.9077491694331709,0.5649446843846049,0.4269372923582927,0.7515498338866342,6.334257580676536e+38,4.786894815268263e+38,2.9463310538787408e+38,0.03566709447933327,0.35096459501526733,0.6133683105053994
0.986,1.1198763778493303e+39,1.0279977001284195e+38,1.0170766078364883e+39,0.9082043589398108,0.5651176563971281,0.4270510897349527,0.7516408717879621,6.328619141047182e+38,4.782444275289881e+38,2.9431638354594958e+38,0.03546992187779647,0.35093101686110617,0.6135990612610973
0.988,1.1185398191912338e+39,1.0217019163434271e+38,1.016369627556891e+39,0.9086575284300407,0.5652898608034154,0.4271643821075102,0.7517315056860082,6.322992186936899e+38,4.778003707274696e+38,2.9400056729034324e+38,0.035273839447642966,0.35089744365177133,0.6138287169005857
0.99,1.1172076076998726e+39,1.0154446899340611e+38,1.0156631387064664e+39,0.9091086846405676,0.5654613001634157,0.4272771711601419,0.7518217369281135,6.317376664024292e+38,4.773573062165911e+38,2.9368565179378347e+38,0.03507884115771274,0.3508638753602784,0.6140572834820088
0.992,1.1158797194198901e+39,1.0092257847627316e+38,1.014957140943617e+39,0.9095578343078593,0.5656319770369864,0.4273894585769648,0.7519115668615719,6.311772518309501e+38,4.7691522911988226e+38,2.9337163225806323e+38,0.03488492101028564,0.3508303119600489,0.6142847670296655
0.994,1.1145561305407852e+39,1.0030449661380289e+38,1.0142516339269824e+39,0.9100049841678814,0.565801893983795,0.4275012460419704,0.7520009968335762,6.306179696112261e+38,4.764741345899027e+38,2.9305850391386157e+38,0.03469207304089434,0.35079675342490374,0.6145111735342019
0.996,1.113236817396027e+39,9.96902000805868e+37,1.0135466173154403e+39,0.9104501409558371,0.5659710535632181,0.42761253523895926,0.7520900281911674,6.300598144069932e+38,4.760340178080654e+38,2.9274626202056768e+38,0.03450029131813855,0.3507631997290576,0.6147365089528039
0.998,1.1119217564621738e+39,9.907966569406855e+37,1.0128420907681052e+39,0.9108933114059099,0.5661394583342457,0.4277233278514775,0.752178662281182,6.295027809135582e+38,4.7559487398446105e+38,2.9243490186610494e+38,0.03430956994350027,0.3507296508471131,0.6149607792093865
1.0,1.1106109243579975e+39,9.847287041366934e+37,1.0121380539443282e+39,0.9113345022510086,0.5663071108553833,0.4278336255627522,0.7522669004502017,6.289468638576042e+38,4.751566983576816e+38,2.921244187667567e+38,0.03411990305116007,0.3506961067540539,0.615183990194786
